0,0,9.999
0.001,0,9.999
0.002,0,9.999
0.003,0,9.999
0.004,0,9.999
0.005,0,9.999
0.006,0,9.999
0.007,0,9.999
0.008,0,9.999
0.009,0,9.999
0.01,0,9.999
0.011,0,9.999
0.012,0,9.999
0.013,0,9.999
0.014,0,9.999
0.015,0,9.999
0.016,0,9.999
0.017,0,9.999
0.018,0,9.999
0.019,0,9.999
0.02,0,9.999
0.021,0,9.999
0.022,0,9.999
0.023,0,9.999
0.024,0,9.999
0.025,0,9.999
0.026,0,9.999
0.027,0,9.999
0.028,0,9.999
0.029,0,9.999
0.03,0,9.999
0.031,0,9.999
0.032,0,9.999
0.033,0,9.999
0.034,0,9.999
0.035,0,9.999
0.036,0,9.999
0.037,0,9.999
0.038,0,9.999
0.039,0,9.999
0.04,0,9.999
0.041,0,9.999
0.042,0,9.999
0.043,0,9.999
0.044,0,9.999
0.045,0,9.999
0.046,0,9.999
0.047,0,9.999
0.048,0,9.999
0.049,0,9.999
0.05,0,9.999
0.051,0,9.999
0.052,0,9.999
0.053,0,9.999
0.054,0,9.999
0.055,0,9.999
0.056,0,9.999
0.057,0,9.999
0.058,0,9.999
0.059,0,9.999
0.06,0,9.999
0.061,0,9.999
0.062,0,9.999
0.063,0,9.999
0.064,0,9.999
0.065,0,9.999
0.066,0,9.999
0.067,0,9.999
0.068,0,9.999
0.069,0,9.999
0.07,0,9.999
0.071,0,9.999
0.072,0,9.999
0.073,0,9.999
0.074,0,9.999
0.075,0,9.999
0.076,0,9.999
0.077,0,9.999
0.078,0,9.999
0.079,0,9.999
0.08,0,9.999
0.081,0,9.999
0.082,0,9.999
0.083,0,9.999
0.084,0,9.999
0.085,0,9.999
0.086,0,9.999
0.087,0,9.999
0.088,0,9.999
0.089,0,9.999
0.09,0,9.999
0.091,0,9.999
0.092,0,9.999
0.093,0,9.999
0.094,0,9.999
0.095,0,9.999
0.096,0,9.999
0.097,0,9.999
0.098,0,9.999
0.099,0,9.999
0.1,0,9.999
0.101,0,9.999
0.102,0,9.999
0.103,0,9.999
0.104,0,9.999
0.105,0,9.999
0.106,0,9.999
0.107,0,9.999
0.108,0,9.999
0.109,0,9.999
0.11,0,9.999
0.111,0,9.999
0.112,0,9.999
0.113,0,9.999
0.114,0,9.999
0.115,0,9.999
0.116,0,9.999
0.117,0,9.999
0.118,0,9.999
0.119,0,9.999
0.12,0,9.999
0.121,0,9.999
0.122,0,9.999
0.123,0,9.999
0.124,0,9.999
0.125,0,9.999
0.126,0,9.999
0.127,0,9.999
0.128,0,9.999
0.129,0,9.999
0.13,0,9.999
0.131,0,9.999
0.132,0,9.999
0.133,0,9.999
0.134,0,9.999
0.135,0,9.999
0.136,0,9.999
0.137,0,9.999
0.138,0,9.999
0.139,0,9.999
0.14,0,9.999
0.141,0,9.999
0.142,0,9.999
0.143,0,9.999
0.144,0,9.999
0.145,0,9.999
0.146,0,9.999
0.147,0,9.999
0.148,0,9.999
0.149,0,9.999
0.15,0,9.999
0.151,0,9.999
0.152,0,9.999
0.153,0,9.999
0.154,0,9.999
0.155,0,9.999
0.156,0,9.999
0.157,0,9.999
0.158,0,9.999
0.159,0,9.999
0.16,0,9.999
0.161,0,9.999
0.162,0,9.999
0.163,0,9.999
0.164,0,9.999
0.165,0,9.999
0.166,0,9.999
0.167,0,9.999
0.168,0,9.999
0.169,0,9.999
0.17,0,9.999
0.171,0,9.999
0.172,0,9.999
0.173,0,9.999
0.174,0,9.999
0.175,0,9.999
0.176,0,9.999
0.177,0,9.999
0.178,0,9.999
0.179,0,9.999
0.18,0,9.999
0.181,0,9.999
0.182,0,9.999
0.183,0,9.999
0.184,0,9.999
0.185,0,9.999
0.186,0,9.999
0.187,0,9.999
0.188,0,9.999
0.189,0,9.999
0.19,0,9.999
0.191,0,9.999
0.192,0,9.999
0.193,0,9.999
0.194,0,9.999
0.195,0,9.999
0.196,0,9.999
0.197,0,9.999
0.198,0,9.999
0.199,0,9.999
0.2,0,9.999
0.201,0,9.999
0.202,0,9.999
0.203,0,9.999
0.204,0,9.999
0.205,0,9.999
0.206,0,9.999
0.207,0,9.999
0.208,0,9.999
0.209,0,9.999
0.21,0,9.999
0.211,0,9.999
0.212,0,9.999
0.213,0,9.999
0.214,0,9.999
0.215,0,9.999
0.216,0,9.999
0.217,0,9.999
0.218,0,9.999
0.219,0,9.999
0.22,0,9.999
0.221,0,9.999
0.222,0,9.999
0.223,0,9.999
0.224,0,9.999
0.225,0,9.999
0.226,0,9.999
0.227,0,9.999
0.228,0,9.999
0.229,0,9.999
0.23,0,9.999
0.231,0,9.999
0.232,0,9.999
0.233,0,9.999
0.234,0,9.999
0.235,0,9.999
0.236,0,9.999
0.237,0,9.999
0.238,0,9.999
0.239,0,9.999
0.24,0,9.999
0.241,0,9.999
0.242,0,9.999
0.243,0,9.999
0.244,0,9.999
0.245,0,9.999
0.246,0,9.999
0.247,0,9.999
0.248,0,9.999
0.249,0,9.999
0.25,0,9.999
0.251,0,9.999
0.252,0,9.999
0.253,0,9.999
0.254,0,9.999
0.255,0,9.999
0.256,0,9.999
0.257,0,9.999
0.258,0,9.999
0.259,0,9.999
0.26,0,9.999
0.261,0,9.999
0.262,0,9.999
0.263,0,9.999
0.264,0,9.999
0.265,0,9.999
0.266,0,9.999
0.267,0,9.999
0.268,0,9.999
0.269,0,9.999
0.27,0,9.999
0.271,0,9.999
0.272,0,9.999
0.273,0,9.999
0.274,0,9.999
0.275,0,9.999
0.276,0,9.999
0.277,0,9.999
0.278,0,9.999
0.279,0,9.999
0.28,0,9.999
0.281,0,9.999
0.282,0,9.999
0.283,0,9.999
0.284,0,9.999
0.285,0,9.999
0.286,0,9.999
0.287,0,9.999
0.288,0,9.999
0.289,0,9.999
0.29,0,9.999
0.291,0,9.999
0.292,0,9.999
0.293,0,9.999
0.294,0,9.999
0.295,0,9.999
0.296,0,9.999
0.297,0,9.999
0.298,0,9.999
0.299,0,9.999
0.3,0,9.999
0.301,0,9.999
0.302,0,9.999
0.303,0,9.999
0.304,0,9.999
0.305,0,9.999
0.306,0,9.999
0.307,0,9.999
0.308,0,9.999
0.309,0,9.999
0.31,0,9.999
0.311,0,9.999
0.312,0,9.999
0.313,0,9.999
0.314,0,9.999
0.315,0,9.999
0.316,0,9.999
0.317,0,9.999
0.318,0,9.999
0.319,0,9.999
0.32,0,9.999
0.321,0,9.999
0.322,0,9.999
0.323,0,9.999
0.324,0,9.999
0.325,0,9.999
0.326,0,9.999
0.327,0,9.999
0.328,0,9.999
0.329,0,9.999
0.33,0,9.999
0.331,0,9.999
0.332,0,9.999
0.333,0,9.999
0.334,0,9.999
0.335,0,9.999
0.336,0,9.999
0.337,0,9.999
0.338,0,9.999
0.339,0,9.999
0.34,0,9.999
0.341,0,9.999
0.342,0,9.999
0.343,0,9.999
0.344,0,9.999
0.345,0,9.999
0.346,0,9.999
0.347,0,9.999
0.348,0,9.999
0.349,0,9.999
0.35,0,9.999
0.351,0,9.999
0.352,0,9.999
0.353,0,9.999
0.354,0,9.999
0.355,0,9.999
0.356,0,9.999
0.357,0,9.999
0.358,0,9.999
0.359,0,9.999
0.36,0,9.999
0.361,0,9.999
0.362,0,9.999
0.363,0,9.999
0.364,0,9.999
0.365,0,9.999
0.366,0,9.999
0.367,0,9.999
0.368,0,9.999
0.369,0,9.999
0.37,0,9.999
0.371,0,9.999
0.372,0,9.999
0.373,0,9.999
0.374,0,9.999
0.375,0,9.999
0.376,0,9.999
0.377,0,9.999
0.378,0,9.999
0.379,0,9.999
0.38,0,9.999
0.381,0,9.999
0.382,0,9.999
0.383,0,9.999
0.384,0,9.999
0.385,0,9.999
0.386,0,9.999
0.387,0,9.999
0.388,0,9.999
0.389,0,9.999
0.39,0,9.999
0.391,0,9.999
0.392,0,9.999
0.393,0,9.999
0.394,0,9.999
0.395,0,9.999
0.396,0,9.999
0.397,0,9.999
0.398,0,9.999
0.399,0,9.999
0.4,0,9.999
0.401,0,9.999
0.402,0,9.999
0.403,0,9.999
0.404,0,9.999
0.405,0,9.999
0.406,0,9.999
0.407,0,9.999
0.408,0,9.999
0.409,0,9.999
0.41,0,9.999
0.411,0,9.999
0.412,0,9.999
0.413,0,9.999
0.414,0,9.999
0.415,0,9.999
0.416,0,9.999
0.417,0,9.999
0.418,0,9.999
0.419,0,9.999
0.42,0,9.999
0.421,0,9.999
0.422,0,9.999
0.423,0,9.999
0.424,0,9.999
0.425,0,9.999
0.426,0,9.999
0.427,0,9.999
0.428,0,9.999
0.429,0,9.999
0.43,0,9.999
0.431,0,9.999
0.432,0,9.999
0.433,0,9.999
0.434,0,9.999
0.435,0,9.999
0.436,0,9.999
0.437,0,9.999
0.438,0,9.999
0.439,0,9.999
0.44,0,9.999
0.441,0,9.999
0.442,0,9.999
0.443,0,9.999
0.444,0,9.999
0.445,0,9.999
0.446,0,9.999
0.447,0,9.999
0.448,0,9.999
0.449,0,9.999
0.45,0,9.999
0.451,0,9.999
0.452,0,9.999
0.453,0,9.999
0.454,0,9.999
0.455,0,9.999
0.456,0,9.999
0.457,0,9.999
0.458,0,9.999
0.459,0,9.999
0.46,0,9.999
0.461,0,9.999
0.462,0,9.999
0.463,0,9.999
0.464,0,9.999
0.465,0,9.999
0.466,0,9.999
0.467,0,9.999
0.468,0,9.999
0.469,0,9.999
0.47,0,9.999
0.471,0,9.999
0.472,0,9.999
0.473,0,9.999
0.474,0,9.999
0.475,0,9.999
0.476,0,9.999
0.477,0,9.999
0.478,0,9.999
0.479,0,9.999
0.48,0,9.999
0.481,0,9.999
0.482,0,9.999
0.483,0,9.999
0.484,0,9.999
0.485,0,9.999
0.486,0,9.999
0.487,0,9.999
0.488,0,9.999
0.489,0,9.999
0.49,0,9.999
0.491,0,9.999
0.492,0,9.999
0.493,0,9.999
0.494,0,9.999
0.495,0,9.999
0.496,0,9.999
0.497,0,9.999
0.498,0,9.999
0.499,0,9.999
0.5,0,9.999
0.501,0,9.999
0.502,0,9.999
0.503,0,9.999
0.504,0,9.999
0.505,0,9.999
0.506,0,9.999
0.507,0,9.999
0.508,0,9.999
0.509,0,9.999
0.51,0,9.999
0.511,0,9.999
0.512,0,9.999
0.513,0,9.999
0.514,0,9.999
0.515,0,9.999
0.516,0,9.999
0.517,0,9.999
0.518,0,9.999
0.519,0,9.999
0.52,0,9.999
0.521,0,9.999
0.522,0,9.999
0.523,0,9.999
0.524,0,9.999
0.525,0,9.999
0.526,0,9.999
0.527,0,9.999
0.528,0,9.999
0.529,0,9.999
0.53,0,9.999
0.531,0,9.999
0.532,0,9.999
0.533,0,9.999
0.534,0,9.999
0.535,0,9.999
0.536,0,9.999
0.537,0,9.999
0.538,0,9.999
0.539,0,9.999
0.54,0,9.999
0.541,0,9.999
0.542,0,9.999
0.543,0,9.999
0.544,0,9.999
0.545,0,9.999
0.546,0,9.999
0.547,0,9.999
0.548,0,9.999
0.549,0,9.999
0.55,0,9.999
0.551,0,9.999
0.552,0,9.999
0.553,0,9.999
0.554,0,9.999
0.555,0,9.999
0.556,0,9.999
0.557,0,9.999
0.558,0,9.999
0.559,0,9.999
0.56,0,9.999
0.561,0,9.999
0.562,0,9.999
0.563,0,9.999
0.564,0,9.999
0.565,0,9.999
0.566,0,9.999
0.567,0,9.999
0.568,0,9.999
0.569,0,9.999
0.57,0,9.999
0.571,0,9.999
0.572,0,9.999
0.573,0,9.999
0.574,0,9.999
0.575,0,9.999
0.576,0,9.999
0.577,0,9.999
0.578,0,9.999
0.579,0,9.999
0.58,0,9.999
0.581,0,9.999
0.582,0,9.999
0.583,0,9.999
0.584,0,9.999
0.585,0,9.999
0.586,0,9.999
0.587,0,9.999
0.588,0,9.999
0.589,0,9.999
0.59,0,9.999
0.591,0,9.999
0.592,0,9.999
0.593,0,9.999
0.594,0,9.999
0.595,0,9.999
0.596,0,9.999
0.597,0,9.999
0.598,0,9.999
0.599,0,9.999
0.6,0,9.999
0.601,0,9.999
0.602,0,9.999
0.603,0,9.999
0.604,0,9.999
0.605,0,9.999
0.606,0,9.999
0.607,0,9.999
0.608,0,9.999
0.609,0,9.999
0.61,0,9.999
0.611,0,9.999
0.612,0,9.999
0.613,0,9.999
0.614,0,9.999
0.615,0,9.999
0.616,0,9.999
0.617,0,9.999
0.618,0,9.999
0.619,0,9.999
0.62,0,9.999
0.621,0,9.999
0.622,0,9.999
0.623,0,9.999
0.624,0,9.999
0.625,0,9.999
0.626,0,9.999
0.627,0,9.999
0.628,0,9.999
0.629,0,9.999
0.63,0,9.999
0.631,0,9.999
0.632,0,9.999
0.633,0,9.999
0.634,0,9.999
0.635,0,9.999
0.636,0,9.999
0.637,0,9.999
0.638,0,9.999
0.639,0,9.999
0.64,0,9.999
0.641,0,9.999
0.642,0,9.999
0.643,0,9.999
0.644,0,9.999
0.645,0,9.999
0.646,0,9.999
0.647,0,9.999
0.648,0,9.999
0.649,0,9.999
0.65,0,9.999
0.651,0,9.999
0.652,0,9.999
0.653,0,9.999
0.654,0,9.999
0.655,0,9.999
0.656,0,9.999
0.657,0,9.999
0.658,0,9.999
0.659,0,9.999
0.66,0,9.999
0.661,0,9.999
0.662,0,9.999
0.663,0,9.999
0.664,0,9.999
0.665,0,9.999
0.666,0,9.999
0.667,0,9.999
0.668,0,9.999
0.669,0,9.999
0.67,0,9.999
0.671,0,9.999
0.672,0,9.999
0.673,0,9.999
0.674,0,9.999
0.675,0,9.999
0.676,0,9.999
0.677,0,9.999
0.678,0,9.999
0.679,0,9.999
0.68,0,9.999
0.681,0,9.999
0.682,0,9.999
0.683,0,9.999
0.684,0,9.999
0.685,0,9.999
0.686,0,9.999
0.687,0,9.999
0.688,0,9.999
0.689,0,9.999
0.69,0,9.999
0.691,0,9.999
0.692,0,9.999
0.693,0,9.999
0.694,0,9.999
0.695,0,9.999
0.696,0,9.999
0.697,0,9.999
0.698,0,9.999
0.699,0,9.999
0.7,0,9.999
0.701,0,9.999
0.702,0,9.999
0.703,0,9.999
0.704,0,9.999
0.705,0,9.999
0.706,0,9.999
0.707,0,9.999
0.708,0,9.999
0.709,0,9.999
0.71,0,9.999
0.711,0,9.999
0.712,0,9.999
0.713,0,9.999
0.714,0,9.999
0.715,0,9.999
0.716,0,9.999
0.717,0,9.999
0.718,0,9.999
0.719,0,9.999
0.72,0,9.999
0.721,0,9.999
0.722,0,9.999
0.723,0,9.999
0.724,0,9.999
0.725,0,9.999
0.726,0,9.999
0.727,0,9.999
0.728,0,9.999
0.729,0,9.999
0.73,0,9.999
0.731,0,9.999
0.732,0,9.999
0.733,0,9.999
0.734,0,9.999
0.735,0,9.999
0.736,0,9.999
0.737,0,9.999
0.738,0,9.999
0.739,0,9.999
0.74,0,9.999
0.741,0,9.999
0.742,0,9.999
0.743,0,9.999
0.744,0,9.999
0.745,0,9.999
0.746,0,9.999
0.747,0,9.999
0.748,0,9.999
0.749,0,9.999
0.75,0,9.999
0.751,0,9.999
0.752,0,9.999
0.753,0,9.999
0.754,0,9.999
0.755,0,9.999
0.756,0,9.999
0.757,0,9.999
0.758,0,9.999
0.759,0,9.999
0.76,0,9.999
0.761,0,9.999
0.762,0,9.999
0.763,0,9.999
0.764,0,9.999
0.765,0,9.999
0.766,0,9.999
0.767,0,9.999
0.768,0,9.999
0.769,0,9.999
0.77,0,9.999
0.771,0,9.999
0.772,0,9.999
0.773,0,9.999
0.774,0,9.999
0.775,0,9.999
0.776,0,9.999
0.777,0,9.999
0.778,0,9.999
0.779,0,9.999
0.78,0,9.999
0.781,0,9.999
0.782,0,9.999
0.783,0,9.999
0.784,0,9.999
0.785,0,9.999
0.786,0,9.999
0.787,0,9.999
0.788,0,9.999
0.789,0,9.999
0.79,0,9.999
0.791,0,9.999
0.792,0,9.999
0.793,0,9.999
0.794,0,9.999
0.795,0,9.999
0.796,0,9.999
0.797,0,9.999
0.798,0,9.999
0.799,0,9.999
0.8,0,9.999
0.801,0,9.999
0.802,0,9.999
0.803,0,9.999
0.804,0,9.999
0.805,0,9.999
0.806,0,9.999
0.807,0,9.999
0.808,0,9.999
0.809,0,9.999
0.81,0,9.999
0.811,0,9.999
0.812,0,9.999
0.813,0,9.999
0.814,0,9.999
0.815,0,9.999
0.816,0,9.999
0.817,0,9.999
0.818,0,9.999
0.819,0,9.999
0.82,0,9.999
0.821,0,9.999
0.822,0,9.999
0.823,0,9.999
0.824,0,9.999
0.825,0,9.999
0.826,0,9.999
0.827,0,9.999
0.828,0,9.999
0.829,0,9.999
0.83,0,9.999
0.831,0,9.999
0.832,0,9.999
0.833,0,9.999
0.834,0,9.999
0.835,0,9.999
0.836,0,9.999
0.837,0,9.999
0.838,0,9.999
0.839,0,9.999
0.84,0,9.999
0.841,0,9.999
0.842,0,9.999
0.843,0,9.999
0.844,0,9.999
0.845,0,9.999
0.846,0,9.999
0.847,0,9.999
0.848,0,9.999
0.849,0,9.999
0.85,0,9.999
0.851,0,9.999
0.852,0,9.999
0.853,0,9.999
0.854,0,9.999
0.855,0,9.999
0.856,0,9.999
0.857,0,9.999
0.858,0,9.999
0.859,0,9.999
0.86,0,9.999
0.861,0,9.999
0.862,0,9.999
0.863,0,9.999
0.864,0,9.999
0.865,0,9.999
0.866,0,9.999
0.867,0,9.999
0.868,0,9.999
0.869,0,9.999
0.87,0,9.999
0.871,0,9.999
0.872,0,9.999
0.873,0,9.999
0.874,0,9.999
0.875,0,9.999
0.876,0,9.999
0.877,0,9.999
0.878,0,9.999
0.879,0,9.999
0.88,0,9.999
0.881,0,9.999
0.882,0,9.999
0.883,0,9.999
0.884,0,9.999
0.885,0,9.999
0.886,0,9.999
0.887,0,9.999
0.888,0,9.999
0.889,0,9.999
0.89,0,9.999
0.891,0,9.999
0.892,0,9.999
0.893,0,9.999
0.894,0,9.999
0.895,0,9.999
0.896,0,9.999
0.897,0,9.999
0.898,0,9.999
0.899,0,9.999
0.9,0,9.999
0.901,0,9.999
0.902,0,9.999
0.903,0,9.999
0.904,0,9.999
0.905,0,9.999
0.906,0,9.999
0.907,0,9.999
0.908,0,9.999
0.909,0,9.999
0.91,0,9.999
0.911,0,9.999
0.912,0,9.999
0.913,0,9.999
0.914,0,9.999
0.915,0,9.999
0.916,0,9.999
0.917,0,9.999
0.918,0,9.999
0.919,0,9.999
0.92,0,9.999
0.921,0,9.999
0.922,0,9.999
0.923,0,9.999
0.924,0,9.999
0.925,0,9.999
0.926,0,9.999
0.927,0,9.999
0.928,0,9.999
0.929,0,9.999
0.93,0,9.999
0.931,0,9.999
0.932,0,9.999
0.933,0,9.999
0.934,0,9.999
0.935,0,9.999
0.936,0,9.999
0.937,0,9.999
0.938,0,9.999
0.939,0,9.999
0.94,0,9.999
0.941,0,9.999
0.942,0,9.999
0.943,0,9.999
0.944,0,9.999
0.945,0,9.999
0.946,0,9.999
0.947,0,9.999
0.948,0,9.999
0.949,0,9.999
0.95,0,9.999
0.951,0,9.999
0.952,0,9.999
0.953,0,9.999
0.954,0,9.999
0.955,0,9.999
0.956,0,9.999
0.957,0,9.999
0.958,0,9.999
0.959,0,9.999
0.96,0,9.999
0.961,0,9.999
0.962,0,9.999
0.963,0,9.999
0.964,0,9.999
0.965,0,9.999
0.966,0,9.999
0.967,0,9.999
0.968,0,9.999
0.969,0,9.999
0.97,0,9.999
0.971,0,9.999
0.972,0,9.999
0.973,0,9.999
0.974,0,9.999
0.975,0,9.999
0.976,0,9.999
0.977,0,9.999
0.978,0,9.999
0.979,0,9.999
0.98,0,9.999
0.981,0,9.999
0.982,0,9.999
0.983,0,9.999
0.984,0,9.999
0.985,0,9.999
0.986,0,9.999
0.987,0,9.999
0.988,0,9.999
0.989,0,9.999
0.99,0,9.999
0.991,0,9.999
0.992,0,9.999
0.993,0,9.999
0.994,0,9.999
0.995,0,9.999
0.996,0,9.999
0.997,0,9.999
0.998,0,9.999
0.999,0,9.999
1,0,9.999
1.001,0,9.999
1.002,0,9.999
1.003,0,9.999
1.004,0,9.999
1.005,0,9.999
1.006,0,9.999
1.007,0,9.999
1.008,0,9.999
1.009,0,9.999
1.01,0,9.999
1.011,0,9.999
1.012,0,9.999
1.013,0,9.999
1.014,0,9.999
1.015,0,9.999
1.016,0,9.999
1.017,0,9.999
1.018,0,9.999
1.019,0,9.999
1.02,0,9.999
1.021,0,9.999
1.022,0,9.999
1.023,0,9.999
1.024,0,9.999
1.025,0,9.999
1.026,0,9.999
1.027,0,9.999
1.028,0,9.999
1.029,0,9.999
1.03,0,9.999
1.031,0,9.999
1.032,0,9.999
1.033,0,9.999
1.034,0,9.999
1.035,0,9.999
1.036,0,9.999
1.037,0,9.999
1.038,0,9.999
1.039,0,9.999
1.04,0,9.999
1.041,0,9.999
1.042,0,9.999
1.043,0,9.999
1.044,0,9.999
1.045,0,9.999
1.046,0,9.999
1.047,0,9.999
1.048,0,9.999
1.049,0,9.999
1.05,0,9.999
1.051,0,9.999
1.052,0,9.999
1.053,0,9.999
1.054,0,9.999
1.055,0,9.999
1.056,0,9.999
1.057,0,9.999
1.058,0,9.999
1.059,0,9.999
1.06,0,9.999
1.061,0,9.999
1.062,0,9.999
1.063,0,9.999
1.064,0,9.999
1.065,0,9.999
1.066,0,9.999
1.067,0,9.999
1.068,0,9.999
1.069,0,9.999
1.07,0,9.999
1.071,0,9.999
1.072,0,9.999
1.073,0,9.999
1.074,0,9.999
1.075,0,9.999
1.076,0,9.999
1.077,0,9.999
1.078,0,9.999
1.079,0,9.999
1.08,0,9.999
1.081,0,9.999
1.082,0,9.999
1.083,0,9.999
1.084,0,9.999
1.085,0,9.999
1.086,0,9.999
1.087,0,9.999
1.088,0,9.999
1.089,0,9.999
1.09,0,9.999
1.091,0,9.999
1.092,0,9.999
1.093,0,9.999
1.094,0,9.999
1.095,0,9.999
1.096,0,9.999
1.097,0,9.999
1.098,0,9.999
1.099,0,9.999
1.1,0,9.999
1.101,0,9.999
1.102,0,9.999
1.103,0,9.999
1.104,0,9.999
1.105,0,9.999
1.106,0,9.999
1.107,0,9.999
1.108,0,9.999
1.109,0,9.999
1.11,0,9.999
1.111,0,9.999
1.112,0,9.999
1.113,0,9.999
1.114,0,9.999
1.115,0,9.999
1.116,0,9.999
1.117,0,9.999
1.118,0,9.999
1.119,0,9.999
1.12,0,9.999
1.121,0,9.999
1.122,0,9.999
1.123,0,9.999
1.124,0,9.999
1.125,0,9.999
1.126,0,9.999
1.127,0,9.999
1.128,0,9.999
1.129,0,9.999
1.13,0,9.999
1.131,0,9.999
1.132,0,9.999
1.133,0,9.999
1.134,0,9.999
1.135,0,9.999
1.136,0,9.999
1.137,0,9.999
1.138,0,9.999
1.139,0,9.999
1.14,0,9.999
1.141,0,9.999
1.142,0,9.999
1.143,0,9.999
1.144,0,9.999
1.145,0,9.999
1.146,0,9.999
1.147,0,9.999
1.148,0,9.999
1.149,0,9.999
1.15,0,9.999
1.151,0,9.999
1.152,0,9.999
1.153,0,9.999
1.154,0,9.999
1.155,0,9.999
1.156,0,9.999
1.157,0,9.999
1.158,0,9.999
1.159,0,9.999
1.16,0,9.999
1.161,0,9.999
1.162,0,9.999
1.163,0,9.999
1.164,0,9.999
1.165,0,9.999
1.166,0,9.999
1.167,0,9.999
1.168,0,9.999
1.169,0,9.999
1.17,0,9.999
1.171,0,9.999
1.172,0,9.999
1.173,0,9.999
1.174,0,9.999
1.175,0,9.999
1.176,0,9.999
1.177,0,9.999
1.178,0,9.999
1.179,0,9.999
1.18,0,9.999
1.181,0,9.999
1.182,0,9.999
1.183,0,9.999
1.184,0,9.999
1.185,0,9.999
1.186,0,9.999
1.187,0,9.999
1.188,0,9.999
1.189,0,9.999
1.19,0,9.999
1.191,0,9.999
1.192,0,9.999
1.193,0,9.999
1.194,0,9.999
1.195,0,9.999
1.196,0,9.999
1.197,0,9.999
1.198,0,9.999
1.199,0,9.999
1.2,0,9.999
1.201,0,9.999
1.202,0,9.999
1.203,0,9.999
1.204,0,9.999
1.205,0,9.999
1.206,0,9.999
1.207,0,9.999
1.208,0,9.999
1.209,0,9.999
1.21,0,9.999
1.211,0,9.999
1.212,0,9.999
1.213,0,9.999
1.214,0,9.999
1.215,0,9.999
1.216,0,9.999
1.217,0,9.999
1.218,0,9.999
1.219,0,9.999
1.22,0,9.999
1.221,0,9.999
1.222,0,9.999
1.223,0,9.999
1.224,0,9.999
1.225,0,9.999
1.226,0,9.999
1.227,0,9.999
1.228,0,9.999
1.229,0,9.999
1.23,0,9.999
1.231,0,9.999
1.232,0,9.999
1.233,0,9.999
1.234,0,9.999
1.235,0,9.999
1.236,0,9.999
1.237,0,9.999
1.238,0,9.999
1.239,0,9.999
1.24,0,9.999
1.241,0,9.999
1.242,0,9.999
1.243,0,9.999
1.244,0,9.999
1.245,0,9.999
1.246,0,9.999
1.247,0,9.999
1.248,0,9.999
1.249,0,9.999
1.25,0,9.999
1.251,0,9.999
1.252,0,9.999
1.253,0,9.999
1.254,0,9.999
1.255,0,9.999
1.256,0,9.999
1.257,0,9.999
1.258,0,9.999
1.259,0,9.999
1.26,0,9.999
1.261,0,9.999
1.262,0,9.999
1.263,0,9.999
1.264,0,9.999
1.265,0,9.999
1.266,0,9.999
1.267,0,9.999
1.268,0,9.999
1.269,0,9.999
1.27,0,9.999
1.271,0,9.999
1.272,0,9.999
1.273,0,9.999
1.274,0,9.999
1.275,0,9.999
1.276,0,9.999
1.277,0,9.999
1.278,0,9.999
1.279,0,9.999
1.28,0,9.999
1.281,0,9.999
1.282,0,9.999
1.283,0,9.999
1.284,0,9.999
1.285,0,9.999
1.286,0,9.999
1.287,0,9.999
1.288,0,9.999
1.289,0,9.999
1.29,0,9.999
1.291,0,9.999
1.292,0,9.999
1.293,0,9.999
1.294,0,9.999
1.295,0,9.999
1.296,0,9.999
1.297,0,9.999
1.298,0,9.999
1.299,0,9.999
1.3,0,9.999
1.301,0,9.999
1.302,0,9.999
1.303,0,9.999
1.304,0,9.999
1.305,0,9.999
1.306,0,9.999
1.307,0,9.999
1.308,0,9.999
1.309,0,9.999
1.31,0,9.999
1.311,0,9.999
1.312,0,9.999
1.313,0,9.999
1.314,0,9.999
1.315,0,9.999
1.316,0,9.999
1.317,0,9.999
1.318,0,9.999
1.319,0,9.999
1.32,0,9.999
1.321,0,9.999
1.322,0,9.999
1.323,0,9.999
1.324,0,9.999
1.325,0,9.999
1.326,0,9.999
1.327,0,9.999
1.328,0,9.999
1.329,0,9.999
1.33,0,9.999
1.331,0,9.999
1.332,0,9.999
1.333,0,9.999
1.334,0,9.999
1.335,0,9.999
1.336,0,9.999
1.337,0,9.999
1.338,0,9.999
1.339,0,9.999
1.34,0,9.999
1.341,0,9.999
1.342,0,9.999
1.343,0,9.999
1.344,0,9.999
1.345,0,9.999
1.346,0,9.999
1.347,0,9.999
1.348,0,9.999
1.349,0,9.999
1.35,0,9.999
1.351,0,9.999
1.352,0,9.999
1.353,0,9.999
1.354,0,9.999
1.355,0,9.999
1.356,0,9.999
1.357,0,9.999
1.358,0,9.999
1.359,0,9.999
1.36,0,9.999
1.361,0,9.999
1.362,0,9.999
1.363,0,9.999
1.364,0,9.999
1.365,0,9.999
1.366,0,9.999
1.367,0,9.999
1.368,0,9.999
1.369,0,9.999
1.37,0,9.999
1.371,0,9.999
1.372,0,9.999
1.373,0,9.999
1.374,0,9.999
1.375,0,9.999
1.376,0,9.999
1.377,0,9.999
1.378,0,9.999
1.379,0,9.999
1.38,0,9.999
1.381,0,9.999
1.382,0,9.999
1.383,0,9.999
1.384,0,9.999
1.385,0,9.999
1.386,0,9.999
1.387,0,9.999
1.388,0,9.999
1.389,0,9.999
1.39,0,9.999
1.391,0,9.999
1.392,0,9.999
1.393,0,9.999
1.394,0,9.999
1.395,0,9.999
1.396,0,9.999
1.397,0,9.999
1.398,0,9.999
1.399,0,9.999
1.4,0,9.999
1.401,0,9.999
1.402,0,9.999
1.403,0,9.999
1.404,0,9.999
1.405,0,9.999
1.406,0,9.999
1.407,0,9.999
1.408,0,9.999
1.409,0,9.999
1.41,0,9.999
1.411,0,9.999
1.412,0,9.999
1.413,0,9.999
1.414,0,9.999
1.415,0,9.999
1.416,0,9.999
1.417,0,9.999
1.418,0,9.999
1.419,0,9.999
1.42,0,9.999
1.421,0,9.999
1.422,0,9.999
1.423,0,9.999
1.424,0,9.999
1.425,0,9.999
1.426,0,9.999
1.427,0,9.999
1.428,0,9.999
1.429,0,9.999
1.43,0,9.999
1.431,0,9.999
1.432,0,9.999
1.433,0,9.999
1.434,0,9.999
1.435,0,9.999
1.436,0,9.999
1.437,0,9.999
1.438,0,9.999
1.439,0,9.999
1.44,0,9.999
1.441,0,9.999
1.442,0,9.999
1.443,0,9.999
1.444,0,9.999
1.445,0,9.999
1.446,0,9.999
1.447,0,9.999
1.448,0,9.999
1.449,0,9.999
1.45,0,9.999
1.451,0,9.999
1.452,0,9.999
1.453,0,9.999
1.454,0,9.999
1.455,0,9.999
1.456,0,9.999
1.457,0,9.999
1.458,0,9.999
1.459,0,9.999
1.46,0,9.999
1.461,0,9.999
1.462,0,9.999
1.463,0,9.999
1.464,0,9.999
1.465,0,9.999
1.466,0,9.999
1.467,0,9.999
1.468,0,9.999
1.469,0,9.999
1.47,0,9.999
1.471,0,9.999
1.472,0,9.999
1.473,0,9.999
1.474,0,9.999
1.475,0,9.999
1.476,0,9.999
1.477,0,9.999
1.478,0,9.999
1.479,0,9.999
1.48,0,9.999
1.481,0,9.999
1.482,0,9.999
1.483,0,9.999
1.484,0,9.999
1.485,0,9.999
1.486,0,9.999
1.487,0,9.999
1.488,0,9.999
1.489,0,9.999
1.49,0,9.999
1.491,0,9.999
1.492,0,9.999
1.493,0,9.999
1.494,0,9.999
1.495,0,9.999
1.496,0,9.999
1.497,0,9.999
1.498,0,9.999
1.499,0,9.999
1.5,0,9.999
1.501,0,9.999
1.502,0,9.999
1.503,0,9.999
1.504,0,9.999
1.505,0,9.999
1.506,0,9.999
1.507,0,9.999
1.508,0,9.999
1.509,0,9.999
1.51,0,9.999
1.511,0,9.999
1.512,0,9.999
1.513,0,9.999
1.514,0,9.999
1.515,0,9.999
1.516,0,9.999
1.517,0,9.999
1.518,0,9.999
1.519,0,9.999
1.52,0,9.999
1.521,0,9.999
1.522,0,9.999
1.523,0,9.999
1.524,0,9.999
1.525,0,9.999
1.526,0,9.999
1.527,0,9.999
1.528,0,9.999
1.529,0,9.999
1.53,0,9.999
1.531,0,9.999
1.532,0,9.999
1.533,0,9.999
1.534,0,9.999
1.535,0,9.999
1.536,0,9.999
1.537,0,9.999
1.538,0,9.999
1.539,0,9.999
1.54,0,9.999
1.541,0,9.999
1.542,0,9.999
1.543,0,9.999
1.544,0,9.999
1.545,0,9.999
1.546,0,9.999
1.547,0,9.999
1.548,0,9.999
1.549,0,9.999
1.55,0,9.999
1.551,0,9.999
1.552,0,9.999
1.553,0,9.999
1.554,0,9.999
1.555,0,9.999
1.556,0,9.999
1.557,0,9.999
1.558,0,9.999
1.559,0,9.999
1.56,0,9.999
1.561,0,9.999
1.562,0,9.999
1.563,0,9.999
1.564,0,9.999
1.565,0,9.999
1.566,0,9.999
1.567,0,9.999
1.568,0,9.999
1.569,0,9.999
1.57,0,9.999
1.571,0,9.999
1.572,0,9.999
1.573,0,9.999
1.574,0,9.999
1.575,0,9.999
1.576,0,9.999
1.577,0,9.999
1.578,0,9.999
1.579,0,9.999
1.58,0,9.999
1.581,0,9.999
1.582,0,9.999
1.583,0,9.999
1.584,0,9.999
1.585,0,9.999
1.586,0,9.999
1.587,0,9.999
1.588,0,9.999
1.589,0,9.999
1.59,0,9.999
1.591,0,9.999
1.592,0,9.999
1.593,0,9.999
1.594,0,9.999
1.595,0,9.999
1.596,0,9.999
1.597,0,9.999
1.598,0,9.999
1.599,0,9.999
1.6,0,9.999
1.601,0,9.999
1.602,0,9.999
1.603,0,9.999
1.604,0,9.999
1.605,0,9.999
1.606,0,9.999
1.607,0,9.999
1.608,0,9.999
1.609,0,9.999
1.61,0,9.999
1.611,0,9.999
1.612,0,9.999
1.613,0,9.999
1.614,0,9.999
1.615,0,9.999
1.616,0,9.999
1.617,0,9.999
1.618,0,9.999
1.619,0,9.999
1.62,0,9.999
1.621,0,9.999
1.622,0,9.999
1.623,0,9.999
1.624,0,9.999
1.625,0,9.999
1.626,0,9.999
1.627,0,9.999
1.628,0,9.999
1.629,0,9.999
1.63,0,9.999
1.631,0,9.999
1.632,0,9.999
1.633,0,9.999
1.634,0,9.999
1.635,0,9.999
1.636,0,9.999
1.637,0,9.999
1.638,0,9.999
1.639,0,9.999
1.64,0,9.999
1.641,0,9.999
1.642,0,9.999
1.643,0,9.999
1.644,0,9.999
1.645,0,9.999
1.646,0,9.999
1.647,0,9.999
1.648,0,9.999
1.649,0,9.999
1.65,0,9.999
1.651,0,9.999
1.652,0,9.999
1.653,0,9.999
1.654,0,9.999
1.655,0,9.999
1.656,0,9.999
1.657,0,9.999
1.658,0,9.999
1.659,0,9.999
1.66,0,9.999
1.661,0,9.999
1.662,0,9.999
1.663,0,9.999
1.664,0,9.999
1.665,0,9.999
1.666,0,9.999
1.667,0,9.999
1.668,0,9.999
1.669,0,9.999
1.67,0,9.999
1.671,0,9.999
1.672,0,9.999
1.673,0,9.999
1.674,0,9.999
1.675,0,9.999
1.676,0,9.999
1.677,0,9.999
1.678,0,9.999
1.679,0,9.999
1.68,0,9.999
1.681,0,9.999
1.682,0,9.999
1.683,0,9.999
1.684,0,9.999
1.685,0,9.999
1.686,0,9.999
1.687,0,9.999
1.688,0,9.999
1.689,0,9.999
1.69,0,9.999
1.691,0,9.999
1.692,0,9.999
1.693,0,9.999
1.694,0,9.999
1.695,0,9.999
1.696,0,9.999
1.697,0,9.999
1.698,0,9.999
1.699,0,9.999
1.7,0,9.999
1.701,0,9.999
1.702,0,9.999
1.703,0,9.999
1.704,0,9.999
1.705,0,9.999
1.706,0,9.999
1.707,0,9.999
1.708,0,9.999
1.709,0,9.999
1.71,0,9.999
1.711,0,9.999
1.712,0,9.999
1.713,0,9.999
1.714,0,9.999
1.715,0,9.999
1.716,0,9.999
1.717,0,9.999
1.718,0,9.999
1.719,0,9.999
1.72,0,9.999
1.721,0,9.999
1.722,0,9.999
1.723,0,9.999
1.724,0,9.999
1.725,0,9.999
1.726,0,9.999
1.727,0,9.999
1.728,0,9.999
1.729,0,9.999
1.73,0,9.999
1.731,0,9.999
1.732,0,9.999
1.733,0,9.999
1.734,0,9.999
1.735,0,9.999
1.736,0,9.999
1.737,0,9.999
1.738,0,9.999
1.739,0,9.999
1.74,0,9.999
1.741,0,9.999
1.742,0,9.999
1.743,0,9.999
1.744,0,9.999
1.745,0,9.999
1.746,0,9.999
1.747,0,9.999
1.748,0,9.999
1.749,0,9.999
1.75,0,9.999
1.751,0,9.999
1.752,0,9.999
1.753,0,9.999
1.754,0,9.999
1.755,0,9.999
1.756,0,9.999
1.757,0,9.999
1.758,0,9.999
1.759,0,9.999
1.76,0,9.999
1.761,0,9.999
1.762,0,9.999
1.763,0,9.999
1.764,0,9.999
1.765,0,9.999
1.766,0,9.999
1.767,0,9.999
1.768,0,9.999
1.769,0,9.999
1.77,0,9.999
1.771,0,9.999
1.772,0,9.999
1.773,0,9.999
1.774,0,9.999
1.775,0,9.999
1.776,0,9.999
1.777,0,9.999
1.778,0,9.999
1.779,0,9.999
1.78,0,9.999
1.781,0,9.999
1.782,0,9.999
1.783,0,9.999
1.784,0,9.999
1.785,0,9.999
1.786,0,9.999
1.787,0,9.999
1.788,0,9.999
1.789,0,9.999
1.79,0,9.999
1.791,0,9.999
1.792,0,9.999
1.793,0,9.999
1.794,0,9.999
1.795,0,9.999
1.796,0,9.999
1.797,0,9.999
1.798,0,9.999
1.799,0,9.999
1.8,0,9.999
1.801,0,9.999
1.802,0,9.999
1.803,0,9.999
1.804,0,9.999
1.805,0,9.999
1.806,0,9.999
1.807,0,9.999
1.808,0,9.999
1.809,0,9.999
1.81,0,9.999
1.811,0,9.999
1.812,0,9.999
1.813,0,9.999
1.814,0,9.999
1.815,0,9.999
1.816,0,9.999
1.817,0,9.999
1.818,0,9.999
1.819,0,9.999
1.82,0,9.999
1.821,0,9.999
1.822,0,9.999
1.823,0,9.999
1.824,0,9.999
1.825,0,9.999
1.826,0,9.999
1.827,0,9.999
1.828,0,9.999
1.829,0,9.999
1.83,0,9.999
1.831,0,9.999
1.832,0,9.999
1.833,0,9.999
1.834,0,9.999
1.835,0,9.999
1.836,0,9.999
1.837,0,9.999
1.838,0,9.999
1.839,0,9.999
1.84,0,9.999
1.841,0,9.999
1.842,0,9.999
1.843,0,9.999
1.844,0,9.999
1.845,0,9.999
1.846,0,9.999
1.847,0,9.999
1.848,0,9.999
1.849,0,9.999
1.85,0,9.999
1.851,0,9.999
1.852,0,9.999
1.853,0,9.999
1.854,0,9.999
1.855,0,9.999
1.856,0,9.999
1.857,0,9.999
1.858,0,9.999
1.859,0,9.999
1.86,0,9.999
1.861,0,9.999
1.862,0,9.999
1.863,0,9.999
1.864,0,9.999
1.865,0,9.999
1.866,0,9.999
1.867,0,9.999
1.868,0,9.999
1.869,0,9.999
1.87,0,9.999
1.871,0,9.999
1.872,0,9.999
1.873,0,9.999
1.874,0,9.999
1.875,0,9.999
1.876,0,9.999
1.877,0,9.999
1.878,0,9.999
1.879,0,9.999
1.88,0,9.999
1.881,0,9.999
1.882,0,9.999
1.883,0,9.999
1.884,0,9.999
1.885,0,9.999
1.886,0,9.999
1.887,0,9.999
1.888,0,9.999
1.889,0,9.999
1.89,0,9.999
1.891,0,9.999
1.892,0,9.999
1.893,0,9.999
1.894,0,9.999
1.895,0,9.999
1.896,0,9.999
1.897,0,9.999
1.898,0,9.999
1.899,0,9.999
1.9,0,9.999
1.901,0,9.999
1.902,0,9.999
1.903,0,9.999
1.904,0,9.999
1.905,0,9.999
1.906,0,9.999
1.907,0,9.999
1.908,0,9.999
1.909,0,9.999
1.91,0,9.999
1.911,0,9.999
1.912,0,9.999
1.913,0,9.999
1.914,0,9.999
1.915,0,9.999
1.916,0,9.999
1.917,0,9.999
1.918,0,9.999
1.919,0,9.999
1.92,0,9.999
1.921,0,9.999
1.922,0,9.999
1.923,0,9.999
1.924,0,9.999
1.925,0,9.999
1.926,0,9.999
1.927,0,9.999
1.928,0,9.999
1.929,0,9.999
1.93,0,9.999
1.931,0,9.999
1.932,0,9.999
1.933,0,9.999
1.934,0,9.999
1.935,0,9.999
1.936,0,9.999
1.937,0,9.999
1.938,0,9.999
1.939,0,9.999
1.94,0,9.999
1.941,0,9.999
1.942,0,9.999
1.943,0,9.999
1.944,0,9.999
1.945,0,9.999
1.946,0,9.999
1.947,0,9.999
1.948,0,9.999
1.949,0,9.999
1.95,0,9.999
1.951,0,9.999
1.952,0,9.999
1.953,0,9.999
1.954,0,9.999
1.955,0,9.999
1.956,0,9.999
1.957,0,9.999
1.958,0,9.999
1.959,0,9.999
1.96,0,9.999
1.961,0,9.999
1.962,0,9.999
1.963,0,9.999
1.964,0,9.999
1.965,0,9.999
1.966,0,9.999
1.967,0,9.999
1.968,0,9.999
1.969,0,9.999
1.97,0,9.999
1.971,0,9.999
1.972,0,9.999
1.973,0,9.999
1.974,0,9.999
1.975,0,9.999
1.976,0,9.999
1.977,0,9.999
1.978,0,9.999
1.979,0,9.999
1.98,0,9.999
1.981,0,9.999
1.982,0,9.999
1.983,0,9.999
1.984,0,9.999
1.985,0,9.999
1.986,0,9.999
1.987,0,9.999
1.988,0,9.999
1.989,0,9.999
1.99,0,9.999
1.991,0,9.999
1.992,0,9.999
1.993,0,9.999
1.994,0,9.999
1.995,0,9.999
1.996,0,9.999
1.997,0,9.999
1.998,0,9.999
1.999,0,9.999
2,0,9.999
2.001,0,9.999
2.002,0,9.999
2.003,0,9.999
2.004,0,9.999
2.005,0,9.999
2.006,0,9.999
2.007,0,9.999
2.008,0,9.999
2.009,0,9.999
2.01,0,9.999
2.011,0,9.999
2.012,0,9.999
2.013,0,9.999
2.014,0,9.999
2.015,0,9.999
2.016,0,9.999
2.017,0,9.999
2.018,0,9.999
2.019,0,9.999
2.02,0,9.999
2.021,0,9.999
2.022,0,9.999
2.023,0,9.999
2.024,0,9.999
2.025,0,9.999
2.026,0,9.999
2.027,0,9.999
2.028,0,9.999
2.029,0,9.999
2.03,0,9.999
2.031,0,9.999
2.032,0,9.999
2.033,0,9.999
2.034,0,9.999
2.035,0,9.999
2.036,0,9.999
2.037,0,9.999
2.038,0,9.999
2.039,0,9.999
2.04,0,9.999
2.041,0,9.999
2.042,0,9.999
2.043,0,9.999
2.044,0,9.999
2.045,0,9.999
2.046,0,9.999
2.047,0,9.999
2.048,0,9.999
2.049,0,9.999
2.05,0,9.999
2.051,0,9.999
2.052,0,9.999
2.053,0,9.999
2.054,0,9.999
2.055,0,9.999
2.056,0,9.999
2.057,0,9.999
2.058,0,9.999
2.059,0,9.999
2.06,0,9.999
2.061,0,9.999
2.062,0,9.999
2.063,0,9.999
2.064,0,9.999
2.065,0,9.999
2.066,0,9.999
2.067,0,9.999
2.068,0,9.999
2.069,0,9.999
2.07,0,9.999
2.071,0,9.999
2.072,0,9.999
2.073,0,9.999
2.074,0,9.999
2.075,0,9.999
2.076,0,9.999
2.077,0,9.999
2.078,0,9.999
2.079,0,9.999
2.08,0,9.999
2.081,0,9.999
2.082,0,9.999
2.083,0,9.999
2.084,0,9.999
2.085,0,9.999
2.086,0,9.999
2.087,0,9.999
2.088,0,9.999
2.089,0,9.999
2.09,0,9.999
2.091,0,9.999
2.092,0,9.999
2.093,0,9.999
2.094,0,9.999
2.095,0,9.999
2.096,0,9.999
2.097,0,9.999
2.098,0,9.999
2.099,0,9.999
2.1,0,9.999
2.101,0,9.999
2.102,0,9.999
2.103,0,9.999
2.104,0,9.999
2.105,0,9.999
2.106,0,9.999
2.107,0,9.999
2.108,0,9.999
2.109,0,9.999
2.11,0,9.999
2.111,0,9.999
2.112,0,9.999
2.113,0,9.999
2.114,0,9.999
2.115,0,9.999
2.116,0,9.999
2.117,0,9.999
2.118,0,9.999
2.119,0,9.999
2.12,0,9.999
2.121,0,9.999
2.122,0,9.999
2.123,0,9.999
2.124,0,9.999
2.125,0,9.999
2.126,0,9.999
2.127,0,9.999
2.128,0,9.999
2.129,0,9.999
2.13,0,9.999
2.131,0,9.999
2.132,0,9.999
2.133,0,9.999
2.134,0,9.999
2.135,0,9.999
2.136,0,9.999
2.137,0,9.999
2.138,0,9.999
2.139,0,9.999
2.14,0,9.999
2.141,0,9.999
2.142,0,9.999
2.143,0,9.999
2.144,0,9.999
2.145,0,9.999
2.146,0,9.999
2.147,0,9.999
2.148,0,9.999
2.149,0,9.999
2.15,0,9.999
2.151,0,9.999
2.152,0,9.999
2.153,0,9.999
2.154,0,9.999
2.155,0,9.999
2.156,0,9.999
2.157,0,9.999
2.158,0,9.999
2.159,0,9.999
2.16,0,9.999
2.161,0,9.999
2.162,0,9.999
2.163,0,9.999
2.164,0,9.999
2.165,0,9.999
2.166,0,9.999
2.167,0,9.999
2.168,0,9.999
2.169,0,9.999
2.17,0,9.999
2.171,0,9.999
2.172,0,9.999
2.173,0,9.999
2.174,0,9.999
2.175,0,9.999
2.176,0,9.999
2.177,0,9.999
2.178,0,9.999
2.179,0,9.999
2.18,0,9.999
2.181,0,9.999
2.182,0,9.999
2.183,0,9.999
2.184,0,9.999
2.185,0,9.999
2.186,0,9.999
2.187,0,9.999
2.188,0,9.999
2.189,0,9.999
2.19,0,9.999
2.191,0,9.999
2.192,0,9.999
2.193,0,9.999
2.194,0,9.999
2.195,0,9.999
2.196,0,9.999
2.197,0,9.999
2.198,0,9.999
2.199,0,9.999
2.2,0,9.999
2.201,0,9.999
2.202,0,9.999
2.203,0,9.999
2.204,0,9.999
2.205,0,9.999
2.206,0,9.999
2.207,0,9.999
2.208,0,9.999
2.209,0,9.999
2.21,0,9.999
2.211,0,9.999
2.212,0,9.999
2.213,0,9.999
2.214,0,9.999
2.215,0,9.999
2.216,0,9.999
2.217,0,9.999
2.218,0,9.999
2.219,0,9.999
2.22,0,9.999
2.221,0,9.999
2.222,0,9.999
2.223,0,9.999
2.224,0,9.999
2.225,0,9.999
2.226,0,9.999
2.227,0,9.999
2.228,0,9.999
2.229,0,9.999
2.23,0,9.999
2.231,0,9.999
2.232,0,9.999
2.233,0,9.999
2.234,0,9.999
2.235,0,9.999
2.236,0,9.999
2.237,0,9.999
2.238,0,9.999
2.239,0,9.999
2.24,0,9.999
2.241,0,9.999
2.242,0,9.999
2.243,0,9.999
2.244,0,9.999
2.245,0,9.999
2.246,0,9.999
2.247,0,9.999
2.248,0,9.999
2.249,0,9.999
2.25,0,9.999
2.251,0,9.999
2.252,0,9.999
2.253,0,9.999
2.254,0,9.999
2.255,0,9.999
2.256,0,9.999
2.257,0,9.999
2.258,0,9.999
2.259,0,9.999
2.26,0,9.999
2.261,0,9.999
2.262,0,9.999
2.263,0,9.999
2.264,0,9.999
2.265,0,9.999
2.266,0,9.999
2.267,0,9.999
2.268,0,9.999
2.269,0,9.999
2.27,0,9.999
2.271,0,9.999
2.272,0,9.999
2.273,0,9.999
2.274,0,9.999
2.275,0,9.999
2.276,0,9.999
2.277,0,9.999
2.278,0,9.999
2.279,0,9.999
2.28,0,9.999
2.281,0,9.999
2.282,0,9.999
2.283,0,9.999
2.284,0,9.999
2.285,0,9.999
2.286,0,9.999
2.287,0,9.999
2.288,0,9.999
2.289,0,9.999
2.29,0,9.999
2.291,0,9.999
2.292,0,9.999
2.293,0,9.999
2.294,0,9.999
2.295,0,9.999
2.296,0,9.999
2.297,0,9.999
2.298,0,9.999
2.299,0,9.999
2.3,0,9.999
2.301,0,9.999
2.302,0,9.999
2.303,0,9.999
2.304,0,9.999
2.305,0,9.999
2.306,0,9.999
2.307,0,9.999
2.308,0,9.999
2.309,0,9.999
2.31,0,9.999
2.311,0,9.999
2.312,0,9.999
2.313,0,9.999
2.314,0,9.999
2.315,0,9.999
2.316,0,9.999
2.317,0,9.999
2.318,0,9.999
2.319,0,9.999
2.32,0,9.999
2.321,0,9.999
2.322,0,9.999
2.323,0,9.999
2.324,0,9.999
2.325,0,9.999
2.326,0,9.999
2.327,0,9.999
2.328,0,9.999
2.329,0,9.999
2.33,0,9.999
2.331,0,9.999
2.332,0,9.999
2.333,0,9.999
2.334,0,9.999
2.335,0,9.999
2.336,0,9.999
2.337,0,9.999
2.338,0,9.999
2.339,0,9.999
2.34,0,9.999
2.341,0,9.999
2.342,0,9.999
2.343,0,9.999
2.344,0,9.999
2.345,0,9.999
2.346,0,9.999
2.347,0,9.999
2.348,0,9.999
2.349,0,9.999
2.35,0,9.999
2.351,0,9.999
2.352,0,9.999
2.353,0,9.999
2.354,0,9.999
2.355,0,9.999
2.356,0,9.999
2.357,0,9.999
2.358,0,9.999
2.359,0,9.999
2.36,0,9.999
2.361,0,9.999
2.362,0,9.999
2.363,0,9.999
2.364,0,9.999
2.365,0,9.999
2.366,0,9.999
2.367,0,9.999
2.368,0,9.999
2.369,0,9.999
2.37,0,9.999
2.371,0,9.999
2.372,0,9.999
2.373,0,9.999
2.374,0,9.999
2.375,0,9.999
2.376,0,9.999
2.377,0,9.999
2.378,0,9.999
2.379,0,9.999
2.38,0,9.999
2.381,0,9.999
2.382,0,9.999
2.383,0,9.999
2.384,0,9.999
2.385,0,9.999
2.386,0,9.999
2.387,0,9.999
2.388,0,9.999
2.389,0,9.999
2.39,0,9.999
2.391,0,9.999
2.392,0,9.999
2.393,0,9.999
2.394,0,9.999
2.395,0,9.999
2.396,0,9.999
2.397,0,9.999
2.398,0,9.999
2.399,0,9.999
2.4,0,9.999
2.401,0,9.999
2.402,0,9.999
2.403,0,9.999
2.404,0,9.999
2.405,0,9.999
2.406,0,9.999
2.407,0,9.999
2.408,0,9.999
2.409,0,9.999
2.41,0,9.999
2.411,0,9.999
2.412,0,9.999
2.413,0,9.999
2.414,0,9.999
2.415,0,9.999
2.416,0,9.999
2.417,0,9.999
2.418,0,9.999
2.419,0,9.999
2.42,0,9.999
2.421,0,9.999
2.422,0,9.999
2.423,0,9.999
2.424,0,9.999
2.425,0,9.999
2.426,0,9.999
2.427,0,9.999
2.428,0,9.999
2.429,0,9.999
2.43,0,9.999
2.431,0,9.999
2.432,0,9.999
2.433,0,9.999
2.434,0,9.999
2.435,0,9.999
2.436,0,9.999
2.437,0,9.999
2.438,0,9.999
2.439,0,9.999
2.44,0,9.999
2.441,0,9.999
2.442,0,9.999
2.443,0,9.999
2.444,0,9.999
2.445,0,9.999
2.446,0,9.999
2.447,0,9.999
2.448,0,9.999
2.449,0,9.999
2.45,0,9.999
2.451,0,9.999
2.452,0,9.999
2.453,0,9.999
2.454,0,9.999
2.455,0,9.999
2.456,0,9.999
2.457,0,9.999
2.458,0,9.999
2.459,0,9.999
2.46,0,9.999
2.461,0,9.999
2.462,0,9.999
2.463,0,9.999
2.464,0,9.999
2.465,0,9.999
2.466,0,9.999
2.467,0,9.999
2.468,0,9.999
2.469,0,9.999
2.47,0,9.999
2.471,0,9.999
2.472,0,9.999
2.473,0,9.999
2.474,0,9.999
2.475,0,9.999
2.476,0,9.999
2.477,0,9.999
2.478,0,9.999
2.479,0,9.999
2.48,0,9.999
2.481,0,9.999
2.482,0,9.999
2.483,0,9.999
2.484,0,9.999
2.485,0,9.999
2.486,0,9.999
2.487,0,9.999
2.488,0,9.999
2.489,0,9.999
2.49,0,9.999
2.491,0,9.999
2.492,0,9.999
2.493,0,9.999
2.494,0,9.999
2.495,0,9.999
2.496,0,9.999
2.497,0,9.999
2.498,0,9.999
2.499,0,9.999
2.5,0,9.999
2.501,0,9.999
2.502,0,9.999
2.503,0,9.999
2.504,0,9.999
2.505,0,9.999
2.506,0,9.999
2.507,0,9.999
2.508,0,9.999
2.509,0,9.999
2.51,0,9.999
2.511,0,9.999
2.512,0,9.999
2.513,0,9.999
2.514,0,9.999
2.515,0,9.999
2.516,0,9.999
2.517,0,9.999
2.518,0,9.999
2.519,0,9.999
2.52,0,9.999
2.521,0,9.999
2.522,0,9.999
2.523,0,9.999
2.524,0,9.999
2.525,0,9.999
2.526,0,9.999
2.527,0,9.999
2.528,0,9.999
2.529,0,9.999
2.53,0,9.999
2.531,0,9.999
2.532,0,9.999
2.533,0,9.999
2.534,0,9.999
2.535,0,9.999
2.536,0,9.999
2.537,0,9.999
2.538,0,9.999
2.539,0,9.999
2.54,0,9.999
2.541,0,9.999
2.542,0,9.999
2.543,0,9.999
2.544,0,9.999
2.545,0,9.999
2.546,0,9.999
2.547,0,9.999
2.548,0,9.999
2.549,0,9.999
2.55,0,9.999
2.551,0,9.999
2.552,0,9.999
2.553,0,9.999
2.554,0,9.999
2.555,0,9.999
2.556,0,9.999
2.557,0,9.999
2.558,0,9.999
2.559,0,9.999
2.56,0,9.999
2.561,0,9.999
2.562,0,9.999
2.563,0,9.999
2.564,0,9.999
2.565,0,9.999
2.566,0,9.999
2.567,0,9.999
2.568,0,9.999
2.569,0,9.999
2.57,0,9.999
2.571,0,9.999
2.572,0,9.999
2.573,0,9.999
2.574,0,9.999
2.575,0,9.999
2.576,0,9.999
2.577,0,9.999
2.578,0,9.999
2.579,0,9.999
2.58,0,9.999
2.581,0,9.999
2.582,0,9.999
2.583,0,9.999
2.584,0,9.999
2.585,0,9.999
2.586,0,9.999
2.587,0,9.999
2.588,0,9.999
2.589,0,9.999
2.59,0,9.999
2.591,0,9.999
2.592,0,9.999
2.593,0,9.999
2.594,0,9.999
2.595,0,9.999
2.596,0,9.999
2.597,0,9.999
2.598,0,9.999
2.599,0,9.999
2.6,0,9.999
2.601,0,9.999
2.602,0,9.999
2.603,0,9.999
2.604,0,9.999
2.605,0,9.999
2.606,0,9.999
2.607,0,9.999
2.608,0,9.999
2.609,0,9.999
2.61,0,9.999
2.611,0,9.999
2.612,0,9.999
2.613,0,9.999
2.614,0,9.999
2.615,0,9.999
2.616,0,9.999
2.617,0,9.999
2.618,0,9.999
2.619,0,9.999
2.62,0,9.999
2.621,0,9.999
2.622,0,9.999
2.623,0,9.999
2.624,0,9.999
2.625,0,9.999
2.626,0,9.999
2.627,0,9.999
2.628,0,9.999
2.629,0,9.999
2.63,0,9.999
2.631,0,9.999
2.632,0,9.999
2.633,0,9.999
2.634,0,9.999
2.635,0,9.999
2.636,0,9.999
2.637,0,9.999
2.638,0,9.999
2.639,0,9.999
2.64,0,9.999
2.641,0,9.999
2.642,0,9.999
2.643,0,9.999
2.644,0,9.999
2.645,0,9.999
2.646,0,9.999
2.647,0,9.999
2.648,0,9.999
2.649,0,9.999
2.65,0,9.999
2.651,0,9.999
2.652,0,9.999
2.653,0,9.999
2.654,0,9.999
2.655,0,9.999
2.656,0,9.999
2.657,0,9.999
2.658,0,9.999
2.659,0,9.999
2.66,0,9.999
2.661,0,9.999
2.662,0,9.999
2.663,0,9.999
2.664,0,9.999
2.665,0,9.999
2.666,0,9.999
2.667,0,9.999
2.668,0,9.999
2.669,0,9.999
2.67,0,9.999
2.671,0,9.999
2.672,0,9.999
2.673,0,9.999
2.674,0,9.999
2.675,0,9.999
2.676,0,9.999
2.677,0,9.999
2.678,0,9.999
2.679,0,9.999
2.68,0,9.999
2.681,0,9.999
2.682,0,9.999
2.683,0,9.999
2.684,0,9.999
2.685,0,9.999
2.686,0,9.999
2.687,0,9.999
2.688,0,9.999
2.689,0,9.999
2.69,0,9.999
2.691,0,9.999
2.692,0,9.999
2.693,0,9.999
2.694,0,9.999
2.695,0,9.999
2.696,0,9.999
2.697,0,9.999
2.698,0,9.999
2.699,0,9.999
2.7,0,9.999
2.701,0,9.999
2.702,0,9.999
2.703,0,9.999
2.704,0,9.999
2.705,0,9.999
2.706,0,9.999
2.707,0,9.999
2.708,0,9.999
2.709,0,9.999
2.71,0,9.999
2.711,0,9.999
2.712,0,9.999
2.713,0,9.999
2.714,0,9.999
2.715,0,9.999
2.716,0,9.999
2.717,0,9.999
2.718,0,9.999
2.719,0,9.999
2.72,0,9.999
2.721,0,9.999
2.722,0,9.999
2.723,0,9.999
2.724,0,9.999
2.725,0,9.999
2.726,0,9.999
2.727,0,9.999
2.728,0,9.999
2.729,0,9.999
2.73,0,9.999
2.731,0,9.999
2.732,0,9.999
2.733,0,9.999
2.734,0,9.999
2.735,0,9.999
2.736,0,9.999
2.737,0,9.999
2.738,0,9.999
2.739,0,9.999
2.74,0,9.999
2.741,0,9.999
2.742,0,9.999
2.743,0,9.999
2.744,0,9.999
2.745,0,9.999
2.746,0,9.999
2.747,0,9.999
2.748,0,9.999
2.749,0,9.999
2.75,0,9.999
2.751,0,9.999
2.752,0,9.999
2.753,0,9.999
2.754,0,9.999
2.755,0,9.999
2.756,0,9.999
2.757,0,9.999
2.758,0,9.999
2.759,0,9.999
2.76,0,9.999
2.761,0,9.999
2.762,0,9.999
2.763,0,9.999
2.764,0,9.999
2.765,0,9.999
2.766,0,9.999
2.767,0,9.999
2.768,0,9.999
2.769,0,9.999
2.77,0,9.999
2.771,0,9.999
2.772,0,9.999
2.773,0,9.999
2.774,0,9.999
2.775,0,9.999
2.776,0,9.999
2.777,0,9.999
2.778,0,9.999
2.779,0,9.999
2.78,0,9.999
2.781,0,9.999
2.782,0,9.999
2.783,0,9.999
2.784,0,9.999
2.785,0,9.999
2.786,0,9.999
2.787,0,9.999
2.788,0,9.999
2.789,0,9.999
2.79,0,9.999
2.791,0,9.999
2.792,0,9.999
2.793,0,9.999
2.794,0,9.999
2.795,0,9.999
2.796,0,9.999
2.797,0,9.999
2.798,0,9.999
2.799,0,9.999
2.8,0,9.999
2.801,0,9.999
2.802,0,9.999
2.803,0,9.999
2.804,0,9.999
2.805,0,9.999
2.806,0,9.999
2.807,0,9.999
2.808,0,9.999
2.809,0,9.999
2.81,0,9.999
2.811,0,9.999
2.812,0,9.999
2.813,0,9.999
2.814,0,9.999
2.815,0,9.999
2.816,0,9.999
2.817,0,9.999
2.818,0,9.999
2.819,0,9.999
2.82,0,9.999
2.821,0,9.999
2.822,0,9.999
2.823,0,9.999
2.824,0,9.999
2.825,0,9.999
2.826,0,9.999
2.827,0,9.999
2.828,0,9.999
2.829,0,9.999
2.83,0,9.999
2.831,0,9.999
2.832,0,9.999
2.833,0,9.999
2.834,0,9.999
2.835,0,9.999
2.836,0,9.999
2.837,0,9.999
2.838,0,9.999
2.839,0,9.999
2.84,0,9.999
2.841,0,9.999
2.842,0,9.999
2.843,0,9.999
2.844,0,9.999
2.845,0,9.999
2.846,0,9.999
2.847,0,9.999
2.848,0,9.999
2.849,0,9.999
2.85,0,9.999
2.851,0,9.999
2.852,0,9.999
2.853,0,9.999
2.854,0,9.999
2.855,0,9.999
2.856,0,9.999
2.857,0,9.999
2.858,0,9.999
2.859,0,9.999
2.86,0,9.999
2.861,0,9.999
2.862,0,9.999
2.863,0,9.999
2.864,0,9.999
2.865,0,9.999
2.866,0,9.999
2.867,0,9.999
2.868,0,9.999
2.869,0,9.999
2.87,0,9.999
2.871,0,9.999
2.872,0,9.999
2.873,0,9.999
2.874,0,9.999
2.875,0,9.999
2.876,0,9.999
2.877,0,9.999
2.878,0,9.999
2.879,0,9.999
2.88,0,9.999
2.881,0,9.999
2.882,0,9.999
2.883,0,9.999
2.884,0,9.999
2.885,0,9.999
2.886,0,9.999
2.887,0,9.999
2.888,0,9.999
2.889,0,9.999
2.89,0,9.999
2.891,0,9.999
2.892,0,9.999
2.893,0,9.999
2.894,0,9.999
2.895,0,9.999
2.896,0,9.999
2.897,0,9.999
2.898,0,9.999
2.899,0,9.999
2.9,0,9.999
2.901,0,9.999
2.902,0,9.999
2.903,0,9.999
2.904,0,9.999
2.905,0,9.999
2.906,0,9.999
2.907,0,9.999
2.908,0,9.999
2.909,0,9.999
2.91,0,9.999
2.911,0,9.999
2.912,0,9.999
2.913,0,9.999
2.914,0,9.999
2.915,0,9.999
2.916,0,9.999
2.917,0,9.999
2.918,0,9.999
2.919,0,9.999
2.92,0,9.999
2.921,0,9.999
2.922,0,9.999
2.923,0,9.999
2.924,0,9.999
2.925,0,9.999
2.926,0,9.999
2.927,0,9.999
2.928,0,9.999
2.929,0,9.999
2.93,0,9.999
2.931,0,9.999
2.932,0,9.999
2.933,0,9.999
2.934,0,9.999
2.935,0,9.999
2.936,0,9.999
2.937,0,9.999
2.938,0,9.999
2.939,0,9.999
2.94,0,9.999
2.941,0,9.999
2.942,0,9.999
2.943,0,9.999
2.944,0,9.999
2.945,0,9.999
2.946,0,9.999
2.947,0,9.999
2.948,0,9.999
2.949,0,9.999
2.95,0,9.999
2.951,0,9.999
2.952,0,9.999
2.953,0,9.999
2.954,0,9.999
2.955,0,9.999
2.956,0,9.999
2.957,0,9.999
2.958,0,9.999
2.959,0,9.999
2.96,0,9.999
2.961,0,9.999
2.962,0,9.999
2.963,0,9.999
2.964,0,9.999
2.965,0,9.999
2.966,0,9.999
2.967,0,9.999
2.968,0,9.999
2.969,0,9.999
2.97,0,9.999
2.971,0,9.999
2.972,0,9.999
2.973,0,9.999
2.974,0,9.999
2.975,0,9.999
2.976,0,9.999
2.977,0,9.999
2.978,0,9.999
2.979,0,9.999
2.98,0,9.999
2.981,0,9.999
2.982,0,9.999
2.983,0,9.999
2.984,0,9.999
2.985,0,9.999
2.986,0,9.999
2.987,0,9.999
2.988,0,9.999
2.989,0,9.999
2.99,0,9.999
2.991,0,9.999
2.992,0,9.999
2.993,0,9.999
2.994,0,9.999
2.995,0,9.999
2.996,0,9.999
2.997,0,9.999
2.998,0,9.999
2.999,0,9.999
3,0,9.999
3.001,0,9.999
3.002,0,9.999
3.003,0,9.999
3.004,0,9.999
3.005,0,9.999
3.006,0,9.999
3.007,0,9.999
3.008,0,9.999
3.009,0,9.999
3.01,0,9.999
3.011,0,9.999
3.012,0,9.999
3.013,0,9.999
3.014,0,9.999
3.015,0,9.999
3.016,0,9.999
3.017,0,9.999
3.018,0,9.999
3.019,0,9.999
3.02,0,9.999
3.021,0,9.999
3.022,0,9.999
3.023,0,9.999
3.024,0,9.999
3.025,0,9.999
3.026,0,9.999
3.027,0,9.999
3.028,0,9.999
3.029,0,9.999
3.03,0,9.999
3.031,0,9.999
3.032,0,9.999
3.033,0,9.999
3.034,0,9.999
3.035,0,9.999
3.036,0,9.999
3.037,0,9.999
3.038,0,9.999
3.039,0,9.999
3.04,0,9.999
3.041,0,9.999
3.042,0,9.999
3.043,0,9.999
3.044,0,9.999
3.045,0,9.999
3.046,0,9.999
3.047,0,9.999
3.048,0,9.999
3.049,0,9.999
3.05,0,9.999
3.051,0,9.999
3.052,0,9.999
3.053,0,9.999
3.054,0,9.999
3.055,0,9.999
3.056,0,9.999
3.057,0,9.999
3.058,0,9.999
3.059,0,9.999
3.06,0,9.999
3.061,0,9.999
3.062,0,9.999
3.063,0,9.999
3.064,0,9.999
3.065,0,9.999
3.066,0,9.999
3.067,0,9.999
3.068,0,9.999
3.069,0,9.999
3.07,0,9.999
3.071,0,9.999
3.072,0,9.999
3.073,0,9.999
3.074,0,9.999
3.075,0,9.999
3.076,0,9.999
3.077,0,9.999
3.078,0,9.999
3.079,0,9.999
3.08,0,9.999
3.081,0,9.999
3.082,0,9.999
3.083,0,9.999
3.084,0,9.999
3.085,0,9.999
3.086,0,9.999
3.087,0,9.999
3.088,0,9.999
3.089,0,9.999
3.09,0,9.999
3.091,0,9.999
3.092,0,9.999
3.093,0,9.999
3.094,0,9.999
3.095,0,9.999
3.096,0,9.999
3.097,0,9.999
3.098,0,9.999
3.099,0,9.999
3.1,0,9.999
3.101,0,9.999
3.102,0,9.999
3.103,0,9.999
3.104,0,9.999
3.105,0,9.999
3.106,0,9.999
3.107,0,9.999
3.108,0,9.999
3.109,0,9.999
3.11,0,9.999
3.111,0,9.999
3.112,0,9.999
3.113,0,9.999
3.114,0,9.999
3.115,0,9.999
3.116,0,9.999
3.117,0,9.999
3.118,0,9.999
3.119,0,9.999
3.12,0,9.999
3.121,0,9.999
3.122,0,9.999
3.123,0,9.999
3.124,0,9.999
3.125,0,9.999
3.126,0,9.999
3.127,0,9.999
3.128,0,9.999
3.129,0,9.999
3.13,0,9.999
3.131,0,9.999
3.132,0,9.999
3.133,0,9.999
3.134,0,9.999
3.135,0,9.999
3.136,0,9.999
3.137,0,9.999
3.138,0,9.999
3.139,0,9.999
3.14,0,9.999
3.141,0,9.999
3.142,0,9.999
3.143,0,9.999
3.144,0,9.999
3.145,0,9.999
3.146,0,9.999
3.147,0,9.999
3.148,0,9.999
3.149,0,9.999
3.15,0,9.999
3.151,0,9.999
3.152,0,9.999
3.153,0,9.999
3.154,0,9.999
3.155,0,9.999
3.156,0,9.999
3.157,0,9.999
3.158,0,9.999
3.159,0,9.999
3.16,0,9.999
3.161,0,9.999
3.162,0,9.999
3.163,0,9.999
3.164,0,9.999
3.165,0,9.999
3.166,0,9.999
3.167,0,9.999
3.168,0,9.999
3.169,0,9.999
3.17,0,9.999
3.171,0,9.999
3.172,0,9.999
3.173,0,9.999
3.174,0,9.999
3.175,0,9.999
3.176,0,9.999
3.177,0,9.999
3.178,0,9.999
3.179,0,9.999
3.18,0,9.999
3.181,0,9.999
3.182,0,9.999
3.183,0,9.999
3.184,0,9.999
3.185,0,9.999
3.186,0,9.999
3.187,0,9.999
3.188,0,9.999
3.189,0,9.999
3.19,0,9.999
3.191,0,9.999
3.192,0,9.999
3.193,0,9.999
3.194,0,9.999
3.195,0,9.999
3.196,0,9.999
3.197,0,9.999
3.198,0,9.999
3.199,0,9.999
3.2,0,9.999
3.201,0,9.999
3.202,0,9.999
3.203,0,9.999
3.204,0,9.999
3.205,0,9.999
3.206,0,9.999
3.207,0,9.999
3.208,0,9.999
3.209,0,9.999
3.21,0,9.999
3.211,0,9.999
3.212,0,9.999
3.213,0,9.999
3.214,0,9.999
3.215,0,9.999
3.216,0,9.999
3.217,0,9.999
3.218,0,9.999
3.219,0,9.999
3.22,0,9.999
3.221,0,9.999
3.222,0,9.999
3.223,0,9.999
3.224,0,9.999
3.225,0,9.999
3.226,0,9.999
3.227,0,9.999
3.228,0,9.999
3.229,0,9.999
3.23,0,9.999
3.231,0,9.999
3.232,0,9.999
3.233,0,9.999
3.234,0,9.999
3.235,0,9.999
3.236,0,9.999
3.237,0,9.999
3.238,0,9.999
3.239,0,9.999
3.24,0,9.999
3.241,0,9.999
3.242,0,9.999
3.243,0,9.999
3.244,0,9.999
3.245,0,9.999
3.246,0,9.999
3.247,0,9.999
3.248,0,9.999
3.249,0,9.999
3.25,0,9.999
3.251,0,9.999
3.252,0,9.999
3.253,0,9.999
3.254,0,9.999
3.255,0,9.999
3.256,0,9.999
3.257,0,9.999
3.258,0,9.999
3.259,0,9.999
3.26,0,9.999
3.261,0,9.999
3.262,0,9.999
3.263,0,9.999
3.264,0,9.999
3.265,0,9.999
3.266,0,9.999
3.267,0,9.999
3.268,0,9.999
3.269,0,9.999
3.27,0,9.999
3.271,0,9.999
3.272,0,9.999
3.273,0,9.999
3.274,0,9.999
3.275,0,9.999
3.276,0,9.999
3.277,0,9.999
3.278,0,9.999
3.279,0,9.999
3.28,0,9.999
3.281,0,9.999
3.282,0,9.999
3.283,0,9.999
3.284,0,9.999
3.285,0,9.999
3.286,0,9.999
3.287,0,9.999
3.288,0,9.999
3.289,0,9.999
3.29,0,9.999
3.291,0,9.999
3.292,0,9.999
3.293,0,9.999
3.294,0,9.999
3.295,0,9.999
3.296,0,9.999
3.297,0,9.999
3.298,0,9.999
3.299,0,9.999
3.3,0,9.999
3.301,0,9.999
3.302,0,9.999
3.303,0,9.999
3.304,0,9.999
3.305,0,9.999
3.306,0,9.999
3.307,0,9.999
3.308,0,9.999
3.309,0,9.999
3.31,0,9.999
3.311,0,9.999
3.312,0,9.999
3.313,0,9.999
3.314,0,9.999
3.315,0,9.999
3.316,0,9.999
3.317,0,9.999
3.318,0,9.999
3.319,0,9.999
3.32,0,9.999
3.321,0,9.999
3.322,0,9.999
3.323,0,9.999
3.324,0,9.999
3.325,0,9.999
3.326,0,9.999
3.327,0,9.999
3.328,0,9.999
3.329,0,9.999
3.33,0,9.999
3.331,0,9.999
3.332,0,9.999
3.333,0,9.999
3.334,0,9.999
3.335,0,9.999
3.336,0,9.999
3.337,0,9.999
3.338,0,9.999
3.339,0,9.999
3.34,0,9.999
3.341,0,9.999
3.342,0,9.999
3.343,0,9.999
3.344,0,9.999
3.345,0,9.999
3.346,0,9.999
3.347,0,9.999
3.348,0,9.999
3.349,0,9.999
3.35,0,9.999
3.351,0,9.999
3.352,0,9.999
3.353,0,9.999
3.354,0,9.999
3.355,0,9.999
3.356,0,9.999
3.357,0,9.999
3.358,0,9.999
3.359,0,9.999
3.36,0,9.999
3.361,0,9.999
3.362,0,9.999
3.363,0,9.999
3.364,0,9.999
3.365,0,9.999
3.366,0,9.999
3.367,0,9.999
3.368,0,9.999
3.369,0,9.999
3.37,0,9.999
3.371,0,9.999
3.372,0,9.999
3.373,0,9.999
3.374,0,9.999
3.375,0,9.999
3.376,0,9.999
3.377,0,9.999
3.378,0,9.999
3.379,0,9.999
3.38,0,9.999
3.381,0,9.999
3.382,0,9.999
3.383,0,9.999
3.384,0,9.999
3.385,0,9.999
3.386,0,9.999
3.387,0,9.999
3.388,0,9.999
3.389,0,9.999
3.39,0,9.999
3.391,0,9.999
3.392,0,9.999
3.393,0,9.999
3.394,0,9.999
3.395,0,9.999
3.396,0,9.999
3.397,0,9.999
3.398,0,9.999
3.399,0,9.999
3.4,0,9.999
3.401,0,9.999
3.402,0,9.999
3.403,0,9.999
3.404,0,9.999
3.405,0,9.999
3.406,0,9.999
3.407,0,9.999
3.408,0,9.999
3.409,0,9.999
3.41,0,9.999
3.411,0,9.999
3.412,0,9.999
3.413,0,9.999
3.414,0,9.999
3.415,0,9.999
3.416,0,9.999
3.417,0,9.999
3.418,0,9.999
3.419,0,9.999
3.42,0,9.999
3.421,0,9.999
3.422,0,9.999
3.423,0,9.999
3.424,0,9.999
3.425,0,9.999
3.426,0,9.999
3.427,0,9.999
3.428,0,9.999
3.429,0,9.999
3.43,0,9.999
3.431,0,9.999
3.432,0,9.999
3.433,0,9.999
3.434,0,9.999
3.435,0,9.999
3.436,0,9.999
3.437,0,9.999
3.438,0,9.999
3.439,0,9.999
3.44,0,9.999
3.441,0,9.999
3.442,0,9.999
3.443,0,9.999
3.444,0,9.999
3.445,0,9.999
3.446,0,9.999
3.447,0,9.999
3.448,0,9.999
3.449,0,9.999
3.45,0,9.999
3.451,0,9.999
3.452,0,9.999
3.453,0,9.999
3.454,0,9.999
3.455,0,9.999
3.456,0,9.999
3.457,0,9.999
3.458,0,9.999
3.459,0,9.999
3.46,0,9.999
3.461,0,9.999
3.462,0,9.999
3.463,0,9.999
3.464,0,9.999
3.465,0,9.999
3.466,0,9.999
3.467,0,9.999
3.468,0,9.999
3.469,0,9.999
3.47,0,9.999
3.471,0,9.999
3.472,0,9.999
3.473,0,9.999
3.474,0,9.999
3.475,0,9.999
3.476,0,9.999
3.477,0,9.999
3.478,0,9.999
3.479,0,9.999
3.48,0,9.999
3.481,0,9.999
3.482,0,9.999
3.483,0,9.999
3.484,0,9.999
3.485,0,9.999
3.486,0,9.999
3.487,0,9.999
3.488,0,9.999
3.489,0,9.999
3.49,0,9.999
3.491,0,9.999
3.492,0,9.999
3.493,0,9.999
3.494,0,9.999
3.495,0,9.999
3.496,0,9.999
3.497,0,9.999
3.498,0,9.999
3.499,0,9.999
3.5,0,9.999
3.501,0,9.999
3.502,0,9.999
3.503,0,9.999
3.504,0,9.999
3.505,0,9.999
3.506,0,9.999
3.507,0,9.999
3.508,0,9.999
3.509,0,9.999
3.51,0,9.999
3.511,0,9.999
3.512,0,9.999
3.513,0,9.999
3.514,0,9.999
3.515,0,9.999
3.516,0,9.999
3.517,0,9.999
3.518,0,9.999
3.519,0,9.999
3.52,0,9.999
3.521,0,9.999
3.522,0,9.999
3.523,0,9.999
3.524,0,9.999
3.525,0,9.999
3.526,0,9.999
3.527,0,9.999
3.528,0,9.999
3.529,0,9.999
3.53,0,9.999
3.531,0,9.999
3.532,0,9.999
3.533,0,9.999
3.534,0,9.999
3.535,0,9.999
3.536,0,9.999
3.537,0,9.999
3.538,0,9.999
3.539,0,9.999
3.54,0,9.999
3.541,0,9.999
3.542,0,9.999
3.543,0,9.999
3.544,0,9.999
3.545,0,9.999
3.546,0,9.999
3.547,0,9.999
3.548,0,9.999
3.549,0,9.999
3.55,0,9.999
3.551,0,9.999
3.552,0,9.999
3.553,0,9.999
3.554,0,9.999
3.555,0,9.999
3.556,0,9.999
3.557,0,9.999
3.558,0,9.999
3.559,0,9.999
3.56,0,9.999
3.561,0,9.999
3.562,0,9.999
3.563,0,9.999
3.564,0,9.999
3.565,0,9.999
3.566,0,9.999
3.567,0,9.999
3.568,0,9.999
3.569,0,9.999
3.57,0,9.999
3.571,0,9.999
3.572,0,9.999
3.573,0,9.999
3.574,0,9.999
3.575,0,9.999
3.576,0,9.999
3.577,0,9.999
3.578,0,9.999
3.579,0,9.999
3.58,0,9.999
3.581,0,9.999
3.582,0,9.999
3.583,0,9.999
3.584,0,9.999
3.585,0,9.999
3.586,0,9.999
3.587,0,9.999
3.588,0,9.999
3.589,0,9.999
3.59,0,9.999
3.591,0,9.999
3.592,0,9.999
3.593,0,9.999
3.594,0,9.999
3.595,0,9.999
3.596,0,9.999
3.597,0,9.999
3.598,0,9.999
3.599,0,9.999
3.6,0,9.999
3.601,0,9.999
3.602,0,9.999
3.603,0,9.999
3.604,0,9.999
3.605,0,9.999
3.606,0,9.999
3.607,0,9.999
3.608,0,9.999
3.609,0,9.999
3.61,0,9.999
3.611,0,9.999
3.612,0,9.999
3.613,0,9.999
3.614,0,9.999
3.615,0,9.999
3.616,0,9.999
3.617,0,9.999
3.618,0,9.999
3.619,0,9.999
3.62,0,9.999
3.621,0,9.999
3.622,0,9.999
3.623,0,9.999
3.624,0,9.999
3.625,0,9.999
3.626,0,9.999
3.627,0,9.999
3.628,0,9.999
3.629,0,9.999
3.63,0,9.999
3.631,0,9.999
3.632,0,9.999
3.633,0,9.999
3.634,0,9.999
3.635,0,9.999
3.636,0,9.999
3.637,0,9.999
3.638,0,9.999
3.639,0,9.999
3.64,0,9.999
3.641,0,9.999
3.642,0,9.999
3.643,0,9.999
3.644,0,9.999
3.645,0,9.999
3.646,0,9.999
3.647,0,9.999
3.648,0,9.999
3.649,0,9.999
3.65,0,9.999
3.651,0,9.999
3.652,0,9.999
3.653,0,9.999
3.654,0,9.999
3.655,0,9.999
3.656,0,9.999
3.657,0,9.999
3.658,0,9.999
3.659,0,9.999
3.66,0,9.999
3.661,0,9.999
3.662,0,9.999
3.663,0,9.999
3.664,0,9.999
3.665,0,9.999
3.666,0,9.999
3.667,0,9.999
3.668,0,9.999
3.669,0,9.999
3.67,0,9.999
3.671,0,9.999
3.672,0,9.999
3.673,0,9.999
3.674,0,9.999
3.675,0,9.999
3.676,0,9.999
3.677,0,9.999
3.678,0,9.999
3.679,0,9.999
3.68,0,9.999
3.681,0,9.999
3.682,0,9.999
3.683,0,9.999
3.684,0,9.999
3.685,0,9.999
3.686,0,9.999
3.687,0,9.999
3.688,0,9.999
3.689,0,9.999
3.69,0,9.999
3.691,0,9.999
3.692,0,9.999
3.693,0,9.999
3.694,0,9.999
3.695,0,9.999
3.696,0,9.999
3.697,0,9.999
3.698,0,9.999
3.699,0,9.999
3.7,0,9.999
3.701,0,9.999
3.702,0,9.999
3.703,0,9.999
3.704,0,9.999
3.705,0,9.999
3.706,0,9.999
3.707,0,9.999
3.708,0,9.999
3.709,0,9.999
3.71,0,9.999
3.711,0,9.999
3.712,0,9.999
3.713,0,9.999
3.714,0,9.999
3.715,0,9.999
3.716,0,9.999
3.717,0,9.999
3.718,0,9.999
3.719,0,9.999
3.72,0,9.999
3.721,0,9.999
3.722,0,9.999
3.723,0,9.999
3.724,0,9.999
3.725,0,9.999
3.726,0,9.999
3.727,0,9.999
3.728,0,9.999
3.729,0,9.999
3.73,0,9.999
3.731,0,9.999
3.732,0,9.999
3.733,0,9.999
3.734,0,9.999
3.735,0,9.999
3.736,0,9.999
3.737,0,9.999
3.738,0,9.999
3.739,0,9.999
3.74,0,9.999
3.741,0,9.999
3.742,0,9.999
3.743,0,9.999
3.744,0,9.999
3.745,0,9.999
3.746,0,9.999
3.747,0,9.999
3.748,0,9.999
3.749,0,9.999
3.75,0,9.999
3.751,0,9.999
3.752,0,9.999
3.753,0,9.999
3.754,0,9.999
3.755,0,9.999
3.756,0,9.999
3.757,0,9.999
3.758,0,9.999
3.759,0,9.999
3.76,0,9.999
3.761,0,9.999
3.762,0,9.999
3.763,0,9.999
3.764,0,9.999
3.765,0,9.999
3.766,0,9.999
3.767,0,9.999
3.768,0,9.999
3.769,0,9.999
3.77,0,9.999
3.771,0,9.999
3.772,0,9.999
3.773,0,9.999
3.774,0,9.999
3.775,0,9.999
3.776,0,9.999
3.777,0,9.999
3.778,0,9.999
3.779,0,9.999
3.78,0,9.999
3.781,0,9.999
3.782,0,9.999
3.783,0,9.999
3.784,0,9.999
3.785,0,9.999
3.786,0,9.999
3.787,0,9.999
3.788,0,9.999
3.789,0,9.999
3.79,0,9.999
3.791,0,9.999
3.792,0,9.999
3.793,0,9.999
3.794,0,9.999
3.795,0,9.999
3.796,0,9.999
3.797,0,9.999
3.798,0,9.999
3.799,0,9.999
3.8,0,9.999
3.801,0,9.999
3.802,0,9.999
3.803,0,9.999
3.804,0,9.999
3.805,0,9.999
3.806,0,9.999
3.807,0,9.999
3.808,0,9.999
3.809,0,9.999
3.81,0,9.999
3.811,0,9.999
3.812,0,9.999
3.813,0,9.999
3.814,0,9.999
3.815,0,9.999
3.816,0,9.999
3.817,0,9.999
3.818,0,9.999
3.819,0,9.999
3.82,0,9.999
3.821,0,9.999
3.822,0,9.999
3.823,0,9.999
3.824,0,9.999
3.825,0,9.999
3.826,0,9.999
3.827,0,9.999
3.828,0,9.999
3.829,0,9.999
3.83,0,9.999
3.831,0,9.999
3.832,0,9.999
3.833,0,9.999
3.834,0,9.999
3.835,0,9.999
3.836,0,9.999
3.837,0,9.999
3.838,0,9.999
3.839,0,9.999
3.84,0,9.999
3.841,0,9.999
3.842,0,9.999
3.843,0,9.999
3.844,0,9.999
3.845,0,9.999
3.846,0,9.999
3.847,0,9.999
3.848,0,9.999
3.849,0,9.999
3.85,0,9.999
3.851,0,9.999
3.852,0,9.999
3.853,0,9.999
3.854,0,9.999
3.855,0,9.999
3.856,0,9.999
3.857,0,9.999
3.858,0,9.999
3.859,0,9.999
3.86,0,9.999
3.861,0,9.999
3.862,0,9.999
3.863,0,9.999
3.864,0,9.999
3.865,0,9.999
3.866,0,9.999
3.867,0,9.999
3.868,0,9.999
3.869,0,9.999
3.87,0,9.999
3.871,0,9.999
3.872,0,9.999
3.873,0,9.999
3.874,0,9.999
3.875,0,9.999
3.876,0,9.999
3.877,0,9.999
3.878,0,9.999
3.879,0,9.999
3.88,0,9.999
3.881,0,9.999
3.882,0,9.999
3.883,0,9.999
3.884,0,9.999
3.885,0,9.999
3.886,0,9.999
3.887,0,9.999
3.888,0,9.999
3.889,0,9.999
3.89,0,9.999
3.891,0,9.999
3.892,0,9.999
3.893,0,9.999
3.894,0,9.999
3.895,0,9.999
3.896,0,9.999
3.897,0,9.999
3.898,0,9.999
3.899,0,9.999
3.9,0,9.999
3.901,0,9.999
3.902,0,9.999
3.903,0,9.999
3.904,0,9.999
3.905,0,9.999
3.906,0,9.999
3.907,0,9.999
3.908,0,9.999
3.909,0,9.999
3.91,0,9.999
3.911,0,9.999
3.912,0,9.999
3.913,0,9.999
3.914,0,9.999
3.915,0,9.999
3.916,0,9.999
3.917,0,9.999
3.918,0,9.999
3.919,0,9.999
3.92,0,9.999
3.921,0,9.999
3.922,0,9.999
3.923,0,9.999
3.924,0,9.999
3.925,0,9.999
3.926,0,9.999
3.927,0,9.999
3.928,0,9.999
3.929,0,9.999
3.93,0,9.999
3.931,0,9.999
3.932,0,9.999
3.933,0,9.999
3.934,0,9.999
3.935,0,9.999
3.936,0,9.999
3.937,0,9.999
3.938,0,9.999
3.939,0,9.999
3.94,0,9.999
3.941,0,9.999
3.942,0,9.999
3.943,0,9.999
3.944,0,9.999
3.945,0,9.999
3.946,0,9.999
3.947,0,9.999
3.948,0,9.999
3.949,0,9.999
3.95,0,9.999
3.951,0,9.999
3.952,0,9.999
3.953,0,9.999
3.954,0,9.999
3.955,0,9.999
3.956,0,9.999
3.957,0,9.999
3.958,0,9.999
3.959,0,9.999
3.96,0,9.999
3.961,0,9.999
3.962,0,9.999
3.963,0,9.999
3.964,0,9.999
3.965,0,9.999
3.966,0,9.999
3.967,0,9.999
3.968,0,9.999
3.969,0,9.999
3.97,0,9.999
3.971,0,9.999
3.972,0,9.999
3.973,0,9.999
3.974,0,9.999
3.975,0,9.999
3.976,0,9.999
3.977,0,9.999
3.978,0,9.999
3.979,0,9.999
3.98,0,9.999
3.981,0,9.999
3.982,0,9.999
3.983,0,9.999
3.984,0,9.999
3.985,0,9.999
3.986,0,9.999
3.987,0,9.999
3.988,0,9.999
3.989,0,9.999
3.99,0,9.999
3.991,0,9.999
3.992,0,9.999
3.993,0,9.999
3.994,0,9.999
3.995,0,9.999
3.996,0,9.999
3.997,0,9.999
3.998,0,9.999
3.999,0,9.999
4,0,9.999
4.001,0,9.999
4.002,0,9.999
4.003,0,9.999
4.004,0,9.999
4.005,0,9.999
4.006,0,9.999
4.007,0,9.999
4.008,0,9.999
4.009,0,9.999
4.01,0,9.999
4.011,0,9.999
4.012,0,9.999
4.013,0,9.999
4.014,0,9.999
4.015,0,9.999
4.016,0,9.999
4.017,0,9.999
4.018,0,9.999
4.019,0,9.999
4.02,0,9.999
4.021,0,9.999
4.022,0,9.999
4.023,0,9.999
4.024,0,9.999
4.025,0,9.999
4.026,0,9.999
4.027,0,9.999
4.028,0,9.999
4.029,0,9.999
4.03,0,9.999
4.031,0,9.999
4.032,0,9.999
4.033,0,9.999
4.034,0,9.999
4.035,0,9.999
4.036,0,9.999
4.037,0,9.999
4.038,0,9.999
4.039,0,9.999
4.04,0,9.999
4.041,0,9.999
4.042,0,9.999
4.043,0,9.999
4.044,0,9.999
4.045,0,9.999
4.046,0,9.999
4.047,0,9.999
4.048,0,9.999
4.049,0,9.999
4.05,0,9.999
4.051,0,9.999
4.052,0,9.999
4.053,0,9.999
4.054,0,9.999
4.055,0,9.999
4.056,0,9.999
4.057,0,9.999
4.058,0,9.999
4.059,0,9.999
4.06,0,9.999
4.061,0,9.999
4.062,0,9.999
4.063,0,9.999
4.064,0,9.999
4.065,0,9.999
4.066,0,9.999
4.067,0,9.999
4.068,0,9.999
4.069,0,9.999
4.07,0,9.999
4.071,0,9.999
4.072,0,9.999
4.073,0,9.999
4.074,0,9.999
4.075,0,9.999
4.076,0,9.999
4.077,0,9.999
4.078,0,9.999
4.079,0,9.999
4.08,0,9.999
4.081,0,9.999
4.082,0,9.999
4.083,0,9.999
4.084,0,9.999
4.085,0,9.999
4.086,0,9.999
4.087,0,9.999
4.088,0,9.999
4.089,0,9.999
4.09,0,9.999
4.091,0,9.999
4.092,0,9.999
4.093,0,9.999
4.094,0,9.999
4.095,0,9.999
4.096,0,9.999
4.097,0,9.999
4.098,0,9.999
4.099,0,9.999
4.1,0,9.999
4.101,0,9.999
4.102,0,9.999
4.103,0,9.999
4.104,0,9.999
4.105,0,9.999
4.106,0,9.999
4.107,0,9.999
4.108,0,9.999
4.109,0,9.999
4.11,0,9.999
4.111,0,9.999
4.112,0,9.999
4.113,0,9.999
4.114,0,9.999
4.115,0,9.999
4.116,0,9.999
4.117,0,9.999
4.118,0,9.999
4.119,0,9.999
4.12,0,9.999
4.121,0,9.999
4.122,0,9.999
4.123,0,9.999
4.124,0,9.999
4.125,0,9.999
4.126,0,9.999
4.127,0,9.999
4.128,0,9.999
4.129,0,9.999
4.13,0,9.999
4.131,0,9.999
4.132,0,9.999
4.133,0,9.999
4.134,0,9.999
4.135,0,9.999
4.136,0,9.999
4.137,0,9.999
4.138,0,9.999
4.139,0,9.999
4.14,0,9.999
4.141,0,9.999
4.142,0,9.999
4.143,0,9.999
4.144,0,9.999
4.145,0,9.999
4.146,0,9.999
4.147,0,9.999
4.148,0,9.999
4.149,0,9.999
4.15,0,9.999
4.151,0,9.999
4.152,0,9.999
4.153,0,9.999
4.154,0,9.999
4.155,0,9.999
4.156,0,9.999
4.157,0,9.999
4.158,0,9.999
4.159,0,9.999
4.16,0,9.999
4.161,0,9.999
4.162,0,9.999
4.163,0,9.999
4.164,0,9.999
4.165,0,9.999
4.166,0,9.999
4.167,0,9.999
4.168,0,9.999
4.169,0,9.999
4.17,0,9.999
4.171,0,9.999
4.172,0,9.999
4.173,0,9.999
4.174,0,9.999
4.175,0,9.999
4.176,0,9.999
4.177,0,9.999
4.178,0,9.999
4.179,0,9.999
4.18,0,9.999
4.181,0,9.999
4.182,0,9.999
4.183,0,9.999
4.184,0,9.999
4.185,0,9.999
4.186,0,9.999
4.187,0,9.999
4.188,0,9.999
4.189,0,9.999
4.19,0,9.999
4.191,0,9.999
4.192,0,9.999
4.193,0,9.999
4.194,0,9.999
4.195,0,9.999
4.196,0,9.999
4.197,0,9.999
4.198,0,9.999
4.199,0,9.999
4.2,0,9.999
4.201,0,9.999
4.202,0,9.999
4.203,0,9.999
4.204,0,9.999
4.205,0,9.999
4.206,0,9.999
4.207,0,9.999
4.208,0,9.999
4.209,0,9.999
4.21,0,9.999
4.211,0,9.999
4.212,0,9.999
4.213,0,9.999
4.214,0,9.999
4.215,0,9.999
4.216,0,9.999
4.217,0,9.999
4.218,0,9.999
4.219,0,9.999
4.22,0,9.999
4.221,0,9.999
4.222,0,9.999
4.223,0,9.999
4.224,0,9.999
4.225,0,9.999
4.226,0,9.999
4.227,0,9.999
4.228,0,9.999
4.229,0,9.999
4.23,0,9.999
4.231,0,9.999
4.232,0,9.999
4.233,0,9.999
4.234,0,9.999
4.235,0,9.999
4.236,0,9.999
4.237,0,9.999
4.238,0,9.999
4.239,0,9.999
4.24,0,9.999
4.241,0,9.999
4.242,0,9.999
4.243,0,9.999
4.244,0,9.999
4.245,0,9.999
4.246,0,9.999
4.247,0,9.999
4.248,0,9.999
4.249,0,9.999
4.25,0,9.999
4.251,0,9.999
4.252,0,9.999
4.253,0,9.999
4.254,0,9.999
4.255,0,9.999
4.256,0,9.999
4.257,0,9.999
4.258,0,9.999
4.259,0,9.999
4.26,0,9.999
4.261,0,9.999
4.262,0,9.999
4.263,0,9.999
4.264,0,9.999
4.265,0,9.999
4.266,0,9.999
4.267,0,9.999
4.268,0,9.999
4.269,0,9.999
4.27,0,9.999
4.271,0,9.999
4.272,0,9.999
4.273,0,9.999
4.274,0,9.999
4.275,0,9.999
4.276,0,9.999
4.277,0,9.999
4.278,0,9.999
4.279,0,9.999
4.28,0,9.999
4.281,0,9.999
4.282,0,9.999
4.283,0,9.999
4.284,0,9.999
4.285,0,9.999
4.286,0,9.999
4.287,0,9.999
4.288,0,9.999
4.289,0,9.999
4.29,0,9.999
4.291,0,9.999
4.292,0,9.999
4.293,0,9.999
4.294,0,9.999
4.295,0,9.999
4.296,0,9.999
4.297,0,9.999
4.298,0,9.999
4.299,0,9.999
4.3,0,9.999
4.301,0,9.999
4.302,0,9.999
4.303,0,9.999
4.304,0,9.999
4.305,0,9.999
4.306,0,9.999
4.307,0,9.999
4.308,0,9.999
4.309,0,9.999
4.31,0,9.999
4.311,0,9.999
4.312,0,9.999
4.313,0,9.999
4.314,0,9.999
4.315,0,9.999
4.316,0,9.999
4.317,0,9.999
4.318,0,9.999
4.319,0,9.999
4.32,0,9.999
4.321,0,9.999
4.322,0,9.999
4.323,0,9.999
4.324,0,9.999
4.325,0,9.999
4.326,0,9.999
4.327,0,9.999
4.328,0,9.999
4.329,0,9.999
4.33,0,9.999
4.331,0,9.999
4.332,0,9.999
4.333,0,9.999
4.334,0,9.999
4.335,0,9.999
4.336,0,9.999
4.337,0,9.999
4.338,0,9.999
4.339,0,9.999
4.34,0,9.999
4.341,0,9.999
4.342,0,9.999
4.343,0,9.999
4.344,0,9.999
4.345,0,9.999
4.346,0,9.999
4.347,0,9.999
4.348,0,9.999
4.349,0,9.999
4.35,0,9.999
4.351,0,9.999
4.352,0,9.999
4.353,0,9.999
4.354,0,9.999
4.355,0,9.999
4.356,0,9.999
4.357,0,9.999
4.358,0,9.999
4.359,0,9.999
4.36,0,9.999
4.361,0,9.999
4.362,0,9.999
4.363,0,9.999
4.364,0,9.999
4.365,0,9.999
4.366,0,9.999
4.367,0,9.999
4.368,0,9.999
4.369,0,9.999
4.37,0,9.999
4.371,0,9.999
4.372,0,9.999
4.373,0,9.999
4.374,0,9.999
4.375,0,9.999
4.376,0,9.999
4.377,0,9.999
4.378,0,9.999
4.379,0,9.999
4.38,0,9.999
4.381,0,9.999
4.382,0,9.999
4.383,0,9.999
4.384,0,9.999
4.385,0,9.999
4.386,0,9.999
4.387,0,9.999
4.388,0,9.999
4.389,0,9.999
4.39,0,9.999
4.391,0,9.999
4.392,0,9.999
4.393,0,9.999
4.394,0,9.999
4.395,0,9.999
4.396,0,9.999
4.397,0,9.999
4.398,0,9.999
4.399,0,9.999
4.4,0,9.999
4.401,0,9.999
4.402,0,9.999
4.403,0,9.999
4.404,0,9.999
4.405,0,9.999
4.406,0,9.999
4.407,0,9.999
4.408,0,9.999
4.409,0,9.999
4.41,0,9.999
4.411,0,9.999
4.412,0,9.999
4.413,0,9.999
4.414,0,9.999
4.415,0,9.999
4.416,0,9.999
4.417,0,9.999
4.418,0,9.999
4.419,0,9.999
4.42,0,9.999
4.421,0,9.999
4.422,0,9.999
4.423,0,9.999
4.424,0,9.999
4.425,0,9.999
4.426,0,9.999
4.427,0,9.999
4.428,0,9.999
4.429,0,9.999
4.43,0,9.999
4.431,0,9.999
4.432,0,9.999
4.433,0,9.999
4.434,0,9.999
4.435,0,9.999
4.436,0,9.999
4.437,0,9.999
4.438,0,9.999
4.439,0,9.999
4.44,0,9.999
4.441,0,9.999
4.442,0,9.999
4.443,0,9.999
4.444,0,9.999
4.445,0,9.999
4.446,0,9.999
4.447,0,9.999
4.448,0,9.999
4.449,0,9.999
4.45,0,9.999
4.451,0,9.999
4.452,0,9.999
4.453,0,9.999
4.454,0,9.999
4.455,0,9.999
4.456,0,9.999
4.457,0,9.999
4.458,0,9.999
4.459,0,9.999
4.46,0,9.999
4.461,0,9.999
4.462,0,9.999
4.463,0,9.999
4.464,0,9.999
4.465,0,9.999
4.466,0,9.999
4.467,0,9.999
4.468,0,9.999
4.469,0,9.999
4.47,0,9.999
4.471,0,9.999
4.472,0,9.999
4.473,0,9.999
4.474,0,9.999
4.475,0,9.999
4.476,0,9.999
4.477,0,9.999
4.478,0,9.999
4.479,0,9.999
4.48,0,9.999
4.481,0,9.999
4.482,0,9.999
4.483,0,9.999
4.484,0,9.999
4.485,0,9.999
4.486,0,9.999
4.487,0,9.999
4.488,0,9.999
4.489,0,9.999
4.49,0,9.999
4.491,0,9.999
4.492,0,9.999
4.493,0,9.999
4.494,0,9.999
4.495,0,9.999
4.496,0,9.999
4.497,0,9.999
4.498,0,9.999
4.499,0,9.999
4.5,0,9.999
4.501,0,9.999
4.502,0,9.999
4.503,0,9.999
4.504,0,9.999
4.505,0,9.999
4.506,0,9.999
4.507,0,9.999
4.508,0,9.999
4.509,0,9.999
4.51,0,9.999
4.511,0,9.999
4.512,0,9.999
4.513,0,9.999
4.514,0,9.999
4.515,0,9.999
4.516,0,9.999
4.517,0,9.999
4.518,0,9.999
4.519,0,9.999
4.52,0,9.999
4.521,0,9.999
4.522,0,9.999
4.523,0,9.999
4.524,0,9.999
4.525,0,9.999
4.526,0,9.999
4.527,0,9.999
4.528,0,9.999
4.529,0,9.999
4.53,0,9.999
4.531,0,9.999
4.532,0,9.999
4.533,0,9.999
4.534,0,9.999
4.535,0,9.999
4.536,0,9.999
4.537,0,9.999
4.538,0,9.999
4.539,0,9.999
4.54,0,9.999
4.541,0,9.999
4.542,0,9.999
4.543,0,9.999
4.544,0,9.999
4.545,0,9.999
4.546,0,9.999
4.547,0,9.999
4.548,0,9.999
4.549,0,9.999
4.55,0,9.999
4.551,0,9.999
4.552,0,9.999
4.553,0,9.999
4.554,0,9.999
4.555,0,9.999
4.556,0,9.999
4.557,0,9.999
4.558,0,9.999
4.559,0,9.999
4.56,0,9.999
4.561,0,9.999
4.562,0,9.999
4.563,0,9.999
4.564,0,9.999
4.565,0,9.999
4.566,0,9.999
4.567,0,9.999
4.568,0,9.999
4.569,0,9.999
4.57,0,9.999
4.571,0,9.999
4.572,0,9.999
4.573,0,9.999
4.574,0,9.999
4.575,0,9.999
4.576,0,9.999
4.577,0,9.999
4.578,0,9.999
4.579,0,9.999
4.58,0,9.999
4.581,0,9.999
4.582,0,9.999
4.583,0,9.999
4.584,0,9.999
4.585,0,9.999
4.586,0,9.999
4.587,0,9.999
4.588,0,9.999
4.589,0,9.999
4.59,0,9.999
4.591,0,9.999
4.592,0,9.999
4.593,0,9.999
4.594,0,9.999
4.595,0,9.999
4.596,0,9.999
4.597,0,9.999
4.598,0,9.999
4.599,0,9.999
4.6,0,9.999
4.601,0,9.999
4.602,0,9.999
4.603,0,9.999
4.604,0,9.999
4.605,0,9.999
4.606,0,9.999
4.607,0,9.999
4.608,0,9.999
4.609,0,9.999
4.61,0,9.999
4.611,0,9.999
4.612,0,9.999
4.613,0,9.999
4.614,0,9.999
4.615,0,9.999
4.616,0,9.999
4.617,0,9.999
4.618,0,9.999
4.619,0,9.999
4.62,0,9.999
4.621,0,9.999
4.622,0,9.999
4.623,0,9.999
4.624,0,9.999
4.625,0,9.999
4.626,0,9.999
4.627,0,9.999
4.628,0,9.999
4.629,0,9.999
4.63,0,9.999
4.631,0,9.999
4.632,0,9.999
4.633,0,9.999
4.634,0,9.999
4.635,0,9.999
4.636,0,9.999
4.637,0,9.999
4.638,0,9.999
4.639,0,9.999
4.64,0,9.999
4.641,0,9.999
4.642,0,9.999
4.643,0,9.999
4.644,0,9.999
4.645,0,9.999
4.646,0,9.999
4.647,0,9.999
4.648,0,9.999
4.649,0,9.999
4.65,0,9.999
4.651,0,9.999
4.652,0,9.999
4.653,0,9.999
4.654,0,9.999
4.655,0,9.999
4.656,0,9.999
4.657,0,9.999
4.658,0,9.999
4.659,0,9.999
4.66,0,9.999
4.661,0,9.999
4.662,0,9.999
4.663,0,9.999
4.664,0,9.999
4.665,0,9.999
4.666,0,9.999
4.667,0,9.999
4.668,0,9.999
4.669,0,9.999
4.67,0,9.999
4.671,0,9.999
4.672,0,9.999
4.673,0,9.999
4.674,0,9.999
4.675,0,9.999
4.676,0,9.999
4.677,0,9.999
4.678,0,9.999
4.679,0,9.999
4.68,0,9.999
4.681,0,9.999
4.682,0,9.999
4.683,0,9.999
4.684,0,9.999
4.685,0,9.999
4.686,0,9.999
4.687,0,9.999
4.688,0,9.999
4.689,0,9.999
4.69,0,9.999
4.691,0,9.999
4.692,0,9.999
4.693,0,9.999
4.694,0,9.999
4.695,0,9.999
4.696,0,9.999
4.697,0,9.999
4.698,0,9.999
4.699,0,9.999
4.7,0,9.999
4.701,0,9.999
4.702,0,9.999
4.703,0,9.999
4.704,0,9.999
4.705,0,9.999
4.706,0,9.999
4.707,0,9.999
4.708,0,9.999
4.709,0,9.999
4.71,0,9.999
4.711,0,9.999
4.712,0,9.999
4.713,0,9.999
4.714,0,9.999
4.715,0,9.999
4.716,0,9.999
4.717,0,9.999
4.718,0,9.999
4.719,0,9.999
4.72,0,9.999
4.721,0,9.999
4.722,0,9.999
4.723,0,9.999
4.724,0,9.999
4.725,0,9.999
4.726,0,9.999
4.727,0,9.999
4.728,0,9.999
4.729,0,9.999
4.73,0,9.999
4.731,0,9.999
4.732,0,9.999
4.733,0,9.999
4.734,0,9.999
4.735,0,9.999
4.736,0,9.999
4.737,0,9.999
4.738,0,9.999
4.739,0,9.999
4.74,0,9.999
4.741,0,9.999
4.742,0,9.999
4.743,0,9.999
4.744,0,9.999
4.745,0,9.999
4.746,0,9.999
4.747,0,9.999
4.748,0,9.999
4.749,0,9.999
4.75,0,9.999
4.751,0,9.999
4.752,0,9.999
4.753,0,9.999
4.754,0,9.999
4.755,0,9.999
4.756,0,9.999
4.757,0,9.999
4.758,0,9.999
4.759,0,9.999
4.76,0,9.999
4.761,0,9.999
4.762,0,9.999
4.763,0,9.999
4.764,0,9.999
4.765,0,9.999
4.766,0,9.999
4.767,0,9.999
4.768,0,9.999
4.769,0,9.999
4.77,0,9.999
4.771,0,9.999
4.772,0,9.999
4.773,0,9.999
4.774,0,9.999
4.775,0,9.999
4.776,0,9.999
4.777,0,9.999
4.778,0,9.999
4.779,0,9.999
4.78,0,9.999
4.781,0,9.999
4.782,0,9.999
4.783,0,9.999
4.784,0,9.999
4.785,0,9.999
4.786,0,9.999
4.787,0,9.999
4.788,0,9.999
4.789,0,9.999
4.79,0,9.999
4.791,0,9.999
4.792,0,9.999
4.793,0,9.999
4.794,0,9.999
4.795,0,9.999
4.796,0,9.999
4.797,0,9.999
4.798,0,9.999
4.799,0,9.999
4.8,0,9.999
4.801,0,9.999
4.802,0,9.999
4.803,0,9.999
4.804,0,9.999
4.805,0,9.999
4.806,0,9.999
4.807,0,9.999
4.808,0,9.999
4.809,0,9.999
4.81,0,9.999
4.811,0,9.999
4.812,0,9.999
4.813,0,9.999
4.814,0,9.999
4.815,0,9.999
4.816,0,9.999
4.817,0,9.999
4.818,0,9.999
4.819,0,9.999
4.82,0,9.999
4.821,0,9.999
4.822,0,9.999
4.823,0,9.999
4.824,0,9.999
4.825,0,9.999
4.826,0,9.999
4.827,0,9.999
4.828,0,9.999
4.829,0,9.999
4.83,0,9.999
4.831,0,9.999
4.832,0,9.999
4.833,0,9.999
4.834,0,9.999
4.835,0,9.999
4.836,0,9.999
4.837,0,9.999
4.838,0,9.999
4.839,0,9.999
4.84,0,9.999
4.841,0,9.999
4.842,0,9.999
4.843,0,9.999
4.844,0,9.999
4.845,0,9.999
4.846,0,9.999
4.847,0,9.999
4.848,0,9.999
4.849,0,9.999
4.85,0,9.999
4.851,0,9.999
4.852,0,9.999
4.853,0,9.999
4.854,0,9.999
4.855,0,9.999
4.856,0,9.999
4.857,0,9.999
4.858,0,9.999
4.859,0,9.999
4.86,0,9.999
4.861,0,9.999
4.862,0,9.999
4.863,0,9.999
4.864,0,9.999
4.865,0,9.999
4.866,0,9.999
4.867,0,9.999
4.868,0,9.999
4.869,0,9.999
4.87,0,9.999
4.871,0,9.999
4.872,0,9.999
4.873,0,9.999
4.874,0,9.999
4.875,0,9.999
4.876,0,9.999
4.877,0,9.999
4.878,0,9.999
4.879,0,9.999
4.88,0,9.999
4.881,0,9.999
4.882,0,9.999
4.883,0,9.999
4.884,0,9.999
4.885,0,9.999
4.886,0,9.999
4.887,0,9.999
4.888,0,9.999
4.889,0,9.999
4.89,0,9.999
4.891,0,9.999
4.892,0,9.999
4.893,0,9.999
4.894,0,9.999
4.895,0,9.999
4.896,0,9.999
4.897,0,9.999
4.898,0,9.999
4.899,0,9.999
4.9,0,9.999
4.901,0,9.999
4.902,0,9.999
4.903,0,9.999
4.904,0,9.999
4.905,0,9.999
4.906,0,9.999
4.907,0,9.999
4.908,0,9.999
4.909,0,9.999
4.91,0,9.999
4.911,0,9.999
4.912,0,9.999
4.913,0,9.999
4.914,0,9.999
4.915,0,9.999
4.916,0,9.999
4.917,0,9.999
4.918,0,9.999
4.919,0,9.999
4.92,0,9.999
4.921,0,9.999
4.922,0,9.999
4.923,0,9.999
4.924,0,9.999
4.925,0,9.999
4.926,0,9.999
4.927,0,9.999
4.928,0,9.999
4.929,0,9.999
4.93,0,9.999
4.931,0,9.999
4.932,0,9.999
4.933,0,9.999
4.934,0,9.999
4.935,0,9.999
4.936,0,9.999
4.937,0,9.999
4.938,0,9.999
4.939,0,9.999
4.94,0,9.999
4.941,0,9.999
4.942,0,9.999
4.943,0,9.999
4.944,0,9.999
4.945,0,9.999
4.946,0,9.999
4.947,0,9.999
4.948,0,9.999
4.949,0,9.999
4.95,0,9.999
4.951,0,9.999
4.952,0,9.999
4.953,0,9.999
4.954,0,9.999
4.955,0,9.999
4.956,0,9.999
4.957,0,9.999
4.958,0,9.999
4.959,0,9.999
4.96,0,9.999
4.961,0,9.999
4.962,0,9.999
4.963,0,9.999
4.964,0,9.999
4.965,0,9.999
4.966,0,9.999
4.967,0,9.999
4.968,0,9.999
4.969,0,9.999
4.97,0,9.999
4.971,0,9.999
4.972,0,9.999
4.973,0,9.999
4.974,0,9.999
4.975,0,9.999
4.976,0,9.999
4.977,0,9.999
4.978,0,9.999
4.979,0,9.999
4.98,0,9.999
4.981,0,9.999
4.982,0,9.999
4.983,0,9.999
4.984,0,9.999
4.985,0,9.999
4.986,0,9.999
4.987,0,9.999
4.988,0,9.999
4.989,0,9.999
4.99,0,9.999
4.991,0,9.999
4.992,0,9.999
4.993,0,9.999
4.994,0,9.999
4.995,0,9.999
4.996,0,9.999
4.997,0,9.999
4.998,0,9.999
4.999,0,9.999
5,0,9.999
5.001,0,9.999
5.002,0,9.999
5.003,0,9.999
5.004,0,9.999
5.005,0,9.999
5.006,0,9.999
5.007,0,9.999
5.008,0,9.999
5.009,0,9.999
5.01,0,9.999
5.011,0,9.999
5.012,0,9.999
5.013,0,9.999
5.014,0,9.999
5.015,0,9.999
5.016,0,9.999
5.017,0,9.999
5.018,0,9.999
5.019,0,9.999
5.02,0,9.999
5.021,0,9.999
5.022,0,9.999
5.023,0,9.999
5.024,0,9.999
5.025,0,9.999
5.026,0,9.999
5.027,0,9.999
5.028,0,9.999
5.029,0,9.999
5.03,0,9.999
5.031,0,9.999
5.032,0,9.999
5.033,0,9.999
5.034,0,9.999
5.035,0,9.999
5.036,0,9.999
5.037,0,9.999
5.038,0,9.999
5.039,0,9.999
5.04,0,9.999
5.041,0,9.999
5.042,0,9.999
5.043,0,9.999
5.044,0,9.999
5.045,0,9.999
5.046,0,9.999
5.047,0,9.999
5.048,0,9.999
5.049,0,9.999
5.05,0,9.999
5.051,0,9.999
5.052,0,9.999
5.053,0,9.999
5.054,0,9.999
5.055,0,9.999
5.056,0,9.999
5.057,0,9.999
5.058,0,9.999
5.059,0,9.999
5.06,0,9.999
5.061,0,9.999
5.062,0,9.999
5.063,0,9.999
5.064,0,9.999
5.065,0,9.999
5.066,0,9.999
5.067,0,9.999
5.068,0,9.999
5.069,0,9.999
5.07,0,9.999
5.071,0,9.999
5.072,0,9.999
5.073,0,9.999
5.074,0,9.999
5.075,0,9.999
5.076,0,9.999
5.077,0,9.999
5.078,0,9.999
5.079,0,9.999
5.08,0,9.999
5.081,0,9.999
5.082,0,9.999
5.083,0,9.999
5.084,0,9.999
5.085,0,9.999
5.086,0,9.999
5.087,0,9.999
5.088,0,9.999
5.089,0,9.999
5.09,0,9.999
5.091,0,9.999
5.092,0,9.999
5.093,0,9.999
5.094,0,9.999
5.095,0,9.999
5.096,0,9.999
5.097,0,9.999
5.098,0,9.999
5.099,0,9.999
5.1,0,9.999
5.101,0,9.999
5.102,0,9.999
5.103,0,9.999
5.104,0,9.999
5.105,0,9.999
5.106,0,9.999
5.107,0,9.999
5.108,0,9.999
5.109,0,9.999
5.11,0,9.999
5.111,0,9.999
5.112,0,9.999
5.113,0,9.999
5.114,0,9.999
5.115,0,9.999
5.116,0,9.999
5.117,0,9.999
5.118,0,9.999
5.119,0,9.999
5.12,0,9.999
5.121,0,9.999
5.122,0,9.999
5.123,0,9.999
5.124,0,9.999
5.125,0,9.999
5.126,0,9.999
5.127,0,9.999
5.128,0,9.999
5.129,0,9.999
5.13,0,9.999
5.131,0,9.999
5.132,0,9.999
5.133,0,9.999
5.134,0,9.999
5.135,0,9.999
5.136,0,9.999
5.137,0,9.999
5.138,0,9.999
5.139,0,9.999
5.14,0,9.999
5.141,0,9.999
5.142,0,9.999
5.143,0,9.999
5.144,0,9.999
5.145,0,9.999
5.146,0,9.999
5.147,0,9.999
5.148,0,9.999
5.149,0,9.999
5.15,0,9.999
5.151,0,9.999
5.152,0,9.999
5.153,0,9.999
5.154,0,9.999
5.155,0,9.999
5.156,0,9.999
5.157,0,9.999
5.158,0,9.999
5.159,0,9.999
5.16,0,9.999
5.161,0,9.999
5.162,0,9.999
5.163,0,9.999
5.164,0,9.999
5.165,0,9.999
5.166,0,9.999
5.167,0,9.999
5.168,0,9.999
5.169,0,9.999
5.17,0,9.999
5.171,0,9.999
5.172,0,9.999
5.173,0,9.999
5.174,0,9.999
5.175,0,9.999
5.176,0,9.999
5.177,0,9.999
5.178,0,9.999
5.179,0,9.999
5.18,0,9.999
5.181,0,9.999
5.182,0,9.999
5.183,0,9.999
5.184,0,9.999
5.185,0,9.999
5.186,0,9.999
5.187,0,9.999
5.188,0,9.999
5.189,0,9.999
5.19,0,9.999
5.191,0,9.999
5.192,0,9.999
5.193,0,9.999
5.194,0,9.999
5.195,0,9.999
5.196,0,9.999
5.197,0,9.999
5.198,0,9.999
5.199,0,9.999
5.2,0,9.999
5.201,0,9.999
5.202,0,9.999
5.203,0,9.999
5.204,0,9.999
5.205,0,9.999
5.206,0,9.999
5.207,0,9.999
5.208,0,9.999
5.209,0,9.999
5.21,0,9.999
5.211,0,9.999
5.212,0,9.999
5.213,0,9.999
5.214,0,9.999
5.215,0,9.999
5.216,0,9.999
5.217,0,9.999
5.218,0,9.999
5.219,0,9.999
5.22,0,9.999
5.221,0,9.999
5.222,0,9.999
5.223,0,9.999
5.224,0,9.999
5.225,0,9.999
5.226,0,9.999
5.227,0,9.999
5.228,0,9.999
5.229,0,9.999
5.23,0,9.999
5.231,0,9.999
5.232,0,9.999
5.233,0,9.999
5.234,0,9.999
5.235,0,9.999
5.236,0,9.999
5.237,0,9.999
5.238,0,9.999
5.239,0,9.999
5.24,0,9.999
5.241,0,9.999
5.242,0,9.999
5.243,0,9.999
5.244,0,9.999
5.245,0,9.999
5.246,0,9.999
5.247,0,9.999
5.248,0,9.999
5.249,0,9.999
5.25,0,9.999
5.251,0,9.999
5.252,0,9.999
5.253,0,9.999
5.254,0,9.999
5.255,0,9.999
5.256,0,9.999
5.257,0,9.999
5.258,0,9.999
5.259,0,9.999
5.26,0,9.999
5.261,0,9.999
5.262,0,9.999
5.263,0,9.999
5.264,0,9.999
5.265,0,9.999
5.266,0,9.999
5.267,0,9.999
5.268,0,9.999
5.269,0,9.999
5.27,0,9.999
5.271,0,9.999
5.272,0,9.999
5.273,0,9.999
5.274,0,9.999
5.275,0,9.999
5.276,0,9.999
5.277,0,9.999
5.278,0,9.999
5.279,0,9.999
5.28,0,9.999
5.281,0,9.999
5.282,0,9.999
5.283,0,9.999
5.284,0,9.999
5.285,0,9.999
5.286,0,9.999
5.287,0,9.999
5.288,0,9.999
5.289,0,9.999
5.29,0,9.999
5.291,0,9.999
5.292,0,9.999
5.293,0,9.999
5.294,0,9.999
5.295,0,9.999
5.296,0,9.999
5.297,0,9.999
5.298,0,9.999
5.299,0,9.999
5.3,0,9.999
5.301,0,9.999
5.302,0,9.999
5.303,0,9.999
5.304,0,9.999
5.305,0,9.999
5.306,0,9.999
5.307,0,9.999
5.308,0,9.999
5.309,0,9.999
5.31,0,9.999
5.311,0,9.999
5.312,0,9.999
5.313,0,9.999
5.314,0,9.999
5.315,0,9.999
5.316,0,9.999
5.317,0,9.999
5.318,0,9.999
5.319,0,9.999
5.32,0,9.999
5.321,0,9.999
5.322,0,9.999
5.323,0,9.999
5.324,0,9.999
5.325,0,9.999
5.326,0,9.999
5.327,0,9.999
5.328,0,9.999
5.329,0,9.999
5.33,0,9.999
5.331,0,9.999
5.332,0,9.999
5.333,0,9.999
5.334,0,9.999
5.335,0,9.999
5.336,0,9.999
5.337,0,9.999
5.338,0,9.999
5.339,0,9.999
5.34,0,9.999
5.341,0,9.999
5.342,0,9.999
5.343,0,9.999
5.344,0,9.999
5.345,0,9.999
5.346,0,9.999
5.347,0,9.999
5.348,0,9.999
5.349,0,9.999
5.35,0,9.999
5.351,0,9.999
5.352,0,9.999
5.353,0,9.999
5.354,0,9.999
5.355,0,9.999
5.356,0,9.999
5.357,0,9.999
5.358,0,9.999
5.359,0,9.999
5.36,0,9.999
5.361,0,9.999
5.362,0,9.999
5.363,0,9.999
5.364,0,9.999
5.365,0,9.999
5.366,0,9.999
5.367,0,9.999
5.368,0,9.999
5.369,0,9.999
5.37,0,9.999
5.371,0,9.999
5.372,0,9.999
5.373,0,9.999
5.374,0,9.999
5.375,0,9.999
5.376,0,9.999
5.377,0,9.999
5.378,0,9.999
5.379,0,9.999
5.38,0,9.999
5.381,0,9.999
5.382,0,9.999
5.383,0,9.999
5.384,0,9.999
5.385,0,9.999
5.386,0,9.999
5.387,0,9.999
5.388,0,9.999
5.389,0,9.999
5.39,0,9.999
5.391,0,9.999
5.392,0,9.999
5.393,0,9.999
5.394,0,9.999
5.395,0,9.999
5.396,0,9.999
5.397,0,9.999
5.398,0,9.999
5.399,0,9.999
5.4,0,9.999
5.401,0,9.999
5.402,0,9.999
5.403,0,9.999
5.404,0,9.999
5.405,0,9.999
5.406,0,9.999
5.407,0,9.999
5.408,0,9.999
5.409,0,9.999
5.41,0,9.999
5.411,0,9.999
5.412,0,9.999
5.413,0,9.999
5.414,0,9.999
5.415,0,9.999
5.416,0,9.999
5.417,0,9.999
5.418,0,9.999
5.419,0,9.999
5.42,0,9.999
5.421,0,9.999
5.422,0,9.999
5.423,0,9.999
5.424,0,9.999
5.425,0,9.999
5.426,0,9.999
5.427,0,9.999
5.428,0,9.999
5.429,0,9.999
5.43,0,9.999
5.431,0,9.999
5.432,0,9.999
5.433,0,9.999
5.434,0,9.999
5.435,0,9.999
5.436,0,9.999
5.437,0,9.999
5.438,0,9.999
5.439,0,9.999
5.44,0,9.999
5.441,0,9.999
5.442,0,9.999
5.443,0,9.999
5.444,0,9.999
5.445,0,9.999
5.446,0,9.999
5.447,0,9.999
5.448,0,9.999
5.449,0,9.999
5.45,0,9.999
5.451,0,9.999
5.452,0,9.999
5.453,0,9.999
5.454,0,9.999
5.455,0,9.999
5.456,0,9.999
5.457,0,9.999
5.458,0,9.999
5.459,0,9.999
5.46,0,9.999
5.461,0,9.999
5.462,0,9.999
5.463,0,9.999
5.464,0,9.999
5.465,0,9.999
5.466,0,9.999
5.467,0,9.999
5.468,0,9.999
5.469,0,9.999
5.47,0,9.999
5.471,0,9.999
5.472,0,9.999
5.473,0,9.999
5.474,0,9.999
5.475,0,9.999
5.476,0,9.999
5.477,0,9.999
5.478,0,9.999
5.479,0,9.999
5.48,0,9.999
5.481,0,9.999
5.482,0,9.999
5.483,0,9.999
5.484,0,9.999
5.485,0,9.999
5.486,0,9.999
5.487,0,9.999
5.488,0,9.999
5.489,0,9.999
5.49,0,9.999
5.491,0,9.999
5.492,0,9.999
5.493,0,9.999
5.494,0,9.999
5.495,0,9.999
5.496,0,9.999
5.497,0,9.999
5.498,0,9.999
5.499,0,9.999
5.5,0,9.999
5.501,0,9.999
5.502,0,9.999
5.503,0,9.999
5.504,0,9.999
5.505,0,9.999
5.506,0,9.999
5.507,0,9.999
5.508,0,9.999
5.509,0,9.999
5.51,0,9.999
5.511,0,9.999
5.512,0,9.999
5.513,0,9.999
5.514,0,9.999
5.515,0,9.999
5.516,0,9.999
5.517,0,9.999
5.518,0,9.999
5.519,0,9.999
5.52,0,9.999
5.521,0,9.999
5.522,0,9.999
5.523,0,9.999
5.524,0,9.999
5.525,0,9.999
5.526,0,9.999
5.527,0,9.999
5.528,0,9.999
5.529,0,9.999
5.53,0,9.999
5.531,0,9.999
5.532,0,9.999
5.533,0,9.999
5.534,0,9.999
5.535,0,9.999
5.536,0,9.999
5.537,0,9.999
5.538,0,9.999
5.539,0,9.999
5.54,0,9.999
5.541,0,9.999
5.542,0,9.999
5.543,0,9.999
5.544,0,9.999
5.545,0,9.999
5.546,0,9.999
5.547,0,9.999
5.548,0,9.999
5.549,0,9.999
5.55,0,9.999
5.551,0,9.999
5.552,0,9.999
5.553,0,9.999
5.554,0,9.999
5.555,0,9.999
5.556,0,9.999
5.557,0,9.999
5.558,0,9.999
5.559,0,9.999
5.56,0,9.999
5.561,0,9.999
5.562,0,9.999
5.563,0,9.999
5.564,0,9.999
5.565,0,9.999
5.566,0,9.999
5.567,0,9.999
5.568,0,9.999
5.569,0,9.999
5.57,0,9.999
5.571,0,9.999
5.572,0,9.999
5.573,0,9.999
5.574,0,9.999
5.575,0,9.999
5.576,0,9.999
5.577,0,9.999
5.578,0,9.999
5.579,0,9.999
5.58,0,9.999
5.581,0,9.999
5.582,0,9.999
5.583,0,9.999
5.584,0,9.999
5.585,0,9.999
5.586,0,9.999
5.587,0,9.999
5.588,0,9.999
5.589,0,9.999
5.59,0,9.999
5.591,0,9.999
5.592,0,9.999
5.593,0,9.999
5.594,0,9.999
5.595,0,9.999
5.596,0,9.999
5.597,0,9.999
5.598,0,9.999
5.599,0,9.999
5.6,0,9.999
5.601,0,9.999
5.602,0,9.999
5.603,0,9.999
5.604,0,9.999
5.605,0,9.999
5.606,0,9.999
5.607,0,9.999
5.608,0,9.999
5.609,0,9.999
5.61,0,9.999
5.611,0,9.999
5.612,0,9.999
5.613,0,9.999
5.614,0,9.999
5.615,0,9.999
5.616,0,9.999
5.617,0,9.999
5.618,0,9.999
5.619,0,9.999
5.62,0,9.999
5.621,0,9.999
5.622,0,9.999
5.623,0,9.999
5.624,0,9.999
5.625,0,9.999
5.626,0,9.999
5.627,0,9.999
5.628,0,9.999
5.629,0,9.999
5.63,0,9.999
5.631,0,9.999
5.632,0,9.999
5.633,0,9.999
5.634,0,9.999
5.635,0,9.999
5.636,0,9.999
5.637,0,9.999
5.638,0,9.999
5.639,0,9.999
5.64,0,9.999
5.641,0,9.999
5.642,0,9.999
5.643,0,9.999
5.644,0,9.999
5.645,0,9.999
5.646,0,9.999
5.647,0,9.999
5.648,0,9.999
5.649,0,9.999
5.65,0,9.999
5.651,0,9.999
5.652,0,9.999
5.653,0,9.999
5.654,0,9.999
5.655,0,9.999
5.656,0,9.999
5.657,0,9.999
5.658,0,9.999
5.659,0,9.999
5.66,0,9.999
5.661,0,9.999
5.662,0,9.999
5.663,0,9.999
5.664,0,9.999
5.665,0,9.999
5.666,0,9.999
5.667,0,9.999
5.668,0,9.999
5.669,0,9.999
5.67,0,9.999
5.671,0,9.999
5.672,0,9.999
5.673,0,9.999
5.674,0,9.999
5.675,0,9.999
5.676,0,9.999
5.677,0,9.999
5.678,0,9.999
5.679,0,9.999
5.68,0,9.999
5.681,0,9.999
5.682,0,9.999
5.683,0,9.999
5.684,0,9.999
5.685,0,9.999
5.686,0,9.999
5.687,0,9.999
5.688,0,9.999
5.689,0,9.999
5.69,0,9.999
5.691,0,9.999
5.692,0,9.999
5.693,0,9.999
5.694,0,9.999
5.695,0,9.999
5.696,0,9.999
5.697,0,9.999
5.698,0,9.999
5.699,0,9.999
5.7,0,9.999
5.701,0,9.999
5.702,0,9.999
5.703,0,9.999
5.704,0,9.999
5.705,0,9.999
5.706,0,9.999
5.707,0,9.999
5.708,0,9.999
5.709,0,9.999
5.71,0,9.999
5.711,0,9.999
5.712,0,9.999
5.713,0,9.999
5.714,0,9.999
5.715,0,9.999
5.716,0,9.999
5.717,0,9.999
5.718,0,9.999
5.719,0,9.999
5.72,0,9.999
5.721,0,9.999
5.722,0,9.999
5.723,0,9.999
5.724,0,9.999
5.725,0,9.999
5.726,0,9.999
5.727,0,9.999
5.728,0,9.999
5.729,0,9.999
5.73,0,9.999
5.731,0,9.999
5.732,0,9.999
5.733,0,9.999
5.734,0,9.999
5.735,0,9.999
5.736,0,9.999
5.737,0,9.999
5.738,0,9.999
5.739,0,9.999
5.74,0,9.999
5.741,0,9.999
5.742,0,9.999
5.743,0,9.999
5.744,0,9.999
5.745,0,9.999
5.746,0,9.999
5.747,0,9.999
5.748,0,9.999
5.749,0,9.999
5.75,0,9.999
5.751,0,9.999
5.752,0,9.999
5.753,0,9.999
5.754,0,9.999
5.755,0,9.999
5.756,0,9.999
5.757,0,9.999
5.758,0,9.999
5.759,0,9.999
5.76,0,9.999
5.761,0,9.999
5.762,0,9.999
5.763,0,9.999
5.764,0,9.999
5.765,0,9.999
5.766,0,9.999
5.767,0,9.999
5.768,0,9.999
5.769,0,9.999
5.77,0,9.999
5.771,0,9.999
5.772,0,9.999
5.773,0,9.999
5.774,0,9.999
5.775,0,9.999
5.776,0,9.999
5.777,0,9.999
5.778,0,9.999
5.779,0,9.999
5.78,0,9.999
5.781,0,9.999
5.782,0,9.999
5.783,0,9.999
5.784,0,9.999
5.785,0,9.999
5.786,0,9.999
5.787,0,9.999
5.788,0,9.999
5.789,0,9.999
5.79,0,9.999
5.791,0,9.999
5.792,0,9.999
5.793,0,9.999
5.794,0,9.999
5.795,0,9.999
5.796,0,9.999
5.797,0,9.999
5.798,0,9.999
5.799,0,9.999
5.8,0,9.999
5.801,0,9.999
5.802,0,9.999
5.803,0,9.999
5.804,0,9.999
5.805,0,9.999
5.806,0,9.999
5.807,0,9.999
5.808,0,9.999
5.809,0,9.999
5.81,0,9.999
5.811,0,9.999
5.812,0,9.999
5.813,0,9.999
5.814,0,9.999
5.815,0,9.999
5.816,0,9.999
5.817,0,9.999
5.818,0,9.999
5.819,0,9.999
5.82,0,9.999
5.821,0,9.999
5.822,0,9.999
5.823,0,9.999
5.824,0,9.999
5.825,0,9.999
5.826,0,9.999
5.827,0,9.999
5.828,0,9.999
5.829,0,9.999
5.83,0,9.999
5.831,0,9.999
5.832,0,9.999
5.833,0,9.999
5.834,0,9.999
5.835,0,9.999
5.836,0,9.999
5.837,0,9.999
5.838,0,9.999
5.839,0,9.999
5.84,0,9.999
5.841,0,9.999
5.842,0,9.999
5.843,0,9.999
5.844,0,9.999
5.845,0,9.999
5.846,0,9.999
5.847,0,9.999
5.848,0,9.999
5.849,0,9.999
5.85,0,9.999
5.851,0,9.999
5.852,0,9.999
5.853,0,9.999
5.854,0,9.999
5.855,0,9.999
5.856,0,9.999
5.857,0,9.999
5.858,0,9.999
5.859,0,9.999
5.86,0,9.999
5.861,0,9.999
5.862,0,9.999
5.863,0,9.999
5.864,0,9.999
5.865,0,9.999
5.866,0,9.999
5.867,0,9.999
5.868,0,9.999
5.869,0,9.999
5.87,0,9.999
5.871,0,9.999
5.872,0,9.999
5.873,0,9.999
5.874,0,9.999
5.875,0,9.999
5.876,0,9.999
5.877,0,9.999
5.878,0,9.999
5.879,0,9.999
5.88,0,9.999
5.881,0,9.999
5.882,0,9.999
5.883,0,9.999
5.884,0,9.999
5.885,0,9.999
5.886,0,9.999
5.887,0,9.999
5.888,0,9.999
5.889,0,9.999
5.89,0,9.999
5.891,0,9.999
5.892,0,9.999
5.893,0,9.999
5.894,0,9.999
5.895,0,9.999
5.896,0,9.999
5.897,0,9.999
5.898,0,9.999
5.899,0,9.999
5.9,0,9.999
5.901,0,9.999
5.902,0,9.999
5.903,0,9.999
5.904,0,9.999
5.905,0,9.999
5.906,0,9.999
5.907,0,9.999
5.908,0,9.999
5.909,0,9.999
5.91,0,9.999
5.911,0,9.999
5.912,0,9.999
5.913,0,9.999
5.914,0,9.999
5.915,0,9.999
5.916,0,9.999
5.917,0,9.999
5.918,0,9.999
5.919,0,9.999
5.92,0,9.999
5.921,0,9.999
5.922,0,9.999
5.923,0,9.999
5.924,0,9.999
5.925,0,9.999
5.926,0,9.999
5.927,0,9.999
5.928,0,9.999
5.929,0,9.999
5.93,0,9.999
5.931,0,9.999
5.932,0,9.999
5.933,0,9.999
5.934,0,9.999
5.935,0,9.999
5.936,0,9.999
5.937,0,9.999
5.938,0,9.999
5.939,0,9.999
5.94,0,9.999
5.941,0,9.999
5.942,0,9.999
5.943,0,9.999
5.944,0,9.999
5.945,0,9.999
5.946,0,9.999
5.947,0,9.999
5.948,0,9.999
5.949,0,9.999
5.95,0,9.999
5.951,0,9.999
5.952,0,9.999
5.953,0,9.999
5.954,0,9.999
5.955,0,9.999
5.956,0,9.999
5.957,0,9.999
5.958,0,9.999
5.959,0,9.999
5.96,0,9.999
5.961,0,9.999
5.962,0,9.999
5.963,0,9.999
5.964,0,9.999
5.965,0,9.999
5.966,0,9.999
5.967,0,9.999
5.968,0,9.999
5.969,0,9.999
5.97,0,9.999
5.971,0,9.999
5.972,0,9.999
5.973,0,9.999
5.974,0,9.999
5.975,0,9.999
5.976,0,9.999
5.977,0,9.999
5.978,0,9.999
5.979,0,9.999
5.98,0,9.999
5.981,0,9.999
5.982,0,9.999
5.983,0,9.999
5.984,0,9.999
5.985,0,9.999
5.986,0,9.999
5.987,0,9.999
5.988,0,9.999
5.989,0,9.999
5.99,0,9.999
5.991,0,9.999
5.992,0,9.999
5.993,0,9.999
5.994,0,9.999
5.995,0,9.999
5.996,0,9.999
5.997,0,9.999
5.998,0,9.999
5.999,0,9.999
6,0,9.999
6.001,0,9.999
6.002,0,9.999
6.003,0,9.999
6.004,0,9.999
6.005,0,9.999
6.006,0,9.999
6.007,0,9.999
6.008,0,9.999
6.009,0,9.999
6.01,0,9.999
6.011,0,9.999
6.012,0,9.999
6.013,0,9.999
6.014,0,9.999
6.015,0,9.999
6.016,0,9.999
6.017,0,9.999
6.018,0,9.999
6.019,0,9.999
6.02,0,9.999
6.021,0,9.999
6.022,0,9.999
6.023,0,9.999
6.024,0,9.999
6.025,0,9.999
6.026,0,9.999
6.027,0,9.999
6.028,0,9.999
6.029,0,9.999
6.03,0,9.999
6.031,0,9.999
6.032,0,9.999
6.033,0,9.999
6.034,0,9.999
6.035,0,9.999
6.036,0,9.999
6.037,0,9.999
6.038,0,9.999
6.039,0,9.999
6.04,0,9.999
6.041,0,9.999
6.042,0,9.999
6.043,0,9.999
6.044,0,9.999
6.045,0,9.999
6.046,0,9.999
6.047,0,9.999
6.048,0,9.999
6.049,0,9.999
6.05,0,9.999
6.051,0,9.999
6.052,0,9.999
6.053,0,9.999
6.054,0,9.999
6.055,0,9.999
6.056,0,9.999
6.057,0,9.999
6.058,0,9.999
6.059,0,9.999
6.06,0,9.999
6.061,0,9.999
6.062,0,9.999
6.063,0,9.999
6.064,0,9.999
6.065,0,9.999
6.066,0,9.999
6.067,0,9.999
6.068,0,9.999
6.069,0,9.999
6.07,0,9.999
6.071,0,9.999
6.072,0,9.999
6.073,0,9.999
6.074,0,9.999
6.075,0,9.999
6.076,0,9.999
6.077,0,9.999
6.078,0,9.999
6.079,0,9.999
6.08,0,9.999
6.081,0,9.999
6.082,0,9.999
6.083,0,9.999
6.084,0,9.999
6.085,0,9.999
6.086,0,9.999
6.087,0,9.999
6.088,0,9.999
6.089,0,9.999
6.09,0,9.999
6.091,0,9.999
6.092,0,9.999
6.093,0,9.999
6.094,0,9.999
6.095,0,9.999
6.096,0,9.999
6.097,0,9.999
6.098,0,9.999
6.099,0,9.999
6.1,0,9.999
6.101,0,9.999
6.102,0,9.999
6.103,0,9.999
6.104,0,9.999
6.105,0,9.999
6.106,0,9.999
6.107,0,9.999
6.108,0,9.999
6.109,0,9.999
6.11,0,9.999
6.111,0,9.999
6.112,0,9.999
6.113,0,9.999
6.114,0,9.999
6.115,0,9.999
6.116,0,9.999
6.117,0,9.999
6.118,0,9.999
6.119,0,9.999
6.12,0,9.999
6.121,0,9.999
6.122,0,9.999
6.123,0,9.999
6.124,0,9.999
6.125,0,9.999
6.126,0,9.999
6.127,0,9.999
6.128,0,9.999
6.129,0,9.999
6.13,0,9.999
6.131,0,9.999
6.132,0,9.999
6.133,0,9.999
6.134,0,9.999
6.135,0,9.999
6.136,0,9.999
6.137,0,9.999
6.138,0,9.999
6.139,0,9.999
6.14,0,9.999
6.141,0,9.999
6.142,0,9.999
6.143,0,9.999
6.144,0,9.999
6.145,0,9.999
6.146,0,9.999
6.147,0,9.999
6.148,0,9.999
6.149,0,9.999
6.15,0,9.999
6.151,0,9.999
6.152,0,9.999
6.153,0,9.999
6.154,0,9.999
6.155,0,9.999
6.156,0,9.999
6.157,0,9.999
6.158,0,9.999
6.159,0,9.999
6.16,0,9.999
6.161,0,9.999
6.162,0,9.999
6.163,0,9.999
6.164,0,9.999
6.165,0,9.999
6.166,0,9.999
6.167,0,9.999
6.168,0,9.999
6.169,0,9.999
6.17,0,9.999
6.171,0,9.999
6.172,0,9.999
6.173,0,9.999
6.174,0,9.999
6.175,0,9.999
6.176,0,9.999
6.177,0,9.999
6.178,0,9.999
6.179,0,9.999
6.18,0,9.999
6.181,0,9.999
6.182,0,9.999
6.183,0,9.999
6.184,0,9.999
6.185,0,9.999
6.186,0,9.999
6.187,0,9.999
6.188,0,9.999
6.189,0,9.999
6.19,0,9.999
6.191,0,9.999
6.192,0,9.999
6.193,0,9.999
6.194,0,9.999
6.195,0,9.999
6.196,0,9.999
6.197,0,9.999
6.198,0,9.999
6.199,0,9.999
6.2,0,9.999
6.201,0,9.999
6.202,0,9.999
6.203,0,9.999
6.204,0,9.999
6.205,0,9.999
6.206,0,9.999
6.207,0,9.999
6.208,0,9.999
6.209,0,9.999
6.21,0,9.999
6.211,0,9.999
6.212,0,9.999
6.213,0,9.999
6.214,0,9.999
6.215,0,9.999
6.216,0,9.999
6.217,0,9.999
6.218,0,9.999
6.219,0,9.999
6.22,0,9.999
6.221,0,9.999
6.222,0,9.999
6.223,0,9.999
6.224,0,9.999
6.225,0,9.999
6.226,0,9.999
6.227,0,9.999
6.228,0,9.999
6.229,0,9.999
6.23,0,9.999
6.231,0,9.999
6.232,0,9.999
6.233,0,9.999
6.234,0,9.999
6.235,0,9.999
6.236,0,9.999
6.237,0,9.999
6.238,0,9.999
6.239,0,9.999
6.24,0,9.999
6.241,0,9.999
6.242,0,9.999
6.243,0,9.999
6.244,0,9.999
6.245,0,9.999
6.246,0,9.999
6.247,0,9.999
6.248,0,9.999
6.249,0,9.999
6.25,0,9.999
6.251,0,9.999
6.252,0,9.999
6.253,0,9.999
6.254,0,9.999
6.255,0,9.999
6.256,0,9.999
6.257,0,9.999
6.258,0,9.999
6.259,0,9.999
6.26,0,9.999
6.261,0,9.999
6.262,0,9.999
6.263,0,9.999
6.264,0,9.999
6.265,0,9.999
6.266,0,9.999
6.267,0,9.999
6.268,0,9.999
6.269,0,9.999
6.27,0,9.999
6.271,0,9.999
6.272,0,9.999
6.273,0,9.999
6.274,0,9.999
6.275,0,9.999
6.276,0,9.999
6.277,0,9.999
6.278,0,9.999
6.279,0,9.999
6.28,0,9.999
6.281,0,9.999
6.282,0,9.999
6.283,0,9.999
6.284,0,9.999
6.285,0,9.999
6.286,0,9.999
6.287,0,9.999
6.288,0,9.999
6.289,0,9.999
6.29,0,9.999
6.291,0,9.999
6.292,0,9.999
6.293,0,9.999
6.294,0,9.999
6.295,0,9.999
6.296,0,9.999
6.297,0,9.999
6.298,0,9.999
6.299,0,9.999
6.3,0,9.999
6.301,0,9.999
6.302,0,9.999
6.303,0,9.999
6.304,0,9.999
6.305,0,9.999
6.306,0,9.999
6.307,0,9.999
6.308,0,9.999
6.309,0,9.999
6.31,0,9.999
6.311,0,9.999
6.312,0,9.999
6.313,0,9.999
6.314,0,9.999
6.315,0,9.999
6.316,0,9.999
6.317,0,9.999
6.318,0,9.999
6.319,0,9.999
6.32,0,9.999
6.321,0,9.999
6.322,0,9.999
6.323,0,9.999
6.324,0,9.999
6.325,0,9.999
6.326,0,9.999
6.327,0,9.999
6.328,0,9.999
6.329,0,9.999
6.33,0,9.999
6.331,0,9.999
6.332,0,9.999
6.333,0,9.999
6.334,0,9.999
6.335,0,9.999
6.336,0,9.999
6.337,0,9.999
6.338,0,9.999
6.339,0,9.999
6.34,0,9.999
6.341,0,9.999
6.342,0,9.999
6.343,0,9.999
6.344,0,9.999
6.345,0,9.999
6.346,0,9.999
6.347,0,9.999
6.348,0,9.999
6.349,0,9.999
6.35,0,9.999
6.351,0,9.999
6.352,0,9.999
6.353,0,9.999
6.354,0,9.999
6.355,0,9.999
6.356,0,9.999
6.357,0,9.999
6.358,0,9.999
6.359,0,9.999
6.36,0,9.999
6.361,0,9.999
6.362,0,9.999
6.363,0,9.999
6.364,0,9.999
6.365,0,9.999
6.366,0,9.999
6.367,0,9.999
6.368,0,9.999
6.369,0,9.999
6.37,0,9.999
6.371,0,9.999
6.372,0,9.999
6.373,0,9.999
6.374,0,9.999
6.375,0,9.999
6.376,0,9.999
6.377,0,9.999
6.378,0,9.999
6.379,0,9.999
6.38,0,9.999
6.381,0,9.999
6.382,0,9.999
6.383,0,9.999
6.384,0,9.999
6.385,0,9.999
6.386,0,9.999
6.387,0,9.999
6.388,0,9.999
6.389,0,9.999
6.39,0,9.999
6.391,0,9.999
6.392,0,9.999
6.393,0,9.999
6.394,0,9.999
6.395,0,9.999
6.396,0,9.999
6.397,0,9.999
6.398,0,9.999
6.399,0,9.999
6.4,0,9.999
6.401,0,9.999
6.402,0,9.999
6.403,0,9.999
6.404,0,9.999
6.405,0,9.999
6.406,0,9.999
6.407,0,9.999
6.408,0,9.999
6.409,0,9.999
6.41,0,9.999
6.411,0,9.999
6.412,0,9.999
6.413,0,9.999
6.414,0,9.999
6.415,0,9.999
6.416,0,9.999
6.417,0,9.999
6.418,0,9.999
6.419,0,9.999
6.42,0,9.999
6.421,0,9.999
6.422,0,9.999
6.423,0,9.999
6.424,0,9.999
6.425,0,9.999
6.426,0,9.999
6.427,0,9.999
6.428,0,9.999
6.429,0,9.999
6.43,0,9.999
6.431,0,9.999
6.432,0,9.999
6.433,0,9.999
6.434,0,9.999
6.435,0,9.999
6.436,0,9.999
6.437,0,9.999
6.438,0,9.999
6.439,0,9.999
6.44,0,9.999
6.441,0,9.999
6.442,0,9.999
6.443,0,9.999
6.444,0,9.999
6.445,0,9.999
6.446,0,9.999
6.447,0,9.999
6.448,0,9.999
6.449,0,9.999
6.45,0,9.999
6.451,0,9.999
6.452,0,9.999
6.453,0,9.999
6.454,0,9.999
6.455,0,9.999
6.456,0,9.999
6.457,0,9.999
6.458,0,9.999
6.459,0,9.999
6.46,0,9.999
6.461,0,9.999
6.462,0,9.999
6.463,0,9.999
6.464,0,9.999
6.465,0,9.999
6.466,0,9.999
6.467,0,9.999
6.468,0,9.999
6.469,0,9.999
6.47,0,9.999
6.471,0,9.999
6.472,0,9.999
6.473,0,9.999
6.474,0,9.999
6.475,0,9.999
6.476,0,9.999
6.477,0,9.999
6.478,0,9.999
6.479,0,9.999
6.48,0,9.999
6.481,0,9.999
6.482,0,9.999
6.483,0,9.999
6.484,0,9.999
6.485,0,9.999
6.486,0,9.999
6.487,0,9.999
6.488,0,9.999
6.489,0,9.999
6.49,0,9.999
6.491,0,9.999
6.492,0,9.999
6.493,0,9.999
6.494,0,9.999
6.495,0,9.999
6.496,0,9.999
6.497,0,9.999
6.498,0,9.999
6.499,0,9.999
6.5,0,9.999
6.501,0,9.999
6.502,0,9.999
6.503,0,9.999
6.504,0,9.999
6.505,0,9.999
6.506,0,9.999
6.507,0,9.999
6.508,0,9.999
6.509,0,9.999
6.51,0,9.999
6.511,0,9.999
6.512,0,9.999
6.513,0,9.999
6.514,0,9.999
6.515,0,9.999
6.516,0,9.999
6.517,0,9.999
6.518,0,9.999
6.519,0,9.999
6.52,0,9.999
6.521,0,9.999
6.522,0,9.999
6.523,0,9.999
6.524,0,9.999
6.525,0,9.999
6.526,0,9.999
6.527,0,9.999
6.528,0,9.999
6.529,0,9.999
6.53,0,9.999
6.531,0,9.999
6.532,0,9.999
6.533,0,9.999
6.534,0,9.999
6.535,0,9.999
6.536,0,9.999
6.537,0,9.999
6.538,0,9.999
6.539,0,9.999
6.54,0,9.999
6.541,0,9.999
6.542,0,9.999
6.543,0,9.999
6.544,0,9.999
6.545,0,9.999
6.546,0,9.999
6.547,0,9.999
6.548,0,9.999
6.549,0,9.999
6.55,0,9.999
6.551,0,9.999
6.552,0,9.999
6.553,0,9.999
6.554,0,9.999
6.555,0,9.999
6.556,0,9.999
6.557,0,9.999
6.558,0,9.999
6.559,0,9.999
6.56,0,9.999
6.561,0,9.999
6.562,0,9.999
6.563,0,9.999
6.564,0,9.999
6.565,0,9.999
6.566,0,9.999
6.567,0,9.999
6.568,0,9.999
6.569,0,9.999
6.57,0,9.999
6.571,0,9.999
6.572,0,9.999
6.573,0,9.999
6.574,0,9.999
6.575,0,9.999
6.576,0,9.999
6.577,0,9.999
6.578,0,9.999
6.579,0,9.999
6.58,0,9.999
6.581,0,9.999
6.582,0,9.999
6.583,0,9.999
6.584,0,9.999
6.585,0,9.999
6.586,0,9.999
6.587,0,9.999
6.588,0,9.999
6.589,0,9.999
6.59,0,9.999
6.591,0,9.999
6.592,0,9.999
6.593,0,9.999
6.594,0,9.999
6.595,0,9.999
6.596,0,9.999
6.597,0,9.999
6.598,0,9.999
6.599,0,9.999
6.6,0,9.999
6.601,0,9.999
6.602,0,9.999
6.603,0,9.999
6.604,0,9.999
6.605,0,9.999
6.606,0,9.999
6.607,0,9.999
6.608,0,9.999
6.609,0,9.999
6.61,0,9.999
6.611,0,9.999
6.612,0,9.999
6.613,0,9.999
6.614,0,9.999
6.615,0,9.999
6.616,0,9.999
6.617,0,9.999
6.618,0,9.999
6.619,0,9.999
6.62,0,9.999
6.621,0,9.999
6.622,0,9.999
6.623,0,9.999
6.624,0,9.999
6.625,0,9.999
6.626,0,9.999
6.627,0,9.999
6.628,0,9.999
6.629,0,9.999
6.63,0,9.999
6.631,0,9.999
6.632,0,9.999
6.633,0,9.999
6.634,0,9.999
6.635,0,9.999
6.636,0,9.999
6.637,0,9.999
6.638,0,9.999
6.639,0,9.999
6.64,0,9.999
6.641,0,9.999
6.642,0,9.999
6.643,0,9.999
6.644,0,9.999
6.645,0,9.999
6.646,0,9.999
6.647,0,9.999
6.648,0,9.999
6.649,0,9.999
6.65,0,9.999
6.651,0,9.999
6.652,0,9.999
6.653,0,9.999
6.654,0,9.999
6.655,0,9.999
6.656,0,9.999
6.657,0,9.999
6.658,0,9.999
6.659,0,9.999
6.66,0,9.999
6.661,0,9.999
6.662,0,9.999
6.663,0,9.999
6.664,0,9.999
6.665,0,9.999
6.666,0,9.999
6.667,0,9.999
6.668,0,9.999
6.669,0,9.999
6.67,0,9.999
6.671,0,9.999
6.672,0,9.999
6.673,0,9.999
6.674,0,9.999
6.675,0,9.999
6.676,0,9.999
6.677,0,9.999
6.678,0,9.999
6.679,0,9.999
6.68,0,9.999
6.681,0,9.999
6.682,0,9.999
6.683,0,9.999
6.684,0,9.999
6.685,0,9.999
6.686,0,9.999
6.687,0,9.999
6.688,0,9.999
6.689,0,9.999
6.69,0,9.999
6.691,0,9.999
6.692,0,9.999
6.693,0,9.999
6.694,0,9.999
6.695,0,9.999
6.696,0,9.999
6.697,0,9.999
6.698,0,9.999
6.699,0,9.999
6.7,0,9.999
6.701,0,9.999
6.702,0,9.999
6.703,0,9.999
6.704,0,9.999
6.705,0,9.999
6.706,0,9.999
6.707,0,9.999
6.708,0,9.999
6.709,0,9.999
6.71,0,9.999
6.711,0,9.999
6.712,0,9.999
6.713,0,9.999
6.714,0,9.999
6.715,0,9.999
6.716,0,9.999
6.717,0,9.999
6.718,0,9.999
6.719,0,9.999
6.72,0,9.999
6.721,0,9.999
6.722,0,9.999
6.723,0,9.999
6.724,0,9.999
6.725,0,9.999
6.726,0,9.999
6.727,0,9.999
6.728,0,9.999
6.729,0,9.999
6.73,0,9.999
6.731,0,9.999
6.732,0,9.999
6.733,0,9.999
6.734,0,9.999
6.735,0,9.999
6.736,0,9.999
6.737,0,9.999
6.738,0,9.999
6.739,0,9.999
6.74,0,9.999
6.741,0,9.999
6.742,0,9.999
6.743,0,9.999
6.744,0,9.999
6.745,0,9.999
6.746,0,9.999
6.747,0,9.999
6.748,0,9.999
6.749,0,9.999
6.75,0,9.999
6.751,0,9.999
6.752,0,9.999
6.753,0,9.999
6.754,0,9.999
6.755,0,9.999
6.756,0,9.999
6.757,0,9.999
6.758,0,9.999
6.759,0,9.999
6.76,0,9.999
6.761,0,9.999
6.762,0,9.999
6.763,0,9.999
6.764,0,9.999
6.765,0,9.999
6.766,0,9.999
6.767,0,9.999
6.768,0,9.999
6.769,0,9.999
6.77,0,9.999
6.771,0,9.999
6.772,0,9.999
6.773,0,9.999
6.774,0,9.999
6.775,0,9.999
6.776,0,9.999
6.777,0,9.999
6.778,0,9.999
6.779,0,9.999
6.78,0,9.999
6.781,0,9.999
6.782,0,9.999
6.783,0,9.999
6.784,0,9.999
6.785,0,9.999
6.786,0,9.999
6.787,0,9.999
6.788,0,9.999
6.789,0,9.999
6.79,0,9.999
6.791,0,9.999
6.792,0,9.999
6.793,0,9.999
6.794,0,9.999
6.795,0,9.999
6.796,0,9.999
6.797,0,9.999
6.798,0,9.999
6.799,0,9.999
6.8,0,9.999
6.801,0,9.999
6.802,0,9.999
6.803,0,9.999
6.804,0,9.999
6.805,0,9.999
6.806,0,9.999
6.807,0,9.999
6.808,0,9.999
6.809,0,9.999
6.81,0,9.999
6.811,0,9.999
6.812,0,9.999
6.813,0,9.999
6.814,0,9.999
6.815,0,9.999
6.816,0,9.999
6.817,0,9.999
6.818,0,9.999
6.819,0,9.999
6.82,0,9.999
6.821,0,9.999
6.822,0,9.999
6.823,0,9.999
6.824,0,9.999
6.825,0,9.999
6.826,0,9.999
6.827,0,9.999
6.828,0,9.999
6.829,0,9.999
6.83,0,9.999
6.831,0,9.999
6.832,0,9.999
6.833,0,9.999
6.834,0,9.999
6.835,0,9.999
6.836,0,9.999
6.837,0,9.999
6.838,0,9.999
6.839,0,9.999
6.84,0,9.999
6.841,0,9.999
6.842,0,9.999
6.843,0,9.999
6.844,0,9.999
6.845,0,9.999
6.846,0,9.999
6.847,0,9.999
6.848,0,9.999
6.849,0,9.999
6.85,0,9.999
6.851,0,9.999
6.852,0,9.999
6.853,0,9.999
6.854,0,9.999
6.855,0,9.999
6.856,0,9.999
6.857,0,9.999
6.858,0,9.999
6.859,0,9.999
6.86,0,9.999
6.861,0,9.999
6.862,0,9.999
6.863,0,9.999
6.864,0,9.999
6.865,0,9.999
6.866,0,9.999
6.867,0,9.999
6.868,0,9.999
6.869,0,9.999
6.87,0,9.999
6.871,0,9.999
6.872,0,9.999
6.873,0,9.999
6.874,0,9.999
6.875,0,9.999
6.876,0,9.999
6.877,0,9.999
6.878,0,9.999
6.879,0,9.999
6.88,0,9.999
6.881,0,9.999
6.882,0,9.999
6.883,0,9.999
6.884,0,9.999
6.885,0,9.999
6.886,0,9.999
6.887,0,9.999
6.888,0,9.999
6.889,0,9.999
6.89,0,9.999
6.891,0,9.999
6.892,0,9.999
6.893,0,9.999
6.894,0,9.999
6.895,0,9.999
6.896,0,9.999
6.897,0,9.999
6.898,0,9.999
6.899,0,9.999
6.9,0,9.999
6.901,0,9.999
6.902,0,9.999
6.903,0,9.999
6.904,0,9.999
6.905,0,9.999
6.906,0,9.999
6.907,0,9.999
6.908,0,9.999
6.909,0,9.999
6.91,0,9.999
6.911,0,9.999
6.912,0,9.999
6.913,0,9.999
6.914,0,9.999
6.915,0,9.999
6.916,0,9.999
6.917,0,9.999
6.918,0,9.999
6.919,0,9.999
6.92,0,9.999
6.921,0,9.999
6.922,0,9.999
6.923,0,9.999
6.924,0,9.999
6.925,0,9.999
6.926,0,9.999
6.927,0,9.999
6.928,0,9.999
6.929,0,9.999
6.93,0,9.999
6.931,0,9.999
6.932,0,9.999
6.933,0,9.999
6.934,0,9.999
6.935,0,9.999
6.936,0,9.999
6.937,0,9.999
6.938,0,9.999
6.939,0,9.999
6.94,0,9.999
6.941,0,9.999
6.942,0,9.999
6.943,0,9.999
6.944,0,9.999
6.945,0,9.999
6.946,0,9.999
6.947,0,9.999
6.948,0,9.999
6.949,0,9.999
6.95,0,9.999
6.951,0,9.999
6.952,0,9.999
6.953,0,9.999
6.954,0,9.999
6.955,0,9.999
6.956,0,9.999
6.957,0,9.999
6.958,0,9.999
6.959,0,9.999
6.96,0,9.999
6.961,0,9.999
6.962,0,9.999
6.963,0,9.999
6.964,0,9.999
6.965,0,9.999
6.966,0,9.999
6.967,0,9.999
6.968,0,9.999
6.969,0,9.999
6.97,0,9.999
6.971,0,9.999
6.972,0,9.999
6.973,0,9.999
6.974,0,9.999
6.975,0,9.999
6.976,0,9.999
6.977,0,9.999
6.978,0,9.999
6.979,0,9.999
6.98,0,9.999
6.981,0,9.999
6.982,0,9.999
6.983,0,9.999
6.984,0,9.999
6.985,0,9.999
6.986,0,9.999
6.987,0,9.999
6.988,0,9.999
6.989,0,9.999
6.99,0,9.999
6.991,0,9.999
6.992,0,9.999
6.993,0,9.999
6.994,0,9.999
6.995,0,9.999
6.996,0,9.999
6.997,0,9.999
6.998,0,9.999
6.999,0,9.999
7,0,9.999
7.001,0,9.999
7.002,0,9.999
7.003,0,9.999
7.004,0,9.999
7.005,0,9.999
7.006,0,9.999
7.007,0,9.999
7.008,0,9.999
7.009,0,9.999
7.01,0,9.999
7.011,0,9.999
7.012,0,9.999
7.013,0,9.999
7.014,0,9.999
7.015,0,9.999
7.016,0,9.999
7.017,0,9.999
7.018,0,9.999
7.019,0,9.999
7.02,0,9.999
7.021,0,9.999
7.022,0,9.999
7.023,0,9.999
7.024,0,9.999
7.025,0,9.999
7.026,0,9.999
7.027,0,9.999
7.028,0,9.999
7.029,0,9.999
7.03,0,9.999
7.031,0,9.999
7.032,0,9.999
7.033,0,9.999
7.034,0,9.999
7.035,0,9.999
7.036,0,9.999
7.037,0,9.999
7.038,0,9.999
7.039,0,9.999
7.04,0,9.999
7.041,0,9.999
7.042,0,9.999
7.043,0,9.999
7.044,0,9.999
7.045,0,9.999
7.046,0,9.999
7.047,0,9.999
7.048,0,9.999
7.049,0,9.999
7.05,0,9.999
7.051,0,9.999
7.052,0,9.999
7.053,0,9.999
7.054,0,9.999
7.055,0,9.999
7.056,0,9.999
7.057,0,9.999
7.058,0,9.999
7.059,0,9.999
7.06,0,9.999
7.061,0,9.999
7.062,0,9.999
7.063,0,9.999
7.064,0,9.999
7.065,0,9.999
7.066,0,9.999
7.067,0,9.999
7.068,0,9.999
7.069,0,9.999
7.07,0,9.999
7.071,0,9.999
7.072,0,9.999
7.073,0,9.999
7.074,0,9.999
7.075,0,9.999
7.076,0,9.999
7.077,0,9.999
7.078,0,9.999
7.079,0,9.999
7.08,0,9.999
7.081,0,9.999
7.082,0,9.999
7.083,0,9.999
7.084,0,9.999
7.085,0,9.999
7.086,0,9.999
7.087,0,9.999
7.088,0,9.999
7.089,0,9.999
7.09,0,9.999
7.091,0,9.999
7.092,0,9.999
7.093,0,9.999
7.094,0,9.999
7.095,0,9.999
7.096,0,9.999
7.097,0,9.999
7.098,0,9.999
7.099,0,9.999
7.1,0,9.999
7.101,0,9.999
7.102,0,9.999
7.103,0,9.999
7.104,0,9.999
7.105,0,9.999
7.106,0,9.999
7.107,0,9.999
7.108,0,9.999
7.109,0,9.999
7.11,0,9.999
7.111,0,9.999
7.112,0,9.999
7.113,0,9.999
7.114,0,9.999
7.115,0,9.999
7.116,0,9.999
7.117,0,9.999
7.118,0,9.999
7.119,0,9.999
7.12,0,9.999
7.121,0,9.999
7.122,0,9.999
7.123,0,9.999
7.124,0,9.999
7.125,0,9.999
7.126,0,9.999
7.127,0,9.999
7.128,0,9.999
7.129,0,9.999
7.13,0,9.999
7.131,0,9.999
7.132,0,9.999
7.133,0,9.999
7.134,0,9.999
7.135,0,9.999
7.136,0,9.999
7.137,0,9.999
7.138,0,9.999
7.139,0,9.999
7.14,0,9.999
7.141,0,9.999
7.142,0,9.999
7.143,0,9.999
7.144,0,9.999
7.145,0,9.999
7.146,0,9.999
7.147,0,9.999
7.148,0,9.999
7.149,0,9.999
7.15,0,9.999
7.151,0,9.999
7.152,0,9.999
7.153,0,9.999
7.154,0,9.999
7.155,0,9.999
7.156,0,9.999
7.157,0,9.999
7.158,0,9.999
7.159,0,9.999
7.16,0,9.999
7.161,0,9.999
7.162,0,9.999
7.163,0,9.999
7.164,0,9.999
7.165,0,9.999
7.166,0,9.999
7.167,0,9.999
7.168,0,9.999
7.169,0,9.999
7.17,0,9.999
7.171,0,9.999
7.172,0,9.999
7.173,0,9.999
7.174,0,9.999
7.175,0,9.999
7.176,0,9.999
7.177,0,9.999
7.178,0,9.999
7.179,0,9.999
7.18,0,9.999
7.181,0,9.999
7.182,0,9.999
7.183,0,9.999
7.184,0,9.999
7.185,0,9.999
7.186,0,9.999
7.187,0,9.999
7.188,0,9.999
7.189,0,9.999
7.19,0,9.999
7.191,0,9.999
7.192,0,9.999
7.193,0,9.999
7.194,0,9.999
7.195,0,9.999
7.196,0,9.999
7.197,0,9.999
7.198,0,9.999
7.199,0,9.999
7.2,0,9.999
7.201,0,9.999
7.202,0,9.999
7.203,0,9.999
7.204,0,9.999
7.205,0,9.999
7.206,0,9.999
7.207,0,9.999
7.208,0,9.999
7.209,0,9.999
7.21,0,9.999
7.211,0,9.999
7.212,0,9.999
7.213,0,9.999
7.214,0,9.999
7.215,0,9.999
7.216,0,9.999
7.217,0,9.999
7.218,0,9.999
7.219,0,9.999
7.22,0,9.999
7.221,0,9.999
7.222,0,9.999
7.223,0,9.999
7.224,0,9.999
7.225,0,9.999
7.226,0,9.999
7.227,0,9.999
7.228,0,9.999
7.229,0,9.999
7.23,0,9.999
7.231,0,9.999
7.232,0,9.999
7.233,0,9.999
7.234,0,9.999
7.235,0,9.999
7.236,0,9.999
7.237,0,9.999
7.238,0,9.999
7.239,0,9.999
7.24,0,9.999
7.241,0,9.999
7.242,0,9.999
7.243,0,9.999
7.244,0,9.999
7.245,0,9.999
7.246,0,9.999
7.247,0,9.999
7.248,0,9.999
7.249,0,9.999
7.25,0,9.999
7.251,0,9.999
7.252,0,9.999
7.253,0,9.999
7.254,0,9.999
7.255,0,9.999
7.256,0,9.999
7.257,0,9.999
7.258,0,9.999
7.259,0,9.999
7.26,0,9.999
7.261,0,9.999
7.262,0,9.999
7.263,0,9.999
7.264,0,9.999
7.265,0,9.999
7.266,0,9.999
7.267,0,9.999
7.268,0,9.999
7.269,0,9.999
7.27,0,9.999
7.271,0,9.999
7.272,0,9.999
7.273,0,9.999
7.274,0,9.999
7.275,0,9.999
7.276,0,9.999
7.277,0,9.999
7.278,0,9.999
7.279,0,9.999
7.28,0,9.999
7.281,0,9.999
7.282,0,9.999
7.283,0,9.999
7.284,0,9.999
7.285,0,9.999
7.286,0,9.999
7.287,0,9.999
7.288,0,9.999
7.289,0,9.999
7.29,0,9.999
7.291,0,9.999
7.292,0,9.999
7.293,0,9.999
7.294,0,9.999
7.295,0,9.999
7.296,0,9.999
7.297,0,9.999
7.298,0,9.999
7.299,0,9.999
7.3,0,9.999
7.301,0,9.999
7.302,0,9.999
7.303,0,9.999
7.304,0,9.999
7.305,0,9.999
7.306,0,9.999
7.307,0,9.999
7.308,0,9.999
7.309,0,9.999
7.31,0,9.999
7.311,0,9.999
7.312,0,9.999
7.313,0,9.999
7.314,0,9.999
7.315,0,9.999
7.316,0,9.999
7.317,0,9.999
7.318,0,9.999
7.319,0,9.999
7.32,0,9.999
7.321,0,9.999
7.322,0,9.999
7.323,0,9.999
7.324,0,9.999
7.325,0,9.999
7.326,0,9.999
7.327,0,9.999
7.328,0,9.999
7.329,0,9.999
7.33,0,9.999
7.331,0,9.999
7.332,0,9.999
7.333,0,9.999
7.334,0,9.999
7.335,0,9.999
7.336,0,9.999
7.337,0,9.999
7.338,0,9.999
7.339,0,9.999
7.34,0,9.999
7.341,0,9.999
7.342,0,9.999
7.343,0,9.999
7.344,0,9.999
7.345,0,9.999
7.346,0,9.999
7.347,0,9.999
7.348,0,9.999
7.349,0,9.999
7.35,0,9.999
7.351,0,9.999
7.352,0,9.999
7.353,0,9.999
7.354,0,9.999
7.355,0,9.999
7.356,0,9.999
7.357,0,9.999
7.358,0,9.999
7.359,0,9.999
7.36,0,9.999
7.361,0,9.999
7.362,0,9.999
7.363,0,9.999
7.364,0,9.999
7.365,0,9.999
7.366,0,9.999
7.367,0,9.999
7.368,0,9.999
7.369,0,9.999
7.37,0,9.999
7.371,0,9.999
7.372,0,9.999
7.373,0,9.999
7.374,0,9.999
7.375,0,9.999
7.376,0,9.999
7.377,0,9.999
7.378,0,9.999
7.379,0,9.999
7.38,0,9.999
7.381,0,9.999
7.382,0,9.999
7.383,0,9.999
7.384,0,9.999
7.385,0,9.999
7.386,0,9.999
7.387,0,9.999
7.388,0,9.999
7.389,0,9.999
7.39,0,9.999
7.391,0,9.999
7.392,0,9.999
7.393,0,9.999
7.394,0,9.999
7.395,0,9.999
7.396,0,9.999
7.397,0,9.999
7.398,0,9.999
7.399,0,9.999
7.4,0,9.999
7.401,0,9.999
7.402,0,9.999
7.403,0,9.999
7.404,0,9.999
7.405,0,9.999
7.406,0,9.999
7.407,0,9.999
7.408,0,9.999
7.409,0,9.999
7.41,0,9.999
7.411,0,9.999
7.412,0,9.999
7.413,0,9.999
7.414,0,9.999
7.415,0,9.999
7.416,0,9.999
7.417,0,9.999
7.418,0,9.999
7.419,0,9.999
7.42,0,9.999
7.421,0,9.999
7.422,0,9.999
7.423,0,9.999
7.424,0,9.999
7.425,0,9.999
7.426,0,9.999
7.427,0,9.999
7.428,0,9.999
7.429,0,9.999
7.43,0,9.999
7.431,0,9.999
7.432,0,9.999
7.433,0,9.999
7.434,0,9.999
7.435,0,9.999
7.436,0,9.999
7.437,0,9.999
7.438,0,9.999
7.439,0,9.999
7.44,0,9.999
7.441,0,9.999
7.442,0,9.999
7.443,0,9.999
7.444,0,9.999
7.445,0,9.999
7.446,0,9.999
7.447,0,9.999
7.448,0,9.999
7.449,0,9.999
7.45,0,9.999
7.451,0,9.999
7.452,0,9.999
7.453,0,9.999
7.454,0,9.999
7.455,0,9.999
7.456,0,9.999
7.457,0,9.999
7.458,0,9.999
7.459,0,9.999
7.46,0,9.999
7.461,0,9.999
7.462,0,9.999
7.463,0,9.999
7.464,0,9.999
7.465,0,9.999
7.466,0,9.999
7.467,0,9.999
7.468,0,9.999
7.469,0,9.999
7.47,0,9.999
7.471,0,9.999
7.472,0,9.999
7.473,0,9.999
7.474,0,9.999
7.475,0,9.999
7.476,0,9.999
7.477,0,9.999
7.478,0,9.999
7.479,0,9.999
7.48,0,9.999
7.481,0,9.999
7.482,0,9.999
7.483,0,9.999
7.484,0,9.999
7.485,0,9.999
7.486,0,9.999
7.487,0,9.999
7.488,0,9.999
7.489,0,9.999
7.49,0,9.999
7.491,0,9.999
7.492,0,9.999
7.493,0,9.999
7.494,0,9.999
7.495,0,9.999
7.496,0,9.999
7.497,0,9.999
7.498,0,9.999
7.499,0,9.999
7.5,0,9.999
7.501,0,9.999
7.502,0,9.999
7.503,0,9.999
7.504,0,9.999
7.505,0,9.999
7.506,0,9.999
7.507,0,9.999
7.508,0,9.999
7.509,0,9.999
7.51,0,9.999
7.511,0,9.999
7.512,0,9.999
7.513,0,9.999
7.514,0,9.999
7.515,0,9.999
7.516,0,9.999
7.517,0,9.999
7.518,0,9.999
7.519,0,9.999
7.52,0,9.999
7.521,0,9.999
7.522,0,9.999
7.523,0,9.999
7.524,0,9.999
7.525,0,9.999
7.526,0,9.999
7.527,0,9.999
7.528,0,9.999
7.529,0,9.999
7.53,0,9.999
7.531,0,9.999
7.532,0,9.999
7.533,0,9.999
7.534,0,9.999
7.535,0,9.999
7.536,0,9.999
7.537,0,9.999
7.538,0,9.999
7.539,0,9.999
7.54,0,9.999
7.541,0,9.999
7.542,0,9.999
7.543,0,9.999
7.544,0,9.999
7.545,0,9.999
7.546,0,9.999
7.547,0,9.999
7.548,0,9.999
7.549,0,9.999
7.55,0,9.999
7.551,0,9.999
7.552,0,9.999
7.553,0,9.999
7.554,0,9.999
7.555,0,9.999
7.556,0,9.999
7.557,0,9.999
7.558,0,9.999
7.559,0,9.999
7.56,0,9.999
7.561,0,9.999
7.562,0,9.999
7.563,0,9.999
7.564,0,9.999
7.565,0,9.999
7.566,0,9.999
7.567,0,9.999
7.568,0,9.999
7.569,0,9.999
7.57,0,9.999
7.571,0,9.999
7.572,0,9.999
7.573,0,9.999
7.574,0,9.999
7.575,0,9.999
7.576,0,9.999
7.577,0,9.999
7.578,0,9.999
7.579,0,9.999
7.58,0,9.999
7.581,0,9.999
7.582,0,9.999
7.583,0,9.999
7.584,0,9.999
7.585,0,9.999
7.586,0,9.999
7.587,0,9.999
7.588,0,9.999
7.589,0,9.999
7.59,0,9.999
7.591,0,9.999
7.592,0,9.999
7.593,0,9.999
7.594,0,9.999
7.595,0,9.999
7.596,0,9.999
7.597,0,9.999
7.598,0,9.999
7.599,0,9.999
7.6,0,9.999
7.601,0,9.999
7.602,0,9.999
7.603,0,9.999
7.604,0,9.999
7.605,0,9.999
7.606,0,9.999
7.607,0,9.999
7.608,0,9.999
7.609,0,9.999
7.61,0,9.999
7.611,0,9.999
7.612,0,9.999
7.613,0,9.999
7.614,0,9.999
7.615,0,9.999
7.616,0,9.999
7.617,0,9.999
7.618,0,9.999
7.619,0,9.999
7.62,0,9.999
7.621,0,9.999
7.622,0,9.999
7.623,0,9.999
7.624,0,9.999
7.625,0,9.999
7.626,0,9.999
7.627,0,9.999
7.628,0,9.999
7.629,0,9.999
7.63,0,9.999
7.631,0,9.999
7.632,0,9.999
7.633,0,9.999
7.634,0,9.999
7.635,0,9.999
7.636,0,9.999
7.637,0,9.999
7.638,0,9.999
7.639,0,9.999
7.64,0,9.999
7.641,0,9.999
7.642,0,9.999
7.643,0,9.999
7.644,0,9.999
7.645,0,9.999
7.646,0,9.999
7.647,0,9.999
7.648,0,9.999
7.649,0,9.999
7.65,0,9.999
7.651,0,9.999
7.652,0,9.999
7.653,0,9.999
7.654,0,9.999
7.655,0,9.999
7.656,0,9.999
7.657,0,9.999
7.658,0,9.999
7.659,0,9.999
7.66,0,9.999
7.661,0,9.999
7.662,0,9.999
7.663,0,9.999
7.664,0,9.999
7.665,0,9.999
7.666,0,9.999
7.667,0,9.999
7.668,0,9.999
7.669,0,9.999
7.67,0,9.999
7.671,0,9.999
7.672,0,9.999
7.673,0,9.999
7.674,0,9.999
7.675,0,9.999
7.676,0,9.999
7.677,0,9.999
7.678,0,9.999
7.679,0,9.999
7.68,0,9.999
7.681,0,9.999
7.682,0,9.999
7.683,0,9.999
7.684,0,9.999
7.685,0,9.999
7.686,0,9.999
7.687,0,9.999
7.688,0,9.999
7.689,0,9.999
7.69,0,9.999
7.691,0,9.999
7.692,0,9.999
7.693,0,9.999
7.694,0,9.999
7.695,0,9.999
7.696,0,9.999
7.697,0,9.999
7.698,0,9.999
7.699,0,9.999
7.7,0,9.999
7.701,0,9.999
7.702,0,9.999
7.703,0,9.999
7.704,0,9.999
7.705,0,9.999
7.706,0,9.999
7.707,0,9.999
7.708,0,9.999
7.709,0,9.999
7.71,0,9.999
7.711,0,9.999
7.712,0,9.999
7.713,0,9.999
7.714,0,9.999
7.715,0,9.999
7.716,0,9.999
7.717,0,9.999
7.718,0,9.999
7.719,0,9.999
7.72,0,9.999
7.721,0,9.999
7.722,0,9.999
7.723,0,9.999
7.724,0,9.999
7.725,0,9.999
7.726,0,9.999
7.727,0,9.999
7.728,0,9.999
7.729,0,9.999
7.73,0,9.999
7.731,0,9.999
7.732,0,9.999
7.733,0,9.999
7.734,0,9.999
7.735,0,9.999
7.736,0,9.999
7.737,0,9.999
7.738,0,9.999
7.739,0,9.999
7.74,0,9.999
7.741,0,9.999
7.742,0,9.999
7.743,0,9.999
7.744,0,9.999
7.745,0,9.999
7.746,0,9.999
7.747,0,9.999
7.748,0,9.999
7.749,0,9.999
7.75,0,9.999
7.751,0,9.999
7.752,0,9.999
7.753,0,9.999
7.754,0,9.999
7.755,0,9.999
7.756,0,9.999
7.757,0,9.999
7.758,0,9.999
7.759,0,9.999
7.76,0,9.999
7.761,0,9.999
7.762,0,9.999
7.763,0,9.999
7.764,0,9.999
7.765,0,9.999
7.766,0,9.999
7.767,0,9.999
7.768,0,9.999
7.769,0,9.999
7.77,0,9.999
7.771,0,9.999
7.772,0,9.999
7.773,0,9.999
7.774,0,9.999
7.775,0,9.999
7.776,0,9.999
7.777,0,9.999
7.778,0,9.999
7.779,0,9.999
7.78,0,9.999
7.781,0,9.999
7.782,0,9.999
7.783,0,9.999
7.784,0,9.999
7.785,0,9.999
7.786,0,9.999
7.787,0,9.999
7.788,0,9.999
7.789,0,9.999
7.79,0,9.999
7.791,0,9.999
7.792,0,9.999
7.793,0,9.999
7.794,0,9.999
7.795,0,9.999
7.796,0,9.999
7.797,0,9.999
7.798,0,9.999
7.799,0,9.999
7.8,0,9.999
7.801,0,9.999
7.802,0,9.999
7.803,0,9.999
7.804,0,9.999
7.805,0,9.999
7.806,0,9.999
7.807,0,9.999
7.808,0,9.999
7.809,0,9.999
7.81,0,9.999
7.811,0,9.999
7.812,0,9.999
7.813,0,9.999
7.814,0,9.999
7.815,0,9.999
7.816,0,9.999
7.817,0,9.999
7.818,0,9.999
7.819,0,9.999
7.82,0,9.999
7.821,0,9.999
7.822,0,9.999
7.823,0,9.999
7.824,0,9.999
7.825,0,9.999
7.826,0,9.999
7.827,0,9.999
7.828,0,9.999
7.829,0,9.999
7.83,0,9.999
7.831,0,9.999
7.832,0,9.999
7.833,0,9.999
7.834,0,9.999
7.835,0,9.999
7.836,0,9.999
7.837,0,9.999
7.838,0,9.999
7.839,0,9.999
7.84,0,9.999
7.841,0,9.999
7.842,0,9.999
7.843,0,9.999
7.844,0,9.999
7.845,0,9.999
7.846,0,9.999
7.847,0,9.999
7.848,0,9.999
7.849,0,9.999
7.85,0,9.999
7.851,0,9.999
7.852,0,9.999
7.853,0,9.999
7.854,0,9.999
7.855,0,9.999
7.856,0,9.999
7.857,0,9.999
7.858,0,9.999
7.859,0,9.999
7.86,0,9.999
7.861,0,9.999
7.862,0,9.999
7.863,0,9.999
7.864,0,9.999
7.865,0,9.999
7.866,0,9.999
7.867,0,9.999
7.868,0,9.999
7.869,0,9.999
7.87,0,9.999
7.871,0,9.999
7.872,0,9.999
7.873,0,9.999
7.874,0,9.999
7.875,0,9.999
7.876,0,9.999
7.877,0,9.999
7.878,0,9.999
7.879,0,9.999
7.88,0,9.999
7.881,0,9.999
7.882,0,9.999
7.883,0,9.999
7.884,0,9.999
7.885,0,9.999
7.886,0,9.999
7.887,0,9.999
7.888,0,9.999
7.889,0,9.999
7.89,0,9.999
7.891,0,9.999
7.892,0,9.999
7.893,0,9.999
7.894,0,9.999
7.895,0,9.999
7.896,0,9.999
7.897,0,9.999
7.898,0,9.999
7.899,0,9.999
7.9,0,9.999
7.901,0,9.999
7.902,0,9.999
7.903,0,9.999
7.904,0,9.999
7.905,0,9.999
7.906,0,9.999
7.907,0,9.999
7.908,0,9.999
7.909,0,9.999
7.91,0,9.999
7.911,0,9.999
7.912,0,9.999
7.913,0,9.999
7.914,0,9.999
7.915,0,9.999
7.916,0,9.999
7.917,0,9.999
7.918,0,9.999
7.919,0,9.999
7.92,0,9.999
7.921,0,9.999
7.922,0,9.999
7.923,0,9.999
7.924,0,9.999
7.925,0,9.999
7.926,0,9.999
7.927,0,9.999
7.928,0,9.999
7.929,0,9.999
7.93,0,9.999
7.931,0,9.999
7.932,0,9.999
7.933,0,9.999
7.934,0,9.999
7.935,0,9.999
7.936,0,9.999
7.937,0,9.999
7.938,0,9.999
7.939,0,9.999
7.94,0,9.999
7.941,0,9.999
7.942,0,9.999
7.943,0,9.999
7.944,0,9.999
7.945,0,9.999
7.946,0,9.999
7.947,0,9.999
7.948,0,9.999
7.949,0,9.999
7.95,0,9.999
7.951,0,9.999
7.952,0,9.999
7.953,0,9.999
7.954,0,9.999
7.955,0,9.999
7.956,0,9.999
7.957,0,9.999
7.958,0,9.999
7.959,0,9.999
7.96,0,9.999
7.961,0,9.999
7.962,0,9.999
7.963,0,9.999
7.964,0,9.999
7.965,0,9.999
7.966,0,9.999
7.967,0,9.999
7.968,0,9.999
7.969,0,9.999
7.97,0,9.999
7.971,0,9.999
7.972,0,9.999
7.973,0,9.999
7.974,0,9.999
7.975,0,9.999
7.976,0,9.999
7.977,0,9.999
7.978,0,9.999
7.979,0,9.999
7.98,0,9.999
7.981,0,9.999
7.982,0,9.999
7.983,0,9.999
7.984,0,9.999
7.985,0,9.999
7.986,0,9.999
7.987,0,9.999
7.988,0,9.999
7.989,0,9.999
7.99,0,9.999
7.991,0,9.999
7.992,0,9.999
7.993,0,9.999
7.994,0,9.999
7.995,0,9.999
7.996,0,9.999
7.997,0,9.999
7.998,0,9.999
7.999,0,9.999
8,0,9.999
8.001,0,9.999
8.002,0,9.999
8.003,0,9.999
8.004,0,9.999
8.005,0,9.999
8.006,0,9.999
8.007,0,9.999
8.008,0,9.999
8.009,0,9.999
8.01,0,9.999
8.011,0,9.999
8.012,0,9.999
8.013,0,9.999
8.014,0,9.999
8.015,0,9.999
8.016,0,9.999
8.017,0,9.999
8.018,0,9.999
8.019,0,9.999
8.02,0,9.999
8.021,0,9.999
8.022,0,9.999
8.023,0,9.999
8.024,0,9.999
8.025,0,9.999
8.026,0,9.999
8.027,0,9.999
8.028,0,9.999
8.029,0,9.999
8.03,0,9.999
8.031,0,9.999
8.032,0,9.999
8.033,0,9.999
8.034,0,9.999
8.035,0,9.999
8.036,0,9.999
8.037,0,9.999
8.038,0,9.999
8.039,0,9.999
8.04,0,9.999
8.041,0,9.999
8.042,0,9.999
8.043,0,9.999
8.044,0,9.999
8.045,0,9.999
8.046,0,9.999
8.047,0,9.999
8.048,0,9.999
8.049,0,9.999
8.05,0,9.999
8.051,0,9.999
8.052,0,9.999
8.053,0,9.999
8.054,0,9.999
8.055,0,9.999
8.056,0,9.999
8.057,0,9.999
8.058,0,9.999
8.059,0,9.999
8.06,0,9.999
8.061,0,9.999
8.062,0,9.999
8.063,0,9.999
8.064,0,9.999
8.065,0,9.999
8.066,0,9.999
8.067,0,9.999
8.068,0,9.999
8.069,0,9.999
8.07,0,9.999
8.071,0,9.999
8.072,0,9.999
8.073,0,9.999
8.074,0,9.999
8.075,0,9.999
8.076,0,9.999
8.077,0,9.999
8.078,0,9.999
8.079,0,9.999
8.08,0,9.999
8.081,0,9.999
8.082,0,9.999
8.083,0,9.999
8.084,0,9.999
8.085,0,9.999
8.086,0,9.999
8.087,0,9.999
8.088,0,9.999
8.089,0,9.999
8.09,0,9.999
8.091,0,9.999
8.092,0,9.999
8.093,0,9.999
8.094,0,9.999
8.095,0,9.999
8.096,0,9.999
8.097,0,9.999
8.098,0,9.999
8.099,0,9.999
8.1,0,9.999
8.101,0,9.999
8.102,0,9.999
8.103,0,9.999
8.104,0,9.999
8.105,0,9.999
8.106,0,9.999
8.107,0,9.999
8.108,0,9.999
8.109,0,9.999
8.11,0,9.999
8.111,0,9.999
8.112,0,9.999
8.113,0,9.999
8.114,0,9.999
8.115,0,9.999
8.116,0,9.999
8.117,0,9.999
8.118,0,9.999
8.119,0,9.999
8.12,0,9.999
8.121,0,9.999
8.122,0,9.999
8.123,0,9.999
8.124,0,9.999
8.125,0,9.999
8.126,0,9.999
8.127,0,9.999
8.128,0,9.999
8.129,0,9.999
8.13,0,9.999
8.131,0,9.999
8.132,0,9.999
8.133,0,9.999
8.134,0,9.999
8.135,0,9.999
8.136,0,9.999
8.137,0,9.999
8.138,0,9.999
8.139,0,9.999
8.14,0,9.999
8.141,0,9.999
8.142,0,9.999
8.143,0,9.999
8.144,0,9.999
8.145,0,9.999
8.146,0,9.999
8.147,0,9.999
8.148,0,9.999
8.149,0,9.999
8.15,0,9.999
8.151,0,9.999
8.152,0,9.999
8.153,0,9.999
8.154,0,9.999
8.155,0,9.999
8.156,0,9.999
8.157,0,9.999
8.158,0,9.999
8.159,0,9.999
8.16,0,9.999
8.161,0,9.999
8.162,0,9.999
8.163,0,9.999
8.164,0,9.999
8.165,0,9.999
8.166,0,9.999
8.167,0,9.999
8.168,0,9.999
8.169,0,9.999
8.17,0,9.999
8.171,0,9.999
8.172,0,9.999
8.173,0,9.999
8.174,0,9.999
8.175,0,9.999
8.176,0,9.999
8.177,0,9.999
8.178,0,9.999
8.179,0,9.999
8.18,0,9.999
8.181,0,9.999
8.182,0,9.999
8.183,0,9.999
8.184,0,9.999
8.185,0,9.999
8.186,0,9.999
8.187,0,9.999
8.188,0,9.999
8.189,0,9.999
8.19,0,9.999
8.191,0,9.999
8.192,0,9.999
8.193,0,9.999
8.194,0,9.999
8.195,0,9.999
8.196,0,9.999
8.197,0,9.999
8.198,0,9.999
8.199,0,9.999
8.2,0,9.999
8.201,0,9.999
8.202,0,9.999
8.203,0,9.999
8.204,0,9.999
8.205,0,9.999
8.206,0,9.999
8.207,0,9.999
8.208,0,9.999
8.209,0,9.999
8.21,0,9.999
8.211,0,9.999
8.212,0,9.999
8.213,0,9.999
8.214,0,9.999
8.215,0,9.999
8.216,0,9.999
8.217,0,9.999
8.218,0,9.999
8.219,0,9.999
8.22,0,9.999
8.221,0,9.999
8.222,0,9.999
8.223,0,9.999
8.224,0,9.999
8.225,0,9.999
8.226,0,9.999
8.227,0,9.999
8.228,0,9.999
8.229,0,9.999
8.23,0,9.999
8.231,0,9.999
8.232,0,9.999
8.233,0,9.999
8.234,0,9.999
8.235,0,9.999
8.236,0,9.999
8.237,0,9.999
8.238,0,9.999
8.239,0,9.999
8.24,0,9.999
8.241,0,9.999
8.242,0,9.999
8.243,0,9.999
8.244,0,9.999
8.245,0,9.999
8.246,0,9.999
8.247,0,9.999
8.248,0,9.999
8.249,0,9.999
8.25,0,9.999
8.251,0,9.999
8.252,0,9.999
8.253,0,9.999
8.254,0,9.999
8.255,0,9.999
8.256,0,9.999
8.257,0,9.999
8.258,0,9.999
8.259,0,9.999
8.26,0,9.999
8.261,0,9.999
8.262,0,9.999
8.263,0,9.999
8.264,0,9.999
8.265,0,9.999
8.266,0,9.999
8.267,0,9.999
8.268,0,9.999
8.269,0,9.999
8.27,0,9.999
8.271,0,9.999
8.272,0,9.999
8.273,0,9.999
8.274,0,9.999
8.275,0,9.999
8.276,0,9.999
8.277,0,9.999
8.278,0,9.999
8.279,0,9.999
8.28,0,9.999
8.281,0,9.999
8.282,0,9.999
8.283,0,9.999
8.284,0,9.999
8.285,0,9.999
8.286,0,9.999
8.287,0,9.999
8.288,0,9.999
8.289,0,9.999
8.29,0,9.999
8.291,0,9.999
8.292,0,9.999
8.293,0,9.999
8.294,0,9.999
8.295,0,9.999
8.296,0,9.999
8.297,0,9.999
8.298,0,9.999
8.299,0,9.999
8.3,0,9.999
8.301,0,9.999
8.302,0,9.999
8.303,0,9.999
8.304,0,9.999
8.305,0,9.999
8.306,0,9.999
8.307,0,9.999
8.308,0,9.999
8.309,0,9.999
8.31,0,9.999
8.311,0,9.999
8.312,0,9.999
8.313,0,9.999
8.314,0,9.999
8.315,0,9.999
8.316,0,9.999
8.317,0,9.999
8.318,0,9.999
8.319,0,9.999
8.32,0,9.999
8.321,0,9.999
8.322,0,9.999
8.323,0,9.999
8.324,0,9.999
8.325,0,9.999
8.326,0,9.999
8.327,0,9.999
8.328,0,9.999
8.329,0,9.999
8.33,0,9.999
8.331,0,9.999
8.332,0,9.999
8.333,0,9.999
8.334,0,9.999
8.335,0,9.999
8.336,0,9.999
8.337,0,9.999
8.338,0,9.999
8.339,0,9.999
8.34,0,9.999
8.341,0,9.999
8.342,0,9.999
8.343,0,9.999
8.344,0,9.999
8.345,0,9.999
8.346,0,9.999
8.347,0,9.999
8.348,0,9.999
8.349,0,9.999
8.35,0,9.999
8.351,0,9.999
8.352,0,9.999
8.353,0,9.999
8.354,0,9.999
8.355,0,9.999
8.356,0,9.999
8.357,0,9.999
8.358,0,9.999
8.359,0,9.999
8.36,0,9.999
8.361,0,9.999
8.362,0,9.999
8.363,0,9.999
8.364,0,9.999
8.365,0,9.999
8.366,0,9.999
8.367,0,9.999
8.368,0,9.999
8.369,0,9.999
8.37,0,9.999
8.371,0,9.999
8.372,0,9.999
8.373,0,9.999
8.374,0,9.999
8.375,0,9.999
8.376,0,9.999
8.377,0,9.999
8.378,0,9.999
8.379,0,9.999
8.38,0,9.999
8.381,0,9.999
8.382,0,9.999
8.383,0,9.999
8.384,0,9.999
8.385,0,9.999
8.386,0,9.999
8.387,0,9.999
8.388,0,9.999
8.389,0,9.999
8.39,0,9.999
8.391,0,9.999
8.392,0,9.999
8.393,0,9.999
8.394,0,9.999
8.395,0,9.999
8.396,0,9.999
8.397,0,9.999
8.398,0,9.999
8.399,0,9.999
8.4,0,9.999
8.401,0,9.999
8.402,0,9.999
8.403,0,9.999
8.404,0,9.999
8.405,0,9.999
8.406,0,9.999
8.407,0,9.999
8.408,0,9.999
8.409,0,9.999
8.41,0,9.999
8.411,0,9.999
8.412,0,9.999
8.413,0,9.999
8.414,0,9.999
8.415,0,9.999
8.416,0,9.999
8.417,0,9.999
8.418,0,9.999
8.419,0,9.999
8.42,0,9.999
8.421,0,9.999
8.422,0,9.999
8.423,0,9.999
8.424,0,9.999
8.425,0,9.999
8.426,0,9.999
8.427,0,9.999
8.428,0,9.999
8.429,0,9.999
8.43,0,9.999
8.431,0,9.999
8.432,0,9.999
8.433,0,9.999
8.434,0,9.999
8.435,0,9.999
8.436,0,9.999
8.437,0,9.999
8.438,0,9.999
8.439,0,9.999
8.44,0,9.999
8.441,0,9.999
8.442,0,9.999
8.443,0,9.999
8.444,0,9.999
8.445,0,9.999
8.446,0,9.999
8.447,0,9.999
8.448,0,9.999
8.449,0,9.999
8.45,0,9.999
8.451,0,9.999
8.452,0,9.999
8.453,0,9.999
8.454,0,9.999
8.455,0,9.999
8.456,0,9.999
8.457,0,9.999
8.458,0,9.999
8.459,0,9.999
8.46,0,9.999
8.461,0,9.999
8.462,0,9.999
8.463,0,9.999
8.464,0,9.999
8.465,0,9.999
8.466,0,9.999
8.467,0,9.999
8.468,0,9.999
8.469,0,9.999
8.47,0,9.999
8.471,0,9.999
8.472,0,9.999
8.473,0,9.999
8.474,0,9.999
8.475,0,9.999
8.476,0,9.999
8.477,0,9.999
8.478,0,9.999
8.479,0,9.999
8.48,0,9.999
8.481,0,9.999
8.482,0,9.999
8.483,0,9.999
8.484,0,9.999
8.485,0,9.999
8.486,0,9.999
8.487,0,9.999
8.488,0,9.999
8.489,0,9.999
8.49,0,9.999
8.491,0,9.999
8.492,0,9.999
8.493,0,9.999
8.494,0,9.999
8.495,0,9.999
8.496,0,9.999
8.497,0,9.999
8.498,0,9.999
8.499,0,9.999
8.5,0,9.999
8.501,0,9.999
8.502,0,9.999
8.503,0,9.999
8.504,0,9.999
8.505,0,9.999
8.506,0,9.999
8.507,0,9.999
8.508,0,9.999
8.509,0,9.999
8.51,0,9.999
8.511,0,9.999
8.512,0,9.999
8.513,0,9.999
8.514,0,9.999
8.515,0,9.999
8.516,0,9.999
8.517,0,9.999
8.518,0,9.999
8.519,0,9.999
8.52,0,9.999
8.521,0,9.999
8.522,0,9.999
8.523,0,9.999
8.524,0,9.999
8.525,0,9.999
8.526,0,9.999
8.527,0,9.999
8.528,0,9.999
8.529,0,9.999
8.53,0,9.999
8.531,0,9.999
8.532,0,9.999
8.533,0,9.999
8.534,0,9.999
8.535,0,9.999
8.536,0,9.999
8.537,0,9.999
8.538,0,9.999
8.539,0,9.999
8.54,0,9.999
8.541,0,9.999
8.542,0,9.999
8.543,0,9.999
8.544,0,9.999
8.545,0,9.999
8.546,0,9.999
8.547,0,9.999
8.548,0,9.999
8.549,0,9.999
8.55,0,9.999
8.551,0,9.999
8.552,0,9.999
8.553,0,9.999
8.554,0,9.999
8.555,0,9.999
8.556,0,9.999
8.557,0,9.999
8.558,0,9.999
8.559,0,9.999
8.56,0,9.999
8.561,0,9.999
8.562,0,9.999
8.563,0,9.999
8.564,0,9.999
8.565,0,9.999
8.566,0,9.999
8.567,0,9.999
8.568,0,9.999
8.569,0,9.999
8.57,0,9.999
8.571,0,9.999
8.572,0,9.999
8.573,0,9.999
8.574,0,9.999
8.575,0,9.999
8.576,0,9.999
8.577,0,9.999
8.578,0,9.999
8.579,0,9.999
8.58,0,9.999
8.581,0,9.999
8.582,0,9.999
8.583,0,9.999
8.584,0,9.999
8.585,0,9.999
8.586,0,9.999
8.587,0,9.999
8.588,0,9.999
8.589,0,9.999
8.59,0,9.999
8.591,0,9.999
8.592,0,9.999
8.593,0,9.999
8.594,0,9.999
8.595,0,9.999
8.596,0,9.999
8.597,0,9.999
8.598,0,9.999
8.599,0,9.999
8.6,0,9.999
8.601,0,9.999
8.602,0,9.999
8.603,0,9.999
8.604,0,9.999
8.605,0,9.999
8.606,0,9.999
8.607,0,9.999
8.608,0,9.999
8.609,0,9.999
8.61,0,9.999
8.611,0,9.999
8.612,0,9.999
8.613,0,9.999
8.614,0,9.999
8.615,0,9.999
8.616,0,9.999
8.617,0,9.999
8.618,0,9.999
8.619,0,9.999
8.62,0,9.999
8.621,0,9.999
8.622,0,9.999
8.623,0,9.999
8.624,0,9.999
8.625,0,9.999
8.626,0,9.999
8.627,0,9.999
8.628,0,9.999
8.629,0,9.999
8.63,0,9.999
8.631,0,9.999
8.632,0,9.999
8.633,0,9.999
8.634,0,9.999
8.635,0,9.999
8.636,0,9.999
8.637,0,9.999
8.638,0,9.999
8.639,0,9.999
8.64,0,9.999
8.641,0,9.999
8.642,0,9.999
8.643,0,9.999
8.644,0,9.999
8.645,0,9.999
8.646,0,9.999
8.647,0,9.999
8.648,0,9.999
8.649,0,9.999
8.65,0,9.999
8.651,0,9.999
8.652,0,9.999
8.653,0,9.999
8.654,0,9.999
8.655,0,9.999
8.656,0,9.999
8.657,0,9.999
8.658,0,9.999
8.659,0,9.999
8.66,0,9.999
8.661,0,9.999
8.662,0,9.999
8.663,0,9.999
8.664,0,9.999
8.665,0,9.999
8.666,0,9.999
8.667,0,9.999
8.668,0,9.999
8.669,0,9.999
8.67,0,9.999
8.671,0,9.999
8.672,0,9.999
8.673,0,9.999
8.674,0,9.999
8.675,0,9.999
8.676,0,9.999
8.677,0,9.999
8.678,0,9.999
8.679,0,9.999
8.68,0,9.999
8.681,0,9.999
8.682,0,9.999
8.683,0,9.999
8.684,0,9.999
8.685,0,9.999
8.686,0,9.999
8.687,0,9.999
8.688,0,9.999
8.689,0,9.999
8.69,0,9.999
8.691,0,9.999
8.692,0,9.999
8.693,0,9.999
8.694,0,9.999
8.695,0,9.999
8.696,0,9.999
8.697,0,9.999
8.698,0,9.999
8.699,0,9.999
8.7,0,9.999
8.701,0,9.999
8.702,0,9.999
8.703,0,9.999
8.704,0,9.999
8.705,0,9.999
8.706,0,9.999
8.707,0,9.999
8.708,0,9.999
8.709,0,9.999
8.71,0,9.999
8.711,0,9.999
8.712,0,9.999
8.713,0,9.999
8.714,0,9.999
8.715,0,9.999
8.716,0,9.999
8.717,0,9.999
8.718,0,9.999
8.719,0,9.999
8.72,0,9.999
8.721,0,9.999
8.722,0,9.999
8.723,0,9.999
8.724,0,9.999
8.725,0,9.999
8.726,0,9.999
8.727,0,9.999
8.728,0,9.999
8.729,0,9.999
8.73,0,9.999
8.731,0,9.999
8.732,0,9.999
8.733,0,9.999
8.734,0,9.999
8.735,0,9.999
8.736,0,9.999
8.737,0,9.999
8.738,0,9.999
8.739,0,9.999
8.74,0,9.999
8.741,0,9.999
8.742,0,9.999
8.743,0,9.999
8.744,0,9.999
8.745,0,9.999
8.746,0,9.999
8.747,0,9.999
8.748,0,9.999
8.749,0,9.999
8.75,0,9.999
8.751,0,9.999
8.752,0,9.999
8.753,0,9.999
8.754,0,9.999
8.755,0,9.999
8.756,0,9.999
8.757,0,9.999
8.758,0,9.999
8.759,0,9.999
8.76,0,9.999
8.761,0,9.999
8.762,0,9.999
8.763,0,9.999
8.764,0,9.999
8.765,0,9.999
8.766,0,9.999
8.767,0,9.999
8.768,0,9.999
8.769,0,9.999
8.77,0,9.999
8.771,0,9.999
8.772,0,9.999
8.773,0,9.999
8.774,0,9.999
8.775,0,9.999
8.776,0,9.999
8.777,0,9.999
8.778,0,9.999
8.779,0,9.999
8.78,0,9.999
8.781,0,9.999
8.782,0,9.999
8.783,0,9.999
8.784,0,9.999
8.785,0,9.999
8.786,0,9.999
8.787,0,9.999
8.788,0,9.999
8.789,0,9.999
8.79,0,9.999
8.791,0,9.999
8.792,0,9.999
8.793,0,9.999
8.794,0,9.999
8.795,0,9.999
8.796,0,9.999
8.797,0,9.999
8.798,0,9.999
8.799,0,9.999
8.8,0,9.999
8.801,0,9.999
8.802,0,9.999
8.803,0,9.999
8.804,0,9.999
8.805,0,9.999
8.806,0,9.999
8.807,0,9.999
8.808,0,9.999
8.809,0,9.999
8.81,0,9.999
8.811,0,9.999
8.812,0,9.999
8.813,0,9.999
8.814,0,9.999
8.815,0,9.999
8.816,0,9.999
8.817,0,9.999
8.818,0,9.999
8.819,0,9.999
8.82,0,9.999
8.821,0,9.999
8.822,0,9.999
8.823,0,9.999
8.824,0,9.999
8.825,0,9.999
8.826,0,9.999
8.827,0,9.999
8.828,0,9.999
8.829,0,9.999
8.83,0,9.999
8.831,0,9.999
8.832,0,9.999
8.833,0,9.999
8.834,0,9.999
8.835,0,9.999
8.836,0,9.999
8.837,0,9.999
8.838,0,9.999
8.839,0,9.999
8.84,0,9.999
8.841,0,9.999
8.842,0,9.999
8.843,0,9.999
8.844,0,9.999
8.845,0,9.999
8.846,0,9.999
8.847,0,9.999
8.848,0,9.999
8.849,0,9.999
8.85,0,9.999
8.851,0,9.999
8.852,0,9.999
8.853,0,9.999
8.854,0,9.999
8.855,0,9.999
8.856,0,9.999
8.857,0,9.999
8.858,0,9.999
8.859,0,9.999
8.86,0,9.999
8.861,0,9.999
8.862,0,9.999
8.863,0,9.999
8.864,0,9.999
8.865,0,9.999
8.866,0,9.999
8.867,0,9.999
8.868,0,9.999
8.869,0,9.999
8.87,0,9.999
8.871,0,9.999
8.872,0,9.999
8.873,0,9.999
8.874,0,9.999
8.875,0,9.999
8.876,0,9.999
8.877,0,9.999
8.878,0,9.999
8.879,0,9.999
8.88,0,9.999
8.881,0,9.999
8.882,0,9.999
8.883,0,9.999
8.884,0,9.999
8.885,0,9.999
8.886,0,9.999
8.887,0,9.999
8.888,0,9.999
8.889,0,9.999
8.89,0,9.999
8.891,0,9.999
8.892,0,9.999
8.893,0,9.999
8.894,0,9.999
8.895,0,9.999
8.896,0,9.999
8.897,0,9.999
8.898,0,9.999
8.899,0,9.999
8.9,0,9.999
8.901,0,9.999
8.902,0,9.999
8.903,0,9.999
8.904,0,9.999
8.905,0,9.999
8.906,0,9.999
8.907,0,9.999
8.908,0,9.999
8.909,0,9.999
8.91,0,9.999
8.911,0,9.999
8.912,0,9.999
8.913,0,9.999
8.914,0,9.999
8.915,0,9.999
8.916,0,9.999
8.917,0,9.999
8.918,0,9.999
8.919,0,9.999
8.92,0,9.999
8.921,0,9.999
8.922,0,9.999
8.923,0,9.999
8.924,0,9.999
8.925,0,9.999
8.926,0,9.999
8.927,0,9.999
8.928,0,9.999
8.929,0,9.999
8.93,0,9.999
8.931,0,9.999
8.932,0,9.999
8.933,0,9.999
8.934,0,9.999
8.935,0,9.999
8.936,0,9.999
8.937,0,9.999
8.938,0,9.999
8.939,0,9.999
8.94,0,9.999
8.941,0,9.999
8.942,0,9.999
8.943,0,9.999
8.944,0,9.999
8.945,0,9.999
8.946,0,9.999
8.947,0,9.999
8.948,0,9.999
8.949,0,9.999
8.95,0,9.999
8.951,0,9.999
8.952,0,9.999
8.953,0,9.999
8.954,0,9.999
8.955,0,9.999
8.956,0,9.999
8.957,0,9.999
8.958,0,9.999
8.959,0,9.999
8.96,0,9.999
8.961,0,9.999
8.962,0,9.999
8.963,0,9.999
8.964,0,9.999
8.965,0,9.999
8.966,0,9.999
8.967,0,9.999
8.968,0,9.999
8.969,0,9.999
8.97,0,9.999
8.971,0,9.999
8.972,0,9.999
8.973,0,9.999
8.974,0,9.999
8.975,0,9.999
8.976,0,9.999
8.977,0,9.999
8.978,0,9.999
8.979,0,9.999
8.98,0,9.999
8.981,0,9.999
8.982,0,9.999
8.983,0,9.999
8.984,0,9.999
8.985,0,9.999
8.986,0,9.999
8.987,0,9.999
8.988,0,9.999
8.989,0,9.999
8.99,0,9.999
8.991,0,9.999
8.992,0,9.999
8.993,0,9.999
8.994,0,9.999
8.995,0,9.999
8.996,0,9.999
8.997,0,9.999
8.998,0,9.999
8.999,0,9.999
9,0,9.999
9.001,0,9.999
9.002,0,9.999
9.003,0,9.999
9.004,0,9.999
9.005,0,9.999
9.006,0,9.999
9.007,0,9.999
9.008,0,9.999
9.009,0,9.999
9.01,0,9.999
9.011,0,9.999
9.012,0,9.999
9.013,0,9.999
9.014,0,9.999
9.015,0,9.999
9.016,0,9.999
9.017,0,9.999
9.018,0,9.999
9.019,0,9.999
9.02,0,9.999
9.021,0,9.999
9.022,0,9.999
9.023,0,9.999
9.024,0,9.999
9.025,0,9.999
9.026,0,9.999
9.027,0,9.999
9.028,0,9.999
9.029,0,9.999
9.03,0,9.999
9.031,0,9.999
9.032,0,9.999
9.033,0,9.999
9.034,0,9.999
9.035,0,9.999
9.036,0,9.999
9.037,0,9.999
9.038,0,9.999
9.039,0,9.999
9.04,0,9.999
9.041,0,9.999
9.042,0,9.999
9.043,0,9.999
9.044,0,9.999
9.045,0,9.999
9.046,0,9.999
9.047,0,9.999
9.048,0,9.999
9.049,0,9.999
9.05,0,9.999
9.051,0,9.999
9.052,0,9.999
9.053,0,9.999
9.054,0,9.999
9.055,0,9.999
9.056,0,9.999
9.057,0,9.999
9.058,0,9.999
9.059,0,9.999
9.06,0,9.999
9.061,0,9.999
9.062,0,9.999
9.063,0,9.999
9.064,0,9.999
9.065,0,9.999
9.066,0,9.999
9.067,0,9.999
9.068,0,9.999
9.069,0,9.999
9.07,0,9.999
9.071,0,9.999
9.072,0,9.999
9.073,0,9.999
9.074,0,9.999
9.075,0,9.999
9.076,0,9.999
9.077,0,9.999
9.078,0,9.999
9.079,0,9.999
9.08,0,9.999
9.081,0,9.999
9.082,0,9.999
9.083,0,9.999
9.084,0,9.999
9.085,0,9.999
9.086,0,9.999
9.087,0,9.999
9.088,0,9.999
9.089,0,9.999
9.09,0,9.999
9.091,0,9.999
9.092,0,9.999
9.093,0,9.999
9.094,0,9.999
9.095,0,9.999
9.096,0,9.999
9.097,0,9.999
9.098,0,9.999
9.099,0,9.999
9.1,0,9.999
9.101,0,9.999
9.102,0,9.999
9.103,0,9.999
9.104,0,9.999
9.105,0,9.999
9.106,0,9.999
9.107,0,9.999
9.108,0,9.999
9.109,0,9.999
9.11,0,9.999
9.111,0,9.999
9.112,0,9.999
9.113,0,9.999
9.114,0,9.999
9.115,0,9.999
9.116,0,9.999
9.117,0,9.999
9.118,0,9.999
9.119,0,9.999
9.12,0,9.999
9.121,0,9.999
9.122,0,9.999
9.123,0,9.999
9.124,0,9.999
9.125,0,9.999
9.126,0,9.999
9.127,0,9.999
9.128,0,9.999
9.129,0,9.999
9.13,0,9.999
9.131,0,9.999
9.132,0,9.999
9.133,0,9.999
9.134,0,9.999
9.135,0,9.999
9.136,0,9.999
9.137,0,9.999
9.138,0,9.999
9.139,0,9.999
9.14,0,9.999
9.141,0,9.999
9.142,0,9.999
9.143,0,9.999
9.144,0,9.999
9.145,0,9.999
9.146,0,9.999
9.147,0,9.999
9.148,0,9.999
9.149,0,9.999
9.15,0,9.999
9.151,0,9.999
9.152,0,9.999
9.153,0,9.999
9.154,0,9.999
9.155,0,9.999
9.156,0,9.999
9.157,0,9.999
9.158,0,9.999
9.159,0,9.999
9.16,0,9.999
9.161,0,9.999
9.162,0,9.999
9.163,0,9.999
9.164,0,9.999
9.165,0,9.999
9.166,0,9.999
9.167,0,9.999
9.168,0,9.999
9.169,0,9.999
9.17,0,9.999
9.171,0,9.999
9.172,0,9.999
9.173,0,9.999
9.174,0,9.999
9.175,0,9.999
9.176,0,9.999
9.177,0,9.999
9.178,0,9.999
9.179,0,9.999
9.18,0,9.999
9.181,0,9.999
9.182,0,9.999
9.183,0,9.999
9.184,0,9.999
9.185,0,9.999
9.186,0,9.999
9.187,0,9.999
9.188,0,9.999
9.189,0,9.999
9.19,0,9.999
9.191,0,9.999
9.192,0,9.999
9.193,0,9.999
9.194,0,9.999
9.195,0,9.999
9.196,0,9.999
9.197,0,9.999
9.198,0,9.999
9.199,0,9.999
9.2,0,9.999
9.201,0,9.999
9.202,0,9.999
9.203,0,9.999
9.204,0,9.999
9.205,0,9.999
9.206,0,9.999
9.207,0,9.999
9.208,0,9.999
9.209,0,9.999
9.21,0,9.999
9.211,0,9.999
9.212,0,9.999
9.213,0,9.999
9.214,0,9.999
9.215,0,9.999
9.216,0,9.999
9.217,0,9.999
9.218,0,9.999
9.219,0,9.999
9.22,0,9.999
9.221,0,9.999
9.222,0,9.999
9.223,0,9.999
9.224,0,9.999
9.225,0,9.999
9.226,0,9.999
9.227,0,9.999
9.228,0,9.999
9.229,0,9.999
9.23,0,9.999
9.231,0,9.999
9.232,0,9.999
9.233,0,9.999
9.234,0,9.999
9.235,0,9.999
9.236,0,9.999
9.237,0,9.999
9.238,0,9.999
9.239,0,9.999
9.24,0,9.999
9.241,0,9.999
9.242,0,9.999
9.243,0,9.999
9.244,0,9.999
9.245,0,9.999
9.246,0,9.999
9.247,0,9.999
9.248,0,9.999
9.249,0,9.999
9.25,0,9.999
9.251,0,9.999
9.252,0,9.999
9.253,0,9.999
9.254,0,9.999
9.255,0,9.999
9.256,0,9.999
9.257,0,9.999
9.258,0,9.999
9.259,0,9.999
9.26,0,9.999
9.261,0,9.999
9.262,0,9.999
9.263,0,9.999
9.264,0,9.999
9.265,0,9.999
9.266,0,9.999
9.267,0,9.999
9.268,0,9.999
9.269,0,9.999
9.27,0,9.999
9.271,0,9.999
9.272,0,9.999
9.273,0,9.999
9.274,0,9.999
9.275,0,9.999
9.276,0,9.999
9.277,0,9.999
9.278,0,9.999
9.279,0,9.999
9.28,0,9.999
9.281,0,9.999
9.282,0,9.999
9.283,0,9.999
9.284,0,9.999
9.285,0,9.999
9.286,0,9.999
9.287,0,9.999
9.288,0,9.999
9.289,0,9.999
9.29,0,9.999
9.291,0,9.999
9.292,0,9.999
9.293,0,9.999
9.294,0,9.999
9.295,0,9.999
9.296,0,9.999
9.297,0,9.999
9.298,0,9.999
9.299,0,9.999
9.3,0,9.999
9.301,0,9.999
9.302,0,9.999
9.303,0,9.999
9.304,0,9.999
9.305,0,9.999
9.306,0,9.999
9.307,0,9.999
9.308,0,9.999
9.309,0,9.999
9.31,0,9.999
9.311,0,9.999
9.312,0,9.999
9.313,0,9.999
9.314,0,9.999
9.315,0,9.999
9.316,0,9.999
9.317,0,9.999
9.318,0,9.999
9.319,0,9.999
9.32,0,9.999
9.321,0,9.999
9.322,0,9.999
9.323,0,9.999
9.324,0,9.999
9.325,0,9.999
9.326,0,9.999
9.327,0,9.999
9.328,0,9.999
9.329,0,9.999
9.33,0,9.999
9.331,0,9.999
9.332,0,9.999
9.333,0,9.999
9.334,0,9.999
9.335,0,9.999
9.336,0,9.999
9.337,0,9.999
9.338,0,9.999
9.339,0,9.999
9.34,0,9.999
9.341,0,9.999
9.342,0,9.999
9.343,0,9.999
9.344,0,9.999
9.345,0,9.999
9.346,0,9.999
9.347,0,9.999
9.348,0,9.999
9.349,0,9.999
9.35,0,9.999
9.351,0,9.999
9.352,0,9.999
9.353,0,9.999
9.354,0,9.999
9.355,0,9.999
9.356,0,9.999
9.357,0,9.999
9.358,0,9.999
9.359,0,9.999
9.36,0,9.999
9.361,0,9.999
9.362,0,9.999
9.363,0,9.999
9.364,0,9.999
9.365,0,9.999
9.366,0,9.999
9.367,0,9.999
9.368,0,9.999
9.369,0,9.999
9.37,0,9.999
9.371,0,9.999
9.372,0,9.999
9.373,0,9.999
9.374,0,9.999
9.375,0,9.999
9.376,0,9.999
9.377,0,9.999
9.378,0,9.999
9.379,0,9.999
9.38,0,9.999
9.381,0,9.999
9.382,0,9.999
9.383,0,9.999
9.384,0,9.999
9.385,0,9.999
9.386,0,9.999
9.387,0,9.999
9.388,0,9.999
9.389,0,9.999
9.39,0,9.999
9.391,0,9.999
9.392,0,9.999
9.393,0,9.999
9.394,0,9.999
9.395,0,9.999
9.396,0,9.999
9.397,0,9.999
9.398,0,9.999
9.399,0,9.999
9.4,0,9.999
9.401,0,9.999
9.402,0,9.999
9.403,0,9.999
9.404,0,9.999
9.405,0,9.999
9.406,0,9.999
9.407,0,9.999
9.408,0,9.999
9.409,0,9.999
9.41,0,9.999
9.411,0,9.999
9.412,0,9.999
9.413,0,9.999
9.414,0,9.999
9.415,0,9.999
9.416,0,9.999
9.417,0,9.999
9.418,0,9.999
9.419,0,9.999
9.42,0,9.999
9.421,0,9.999
9.422,0,9.999
9.423,0,9.999
9.424,0,9.999
9.425,0,9.999
9.426,0,9.999
9.427,0,9.999
9.428,0,9.999
9.429,0,9.999
9.43,0,9.999
9.431,0,9.999
9.432,0,9.999
9.433,0,9.999
9.434,0,9.999
9.435,0,9.999
9.436,0,9.999
9.437,0,9.999
9.438,0,9.999
9.439,0,9.999
9.44,0,9.999
9.441,0,9.999
9.442,0,9.999
9.443,0,9.999
9.444,0,9.999
9.445,0,9.999
9.446,0,9.999
9.447,0,9.999
9.448,0,9.999
9.449,0,9.999
9.45,0,9.999
9.451,0,9.999
9.452,0,9.999
9.453,0,9.999
9.454,0,9.999
9.455,0,9.999
9.456,0,9.999
9.457,0,9.999
9.458,0,9.999
9.459,0,9.999
9.46,0,9.999
9.461,0,9.999
9.462,0,9.999
9.463,0,9.999
9.464,0,9.999
9.465,0,9.999
9.466,0,9.999
9.467,0,9.999
9.468,0,9.999
9.469,0,9.999
9.47,0,9.999
9.471,0,9.999
9.472,0,9.999
9.473,0,9.999
9.474,0,9.999
9.475,0,9.999
9.476,0,9.999
9.477,0,9.999
9.478,0,9.999
9.479,0,9.999
9.48,0,9.999
9.481,0,9.999
9.482,0,9.999
9.483,0,9.999
9.484,0,9.999
9.485,0,9.999
9.486,0,9.999
9.487,0,9.999
9.488,0,9.999
9.489,0,9.999
9.49,0,9.999
9.491,0,9.999
9.492,0,9.999
9.493,0,9.999
9.494,0,9.999
9.495,0,9.999
9.496,0,9.999
9.497,0,9.999
9.498,0,9.999
9.499,0,9.999
9.5,0,9.999
9.501,0,9.999
9.502,0,9.999
9.503,0,9.999
9.504,0,9.999
9.505,0,9.999
9.506,0,9.999
9.507,0,9.999
9.508,0,9.999
9.509,0,9.999
9.51,0,9.999
9.511,0,9.999
9.512,0,9.999
9.513,0,9.999
9.514,0,9.999
9.515,0,9.999
9.516,0,9.999
9.517,0,9.999
9.518,0,9.999
9.519,0,9.999
9.52,0,9.999
9.521,0,9.999
9.522,0,9.999
9.523,0,9.999
9.524,0,9.999
9.525,0,9.999
9.526,0,9.999
9.527,0,9.999
9.528,0,9.999
9.529,0,9.999
9.53,0,9.999
9.531,0,9.999
9.532,0,9.999
9.533,0,9.999
9.534,0,9.999
9.535,0,9.999
9.536,0,9.999
9.537,0,9.999
9.538,0,9.999
9.539,0,9.999
9.54,0,9.999
9.541,0,9.999
9.542,0,9.999
9.543,0,9.999
9.544,0,9.999
9.545,0,9.999
9.546,0,9.999
9.547,0,9.999
9.548,0,9.999
9.549,0,9.999
9.55,0,9.999
9.551,0,9.999
9.552,0,9.999
9.553,0,9.999
9.554,0,9.999
9.555,0,9.999
9.556,0,9.999
9.557,0,9.999
9.558,0,9.999
9.559,0,9.999
9.56,0,9.999
9.561,0,9.999
9.562,0,9.999
9.563,0,9.999
9.564,0,9.999
9.565,0,9.999
9.566,0,9.999
9.567,0,9.999
9.568,0,9.999
9.569,0,9.999
9.57,0,9.999
9.571,0,9.999
9.572,0,9.999
9.573,0,9.999
9.574,0,9.999
9.575,0,9.999
9.576,0,9.999
9.577,0,9.999
9.578,0,9.999
9.579,0,9.999
9.58,0,9.999
9.581,0,9.999
9.582,0,9.999
9.583,0,9.999
9.584,0,9.999
9.585,0,9.999
9.586,0,9.999
9.587,0,9.999
9.588,0,9.999
9.589,0,9.999
9.59,0,9.999
9.591,0,9.999
9.592,0,9.999
9.593,0,9.999
9.594,0,9.999
9.595,0,9.999
9.596,0,9.999
9.597,0,9.999
9.598,0,9.999
9.599,0,9.999
9.6,0,9.999
9.601,0,9.999
9.602,0,9.999
9.603,0,9.999
9.604,0,9.999
9.605,0,9.999
9.606,0,9.999
9.607,0,9.999
9.608,0,9.999
9.609,0,9.999
9.61,0,9.999
9.611,0,9.999
9.612,0,9.999
9.613,0,9.999
9.614,0,9.999
9.615,0,9.999
9.616,0,9.999
9.617,0,9.999
9.618,0,9.999
9.619,0,9.999
9.62,0,9.999
9.621,0,9.999
9.622,0,9.999
9.623,0,9.999
9.624,0,9.999
9.625,0,9.999
9.626,0,9.999
9.627,0,9.999
9.628,0,9.999
9.629,0,9.999
9.63,0,9.999
9.631,0,9.999
9.632,0,9.999
9.633,0,9.999
9.634,0,9.999
9.635,0,9.999
9.636,0,9.999
9.637,0,9.999
9.638,0,9.999
9.639,0,9.999
9.64,0,9.999
9.641,0,9.999
9.642,0,9.999
9.643,0,9.999
9.644,0,9.999
9.645,0,9.999
9.646,0,9.999
9.647,0,9.999
9.648,0,9.999
9.649,0,9.999
9.65,0,9.999
9.651,0,9.999
9.652,0,9.999
9.653,0,9.999
9.654,0,9.999
9.655,0,9.999
9.656,0,9.999
9.657,0,9.999
9.658,0,9.999
9.659,0,9.999
9.66,0,9.999
9.661,0,9.999
9.662,0,9.999
9.663,0,9.999
9.664,0,9.999
9.665,0,9.999
9.666,0,9.999
9.667,0,9.999
9.668,0,9.999
9.669,0,9.999
9.67,0,9.999
9.671,0,9.999
9.672,0,9.999
9.673,0,9.999
9.674,0,9.999
9.675,0,9.999
9.676,0,9.999
9.677,0,9.999
9.678,0,9.999
9.679,0,9.999
9.68,0,9.999
9.681,0,9.999
9.682,0,9.999
9.683,0,9.999
9.684,0,9.999
9.685,0,9.999
9.686,0,9.999
9.687,0,9.999
9.688,0,9.999
9.689,0,9.999
9.69,0,9.999
9.691,0,9.999
9.692,0,9.999
9.693,0,9.999
9.694,0,9.999
9.695,0,9.999
9.696,0,9.999
9.697,0,9.999
9.698,0,9.999
9.699,0,9.999
9.7,0,9.999
9.701,0,9.999
9.702,0,9.999
9.703,0,9.999
9.704,0,9.999
9.705,0,9.999
9.706,0,9.999
9.707,0,9.999
9.708,0,9.999
9.709,0,9.999
9.71,0,9.999
9.711,0,9.999
9.712,0,9.999
9.713,0,9.999
9.714,0,9.999
9.715,0,9.999
9.716,0,9.999
9.717,0,9.999
9.718,0,9.999
9.719,0,9.999
9.72,0,9.999
9.721,0,9.999
9.722,0,9.999
9.723,0,9.999
9.724,0,9.999
9.725,0,9.999
9.726,0,9.999
9.727,0,9.999
9.728,0,9.999
9.729,0,9.999
9.73,0,9.999
9.731,0,9.999
9.732,0,9.999
9.733,0,9.999
9.734,0,9.999
9.735,0,9.999
9.736,0,9.999
9.737,0,9.999
9.738,0,9.999
9.739,0,9.999
9.74,0,9.999
9.741,0,9.999
9.742,0,9.999
9.743,0,9.999
9.744,0,9.999
9.745,0,9.999
9.746,0,9.999
9.747,0,9.999
9.748,0,9.999
9.749,0,9.999
9.75,0,9.999
9.751,0,9.999
9.752,0,9.999
9.753,0,9.999
9.754,0,9.999
9.755,0,9.999
9.756,0,9.999
9.757,0,9.999
9.758,0,9.999
9.759,0,9.999
9.76,0,9.999
9.761,0,9.999
9.762,0,9.999
9.763,0,9.999
9.764,0,9.999
9.765,0,9.999
9.766,0,9.999
9.767,0,9.999
9.768,0,9.999
9.769,0,9.999
9.77,0,9.999
9.771,0,9.999
9.772,0,9.999
9.773,0,9.999
9.774,0,9.999
9.775,0,9.999
9.776,0,9.999
9.777,0,9.999
9.778,0,9.999
9.779,0,9.999
9.78,0,9.999
9.781,0,9.999
9.782,0,9.999
9.783,0,9.999
9.784,0,9.999
9.785,0,9.999
9.786,0,9.999
9.787,0,9.999
9.788,0,9.999
9.789,0,9.999
9.79,0,9.999
9.791,0,9.999
9.792,0,9.999
9.793,0,9.999
9.794,0,9.999
9.795,0,9.999
9.796,0,9.999
9.797,0,9.999
9.798,0,9.999
9.799,0,9.999
9.8,0,9.999
9.801,0,9.999
9.802,0,9.999
9.803,0,9.999
9.804,0,9.999
9.805,0,9.999
9.806,0,9.999
9.807,0,9.999
9.808,0,9.999
9.809,0,9.999
9.81,0,9.999
9.811,0,9.999
9.812,0,9.999
9.813,0,9.999
9.814,0,9.999
9.815,0,9.999
9.816,0,9.999
9.817,0,9.999
9.818,0,9.999
9.819,0,9.999
9.82,0,9.999
9.821,0,9.999
9.822,0,9.999
9.823,0,9.999
9.824,0,9.999
9.825,0,9.999
9.826,0,9.999
9.827,0,9.999
9.828,0,9.999
9.829,0,9.999
9.83,0,9.999
9.831,0,9.999
9.832,0,9.999
9.833,0,9.999
9.834,0,9.999
9.835,0,9.999
9.836,0,9.999
9.837,0,9.999
9.838,0,9.999
9.839,0,9.999
9.84,0,9.999
9.841,0,9.999
9.842,0,9.999
9.843,0,9.999
9.844,0,9.999
9.845,0,9.999
9.846,0,9.999
9.847,0,9.999
9.848,0,9.999
9.849,0,9.999
9.85,0,9.999
9.851,0,9.999
9.852,0,9.999
9.853,0,9.999
9.854,0,9.999
9.855,0,9.999
9.856,0,9.999
9.857,0,9.999
9.858,0,9.999
9.859,0,9.999
9.86,0,9.999
9.861,0,9.999
9.862,0,9.999
9.863,0,9.999
9.864,0,9.999
9.865,0,9.999
9.866,0,9.999
9.867,0,9.999
9.868,0,9.999
9.869,0,9.999
9.87,0,9.999
9.871,0,9.999
9.872,0,9.999
9.873,0,9.999
9.874,0,9.999
9.875,0,9.999
9.876,0,9.999
9.877,0,9.999
9.878,0,9.999
9.879,0,9.999
9.88,0,9.999
9.881,0,9.999
9.882,0,9.999
9.883,0,9.999
9.884,0,9.999
9.885,0,9.999
9.886,0,9.999
9.887,0,9.999
9.888,0,9.999
9.889,0,9.999
9.89,0,9.999
9.891,0,9.999
9.892,0,9.999
9.893,0,9.999
9.894,0,9.999
9.895,0,9.999
9.896,0,9.999
9.897,0,9.999
9.898,0,9.999
9.899,0,9.999
9.9,0,9.999
9.901,0,9.999
9.902,0,9.999
9.903,0,9.999
9.904,0,9.999
9.905,0,9.999
9.906,0,9.999
9.907,0,9.999
9.908,0,9.999
9.909,0,9.999
9.91,0,9.999
9.911,0,9.999
9.912,0,9.999
9.913,0,9.999
9.914,0,9.999
9.915,0,9.999
9.916,0,9.999
9.917,0,9.999
9.918,0,9.999
9.919,0,9.999
9.92,0,9.999
9.921,0,9.999
9.922,0,9.999
9.923,0,9.999
9.924,0,9.999
9.925,0,9.999
9.926,0,9.999
9.927,0,9.999
9.928,0,9.999
9.929,0,9.999
9.93,0,9.999
9.931,0,9.999
9.932,0,9.999
9.933,0,9.999
9.934,0,9.999
9.935,0,9.999
9.936,0,9.999
9.937,0,9.999
9.938,0,9.999
9.939,0,9.999
9.94,0,9.999
9.941,0,9.999
9.942,0,9.999
9.943,0,9.999
9.944,0,9.999
9.945,0,9.999
9.946,0,9.999
9.947,0,9.999
9.948,0,9.999
9.949,0,9.999
9.95,0,9.999
9.951,0,9.999
9.952,0,9.999
9.953,0,9.999
9.954,0,9.999
9.955,0,9.999
9.956,0,9.999
9.957,0,9.999
9.958,0,9.999
9.959,0,9.999
9.96,0,9.999
9.961,0,9.999
9.962,0,9.999
9.963,0,9.999
9.964,0,9.999
9.965,0,9.999
9.966,0,9.999
9.967,0,9.999
9.968,0,9.999
9.969,0,9.999
9.97,0,9.999
9.971,0,9.999
9.972,0,9.999
9.973,0,9.999
9.974,0,9.999
9.975,0,9.999
9.976,0,9.999
9.977,0,9.999
9.978,0,9.999
9.979,0,9.999
9.98,0,9.999
9.981,0,9.999
9.982,0,9.999
9.983,0,9.999
9.984,0,9.999
9.985,0,9.999
9.986,0,9.999
9.987,0,9.999
9.988,0,9.999
9.989,0,9.999
9.99,0,9.999
9.991,0,9.999
9.992,0,9.999
9.993,0,9.999
9.994,0,9.999
9.995,0,9.999
9.996,0,9.999
9.997,0,9.999
9.998,0,9.999
9.999,0,9.999
10,0.2,0.201000000000001
10.001,0.2,0.201000000000001
10.002,0.2,0.201000000000001
10.003,0.2,0.201000000000001
10.004,0.2,0.201000000000001
10.005,0.2,0.201000000000001
10.006,0.2,0.201000000000001
10.007,0.2,0.201000000000001
10.008,0.2,0.201000000000001
10.009,0.2,0.201000000000001
10.01,0.2,0.201000000000001
10.011,0.2,0.201000000000001
10.012,0.2,0.201000000000001
10.013,0.2,0.201000000000001
10.014,0.2,0.201000000000001
10.015,0.2,0.201000000000001
10.016,0.2,0.201000000000001
10.017,0.2,0.201000000000001
10.018,0.2,0.201000000000001
10.019,0.2,0.201000000000001
10.02,0.2,0.201000000000001
10.021,0.2,0.201000000000001
10.022,0.2,0.201000000000001
10.023,0.2,0.201000000000001
10.024,0.2,0.201000000000001
10.025,0.2,0.201000000000001
10.026,0.2,0.201000000000001
10.027,0.2,0.201000000000001
10.028,0.2,0.201000000000001
10.029,0.2,0.201000000000001
10.03,0.2,0.201000000000001
10.031,0.2,0.201000000000001
10.032,0.2,0.201000000000001
10.033,0.2,0.201000000000001
10.034,0.2,0.201000000000001
10.035,0.2,0.201000000000001
10.036,0.2,0.201000000000001
10.037,0.2,0.201000000000001
10.038,0.2,0.201000000000001
10.039,0.2,0.201000000000001
10.04,0.2,0.201000000000001
10.041,0.2,0.201000000000001
10.042,0.2,0.201000000000001
10.043,0.2,0.201000000000001
10.044,0.2,0.201000000000001
10.045,0.2,0.201000000000001
10.046,0.2,0.201000000000001
10.047,0.2,0.201000000000001
10.048,0.2,0.201000000000001
10.049,0.2,0.201000000000001
10.05,0.2,0.201000000000001
10.051,0.2,0.201000000000001
10.052,0.2,0.201000000000001
10.053,0.2,0.201000000000001
10.054,0.2,0.201000000000001
10.055,0.2,0.201000000000001
10.056,0.2,0.201000000000001
10.057,0.2,0.201000000000001
10.058,0.2,0.201000000000001
10.059,0.2,0.201000000000001
10.06,0.2,0.201000000000001
10.061,0.2,0.201000000000001
10.062,0.2,0.201000000000001
10.063,0.2,0.201000000000001
10.064,0.2,0.201000000000001
10.065,0.2,0.201000000000001
10.066,0.2,0.201000000000001
10.067,0.2,0.201000000000001
10.068,0.2,0.201000000000001
10.069,0.2,0.201000000000001
10.07,0.2,0.201000000000001
10.071,0.2,0.201000000000001
10.072,0.2,0.201000000000001
10.073,0.2,0.201000000000001
10.074,0.2,0.201000000000001
10.075,0.2,0.201000000000001
10.076,0.2,0.201000000000001
10.077,0.2,0.201000000000001
10.078,0.2,0.201000000000001
10.079,0.2,0.201000000000001
10.08,0.2,0.201000000000001
10.081,0.2,0.201000000000001
10.082,0.2,0.201000000000001
10.083,0.2,0.201000000000001
10.084,0.2,0.201000000000001
10.085,0.2,0.201000000000001
10.086,0.2,0.201000000000001
10.087,0.2,0.201000000000001
10.088,0.2,0.201000000000001
10.089,0.2,0.201000000000001
10.09,0.2,0.201000000000001
10.091,0.2,0.201000000000001
10.092,0.2,0.201000000000001
10.093,0.2,0.201000000000001
10.094,0.2,0.201000000000001
10.095,0.2,0.201000000000001
10.096,0.2,0.201000000000001
10.097,0.2,0.201000000000001
10.098,0.2,0.201000000000001
10.099,0.2,0.201000000000001
10.1,0.2,0.201000000000001
10.101,0.2,0.201000000000001
10.102,0.2,0.201000000000001
10.103,0.2,0.201000000000001
10.104,0.2,0.201000000000001
10.105,0.2,0.201000000000001
10.106,0.2,0.201000000000001
10.107,0.2,0.201000000000001
10.108,0.2,0.201000000000001
10.109,0.2,0.201000000000001
10.11,0.2,0.201000000000001
10.111,0.2,0.201000000000001
10.112,0.2,0.201000000000001
10.113,0.2,0.201000000000001
10.114,0.2,0.201000000000001
10.115,0.2,0.201000000000001
10.116,0.2,0.201000000000001
10.117,0.2,0.201000000000001
10.118,0.2,0.201000000000001
10.119,0.2,0.201000000000001
10.12,0.2,0.201000000000001
10.121,0.2,0.201000000000001
10.122,0.2,0.201000000000001
10.123,0.2,0.201000000000001
10.124,0.2,0.201000000000001
10.125,0.2,0.201000000000001
10.126,0.2,0.201000000000001
10.127,0.2,0.201000000000001
10.128,0.2,0.201000000000001
10.129,0.2,0.201000000000001
10.13,0.2,0.201000000000001
10.131,0.2,0.201000000000001
10.132,0.2,0.201000000000001
10.133,0.2,0.201000000000001
10.134,0.2,0.201000000000001
10.135,0.2,0.201000000000001
10.136,0.2,0.201000000000001
10.137,0.2,0.201000000000001
10.138,0.2,0.201000000000001
10.139,0.2,0.201000000000001
10.14,0.2,0.201000000000001
10.141,0.2,0.201000000000001
10.142,0.2,0.201000000000001
10.143,0.2,0.201000000000001
10.144,0.2,0.201000000000001
10.145,0.2,0.201000000000001
10.146,0.2,0.201000000000001
10.147,0.2,0.201000000000001
10.148,0.2,0.201000000000001
10.149,0.2,0.201000000000001
10.15,0.2,0.201000000000001
10.151,0.2,0.201000000000001
10.152,0.2,0.201000000000001
10.153,0.2,0.201000000000001
10.154,0.2,0.201000000000001
10.155,0.2,0.201000000000001
10.156,0.2,0.201000000000001
10.157,0.2,0.201000000000001
10.158,0.2,0.201000000000001
10.159,0.2,0.201000000000001
10.16,0.2,0.201000000000001
10.161,0.2,0.201000000000001
10.162,0.2,0.201000000000001
10.163,0.2,0.201000000000001
10.164,0.2,0.201000000000001
10.165,0.2,0.201000000000001
10.166,0.2,0.201000000000001
10.167,0.2,0.201000000000001
10.168,0.2,0.201000000000001
10.169,0.2,0.201000000000001
10.17,0.2,0.201000000000001
10.171,0.2,0.201000000000001
10.172,0.2,0.201000000000001
10.173,0.2,0.201000000000001
10.174,0.2,0.201000000000001
10.175,0.2,0.201000000000001
10.176,0.2,0.201000000000001
10.177,0.2,0.201000000000001
10.178,0.2,0.201000000000001
10.179,0.2,0.201000000000001
10.18,0.2,0.201000000000001
10.181,0.2,0.201000000000001
10.182,0.2,0.201000000000001
10.183,0.2,0.201000000000001
10.184,0.2,0.201000000000001
10.185,0.2,0.201000000000001
10.186,0.2,0.201000000000001
10.187,0.2,0.201000000000001
10.188,0.2,0.201000000000001
10.189,0.2,0.201000000000001
10.19,0.2,0.201000000000001
10.191,0.2,0.201000000000001
10.192,0.2,0.201000000000001
10.193,0.2,0.201000000000001
10.194,0.2,0.201000000000001
10.195,0.2,0.201000000000001
10.196,0.2,0.201000000000001
10.197,0.2,0.201000000000001
10.198,0.2,0.201000000000001
10.199,0.2,0.201000000000001
10.2,0.2,0.201000000000001
10.201,0,1.799
10.202,0,1.799
10.203,0,1.799
10.204,0,1.799
10.205,0,1.799
10.206,0,1.799
10.207,0,1.799
10.208,0,1.799
10.209,0,1.799
10.21,0,1.799
10.211,0,1.799
10.212,0,1.799
10.213,0,1.799
10.214,0,1.799
10.215,0,1.799
10.216,0,1.799
10.217,0,1.799
10.218,0,1.799
10.219,0,1.799
10.22,0,1.799
10.221,0,1.799
10.222,0,1.799
10.223,0,1.799
10.224,0,1.799
10.225,0,1.799
10.226,0,1.799
10.227,0,1.799
10.228,0,1.799
10.229,0,1.799
10.23,0,1.799
10.231,0,1.799
10.232,0,1.799
10.233,0,1.799
10.234,0,1.799
10.235,0,1.799
10.236,0,1.799
10.237,0,1.799
10.238,0,1.799
10.239,0,1.799
10.24,0,1.799
10.241,0,1.799
10.242,0,1.799
10.243,0,1.799
10.244,0,1.799
10.245,0,1.799
10.246,0,1.799
10.247,0,1.799
10.248,0,1.799
10.249,0,1.799
10.25,0,1.799
10.251,0,1.799
10.252,0,1.799
10.253,0,1.799
10.254,0,1.799
10.255,0,1.799
10.256,0,1.799
10.257,0,1.799
10.258,0,1.799
10.259,0,1.799
10.26,0,1.799
10.261,0,1.799
10.262,0,1.799
10.263,0,1.799
10.264,0,1.799
10.265,0,1.799
10.266,0,1.799
10.267,0,1.799
10.268,0,1.799
10.269,0,1.799
10.27,0,1.799
10.271,0,1.799
10.272,0,1.799
10.273,0,1.799
10.274,0,1.799
10.275,0,1.799
10.276,0,1.799
10.277,0,1.799
10.278,0,1.799
10.279,0,1.799
10.28,0,1.799
10.281,0,1.799
10.282,0,1.799
10.283,0,1.799
10.284,0,1.799
10.285,0,1.799
10.286,0,1.799
10.287,0,1.799
10.288,0,1.799
10.289,0,1.799
10.29,0,1.799
10.291,0,1.799
10.292,0,1.799
10.293,0,1.799
10.294,0,1.799
10.295,0,1.799
10.296,0,1.799
10.297,0,1.799
10.298,0,1.799
10.299,0,1.799
10.3,0,1.799
10.301,0,1.799
10.302,0,1.799
10.303,0,1.799
10.304,0,1.799
10.305,0,1.799
10.306,0,1.799
10.307,0,1.799
10.308,0,1.799
10.309,0,1.799
10.31,0,1.799
10.311,0,1.799
10.312,0,1.799
10.313,0,1.799
10.314,0,1.799
10.315,0,1.799
10.316,0,1.799
10.317,0,1.799
10.318,0,1.799
10.319,0,1.799
10.32,0,1.799
10.321,0,1.799
10.322,0,1.799
10.323,0,1.799
10.324,0,1.799
10.325,0,1.799
10.326,0,1.799
10.327,0,1.799
10.328,0,1.799
10.329,0,1.799
10.33,0,1.799
10.331,0,1.799
10.332,0,1.799
10.333,0,1.799
10.334,0,1.799
10.335,0,1.799
10.336,0,1.799
10.337,0,1.799
10.338,0,1.799
10.339,0,1.799
10.34,0,1.799
10.341,0,1.799
10.342,0,1.799
10.343,0,1.799
10.344,0,1.799
10.345,0,1.799
10.346,0,1.799
10.347,0,1.799
10.348,0,1.799
10.349,0,1.799
10.35,0,1.799
10.351,0,1.799
10.352,0,1.799
10.353,0,1.799
10.354,0,1.799
10.355,0,1.799
10.356,0,1.799
10.357,0,1.799
10.358,0,1.799
10.359,0,1.799
10.36,0,1.799
10.361,0,1.799
10.362,0,1.799
10.363,0,1.799
10.364,0,1.799
10.365,0,1.799
10.366,0,1.799
10.367,0,1.799
10.368,0,1.799
10.369,0,1.799
10.37,0,1.799
10.371,0,1.799
10.372,0,1.799
10.373,0,1.799
10.374,0,1.799
10.375,0,1.799
10.376,0,1.799
10.377,0,1.799
10.378,0,1.799
10.379,0,1.799
10.38,0,1.799
10.381,0,1.799
10.382,0,1.799
10.383,0,1.799
10.384,0,1.799
10.385,0,1.799
10.386,0,1.799
10.387,0,1.799
10.388,0,1.799
10.389,0,1.799
10.39,0,1.799
10.391,0,1.799
10.392,0,1.799
10.393,0,1.799
10.394,0,1.799
10.395,0,1.799
10.396,0,1.799
10.397,0,1.799
10.398,0,1.799
10.399,0,1.799
10.4,0,1.799
10.401,0,1.799
10.402,0,1.799
10.403,0,1.799
10.404,0,1.799
10.405,0,1.799
10.406,0,1.799
10.407,0,1.799
10.408,0,1.799
10.409,0,1.799
10.41,0,1.799
10.411,0,1.799
10.412,0,1.799
10.413,0,1.799
10.414,0,1.799
10.415,0,1.799
10.416,0,1.799
10.417,0,1.799
10.418,0,1.799
10.419,0,1.799
10.42,0,1.799
10.421,0,1.799
10.422,0,1.799
10.423,0,1.799
10.424,0,1.799
10.425,0,1.799
10.426,0,1.799
10.427,0,1.799
10.428,0,1.799
10.429,0,1.799
10.43,0,1.799
10.431,0,1.799
10.432,0,1.799
10.433,0,1.799
10.434,0,1.799
10.435,0,1.799
10.436,0,1.799
10.437,0,1.799
10.438,0,1.799
10.439,0,1.799
10.44,0,1.799
10.441,0,1.799
10.442,0,1.799
10.443,0,1.799
10.444,0,1.799
10.445,0,1.799
10.446,0,1.799
10.447,0,1.799
10.448,0,1.799
10.449,0,1.799
10.45,0,1.799
10.451,0,1.799
10.452,0,1.799
10.453,0,1.799
10.454,0,1.799
10.455,0,1.799
10.456,0,1.799
10.457,0,1.799
10.458,0,1.799
10.459,0,1.799
10.46,0,1.799
10.461,0,1.799
10.462,0,1.799
10.463,0,1.799
10.464,0,1.799
10.465,0,1.799
10.466,0,1.799
10.467,0,1.799
10.468,0,1.799
10.469,0,1.799
10.47,0,1.799
10.471,0,1.799
10.472,0,1.799
10.473,0,1.799
10.474,0,1.799
10.475,0,1.799
10.476,0,1.799
10.477,0,1.799
10.478,0,1.799
10.479,0,1.799
10.48,0,1.799
10.481,0,1.799
10.482,0,1.799
10.483,0,1.799
10.484,0,1.799
10.485,0,1.799
10.486,0,1.799
10.487,0,1.799
10.488,0,1.799
10.489,0,1.799
10.49,0,1.799
10.491,0,1.799
10.492,0,1.799
10.493,0,1.799
10.494,0,1.799
10.495,0,1.799
10.496,0,1.799
10.497,0,1.799
10.498,0,1.799
10.499,0,1.799
10.5,0,1.799
10.501,0,1.799
10.502,0,1.799
10.503,0,1.799
10.504,0,1.799
10.505,0,1.799
10.506,0,1.799
10.507,0,1.799
10.508,0,1.799
10.509,0,1.799
10.51,0,1.799
10.511,0,1.799
10.512,0,1.799
10.513,0,1.799
10.514,0,1.799
10.515,0,1.799
10.516,0,1.799
10.517,0,1.799
10.518,0,1.799
10.519,0,1.799
10.52,0,1.799
10.521,0,1.799
10.522,0,1.799
10.523,0,1.799
10.524,0,1.799
10.525,0,1.799
10.526,0,1.799
10.527,0,1.799
10.528,0,1.799
10.529,0,1.799
10.53,0,1.799
10.531,0,1.799
10.532,0,1.799
10.533,0,1.799
10.534,0,1.799
10.535,0,1.799
10.536,0,1.799
10.537,0,1.799
10.538,0,1.799
10.539,0,1.799
10.54,0,1.799
10.541,0,1.799
10.542,0,1.799
10.543,0,1.799
10.544,0,1.799
10.545,0,1.799
10.546,0,1.799
10.547,0,1.799
10.548,0,1.799
10.549,0,1.799
10.55,0,1.799
10.551,0,1.799
10.552,0,1.799
10.553,0,1.799
10.554,0,1.799
10.555,0,1.799
10.556,0,1.799
10.557,0,1.799
10.558,0,1.799
10.559,0,1.799
10.56,0,1.799
10.561,0,1.799
10.562,0,1.799
10.563,0,1.799
10.564,0,1.799
10.565,0,1.799
10.566,0,1.799
10.567,0,1.799
10.568,0,1.799
10.569,0,1.799
10.57,0,1.799
10.571,0,1.799
10.572,0,1.799
10.573,0,1.799
10.574,0,1.799
10.575,0,1.799
10.576,0,1.799
10.577,0,1.799
10.578,0,1.799
10.579,0,1.799
10.58,0,1.799
10.581,0,1.799
10.582,0,1.799
10.583,0,1.799
10.584,0,1.799
10.585,0,1.799
10.586,0,1.799
10.587,0,1.799
10.588,0,1.799
10.589,0,1.799
10.59,0,1.799
10.591,0,1.799
10.592,0,1.799
10.593,0,1.799
10.594,0,1.799
10.595,0,1.799
10.596,0,1.799
10.597,0,1.799
10.598,0,1.799
10.599,0,1.799
10.6,0,1.799
10.601,0,1.799
10.602,0,1.799
10.603,0,1.799
10.604,0,1.799
10.605,0,1.799
10.606,0,1.799
10.607,0,1.799
10.608,0,1.799
10.609,0,1.799
10.61,0,1.799
10.611,0,1.799
10.612,0,1.799
10.613,0,1.799
10.614,0,1.799
10.615,0,1.799
10.616,0,1.799
10.617,0,1.799
10.618,0,1.799
10.619,0,1.799
10.62,0,1.799
10.621,0,1.799
10.622,0,1.799
10.623,0,1.799
10.624,0,1.799
10.625,0,1.799
10.626,0,1.799
10.627,0,1.799
10.628,0,1.799
10.629,0,1.799
10.63,0,1.799
10.631,0,1.799
10.632,0,1.799
10.633,0,1.799
10.634,0,1.799
10.635,0,1.799
10.636,0,1.799
10.637,0,1.799
10.638,0,1.799
10.639,0,1.799
10.64,0,1.799
10.641,0,1.799
10.642,0,1.799
10.643,0,1.799
10.644,0,1.799
10.645,0,1.799
10.646,0,1.799
10.647,0,1.799
10.648,0,1.799
10.649,0,1.799
10.65,0,1.799
10.651,0,1.799
10.652,0,1.799
10.653,0,1.799
10.654,0,1.799
10.655,0,1.799
10.656,0,1.799
10.657,0,1.799
10.658,0,1.799
10.659,0,1.799
10.66,0,1.799
10.661,0,1.799
10.662,0,1.799
10.663,0,1.799
10.664,0,1.799
10.665,0,1.799
10.666,0,1.799
10.667,0,1.799
10.668,0,1.799
10.669,0,1.799
10.67,0,1.799
10.671,0,1.799
10.672,0,1.799
10.673,0,1.799
10.674,0,1.799
10.675,0,1.799
10.676,0,1.799
10.677,0,1.799
10.678,0,1.799
10.679,0,1.799
10.68,0,1.799
10.681,0,1.799
10.682,0,1.799
10.683,0,1.799
10.684,0,1.799
10.685,0,1.799
10.686,0,1.799
10.687,0,1.799
10.688,0,1.799
10.689,0,1.799
10.69,0,1.799
10.691,0,1.799
10.692,0,1.799
10.693,0,1.799
10.694,0,1.799
10.695,0,1.799
10.696,0,1.799
10.697,0,1.799
10.698,0,1.799
10.699,0,1.799
10.7,0,1.799
10.701,0,1.799
10.702,0,1.799
10.703,0,1.799
10.704,0,1.799
10.705,0,1.799
10.706,0,1.799
10.707,0,1.799
10.708,0,1.799
10.709,0,1.799
10.71,0,1.799
10.711,0,1.799
10.712,0,1.799
10.713,0,1.799
10.714,0,1.799
10.715,0,1.799
10.716,0,1.799
10.717,0,1.799
10.718,0,1.799
10.719,0,1.799
10.72,0,1.799
10.721,0,1.799
10.722,0,1.799
10.723,0,1.799
10.724,0,1.799
10.725,0,1.799
10.726,0,1.799
10.727,0,1.799
10.728,0,1.799
10.729,0,1.799
10.73,0,1.799
10.731,0,1.799
10.732,0,1.799
10.733,0,1.799
10.734,0,1.799
10.735,0,1.799
10.736,0,1.799
10.737,0,1.799
10.738,0,1.799
10.739,0,1.799
10.74,0,1.799
10.741,0,1.799
10.742,0,1.799
10.743,0,1.799
10.744,0,1.799
10.745,0,1.799
10.746,0,1.799
10.747,0,1.799
10.748,0,1.799
10.749,0,1.799
10.75,0,1.799
10.751,0,1.799
10.752,0,1.799
10.753,0,1.799
10.754,0,1.799
10.755,0,1.799
10.756,0,1.799
10.757,0,1.799
10.758,0,1.799
10.759,0,1.799
10.76,0,1.799
10.761,0,1.799
10.762,0,1.799
10.763,0,1.799
10.764,0,1.799
10.765,0,1.799
10.766,0,1.799
10.767,0,1.799
10.768,0,1.799
10.769,0,1.799
10.77,0,1.799
10.771,0,1.799
10.772,0,1.799
10.773,0,1.799
10.774,0,1.799
10.775,0,1.799
10.776,0,1.799
10.777,0,1.799
10.778,0,1.799
10.779,0,1.799
10.78,0,1.799
10.781,0,1.799
10.782,0,1.799
10.783,0,1.799
10.784,0,1.799
10.785,0,1.799
10.786,0,1.799
10.787,0,1.799
10.788,0,1.799
10.789,0,1.799
10.79,0,1.799
10.791,0,1.799
10.792,0,1.799
10.793,0,1.799
10.794,0,1.799
10.795,0,1.799
10.796,0,1.799
10.797,0,1.799
10.798,0,1.799
10.799,0,1.799
10.8,0,1.799
10.801,0,1.799
10.802,0,1.799
10.803,0,1.799
10.804,0,1.799
10.805,0,1.799
10.806,0,1.799
10.807,0,1.799
10.808,0,1.799
10.809,0,1.799
10.81,0,1.799
10.811,0,1.799
10.812,0,1.799
10.813,0,1.799
10.814,0,1.799
10.815,0,1.799
10.816,0,1.799
10.817,0,1.799
10.818,0,1.799
10.819,0,1.799
10.82,0,1.799
10.821,0,1.799
10.822,0,1.799
10.823,0,1.799
10.824,0,1.799
10.825,0,1.799
10.826,0,1.799
10.827,0,1.799
10.828,0,1.799
10.829,0,1.799
10.83,0,1.799
10.831,0,1.799
10.832,0,1.799
10.833,0,1.799
10.834,0,1.799
10.835,0,1.799
10.836,0,1.799
10.837,0,1.799
10.838,0,1.799
10.839,0,1.799
10.84,0,1.799
10.841,0,1.799
10.842,0,1.799
10.843,0,1.799
10.844,0,1.799
10.845,0,1.799
10.846,0,1.799
10.847,0,1.799
10.848,0,1.799
10.849,0,1.799
10.85,0,1.799
10.851,0,1.799
10.852,0,1.799
10.853,0,1.799
10.854,0,1.799
10.855,0,1.799
10.856,0,1.799
10.857,0,1.799
10.858,0,1.799
10.859,0,1.799
10.86,0,1.799
10.861,0,1.799
10.862,0,1.799
10.863,0,1.799
10.864,0,1.799
10.865,0,1.799
10.866,0,1.799
10.867,0,1.799
10.868,0,1.799
10.869,0,1.799
10.87,0,1.799
10.871,0,1.799
10.872,0,1.799
10.873,0,1.799
10.874,0,1.799
10.875,0,1.799
10.876,0,1.799
10.877,0,1.799
10.878,0,1.799
10.879,0,1.799
10.88,0,1.799
10.881,0,1.799
10.882,0,1.799
10.883,0,1.799
10.884,0,1.799
10.885,0,1.799
10.886,0,1.799
10.887,0,1.799
10.888,0,1.799
10.889,0,1.799
10.89,0,1.799
10.891,0,1.799
10.892,0,1.799
10.893,0,1.799
10.894,0,1.799
10.895,0,1.799
10.896,0,1.799
10.897,0,1.799
10.898,0,1.799
10.899,0,1.799
10.9,0,1.799
10.901,0,1.799
10.902,0,1.799
10.903,0,1.799
10.904,0,1.799
10.905,0,1.799
10.906,0,1.799
10.907,0,1.799
10.908,0,1.799
10.909,0,1.799
10.91,0,1.799
10.911,0,1.799
10.912,0,1.799
10.913,0,1.799
10.914,0,1.799
10.915,0,1.799
10.916,0,1.799
10.917,0,1.799
10.918,0,1.799
10.919,0,1.799
10.92,0,1.799
10.921,0,1.799
10.922,0,1.799
10.923,0,1.799
10.924,0,1.799
10.925,0,1.799
10.926,0,1.799
10.927,0,1.799
10.928,0,1.799
10.929,0,1.799
10.93,0,1.799
10.931,0,1.799
10.932,0,1.799
10.933,0,1.799
10.934,0,1.799
10.935,0,1.799
10.936,0,1.799
10.937,0,1.799
10.938,0,1.799
10.939,0,1.799
10.94,0,1.799
10.941,0,1.799
10.942,0,1.799
10.943,0,1.799
10.944,0,1.799
10.945,0,1.799
10.946,0,1.799
10.947,0,1.799
10.948,0,1.799
10.949,0,1.799
10.95,0,1.799
10.951,0,1.799
10.952,0,1.799
10.953,0,1.799
10.954,0,1.799
10.955,0,1.799
10.956,0,1.799
10.957,0,1.799
10.958,0,1.799
10.959,0,1.799
10.96,0,1.799
10.961,0,1.799
10.962,0,1.799
10.963,0,1.799
10.964,0,1.799
10.965,0,1.799
10.966,0,1.799
10.967,0,1.799
10.968,0,1.799
10.969,0,1.799
10.97,0,1.799
10.971,0,1.799
10.972,0,1.799
10.973,0,1.799
10.974,0,1.799
10.975,0,1.799
10.976,0,1.799
10.977,0,1.799
10.978,0,1.799
10.979,0,1.799
10.98,0,1.799
10.981,0,1.799
10.982,0,1.799
10.983,0,1.799
10.984,0,1.799
10.985,0,1.799
10.986,0,1.799
10.987,0,1.799
10.988,0,1.799
10.989,0,1.799
10.99,0,1.799
10.991,0,1.799
10.992,0,1.799
10.993,0,1.799
10.994,0,1.799
10.995,0,1.799
10.996,0,1.799
10.997,0,1.799
10.998,0,1.799
10.999,0,1.799
11,0,1.799
11.001,0,1.799
11.002,0,1.799
11.003,0,1.799
11.004,0,1.799
11.005,0,1.799
11.006,0,1.799
11.007,0,1.799
11.008,0,1.799
11.009,0,1.799
11.01,0,1.799
11.011,0,1.799
11.012,0,1.799
11.013,0,1.799
11.014,0,1.799
11.015,0,1.799
11.016,0,1.799
11.017,0,1.799
11.018,0,1.799
11.019,0,1.799
11.02,0,1.799
11.021,0,1.799
11.022,0,1.799
11.023,0,1.799
11.024,0,1.799
11.025,0,1.799
11.026,0,1.799
11.027,0,1.799
11.028,0,1.799
11.029,0,1.799
11.03,0,1.799
11.031,0,1.799
11.032,0,1.799
11.033,0,1.799
11.034,0,1.799
11.035,0,1.799
11.036,0,1.799
11.037,0,1.799
11.038,0,1.799
11.039,0,1.799
11.04,0,1.799
11.041,0,1.799
11.042,0,1.799
11.043,0,1.799
11.044,0,1.799
11.045,0,1.799
11.046,0,1.799
11.047,0,1.799
11.048,0,1.799
11.049,0,1.799
11.05,0,1.799
11.051,0,1.799
11.052,0,1.799
11.053,0,1.799
11.054,0,1.799
11.055,0,1.799
11.056,0,1.799
11.057,0,1.799
11.058,0,1.799
11.059,0,1.799
11.06,0,1.799
11.061,0,1.799
11.062,0,1.799
11.063,0,1.799
11.064,0,1.799
11.065,0,1.799
11.066,0,1.799
11.067,0,1.799
11.068,0,1.799
11.069,0,1.799
11.07,0,1.799
11.071,0,1.799
11.072,0,1.799
11.073,0,1.799
11.074,0,1.799
11.075,0,1.799
11.076,0,1.799
11.077,0,1.799
11.078,0,1.799
11.079,0,1.799
11.08,0,1.799
11.081,0,1.799
11.082,0,1.799
11.083,0,1.799
11.084,0,1.799
11.085,0,1.799
11.086,0,1.799
11.087,0,1.799
11.088,0,1.799
11.089,0,1.799
11.09,0,1.799
11.091,0,1.799
11.092,0,1.799
11.093,0,1.799
11.094,0,1.799
11.095,0,1.799
11.096,0,1.799
11.097,0,1.799
11.098,0,1.799
11.099,0,1.799
11.1,0,1.799
11.101,0,1.799
11.102,0,1.799
11.103,0,1.799
11.104,0,1.799
11.105,0,1.799
11.106,0,1.799
11.107,0,1.799
11.108,0,1.799
11.109,0,1.799
11.11,0,1.799
11.111,0,1.799
11.112,0,1.799
11.113,0,1.799
11.114,0,1.799
11.115,0,1.799
11.116,0,1.799
11.117,0,1.799
11.118,0,1.799
11.119,0,1.799
11.12,0,1.799
11.121,0,1.799
11.122,0,1.799
11.123,0,1.799
11.124,0,1.799
11.125,0,1.799
11.126,0,1.799
11.127,0,1.799
11.128,0,1.799
11.129,0,1.799
11.13,0,1.799
11.131,0,1.799
11.132,0,1.799
11.133,0,1.799
11.134,0,1.799
11.135,0,1.799
11.136,0,1.799
11.137,0,1.799
11.138,0,1.799
11.139,0,1.799
11.14,0,1.799
11.141,0,1.799
11.142,0,1.799
11.143,0,1.799
11.144,0,1.799
11.145,0,1.799
11.146,0,1.799
11.147,0,1.799
11.148,0,1.799
11.149,0,1.799
11.15,0,1.799
11.151,0,1.799
11.152,0,1.799
11.153,0,1.799
11.154,0,1.799
11.155,0,1.799
11.156,0,1.799
11.157,0,1.799
11.158,0,1.799
11.159,0,1.799
11.16,0,1.799
11.161,0,1.799
11.162,0,1.799
11.163,0,1.799
11.164,0,1.799
11.165,0,1.799
11.166,0,1.799
11.167,0,1.799
11.168,0,1.799
11.169,0,1.799
11.17,0,1.799
11.171,0,1.799
11.172,0,1.799
11.173,0,1.799
11.174,0,1.799
11.175,0,1.799
11.176,0,1.799
11.177,0,1.799
11.178,0,1.799
11.179,0,1.799
11.18,0,1.799
11.181,0,1.799
11.182,0,1.799
11.183,0,1.799
11.184,0,1.799
11.185,0,1.799
11.186,0,1.799
11.187,0,1.799
11.188,0,1.799
11.189,0,1.799
11.19,0,1.799
11.191,0,1.799
11.192,0,1.799
11.193,0,1.799
11.194,0,1.799
11.195,0,1.799
11.196,0,1.799
11.197,0,1.799
11.198,0,1.799
11.199,0,1.799
11.2,0,1.799
11.201,0,1.799
11.202,0,1.799
11.203,0,1.799
11.204,0,1.799
11.205,0,1.799
11.206,0,1.799
11.207,0,1.799
11.208,0,1.799
11.209,0,1.799
11.21,0,1.799
11.211,0,1.799
11.212,0,1.799
11.213,0,1.799
11.214,0,1.799
11.215,0,1.799
11.216,0,1.799
11.217,0,1.799
11.218,0,1.799
11.219,0,1.799
11.22,0,1.799
11.221,0,1.799
11.222,0,1.799
11.223,0,1.799
11.224,0,1.799
11.225,0,1.799
11.226,0,1.799
11.227,0,1.799
11.228,0,1.799
11.229,0,1.799
11.23,0,1.799
11.231,0,1.799
11.232,0,1.799
11.233,0,1.799
11.234,0,1.799
11.235,0,1.799
11.236,0,1.799
11.237,0,1.799
11.238,0,1.799
11.239,0,1.799
11.24,0,1.799
11.241,0,1.799
11.242,0,1.799
11.243,0,1.799
11.244,0,1.799
11.245,0,1.799
11.246,0,1.799
11.247,0,1.799
11.248,0,1.799
11.249,0,1.799
11.25,0,1.799
11.251,0,1.799
11.252,0,1.799
11.253,0,1.799
11.254,0,1.799
11.255,0,1.799
11.256,0,1.799
11.257,0,1.799
11.258,0,1.799
11.259,0,1.799
11.26,0,1.799
11.261,0,1.799
11.262,0,1.799
11.263,0,1.799
11.264,0,1.799
11.265,0,1.799
11.266,0,1.799
11.267,0,1.799
11.268,0,1.799
11.269,0,1.799
11.27,0,1.799
11.271,0,1.799
11.272,0,1.799
11.273,0,1.799
11.274,0,1.799
11.275,0,1.799
11.276,0,1.799
11.277,0,1.799
11.278,0,1.799
11.279,0,1.799
11.28,0,1.799
11.281,0,1.799
11.282,0,1.799
11.283,0,1.799
11.284,0,1.799
11.285,0,1.799
11.286,0,1.799
11.287,0,1.799
11.288,0,1.799
11.289,0,1.799
11.29,0,1.799
11.291,0,1.799
11.292,0,1.799
11.293,0,1.799
11.294,0,1.799
11.295,0,1.799
11.296,0,1.799
11.297,0,1.799
11.298,0,1.799
11.299,0,1.799
11.3,0,1.799
11.301,0,1.799
11.302,0,1.799
11.303,0,1.799
11.304,0,1.799
11.305,0,1.799
11.306,0,1.799
11.307,0,1.799
11.308,0,1.799
11.309,0,1.799
11.31,0,1.799
11.311,0,1.799
11.312,0,1.799
11.313,0,1.799
11.314,0,1.799
11.315,0,1.799
11.316,0,1.799
11.317,0,1.799
11.318,0,1.799
11.319,0,1.799
11.32,0,1.799
11.321,0,1.799
11.322,0,1.799
11.323,0,1.799
11.324,0,1.799
11.325,0,1.799
11.326,0,1.799
11.327,0,1.799
11.328,0,1.799
11.329,0,1.799
11.33,0,1.799
11.331,0,1.799
11.332,0,1.799
11.333,0,1.799
11.334,0,1.799
11.335,0,1.799
11.336,0,1.799
11.337,0,1.799
11.338,0,1.799
11.339,0,1.799
11.34,0,1.799
11.341,0,1.799
11.342,0,1.799
11.343,0,1.799
11.344,0,1.799
11.345,0,1.799
11.346,0,1.799
11.347,0,1.799
11.348,0,1.799
11.349,0,1.799
11.35,0,1.799
11.351,0,1.799
11.352,0,1.799
11.353,0,1.799
11.354,0,1.799
11.355,0,1.799
11.356,0,1.799
11.357,0,1.799
11.358,0,1.799
11.359,0,1.799
11.36,0,1.799
11.361,0,1.799
11.362,0,1.799
11.363,0,1.799
11.364,0,1.799
11.365,0,1.799
11.366,0,1.799
11.367,0,1.799
11.368,0,1.799
11.369,0,1.799
11.37,0,1.799
11.371,0,1.799
11.372,0,1.799
11.373,0,1.799
11.374,0,1.799
11.375,0,1.799
11.376,0,1.799
11.377,0,1.799
11.378,0,1.799
11.379,0,1.799
11.38,0,1.799
11.381,0,1.799
11.382,0,1.799
11.383,0,1.799
11.384,0,1.799
11.385,0,1.799
11.386,0,1.799
11.387,0,1.799
11.388,0,1.799
11.389,0,1.799
11.39,0,1.799
11.391,0,1.799
11.392,0,1.799
11.393,0,1.799
11.394,0,1.799
11.395,0,1.799
11.396,0,1.799
11.397,0,1.799
11.398,0,1.799
11.399,0,1.799
11.4,0,1.799
11.401,0,1.799
11.402,0,1.799
11.403,0,1.799
11.404,0,1.799
11.405,0,1.799
11.406,0,1.799
11.407,0,1.799
11.408,0,1.799
11.409,0,1.799
11.41,0,1.799
11.411,0,1.799
11.412,0,1.799
11.413,0,1.799
11.414,0,1.799
11.415,0,1.799
11.416,0,1.799
11.417,0,1.799
11.418,0,1.799
11.419,0,1.799
11.42,0,1.799
11.421,0,1.799
11.422,0,1.799
11.423,0,1.799
11.424,0,1.799
11.425,0,1.799
11.426,0,1.799
11.427,0,1.799
11.428,0,1.799
11.429,0,1.799
11.43,0,1.799
11.431,0,1.799
11.432,0,1.799
11.433,0,1.799
11.434,0,1.799
11.435,0,1.799
11.436,0,1.799
11.437,0,1.799
11.438,0,1.799
11.439,0,1.799
11.44,0,1.799
11.441,0,1.799
11.442,0,1.799
11.443,0,1.799
11.444,0,1.799
11.445,0,1.799
11.446,0,1.799
11.447,0,1.799
11.448,0,1.799
11.449,0,1.799
11.45,0,1.799
11.451,0,1.799
11.452,0,1.799
11.453,0,1.799
11.454,0,1.799
11.455,0,1.799
11.456,0,1.799
11.457,0,1.799
11.458,0,1.799
11.459,0,1.799
11.46,0,1.799
11.461,0,1.799
11.462,0,1.799
11.463,0,1.799
11.464,0,1.799
11.465,0,1.799
11.466,0,1.799
11.467,0,1.799
11.468,0,1.799
11.469,0,1.799
11.47,0,1.799
11.471,0,1.799
11.472,0,1.799
11.473,0,1.799
11.474,0,1.799
11.475,0,1.799
11.476,0,1.799
11.477,0,1.799
11.478,0,1.799
11.479,0,1.799
11.48,0,1.799
11.481,0,1.799
11.482,0,1.799
11.483,0,1.799
11.484,0,1.799
11.485,0,1.799
11.486,0,1.799
11.487,0,1.799
11.488,0,1.799
11.489,0,1.799
11.49,0,1.799
11.491,0,1.799
11.492,0,1.799
11.493,0,1.799
11.494,0,1.799
11.495,0,1.799
11.496,0,1.799
11.497,0,1.799
11.498,0,1.799
11.499,0,1.799
11.5,0,1.799
11.501,0,1.799
11.502,0,1.799
11.503,0,1.799
11.504,0,1.799
11.505,0,1.799
11.506,0,1.799
11.507,0,1.799
11.508,0,1.799
11.509,0,1.799
11.51,0,1.799
11.511,0,1.799
11.512,0,1.799
11.513,0,1.799
11.514,0,1.799
11.515,0,1.799
11.516,0,1.799
11.517,0,1.799
11.518,0,1.799
11.519,0,1.799
11.52,0,1.799
11.521,0,1.799
11.522,0,1.799
11.523,0,1.799
11.524,0,1.799
11.525,0,1.799
11.526,0,1.799
11.527,0,1.799
11.528,0,1.799
11.529,0,1.799
11.53,0,1.799
11.531,0,1.799
11.532,0,1.799
11.533,0,1.799
11.534,0,1.799
11.535,0,1.799
11.536,0,1.799
11.537,0,1.799
11.538,0,1.799
11.539,0,1.799
11.54,0,1.799
11.541,0,1.799
11.542,0,1.799
11.543,0,1.799
11.544,0,1.799
11.545,0,1.799
11.546,0,1.799
11.547,0,1.799
11.548,0,1.799
11.549,0,1.799
11.55,0,1.799
11.551,0,1.799
11.552,0,1.799
11.553,0,1.799
11.554,0,1.799
11.555,0,1.799
11.556,0,1.799
11.557,0,1.799
11.558,0,1.799
11.559,0,1.799
11.56,0,1.799
11.561,0,1.799
11.562,0,1.799
11.563,0,1.799
11.564,0,1.799
11.565,0,1.799
11.566,0,1.799
11.567,0,1.799
11.568,0,1.799
11.569,0,1.799
11.57,0,1.799
11.571,0,1.799
11.572,0,1.799
11.573,0,1.799
11.574,0,1.799
11.575,0,1.799
11.576,0,1.799
11.577,0,1.799
11.578,0,1.799
11.579,0,1.799
11.58,0,1.799
11.581,0,1.799
11.582,0,1.799
11.583,0,1.799
11.584,0,1.799
11.585,0,1.799
11.586,0,1.799
11.587,0,1.799
11.588,0,1.799
11.589,0,1.799
11.59,0,1.799
11.591,0,1.799
11.592,0,1.799
11.593,0,1.799
11.594,0,1.799
11.595,0,1.799
11.596,0,1.799
11.597,0,1.799
11.598,0,1.799
11.599,0,1.799
11.6,0,1.799
11.601,0,1.799
11.602,0,1.799
11.603,0,1.799
11.604,0,1.799
11.605,0,1.799
11.606,0,1.799
11.607,0,1.799
11.608,0,1.799
11.609,0,1.799
11.61,0,1.799
11.611,0,1.799
11.612,0,1.799
11.613,0,1.799
11.614,0,1.799
11.615,0,1.799
11.616,0,1.799
11.617,0,1.799
11.618,0,1.799
11.619,0,1.799
11.62,0,1.799
11.621,0,1.799
11.622,0,1.799
11.623,0,1.799
11.624,0,1.799
11.625,0,1.799
11.626,0,1.799
11.627,0,1.799
11.628,0,1.799
11.629,0,1.799
11.63,0,1.799
11.631,0,1.799
11.632,0,1.799
11.633,0,1.799
11.634,0,1.799
11.635,0,1.799
11.636,0,1.799
11.637,0,1.799
11.638,0,1.799
11.639,0,1.799
11.64,0,1.799
11.641,0,1.799
11.642,0,1.799
11.643,0,1.799
11.644,0,1.799
11.645,0,1.799
11.646,0,1.799
11.647,0,1.799
11.648,0,1.799
11.649,0,1.799
11.65,0,1.799
11.651,0,1.799
11.652,0,1.799
11.653,0,1.799
11.654,0,1.799
11.655,0,1.799
11.656,0,1.799
11.657,0,1.799
11.658,0,1.799
11.659,0,1.799
11.66,0,1.799
11.661,0,1.799
11.662,0,1.799
11.663,0,1.799
11.664,0,1.799
11.665,0,1.799
11.666,0,1.799
11.667,0,1.799
11.668,0,1.799
11.669,0,1.799
11.67,0,1.799
11.671,0,1.799
11.672,0,1.799
11.673,0,1.799
11.674,0,1.799
11.675,0,1.799
11.676,0,1.799
11.677,0,1.799
11.678,0,1.799
11.679,0,1.799
11.68,0,1.799
11.681,0,1.799
11.682,0,1.799
11.683,0,1.799
11.684,0,1.799
11.685,0,1.799
11.686,0,1.799
11.687,0,1.799
11.688,0,1.799
11.689,0,1.799
11.69,0,1.799
11.691,0,1.799
11.692,0,1.799
11.693,0,1.799
11.694,0,1.799
11.695,0,1.799
11.696,0,1.799
11.697,0,1.799
11.698,0,1.799
11.699,0,1.799
11.7,0,1.799
11.701,0,1.799
11.702,0,1.799
11.703,0,1.799
11.704,0,1.799
11.705,0,1.799
11.706,0,1.799
11.707,0,1.799
11.708,0,1.799
11.709,0,1.799
11.71,0,1.799
11.711,0,1.799
11.712,0,1.799
11.713,0,1.799
11.714,0,1.799
11.715,0,1.799
11.716,0,1.799
11.717,0,1.799
11.718,0,1.799
11.719,0,1.799
11.72,0,1.799
11.721,0,1.799
11.722,0,1.799
11.723,0,1.799
11.724,0,1.799
11.725,0,1.799
11.726,0,1.799
11.727,0,1.799
11.728,0,1.799
11.729,0,1.799
11.73,0,1.799
11.731,0,1.799
11.732,0,1.799
11.733,0,1.799
11.734,0,1.799
11.735,0,1.799
11.736,0,1.799
11.737,0,1.799
11.738,0,1.799
11.739,0,1.799
11.74,0,1.799
11.741,0,1.799
11.742,0,1.799
11.743,0,1.799
11.744,0,1.799
11.745,0,1.799
11.746,0,1.799
11.747,0,1.799
11.748,0,1.799
11.749,0,1.799
11.75,0,1.799
11.751,0,1.799
11.752,0,1.799
11.753,0,1.799
11.754,0,1.799
11.755,0,1.799
11.756,0,1.799
11.757,0,1.799
11.758,0,1.799
11.759,0,1.799
11.76,0,1.799
11.761,0,1.799
11.762,0,1.799
11.763,0,1.799
11.764,0,1.799
11.765,0,1.799
11.766,0,1.799
11.767,0,1.799
11.768,0,1.799
11.769,0,1.799
11.77,0,1.799
11.771,0,1.799
11.772,0,1.799
11.773,0,1.799
11.774,0,1.799
11.775,0,1.799
11.776,0,1.799
11.777,0,1.799
11.778,0,1.799
11.779,0,1.799
11.78,0,1.799
11.781,0,1.799
11.782,0,1.799
11.783,0,1.799
11.784,0,1.799
11.785,0,1.799
11.786,0,1.799
11.787,0,1.799
11.788,0,1.799
11.789,0,1.799
11.79,0,1.799
11.791,0,1.799
11.792,0,1.799
11.793,0,1.799
11.794,0,1.799
11.795,0,1.799
11.796,0,1.799
11.797,0,1.799
11.798,0,1.799
11.799,0,1.799
11.8,0,1.799
11.801,0,1.799
11.802,0,1.799
11.803,0,1.799
11.804,0,1.799
11.805,0,1.799
11.806,0,1.799
11.807,0,1.799
11.808,0,1.799
11.809,0,1.799
11.81,0,1.799
11.811,0,1.799
11.812,0,1.799
11.813,0,1.799
11.814,0,1.799
11.815,0,1.799
11.816,0,1.799
11.817,0,1.799
11.818,0,1.799
11.819,0,1.799
11.82,0,1.799
11.821,0,1.799
11.822,0,1.799
11.823,0,1.799
11.824,0,1.799
11.825,0,1.799
11.826,0,1.799
11.827,0,1.799
11.828,0,1.799
11.829,0,1.799
11.83,0,1.799
11.831,0,1.799
11.832,0,1.799
11.833,0,1.799
11.834,0,1.799
11.835,0,1.799
11.836,0,1.799
11.837,0,1.799
11.838,0,1.799
11.839,0,1.799
11.84,0,1.799
11.841,0,1.799
11.842,0,1.799
11.843,0,1.799
11.844,0,1.799
11.845,0,1.799
11.846,0,1.799
11.847,0,1.799
11.848,0,1.799
11.849,0,1.799
11.85,0,1.799
11.851,0,1.799
11.852,0,1.799
11.853,0,1.799
11.854,0,1.799
11.855,0,1.799
11.856,0,1.799
11.857,0,1.799
11.858,0,1.799
11.859,0,1.799
11.86,0,1.799
11.861,0,1.799
11.862,0,1.799
11.863,0,1.799
11.864,0,1.799
11.865,0,1.799
11.866,0,1.799
11.867,0,1.799
11.868,0,1.799
11.869,0,1.799
11.87,0,1.799
11.871,0,1.799
11.872,0,1.799
11.873,0,1.799
11.874,0,1.799
11.875,0,1.799
11.876,0,1.799
11.877,0,1.799
11.878,0,1.799
11.879,0,1.799
11.88,0,1.799
11.881,0,1.799
11.882,0,1.799
11.883,0,1.799
11.884,0,1.799
11.885,0,1.799
11.886,0,1.799
11.887,0,1.799
11.888,0,1.799
11.889,0,1.799
11.89,0,1.799
11.891,0,1.799
11.892,0,1.799
11.893,0,1.799
11.894,0,1.799
11.895,0,1.799
11.896,0,1.799
11.897,0,1.799
11.898,0,1.799
11.899,0,1.799
11.9,0,1.799
11.901,0,1.799
11.902,0,1.799
11.903,0,1.799
11.904,0,1.799
11.905,0,1.799
11.906,0,1.799
11.907,0,1.799
11.908,0,1.799
11.909,0,1.799
11.91,0,1.799
11.911,0,1.799
11.912,0,1.799
11.913,0,1.799
11.914,0,1.799
11.915,0,1.799
11.916,0,1.799
11.917,0,1.799
11.918,0,1.799
11.919,0,1.799
11.92,0,1.799
11.921,0,1.799
11.922,0,1.799
11.923,0,1.799
11.924,0,1.799
11.925,0,1.799
11.926,0,1.799
11.927,0,1.799
11.928,0,1.799
11.929,0,1.799
11.93,0,1.799
11.931,0,1.799
11.932,0,1.799
11.933,0,1.799
11.934,0,1.799
11.935,0,1.799
11.936,0,1.799
11.937,0,1.799
11.938,0,1.799
11.939,0,1.799
11.94,0,1.799
11.941,0,1.799
11.942,0,1.799
11.943,0,1.799
11.944,0,1.799
11.945,0,1.799
11.946,0,1.799
11.947,0,1.799
11.948,0,1.799
11.949,0,1.799
11.95,0,1.799
11.951,0,1.799
11.952,0,1.799
11.953,0,1.799
11.954,0,1.799
11.955,0,1.799
11.956,0,1.799
11.957,0,1.799
11.958,0,1.799
11.959,0,1.799
11.96,0,1.799
11.961,0,1.799
11.962,0,1.799
11.963,0,1.799
11.964,0,1.799
11.965,0,1.799
11.966,0,1.799
11.967,0,1.799
11.968,0,1.799
11.969,0,1.799
11.97,0,1.799
11.971,0,1.799
11.972,0,1.799
11.973,0,1.799
11.974,0,1.799
11.975,0,1.799
11.976,0,1.799
11.977,0,1.799
11.978,0,1.799
11.979,0,1.799
11.98,0,1.799
11.981,0,1.799
11.982,0,1.799
11.983,0,1.799
11.984,0,1.799
11.985,0,1.799
11.986,0,1.799
11.987,0,1.799
11.988,0,1.799
11.989,0,1.799
11.99,0,1.799
11.991,0,1.799
11.992,0,1.799
11.993,0,1.799
11.994,0,1.799
11.995,0,1.799
11.996,0,1.799
11.997,0,1.799
11.998,0,1.799
11.999,0,1.799
12,0.2,0.201000000000001
12.001,0.2,0.201000000000001
12.002,0.2,0.201000000000001
12.003,0.2,0.201000000000001
12.004,0.2,0.201000000000001
12.005,0.2,0.201000000000001
12.006,0.2,0.201000000000001
12.007,0.2,0.201000000000001
12.008,0.2,0.201000000000001
12.009,0.2,0.201000000000001
12.01,0.2,0.201000000000001
12.011,0.2,0.201000000000001
12.012,0.2,0.201000000000001
12.013,0.2,0.201000000000001
12.014,0.2,0.201000000000001
12.015,0.2,0.201000000000001
12.016,0.2,0.201000000000001
12.017,0.2,0.201000000000001
12.018,0.2,0.201000000000001
12.019,0.2,0.201000000000001
12.02,0.2,0.201000000000001
12.021,0.2,0.201000000000001
12.022,0.2,0.201000000000001
12.023,0.2,0.201000000000001
12.024,0.2,0.201000000000001
12.025,0.2,0.201000000000001
12.026,0.2,0.201000000000001
12.027,0.2,0.201000000000001
12.028,0.2,0.201000000000001
12.029,0.2,0.201000000000001
12.03,0.2,0.201000000000001
12.031,0.2,0.201000000000001
12.032,0.2,0.201000000000001
12.033,0.2,0.201000000000001
12.034,0.2,0.201000000000001
12.035,0.2,0.201000000000001
12.036,0.2,0.201000000000001
12.037,0.2,0.201000000000001
12.038,0.2,0.201000000000001
12.039,0.2,0.201000000000001
12.04,0.2,0.201000000000001
12.041,0.2,0.201000000000001
12.042,0.2,0.201000000000001
12.043,0.2,0.201000000000001
12.044,0.2,0.201000000000001
12.045,0.2,0.201000000000001
12.046,0.2,0.201000000000001
12.047,0.2,0.201000000000001
12.048,0.2,0.201000000000001
12.049,0.2,0.201000000000001
12.05,0.2,0.201000000000001
12.051,0.2,0.201000000000001
12.052,0.2,0.201000000000001
12.053,0.2,0.201000000000001
12.054,0.2,0.201000000000001
12.055,0.2,0.201000000000001
12.056,0.2,0.201000000000001
12.057,0.2,0.201000000000001
12.058,0.2,0.201000000000001
12.059,0.2,0.201000000000001
12.06,0.2,0.201000000000001
12.061,0.2,0.201000000000001
12.062,0.2,0.201000000000001
12.063,0.2,0.201000000000001
12.064,0.2,0.201000000000001
12.065,0.2,0.201000000000001
12.066,0.2,0.201000000000001
12.067,0.2,0.201000000000001
12.068,0.2,0.201000000000001
12.069,0.2,0.201000000000001
12.07,0.2,0.201000000000001
12.071,0.2,0.201000000000001
12.072,0.2,0.201000000000001
12.073,0.2,0.201000000000001
12.074,0.2,0.201000000000001
12.075,0.2,0.201000000000001
12.076,0.2,0.201000000000001
12.077,0.2,0.201000000000001
12.078,0.2,0.201000000000001
12.079,0.2,0.201000000000001
12.08,0.2,0.201000000000001
12.081,0.2,0.201000000000001
12.082,0.2,0.201000000000001
12.083,0.2,0.201000000000001
12.084,0.2,0.201000000000001
12.085,0.2,0.201000000000001
12.086,0.2,0.201000000000001
12.087,0.2,0.201000000000001
12.088,0.2,0.201000000000001
12.089,0.2,0.201000000000001
12.09,0.2,0.201000000000001
12.091,0.2,0.201000000000001
12.092,0.2,0.201000000000001
12.093,0.2,0.201000000000001
12.094,0.2,0.201000000000001
12.095,0.2,0.201000000000001
12.096,0.2,0.201000000000001
12.097,0.2,0.201000000000001
12.098,0.2,0.201000000000001
12.099,0.2,0.201000000000001
12.1,0.2,0.201000000000001
12.101,0.2,0.201000000000001
12.102,0.2,0.201000000000001
12.103,0.2,0.201000000000001
12.104,0.2,0.201000000000001
12.105,0.2,0.201000000000001
12.106,0.2,0.201000000000001
12.107,0.2,0.201000000000001
12.108,0.2,0.201000000000001
12.109,0.2,0.201000000000001
12.11,0.2,0.201000000000001
12.111,0.2,0.201000000000001
12.112,0.2,0.201000000000001
12.113,0.2,0.201000000000001
12.114,0.2,0.201000000000001
12.115,0.2,0.201000000000001
12.116,0.2,0.201000000000001
12.117,0.2,0.201000000000001
12.118,0.2,0.201000000000001
12.119,0.2,0.201000000000001
12.12,0.2,0.201000000000001
12.121,0.2,0.201000000000001
12.122,0.2,0.201000000000001
12.123,0.2,0.201000000000001
12.124,0.2,0.201000000000001
12.125,0.2,0.201000000000001
12.126,0.2,0.201000000000001
12.127,0.2,0.201000000000001
12.128,0.2,0.201000000000001
12.129,0.2,0.201000000000001
12.13,0.2,0.201000000000001
12.131,0.2,0.201000000000001
12.132,0.2,0.201000000000001
12.133,0.2,0.201000000000001
12.134,0.2,0.201000000000001
12.135,0.2,0.201000000000001
12.136,0.2,0.201000000000001
12.137,0.2,0.201000000000001
12.138,0.2,0.201000000000001
12.139,0.2,0.201000000000001
12.14,0.2,0.201000000000001
12.141,0.2,0.201000000000001
12.142,0.2,0.201000000000001
12.143,0.2,0.201000000000001
12.144,0.2,0.201000000000001
12.145,0.2,0.201000000000001
12.146,0.2,0.201000000000001
12.147,0.2,0.201000000000001
12.148,0.2,0.201000000000001
12.149,0.2,0.201000000000001
12.15,0.2,0.201000000000001
12.151,0.2,0.201000000000001
12.152,0.2,0.201000000000001
12.153,0.2,0.201000000000001
12.154,0.2,0.201000000000001
12.155,0.2,0.201000000000001
12.156,0.2,0.201000000000001
12.157,0.2,0.201000000000001
12.158,0.2,0.201000000000001
12.159,0.2,0.201000000000001
12.16,0.2,0.201000000000001
12.161,0.2,0.201000000000001
12.162,0.2,0.201000000000001
12.163,0.2,0.201000000000001
12.164,0.2,0.201000000000001
12.165,0.2,0.201000000000001
12.166,0.2,0.201000000000001
12.167,0.2,0.201000000000001
12.168,0.2,0.201000000000001
12.169,0.2,0.201000000000001
12.17,0.2,0.201000000000001
12.171,0.2,0.201000000000001
12.172,0.2,0.201000000000001
12.173,0.2,0.201000000000001
12.174,0.2,0.201000000000001
12.175,0.2,0.201000000000001
12.176,0.2,0.201000000000001
12.177,0.2,0.201000000000001
12.178,0.2,0.201000000000001
12.179,0.2,0.201000000000001
12.18,0.2,0.201000000000001
12.181,0.2,0.201000000000001
12.182,0.2,0.201000000000001
12.183,0.2,0.201000000000001
12.184,0.2,0.201000000000001
12.185,0.2,0.201000000000001
12.186,0.2,0.201000000000001
12.187,0.2,0.201000000000001
12.188,0.2,0.201000000000001
12.189,0.2,0.201000000000001
12.19,0.2,0.201000000000001
12.191,0.2,0.201000000000001
12.192,0.2,0.201000000000001
12.193,0.2,0.201000000000001
12.194,0.2,0.201000000000001
12.195,0.2,0.201000000000001
12.196,0.2,0.201000000000001
12.197,0.2,0.201000000000001
12.198,0.2,0.201000000000001
12.199,0.2,0.201000000000001
12.2,0.2,0.201000000000001
12.201,0,1.799
12.202,0,1.799
12.203,0,1.799
12.204,0,1.799
12.205,0,1.799
12.206,0,1.799
12.207,0,1.799
12.208,0,1.799
12.209,0,1.799
12.21,0,1.799
12.211,0,1.799
12.212,0,1.799
12.213,0,1.799
12.214,0,1.799
12.215,0,1.799
12.216,0,1.799
12.217,0,1.799
12.218,0,1.799
12.219,0,1.799
12.22,0,1.799
12.221,0,1.799
12.222,0,1.799
12.223,0,1.799
12.224,0,1.799
12.225,0,1.799
12.226,0,1.799
12.227,0,1.799
12.228,0,1.799
12.229,0,1.799
12.23,0,1.799
12.231,0,1.799
12.232,0,1.799
12.233,0,1.799
12.234,0,1.799
12.235,0,1.799
12.236,0,1.799
12.237,0,1.799
12.238,0,1.799
12.239,0,1.799
12.24,0,1.799
12.241,0,1.799
12.242,0,1.799
12.243,0,1.799
12.244,0,1.799
12.245,0,1.799
12.246,0,1.799
12.247,0,1.799
12.248,0,1.799
12.249,0,1.799
12.25,0,1.799
12.251,0,1.799
12.252,0,1.799
12.253,0,1.799
12.254,0,1.799
12.255,0,1.799
12.256,0,1.799
12.257,0,1.799
12.258,0,1.799
12.259,0,1.799
12.26,0,1.799
12.261,0,1.799
12.262,0,1.799
12.263,0,1.799
12.264,0,1.799
12.265,0,1.799
12.266,0,1.799
12.267,0,1.799
12.268,0,1.799
12.269,0,1.799
12.27,0,1.799
12.271,0,1.799
12.272,0,1.799
12.273,0,1.799
12.274,0,1.799
12.275,0,1.799
12.276,0,1.799
12.277,0,1.799
12.278,0,1.799
12.279,0,1.799
12.28,0,1.799
12.281,0,1.799
12.282,0,1.799
12.283,0,1.799
12.284,0,1.799
12.285,0,1.799
12.286,0,1.799
12.287,0,1.799
12.288,0,1.799
12.289,0,1.799
12.29,0,1.799
12.291,0,1.799
12.292,0,1.799
12.293,0,1.799
12.294,0,1.799
12.295,0,1.799
12.296,0,1.799
12.297,0,1.799
12.298,0,1.799
12.299,0,1.799
12.3,0,1.799
12.301,0,1.799
12.302,0,1.799
12.303,0,1.799
12.304,0,1.799
12.305,0,1.799
12.306,0,1.799
12.307,0,1.799
12.308,0,1.799
12.309,0,1.799
12.31,0,1.799
12.311,0,1.799
12.312,0,1.799
12.313,0,1.799
12.314,0,1.799
12.315,0,1.799
12.316,0,1.799
12.317,0,1.799
12.318,0,1.799
12.319,0,1.799
12.32,0,1.799
12.321,0,1.799
12.322,0,1.799
12.323,0,1.799
12.324,0,1.799
12.325,0,1.799
12.326,0,1.799
12.327,0,1.799
12.328,0,1.799
12.329,0,1.799
12.33,0,1.799
12.331,0,1.799
12.332,0,1.799
12.333,0,1.799
12.334,0,1.799
12.335,0,1.799
12.336,0,1.799
12.337,0,1.799
12.338,0,1.799
12.339,0,1.799
12.34,0,1.799
12.341,0,1.799
12.342,0,1.799
12.343,0,1.799
12.344,0,1.799
12.345,0,1.799
12.346,0,1.799
12.347,0,1.799
12.348,0,1.799
12.349,0,1.799
12.35,0,1.799
12.351,0,1.799
12.352,0,1.799
12.353,0,1.799
12.354,0,1.799
12.355,0,1.799
12.356,0,1.799
12.357,0,1.799
12.358,0,1.799
12.359,0,1.799
12.36,0,1.799
12.361,0,1.799
12.362,0,1.799
12.363,0,1.799
12.364,0,1.799
12.365,0,1.799
12.366,0,1.799
12.367,0,1.799
12.368,0,1.799
12.369,0,1.799
12.37,0,1.799
12.371,0,1.799
12.372,0,1.799
12.373,0,1.799
12.374,0,1.799
12.375,0,1.799
12.376,0,1.799
12.377,0,1.799
12.378,0,1.799
12.379,0,1.799
12.38,0,1.799
12.381,0,1.799
12.382,0,1.799
12.383,0,1.799
12.384,0,1.799
12.385,0,1.799
12.386,0,1.799
12.387,0,1.799
12.388,0,1.799
12.389,0,1.799
12.39,0,1.799
12.391,0,1.799
12.392,0,1.799
12.393,0,1.799
12.394,0,1.799
12.395,0,1.799
12.396,0,1.799
12.397,0,1.799
12.398,0,1.799
12.399,0,1.799
12.4,0,1.799
12.401,0,1.799
12.402,0,1.799
12.403,0,1.799
12.404,0,1.799
12.405,0,1.799
12.406,0,1.799
12.407,0,1.799
12.408,0,1.799
12.409,0,1.799
12.41,0,1.799
12.411,0,1.799
12.412,0,1.799
12.413,0,1.799
12.414,0,1.799
12.415,0,1.799
12.416,0,1.799
12.417,0,1.799
12.418,0,1.799
12.419,0,1.799
12.42,0,1.799
12.421,0,1.799
12.422,0,1.799
12.423,0,1.799
12.424,0,1.799
12.425,0,1.799
12.426,0,1.799
12.427,0,1.799
12.428,0,1.799
12.429,0,1.799
12.43,0,1.799
12.431,0,1.799
12.432,0,1.799
12.433,0,1.799
12.434,0,1.799
12.435,0,1.799
12.436,0,1.799
12.437,0,1.799
12.438,0,1.799
12.439,0,1.799
12.44,0,1.799
12.441,0,1.799
12.442,0,1.799
12.443,0,1.799
12.444,0,1.799
12.445,0,1.799
12.446,0,1.799
12.447,0,1.799
12.448,0,1.799
12.449,0,1.799
12.45,0,1.799
12.451,0,1.799
12.452,0,1.799
12.453,0,1.799
12.454,0,1.799
12.455,0,1.799
12.456,0,1.799
12.457,0,1.799
12.458,0,1.799
12.459,0,1.799
12.46,0,1.799
12.461,0,1.799
12.462,0,1.799
12.463,0,1.799
12.464,0,1.799
12.465,0,1.799
12.466,0,1.799
12.467,0,1.799
12.468,0,1.799
12.469,0,1.799
12.47,0,1.799
12.471,0,1.799
12.472,0,1.799
12.473,0,1.799
12.474,0,1.799
12.475,0,1.799
12.476,0,1.799
12.477,0,1.799
12.478,0,1.799
12.479,0,1.799
12.48,0,1.799
12.481,0,1.799
12.482,0,1.799
12.483,0,1.799
12.484,0,1.799
12.485,0,1.799
12.486,0,1.799
12.487,0,1.799
12.488,0,1.799
12.489,0,1.799
12.49,0,1.799
12.491,0,1.799
12.492,0,1.799
12.493,0,1.799
12.494,0,1.799
12.495,0,1.799
12.496,0,1.799
12.497,0,1.799
12.498,0,1.799
12.499,0,1.799
12.5,0,1.799
12.501,0,1.799
12.502,0,1.799
12.503,0,1.799
12.504,0,1.799
12.505,0,1.799
12.506,0,1.799
12.507,0,1.799
12.508,0,1.799
12.509,0,1.799
12.51,0,1.799
12.511,0,1.799
12.512,0,1.799
12.513,0,1.799
12.514,0,1.799
12.515,0,1.799
12.516,0,1.799
12.517,0,1.799
12.518,0,1.799
12.519,0,1.799
12.52,0,1.799
12.521,0,1.799
12.522,0,1.799
12.523,0,1.799
12.524,0,1.799
12.525,0,1.799
12.526,0,1.799
12.527,0,1.799
12.528,0,1.799
12.529,0,1.799
12.53,0,1.799
12.531,0,1.799
12.532,0,1.799
12.533,0,1.799
12.534,0,1.799
12.535,0,1.799
12.536,0,1.799
12.537,0,1.799
12.538,0,1.799
12.539,0,1.799
12.54,0,1.799
12.541,0,1.799
12.542,0,1.799
12.543,0,1.799
12.544,0,1.799
12.545,0,1.799
12.546,0,1.799
12.547,0,1.799
12.548,0,1.799
12.549,0,1.799
12.55,0,1.799
12.551,0,1.799
12.552,0,1.799
12.553,0,1.799
12.554,0,1.799
12.555,0,1.799
12.556,0,1.799
12.557,0,1.799
12.558,0,1.799
12.559,0,1.799
12.56,0,1.799
12.561,0,1.799
12.562,0,1.799
12.563,0,1.799
12.564,0,1.799
12.565,0,1.799
12.566,0,1.799
12.567,0,1.799
12.568,0,1.799
12.569,0,1.799
12.57,0,1.799
12.571,0,1.799
12.572,0,1.799
12.573,0,1.799
12.574,0,1.799
12.575,0,1.799
12.576,0,1.799
12.577,0,1.799
12.578,0,1.799
12.579,0,1.799
12.58,0,1.799
12.581,0,1.799
12.582,0,1.799
12.583,0,1.799
12.584,0,1.799
12.585,0,1.799
12.586,0,1.799
12.587,0,1.799
12.588,0,1.799
12.589,0,1.799
12.59,0,1.799
12.591,0,1.799
12.592,0,1.799
12.593,0,1.799
12.594,0,1.799
12.595,0,1.799
12.596,0,1.799
12.597,0,1.799
12.598,0,1.799
12.599,0,1.799
12.6,0,1.799
12.601,0,1.799
12.602,0,1.799
12.603,0,1.799
12.604,0,1.799
12.605,0,1.799
12.606,0,1.799
12.607,0,1.799
12.608,0,1.799
12.609,0,1.799
12.61,0,1.799
12.611,0,1.799
12.612,0,1.799
12.613,0,1.799
12.614,0,1.799
12.615,0,1.799
12.616,0,1.799
12.617,0,1.799
12.618,0,1.799
12.619,0,1.799
12.62,0,1.799
12.621,0,1.799
12.622,0,1.799
12.623,0,1.799
12.624,0,1.799
12.625,0,1.799
12.626,0,1.799
12.627,0,1.799
12.628,0,1.799
12.629,0,1.799
12.63,0,1.799
12.631,0,1.799
12.632,0,1.799
12.633,0,1.799
12.634,0,1.799
12.635,0,1.799
12.636,0,1.799
12.637,0,1.799
12.638,0,1.799
12.639,0,1.799
12.64,0,1.799
12.641,0,1.799
12.642,0,1.799
12.643,0,1.799
12.644,0,1.799
12.645,0,1.799
12.646,0,1.799
12.647,0,1.799
12.648,0,1.799
12.649,0,1.799
12.65,0,1.799
12.651,0,1.799
12.652,0,1.799
12.653,0,1.799
12.654,0,1.799
12.655,0,1.799
12.656,0,1.799
12.657,0,1.799
12.658,0,1.799
12.659,0,1.799
12.66,0,1.799
12.661,0,1.799
12.662,0,1.799
12.663,0,1.799
12.664,0,1.799
12.665,0,1.799
12.666,0,1.799
12.667,0,1.799
12.668,0,1.799
12.669,0,1.799
12.67,0,1.799
12.671,0,1.799
12.672,0,1.799
12.673,0,1.799
12.674,0,1.799
12.675,0,1.799
12.676,0,1.799
12.677,0,1.799
12.678,0,1.799
12.679,0,1.799
12.68,0,1.799
12.681,0,1.799
12.682,0,1.799
12.683,0,1.799
12.684,0,1.799
12.685,0,1.799
12.686,0,1.799
12.687,0,1.799
12.688,0,1.799
12.689,0,1.799
12.69,0,1.799
12.691,0,1.799
12.692,0,1.799
12.693,0,1.799
12.694,0,1.799
12.695,0,1.799
12.696,0,1.799
12.697,0,1.799
12.698,0,1.799
12.699,0,1.799
12.7,0,1.799
12.701,0,1.799
12.702,0,1.799
12.703,0,1.799
12.704,0,1.799
12.705,0,1.799
12.706,0,1.799
12.707,0,1.799
12.708,0,1.799
12.709,0,1.799
12.71,0,1.799
12.711,0,1.799
12.712,0,1.799
12.713,0,1.799
12.714,0,1.799
12.715,0,1.799
12.716,0,1.799
12.717,0,1.799
12.718,0,1.799
12.719,0,1.799
12.72,0,1.799
12.721,0,1.799
12.722,0,1.799
12.723,0,1.799
12.724,0,1.799
12.725,0,1.799
12.726,0,1.799
12.727,0,1.799
12.728,0,1.799
12.729,0,1.799
12.73,0,1.799
12.731,0,1.799
12.732,0,1.799
12.733,0,1.799
12.734,0,1.799
12.735,0,1.799
12.736,0,1.799
12.737,0,1.799
12.738,0,1.799
12.739,0,1.799
12.74,0,1.799
12.741,0,1.799
12.742,0,1.799
12.743,0,1.799
12.744,0,1.799
12.745,0,1.799
12.746,0,1.799
12.747,0,1.799
12.748,0,1.799
12.749,0,1.799
12.75,0,1.799
12.751,0,1.799
12.752,0,1.799
12.753,0,1.799
12.754,0,1.799
12.755,0,1.799
12.756,0,1.799
12.757,0,1.799
12.758,0,1.799
12.759,0,1.799
12.76,0,1.799
12.761,0,1.799
12.762,0,1.799
12.763,0,1.799
12.764,0,1.799
12.765,0,1.799
12.766,0,1.799
12.767,0,1.799
12.768,0,1.799
12.769,0,1.799
12.77,0,1.799
12.771,0,1.799
12.772,0,1.799
12.773,0,1.799
12.774,0,1.799
12.775,0,1.799
12.776,0,1.799
12.777,0,1.799
12.778,0,1.799
12.779,0,1.799
12.78,0,1.799
12.781,0,1.799
12.782,0,1.799
12.783,0,1.799
12.784,0,1.799
12.785,0,1.799
12.786,0,1.799
12.787,0,1.799
12.788,0,1.799
12.789,0,1.799
12.79,0,1.799
12.791,0,1.799
12.792,0,1.799
12.793,0,1.799
12.794,0,1.799
12.795,0,1.799
12.796,0,1.799
12.797,0,1.799
12.798,0,1.799
12.799,0,1.799
12.8,0,1.799
12.801,0,1.799
12.802,0,1.799
12.803,0,1.799
12.804,0,1.799
12.805,0,1.799
12.806,0,1.799
12.807,0,1.799
12.808,0,1.799
12.809,0,1.799
12.81,0,1.799
12.811,0,1.799
12.812,0,1.799
12.813,0,1.799
12.814,0,1.799
12.815,0,1.799
12.816,0,1.799
12.817,0,1.799
12.818,0,1.799
12.819,0,1.799
12.82,0,1.799
12.821,0,1.799
12.822,0,1.799
12.823,0,1.799
12.824,0,1.799
12.825,0,1.799
12.826,0,1.799
12.827,0,1.799
12.828,0,1.799
12.829,0,1.799
12.83,0,1.799
12.831,0,1.799
12.832,0,1.799
12.833,0,1.799
12.834,0,1.799
12.835,0,1.799
12.836,0,1.799
12.837,0,1.799
12.838,0,1.799
12.839,0,1.799
12.84,0,1.799
12.841,0,1.799
12.842,0,1.799
12.843,0,1.799
12.844,0,1.799
12.845,0,1.799
12.846,0,1.799
12.847,0,1.799
12.848,0,1.799
12.849,0,1.799
12.85,0,1.799
12.851,0,1.799
12.852,0,1.799
12.853,0,1.799
12.854,0,1.799
12.855,0,1.799
12.856,0,1.799
12.857,0,1.799
12.858,0,1.799
12.859,0,1.799
12.86,0,1.799
12.861,0,1.799
12.862,0,1.799
12.863,0,1.799
12.864,0,1.799
12.865,0,1.799
12.866,0,1.799
12.867,0,1.799
12.868,0,1.799
12.869,0,1.799
12.87,0,1.799
12.871,0,1.799
12.872,0,1.799
12.873,0,1.799
12.874,0,1.799
12.875,0,1.799
12.876,0,1.799
12.877,0,1.799
12.878,0,1.799
12.879,0,1.799
12.88,0,1.799
12.881,0,1.799
12.882,0,1.799
12.883,0,1.799
12.884,0,1.799
12.885,0,1.799
12.886,0,1.799
12.887,0,1.799
12.888,0,1.799
12.889,0,1.799
12.89,0,1.799
12.891,0,1.799
12.892,0,1.799
12.893,0,1.799
12.894,0,1.799
12.895,0,1.799
12.896,0,1.799
12.897,0,1.799
12.898,0,1.799
12.899,0,1.799
12.9,0,1.799
12.901,0,1.799
12.902,0,1.799
12.903,0,1.799
12.904,0,1.799
12.905,0,1.799
12.906,0,1.799
12.907,0,1.799
12.908,0,1.799
12.909,0,1.799
12.91,0,1.799
12.911,0,1.799
12.912,0,1.799
12.913,0,1.799
12.914,0,1.799
12.915,0,1.799
12.916,0,1.799
12.917,0,1.799
12.918,0,1.799
12.919,0,1.799
12.92,0,1.799
12.921,0,1.799
12.922,0,1.799
12.923,0,1.799
12.924,0,1.799
12.925,0,1.799
12.926,0,1.799
12.927,0,1.799
12.928,0,1.799
12.929,0,1.799
12.93,0,1.799
12.931,0,1.799
12.932,0,1.799
12.933,0,1.799
12.934,0,1.799
12.935,0,1.799
12.936,0,1.799
12.937,0,1.799
12.938,0,1.799
12.939,0,1.799
12.94,0,1.799
12.941,0,1.799
12.942,0,1.799
12.943,0,1.799
12.944,0,1.799
12.945,0,1.799
12.946,0,1.799
12.947,0,1.799
12.948,0,1.799
12.949,0,1.799
12.95,0,1.799
12.951,0,1.799
12.952,0,1.799
12.953,0,1.799
12.954,0,1.799
12.955,0,1.799
12.956,0,1.799
12.957,0,1.799
12.958,0,1.799
12.959,0,1.799
12.96,0,1.799
12.961,0,1.799
12.962,0,1.799
12.963,0,1.799
12.964,0,1.799
12.965,0,1.799
12.966,0,1.799
12.967,0,1.799
12.968,0,1.799
12.969,0,1.799
12.97,0,1.799
12.971,0,1.799
12.972,0,1.799
12.973,0,1.799
12.974,0,1.799
12.975,0,1.799
12.976,0,1.799
12.977,0,1.799
12.978,0,1.799
12.979,0,1.799
12.98,0,1.799
12.981,0,1.799
12.982,0,1.799
12.983,0,1.799
12.984,0,1.799
12.985,0,1.799
12.986,0,1.799
12.987,0,1.799
12.988,0,1.799
12.989,0,1.799
12.99,0,1.799
12.991,0,1.799
12.992,0,1.799
12.993,0,1.799
12.994,0,1.799
12.995,0,1.799
12.996,0,1.799
12.997,0,1.799
12.998,0,1.799
12.999,0,1.799
13,0,1.799
13.001,0,1.799
13.002,0,1.799
13.003,0,1.799
13.004,0,1.799
13.005,0,1.799
13.006,0,1.799
13.007,0,1.799
13.008,0,1.799
13.009,0,1.799
13.01,0,1.799
13.011,0,1.799
13.012,0,1.799
13.013,0,1.799
13.014,0,1.799
13.015,0,1.799
13.016,0,1.799
13.017,0,1.799
13.018,0,1.799
13.019,0,1.799
13.02,0,1.799
13.021,0,1.799
13.022,0,1.799
13.023,0,1.799
13.024,0,1.799
13.025,0,1.799
13.026,0,1.799
13.027,0,1.799
13.028,0,1.799
13.029,0,1.799
13.03,0,1.799
13.031,0,1.799
13.032,0,1.799
13.033,0,1.799
13.034,0,1.799
13.035,0,1.799
13.036,0,1.799
13.037,0,1.799
13.038,0,1.799
13.039,0,1.799
13.04,0,1.799
13.041,0,1.799
13.042,0,1.799
13.043,0,1.799
13.044,0,1.799
13.045,0,1.799
13.046,0,1.799
13.047,0,1.799
13.048,0,1.799
13.049,0,1.799
13.05,0,1.799
13.051,0,1.799
13.052,0,1.799
13.053,0,1.799
13.054,0,1.799
13.055,0,1.799
13.056,0,1.799
13.057,0,1.799
13.058,0,1.799
13.059,0,1.799
13.06,0,1.799
13.061,0,1.799
13.062,0,1.799
13.063,0,1.799
13.064,0,1.799
13.065,0,1.799
13.066,0,1.799
13.067,0,1.799
13.068,0,1.799
13.069,0,1.799
13.07,0,1.799
13.071,0,1.799
13.072,0,1.799
13.073,0,1.799
13.074,0,1.799
13.075,0,1.799
13.076,0,1.799
13.077,0,1.799
13.078,0,1.799
13.079,0,1.799
13.08,0,1.799
13.081,0,1.799
13.082,0,1.799
13.083,0,1.799
13.084,0,1.799
13.085,0,1.799
13.086,0,1.799
13.087,0,1.799
13.088,0,1.799
13.089,0,1.799
13.09,0,1.799
13.091,0,1.799
13.092,0,1.799
13.093,0,1.799
13.094,0,1.799
13.095,0,1.799
13.096,0,1.799
13.097,0,1.799
13.098,0,1.799
13.099,0,1.799
13.1,0,1.799
13.101,0,1.799
13.102,0,1.799
13.103,0,1.799
13.104,0,1.799
13.105,0,1.799
13.106,0,1.799
13.107,0,1.799
13.108,0,1.799
13.109,0,1.799
13.11,0,1.799
13.111,0,1.799
13.112,0,1.799
13.113,0,1.799
13.114,0,1.799
13.115,0,1.799
13.116,0,1.799
13.117,0,1.799
13.118,0,1.799
13.119,0,1.799
13.12,0,1.799
13.121,0,1.799
13.122,0,1.799
13.123,0,1.799
13.124,0,1.799
13.125,0,1.799
13.126,0,1.799
13.127,0,1.799
13.128,0,1.799
13.129,0,1.799
13.13,0,1.799
13.131,0,1.799
13.132,0,1.799
13.133,0,1.799
13.134,0,1.799
13.135,0,1.799
13.136,0,1.799
13.137,0,1.799
13.138,0,1.799
13.139,0,1.799
13.14,0,1.799
13.141,0,1.799
13.142,0,1.799
13.143,0,1.799
13.144,0,1.799
13.145,0,1.799
13.146,0,1.799
13.147,0,1.799
13.148,0,1.799
13.149,0,1.799
13.15,0,1.799
13.151,0,1.799
13.152,0,1.799
13.153,0,1.799
13.154,0,1.799
13.155,0,1.799
13.156,0,1.799
13.157,0,1.799
13.158,0,1.799
13.159,0,1.799
13.16,0,1.799
13.161,0,1.799
13.162,0,1.799
13.163,0,1.799
13.164,0,1.799
13.165,0,1.799
13.166,0,1.799
13.167,0,1.799
13.168,0,1.799
13.169,0,1.799
13.17,0,1.799
13.171,0,1.799
13.172,0,1.799
13.173,0,1.799
13.174,0,1.799
13.175,0,1.799
13.176,0,1.799
13.177,0,1.799
13.178,0,1.799
13.179,0,1.799
13.18,0,1.799
13.181,0,1.799
13.182,0,1.799
13.183,0,1.799
13.184,0,1.799
13.185,0,1.799
13.186,0,1.799
13.187,0,1.799
13.188,0,1.799
13.189,0,1.799
13.19,0,1.799
13.191,0,1.799
13.192,0,1.799
13.193,0,1.799
13.194,0,1.799
13.195,0,1.799
13.196,0,1.799
13.197,0,1.799
13.198,0,1.799
13.199,0,1.799
13.2,0,1.799
13.201,0,1.799
13.202,0,1.799
13.203,0,1.799
13.204,0,1.799
13.205,0,1.799
13.206,0,1.799
13.207,0,1.799
13.208,0,1.799
13.209,0,1.799
13.21,0,1.799
13.211,0,1.799
13.212,0,1.799
13.213,0,1.799
13.214,0,1.799
13.215,0,1.799
13.216,0,1.799
13.217,0,1.799
13.218,0,1.799
13.219,0,1.799
13.22,0,1.799
13.221,0,1.799
13.222,0,1.799
13.223,0,1.799
13.224,0,1.799
13.225,0,1.799
13.226,0,1.799
13.227,0,1.799
13.228,0,1.799
13.229,0,1.799
13.23,0,1.799
13.231,0,1.799
13.232,0,1.799
13.233,0,1.799
13.234,0,1.799
13.235,0,1.799
13.236,0,1.799
13.237,0,1.799
13.238,0,1.799
13.239,0,1.799
13.24,0,1.799
13.241,0,1.799
13.242,0,1.799
13.243,0,1.799
13.244,0,1.799
13.245,0,1.799
13.246,0,1.799
13.247,0,1.799
13.248,0,1.799
13.249,0,1.799
13.25,0,1.799
13.251,0,1.799
13.252,0,1.799
13.253,0,1.799
13.254,0,1.799
13.255,0,1.799
13.256,0,1.799
13.257,0,1.799
13.258,0,1.799
13.259,0,1.799
13.26,0,1.799
13.261,0,1.799
13.262,0,1.799
13.263,0,1.799
13.264,0,1.799
13.265,0,1.799
13.266,0,1.799
13.267,0,1.799
13.268,0,1.799
13.269,0,1.799
13.27,0,1.799
13.271,0,1.799
13.272,0,1.799
13.273,0,1.799
13.274,0,1.799
13.275,0,1.799
13.276,0,1.799
13.277,0,1.799
13.278,0,1.799
13.279,0,1.799
13.28,0,1.799
13.281,0,1.799
13.282,0,1.799
13.283,0,1.799
13.284,0,1.799
13.285,0,1.799
13.286,0,1.799
13.287,0,1.799
13.288,0,1.799
13.289,0,1.799
13.29,0,1.799
13.291,0,1.799
13.292,0,1.799
13.293,0,1.799
13.294,0,1.799
13.295,0,1.799
13.296,0,1.799
13.297,0,1.799
13.298,0,1.799
13.299,0,1.799
13.3,0,1.799
13.301,0,1.799
13.302,0,1.799
13.303,0,1.799
13.304,0,1.799
13.305,0,1.799
13.306,0,1.799
13.307,0,1.799
13.308,0,1.799
13.309,0,1.799
13.31,0,1.799
13.311,0,1.799
13.312,0,1.799
13.313,0,1.799
13.314,0,1.799
13.315,0,1.799
13.316,0,1.799
13.317,0,1.799
13.318,0,1.799
13.319,0,1.799
13.32,0,1.799
13.321,0,1.799
13.322,0,1.799
13.323,0,1.799
13.324,0,1.799
13.325,0,1.799
13.326,0,1.799
13.327,0,1.799
13.328,0,1.799
13.329,0,1.799
13.33,0,1.799
13.331,0,1.799
13.332,0,1.799
13.333,0,1.799
13.334,0,1.799
13.335,0,1.799
13.336,0,1.799
13.337,0,1.799
13.338,0,1.799
13.339,0,1.799
13.34,0,1.799
13.341,0,1.799
13.342,0,1.799
13.343,0,1.799
13.344,0,1.799
13.345,0,1.799
13.346,0,1.799
13.347,0,1.799
13.348,0,1.799
13.349,0,1.799
13.35,0,1.799
13.351,0,1.799
13.352,0,1.799
13.353,0,1.799
13.354,0,1.799
13.355,0,1.799
13.356,0,1.799
13.357,0,1.799
13.358,0,1.799
13.359,0,1.799
13.36,0,1.799
13.361,0,1.799
13.362,0,1.799
13.363,0,1.799
13.364,0,1.799
13.365,0,1.799
13.366,0,1.799
13.367,0,1.799
13.368,0,1.799
13.369,0,1.799
13.37,0,1.799
13.371,0,1.799
13.372,0,1.799
13.373,0,1.799
13.374,0,1.799
13.375,0,1.799
13.376,0,1.799
13.377,0,1.799
13.378,0,1.799
13.379,0,1.799
13.38,0,1.799
13.381,0,1.799
13.382,0,1.799
13.383,0,1.799
13.384,0,1.799
13.385,0,1.799
13.386,0,1.799
13.387,0,1.799
13.388,0,1.799
13.389,0,1.799
13.39,0,1.799
13.391,0,1.799
13.392,0,1.799
13.393,0,1.799
13.394,0,1.799
13.395,0,1.799
13.396,0,1.799
13.397,0,1.799
13.398,0,1.799
13.399,0,1.799
13.4,0,1.799
13.401,0,1.799
13.402,0,1.799
13.403,0,1.799
13.404,0,1.799
13.405,0,1.799
13.406,0,1.799
13.407,0,1.799
13.408,0,1.799
13.409,0,1.799
13.41,0,1.799
13.411,0,1.799
13.412,0,1.799
13.413,0,1.799
13.414,0,1.799
13.415,0,1.799
13.416,0,1.799
13.417,0,1.799
13.418,0,1.799
13.419,0,1.799
13.42,0,1.799
13.421,0,1.799
13.422,0,1.799
13.423,0,1.799
13.424,0,1.799
13.425,0,1.799
13.426,0,1.799
13.427,0,1.799
13.428,0,1.799
13.429,0,1.799
13.43,0,1.799
13.431,0,1.799
13.432,0,1.799
13.433,0,1.799
13.434,0,1.799
13.435,0,1.799
13.436,0,1.799
13.437,0,1.799
13.438,0,1.799
13.439,0,1.799
13.44,0,1.799
13.441,0,1.799
13.442,0,1.799
13.443,0,1.799
13.444,0,1.799
13.445,0,1.799
13.446,0,1.799
13.447,0,1.799
13.448,0,1.799
13.449,0,1.799
13.45,0,1.799
13.451,0,1.799
13.452,0,1.799
13.453,0,1.799
13.454,0,1.799
13.455,0,1.799
13.456,0,1.799
13.457,0,1.799
13.458,0,1.799
13.459,0,1.799
13.46,0,1.799
13.461,0,1.799
13.462,0,1.799
13.463,0,1.799
13.464,0,1.799
13.465,0,1.799
13.466,0,1.799
13.467,0,1.799
13.468,0,1.799
13.469,0,1.799
13.47,0,1.799
13.471,0,1.799
13.472,0,1.799
13.473,0,1.799
13.474,0,1.799
13.475,0,1.799
13.476,0,1.799
13.477,0,1.799
13.478,0,1.799
13.479,0,1.799
13.48,0,1.799
13.481,0,1.799
13.482,0,1.799
13.483,0,1.799
13.484,0,1.799
13.485,0,1.799
13.486,0,1.799
13.487,0,1.799
13.488,0,1.799
13.489,0,1.799
13.49,0,1.799
13.491,0,1.799
13.492,0,1.799
13.493,0,1.799
13.494,0,1.799
13.495,0,1.799
13.496,0,1.799
13.497,0,1.799
13.498,0,1.799
13.499,0,1.799
13.5,0,1.799
13.501,0,1.799
13.502,0,1.799
13.503,0,1.799
13.504,0,1.799
13.505,0,1.799
13.506,0,1.799
13.507,0,1.799
13.508,0,1.799
13.509,0,1.799
13.51,0,1.799
13.511,0,1.799
13.512,0,1.799
13.513,0,1.799
13.514,0,1.799
13.515,0,1.799
13.516,0,1.799
13.517,0,1.799
13.518,0,1.799
13.519,0,1.799
13.52,0,1.799
13.521,0,1.799
13.522,0,1.799
13.523,0,1.799
13.524,0,1.799
13.525,0,1.799
13.526,0,1.799
13.527,0,1.799
13.528,0,1.799
13.529,0,1.799
13.53,0,1.799
13.531,0,1.799
13.532,0,1.799
13.533,0,1.799
13.534,0,1.799
13.535,0,1.799
13.536,0,1.799
13.537,0,1.799
13.538,0,1.799
13.539,0,1.799
13.54,0,1.799
13.541,0,1.799
13.542,0,1.799
13.543,0,1.799
13.544,0,1.799
13.545,0,1.799
13.546,0,1.799
13.547,0,1.799
13.548,0,1.799
13.549,0,1.799
13.55,0,1.799
13.551,0,1.799
13.552,0,1.799
13.553,0,1.799
13.554,0,1.799
13.555,0,1.799
13.556,0,1.799
13.557,0,1.799
13.558,0,1.799
13.559,0,1.799
13.56,0,1.799
13.561,0,1.799
13.562,0,1.799
13.563,0,1.799
13.564,0,1.799
13.565,0,1.799
13.566,0,1.799
13.567,0,1.799
13.568,0,1.799
13.569,0,1.799
13.57,0,1.799
13.571,0,1.799
13.572,0,1.799
13.573,0,1.799
13.574,0,1.799
13.575,0,1.799
13.576,0,1.799
13.577,0,1.799
13.578,0,1.799
13.579,0,1.799
13.58,0,1.799
13.581,0,1.799
13.582,0,1.799
13.583,0,1.799
13.584,0,1.799
13.585,0,1.799
13.586,0,1.799
13.587,0,1.799
13.588,0,1.799
13.589,0,1.799
13.59,0,1.799
13.591,0,1.799
13.592,0,1.799
13.593,0,1.799
13.594,0,1.799
13.595,0,1.799
13.596,0,1.799
13.597,0,1.799
13.598,0,1.799
13.599,0,1.799
13.6,0,1.799
13.601,0,1.799
13.602,0,1.799
13.603,0,1.799
13.604,0,1.799
13.605,0,1.799
13.606,0,1.799
13.607,0,1.799
13.608,0,1.799
13.609,0,1.799
13.61,0,1.799
13.611,0,1.799
13.612,0,1.799
13.613,0,1.799
13.614,0,1.799
13.615,0,1.799
13.616,0,1.799
13.617,0,1.799
13.618,0,1.799
13.619,0,1.799
13.62,0,1.799
13.621,0,1.799
13.622,0,1.799
13.623,0,1.799
13.624,0,1.799
13.625,0,1.799
13.626,0,1.799
13.627,0,1.799
13.628,0,1.799
13.629,0,1.799
13.63,0,1.799
13.631,0,1.799
13.632,0,1.799
13.633,0,1.799
13.634,0,1.799
13.635,0,1.799
13.636,0,1.799
13.637,0,1.799
13.638,0,1.799
13.639,0,1.799
13.64,0,1.799
13.641,0,1.799
13.642,0,1.799
13.643,0,1.799
13.644,0,1.799
13.645,0,1.799
13.646,0,1.799
13.647,0,1.799
13.648,0,1.799
13.649,0,1.799
13.65,0,1.799
13.651,0,1.799
13.652,0,1.799
13.653,0,1.799
13.654,0,1.799
13.655,0,1.799
13.656,0,1.799
13.657,0,1.799
13.658,0,1.799
13.659,0,1.799
13.66,0,1.799
13.661,0,1.799
13.662,0,1.799
13.663,0,1.799
13.664,0,1.799
13.665,0,1.799
13.666,0,1.799
13.667,0,1.799
13.668,0,1.799
13.669,0,1.799
13.67,0,1.799
13.671,0,1.799
13.672,0,1.799
13.673,0,1.799
13.674,0,1.799
13.675,0,1.799
13.676,0,1.799
13.677,0,1.799
13.678,0,1.799
13.679,0,1.799
13.68,0,1.799
13.681,0,1.799
13.682,0,1.799
13.683,0,1.799
13.684,0,1.799
13.685,0,1.799
13.686,0,1.799
13.687,0,1.799
13.688,0,1.799
13.689,0,1.799
13.69,0,1.799
13.691,0,1.799
13.692,0,1.799
13.693,0,1.799
13.694,0,1.799
13.695,0,1.799
13.696,0,1.799
13.697,0,1.799
13.698,0,1.799
13.699,0,1.799
13.7,0,1.799
13.701,0,1.799
13.702,0,1.799
13.703,0,1.799
13.704,0,1.799
13.705,0,1.799
13.706,0,1.799
13.707,0,1.799
13.708,0,1.799
13.709,0,1.799
13.71,0,1.799
13.711,0,1.799
13.712,0,1.799
13.713,0,1.799
13.714,0,1.799
13.715,0,1.799
13.716,0,1.799
13.717,0,1.799
13.718,0,1.799
13.719,0,1.799
13.72,0,1.799
13.721,0,1.799
13.722,0,1.799
13.723,0,1.799
13.724,0,1.799
13.725,0,1.799
13.726,0,1.799
13.727,0,1.799
13.728,0,1.799
13.729,0,1.799
13.73,0,1.799
13.731,0,1.799
13.732,0,1.799
13.733,0,1.799
13.734,0,1.799
13.735,0,1.799
13.736,0,1.799
13.737,0,1.799
13.738,0,1.799
13.739,0,1.799
13.74,0,1.799
13.741,0,1.799
13.742,0,1.799
13.743,0,1.799
13.744,0,1.799
13.745,0,1.799
13.746,0,1.799
13.747,0,1.799
13.748,0,1.799
13.749,0,1.799
13.75,0,1.799
13.751,0,1.799
13.752,0,1.799
13.753,0,1.799
13.754,0,1.799
13.755,0,1.799
13.756,0,1.799
13.757,0,1.799
13.758,0,1.799
13.759,0,1.799
13.76,0,1.799
13.761,0,1.799
13.762,0,1.799
13.763,0,1.799
13.764,0,1.799
13.765,0,1.799
13.766,0,1.799
13.767,0,1.799
13.768,0,1.799
13.769,0,1.799
13.77,0,1.799
13.771,0,1.799
13.772,0,1.799
13.773,0,1.799
13.774,0,1.799
13.775,0,1.799
13.776,0,1.799
13.777,0,1.799
13.778,0,1.799
13.779,0,1.799
13.78,0,1.799
13.781,0,1.799
13.782,0,1.799
13.783,0,1.799
13.784,0,1.799
13.785,0,1.799
13.786,0,1.799
13.787,0,1.799
13.788,0,1.799
13.789,0,1.799
13.79,0,1.799
13.791,0,1.799
13.792,0,1.799
13.793,0,1.799
13.794,0,1.799
13.795,0,1.799
13.796,0,1.799
13.797,0,1.799
13.798,0,1.799
13.799,0,1.799
13.8,0,1.799
13.801,0,1.799
13.802,0,1.799
13.803,0,1.799
13.804,0,1.799
13.805,0,1.799
13.806,0,1.799
13.807,0,1.799
13.808,0,1.799
13.809,0,1.799
13.81,0,1.799
13.811,0,1.799
13.812,0,1.799
13.813,0,1.799
13.814,0,1.799
13.815,0,1.799
13.816,0,1.799
13.817,0,1.799
13.818,0,1.799
13.819,0,1.799
13.82,0,1.799
13.821,0,1.799
13.822,0,1.799
13.823,0,1.799
13.824,0,1.799
13.825,0,1.799
13.826,0,1.799
13.827,0,1.799
13.828,0,1.799
13.829,0,1.799
13.83,0,1.799
13.831,0,1.799
13.832,0,1.799
13.833,0,1.799
13.834,0,1.799
13.835,0,1.799
13.836,0,1.799
13.837,0,1.799
13.838,0,1.799
13.839,0,1.799
13.84,0,1.799
13.841,0,1.799
13.842,0,1.799
13.843,0,1.799
13.844,0,1.799
13.845,0,1.799
13.846,0,1.799
13.847,0,1.799
13.848,0,1.799
13.849,0,1.799
13.85,0,1.799
13.851,0,1.799
13.852,0,1.799
13.853,0,1.799
13.854,0,1.799
13.855,0,1.799
13.856,0,1.799
13.857,0,1.799
13.858,0,1.799
13.859,0,1.799
13.86,0,1.799
13.861,0,1.799
13.862,0,1.799
13.863,0,1.799
13.864,0,1.799
13.865,0,1.799
13.866,0,1.799
13.867,0,1.799
13.868,0,1.799
13.869,0,1.799
13.87,0,1.799
13.871,0,1.799
13.872,0,1.799
13.873,0,1.799
13.874,0,1.799
13.875,0,1.799
13.876,0,1.799
13.877,0,1.799
13.878,0,1.799
13.879,0,1.799
13.88,0,1.799
13.881,0,1.799
13.882,0,1.799
13.883,0,1.799
13.884,0,1.799
13.885,0,1.799
13.886,0,1.799
13.887,0,1.799
13.888,0,1.799
13.889,0,1.799
13.89,0,1.799
13.891,0,1.799
13.892,0,1.799
13.893,0,1.799
13.894,0,1.799
13.895,0,1.799
13.896,0,1.799
13.897,0,1.799
13.898,0,1.799
13.899,0,1.799
13.9,0,1.799
13.901,0,1.799
13.902,0,1.799
13.903,0,1.799
13.904,0,1.799
13.905,0,1.799
13.906,0,1.799
13.907,0,1.799
13.908,0,1.799
13.909,0,1.799
13.91,0,1.799
13.911,0,1.799
13.912,0,1.799
13.913,0,1.799
13.914,0,1.799
13.915,0,1.799
13.916,0,1.799
13.917,0,1.799
13.918,0,1.799
13.919,0,1.799
13.92,0,1.799
13.921,0,1.799
13.922,0,1.799
13.923,0,1.799
13.924,0,1.799
13.925,0,1.799
13.926,0,1.799
13.927,0,1.799
13.928,0,1.799
13.929,0,1.799
13.93,0,1.799
13.931,0,1.799
13.932,0,1.799
13.933,0,1.799
13.934,0,1.799
13.935,0,1.799
13.936,0,1.799
13.937,0,1.799
13.938,0,1.799
13.939,0,1.799
13.94,0,1.799
13.941,0,1.799
13.942,0,1.799
13.943,0,1.799
13.944,0,1.799
13.945,0,1.799
13.946,0,1.799
13.947,0,1.799
13.948,0,1.799
13.949,0,1.799
13.95,0,1.799
13.951,0,1.799
13.952,0,1.799
13.953,0,1.799
13.954,0,1.799
13.955,0,1.799
13.956,0,1.799
13.957,0,1.799
13.958,0,1.799
13.959,0,1.799
13.96,0,1.799
13.961,0,1.799
13.962,0,1.799
13.963,0,1.799
13.964,0,1.799
13.965,0,1.799
13.966,0,1.799
13.967,0,1.799
13.968,0,1.799
13.969,0,1.799
13.97,0,1.799
13.971,0,1.799
13.972,0,1.799
13.973,0,1.799
13.974,0,1.799
13.975,0,1.799
13.976,0,1.799
13.977,0,1.799
13.978,0,1.799
13.979,0,1.799
13.98,0,1.799
13.981,0,1.799
13.982,0,1.799
13.983,0,1.799
13.984,0,1.799
13.985,0,1.799
13.986,0,1.799
13.987,0,1.799
13.988,0,1.799
13.989,0,1.799
13.99,0,1.799
13.991,0,1.799
13.992,0,1.799
13.993,0,1.799
13.994,0,1.799
13.995,0,1.799
13.996,0,1.799
13.997,0,1.799
13.998,0,1.799
13.999,0,1.799
14,-0.2,0.201000000000001
14.001,-0.2,0.201000000000001
14.002,-0.2,0.201000000000001
14.003,-0.2,0.201000000000001
14.004,-0.2,0.201000000000001
14.005,-0.2,0.201000000000001
14.006,-0.2,0.201000000000001
14.007,-0.2,0.201000000000001
14.008,-0.2,0.201000000000001
14.009,-0.2,0.201000000000001
14.01,-0.2,0.201000000000001
14.011,-0.2,0.201000000000001
14.012,-0.2,0.201000000000001
14.013,-0.2,0.201000000000001
14.014,-0.2,0.201000000000001
14.015,-0.2,0.201000000000001
14.016,-0.2,0.201000000000001
14.017,-0.2,0.201000000000001
14.018,-0.2,0.201000000000001
14.019,-0.2,0.201000000000001
14.02,-0.2,0.201000000000001
14.021,-0.2,0.201000000000001
14.022,-0.2,0.201000000000001
14.023,-0.2,0.201000000000001
14.024,-0.2,0.201000000000001
14.025,-0.2,0.201000000000001
14.026,-0.2,0.201000000000001
14.027,-0.2,0.201000000000001
14.028,-0.2,0.201000000000001
14.029,-0.2,0.201000000000001
14.03,-0.2,0.201000000000001
14.031,-0.2,0.201000000000001
14.032,-0.2,0.201000000000001
14.033,-0.2,0.201000000000001
14.034,-0.2,0.201000000000001
14.035,-0.2,0.201000000000001
14.036,-0.2,0.201000000000001
14.037,-0.2,0.201000000000001
14.038,-0.2,0.201000000000001
14.039,-0.2,0.201000000000001
14.04,-0.2,0.201000000000001
14.041,-0.2,0.201000000000001
14.042,-0.2,0.201000000000001
14.043,-0.2,0.201000000000001
14.044,-0.2,0.201000000000001
14.045,-0.2,0.201000000000001
14.046,-0.2,0.201000000000001
14.047,-0.2,0.201000000000001
14.048,-0.2,0.201000000000001
14.049,-0.2,0.201000000000001
14.05,-0.2,0.201000000000001
14.051,-0.2,0.201000000000001
14.052,-0.2,0.201000000000001
14.053,-0.2,0.201000000000001
14.054,-0.2,0.201000000000001
14.055,-0.2,0.201000000000001
14.056,-0.2,0.201000000000001
14.057,-0.2,0.201000000000001
14.058,-0.2,0.201000000000001
14.059,-0.2,0.201000000000001
14.06,-0.2,0.201000000000001
14.061,-0.2,0.201000000000001
14.062,-0.2,0.201000000000001
14.063,-0.2,0.201000000000001
14.064,-0.2,0.201000000000001
14.065,-0.2,0.201000000000001
14.066,-0.2,0.201000000000001
14.067,-0.2,0.201000000000001
14.068,-0.2,0.201000000000001
14.069,-0.2,0.201000000000001
14.07,-0.2,0.201000000000001
14.071,-0.2,0.201000000000001
14.072,-0.2,0.201000000000001
14.073,-0.2,0.201000000000001
14.074,-0.2,0.201000000000001
14.075,-0.2,0.201000000000001
14.076,-0.2,0.201000000000001
14.077,-0.2,0.201000000000001
14.078,-0.2,0.201000000000001
14.079,-0.2,0.201000000000001
14.08,-0.2,0.201000000000001
14.081,-0.2,0.201000000000001
14.082,-0.2,0.201000000000001
14.083,-0.2,0.201000000000001
14.084,-0.2,0.201000000000001
14.085,-0.2,0.201000000000001
14.086,-0.2,0.201000000000001
14.087,-0.2,0.201000000000001
14.088,-0.2,0.201000000000001
14.089,-0.2,0.201000000000001
14.09,-0.2,0.201000000000001
14.091,-0.2,0.201000000000001
14.092,-0.2,0.201000000000001
14.093,-0.2,0.201000000000001
14.094,-0.2,0.201000000000001
14.095,-0.2,0.201000000000001
14.096,-0.2,0.201000000000001
14.097,-0.2,0.201000000000001
14.098,-0.2,0.201000000000001
14.099,-0.2,0.201000000000001
14.1,-0.2,0.201000000000001
14.101,-0.2,0.201000000000001
14.102,-0.2,0.201000000000001
14.103,-0.2,0.201000000000001
14.104,-0.2,0.201000000000001
14.105,-0.2,0.201000000000001
14.106,-0.2,0.201000000000001
14.107,-0.2,0.201000000000001
14.108,-0.2,0.201000000000001
14.109,-0.2,0.201000000000001
14.11,-0.2,0.201000000000001
14.111,-0.2,0.201000000000001
14.112,-0.2,0.201000000000001
14.113,-0.2,0.201000000000001
14.114,-0.2,0.201000000000001
14.115,-0.2,0.201000000000001
14.116,-0.2,0.201000000000001
14.117,-0.2,0.201000000000001
14.118,-0.2,0.201000000000001
14.119,-0.2,0.201000000000001
14.12,-0.2,0.201000000000001
14.121,-0.2,0.201000000000001
14.122,-0.2,0.201000000000001
14.123,-0.2,0.201000000000001
14.124,-0.2,0.201000000000001
14.125,-0.2,0.201000000000001
14.126,-0.2,0.201000000000001
14.127,-0.2,0.201000000000001
14.128,-0.2,0.201000000000001
14.129,-0.2,0.201000000000001
14.13,-0.2,0.201000000000001
14.131,-0.2,0.201000000000001
14.132,-0.2,0.201000000000001
14.133,-0.2,0.201000000000001
14.134,-0.2,0.201000000000001
14.135,-0.2,0.201000000000001
14.136,-0.2,0.201000000000001
14.137,-0.2,0.201000000000001
14.138,-0.2,0.201000000000001
14.139,-0.2,0.201000000000001
14.14,-0.2,0.201000000000001
14.141,-0.2,0.201000000000001
14.142,-0.2,0.201000000000001
14.143,-0.2,0.201000000000001
14.144,-0.2,0.201000000000001
14.145,-0.2,0.201000000000001
14.146,-0.2,0.201000000000001
14.147,-0.2,0.201000000000001
14.148,-0.2,0.201000000000001
14.149,-0.2,0.201000000000001
14.15,-0.2,0.201000000000001
14.151,-0.2,0.201000000000001
14.152,-0.2,0.201000000000001
14.153,-0.2,0.201000000000001
14.154,-0.2,0.201000000000001
14.155,-0.2,0.201000000000001
14.156,-0.2,0.201000000000001
14.157,-0.2,0.201000000000001
14.158,-0.2,0.201000000000001
14.159,-0.2,0.201000000000001
14.16,-0.2,0.201000000000001
14.161,-0.2,0.201000000000001
14.162,-0.2,0.201000000000001
14.163,-0.2,0.201000000000001
14.164,-0.2,0.201000000000001
14.165,-0.2,0.201000000000001
14.166,-0.2,0.201000000000001
14.167,-0.2,0.201000000000001
14.168,-0.2,0.201000000000001
14.169,-0.2,0.201000000000001
14.17,-0.2,0.201000000000001
14.171,-0.2,0.201000000000001
14.172,-0.2,0.201000000000001
14.173,-0.2,0.201000000000001
14.174,-0.2,0.201000000000001
14.175,-0.2,0.201000000000001
14.176,-0.2,0.201000000000001
14.177,-0.2,0.201000000000001
14.178,-0.2,0.201000000000001
14.179,-0.2,0.201000000000001
14.18,-0.2,0.201000000000001
14.181,-0.2,0.201000000000001
14.182,-0.2,0.201000000000001
14.183,-0.2,0.201000000000001
14.184,-0.2,0.201000000000001
14.185,-0.2,0.201000000000001
14.186,-0.2,0.201000000000001
14.187,-0.2,0.201000000000001
14.188,-0.2,0.201000000000001
14.189,-0.2,0.201000000000001
14.19,-0.2,0.201000000000001
14.191,-0.2,0.201000000000001
14.192,-0.2,0.201000000000001
14.193,-0.2,0.201000000000001
14.194,-0.2,0.201000000000001
14.195,-0.2,0.201000000000001
14.196,-0.2,0.201000000000001
14.197,-0.2,0.201000000000001
14.198,-0.2,0.201000000000001
14.199,-0.2,0.201000000000001
14.2,-0.2,0.201000000000001
14.201,0,1.799
14.202,0,1.799
14.203,0,1.799
14.204,0,1.799
14.205,0,1.799
14.206,0,1.799
14.207,0,1.799
14.208,0,1.799
14.209,0,1.799
14.21,0,1.799
14.211,0,1.799
14.212,0,1.799
14.213,0,1.799
14.214,0,1.799
14.215,0,1.799
14.216,0,1.799
14.217,0,1.799
14.218,0,1.799
14.219,0,1.799
14.22,0,1.799
14.221,0,1.799
14.222,0,1.799
14.223,0,1.799
14.224,0,1.799
14.225,0,1.799
14.226,0,1.799
14.227,0,1.799
14.228,0,1.799
14.229,0,1.799
14.23,0,1.799
14.231,0,1.799
14.232,0,1.799
14.233,0,1.799
14.234,0,1.799
14.235,0,1.799
14.236,0,1.799
14.237,0,1.799
14.238,0,1.799
14.239,0,1.799
14.24,0,1.799
14.241,0,1.799
14.242,0,1.799
14.243,0,1.799
14.244,0,1.799
14.245,0,1.799
14.246,0,1.799
14.247,0,1.799
14.248,0,1.799
14.249,0,1.799
14.25,0,1.799
14.251,0,1.799
14.252,0,1.799
14.253,0,1.799
14.254,0,1.799
14.255,0,1.799
14.256,0,1.799
14.257,0,1.799
14.258,0,1.799
14.259,0,1.799
14.26,0,1.799
14.261,0,1.799
14.262,0,1.799
14.263,0,1.799
14.264,0,1.799
14.265,0,1.799
14.266,0,1.799
14.267,0,1.799
14.268,0,1.799
14.269,0,1.799
14.27,0,1.799
14.271,0,1.799
14.272,0,1.799
14.273,0,1.799
14.274,0,1.799
14.275,0,1.799
14.276,0,1.799
14.277,0,1.799
14.278,0,1.799
14.279,0,1.799
14.28,0,1.799
14.281,0,1.799
14.282,0,1.799
14.283,0,1.799
14.284,0,1.799
14.285,0,1.799
14.286,0,1.799
14.287,0,1.799
14.288,0,1.799
14.289,0,1.799
14.29,0,1.799
14.291,0,1.799
14.292,0,1.799
14.293,0,1.799
14.294,0,1.799
14.295,0,1.799
14.296,0,1.799
14.297,0,1.799
14.298,0,1.799
14.299,0,1.799
14.3,0,1.799
14.301,0,1.799
14.302,0,1.799
14.303,0,1.799
14.304,0,1.799
14.305,0,1.799
14.306,0,1.799
14.307,0,1.799
14.308,0,1.799
14.309,0,1.799
14.31,0,1.799
14.311,0,1.799
14.312,0,1.799
14.313,0,1.799
14.314,0,1.799
14.315,0,1.799
14.316,0,1.799
14.317,0,1.799
14.318,0,1.799
14.319,0,1.799
14.32,0,1.799
14.321,0,1.799
14.322,0,1.799
14.323,0,1.799
14.324,0,1.799
14.325,0,1.799
14.326,0,1.799
14.327,0,1.799
14.328,0,1.799
14.329,0,1.799
14.33,0,1.799
14.331,0,1.799
14.332,0,1.799
14.333,0,1.799
14.334,0,1.799
14.335,0,1.799
14.336,0,1.799
14.337,0,1.799
14.338,0,1.799
14.339,0,1.799
14.34,0,1.799
14.341,0,1.799
14.342,0,1.799
14.343,0,1.799
14.344,0,1.799
14.345,0,1.799
14.346,0,1.799
14.347,0,1.799
14.348,0,1.799
14.349,0,1.799
14.35,0,1.799
14.351,0,1.799
14.352,0,1.799
14.353,0,1.799
14.354,0,1.799
14.355,0,1.799
14.356,0,1.799
14.357,0,1.799
14.358,0,1.799
14.359,0,1.799
14.36,0,1.799
14.361,0,1.799
14.362,0,1.799
14.363,0,1.799
14.364,0,1.799
14.365,0,1.799
14.366,0,1.799
14.367,0,1.799
14.368,0,1.799
14.369,0,1.799
14.37,0,1.799
14.371,0,1.799
14.372,0,1.799
14.373,0,1.799
14.374,0,1.799
14.375,0,1.799
14.376,0,1.799
14.377,0,1.799
14.378,0,1.799
14.379,0,1.799
14.38,0,1.799
14.381,0,1.799
14.382,0,1.799
14.383,0,1.799
14.384,0,1.799
14.385,0,1.799
14.386,0,1.799
14.387,0,1.799
14.388,0,1.799
14.389,0,1.799
14.39,0,1.799
14.391,0,1.799
14.392,0,1.799
14.393,0,1.799
14.394,0,1.799
14.395,0,1.799
14.396,0,1.799
14.397,0,1.799
14.398,0,1.799
14.399,0,1.799
14.4,0,1.799
14.401,0,1.799
14.402,0,1.799
14.403,0,1.799
14.404,0,1.799
14.405,0,1.799
14.406,0,1.799
14.407,0,1.799
14.408,0,1.799
14.409,0,1.799
14.41,0,1.799
14.411,0,1.799
14.412,0,1.799
14.413,0,1.799
14.414,0,1.799
14.415,0,1.799
14.416,0,1.799
14.417,0,1.799
14.418,0,1.799
14.419,0,1.799
14.42,0,1.799
14.421,0,1.799
14.422,0,1.799
14.423,0,1.799
14.424,0,1.799
14.425,0,1.799
14.426,0,1.799
14.427,0,1.799
14.428,0,1.799
14.429,0,1.799
14.43,0,1.799
14.431,0,1.799
14.432,0,1.799
14.433,0,1.799
14.434,0,1.799
14.435,0,1.799
14.436,0,1.799
14.437,0,1.799
14.438,0,1.799
14.439,0,1.799
14.44,0,1.799
14.441,0,1.799
14.442,0,1.799
14.443,0,1.799
14.444,0,1.799
14.445,0,1.799
14.446,0,1.799
14.447,0,1.799
14.448,0,1.799
14.449,0,1.799
14.45,0,1.799
14.451,0,1.799
14.452,0,1.799
14.453,0,1.799
14.454,0,1.799
14.455,0,1.799
14.456,0,1.799
14.457,0,1.799
14.458,0,1.799
14.459,0,1.799
14.46,0,1.799
14.461,0,1.799
14.462,0,1.799
14.463,0,1.799
14.464,0,1.799
14.465,0,1.799
14.466,0,1.799
14.467,0,1.799
14.468,0,1.799
14.469,0,1.799
14.47,0,1.799
14.471,0,1.799
14.472,0,1.799
14.473,0,1.799
14.474,0,1.799
14.475,0,1.799
14.476,0,1.799
14.477,0,1.799
14.478,0,1.799
14.479,0,1.799
14.48,0,1.799
14.481,0,1.799
14.482,0,1.799
14.483,0,1.799
14.484,0,1.799
14.485,0,1.799
14.486,0,1.799
14.487,0,1.799
14.488,0,1.799
14.489,0,1.799
14.49,0,1.799
14.491,0,1.799
14.492,0,1.799
14.493,0,1.799
14.494,0,1.799
14.495,0,1.799
14.496,0,1.799
14.497,0,1.799
14.498,0,1.799
14.499,0,1.799
14.5,0,1.799
14.501,0,1.799
14.502,0,1.799
14.503,0,1.799
14.504,0,1.799
14.505,0,1.799
14.506,0,1.799
14.507,0,1.799
14.508,0,1.799
14.509,0,1.799
14.51,0,1.799
14.511,0,1.799
14.512,0,1.799
14.513,0,1.799
14.514,0,1.799
14.515,0,1.799
14.516,0,1.799
14.517,0,1.799
14.518,0,1.799
14.519,0,1.799
14.52,0,1.799
14.521,0,1.799
14.522,0,1.799
14.523,0,1.799
14.524,0,1.799
14.525,0,1.799
14.526,0,1.799
14.527,0,1.799
14.528,0,1.799
14.529,0,1.799
14.53,0,1.799
14.531,0,1.799
14.532,0,1.799
14.533,0,1.799
14.534,0,1.799
14.535,0,1.799
14.536,0,1.799
14.537,0,1.799
14.538,0,1.799
14.539,0,1.799
14.54,0,1.799
14.541,0,1.799
14.542,0,1.799
14.543,0,1.799
14.544,0,1.799
14.545,0,1.799
14.546,0,1.799
14.547,0,1.799
14.548,0,1.799
14.549,0,1.799
14.55,0,1.799
14.551,0,1.799
14.552,0,1.799
14.553,0,1.799
14.554,0,1.799
14.555,0,1.799
14.556,0,1.799
14.557,0,1.799
14.558,0,1.799
14.559,0,1.799
14.56,0,1.799
14.561,0,1.799
14.562,0,1.799
14.563,0,1.799
14.564,0,1.799
14.565,0,1.799
14.566,0,1.799
14.567,0,1.799
14.568,0,1.799
14.569,0,1.799
14.57,0,1.799
14.571,0,1.799
14.572,0,1.799
14.573,0,1.799
14.574,0,1.799
14.575,0,1.799
14.576,0,1.799
14.577,0,1.799
14.578,0,1.799
14.579,0,1.799
14.58,0,1.799
14.581,0,1.799
14.582,0,1.799
14.583,0,1.799
14.584,0,1.799
14.585,0,1.799
14.586,0,1.799
14.587,0,1.799
14.588,0,1.799
14.589,0,1.799
14.59,0,1.799
14.591,0,1.799
14.592,0,1.799
14.593,0,1.799
14.594,0,1.799
14.595,0,1.799
14.596,0,1.799
14.597,0,1.799
14.598,0,1.799
14.599,0,1.799
14.6,0,1.799
14.601,0,1.799
14.602,0,1.799
14.603,0,1.799
14.604,0,1.799
14.605,0,1.799
14.606,0,1.799
14.607,0,1.799
14.608,0,1.799
14.609,0,1.799
14.61,0,1.799
14.611,0,1.799
14.612,0,1.799
14.613,0,1.799
14.614,0,1.799
14.615,0,1.799
14.616,0,1.799
14.617,0,1.799
14.618,0,1.799
14.619,0,1.799
14.62,0,1.799
14.621,0,1.799
14.622,0,1.799
14.623,0,1.799
14.624,0,1.799
14.625,0,1.799
14.626,0,1.799
14.627,0,1.799
14.628,0,1.799
14.629,0,1.799
14.63,0,1.799
14.631,0,1.799
14.632,0,1.799
14.633,0,1.799
14.634,0,1.799
14.635,0,1.799
14.636,0,1.799
14.637,0,1.799
14.638,0,1.799
14.639,0,1.799
14.64,0,1.799
14.641,0,1.799
14.642,0,1.799
14.643,0,1.799
14.644,0,1.799
14.645,0,1.799
14.646,0,1.799
14.647,0,1.799
14.648,0,1.799
14.649,0,1.799
14.65,0,1.799
14.651,0,1.799
14.652,0,1.799
14.653,0,1.799
14.654,0,1.799
14.655,0,1.799
14.656,0,1.799
14.657,0,1.799
14.658,0,1.799
14.659,0,1.799
14.66,0,1.799
14.661,0,1.799
14.662,0,1.799
14.663,0,1.799
14.664,0,1.799
14.665,0,1.799
14.666,0,1.799
14.667,0,1.799
14.668,0,1.799
14.669,0,1.799
14.67,0,1.799
14.671,0,1.799
14.672,0,1.799
14.673,0,1.799
14.674,0,1.799
14.675,0,1.799
14.676,0,1.799
14.677,0,1.799
14.678,0,1.799
14.679,0,1.799
14.68,0,1.799
14.681,0,1.799
14.682,0,1.799
14.683,0,1.799
14.684,0,1.799
14.685,0,1.799
14.686,0,1.799
14.687,0,1.799
14.688,0,1.799
14.689,0,1.799
14.69,0,1.799
14.691,0,1.799
14.692,0,1.799
14.693,0,1.799
14.694,0,1.799
14.695,0,1.799
14.696,0,1.799
14.697,0,1.799
14.698,0,1.799
14.699,0,1.799
14.7,0,1.799
14.701,0,1.799
14.702,0,1.799
14.703,0,1.799
14.704,0,1.799
14.705,0,1.799
14.706,0,1.799
14.707,0,1.799
14.708,0,1.799
14.709,0,1.799
14.71,0,1.799
14.711,0,1.799
14.712,0,1.799
14.713,0,1.799
14.714,0,1.799
14.715,0,1.799
14.716,0,1.799
14.717,0,1.799
14.718,0,1.799
14.719,0,1.799
14.72,0,1.799
14.721,0,1.799
14.722,0,1.799
14.723,0,1.799
14.724,0,1.799
14.725,0,1.799
14.726,0,1.799
14.727,0,1.799
14.728,0,1.799
14.729,0,1.799
14.73,0,1.799
14.731,0,1.799
14.732,0,1.799
14.733,0,1.799
14.734,0,1.799
14.735,0,1.799
14.736,0,1.799
14.737,0,1.799
14.738,0,1.799
14.739,0,1.799
14.74,0,1.799
14.741,0,1.799
14.742,0,1.799
14.743,0,1.799
14.744,0,1.799
14.745,0,1.799
14.746,0,1.799
14.747,0,1.799
14.748,0,1.799
14.749,0,1.799
14.75,0,1.799
14.751,0,1.799
14.752,0,1.799
14.753,0,1.799
14.754,0,1.799
14.755,0,1.799
14.756,0,1.799
14.757,0,1.799
14.758,0,1.799
14.759,0,1.799
14.76,0,1.799
14.761,0,1.799
14.762,0,1.799
14.763,0,1.799
14.764,0,1.799
14.765,0,1.799
14.766,0,1.799
14.767,0,1.799
14.768,0,1.799
14.769,0,1.799
14.77,0,1.799
14.771,0,1.799
14.772,0,1.799
14.773,0,1.799
14.774,0,1.799
14.775,0,1.799
14.776,0,1.799
14.777,0,1.799
14.778,0,1.799
14.779,0,1.799
14.78,0,1.799
14.781,0,1.799
14.782,0,1.799
14.783,0,1.799
14.784,0,1.799
14.785,0,1.799
14.786,0,1.799
14.787,0,1.799
14.788,0,1.799
14.789,0,1.799
14.79,0,1.799
14.791,0,1.799
14.792,0,1.799
14.793,0,1.799
14.794,0,1.799
14.795,0,1.799
14.796,0,1.799
14.797,0,1.799
14.798,0,1.799
14.799,0,1.799
14.8,0,1.799
14.801,0,1.799
14.802,0,1.799
14.803,0,1.799
14.804,0,1.799
14.805,0,1.799
14.806,0,1.799
14.807,0,1.799
14.808,0,1.799
14.809,0,1.799
14.81,0,1.799
14.811,0,1.799
14.812,0,1.799
14.813,0,1.799
14.814,0,1.799
14.815,0,1.799
14.816,0,1.799
14.817,0,1.799
14.818,0,1.799
14.819,0,1.799
14.82,0,1.799
14.821,0,1.799
14.822,0,1.799
14.823,0,1.799
14.824,0,1.799
14.825,0,1.799
14.826,0,1.799
14.827,0,1.799
14.828,0,1.799
14.829,0,1.799
14.83,0,1.799
14.831,0,1.799
14.832,0,1.799
14.833,0,1.799
14.834,0,1.799
14.835,0,1.799
14.836,0,1.799
14.837,0,1.799
14.838,0,1.799
14.839,0,1.799
14.84,0,1.799
14.841,0,1.799
14.842,0,1.799
14.843,0,1.799
14.844,0,1.799
14.845,0,1.799
14.846,0,1.799
14.847,0,1.799
14.848,0,1.799
14.849,0,1.799
14.85,0,1.799
14.851,0,1.799
14.852,0,1.799
14.853,0,1.799
14.854,0,1.799
14.855,0,1.799
14.856,0,1.799
14.857,0,1.799
14.858,0,1.799
14.859,0,1.799
14.86,0,1.799
14.861,0,1.799
14.862,0,1.799
14.863,0,1.799
14.864,0,1.799
14.865,0,1.799
14.866,0,1.799
14.867,0,1.799
14.868,0,1.799
14.869,0,1.799
14.87,0,1.799
14.871,0,1.799
14.872,0,1.799
14.873,0,1.799
14.874,0,1.799
14.875,0,1.799
14.876,0,1.799
14.877,0,1.799
14.878,0,1.799
14.879,0,1.799
14.88,0,1.799
14.881,0,1.799
14.882,0,1.799
14.883,0,1.799
14.884,0,1.799
14.885,0,1.799
14.886,0,1.799
14.887,0,1.799
14.888,0,1.799
14.889,0,1.799
14.89,0,1.799
14.891,0,1.799
14.892,0,1.799
14.893,0,1.799
14.894,0,1.799
14.895,0,1.799
14.896,0,1.799
14.897,0,1.799
14.898,0,1.799
14.899,0,1.799
14.9,0,1.799
14.901,0,1.799
14.902,0,1.799
14.903,0,1.799
14.904,0,1.799
14.905,0,1.799
14.906,0,1.799
14.907,0,1.799
14.908,0,1.799
14.909,0,1.799
14.91,0,1.799
14.911,0,1.799
14.912,0,1.799
14.913,0,1.799
14.914,0,1.799
14.915,0,1.799
14.916,0,1.799
14.917,0,1.799
14.918,0,1.799
14.919,0,1.799
14.92,0,1.799
14.921,0,1.799
14.922,0,1.799
14.923,0,1.799
14.924,0,1.799
14.925,0,1.799
14.926,0,1.799
14.927,0,1.799
14.928,0,1.799
14.929,0,1.799
14.93,0,1.799
14.931,0,1.799
14.932,0,1.799
14.933,0,1.799
14.934,0,1.799
14.935,0,1.799
14.936,0,1.799
14.937,0,1.799
14.938,0,1.799
14.939,0,1.799
14.94,0,1.799
14.941,0,1.799
14.942,0,1.799
14.943,0,1.799
14.944,0,1.799
14.945,0,1.799
14.946,0,1.799
14.947,0,1.799
14.948,0,1.799
14.949,0,1.799
14.95,0,1.799
14.951,0,1.799
14.952,0,1.799
14.953,0,1.799
14.954,0,1.799
14.955,0,1.799
14.956,0,1.799
14.957,0,1.799
14.958,0,1.799
14.959,0,1.799
14.96,0,1.799
14.961,0,1.799
14.962,0,1.799
14.963,0,1.799
14.964,0,1.799
14.965,0,1.799
14.966,0,1.799
14.967,0,1.799
14.968,0,1.799
14.969,0,1.799
14.97,0,1.799
14.971,0,1.799
14.972,0,1.799
14.973,0,1.799
14.974,0,1.799
14.975,0,1.799
14.976,0,1.799
14.977,0,1.799
14.978,0,1.799
14.979,0,1.799
14.98,0,1.799
14.981,0,1.799
14.982,0,1.799
14.983,0,1.799
14.984,0,1.799
14.985,0,1.799
14.986,0,1.799
14.987,0,1.799
14.988,0,1.799
14.989,0,1.799
14.99,0,1.799
14.991,0,1.799
14.992,0,1.799
14.993,0,1.799
14.994,0,1.799
14.995,0,1.799
14.996,0,1.799
14.997,0,1.799
14.998,0,1.799
14.999,0,1.799
15,0,1.799
15.001,0,1.799
15.002,0,1.799
15.003,0,1.799
15.004,0,1.799
15.005,0,1.799
15.006,0,1.799
15.007,0,1.799
15.008,0,1.799
15.009,0,1.799
15.01,0,1.799
15.011,0,1.799
15.012,0,1.799
15.013,0,1.799
15.014,0,1.799
15.015,0,1.799
15.016,0,1.799
15.017,0,1.799
15.018,0,1.799
15.019,0,1.799
15.02,0,1.799
15.021,0,1.799
15.022,0,1.799
15.023,0,1.799
15.024,0,1.799
15.025,0,1.799
15.026,0,1.799
15.027,0,1.799
15.028,0,1.799
15.029,0,1.799
15.03,0,1.799
15.031,0,1.799
15.032,0,1.799
15.033,0,1.799
15.034,0,1.799
15.035,0,1.799
15.036,0,1.799
15.037,0,1.799
15.038,0,1.799
15.039,0,1.799
15.04,0,1.799
15.041,0,1.799
15.042,0,1.799
15.043,0,1.799
15.044,0,1.799
15.045,0,1.799
15.046,0,1.799
15.047,0,1.799
15.048,0,1.799
15.049,0,1.799
15.05,0,1.799
15.051,0,1.799
15.052,0,1.799
15.053,0,1.799
15.054,0,1.799
15.055,0,1.799
15.056,0,1.799
15.057,0,1.799
15.058,0,1.799
15.059,0,1.799
15.06,0,1.799
15.061,0,1.799
15.062,0,1.799
15.063,0,1.799
15.064,0,1.799
15.065,0,1.799
15.066,0,1.799
15.067,0,1.799
15.068,0,1.799
15.069,0,1.799
15.07,0,1.799
15.071,0,1.799
15.072,0,1.799
15.073,0,1.799
15.074,0,1.799
15.075,0,1.799
15.076,0,1.799
15.077,0,1.799
15.078,0,1.799
15.079,0,1.799
15.08,0,1.799
15.081,0,1.799
15.082,0,1.799
15.083,0,1.799
15.084,0,1.799
15.085,0,1.799
15.086,0,1.799
15.087,0,1.799
15.088,0,1.799
15.089,0,1.799
15.09,0,1.799
15.091,0,1.799
15.092,0,1.799
15.093,0,1.799
15.094,0,1.799
15.095,0,1.799
15.096,0,1.799
15.097,0,1.799
15.098,0,1.799
15.099,0,1.799
15.1,0,1.799
15.101,0,1.799
15.102,0,1.799
15.103,0,1.799
15.104,0,1.799
15.105,0,1.799
15.106,0,1.799
15.107,0,1.799
15.108,0,1.799
15.109,0,1.799
15.11,0,1.799
15.111,0,1.799
15.112,0,1.799
15.113,0,1.799
15.114,0,1.799
15.115,0,1.799
15.116,0,1.799
15.117,0,1.799
15.118,0,1.799
15.119,0,1.799
15.12,0,1.799
15.121,0,1.799
15.122,0,1.799
15.123,0,1.799
15.124,0,1.799
15.125,0,1.799
15.126,0,1.799
15.127,0,1.799
15.128,0,1.799
15.129,0,1.799
15.13,0,1.799
15.131,0,1.799
15.132,0,1.799
15.133,0,1.799
15.134,0,1.799
15.135,0,1.799
15.136,0,1.799
15.137,0,1.799
15.138,0,1.799
15.139,0,1.799
15.14,0,1.799
15.141,0,1.799
15.142,0,1.799
15.143,0,1.799
15.144,0,1.799
15.145,0,1.799
15.146,0,1.799
15.147,0,1.799
15.148,0,1.799
15.149,0,1.799
15.15,0,1.799
15.151,0,1.799
15.152,0,1.799
15.153,0,1.799
15.154,0,1.799
15.155,0,1.799
15.156,0,1.799
15.157,0,1.799
15.158,0,1.799
15.159,0,1.799
15.16,0,1.799
15.161,0,1.799
15.162,0,1.799
15.163,0,1.799
15.164,0,1.799
15.165,0,1.799
15.166,0,1.799
15.167,0,1.799
15.168,0,1.799
15.169,0,1.799
15.17,0,1.799
15.171,0,1.799
15.172,0,1.799
15.173,0,1.799
15.174,0,1.799
15.175,0,1.799
15.176,0,1.799
15.177,0,1.799
15.178,0,1.799
15.179,0,1.799
15.18,0,1.799
15.181,0,1.799
15.182,0,1.799
15.183,0,1.799
15.184,0,1.799
15.185,0,1.799
15.186,0,1.799
15.187,0,1.799
15.188,0,1.799
15.189,0,1.799
15.19,0,1.799
15.191,0,1.799
15.192,0,1.799
15.193,0,1.799
15.194,0,1.799
15.195,0,1.799
15.196,0,1.799
15.197,0,1.799
15.198,0,1.799
15.199,0,1.799
15.2,0,1.799
15.201,0,1.799
15.202,0,1.799
15.203,0,1.799
15.204,0,1.799
15.205,0,1.799
15.206,0,1.799
15.207,0,1.799
15.208,0,1.799
15.209,0,1.799
15.21,0,1.799
15.211,0,1.799
15.212,0,1.799
15.213,0,1.799
15.214,0,1.799
15.215,0,1.799
15.216,0,1.799
15.217,0,1.799
15.218,0,1.799
15.219,0,1.799
15.22,0,1.799
15.221,0,1.799
15.222,0,1.799
15.223,0,1.799
15.224,0,1.799
15.225,0,1.799
15.226,0,1.799
15.227,0,1.799
15.228,0,1.799
15.229,0,1.799
15.23,0,1.799
15.231,0,1.799
15.232,0,1.799
15.233,0,1.799
15.234,0,1.799
15.235,0,1.799
15.236,0,1.799
15.237,0,1.799
15.238,0,1.799
15.239,0,1.799
15.24,0,1.799
15.241,0,1.799
15.242,0,1.799
15.243,0,1.799
15.244,0,1.799
15.245,0,1.799
15.246,0,1.799
15.247,0,1.799
15.248,0,1.799
15.249,0,1.799
15.25,0,1.799
15.251,0,1.799
15.252,0,1.799
15.253,0,1.799
15.254,0,1.799
15.255,0,1.799
15.256,0,1.799
15.257,0,1.799
15.258,0,1.799
15.259,0,1.799
15.26,0,1.799
15.261,0,1.799
15.262,0,1.799
15.263,0,1.799
15.264,0,1.799
15.265,0,1.799
15.266,0,1.799
15.267,0,1.799
15.268,0,1.799
15.269,0,1.799
15.27,0,1.799
15.271,0,1.799
15.272,0,1.799
15.273,0,1.799
15.274,0,1.799
15.275,0,1.799
15.276,0,1.799
15.277,0,1.799
15.278,0,1.799
15.279,0,1.799
15.28,0,1.799
15.281,0,1.799
15.282,0,1.799
15.283,0,1.799
15.284,0,1.799
15.285,0,1.799
15.286,0,1.799
15.287,0,1.799
15.288,0,1.799
15.289,0,1.799
15.29,0,1.799
15.291,0,1.799
15.292,0,1.799
15.293,0,1.799
15.294,0,1.799
15.295,0,1.799
15.296,0,1.799
15.297,0,1.799
15.298,0,1.799
15.299,0,1.799
15.3,0,1.799
15.301,0,1.799
15.302,0,1.799
15.303,0,1.799
15.304,0,1.799
15.305,0,1.799
15.306,0,1.799
15.307,0,1.799
15.308,0,1.799
15.309,0,1.799
15.31,0,1.799
15.311,0,1.799
15.312,0,1.799
15.313,0,1.799
15.314,0,1.799
15.315,0,1.799
15.316,0,1.799
15.317,0,1.799
15.318,0,1.799
15.319,0,1.799
15.32,0,1.799
15.321,0,1.799
15.322,0,1.799
15.323,0,1.799
15.324,0,1.799
15.325,0,1.799
15.326,0,1.799
15.327,0,1.799
15.328,0,1.799
15.329,0,1.799
15.33,0,1.799
15.331,0,1.799
15.332,0,1.799
15.333,0,1.799
15.334,0,1.799
15.335,0,1.799
15.336,0,1.799
15.337,0,1.799
15.338,0,1.799
15.339,0,1.799
15.34,0,1.799
15.341,0,1.799
15.342,0,1.799
15.343,0,1.799
15.344,0,1.799
15.345,0,1.799
15.346,0,1.799
15.347,0,1.799
15.348,0,1.799
15.349,0,1.799
15.35,0,1.799
15.351,0,1.799
15.352,0,1.799
15.353,0,1.799
15.354,0,1.799
15.355,0,1.799
15.356,0,1.799
15.357,0,1.799
15.358,0,1.799
15.359,0,1.799
15.36,0,1.799
15.361,0,1.799
15.362,0,1.799
15.363,0,1.799
15.364,0,1.799
15.365,0,1.799
15.366,0,1.799
15.367,0,1.799
15.368,0,1.799
15.369,0,1.799
15.37,0,1.799
15.371,0,1.799
15.372,0,1.799
15.373,0,1.799
15.374,0,1.799
15.375,0,1.799
15.376,0,1.799
15.377,0,1.799
15.378,0,1.799
15.379,0,1.799
15.38,0,1.799
15.381,0,1.799
15.382,0,1.799
15.383,0,1.799
15.384,0,1.799
15.385,0,1.799
15.386,0,1.799
15.387,0,1.799
15.388,0,1.799
15.389,0,1.799
15.39,0,1.799
15.391,0,1.799
15.392,0,1.799
15.393,0,1.799
15.394,0,1.799
15.395,0,1.799
15.396,0,1.799
15.397,0,1.799
15.398,0,1.799
15.399,0,1.799
15.4,0,1.799
15.401,0,1.799
15.402,0,1.799
15.403,0,1.799
15.404,0,1.799
15.405,0,1.799
15.406,0,1.799
15.407,0,1.799
15.408,0,1.799
15.409,0,1.799
15.41,0,1.799
15.411,0,1.799
15.412,0,1.799
15.413,0,1.799
15.414,0,1.799
15.415,0,1.799
15.416,0,1.799
15.417,0,1.799
15.418,0,1.799
15.419,0,1.799
15.42,0,1.799
15.421,0,1.799
15.422,0,1.799
15.423,0,1.799
15.424,0,1.799
15.425,0,1.799
15.426,0,1.799
15.427,0,1.799
15.428,0,1.799
15.429,0,1.799
15.43,0,1.799
15.431,0,1.799
15.432,0,1.799
15.433,0,1.799
15.434,0,1.799
15.435,0,1.799
15.436,0,1.799
15.437,0,1.799
15.438,0,1.799
15.439,0,1.799
15.44,0,1.799
15.441,0,1.799
15.442,0,1.799
15.443,0,1.799
15.444,0,1.799
15.445,0,1.799
15.446,0,1.799
15.447,0,1.799
15.448,0,1.799
15.449,0,1.799
15.45,0,1.799
15.451,0,1.799
15.452,0,1.799
15.453,0,1.799
15.454,0,1.799
15.455,0,1.799
15.456,0,1.799
15.457,0,1.799
15.458,0,1.799
15.459,0,1.799
15.46,0,1.799
15.461,0,1.799
15.462,0,1.799
15.463,0,1.799
15.464,0,1.799
15.465,0,1.799
15.466,0,1.799
15.467,0,1.799
15.468,0,1.799
15.469,0,1.799
15.47,0,1.799
15.471,0,1.799
15.472,0,1.799
15.473,0,1.799
15.474,0,1.799
15.475,0,1.799
15.476,0,1.799
15.477,0,1.799
15.478,0,1.799
15.479,0,1.799
15.48,0,1.799
15.481,0,1.799
15.482,0,1.799
15.483,0,1.799
15.484,0,1.799
15.485,0,1.799
15.486,0,1.799
15.487,0,1.799
15.488,0,1.799
15.489,0,1.799
15.49,0,1.799
15.491,0,1.799
15.492,0,1.799
15.493,0,1.799
15.494,0,1.799
15.495,0,1.799
15.496,0,1.799
15.497,0,1.799
15.498,0,1.799
15.499,0,1.799
15.5,0,1.799
15.501,0,1.799
15.502,0,1.799
15.503,0,1.799
15.504,0,1.799
15.505,0,1.799
15.506,0,1.799
15.507,0,1.799
15.508,0,1.799
15.509,0,1.799
15.51,0,1.799
15.511,0,1.799
15.512,0,1.799
15.513,0,1.799
15.514,0,1.799
15.515,0,1.799
15.516,0,1.799
15.517,0,1.799
15.518,0,1.799
15.519,0,1.799
15.52,0,1.799
15.521,0,1.799
15.522,0,1.799
15.523,0,1.799
15.524,0,1.799
15.525,0,1.799
15.526,0,1.799
15.527,0,1.799
15.528,0,1.799
15.529,0,1.799
15.53,0,1.799
15.531,0,1.799
15.532,0,1.799
15.533,0,1.799
15.534,0,1.799
15.535,0,1.799
15.536,0,1.799
15.537,0,1.799
15.538,0,1.799
15.539,0,1.799
15.54,0,1.799
15.541,0,1.799
15.542,0,1.799
15.543,0,1.799
15.544,0,1.799
15.545,0,1.799
15.546,0,1.799
15.547,0,1.799
15.548,0,1.799
15.549,0,1.799
15.55,0,1.799
15.551,0,1.799
15.552,0,1.799
15.553,0,1.799
15.554,0,1.799
15.555,0,1.799
15.556,0,1.799
15.557,0,1.799
15.558,0,1.799
15.559,0,1.799
15.56,0,1.799
15.561,0,1.799
15.562,0,1.799
15.563,0,1.799
15.564,0,1.799
15.565,0,1.799
15.566,0,1.799
15.567,0,1.799
15.568,0,1.799
15.569,0,1.799
15.57,0,1.799
15.571,0,1.799
15.572,0,1.799
15.573,0,1.799
15.574,0,1.799
15.575,0,1.799
15.576,0,1.799
15.577,0,1.799
15.578,0,1.799
15.579,0,1.799
15.58,0,1.799
15.581,0,1.799
15.582,0,1.799
15.583,0,1.799
15.584,0,1.799
15.585,0,1.799
15.586,0,1.799
15.587,0,1.799
15.588,0,1.799
15.589,0,1.799
15.59,0,1.799
15.591,0,1.799
15.592,0,1.799
15.593,0,1.799
15.594,0,1.799
15.595,0,1.799
15.596,0,1.799
15.597,0,1.799
15.598,0,1.799
15.599,0,1.799
15.6,0,1.799
15.601,0,1.799
15.602,0,1.799
15.603,0,1.799
15.604,0,1.799
15.605,0,1.799
15.606,0,1.799
15.607,0,1.799
15.608,0,1.799
15.609,0,1.799
15.61,0,1.799
15.611,0,1.799
15.612,0,1.799
15.613,0,1.799
15.614,0,1.799
15.615,0,1.799
15.616,0,1.799
15.617,0,1.799
15.618,0,1.799
15.619,0,1.799
15.62,0,1.799
15.621,0,1.799
15.622,0,1.799
15.623,0,1.799
15.624,0,1.799
15.625,0,1.799
15.626,0,1.799
15.627,0,1.799
15.628,0,1.799
15.629,0,1.799
15.63,0,1.799
15.631,0,1.799
15.632,0,1.799
15.633,0,1.799
15.634,0,1.799
15.635,0,1.799
15.636,0,1.799
15.637,0,1.799
15.638,0,1.799
15.639,0,1.799
15.64,0,1.799
15.641,0,1.799
15.642,0,1.799
15.643,0,1.799
15.644,0,1.799
15.645,0,1.799
15.646,0,1.799
15.647,0,1.799
15.648,0,1.799
15.649,0,1.799
15.65,0,1.799
15.651,0,1.799
15.652,0,1.799
15.653,0,1.799
15.654,0,1.799
15.655,0,1.799
15.656,0,1.799
15.657,0,1.799
15.658,0,1.799
15.659,0,1.799
15.66,0,1.799
15.661,0,1.799
15.662,0,1.799
15.663,0,1.799
15.664,0,1.799
15.665,0,1.799
15.666,0,1.799
15.667,0,1.799
15.668,0,1.799
15.669,0,1.799
15.67,0,1.799
15.671,0,1.799
15.672,0,1.799
15.673,0,1.799
15.674,0,1.799
15.675,0,1.799
15.676,0,1.799
15.677,0,1.799
15.678,0,1.799
15.679,0,1.799
15.68,0,1.799
15.681,0,1.799
15.682,0,1.799
15.683,0,1.799
15.684,0,1.799
15.685,0,1.799
15.686,0,1.799
15.687,0,1.799
15.688,0,1.799
15.689,0,1.799
15.69,0,1.799
15.691,0,1.799
15.692,0,1.799
15.693,0,1.799
15.694,0,1.799
15.695,0,1.799
15.696,0,1.799
15.697,0,1.799
15.698,0,1.799
15.699,0,1.799
15.7,0,1.799
15.701,0,1.799
15.702,0,1.799
15.703,0,1.799
15.704,0,1.799
15.705,0,1.799
15.706,0,1.799
15.707,0,1.799
15.708,0,1.799
15.709,0,1.799
15.71,0,1.799
15.711,0,1.799
15.712,0,1.799
15.713,0,1.799
15.714,0,1.799
15.715,0,1.799
15.716,0,1.799
15.717,0,1.799
15.718,0,1.799
15.719,0,1.799
15.72,0,1.799
15.721,0,1.799
15.722,0,1.799
15.723,0,1.799
15.724,0,1.799
15.725,0,1.799
15.726,0,1.799
15.727,0,1.799
15.728,0,1.799
15.729,0,1.799
15.73,0,1.799
15.731,0,1.799
15.732,0,1.799
15.733,0,1.799
15.734,0,1.799
15.735,0,1.799
15.736,0,1.799
15.737,0,1.799
15.738,0,1.799
15.739,0,1.799
15.74,0,1.799
15.741,0,1.799
15.742,0,1.799
15.743,0,1.799
15.744,0,1.799
15.745,0,1.799
15.746,0,1.799
15.747,0,1.799
15.748,0,1.799
15.749,0,1.799
15.75,0,1.799
15.751,0,1.799
15.752,0,1.799
15.753,0,1.799
15.754,0,1.799
15.755,0,1.799
15.756,0,1.799
15.757,0,1.799
15.758,0,1.799
15.759,0,1.799
15.76,0,1.799
15.761,0,1.799
15.762,0,1.799
15.763,0,1.799
15.764,0,1.799
15.765,0,1.799
15.766,0,1.799
15.767,0,1.799
15.768,0,1.799
15.769,0,1.799
15.77,0,1.799
15.771,0,1.799
15.772,0,1.799
15.773,0,1.799
15.774,0,1.799
15.775,0,1.799
15.776,0,1.799
15.777,0,1.799
15.778,0,1.799
15.779,0,1.799
15.78,0,1.799
15.781,0,1.799
15.782,0,1.799
15.783,0,1.799
15.784,0,1.799
15.785,0,1.799
15.786,0,1.799
15.787,0,1.799
15.788,0,1.799
15.789,0,1.799
15.79,0,1.799
15.791,0,1.799
15.792,0,1.799
15.793,0,1.799
15.794,0,1.799
15.795,0,1.799
15.796,0,1.799
15.797,0,1.799
15.798,0,1.799
15.799,0,1.799
15.8,0,1.799
15.801,0,1.799
15.802,0,1.799
15.803,0,1.799
15.804,0,1.799
15.805,0,1.799
15.806,0,1.799
15.807,0,1.799
15.808,0,1.799
15.809,0,1.799
15.81,0,1.799
15.811,0,1.799
15.812,0,1.799
15.813,0,1.799
15.814,0,1.799
15.815,0,1.799
15.816,0,1.799
15.817,0,1.799
15.818,0,1.799
15.819,0,1.799
15.82,0,1.799
15.821,0,1.799
15.822,0,1.799
15.823,0,1.799
15.824,0,1.799
15.825,0,1.799
15.826,0,1.799
15.827,0,1.799
15.828,0,1.799
15.829,0,1.799
15.83,0,1.799
15.831,0,1.799
15.832,0,1.799
15.833,0,1.799
15.834,0,1.799
15.835,0,1.799
15.836,0,1.799
15.837,0,1.799
15.838,0,1.799
15.839,0,1.799
15.84,0,1.799
15.841,0,1.799
15.842,0,1.799
15.843,0,1.799
15.844,0,1.799
15.845,0,1.799
15.846,0,1.799
15.847,0,1.799
15.848,0,1.799
15.849,0,1.799
15.85,0,1.799
15.851,0,1.799
15.852,0,1.799
15.853,0,1.799
15.854,0,1.799
15.855,0,1.799
15.856,0,1.799
15.857,0,1.799
15.858,0,1.799
15.859,0,1.799
15.86,0,1.799
15.861,0,1.799
15.862,0,1.799
15.863,0,1.799
15.864,0,1.799
15.865,0,1.799
15.866,0,1.799
15.867,0,1.799
15.868,0,1.799
15.869,0,1.799
15.87,0,1.799
15.871,0,1.799
15.872,0,1.799
15.873,0,1.799
15.874,0,1.799
15.875,0,1.799
15.876,0,1.799
15.877,0,1.799
15.878,0,1.799
15.879,0,1.799
15.88,0,1.799
15.881,0,1.799
15.882,0,1.799
15.883,0,1.799
15.884,0,1.799
15.885,0,1.799
15.886,0,1.799
15.887,0,1.799
15.888,0,1.799
15.889,0,1.799
15.89,0,1.799
15.891,0,1.799
15.892,0,1.799
15.893,0,1.799
15.894,0,1.799
15.895,0,1.799
15.896,0,1.799
15.897,0,1.799
15.898,0,1.799
15.899,0,1.799
15.9,0,1.799
15.901,0,1.799
15.902,0,1.799
15.903,0,1.799
15.904,0,1.799
15.905,0,1.799
15.906,0,1.799
15.907,0,1.799
15.908,0,1.799
15.909,0,1.799
15.91,0,1.799
15.911,0,1.799
15.912,0,1.799
15.913,0,1.799
15.914,0,1.799
15.915,0,1.799
15.916,0,1.799
15.917,0,1.799
15.918,0,1.799
15.919,0,1.799
15.92,0,1.799
15.921,0,1.799
15.922,0,1.799
15.923,0,1.799
15.924,0,1.799
15.925,0,1.799
15.926,0,1.799
15.927,0,1.799
15.928,0,1.799
15.929,0,1.799
15.93,0,1.799
15.931,0,1.799
15.932,0,1.799
15.933,0,1.799
15.934,0,1.799
15.935,0,1.799
15.936,0,1.799
15.937,0,1.799
15.938,0,1.799
15.939,0,1.799
15.94,0,1.799
15.941,0,1.799
15.942,0,1.799
15.943,0,1.799
15.944,0,1.799
15.945,0,1.799
15.946,0,1.799
15.947,0,1.799
15.948,0,1.799
15.949,0,1.799
15.95,0,1.799
15.951,0,1.799
15.952,0,1.799
15.953,0,1.799
15.954,0,1.799
15.955,0,1.799
15.956,0,1.799
15.957,0,1.799
15.958,0,1.799
15.959,0,1.799
15.96,0,1.799
15.961,0,1.799
15.962,0,1.799
15.963,0,1.799
15.964,0,1.799
15.965,0,1.799
15.966,0,1.799
15.967,0,1.799
15.968,0,1.799
15.969,0,1.799
15.97,0,1.799
15.971,0,1.799
15.972,0,1.799
15.973,0,1.799
15.974,0,1.799
15.975,0,1.799
15.976,0,1.799
15.977,0,1.799
15.978,0,1.799
15.979,0,1.799
15.98,0,1.799
15.981,0,1.799
15.982,0,1.799
15.983,0,1.799
15.984,0,1.799
15.985,0,1.799
15.986,0,1.799
15.987,0,1.799
15.988,0,1.799
15.989,0,1.799
15.99,0,1.799
15.991,0,1.799
15.992,0,1.799
15.993,0,1.799
15.994,0,1.799
15.995,0,1.799
15.996,0,1.799
15.997,0,1.799
15.998,0,1.799
15.999,0,1.799
16,-0.2,0.201000000000001
16.001,-0.2,0.201000000000001
16.002,-0.2,0.201000000000001
16.003,-0.2,0.201000000000001
16.004,-0.2,0.201000000000001
16.005,-0.2,0.201000000000001
16.006,-0.2,0.201000000000001
16.007,-0.2,0.201000000000001
16.008,-0.2,0.201000000000001
16.009,-0.2,0.201000000000001
16.01,-0.2,0.201000000000001
16.011,-0.2,0.201000000000001
16.012,-0.2,0.201000000000001
16.013,-0.2,0.201000000000001
16.014,-0.2,0.201000000000001
16.015,-0.2,0.201000000000001
16.016,-0.2,0.201000000000001
16.017,-0.2,0.201000000000001
16.018,-0.2,0.201000000000001
16.019,-0.2,0.201000000000001
16.02,-0.2,0.201000000000001
16.021,-0.2,0.201000000000001
16.022,-0.2,0.201000000000001
16.023,-0.2,0.201000000000001
16.024,-0.2,0.201000000000001
16.025,-0.2,0.201000000000001
16.026,-0.2,0.201000000000001
16.027,-0.2,0.201000000000001
16.028,-0.2,0.201000000000001
16.029,-0.2,0.201000000000001
16.03,-0.2,0.201000000000001
16.031,-0.2,0.201000000000001
16.032,-0.2,0.201000000000001
16.033,-0.2,0.201000000000001
16.034,-0.2,0.201000000000001
16.035,-0.2,0.201000000000001
16.036,-0.2,0.201000000000001
16.037,-0.2,0.201000000000001
16.038,-0.2,0.201000000000001
16.039,-0.2,0.201000000000001
16.04,-0.2,0.201000000000001
16.041,-0.2,0.201000000000001
16.042,-0.2,0.201000000000001
16.043,-0.2,0.201000000000001
16.044,-0.2,0.201000000000001
16.045,-0.2,0.201000000000001
16.046,-0.2,0.201000000000001
16.047,-0.2,0.201000000000001
16.048,-0.2,0.201000000000001
16.049,-0.2,0.201000000000001
16.05,-0.2,0.201000000000001
16.051,-0.2,0.201000000000001
16.052,-0.2,0.201000000000001
16.053,-0.2,0.201000000000001
16.054,-0.2,0.201000000000001
16.055,-0.2,0.201000000000001
16.056,-0.2,0.201000000000001
16.057,-0.2,0.201000000000001
16.058,-0.2,0.201000000000001
16.059,-0.2,0.201000000000001
16.06,-0.2,0.201000000000001
16.061,-0.2,0.201000000000001
16.062,-0.2,0.201000000000001
16.063,-0.2,0.201000000000001
16.064,-0.2,0.201000000000001
16.065,-0.2,0.201000000000001
16.066,-0.2,0.201000000000001
16.067,-0.2,0.201000000000001
16.068,-0.2,0.201000000000001
16.069,-0.2,0.201000000000001
16.07,-0.2,0.201000000000001
16.071,-0.2,0.201000000000001
16.072,-0.2,0.201000000000001
16.073,-0.2,0.201000000000001
16.074,-0.2,0.201000000000001
16.075,-0.2,0.201000000000001
16.076,-0.2,0.201000000000001
16.077,-0.2,0.201000000000001
16.078,-0.2,0.201000000000001
16.079,-0.2,0.201000000000001
16.08,-0.2,0.201000000000001
16.081,-0.2,0.201000000000001
16.082,-0.2,0.201000000000001
16.083,-0.2,0.201000000000001
16.084,-0.2,0.201000000000001
16.085,-0.2,0.201000000000001
16.086,-0.2,0.201000000000001
16.087,-0.2,0.201000000000001
16.088,-0.2,0.201000000000001
16.089,-0.2,0.201000000000001
16.09,-0.2,0.201000000000001
16.091,-0.2,0.201000000000001
16.092,-0.2,0.201000000000001
16.093,-0.2,0.201000000000001
16.094,-0.2,0.201000000000001
16.095,-0.2,0.201000000000001
16.096,-0.2,0.201000000000001
16.097,-0.2,0.201000000000001
16.098,-0.2,0.201000000000001
16.099,-0.2,0.201000000000001
16.1,-0.2,0.201000000000001
16.101,-0.2,0.201000000000001
16.102,-0.2,0.201000000000001
16.103,-0.2,0.201000000000001
16.104,-0.2,0.201000000000001
16.105,-0.2,0.201000000000001
16.106,-0.2,0.201000000000001
16.107,-0.2,0.201000000000001
16.108,-0.2,0.201000000000001
16.109,-0.2,0.201000000000001
16.11,-0.2,0.201000000000001
16.111,-0.2,0.201000000000001
16.112,-0.2,0.201000000000001
16.113,-0.2,0.201000000000001
16.114,-0.2,0.201000000000001
16.115,-0.2,0.201000000000001
16.116,-0.2,0.201000000000001
16.117,-0.2,0.201000000000001
16.118,-0.2,0.201000000000001
16.119,-0.2,0.201000000000001
16.12,-0.2,0.201000000000001
16.121,-0.2,0.201000000000001
16.122,-0.2,0.201000000000001
16.123,-0.2,0.201000000000001
16.124,-0.2,0.201000000000001
16.125,-0.2,0.201000000000001
16.126,-0.2,0.201000000000001
16.127,-0.2,0.201000000000001
16.128,-0.2,0.201000000000001
16.129,-0.2,0.201000000000001
16.13,-0.2,0.201000000000001
16.131,-0.2,0.201000000000001
16.132,-0.2,0.201000000000001
16.133,-0.2,0.201000000000001
16.134,-0.2,0.201000000000001
16.135,-0.2,0.201000000000001
16.136,-0.2,0.201000000000001
16.137,-0.2,0.201000000000001
16.138,-0.2,0.201000000000001
16.139,-0.2,0.201000000000001
16.14,-0.2,0.201000000000001
16.141,-0.2,0.201000000000001
16.142,-0.2,0.201000000000001
16.143,-0.2,0.201000000000001
16.144,-0.2,0.201000000000001
16.145,-0.2,0.201000000000001
16.146,-0.2,0.201000000000001
16.147,-0.2,0.201000000000001
16.148,-0.2,0.201000000000001
16.149,-0.2,0.201000000000001
16.15,-0.2,0.201000000000001
16.151,-0.2,0.201000000000001
16.152,-0.2,0.201000000000001
16.153,-0.2,0.201000000000001
16.154,-0.2,0.201000000000001
16.155,-0.2,0.201000000000001
16.156,-0.2,0.201000000000001
16.157,-0.2,0.201000000000001
16.158,-0.2,0.201000000000001
16.159,-0.2,0.201000000000001
16.16,-0.2,0.201000000000001
16.161,-0.2,0.201000000000001
16.162,-0.2,0.201000000000001
16.163,-0.2,0.201000000000001
16.164,-0.2,0.201000000000001
16.165,-0.2,0.201000000000001
16.166,-0.2,0.201000000000001
16.167,-0.2,0.201000000000001
16.168,-0.2,0.201000000000001
16.169,-0.2,0.201000000000001
16.17,-0.2,0.201000000000001
16.171,-0.2,0.201000000000001
16.172,-0.2,0.201000000000001
16.173,-0.2,0.201000000000001
16.174,-0.2,0.201000000000001
16.175,-0.2,0.201000000000001
16.176,-0.2,0.201000000000001
16.177,-0.2,0.201000000000001
16.178,-0.2,0.201000000000001
16.179,-0.2,0.201000000000001
16.18,-0.2,0.201000000000001
16.181,-0.2,0.201000000000001
16.182,-0.2,0.201000000000001
16.183,-0.2,0.201000000000001
16.184,-0.2,0.201000000000001
16.185,-0.2,0.201000000000001
16.186,-0.2,0.201000000000001
16.187,-0.2,0.201000000000001
16.188,-0.2,0.201000000000001
16.189,-0.2,0.201000000000001
16.19,-0.2,0.201000000000001
16.191,-0.2,0.201000000000001
16.192,-0.2,0.201000000000001
16.193,-0.2,0.201000000000001
16.194,-0.2,0.201000000000001
16.195,-0.2,0.201000000000001
16.196,-0.2,0.201000000000001
16.197,-0.2,0.201000000000001
16.198,-0.2,0.201000000000001
16.199,-0.2,0.201000000000001
16.2,-0.2,0.201000000000001
16.201,0,1.799
16.202,0,1.799
16.203,0,1.799
16.204,0,1.799
16.205,0,1.799
16.206,0,1.799
16.207,0,1.799
16.208,0,1.799
16.209,0,1.799
16.21,0,1.799
16.211,0,1.799
16.212,0,1.799
16.213,0,1.799
16.214,0,1.799
16.215,0,1.799
16.216,0,1.799
16.217,0,1.799
16.218,0,1.799
16.219,0,1.799
16.22,0,1.799
16.221,0,1.799
16.222,0,1.799
16.223,0,1.799
16.224,0,1.799
16.225,0,1.799
16.226,0,1.799
16.227,0,1.799
16.228,0,1.799
16.229,0,1.799
16.23,0,1.799
16.231,0,1.799
16.232,0,1.799
16.233,0,1.799
16.234,0,1.799
16.235,0,1.799
16.236,0,1.799
16.237,0,1.799
16.238,0,1.799
16.239,0,1.799
16.24,0,1.799
16.241,0,1.799
16.242,0,1.799
16.243,0,1.799
16.244,0,1.799
16.245,0,1.799
16.246,0,1.799
16.247,0,1.799
16.248,0,1.799
16.249,0,1.799
16.25,0,1.799
16.251,0,1.799
16.252,0,1.799
16.253,0,1.799
16.254,0,1.799
16.255,0,1.799
16.256,0,1.799
16.257,0,1.799
16.258,0,1.799
16.259,0,1.799
16.26,0,1.799
16.261,0,1.799
16.262,0,1.799
16.263,0,1.799
16.264,0,1.799
16.265,0,1.799
16.266,0,1.799
16.267,0,1.799
16.268,0,1.799
16.269,0,1.799
16.27,0,1.799
16.271,0,1.799
16.272,0,1.799
16.273,0,1.799
16.274,0,1.799
16.275,0,1.799
16.276,0,1.799
16.277,0,1.799
16.278,0,1.799
16.279,0,1.799
16.28,0,1.799
16.281,0,1.799
16.282,0,1.799
16.283,0,1.799
16.284,0,1.799
16.285,0,1.799
16.286,0,1.799
16.287,0,1.799
16.288,0,1.799
16.289,0,1.799
16.29,0,1.799
16.291,0,1.799
16.292,0,1.799
16.293,0,1.799
16.294,0,1.799
16.295,0,1.799
16.296,0,1.799
16.297,0,1.799
16.298,0,1.799
16.299,0,1.799
16.3,0,1.799
16.301,0,1.799
16.302,0,1.799
16.303,0,1.799
16.304,0,1.799
16.305,0,1.799
16.306,0,1.799
16.307,0,1.799
16.308,0,1.799
16.309,0,1.799
16.31,0,1.799
16.311,0,1.799
16.312,0,1.799
16.313,0,1.799
16.314,0,1.799
16.315,0,1.799
16.316,0,1.799
16.317,0,1.799
16.318,0,1.799
16.319,0,1.799
16.32,0,1.799
16.321,0,1.799
16.322,0,1.799
16.323,0,1.799
16.324,0,1.799
16.325,0,1.799
16.326,0,1.799
16.327,0,1.799
16.328,0,1.799
16.329,0,1.799
16.33,0,1.799
16.331,0,1.799
16.332,0,1.799
16.333,0,1.799
16.334,0,1.799
16.335,0,1.799
16.336,0,1.799
16.337,0,1.799
16.338,0,1.799
16.339,0,1.799
16.34,0,1.799
16.341,0,1.799
16.342,0,1.799
16.343,0,1.799
16.344,0,1.799
16.345,0,1.799
16.346,0,1.799
16.347,0,1.799
16.348,0,1.799
16.349,0,1.799
16.35,0,1.799
16.351,0,1.799
16.352,0,1.799
16.353,0,1.799
16.354,0,1.799
16.355,0,1.799
16.356,0,1.799
16.357,0,1.799
16.358,0,1.799
16.359,0,1.799
16.36,0,1.799
16.361,0,1.799
16.362,0,1.799
16.363,0,1.799
16.364,0,1.799
16.365,0,1.799
16.366,0,1.799
16.367,0,1.799
16.368,0,1.799
16.369,0,1.799
16.37,0,1.799
16.371,0,1.799
16.372,0,1.799
16.373,0,1.799
16.374,0,1.799
16.375,0,1.799
16.376,0,1.799
16.377,0,1.799
16.378,0,1.799
16.379,0,1.799
16.38,0,1.799
16.381,0,1.799
16.382,0,1.799
16.383,0,1.799
16.384,0,1.799
16.385,0,1.799
16.386,0,1.799
16.387,0,1.799
16.388,0,1.799
16.389,0,1.799
16.39,0,1.799
16.391,0,1.799
16.392,0,1.799
16.393,0,1.799
16.394,0,1.799
16.395,0,1.799
16.396,0,1.799
16.397,0,1.799
16.398,0,1.799
16.399,0,1.799
16.4,0,1.799
16.401,0,1.799
16.402,0,1.799
16.403,0,1.799
16.404,0,1.799
16.405,0,1.799
16.406,0,1.799
16.407,0,1.799
16.408,0,1.799
16.409,0,1.799
16.41,0,1.799
16.411,0,1.799
16.412,0,1.799
16.413,0,1.799
16.414,0,1.799
16.415,0,1.799
16.416,0,1.799
16.417,0,1.799
16.418,0,1.799
16.419,0,1.799
16.42,0,1.799
16.421,0,1.799
16.422,0,1.799
16.423,0,1.799
16.424,0,1.799
16.425,0,1.799
16.426,0,1.799
16.427,0,1.799
16.428,0,1.799
16.429,0,1.799
16.43,0,1.799
16.431,0,1.799
16.432,0,1.799
16.433,0,1.799
16.434,0,1.799
16.435,0,1.799
16.436,0,1.799
16.437,0,1.799
16.438,0,1.799
16.439,0,1.799
16.44,0,1.799
16.441,0,1.799
16.442,0,1.799
16.443,0,1.799
16.444,0,1.799
16.445,0,1.799
16.446,0,1.799
16.447,0,1.799
16.448,0,1.799
16.449,0,1.799
16.45,0,1.799
16.451,0,1.799
16.452,0,1.799
16.453,0,1.799
16.454,0,1.799
16.455,0,1.799
16.456,0,1.799
16.457,0,1.799
16.458,0,1.799
16.459,0,1.799
16.46,0,1.799
16.461,0,1.799
16.462,0,1.799
16.463,0,1.799
16.464,0,1.799
16.465,0,1.799
16.466,0,1.799
16.467,0,1.799
16.468,0,1.799
16.469,0,1.799
16.47,0,1.799
16.471,0,1.799
16.472,0,1.799
16.473,0,1.799
16.474,0,1.799
16.475,0,1.799
16.476,0,1.799
16.477,0,1.799
16.478,0,1.799
16.479,0,1.799
16.48,0,1.799
16.481,0,1.799
16.482,0,1.799
16.483,0,1.799
16.484,0,1.799
16.485,0,1.799
16.486,0,1.799
16.487,0,1.799
16.488,0,1.799
16.489,0,1.799
16.49,0,1.799
16.491,0,1.799
16.492,0,1.799
16.493,0,1.799
16.494,0,1.799
16.495,0,1.799
16.496,0,1.799
16.497,0,1.799
16.498,0,1.799
16.499,0,1.799
16.5,0,1.799
16.501,0,1.799
16.502,0,1.799
16.503,0,1.799
16.504,0,1.799
16.505,0,1.799
16.506,0,1.799
16.507,0,1.799
16.508,0,1.799
16.509,0,1.799
16.51,0,1.799
16.511,0,1.799
16.512,0,1.799
16.513,0,1.799
16.514,0,1.799
16.515,0,1.799
16.516,0,1.799
16.517,0,1.799
16.518,0,1.799
16.519,0,1.799
16.52,0,1.799
16.521,0,1.799
16.522,0,1.799
16.523,0,1.799
16.524,0,1.799
16.525,0,1.799
16.526,0,1.799
16.527,0,1.799
16.528,0,1.799
16.529,0,1.799
16.53,0,1.799
16.531,0,1.799
16.532,0,1.799
16.533,0,1.799
16.534,0,1.799
16.535,0,1.799
16.536,0,1.799
16.537,0,1.799
16.538,0,1.799
16.539,0,1.799
16.54,0,1.799
16.541,0,1.799
16.542,0,1.799
16.543,0,1.799
16.544,0,1.799
16.545,0,1.799
16.546,0,1.799
16.547,0,1.799
16.548,0,1.799
16.549,0,1.799
16.55,0,1.799
16.551,0,1.799
16.552,0,1.799
16.553,0,1.799
16.554,0,1.799
16.555,0,1.799
16.556,0,1.799
16.557,0,1.799
16.558,0,1.799
16.559,0,1.799
16.56,0,1.799
16.561,0,1.799
16.562,0,1.799
16.563,0,1.799
16.564,0,1.799
16.565,0,1.799
16.566,0,1.799
16.567,0,1.799
16.568,0,1.799
16.569,0,1.799
16.57,0,1.799
16.571,0,1.799
16.572,0,1.799
16.573,0,1.799
16.574,0,1.799
16.575,0,1.799
16.576,0,1.799
16.577,0,1.799
16.578,0,1.799
16.579,0,1.799
16.58,0,1.799
16.581,0,1.799
16.582,0,1.799
16.583,0,1.799
16.584,0,1.799
16.585,0,1.799
16.586,0,1.799
16.587,0,1.799
16.588,0,1.799
16.589,0,1.799
16.59,0,1.799
16.591,0,1.799
16.592,0,1.799
16.593,0,1.799
16.594,0,1.799
16.595,0,1.799
16.596,0,1.799
16.597,0,1.799
16.598,0,1.799
16.599,0,1.799
16.6,0,1.799
16.601,0,1.799
16.602,0,1.799
16.603,0,1.799
16.604,0,1.799
16.605,0,1.799
16.606,0,1.799
16.607,0,1.799
16.608,0,1.799
16.609,0,1.799
16.61,0,1.799
16.611,0,1.799
16.612,0,1.799
16.613,0,1.799
16.614,0,1.799
16.615,0,1.799
16.616,0,1.799
16.617,0,1.799
16.618,0,1.799
16.619,0,1.799
16.62,0,1.799
16.621,0,1.799
16.622,0,1.799
16.623,0,1.799
16.624,0,1.799
16.625,0,1.799
16.626,0,1.799
16.627,0,1.799
16.628,0,1.799
16.629,0,1.799
16.63,0,1.799
16.631,0,1.799
16.632,0,1.799
16.633,0,1.799
16.634,0,1.799
16.635,0,1.799
16.636,0,1.799
16.637,0,1.799
16.638,0,1.799
16.639,0,1.799
16.64,0,1.799
16.641,0,1.799
16.642,0,1.799
16.643,0,1.799
16.644,0,1.799
16.645,0,1.799
16.646,0,1.799
16.647,0,1.799
16.648,0,1.799
16.649,0,1.799
16.65,0,1.799
16.651,0,1.799
16.652,0,1.799
16.653,0,1.799
16.654,0,1.799
16.655,0,1.799
16.656,0,1.799
16.657,0,1.799
16.658,0,1.799
16.659,0,1.799
16.66,0,1.799
16.661,0,1.799
16.662,0,1.799
16.663,0,1.799
16.664,0,1.799
16.665,0,1.799
16.666,0,1.799
16.667,0,1.799
16.668,0,1.799
16.669,0,1.799
16.67,0,1.799
16.671,0,1.799
16.672,0,1.799
16.673,0,1.799
16.674,0,1.799
16.675,0,1.799
16.676,0,1.799
16.677,0,1.799
16.678,0,1.799
16.679,0,1.799
16.68,0,1.799
16.681,0,1.799
16.682,0,1.799
16.683,0,1.799
16.684,0,1.799
16.685,0,1.799
16.686,0,1.799
16.687,0,1.799
16.688,0,1.799
16.689,0,1.799
16.69,0,1.799
16.691,0,1.799
16.692,0,1.799
16.693,0,1.799
16.694,0,1.799
16.695,0,1.799
16.696,0,1.799
16.697,0,1.799
16.698,0,1.799
16.699,0,1.799
16.7,0,1.799
16.701,0,1.799
16.702,0,1.799
16.703,0,1.799
16.704,0,1.799
16.705,0,1.799
16.706,0,1.799
16.707,0,1.799
16.708,0,1.799
16.709,0,1.799
16.71,0,1.799
16.711,0,1.799
16.712,0,1.799
16.713,0,1.799
16.714,0,1.799
16.715,0,1.799
16.716,0,1.799
16.717,0,1.799
16.718,0,1.799
16.719,0,1.799
16.72,0,1.799
16.721,0,1.799
16.722,0,1.799
16.723,0,1.799
16.724,0,1.799
16.725,0,1.799
16.726,0,1.799
16.727,0,1.799
16.728,0,1.799
16.729,0,1.799
16.73,0,1.799
16.731,0,1.799
16.732,0,1.799
16.733,0,1.799
16.734,0,1.799
16.735,0,1.799
16.736,0,1.799
16.737,0,1.799
16.738,0,1.799
16.739,0,1.799
16.74,0,1.799
16.741,0,1.799
16.742,0,1.799
16.743,0,1.799
16.744,0,1.799
16.745,0,1.799
16.746,0,1.799
16.747,0,1.799
16.748,0,1.799
16.749,0,1.799
16.75,0,1.799
16.751,0,1.799
16.752,0,1.799
16.753,0,1.799
16.754,0,1.799
16.755,0,1.799
16.756,0,1.799
16.757,0,1.799
16.758,0,1.799
16.759,0,1.799
16.76,0,1.799
16.761,0,1.799
16.762,0,1.799
16.763,0,1.799
16.764,0,1.799
16.765,0,1.799
16.766,0,1.799
16.767,0,1.799
16.768,0,1.799
16.769,0,1.799
16.77,0,1.799
16.771,0,1.799
16.772,0,1.799
16.773,0,1.799
16.774,0,1.799
16.775,0,1.799
16.776,0,1.799
16.777,0,1.799
16.778,0,1.799
16.779,0,1.799
16.78,0,1.799
16.781,0,1.799
16.782,0,1.799
16.783,0,1.799
16.784,0,1.799
16.785,0,1.799
16.786,0,1.799
16.787,0,1.799
16.788,0,1.799
16.789,0,1.799
16.79,0,1.799
16.791,0,1.799
16.792,0,1.799
16.793,0,1.799
16.794,0,1.799
16.795,0,1.799
16.796,0,1.799
16.797,0,1.799
16.798,0,1.799
16.799,0,1.799
16.8,0,1.799
16.801,0,1.799
16.802,0,1.799
16.803,0,1.799
16.804,0,1.799
16.805,0,1.799
16.806,0,1.799
16.807,0,1.799
16.808,0,1.799
16.809,0,1.799
16.81,0,1.799
16.811,0,1.799
16.812,0,1.799
16.813,0,1.799
16.814,0,1.799
16.815,0,1.799
16.816,0,1.799
16.817,0,1.799
16.818,0,1.799
16.819,0,1.799
16.82,0,1.799
16.821,0,1.799
16.822,0,1.799
16.823,0,1.799
16.824,0,1.799
16.825,0,1.799
16.826,0,1.799
16.827,0,1.799
16.828,0,1.799
16.829,0,1.799
16.83,0,1.799
16.831,0,1.799
16.832,0,1.799
16.833,0,1.799
16.834,0,1.799
16.835,0,1.799
16.836,0,1.799
16.837,0,1.799
16.838,0,1.799
16.839,0,1.799
16.84,0,1.799
16.841,0,1.799
16.842,0,1.799
16.843,0,1.799
16.844,0,1.799
16.845,0,1.799
16.846,0,1.799
16.847,0,1.799
16.848,0,1.799
16.849,0,1.799
16.85,0,1.799
16.851,0,1.799
16.852,0,1.799
16.853,0,1.799
16.854,0,1.799
16.855,0,1.799
16.856,0,1.799
16.857,0,1.799
16.858,0,1.799
16.859,0,1.799
16.86,0,1.799
16.861,0,1.799
16.862,0,1.799
16.863,0,1.799
16.864,0,1.799
16.865,0,1.799
16.866,0,1.799
16.867,0,1.799
16.868,0,1.799
16.869,0,1.799
16.87,0,1.799
16.871,0,1.799
16.872,0,1.799
16.873,0,1.799
16.874,0,1.799
16.875,0,1.799
16.876,0,1.799
16.877,0,1.799
16.878,0,1.799
16.879,0,1.799
16.88,0,1.799
16.881,0,1.799
16.882,0,1.799
16.883,0,1.799
16.884,0,1.799
16.885,0,1.799
16.886,0,1.799
16.887,0,1.799
16.888,0,1.799
16.889,0,1.799
16.89,0,1.799
16.891,0,1.799
16.892,0,1.799
16.893,0,1.799
16.894,0,1.799
16.895,0,1.799
16.896,0,1.799
16.897,0,1.799
16.898,0,1.799
16.899,0,1.799
16.9,0,1.799
16.901,0,1.799
16.902,0,1.799
16.903,0,1.799
16.904,0,1.799
16.905,0,1.799
16.906,0,1.799
16.907,0,1.799
16.908,0,1.799
16.909,0,1.799
16.91,0,1.799
16.911,0,1.799
16.912,0,1.799
16.913,0,1.799
16.914,0,1.799
16.915,0,1.799
16.916,0,1.799
16.917,0,1.799
16.918,0,1.799
16.919,0,1.799
16.92,0,1.799
16.921,0,1.799
16.922,0,1.799
16.923,0,1.799
16.924,0,1.799
16.925,0,1.799
16.926,0,1.799
16.927,0,1.799
16.928,0,1.799
16.929,0,1.799
16.93,0,1.799
16.931,0,1.799
16.932,0,1.799
16.933,0,1.799
16.934,0,1.799
16.935,0,1.799
16.936,0,1.799
16.937,0,1.799
16.938,0,1.799
16.939,0,1.799
16.94,0,1.799
16.941,0,1.799
16.942,0,1.799
16.943,0,1.799
16.944,0,1.799
16.945,0,1.799
16.946,0,1.799
16.947,0,1.799
16.948,0,1.799
16.949,0,1.799
16.95,0,1.799
16.951,0,1.799
16.952,0,1.799
16.953,0,1.799
16.954,0,1.799
16.955,0,1.799
16.956,0,1.799
16.957,0,1.799
16.958,0,1.799
16.959,0,1.799
16.96,0,1.799
16.961,0,1.799
16.962,0,1.799
16.963,0,1.799
16.964,0,1.799
16.965,0,1.799
16.966,0,1.799
16.967,0,1.799
16.968,0,1.799
16.969,0,1.799
16.97,0,1.799
16.971,0,1.799
16.972,0,1.799
16.973,0,1.799
16.974,0,1.799
16.975,0,1.799
16.976,0,1.799
16.977,0,1.799
16.978,0,1.799
16.979,0,1.799
16.98,0,1.799
16.981,0,1.799
16.982,0,1.799
16.983,0,1.799
16.984,0,1.799
16.985,0,1.799
16.986,0,1.799
16.987,0,1.799
16.988,0,1.799
16.989,0,1.799
16.99,0,1.799
16.991,0,1.799
16.992,0,1.799
16.993,0,1.799
16.994,0,1.799
16.995,0,1.799
16.996,0,1.799
16.997,0,1.799
16.998,0,1.799
16.999,0,1.799
17,0,1.799
17.001,0,1.799
17.002,0,1.799
17.003,0,1.799
17.004,0,1.799
17.005,0,1.799
17.006,0,1.799
17.007,0,1.799
17.008,0,1.799
17.009,0,1.799
17.01,0,1.799
17.011,0,1.799
17.012,0,1.799
17.013,0,1.799
17.014,0,1.799
17.015,0,1.799
17.016,0,1.799
17.017,0,1.799
17.018,0,1.799
17.019,0,1.799
17.02,0,1.799
17.021,0,1.799
17.022,0,1.799
17.023,0,1.799
17.024,0,1.799
17.025,0,1.799
17.026,0,1.799
17.027,0,1.799
17.028,0,1.799
17.029,0,1.799
17.03,0,1.799
17.031,0,1.799
17.032,0,1.799
17.033,0,1.799
17.034,0,1.799
17.035,0,1.799
17.036,0,1.799
17.037,0,1.799
17.038,0,1.799
17.039,0,1.799
17.04,0,1.799
17.041,0,1.799
17.042,0,1.799
17.043,0,1.799
17.044,0,1.799
17.045,0,1.799
17.046,0,1.799
17.047,0,1.799
17.048,0,1.799
17.049,0,1.799
17.05,0,1.799
17.051,0,1.799
17.052,0,1.799
17.053,0,1.799
17.054,0,1.799
17.055,0,1.799
17.056,0,1.799
17.057,0,1.799
17.058,0,1.799
17.059,0,1.799
17.06,0,1.799
17.061,0,1.799
17.062,0,1.799
17.063,0,1.799
17.064,0,1.799
17.065,0,1.799
17.066,0,1.799
17.067,0,1.799
17.068,0,1.799
17.069,0,1.799
17.07,0,1.799
17.071,0,1.799
17.072,0,1.799
17.073,0,1.799
17.074,0,1.799
17.075,0,1.799
17.076,0,1.799
17.077,0,1.799
17.078,0,1.799
17.079,0,1.799
17.08,0,1.799
17.081,0,1.799
17.082,0,1.799
17.083,0,1.799
17.084,0,1.799
17.085,0,1.799
17.086,0,1.799
17.087,0,1.799
17.088,0,1.799
17.089,0,1.799
17.09,0,1.799
17.091,0,1.799
17.092,0,1.799
17.093,0,1.799
17.094,0,1.799
17.095,0,1.799
17.096,0,1.799
17.097,0,1.799
17.098,0,1.799
17.099,0,1.799
17.1,0,1.799
17.101,0,1.799
17.102,0,1.799
17.103,0,1.799
17.104,0,1.799
17.105,0,1.799
17.106,0,1.799
17.107,0,1.799
17.108,0,1.799
17.109,0,1.799
17.11,0,1.799
17.111,0,1.799
17.112,0,1.799
17.113,0,1.799
17.114,0,1.799
17.115,0,1.799
17.116,0,1.799
17.117,0,1.799
17.118,0,1.799
17.119,0,1.799
17.12,0,1.799
17.121,0,1.799
17.122,0,1.799
17.123,0,1.799
17.124,0,1.799
17.125,0,1.799
17.126,0,1.799
17.127,0,1.799
17.128,0,1.799
17.129,0,1.799
17.13,0,1.799
17.131,0,1.799
17.132,0,1.799
17.133,0,1.799
17.134,0,1.799
17.135,0,1.799
17.136,0,1.799
17.137,0,1.799
17.138,0,1.799
17.139,0,1.799
17.14,0,1.799
17.141,0,1.799
17.142,0,1.799
17.143,0,1.799
17.144,0,1.799
17.145,0,1.799
17.146,0,1.799
17.147,0,1.799
17.148,0,1.799
17.149,0,1.799
17.15,0,1.799
17.151,0,1.799
17.152,0,1.799
17.153,0,1.799
17.154,0,1.799
17.155,0,1.799
17.156,0,1.799
17.157,0,1.799
17.158,0,1.799
17.159,0,1.799
17.16,0,1.799
17.161,0,1.799
17.162,0,1.799
17.163,0,1.799
17.164,0,1.799
17.165,0,1.799
17.166,0,1.799
17.167,0,1.799
17.168,0,1.799
17.169,0,1.799
17.17,0,1.799
17.171,0,1.799
17.172,0,1.799
17.173,0,1.799
17.174,0,1.799
17.175,0,1.799
17.176,0,1.799
17.177,0,1.799
17.178,0,1.799
17.179,0,1.799
17.18,0,1.799
17.181,0,1.799
17.182,0,1.799
17.183,0,1.799
17.184,0,1.799
17.185,0,1.799
17.186,0,1.799
17.187,0,1.799
17.188,0,1.799
17.189,0,1.799
17.19,0,1.799
17.191,0,1.799
17.192,0,1.799
17.193,0,1.799
17.194,0,1.799
17.195,0,1.799
17.196,0,1.799
17.197,0,1.799
17.198,0,1.799
17.199,0,1.799
17.2,0,1.799
17.201,0,1.799
17.202,0,1.799
17.203,0,1.799
17.204,0,1.799
17.205,0,1.799
17.206,0,1.799
17.207,0,1.799
17.208,0,1.799
17.209,0,1.799
17.21,0,1.799
17.211,0,1.799
17.212,0,1.799
17.213,0,1.799
17.214,0,1.799
17.215,0,1.799
17.216,0,1.799
17.217,0,1.799
17.218,0,1.799
17.219,0,1.799
17.22,0,1.799
17.221,0,1.799
17.222,0,1.799
17.223,0,1.799
17.224,0,1.799
17.225,0,1.799
17.226,0,1.799
17.227,0,1.799
17.228,0,1.799
17.229,0,1.799
17.23,0,1.799
17.231,0,1.799
17.232,0,1.799
17.233,0,1.799
17.234,0,1.799
17.235,0,1.799
17.236,0,1.799
17.237,0,1.799
17.238,0,1.799
17.239,0,1.799
17.24,0,1.799
17.241,0,1.799
17.242,0,1.799
17.243,0,1.799
17.244,0,1.799
17.245,0,1.799
17.246,0,1.799
17.247,0,1.799
17.248,0,1.799
17.249,0,1.799
17.25,0,1.799
17.251,0,1.799
17.252,0,1.799
17.253,0,1.799
17.254,0,1.799
17.255,0,1.799
17.256,0,1.799
17.257,0,1.799
17.258,0,1.799
17.259,0,1.799
17.26,0,1.799
17.261,0,1.799
17.262,0,1.799
17.263,0,1.799
17.264,0,1.799
17.265,0,1.799
17.266,0,1.799
17.267,0,1.799
17.268,0,1.799
17.269,0,1.799
17.27,0,1.799
17.271,0,1.799
17.272,0,1.799
17.273,0,1.799
17.274,0,1.799
17.275,0,1.799
17.276,0,1.799
17.277,0,1.799
17.278,0,1.799
17.279,0,1.799
17.28,0,1.799
17.281,0,1.799
17.282,0,1.799
17.283,0,1.799
17.284,0,1.799
17.285,0,1.799
17.286,0,1.799
17.287,0,1.799
17.288,0,1.799
17.289,0,1.799
17.29,0,1.799
17.291,0,1.799
17.292,0,1.799
17.293,0,1.799
17.294,0,1.799
17.295,0,1.799
17.296,0,1.799
17.297,0,1.799
17.298,0,1.799
17.299,0,1.799
17.3,0,1.799
17.301,0,1.799
17.302,0,1.799
17.303,0,1.799
17.304,0,1.799
17.305,0,1.799
17.306,0,1.799
17.307,0,1.799
17.308,0,1.799
17.309,0,1.799
17.31,0,1.799
17.311,0,1.799
17.312,0,1.799
17.313,0,1.799
17.314,0,1.799
17.315,0,1.799
17.316,0,1.799
17.317,0,1.799
17.318,0,1.799
17.319,0,1.799
17.32,0,1.799
17.321,0,1.799
17.322,0,1.799
17.323,0,1.799
17.324,0,1.799
17.325,0,1.799
17.326,0,1.799
17.327,0,1.799
17.328,0,1.799
17.329,0,1.799
17.33,0,1.799
17.331,0,1.799
17.332,0,1.799
17.333,0,1.799
17.334,0,1.799
17.335,0,1.799
17.336,0,1.799
17.337,0,1.799
17.338,0,1.799
17.339,0,1.799
17.34,0,1.799
17.341,0,1.799
17.342,0,1.799
17.343,0,1.799
17.344,0,1.799
17.345,0,1.799
17.346,0,1.799
17.347,0,1.799
17.348,0,1.799
17.349,0,1.799
17.35,0,1.799
17.351,0,1.799
17.352,0,1.799
17.353,0,1.799
17.354,0,1.799
17.355,0,1.799
17.356,0,1.799
17.357,0,1.799
17.358,0,1.799
17.359,0,1.799
17.36,0,1.799
17.361,0,1.799
17.362,0,1.799
17.363,0,1.799
17.364,0,1.799
17.365,0,1.799
17.366,0,1.799
17.367,0,1.799
17.368,0,1.799
17.369,0,1.799
17.37,0,1.799
17.371,0,1.799
17.372,0,1.799
17.373,0,1.799
17.374,0,1.799
17.375,0,1.799
17.376,0,1.799
17.377,0,1.799
17.378,0,1.799
17.379,0,1.799
17.38,0,1.799
17.381,0,1.799
17.382,0,1.799
17.383,0,1.799
17.384,0,1.799
17.385,0,1.799
17.386,0,1.799
17.387,0,1.799
17.388,0,1.799
17.389,0,1.799
17.39,0,1.799
17.391,0,1.799
17.392,0,1.799
17.393,0,1.799
17.394,0,1.799
17.395,0,1.799
17.396,0,1.799
17.397,0,1.799
17.398,0,1.799
17.399,0,1.799
17.4,0,1.799
17.401,0,1.799
17.402,0,1.799
17.403,0,1.799
17.404,0,1.799
17.405,0,1.799
17.406,0,1.799
17.407,0,1.799
17.408,0,1.799
17.409,0,1.799
17.41,0,1.799
17.411,0,1.799
17.412,0,1.799
17.413,0,1.799
17.414,0,1.799
17.415,0,1.799
17.416,0,1.799
17.417,0,1.799
17.418,0,1.799
17.419,0,1.799
17.42,0,1.799
17.421,0,1.799
17.422,0,1.799
17.423,0,1.799
17.424,0,1.799
17.425,0,1.799
17.426,0,1.799
17.427,0,1.799
17.428,0,1.799
17.429,0,1.799
17.43,0,1.799
17.431,0,1.799
17.432,0,1.799
17.433,0,1.799
17.434,0,1.799
17.435,0,1.799
17.436,0,1.799
17.437,0,1.799
17.438,0,1.799
17.439,0,1.799
17.44,0,1.799
17.441,0,1.799
17.442,0,1.799
17.443,0,1.799
17.444,0,1.799
17.445,0,1.799
17.446,0,1.799
17.447,0,1.799
17.448,0,1.799
17.449,0,1.799
17.45,0,1.799
17.451,0,1.799
17.452,0,1.799
17.453,0,1.799
17.454,0,1.799
17.455,0,1.799
17.456,0,1.799
17.457,0,1.799
17.458,0,1.799
17.459,0,1.799
17.46,0,1.799
17.461,0,1.799
17.462,0,1.799
17.463,0,1.799
17.464,0,1.799
17.465,0,1.799
17.466,0,1.799
17.467,0,1.799
17.468,0,1.799
17.469,0,1.799
17.47,0,1.799
17.471,0,1.799
17.472,0,1.799
17.473,0,1.799
17.474,0,1.799
17.475,0,1.799
17.476,0,1.799
17.477,0,1.799
17.478,0,1.799
17.479,0,1.799
17.48,0,1.799
17.481,0,1.799
17.482,0,1.799
17.483,0,1.799
17.484,0,1.799
17.485,0,1.799
17.486,0,1.799
17.487,0,1.799
17.488,0,1.799
17.489,0,1.799
17.49,0,1.799
17.491,0,1.799
17.492,0,1.799
17.493,0,1.799
17.494,0,1.799
17.495,0,1.799
17.496,0,1.799
17.497,0,1.799
17.498,0,1.799
17.499,0,1.799
17.5,0,1.799
17.501,0,1.799
17.502,0,1.799
17.503,0,1.799
17.504,0,1.799
17.505,0,1.799
17.506,0,1.799
17.507,0,1.799
17.508,0,1.799
17.509,0,1.799
17.51,0,1.799
17.511,0,1.799
17.512,0,1.799
17.513,0,1.799
17.514,0,1.799
17.515,0,1.799
17.516,0,1.799
17.517,0,1.799
17.518,0,1.799
17.519,0,1.799
17.52,0,1.799
17.521,0,1.799
17.522,0,1.799
17.523,0,1.799
17.524,0,1.799
17.525,0,1.799
17.526,0,1.799
17.527,0,1.799
17.528,0,1.799
17.529,0,1.799
17.53,0,1.799
17.531,0,1.799
17.532,0,1.799
17.533,0,1.799
17.534,0,1.799
17.535,0,1.799
17.536,0,1.799
17.537,0,1.799
17.538,0,1.799
17.539,0,1.799
17.54,0,1.799
17.541,0,1.799
17.542,0,1.799
17.543,0,1.799
17.544,0,1.799
17.545,0,1.799
17.546,0,1.799
17.547,0,1.799
17.548,0,1.799
17.549,0,1.799
17.55,0,1.799
17.551,0,1.799
17.552,0,1.799
17.553,0,1.799
17.554,0,1.799
17.555,0,1.799
17.556,0,1.799
17.557,0,1.799
17.558,0,1.799
17.559,0,1.799
17.56,0,1.799
17.561,0,1.799
17.562,0,1.799
17.563,0,1.799
17.564,0,1.799
17.565,0,1.799
17.566,0,1.799
17.567,0,1.799
17.568,0,1.799
17.569,0,1.799
17.57,0,1.799
17.571,0,1.799
17.572,0,1.799
17.573,0,1.799
17.574,0,1.799
17.575,0,1.799
17.576,0,1.799
17.577,0,1.799
17.578,0,1.799
17.579,0,1.799
17.58,0,1.799
17.581,0,1.799
17.582,0,1.799
17.583,0,1.799
17.584,0,1.799
17.585,0,1.799
17.586,0,1.799
17.587,0,1.799
17.588,0,1.799
17.589,0,1.799
17.59,0,1.799
17.591,0,1.799
17.592,0,1.799
17.593,0,1.799
17.594,0,1.799
17.595,0,1.799
17.596,0,1.799
17.597,0,1.799
17.598,0,1.799
17.599,0,1.799
17.6,0,1.799
17.601,0,1.799
17.602,0,1.799
17.603,0,1.799
17.604,0,1.799
17.605,0,1.799
17.606,0,1.799
17.607,0,1.799
17.608,0,1.799
17.609,0,1.799
17.61,0,1.799
17.611,0,1.799
17.612,0,1.799
17.613,0,1.799
17.614,0,1.799
17.615,0,1.799
17.616,0,1.799
17.617,0,1.799
17.618,0,1.799
17.619,0,1.799
17.62,0,1.799
17.621,0,1.799
17.622,0,1.799
17.623,0,1.799
17.624,0,1.799
17.625,0,1.799
17.626,0,1.799
17.627,0,1.799
17.628,0,1.799
17.629,0,1.799
17.63,0,1.799
17.631,0,1.799
17.632,0,1.799
17.633,0,1.799
17.634,0,1.799
17.635,0,1.799
17.636,0,1.799
17.637,0,1.799
17.638,0,1.799
17.639,0,1.799
17.64,0,1.799
17.641,0,1.799
17.642,0,1.799
17.643,0,1.799
17.644,0,1.799
17.645,0,1.799
17.646,0,1.799
17.647,0,1.799
17.648,0,1.799
17.649,0,1.799
17.65,0,1.799
17.651,0,1.799
17.652,0,1.799
17.653,0,1.799
17.654,0,1.799
17.655,0,1.799
17.656,0,1.799
17.657,0,1.799
17.658,0,1.799
17.659,0,1.799
17.66,0,1.799
17.661,0,1.799
17.662,0,1.799
17.663,0,1.799
17.664,0,1.799
17.665,0,1.799
17.666,0,1.799
17.667,0,1.799
17.668,0,1.799
17.669,0,1.799
17.67,0,1.799
17.671,0,1.799
17.672,0,1.799
17.673,0,1.799
17.674,0,1.799
17.675,0,1.799
17.676,0,1.799
17.677,0,1.799
17.678,0,1.799
17.679,0,1.799
17.68,0,1.799
17.681,0,1.799
17.682,0,1.799
17.683,0,1.799
17.684,0,1.799
17.685,0,1.799
17.686,0,1.799
17.687,0,1.799
17.688,0,1.799
17.689,0,1.799
17.69,0,1.799
17.691,0,1.799
17.692,0,1.799
17.693,0,1.799
17.694,0,1.799
17.695,0,1.799
17.696,0,1.799
17.697,0,1.799
17.698,0,1.799
17.699,0,1.799
17.7,0,1.799
17.701,0,1.799
17.702,0,1.799
17.703,0,1.799
17.704,0,1.799
17.705,0,1.799
17.706,0,1.799
17.707,0,1.799
17.708,0,1.799
17.709,0,1.799
17.71,0,1.799
17.711,0,1.799
17.712,0,1.799
17.713,0,1.799
17.714,0,1.799
17.715,0,1.799
17.716,0,1.799
17.717,0,1.799
17.718,0,1.799
17.719,0,1.799
17.72,0,1.799
17.721,0,1.799
17.722,0,1.799
17.723,0,1.799
17.724,0,1.799
17.725,0,1.799
17.726,0,1.799
17.727,0,1.799
17.728,0,1.799
17.729,0,1.799
17.73,0,1.799
17.731,0,1.799
17.732,0,1.799
17.733,0,1.799
17.734,0,1.799
17.735,0,1.799
17.736,0,1.799
17.737,0,1.799
17.738,0,1.799
17.739,0,1.799
17.74,0,1.799
17.741,0,1.799
17.742,0,1.799
17.743,0,1.799
17.744,0,1.799
17.745,0,1.799
17.746,0,1.799
17.747,0,1.799
17.748,0,1.799
17.749,0,1.799
17.75,0,1.799
17.751,0,1.799
17.752,0,1.799
17.753,0,1.799
17.754,0,1.799
17.755,0,1.799
17.756,0,1.799
17.757,0,1.799
17.758,0,1.799
17.759,0,1.799
17.76,0,1.799
17.761,0,1.799
17.762,0,1.799
17.763,0,1.799
17.764,0,1.799
17.765,0,1.799
17.766,0,1.799
17.767,0,1.799
17.768,0,1.799
17.769,0,1.799
17.77,0,1.799
17.771,0,1.799
17.772,0,1.799
17.773,0,1.799
17.774,0,1.799
17.775,0,1.799
17.776,0,1.799
17.777,0,1.799
17.778,0,1.799
17.779,0,1.799
17.78,0,1.799
17.781,0,1.799
17.782,0,1.799
17.783,0,1.799
17.784,0,1.799
17.785,0,1.799
17.786,0,1.799
17.787,0,1.799
17.788,0,1.799
17.789,0,1.799
17.79,0,1.799
17.791,0,1.799
17.792,0,1.799
17.793,0,1.799
17.794,0,1.799
17.795,0,1.799
17.796,0,1.799
17.797,0,1.799
17.798,0,1.799
17.799,0,1.799
17.8,0,1.799
17.801,0,1.799
17.802,0,1.799
17.803,0,1.799
17.804,0,1.799
17.805,0,1.799
17.806,0,1.799
17.807,0,1.799
17.808,0,1.799
17.809,0,1.799
17.81,0,1.799
17.811,0,1.799
17.812,0,1.799
17.813,0,1.799
17.814,0,1.799
17.815,0,1.799
17.816,0,1.799
17.817,0,1.799
17.818,0,1.799
17.819,0,1.799
17.82,0,1.799
17.821,0,1.799
17.822,0,1.799
17.823,0,1.799
17.824,0,1.799
17.825,0,1.799
17.826,0,1.799
17.827,0,1.799
17.828,0,1.799
17.829,0,1.799
17.83,0,1.799
17.831,0,1.799
17.832,0,1.799
17.833,0,1.799
17.834,0,1.799
17.835,0,1.799
17.836,0,1.799
17.837,0,1.799
17.838,0,1.799
17.839,0,1.799
17.84,0,1.799
17.841,0,1.799
17.842,0,1.799
17.843,0,1.799
17.844,0,1.799
17.845,0,1.799
17.846,0,1.799
17.847,0,1.799
17.848,0,1.799
17.849,0,1.799
17.85,0,1.799
17.851,0,1.799
17.852,0,1.799
17.853,0,1.799
17.854,0,1.799
17.855,0,1.799
17.856,0,1.799
17.857,0,1.799
17.858,0,1.799
17.859,0,1.799
17.86,0,1.799
17.861,0,1.799
17.862,0,1.799
17.863,0,1.799
17.864,0,1.799
17.865,0,1.799
17.866,0,1.799
17.867,0,1.799
17.868,0,1.799
17.869,0,1.799
17.87,0,1.799
17.871,0,1.799
17.872,0,1.799
17.873,0,1.799
17.874,0,1.799
17.875,0,1.799
17.876,0,1.799
17.877,0,1.799
17.878,0,1.799
17.879,0,1.799
17.88,0,1.799
17.881,0,1.799
17.882,0,1.799
17.883,0,1.799
17.884,0,1.799
17.885,0,1.799
17.886,0,1.799
17.887,0,1.799
17.888,0,1.799
17.889,0,1.799
17.89,0,1.799
17.891,0,1.799
17.892,0,1.799
17.893,0,1.799
17.894,0,1.799
17.895,0,1.799
17.896,0,1.799
17.897,0,1.799
17.898,0,1.799
17.899,0,1.799
17.9,0,1.799
17.901,0,1.799
17.902,0,1.799
17.903,0,1.799
17.904,0,1.799
17.905,0,1.799
17.906,0,1.799
17.907,0,1.799
17.908,0,1.799
17.909,0,1.799
17.91,0,1.799
17.911,0,1.799
17.912,0,1.799
17.913,0,1.799
17.914,0,1.799
17.915,0,1.799
17.916,0,1.799
17.917,0,1.799
17.918,0,1.799
17.919,0,1.799
17.92,0,1.799
17.921,0,1.799
17.922,0,1.799
17.923,0,1.799
17.924,0,1.799
17.925,0,1.799
17.926,0,1.799
17.927,0,1.799
17.928,0,1.799
17.929,0,1.799
17.93,0,1.799
17.931,0,1.799
17.932,0,1.799
17.933,0,1.799
17.934,0,1.799
17.935,0,1.799
17.936,0,1.799
17.937,0,1.799
17.938,0,1.799
17.939,0,1.799
17.94,0,1.799
17.941,0,1.799
17.942,0,1.799
17.943,0,1.799
17.944,0,1.799
17.945,0,1.799
17.946,0,1.799
17.947,0,1.799
17.948,0,1.799
17.949,0,1.799
17.95,0,1.799
17.951,0,1.799
17.952,0,1.799
17.953,0,1.799
17.954,0,1.799
17.955,0,1.799
17.956,0,1.799
17.957,0,1.799
17.958,0,1.799
17.959,0,1.799
17.96,0,1.799
17.961,0,1.799
17.962,0,1.799
17.963,0,1.799
17.964,0,1.799
17.965,0,1.799
17.966,0,1.799
17.967,0,1.799
17.968,0,1.799
17.969,0,1.799
17.97,0,1.799
17.971,0,1.799
17.972,0,1.799
17.973,0,1.799
17.974,0,1.799
17.975,0,1.799
17.976,0,1.799
17.977,0,1.799
17.978,0,1.799
17.979,0,1.799
17.98,0,1.799
17.981,0,1.799
17.982,0,1.799
17.983,0,1.799
17.984,0,1.799
17.985,0,1.799
17.986,0,1.799
17.987,0,1.799
17.988,0,1.799
17.989,0,1.799
17.99,0,1.799
17.991,0,1.799
17.992,0,1.799
17.993,0,1.799
17.994,0,1.799
17.995,0,1.799
17.996,0,1.799
17.997,0,1.799
17.998,0,1.799
17.999,0,1.799
18,0.2,0.300999999999998
18.001,0.2,0.300999999999998
18.002,0.2,0.300999999999998
18.003,0.2,0.300999999999998
18.004,0.2,0.300999999999998
18.005,0.2,0.300999999999998
18.006,0.2,0.300999999999998
18.007,0.2,0.300999999999998
18.008,0.2,0.300999999999998
18.009,0.2,0.300999999999998
18.01,0.2,0.300999999999998
18.011,0.2,0.300999999999998
18.012,0.2,0.300999999999998
18.013,0.2,0.300999999999998
18.014,0.2,0.300999999999998
18.015,0.2,0.300999999999998
18.016,0.2,0.300999999999998
18.017,0.2,0.300999999999998
18.018,0.2,0.300999999999998
18.019,0.2,0.300999999999998
18.02,0.2,0.300999999999998
18.021,0.2,0.300999999999998
18.022,0.2,0.300999999999998
18.023,0.2,0.300999999999998
18.024,0.2,0.300999999999998
18.025,0.2,0.300999999999998
18.026,0.2,0.300999999999998
18.027,0.2,0.300999999999998
18.028,0.2,0.300999999999998
18.029,0.2,0.300999999999998
18.03,0.2,0.300999999999998
18.031,0.2,0.300999999999998
18.032,0.2,0.300999999999998
18.033,0.2,0.300999999999998
18.034,0.2,0.300999999999998
18.035,0.2,0.300999999999998
18.036,0.2,0.300999999999998
18.037,0.2,0.300999999999998
18.038,0.2,0.300999999999998
18.039,0.2,0.300999999999998
18.04,0.2,0.300999999999998
18.041,0.2,0.300999999999998
18.042,0.2,0.300999999999998
18.043,0.2,0.300999999999998
18.044,0.2,0.300999999999998
18.045,0.2,0.300999999999998
18.046,0.2,0.300999999999998
18.047,0.2,0.300999999999998
18.048,0.2,0.300999999999998
18.049,0.2,0.300999999999998
18.05,0.2,0.300999999999998
18.051,0.2,0.300999999999998
18.052,0.2,0.300999999999998
18.053,0.2,0.300999999999998
18.054,0.2,0.300999999999998
18.055,0.2,0.300999999999998
18.056,0.2,0.300999999999998
18.057,0.2,0.300999999999998
18.058,0.2,0.300999999999998
18.059,0.2,0.300999999999998
18.06,0.2,0.300999999999998
18.061,0.2,0.300999999999998
18.062,0.2,0.300999999999998
18.063,0.2,0.300999999999998
18.064,0.2,0.300999999999998
18.065,0.2,0.300999999999998
18.066,0.2,0.300999999999998
18.067,0.2,0.300999999999998
18.068,0.2,0.300999999999998
18.069,0.2,0.300999999999998
18.07,0.2,0.300999999999998
18.071,0.2,0.300999999999998
18.072,0.2,0.300999999999998
18.073,0.2,0.300999999999998
18.074,0.2,0.300999999999998
18.075,0.2,0.300999999999998
18.076,0.2,0.300999999999998
18.077,0.2,0.300999999999998
18.078,0.2,0.300999999999998
18.079,0.2,0.300999999999998
18.08,0.2,0.300999999999998
18.081,0.2,0.300999999999998
18.082,0.2,0.300999999999998
18.083,0.2,0.300999999999998
18.084,0.2,0.300999999999998
18.085,0.2,0.300999999999998
18.086,0.2,0.300999999999998
18.087,0.2,0.300999999999998
18.088,0.2,0.300999999999998
18.089,0.2,0.300999999999998
18.09,0.2,0.300999999999998
18.091,0.2,0.300999999999998
18.092,0.2,0.300999999999998
18.093,0.2,0.300999999999998
18.094,0.2,0.300999999999998
18.095,0.2,0.300999999999998
18.096,0.2,0.300999999999998
18.097,0.2,0.300999999999998
18.098,0.2,0.300999999999998
18.099,0.2,0.300999999999998
18.1,0.2,0.300999999999998
18.101,0.2,0.300999999999998
18.102,0.2,0.300999999999998
18.103,0.2,0.300999999999998
18.104,0.2,0.300999999999998
18.105,0.2,0.300999999999998
18.106,0.2,0.300999999999998
18.107,0.2,0.300999999999998
18.108,0.2,0.300999999999998
18.109,0.2,0.300999999999998
18.11,0.2,0.300999999999998
18.111,0.2,0.300999999999998
18.112,0.2,0.300999999999998
18.113,0.2,0.300999999999998
18.114,0.2,0.300999999999998
18.115,0.2,0.300999999999998
18.116,0.2,0.300999999999998
18.117,0.2,0.300999999999998
18.118,0.2,0.300999999999998
18.119,0.2,0.300999999999998
18.12,0.2,0.300999999999998
18.121,0.2,0.300999999999998
18.122,0.2,0.300999999999998
18.123,0.2,0.300999999999998
18.124,0.2,0.300999999999998
18.125,0.2,0.300999999999998
18.126,0.2,0.300999999999998
18.127,0.2,0.300999999999998
18.128,0.2,0.300999999999998
18.129,0.2,0.300999999999998
18.13,0.2,0.300999999999998
18.131,0.2,0.300999999999998
18.132,0.2,0.300999999999998
18.133,0.2,0.300999999999998
18.134,0.2,0.300999999999998
18.135,0.2,0.300999999999998
18.136,0.2,0.300999999999998
18.137,0.2,0.300999999999998
18.138,0.2,0.300999999999998
18.139,0.2,0.300999999999998
18.14,0.2,0.300999999999998
18.141,0.2,0.300999999999998
18.142,0.2,0.300999999999998
18.143,0.2,0.300999999999998
18.144,0.2,0.300999999999998
18.145,0.2,0.300999999999998
18.146,0.2,0.300999999999998
18.147,0.2,0.300999999999998
18.148,0.2,0.300999999999998
18.149,0.2,0.300999999999998
18.15,0.2,0.300999999999998
18.151,0.2,0.300999999999998
18.152,0.2,0.300999999999998
18.153,0.2,0.300999999999998
18.154,0.2,0.300999999999998
18.155,0.2,0.300999999999998
18.156,0.2,0.300999999999998
18.157,0.2,0.300999999999998
18.158,0.2,0.300999999999998
18.159,0.2,0.300999999999998
18.16,0.2,0.300999999999998
18.161,0.2,0.300999999999998
18.162,0.2,0.300999999999998
18.163,0.2,0.300999999999998
18.164,0.2,0.300999999999998
18.165,0.2,0.300999999999998
18.166,0.2,0.300999999999998
18.167,0.2,0.300999999999998
18.168,0.2,0.300999999999998
18.169,0.2,0.300999999999998
18.17,0.2,0.300999999999998
18.171,0.2,0.300999999999998
18.172,0.2,0.300999999999998
18.173,0.2,0.300999999999998
18.174,0.2,0.300999999999998
18.175,0.2,0.300999999999998
18.176,0.2,0.300999999999998
18.177,0.2,0.300999999999998
18.178,0.2,0.300999999999998
18.179,0.2,0.300999999999998
18.18,0.2,0.300999999999998
18.181,0.2,0.300999999999998
18.182,0.2,0.300999999999998
18.183,0.2,0.300999999999998
18.184,0.2,0.300999999999998
18.185,0.2,0.300999999999998
18.186,0.2,0.300999999999998
18.187,0.2,0.300999999999998
18.188,0.2,0.300999999999998
18.189,0.2,0.300999999999998
18.19,0.2,0.300999999999998
18.191,0.2,0.300999999999998
18.192,0.2,0.300999999999998
18.193,0.2,0.300999999999998
18.194,0.2,0.300999999999998
18.195,0.2,0.300999999999998
18.196,0.2,0.300999999999998
18.197,0.2,0.300999999999998
18.198,0.2,0.300999999999998
18.199,0.2,0.300999999999998
18.2,0.2,0.300999999999998
18.201,0.2,0.300999999999998
18.202,0.2,0.300999999999998
18.203,0.2,0.300999999999998
18.204,0.2,0.300999999999998
18.205,0.2,0.300999999999998
18.206,0.2,0.300999999999998
18.207,0.2,0.300999999999998
18.208,0.2,0.300999999999998
18.209,0.2,0.300999999999998
18.21,0.2,0.300999999999998
18.211,0.2,0.300999999999998
18.212,0.2,0.300999999999998
18.213,0.2,0.300999999999998
18.214,0.2,0.300999999999998
18.215,0.2,0.300999999999998
18.216,0.2,0.300999999999998
18.217,0.2,0.300999999999998
18.218,0.2,0.300999999999998
18.219,0.2,0.300999999999998
18.22,0.2,0.300999999999998
18.221,0.2,0.300999999999998
18.222,0.2,0.300999999999998
18.223,0.2,0.300999999999998
18.224,0.2,0.300999999999998
18.225,0.2,0.300999999999998
18.226,0.2,0.300999999999998
18.227,0.2,0.300999999999998
18.228,0.2,0.300999999999998
18.229,0.2,0.300999999999998
18.23,0.2,0.300999999999998
18.231,0.2,0.300999999999998
18.232,0.2,0.300999999999998
18.233,0.2,0.300999999999998
18.234,0.2,0.300999999999998
18.235,0.2,0.300999999999998
18.236,0.2,0.300999999999998
18.237,0.2,0.300999999999998
18.238,0.2,0.300999999999998
18.239,0.2,0.300999999999998
18.24,0.2,0.300999999999998
18.241,0.2,0.300999999999998
18.242,0.2,0.300999999999998
18.243,0.2,0.300999999999998
18.244,0.2,0.300999999999998
18.245,0.2,0.300999999999998
18.246,0.2,0.300999999999998
18.247,0.2,0.300999999999998
18.248,0.2,0.300999999999998
18.249,0.2,0.300999999999998
18.25,0.2,0.300999999999998
18.251,0.2,0.300999999999998
18.252,0.2,0.300999999999998
18.253,0.2,0.300999999999998
18.254,0.2,0.300999999999998
18.255,0.2,0.300999999999998
18.256,0.2,0.300999999999998
18.257,0.2,0.300999999999998
18.258,0.2,0.300999999999998
18.259,0.2,0.300999999999998
18.26,0.2,0.300999999999998
18.261,0.2,0.300999999999998
18.262,0.2,0.300999999999998
18.263,0.2,0.300999999999998
18.264,0.2,0.300999999999998
18.265,0.2,0.300999999999998
18.266,0.2,0.300999999999998
18.267,0.2,0.300999999999998
18.268,0.2,0.300999999999998
18.269,0.2,0.300999999999998
18.27,0.2,0.300999999999998
18.271,0.2,0.300999999999998
18.272,0.2,0.300999999999998
18.273,0.2,0.300999999999998
18.274,0.2,0.300999999999998
18.275,0.2,0.300999999999998
18.276,0.2,0.300999999999998
18.277,0.2,0.300999999999998
18.278,0.2,0.300999999999998
18.279,0.2,0.300999999999998
18.28,0.2,0.300999999999998
18.281,0.2,0.300999999999998
18.282,0.2,0.300999999999998
18.283,0.2,0.300999999999998
18.284,0.2,0.300999999999998
18.285,0.2,0.300999999999998
18.286,0.2,0.300999999999998
18.287,0.2,0.300999999999998
18.288,0.2,0.300999999999998
18.289,0.2,0.300999999999998
18.29,0.2,0.300999999999998
18.291,0.2,0.300999999999998
18.292,0.2,0.300999999999998
18.293,0.2,0.300999999999998
18.294,0.2,0.300999999999998
18.295,0.2,0.300999999999998
18.296,0.2,0.300999999999998
18.297,0.2,0.300999999999998
18.298,0.2,0.300999999999998
18.299,0.2,0.300999999999998
18.3,0.2,0.300999999999998
18.301,0,2.699
18.302,0,2.699
18.303,0,2.699
18.304,0,2.699
18.305,0,2.699
18.306,0,2.699
18.307,0,2.699
18.308,0,2.699
18.309,0,2.699
18.31,0,2.699
18.311,0,2.699
18.312,0,2.699
18.313,0,2.699
18.314,0,2.699
18.315,0,2.699
18.316,0,2.699
18.317,0,2.699
18.318,0,2.699
18.319,0,2.699
18.32,0,2.699
18.321,0,2.699
18.322,0,2.699
18.323,0,2.699
18.324,0,2.699
18.325,0,2.699
18.326,0,2.699
18.327,0,2.699
18.328,0,2.699
18.329,0,2.699
18.33,0,2.699
18.331,0,2.699
18.332,0,2.699
18.333,0,2.699
18.334,0,2.699
18.335,0,2.699
18.336,0,2.699
18.337,0,2.699
18.338,0,2.699
18.339,0,2.699
18.34,0,2.699
18.341,0,2.699
18.342,0,2.699
18.343,0,2.699
18.344,0,2.699
18.345,0,2.699
18.346,0,2.699
18.347,0,2.699
18.348,0,2.699
18.349,0,2.699
18.35,0,2.699
18.351,0,2.699
18.352,0,2.699
18.353,0,2.699
18.354,0,2.699
18.355,0,2.699
18.356,0,2.699
18.357,0,2.699
18.358,0,2.699
18.359,0,2.699
18.36,0,2.699
18.361,0,2.699
18.362,0,2.699
18.363,0,2.699
18.364,0,2.699
18.365,0,2.699
18.366,0,2.699
18.367,0,2.699
18.368,0,2.699
18.369,0,2.699
18.37,0,2.699
18.371,0,2.699
18.372,0,2.699
18.373,0,2.699
18.374,0,2.699
18.375,0,2.699
18.376,0,2.699
18.377,0,2.699
18.378,0,2.699
18.379,0,2.699
18.38,0,2.699
18.381,0,2.699
18.382,0,2.699
18.383,0,2.699
18.384,0,2.699
18.385,0,2.699
18.386,0,2.699
18.387,0,2.699
18.388,0,2.699
18.389,0,2.699
18.39,0,2.699
18.391,0,2.699
18.392,0,2.699
18.393,0,2.699
18.394,0,2.699
18.395,0,2.699
18.396,0,2.699
18.397,0,2.699
18.398,0,2.699
18.399,0,2.699
18.4,0,2.699
18.401,0,2.699
18.402,0,2.699
18.403,0,2.699
18.404,0,2.699
18.405,0,2.699
18.406,0,2.699
18.407,0,2.699
18.408,0,2.699
18.409,0,2.699
18.41,0,2.699
18.411,0,2.699
18.412,0,2.699
18.413,0,2.699
18.414,0,2.699
18.415,0,2.699
18.416,0,2.699
18.417,0,2.699
18.418,0,2.699
18.419,0,2.699
18.42,0,2.699
18.421,0,2.699
18.422,0,2.699
18.423,0,2.699
18.424,0,2.699
18.425,0,2.699
18.426,0,2.699
18.427,0,2.699
18.428,0,2.699
18.429,0,2.699
18.43,0,2.699
18.431,0,2.699
18.432,0,2.699
18.433,0,2.699
18.434,0,2.699
18.435,0,2.699
18.436,0,2.699
18.437,0,2.699
18.438,0,2.699
18.439,0,2.699
18.44,0,2.699
18.441,0,2.699
18.442,0,2.699
18.443,0,2.699
18.444,0,2.699
18.445,0,2.699
18.446,0,2.699
18.447,0,2.699
18.448,0,2.699
18.449,0,2.699
18.45,0,2.699
18.451,0,2.699
18.452,0,2.699
18.453,0,2.699
18.454,0,2.699
18.455,0,2.699
18.456,0,2.699
18.457,0,2.699
18.458,0,2.699
18.459,0,2.699
18.46,0,2.699
18.461,0,2.699
18.462,0,2.699
18.463,0,2.699
18.464,0,2.699
18.465,0,2.699
18.466,0,2.699
18.467,0,2.699
18.468,0,2.699
18.469,0,2.699
18.47,0,2.699
18.471,0,2.699
18.472,0,2.699
18.473,0,2.699
18.474,0,2.699
18.475,0,2.699
18.476,0,2.699
18.477,0,2.699
18.478,0,2.699
18.479,0,2.699
18.48,0,2.699
18.481,0,2.699
18.482,0,2.699
18.483,0,2.699
18.484,0,2.699
18.485,0,2.699
18.486,0,2.699
18.487,0,2.699
18.488,0,2.699
18.489,0,2.699
18.49,0,2.699
18.491,0,2.699
18.492,0,2.699
18.493,0,2.699
18.494,0,2.699
18.495,0,2.699
18.496,0,2.699
18.497,0,2.699
18.498,0,2.699
18.499,0,2.699
18.5,0,2.699
18.501,0,2.699
18.502,0,2.699
18.503,0,2.699
18.504,0,2.699
18.505,0,2.699
18.506,0,2.699
18.507,0,2.699
18.508,0,2.699
18.509,0,2.699
18.51,0,2.699
18.511,0,2.699
18.512,0,2.699
18.513,0,2.699
18.514,0,2.699
18.515,0,2.699
18.516,0,2.699
18.517,0,2.699
18.518,0,2.699
18.519,0,2.699
18.52,0,2.699
18.521,0,2.699
18.522,0,2.699
18.523,0,2.699
18.524,0,2.699
18.525,0,2.699
18.526,0,2.699
18.527,0,2.699
18.528,0,2.699
18.529,0,2.699
18.53,0,2.699
18.531,0,2.699
18.532,0,2.699
18.533,0,2.699
18.534,0,2.699
18.535,0,2.699
18.536,0,2.699
18.537,0,2.699
18.538,0,2.699
18.539,0,2.699
18.54,0,2.699
18.541,0,2.699
18.542,0,2.699
18.543,0,2.699
18.544,0,2.699
18.545,0,2.699
18.546,0,2.699
18.547,0,2.699
18.548,0,2.699
18.549,0,2.699
18.55,0,2.699
18.551,0,2.699
18.552,0,2.699
18.553,0,2.699
18.554,0,2.699
18.555,0,2.699
18.556,0,2.699
18.557,0,2.699
18.558,0,2.699
18.559,0,2.699
18.56,0,2.699
18.561,0,2.699
18.562,0,2.699
18.563,0,2.699
18.564,0,2.699
18.565,0,2.699
18.566,0,2.699
18.567,0,2.699
18.568,0,2.699
18.569,0,2.699
18.57,0,2.699
18.571,0,2.699
18.572,0,2.699
18.573,0,2.699
18.574,0,2.699
18.575,0,2.699
18.576,0,2.699
18.577,0,2.699
18.578,0,2.699
18.579,0,2.699
18.58,0,2.699
18.581,0,2.699
18.582,0,2.699
18.583,0,2.699
18.584,0,2.699
18.585,0,2.699
18.586,0,2.699
18.587,0,2.699
18.588,0,2.699
18.589,0,2.699
18.59,0,2.699
18.591,0,2.699
18.592,0,2.699
18.593,0,2.699
18.594,0,2.699
18.595,0,2.699
18.596,0,2.699
18.597,0,2.699
18.598,0,2.699
18.599,0,2.699
18.6,0,2.699
18.601,0,2.699
18.602,0,2.699
18.603,0,2.699
18.604,0,2.699
18.605,0,2.699
18.606,0,2.699
18.607,0,2.699
18.608,0,2.699
18.609,0,2.699
18.61,0,2.699
18.611,0,2.699
18.612,0,2.699
18.613,0,2.699
18.614,0,2.699
18.615,0,2.699
18.616,0,2.699
18.617,0,2.699
18.618,0,2.699
18.619,0,2.699
18.62,0,2.699
18.621,0,2.699
18.622,0,2.699
18.623,0,2.699
18.624,0,2.699
18.625,0,2.699
18.626,0,2.699
18.627,0,2.699
18.628,0,2.699
18.629,0,2.699
18.63,0,2.699
18.631,0,2.699
18.632,0,2.699
18.633,0,2.699
18.634,0,2.699
18.635,0,2.699
18.636,0,2.699
18.637,0,2.699
18.638,0,2.699
18.639,0,2.699
18.64,0,2.699
18.641,0,2.699
18.642,0,2.699
18.643,0,2.699
18.644,0,2.699
18.645,0,2.699
18.646,0,2.699
18.647,0,2.699
18.648,0,2.699
18.649,0,2.699
18.65,0,2.699
18.651,0,2.699
18.652,0,2.699
18.653,0,2.699
18.654,0,2.699
18.655,0,2.699
18.656,0,2.699
18.657,0,2.699
18.658,0,2.699
18.659,0,2.699
18.66,0,2.699
18.661,0,2.699
18.662,0,2.699
18.663,0,2.699
18.664,0,2.699
18.665,0,2.699
18.666,0,2.699
18.667,0,2.699
18.668,0,2.699
18.669,0,2.699
18.67,0,2.699
18.671,0,2.699
18.672,0,2.699
18.673,0,2.699
18.674,0,2.699
18.675,0,2.699
18.676,0,2.699
18.677,0,2.699
18.678,0,2.699
18.679,0,2.699
18.68,0,2.699
18.681,0,2.699
18.682,0,2.699
18.683,0,2.699
18.684,0,2.699
18.685,0,2.699
18.686,0,2.699
18.687,0,2.699
18.688,0,2.699
18.689,0,2.699
18.69,0,2.699
18.691,0,2.699
18.692,0,2.699
18.693,0,2.699
18.694,0,2.699
18.695,0,2.699
18.696,0,2.699
18.697,0,2.699
18.698,0,2.699
18.699,0,2.699
18.7,0,2.699
18.701,0,2.699
18.702,0,2.699
18.703,0,2.699
18.704,0,2.699
18.705,0,2.699
18.706,0,2.699
18.707,0,2.699
18.708,0,2.699
18.709,0,2.699
18.71,0,2.699
18.711,0,2.699
18.712,0,2.699
18.713,0,2.699
18.714,0,2.699
18.715,0,2.699
18.716,0,2.699
18.717,0,2.699
18.718,0,2.699
18.719,0,2.699
18.72,0,2.699
18.721,0,2.699
18.722,0,2.699
18.723,0,2.699
18.724,0,2.699
18.725,0,2.699
18.726,0,2.699
18.727,0,2.699
18.728,0,2.699
18.729,0,2.699
18.73,0,2.699
18.731,0,2.699
18.732,0,2.699
18.733,0,2.699
18.734,0,2.699
18.735,0,2.699
18.736,0,2.699
18.737,0,2.699
18.738,0,2.699
18.739,0,2.699
18.74,0,2.699
18.741,0,2.699
18.742,0,2.699
18.743,0,2.699
18.744,0,2.699
18.745,0,2.699
18.746,0,2.699
18.747,0,2.699
18.748,0,2.699
18.749,0,2.699
18.75,0,2.699
18.751,0,2.699
18.752,0,2.699
18.753,0,2.699
18.754,0,2.699
18.755,0,2.699
18.756,0,2.699
18.757,0,2.699
18.758,0,2.699
18.759,0,2.699
18.76,0,2.699
18.761,0,2.699
18.762,0,2.699
18.763,0,2.699
18.764,0,2.699
18.765,0,2.699
18.766,0,2.699
18.767,0,2.699
18.768,0,2.699
18.769,0,2.699
18.77,0,2.699
18.771,0,2.699
18.772,0,2.699
18.773,0,2.699
18.774,0,2.699
18.775,0,2.699
18.776,0,2.699
18.777,0,2.699
18.778,0,2.699
18.779,0,2.699
18.78,0,2.699
18.781,0,2.699
18.782,0,2.699
18.783,0,2.699
18.784,0,2.699
18.785,0,2.699
18.786,0,2.699
18.787,0,2.699
18.788,0,2.699
18.789,0,2.699
18.79,0,2.699
18.791,0,2.699
18.792,0,2.699
18.793,0,2.699
18.794,0,2.699
18.795,0,2.699
18.796,0,2.699
18.797,0,2.699
18.798,0,2.699
18.799,0,2.699
18.8,0,2.699
18.801,0,2.699
18.802,0,2.699
18.803,0,2.699
18.804,0,2.699
18.805,0,2.699
18.806,0,2.699
18.807,0,2.699
18.808,0,2.699
18.809,0,2.699
18.81,0,2.699
18.811,0,2.699
18.812,0,2.699
18.813,0,2.699
18.814,0,2.699
18.815,0,2.699
18.816,0,2.699
18.817,0,2.699
18.818,0,2.699
18.819,0,2.699
18.82,0,2.699
18.821,0,2.699
18.822,0,2.699
18.823,0,2.699
18.824,0,2.699
18.825,0,2.699
18.826,0,2.699
18.827,0,2.699
18.828,0,2.699
18.829,0,2.699
18.83,0,2.699
18.831,0,2.699
18.832,0,2.699
18.833,0,2.699
18.834,0,2.699
18.835,0,2.699
18.836,0,2.699
18.837,0,2.699
18.838,0,2.699
18.839,0,2.699
18.84,0,2.699
18.841,0,2.699
18.842,0,2.699
18.843,0,2.699
18.844,0,2.699
18.845,0,2.699
18.846,0,2.699
18.847,0,2.699
18.848,0,2.699
18.849,0,2.699
18.85,0,2.699
18.851,0,2.699
18.852,0,2.699
18.853,0,2.699
18.854,0,2.699
18.855,0,2.699
18.856,0,2.699
18.857,0,2.699
18.858,0,2.699
18.859,0,2.699
18.86,0,2.699
18.861,0,2.699
18.862,0,2.699
18.863,0,2.699
18.864,0,2.699
18.865,0,2.699
18.866,0,2.699
18.867,0,2.699
18.868,0,2.699
18.869,0,2.699
18.87,0,2.699
18.871,0,2.699
18.872,0,2.699
18.873,0,2.699
18.874,0,2.699
18.875,0,2.699
18.876,0,2.699
18.877,0,2.699
18.878,0,2.699
18.879,0,2.699
18.88,0,2.699
18.881,0,2.699
18.882,0,2.699
18.883,0,2.699
18.884,0,2.699
18.885,0,2.699
18.886,0,2.699
18.887,0,2.699
18.888,0,2.699
18.889,0,2.699
18.89,0,2.699
18.891,0,2.699
18.892,0,2.699
18.893,0,2.699
18.894,0,2.699
18.895,0,2.699
18.896,0,2.699
18.897,0,2.699
18.898,0,2.699
18.899,0,2.699
18.9,0,2.699
18.901,0,2.699
18.902,0,2.699
18.903,0,2.699
18.904,0,2.699
18.905,0,2.699
18.906,0,2.699
18.907,0,2.699
18.908,0,2.699
18.909,0,2.699
18.91,0,2.699
18.911,0,2.699
18.912,0,2.699
18.913,0,2.699
18.914,0,2.699
18.915,0,2.699
18.916,0,2.699
18.917,0,2.699
18.918,0,2.699
18.919,0,2.699
18.92,0,2.699
18.921,0,2.699
18.922,0,2.699
18.923,0,2.699
18.924,0,2.699
18.925,0,2.699
18.926,0,2.699
18.927,0,2.699
18.928,0,2.699
18.929,0,2.699
18.93,0,2.699
18.931,0,2.699
18.932,0,2.699
18.933,0,2.699
18.934,0,2.699
18.935,0,2.699
18.936,0,2.699
18.937,0,2.699
18.938,0,2.699
18.939,0,2.699
18.94,0,2.699
18.941,0,2.699
18.942,0,2.699
18.943,0,2.699
18.944,0,2.699
18.945,0,2.699
18.946,0,2.699
18.947,0,2.699
18.948,0,2.699
18.949,0,2.699
18.95,0,2.699
18.951,0,2.699
18.952,0,2.699
18.953,0,2.699
18.954,0,2.699
18.955,0,2.699
18.956,0,2.699
18.957,0,2.699
18.958,0,2.699
18.959,0,2.699
18.96,0,2.699
18.961,0,2.699
18.962,0,2.699
18.963,0,2.699
18.964,0,2.699
18.965,0,2.699
18.966,0,2.699
18.967,0,2.699
18.968,0,2.699
18.969,0,2.699
18.97,0,2.699
18.971,0,2.699
18.972,0,2.699
18.973,0,2.699
18.974,0,2.699
18.975,0,2.699
18.976,0,2.699
18.977,0,2.699
18.978,0,2.699
18.979,0,2.699
18.98,0,2.699
18.981,0,2.699
18.982,0,2.699
18.983,0,2.699
18.984,0,2.699
18.985,0,2.699
18.986,0,2.699
18.987,0,2.699
18.988,0,2.699
18.989,0,2.699
18.99,0,2.699
18.991,0,2.699
18.992,0,2.699
18.993,0,2.699
18.994,0,2.699
18.995,0,2.699
18.996,0,2.699
18.997,0,2.699
18.998,0,2.699
18.999,0,2.699
19,0,2.699
19.001,0,2.699
19.002,0,2.699
19.003,0,2.699
19.004,0,2.699
19.005,0,2.699
19.006,0,2.699
19.007,0,2.699
19.008,0,2.699
19.009,0,2.699
19.01,0,2.699
19.011,0,2.699
19.012,0,2.699
19.013,0,2.699
19.014,0,2.699
19.015,0,2.699
19.016,0,2.699
19.017,0,2.699
19.018,0,2.699
19.019,0,2.699
19.02,0,2.699
19.021,0,2.699
19.022,0,2.699
19.023,0,2.699
19.024,0,2.699
19.025,0,2.699
19.026,0,2.699
19.027,0,2.699
19.028,0,2.699
19.029,0,2.699
19.03,0,2.699
19.031,0,2.699
19.032,0,2.699
19.033,0,2.699
19.034,0,2.699
19.035,0,2.699
19.036,0,2.699
19.037,0,2.699
19.038,0,2.699
19.039,0,2.699
19.04,0,2.699
19.041,0,2.699
19.042,0,2.699
19.043,0,2.699
19.044,0,2.699
19.045,0,2.699
19.046,0,2.699
19.047,0,2.699
19.048,0,2.699
19.049,0,2.699
19.05,0,2.699
19.051,0,2.699
19.052,0,2.699
19.053,0,2.699
19.054,0,2.699
19.055,0,2.699
19.056,0,2.699
19.057,0,2.699
19.058,0,2.699
19.059,0,2.699
19.06,0,2.699
19.061,0,2.699
19.062,0,2.699
19.063,0,2.699
19.064,0,2.699
19.065,0,2.699
19.066,0,2.699
19.067,0,2.699
19.068,0,2.699
19.069,0,2.699
19.07,0,2.699
19.071,0,2.699
19.072,0,2.699
19.073,0,2.699
19.074,0,2.699
19.075,0,2.699
19.076,0,2.699
19.077,0,2.699
19.078,0,2.699
19.079,0,2.699
19.08,0,2.699
19.081,0,2.699
19.082,0,2.699
19.083,0,2.699
19.084,0,2.699
19.085,0,2.699
19.086,0,2.699
19.087,0,2.699
19.088,0,2.699
19.089,0,2.699
19.09,0,2.699
19.091,0,2.699
19.092,0,2.699
19.093,0,2.699
19.094,0,2.699
19.095,0,2.699
19.096,0,2.699
19.097,0,2.699
19.098,0,2.699
19.099,0,2.699
19.1,0,2.699
19.101,0,2.699
19.102,0,2.699
19.103,0,2.699
19.104,0,2.699
19.105,0,2.699
19.106,0,2.699
19.107,0,2.699
19.108,0,2.699
19.109,0,2.699
19.11,0,2.699
19.111,0,2.699
19.112,0,2.699
19.113,0,2.699
19.114,0,2.699
19.115,0,2.699
19.116,0,2.699
19.117,0,2.699
19.118,0,2.699
19.119,0,2.699
19.12,0,2.699
19.121,0,2.699
19.122,0,2.699
19.123,0,2.699
19.124,0,2.699
19.125,0,2.699
19.126,0,2.699
19.127,0,2.699
19.128,0,2.699
19.129,0,2.699
19.13,0,2.699
19.131,0,2.699
19.132,0,2.699
19.133,0,2.699
19.134,0,2.699
19.135,0,2.699
19.136,0,2.699
19.137,0,2.699
19.138,0,2.699
19.139,0,2.699
19.14,0,2.699
19.141,0,2.699
19.142,0,2.699
19.143,0,2.699
19.144,0,2.699
19.145,0,2.699
19.146,0,2.699
19.147,0,2.699
19.148,0,2.699
19.149,0,2.699
19.15,0,2.699
19.151,0,2.699
19.152,0,2.699
19.153,0,2.699
19.154,0,2.699
19.155,0,2.699
19.156,0,2.699
19.157,0,2.699
19.158,0,2.699
19.159,0,2.699
19.16,0,2.699
19.161,0,2.699
19.162,0,2.699
19.163,0,2.699
19.164,0,2.699
19.165,0,2.699
19.166,0,2.699
19.167,0,2.699
19.168,0,2.699
19.169,0,2.699
19.17,0,2.699
19.171,0,2.699
19.172,0,2.699
19.173,0,2.699
19.174,0,2.699
19.175,0,2.699
19.176,0,2.699
19.177,0,2.699
19.178,0,2.699
19.179,0,2.699
19.18,0,2.699
19.181,0,2.699
19.182,0,2.699
19.183,0,2.699
19.184,0,2.699
19.185,0,2.699
19.186,0,2.699
19.187,0,2.699
19.188,0,2.699
19.189,0,2.699
19.19,0,2.699
19.191,0,2.699
19.192,0,2.699
19.193,0,2.699
19.194,0,2.699
19.195,0,2.699
19.196,0,2.699
19.197,0,2.699
19.198,0,2.699
19.199,0,2.699
19.2,0,2.699
19.201,0,2.699
19.202,0,2.699
19.203,0,2.699
19.204,0,2.699
19.205,0,2.699
19.206,0,2.699
19.207,0,2.699
19.208,0,2.699
19.209,0,2.699
19.21,0,2.699
19.211,0,2.699
19.212,0,2.699
19.213,0,2.699
19.214,0,2.699
19.215,0,2.699
19.216,0,2.699
19.217,0,2.699
19.218,0,2.699
19.219,0,2.699
19.22,0,2.699
19.221,0,2.699
19.222,0,2.699
19.223,0,2.699
19.224,0,2.699
19.225,0,2.699
19.226,0,2.699
19.227,0,2.699
19.228,0,2.699
19.229,0,2.699
19.23,0,2.699
19.231,0,2.699
19.232,0,2.699
19.233,0,2.699
19.234,0,2.699
19.235,0,2.699
19.236,0,2.699
19.237,0,2.699
19.238,0,2.699
19.239,0,2.699
19.24,0,2.699
19.241,0,2.699
19.242,0,2.699
19.243,0,2.699
19.244,0,2.699
19.245,0,2.699
19.246,0,2.699
19.247,0,2.699
19.248,0,2.699
19.249,0,2.699
19.25,0,2.699
19.251,0,2.699
19.252,0,2.699
19.253,0,2.699
19.254,0,2.699
19.255,0,2.699
19.256,0,2.699
19.257,0,2.699
19.258,0,2.699
19.259,0,2.699
19.26,0,2.699
19.261,0,2.699
19.262,0,2.699
19.263,0,2.699
19.264,0,2.699
19.265,0,2.699
19.266,0,2.699
19.267,0,2.699
19.268,0,2.699
19.269,0,2.699
19.27,0,2.699
19.271,0,2.699
19.272,0,2.699
19.273,0,2.699
19.274,0,2.699
19.275,0,2.699
19.276,0,2.699
19.277,0,2.699
19.278,0,2.699
19.279,0,2.699
19.28,0,2.699
19.281,0,2.699
19.282,0,2.699
19.283,0,2.699
19.284,0,2.699
19.285,0,2.699
19.286,0,2.699
19.287,0,2.699
19.288,0,2.699
19.289,0,2.699
19.29,0,2.699
19.291,0,2.699
19.292,0,2.699
19.293,0,2.699
19.294,0,2.699
19.295,0,2.699
19.296,0,2.699
19.297,0,2.699
19.298,0,2.699
19.299,0,2.699
19.3,0,2.699
19.301,0,2.699
19.302,0,2.699
19.303,0,2.699
19.304,0,2.699
19.305,0,2.699
19.306,0,2.699
19.307,0,2.699
19.308,0,2.699
19.309,0,2.699
19.31,0,2.699
19.311,0,2.699
19.312,0,2.699
19.313,0,2.699
19.314,0,2.699
19.315,0,2.699
19.316,0,2.699
19.317,0,2.699
19.318,0,2.699
19.319,0,2.699
19.32,0,2.699
19.321,0,2.699
19.322,0,2.699
19.323,0,2.699
19.324,0,2.699
19.325,0,2.699
19.326,0,2.699
19.327,0,2.699
19.328,0,2.699
19.329,0,2.699
19.33,0,2.699
19.331,0,2.699
19.332,0,2.699
19.333,0,2.699
19.334,0,2.699
19.335,0,2.699
19.336,0,2.699
19.337,0,2.699
19.338,0,2.699
19.339,0,2.699
19.34,0,2.699
19.341,0,2.699
19.342,0,2.699
19.343,0,2.699
19.344,0,2.699
19.345,0,2.699
19.346,0,2.699
19.347,0,2.699
19.348,0,2.699
19.349,0,2.699
19.35,0,2.699
19.351,0,2.699
19.352,0,2.699
19.353,0,2.699
19.354,0,2.699
19.355,0,2.699
19.356,0,2.699
19.357,0,2.699
19.358,0,2.699
19.359,0,2.699
19.36,0,2.699
19.361,0,2.699
19.362,0,2.699
19.363,0,2.699
19.364,0,2.699
19.365,0,2.699
19.366,0,2.699
19.367,0,2.699
19.368,0,2.699
19.369,0,2.699
19.37,0,2.699
19.371,0,2.699
19.372,0,2.699
19.373,0,2.699
19.374,0,2.699
19.375,0,2.699
19.376,0,2.699
19.377,0,2.699
19.378,0,2.699
19.379,0,2.699
19.38,0,2.699
19.381,0,2.699
19.382,0,2.699
19.383,0,2.699
19.384,0,2.699
19.385,0,2.699
19.386,0,2.699
19.387,0,2.699
19.388,0,2.699
19.389,0,2.699
19.39,0,2.699
19.391,0,2.699
19.392,0,2.699
19.393,0,2.699
19.394,0,2.699
19.395,0,2.699
19.396,0,2.699
19.397,0,2.699
19.398,0,2.699
19.399,0,2.699
19.4,0,2.699
19.401,0,2.699
19.402,0,2.699
19.403,0,2.699
19.404,0,2.699
19.405,0,2.699
19.406,0,2.699
19.407,0,2.699
19.408,0,2.699
19.409,0,2.699
19.41,0,2.699
19.411,0,2.699
19.412,0,2.699
19.413,0,2.699
19.414,0,2.699
19.415,0,2.699
19.416,0,2.699
19.417,0,2.699
19.418,0,2.699
19.419,0,2.699
19.42,0,2.699
19.421,0,2.699
19.422,0,2.699
19.423,0,2.699
19.424,0,2.699
19.425,0,2.699
19.426,0,2.699
19.427,0,2.699
19.428,0,2.699
19.429,0,2.699
19.43,0,2.699
19.431,0,2.699
19.432,0,2.699
19.433,0,2.699
19.434,0,2.699
19.435,0,2.699
19.436,0,2.699
19.437,0,2.699
19.438,0,2.699
19.439,0,2.699
19.44,0,2.699
19.441,0,2.699
19.442,0,2.699
19.443,0,2.699
19.444,0,2.699
19.445,0,2.699
19.446,0,2.699
19.447,0,2.699
19.448,0,2.699
19.449,0,2.699
19.45,0,2.699
19.451,0,2.699
19.452,0,2.699
19.453,0,2.699
19.454,0,2.699
19.455,0,2.699
19.456,0,2.699
19.457,0,2.699
19.458,0,2.699
19.459,0,2.699
19.46,0,2.699
19.461,0,2.699
19.462,0,2.699
19.463,0,2.699
19.464,0,2.699
19.465,0,2.699
19.466,0,2.699
19.467,0,2.699
19.468,0,2.699
19.469,0,2.699
19.47,0,2.699
19.471,0,2.699
19.472,0,2.699
19.473,0,2.699
19.474,0,2.699
19.475,0,2.699
19.476,0,2.699
19.477,0,2.699
19.478,0,2.699
19.479,0,2.699
19.48,0,2.699
19.481,0,2.699
19.482,0,2.699
19.483,0,2.699
19.484,0,2.699
19.485,0,2.699
19.486,0,2.699
19.487,0,2.699
19.488,0,2.699
19.489,0,2.699
19.49,0,2.699
19.491,0,2.699
19.492,0,2.699
19.493,0,2.699
19.494,0,2.699
19.495,0,2.699
19.496,0,2.699
19.497,0,2.699
19.498,0,2.699
19.499,0,2.699
19.5,0,2.699
19.501,0,2.699
19.502,0,2.699
19.503,0,2.699
19.504,0,2.699
19.505,0,2.699
19.506,0,2.699
19.507,0,2.699
19.508,0,2.699
19.509,0,2.699
19.51,0,2.699
19.511,0,2.699
19.512,0,2.699
19.513,0,2.699
19.514,0,2.699
19.515,0,2.699
19.516,0,2.699
19.517,0,2.699
19.518,0,2.699
19.519,0,2.699
19.52,0,2.699
19.521,0,2.699
19.522,0,2.699
19.523,0,2.699
19.524,0,2.699
19.525,0,2.699
19.526,0,2.699
19.527,0,2.699
19.528,0,2.699
19.529,0,2.699
19.53,0,2.699
19.531,0,2.699
19.532,0,2.699
19.533,0,2.699
19.534,0,2.699
19.535,0,2.699
19.536,0,2.699
19.537,0,2.699
19.538,0,2.699
19.539,0,2.699
19.54,0,2.699
19.541,0,2.699
19.542,0,2.699
19.543,0,2.699
19.544,0,2.699
19.545,0,2.699
19.546,0,2.699
19.547,0,2.699
19.548,0,2.699
19.549,0,2.699
19.55,0,2.699
19.551,0,2.699
19.552,0,2.699
19.553,0,2.699
19.554,0,2.699
19.555,0,2.699
19.556,0,2.699
19.557,0,2.699
19.558,0,2.699
19.559,0,2.699
19.56,0,2.699
19.561,0,2.699
19.562,0,2.699
19.563,0,2.699
19.564,0,2.699
19.565,0,2.699
19.566,0,2.699
19.567,0,2.699
19.568,0,2.699
19.569,0,2.699
19.57,0,2.699
19.571,0,2.699
19.572,0,2.699
19.573,0,2.699
19.574,0,2.699
19.575,0,2.699
19.576,0,2.699
19.577,0,2.699
19.578,0,2.699
19.579,0,2.699
19.58,0,2.699
19.581,0,2.699
19.582,0,2.699
19.583,0,2.699
19.584,0,2.699
19.585,0,2.699
19.586,0,2.699
19.587,0,2.699
19.588,0,2.699
19.589,0,2.699
19.59,0,2.699
19.591,0,2.699
19.592,0,2.699
19.593,0,2.699
19.594,0,2.699
19.595,0,2.699
19.596,0,2.699
19.597,0,2.699
19.598,0,2.699
19.599,0,2.699
19.6,0,2.699
19.601,0,2.699
19.602,0,2.699
19.603,0,2.699
19.604,0,2.699
19.605,0,2.699
19.606,0,2.699
19.607,0,2.699
19.608,0,2.699
19.609,0,2.699
19.61,0,2.699
19.611,0,2.699
19.612,0,2.699
19.613,0,2.699
19.614,0,2.699
19.615,0,2.699
19.616,0,2.699
19.617,0,2.699
19.618,0,2.699
19.619,0,2.699
19.62,0,2.699
19.621,0,2.699
19.622,0,2.699
19.623,0,2.699
19.624,0,2.699
19.625,0,2.699
19.626,0,2.699
19.627,0,2.699
19.628,0,2.699
19.629,0,2.699
19.63,0,2.699
19.631,0,2.699
19.632,0,2.699
19.633,0,2.699
19.634,0,2.699
19.635,0,2.699
19.636,0,2.699
19.637,0,2.699
19.638,0,2.699
19.639,0,2.699
19.64,0,2.699
19.641,0,2.699
19.642,0,2.699
19.643,0,2.699
19.644,0,2.699
19.645,0,2.699
19.646,0,2.699
19.647,0,2.699
19.648,0,2.699
19.649,0,2.699
19.65,0,2.699
19.651,0,2.699
19.652,0,2.699
19.653,0,2.699
19.654,0,2.699
19.655,0,2.699
19.656,0,2.699
19.657,0,2.699
19.658,0,2.699
19.659,0,2.699
19.66,0,2.699
19.661,0,2.699
19.662,0,2.699
19.663,0,2.699
19.664,0,2.699
19.665,0,2.699
19.666,0,2.699
19.667,0,2.699
19.668,0,2.699
19.669,0,2.699
19.67,0,2.699
19.671,0,2.699
19.672,0,2.699
19.673,0,2.699
19.674,0,2.699
19.675,0,2.699
19.676,0,2.699
19.677,0,2.699
19.678,0,2.699
19.679,0,2.699
19.68,0,2.699
19.681,0,2.699
19.682,0,2.699
19.683,0,2.699
19.684,0,2.699
19.685,0,2.699
19.686,0,2.699
19.687,0,2.699
19.688,0,2.699
19.689,0,2.699
19.69,0,2.699
19.691,0,2.699
19.692,0,2.699
19.693,0,2.699
19.694,0,2.699
19.695,0,2.699
19.696,0,2.699
19.697,0,2.699
19.698,0,2.699
19.699,0,2.699
19.7,0,2.699
19.701,0,2.699
19.702,0,2.699
19.703,0,2.699
19.704,0,2.699
19.705,0,2.699
19.706,0,2.699
19.707,0,2.699
19.708,0,2.699
19.709,0,2.699
19.71,0,2.699
19.711,0,2.699
19.712,0,2.699
19.713,0,2.699
19.714,0,2.699
19.715,0,2.699
19.716,0,2.699
19.717,0,2.699
19.718,0,2.699
19.719,0,2.699
19.72,0,2.699
19.721,0,2.699
19.722,0,2.699
19.723,0,2.699
19.724,0,2.699
19.725,0,2.699
19.726,0,2.699
19.727,0,2.699
19.728,0,2.699
19.729,0,2.699
19.73,0,2.699
19.731,0,2.699
19.732,0,2.699
19.733,0,2.699
19.734,0,2.699
19.735,0,2.699
19.736,0,2.699
19.737,0,2.699
19.738,0,2.699
19.739,0,2.699
19.74,0,2.699
19.741,0,2.699
19.742,0,2.699
19.743,0,2.699
19.744,0,2.699
19.745,0,2.699
19.746,0,2.699
19.747,0,2.699
19.748,0,2.699
19.749,0,2.699
19.75,0,2.699
19.751,0,2.699
19.752,0,2.699
19.753,0,2.699
19.754,0,2.699
19.755,0,2.699
19.756,0,2.699
19.757,0,2.699
19.758,0,2.699
19.759,0,2.699
19.76,0,2.699
19.761,0,2.699
19.762,0,2.699
19.763,0,2.699
19.764,0,2.699
19.765,0,2.699
19.766,0,2.699
19.767,0,2.699
19.768,0,2.699
19.769,0,2.699
19.77,0,2.699
19.771,0,2.699
19.772,0,2.699
19.773,0,2.699
19.774,0,2.699
19.775,0,2.699
19.776,0,2.699
19.777,0,2.699
19.778,0,2.699
19.779,0,2.699
19.78,0,2.699
19.781,0,2.699
19.782,0,2.699
19.783,0,2.699
19.784,0,2.699
19.785,0,2.699
19.786,0,2.699
19.787,0,2.699
19.788,0,2.699
19.789,0,2.699
19.79,0,2.699
19.791,0,2.699
19.792,0,2.699
19.793,0,2.699
19.794,0,2.699
19.795,0,2.699
19.796,0,2.699
19.797,0,2.699
19.798,0,2.699
19.799,0,2.699
19.8,0,2.699
19.801,0,2.699
19.802,0,2.699
19.803,0,2.699
19.804,0,2.699
19.805,0,2.699
19.806,0,2.699
19.807,0,2.699
19.808,0,2.699
19.809,0,2.699
19.81,0,2.699
19.811,0,2.699
19.812,0,2.699
19.813,0,2.699
19.814,0,2.699
19.815,0,2.699
19.816,0,2.699
19.817,0,2.699
19.818,0,2.699
19.819,0,2.699
19.82,0,2.699
19.821,0,2.699
19.822,0,2.699
19.823,0,2.699
19.824,0,2.699
19.825,0,2.699
19.826,0,2.699
19.827,0,2.699
19.828,0,2.699
19.829,0,2.699
19.83,0,2.699
19.831,0,2.699
19.832,0,2.699
19.833,0,2.699
19.834,0,2.699
19.835,0,2.699
19.836,0,2.699
19.837,0,2.699
19.838,0,2.699
19.839,0,2.699
19.84,0,2.699
19.841,0,2.699
19.842,0,2.699
19.843,0,2.699
19.844,0,2.699
19.845,0,2.699
19.846,0,2.699
19.847,0,2.699
19.848,0,2.699
19.849,0,2.699
19.85,0,2.699
19.851,0,2.699
19.852,0,2.699
19.853,0,2.699
19.854,0,2.699
19.855,0,2.699
19.856,0,2.699
19.857,0,2.699
19.858,0,2.699
19.859,0,2.699
19.86,0,2.699
19.861,0,2.699
19.862,0,2.699
19.863,0,2.699
19.864,0,2.699
19.865,0,2.699
19.866,0,2.699
19.867,0,2.699
19.868,0,2.699
19.869,0,2.699
19.87,0,2.699
19.871,0,2.699
19.872,0,2.699
19.873,0,2.699
19.874,0,2.699
19.875,0,2.699
19.876,0,2.699
19.877,0,2.699
19.878,0,2.699
19.879,0,2.699
19.88,0,2.699
19.881,0,2.699
19.882,0,2.699
19.883,0,2.699
19.884,0,2.699
19.885,0,2.699
19.886,0,2.699
19.887,0,2.699
19.888,0,2.699
19.889,0,2.699
19.89,0,2.699
19.891,0,2.699
19.892,0,2.699
19.893,0,2.699
19.894,0,2.699
19.895,0,2.699
19.896,0,2.699
19.897,0,2.699
19.898,0,2.699
19.899,0,2.699
19.9,0,2.699
19.901,0,2.699
19.902,0,2.699
19.903,0,2.699
19.904,0,2.699
19.905,0,2.699
19.906,0,2.699
19.907,0,2.699
19.908,0,2.699
19.909,0,2.699
19.91,0,2.699
19.911,0,2.699
19.912,0,2.699
19.913,0,2.699
19.914,0,2.699
19.915,0,2.699
19.916,0,2.699
19.917,0,2.699
19.918,0,2.699
19.919,0,2.699
19.92,0,2.699
19.921,0,2.699
19.922,0,2.699
19.923,0,2.699
19.924,0,2.699
19.925,0,2.699
19.926,0,2.699
19.927,0,2.699
19.928,0,2.699
19.929,0,2.699
19.93,0,2.699
19.931,0,2.699
19.932,0,2.699
19.933,0,2.699
19.934,0,2.699
19.935,0,2.699
19.936,0,2.699
19.937,0,2.699
19.938,0,2.699
19.939,0,2.699
19.94,0,2.699
19.941,0,2.699
19.942,0,2.699
19.943,0,2.699
19.944,0,2.699
19.945,0,2.699
19.946,0,2.699
19.947,0,2.699
19.948,0,2.699
19.949,0,2.699
19.95,0,2.699
19.951,0,2.699
19.952,0,2.699
19.953,0,2.699
19.954,0,2.699
19.955,0,2.699
19.956,0,2.699
19.957,0,2.699
19.958,0,2.699
19.959,0,2.699
19.96,0,2.699
19.961,0,2.699
19.962,0,2.699
19.963,0,2.699
19.964,0,2.699
19.965,0,2.699
19.966,0,2.699
19.967,0,2.699
19.968,0,2.699
19.969,0,2.699
19.97,0,2.699
19.971,0,2.699
19.972,0,2.699
19.973,0,2.699
19.974,0,2.699
19.975,0,2.699
19.976,0,2.699
19.977,0,2.699
19.978,0,2.699
19.979,0,2.699
19.98,0,2.699
19.981,0,2.699
19.982,0,2.699
19.983,0,2.699
19.984,0,2.699
19.985,0,2.699
19.986,0,2.699
19.987,0,2.699
19.988,0,2.699
19.989,0,2.699
19.99,0,2.699
19.991,0,2.699
19.992,0,2.699
19.993,0,2.699
19.994,0,2.699
19.995,0,2.699
19.996,0,2.699
19.997,0,2.699
19.998,0,2.699
19.999,0,2.699
20,0,2.699
20.001,0,2.699
20.002,0,2.699
20.003,0,2.699
20.004,0,2.699
20.005,0,2.699
20.006,0,2.699
20.007,0,2.699
20.008,0,2.699
20.009,0,2.699
20.01,0,2.699
20.011,0,2.699
20.012,0,2.699
20.013,0,2.699
20.014,0,2.699
20.015,0,2.699
20.016,0,2.699
20.017,0,2.699
20.018,0,2.699
20.019,0,2.699
20.02,0,2.699
20.021,0,2.699
20.022,0,2.699
20.023,0,2.699
20.024,0,2.699
20.025,0,2.699
20.026,0,2.699
20.027,0,2.699
20.028,0,2.699
20.029,0,2.699
20.03,0,2.699
20.031,0,2.699
20.032,0,2.699
20.033,0,2.699
20.034,0,2.699
20.035,0,2.699
20.036,0,2.699
20.037,0,2.699
20.038,0,2.699
20.039,0,2.699
20.04,0,2.699
20.041,0,2.699
20.042,0,2.699
20.043,0,2.699
20.044,0,2.699
20.045,0,2.699
20.046,0,2.699
20.047,0,2.699
20.048,0,2.699
20.049,0,2.699
20.05,0,2.699
20.051,0,2.699
20.052,0,2.699
20.053,0,2.699
20.054,0,2.699
20.055,0,2.699
20.056,0,2.699
20.057,0,2.699
20.058,0,2.699
20.059,0,2.699
20.06,0,2.699
20.061,0,2.699
20.062,0,2.699
20.063,0,2.699
20.064,0,2.699
20.065,0,2.699
20.066,0,2.699
20.067,0,2.699
20.068,0,2.699
20.069,0,2.699
20.07,0,2.699
20.071,0,2.699
20.072,0,2.699
20.073,0,2.699
20.074,0,2.699
20.075,0,2.699
20.076,0,2.699
20.077,0,2.699
20.078,0,2.699
20.079,0,2.699
20.08,0,2.699
20.081,0,2.699
20.082,0,2.699
20.083,0,2.699
20.084,0,2.699
20.085,0,2.699
20.086,0,2.699
20.087,0,2.699
20.088,0,2.699
20.089,0,2.699
20.09,0,2.699
20.091,0,2.699
20.092,0,2.699
20.093,0,2.699
20.094,0,2.699
20.095,0,2.699
20.096,0,2.699
20.097,0,2.699
20.098,0,2.699
20.099,0,2.699
20.1,0,2.699
20.101,0,2.699
20.102,0,2.699
20.103,0,2.699
20.104,0,2.699
20.105,0,2.699
20.106,0,2.699
20.107,0,2.699
20.108,0,2.699
20.109,0,2.699
20.11,0,2.699
20.111,0,2.699
20.112,0,2.699
20.113,0,2.699
20.114,0,2.699
20.115,0,2.699
20.116,0,2.699
20.117,0,2.699
20.118,0,2.699
20.119,0,2.699
20.12,0,2.699
20.121,0,2.699
20.122,0,2.699
20.123,0,2.699
20.124,0,2.699
20.125,0,2.699
20.126,0,2.699
20.127,0,2.699
20.128,0,2.699
20.129,0,2.699
20.13,0,2.699
20.131,0,2.699
20.132,0,2.699
20.133,0,2.699
20.134,0,2.699
20.135,0,2.699
20.136,0,2.699
20.137,0,2.699
20.138,0,2.699
20.139,0,2.699
20.14,0,2.699
20.141,0,2.699
20.142,0,2.699
20.143,0,2.699
20.144,0,2.699
20.145,0,2.699
20.146,0,2.699
20.147,0,2.699
20.148,0,2.699
20.149,0,2.699
20.15,0,2.699
20.151,0,2.699
20.152,0,2.699
20.153,0,2.699
20.154,0,2.699
20.155,0,2.699
20.156,0,2.699
20.157,0,2.699
20.158,0,2.699
20.159,0,2.699
20.16,0,2.699
20.161,0,2.699
20.162,0,2.699
20.163,0,2.699
20.164,0,2.699
20.165,0,2.699
20.166,0,2.699
20.167,0,2.699
20.168,0,2.699
20.169,0,2.699
20.17,0,2.699
20.171,0,2.699
20.172,0,2.699
20.173,0,2.699
20.174,0,2.699
20.175,0,2.699
20.176,0,2.699
20.177,0,2.699
20.178,0,2.699
20.179,0,2.699
20.18,0,2.699
20.181,0,2.699
20.182,0,2.699
20.183,0,2.699
20.184,0,2.699
20.185,0,2.699
20.186,0,2.699
20.187,0,2.699
20.188,0,2.699
20.189,0,2.699
20.19,0,2.699
20.191,0,2.699
20.192,0,2.699
20.193,0,2.699
20.194,0,2.699
20.195,0,2.699
20.196,0,2.699
20.197,0,2.699
20.198,0,2.699
20.199,0,2.699
20.2,0,2.699
20.201,0,2.699
20.202,0,2.699
20.203,0,2.699
20.204,0,2.699
20.205,0,2.699
20.206,0,2.699
20.207,0,2.699
20.208,0,2.699
20.209,0,2.699
20.21,0,2.699
20.211,0,2.699
20.212,0,2.699
20.213,0,2.699
20.214,0,2.699
20.215,0,2.699
20.216,0,2.699
20.217,0,2.699
20.218,0,2.699
20.219,0,2.699
20.22,0,2.699
20.221,0,2.699
20.222,0,2.699
20.223,0,2.699
20.224,0,2.699
20.225,0,2.699
20.226,0,2.699
20.227,0,2.699
20.228,0,2.699
20.229,0,2.699
20.23,0,2.699
20.231,0,2.699
20.232,0,2.699
20.233,0,2.699
20.234,0,2.699
20.235,0,2.699
20.236,0,2.699
20.237,0,2.699
20.238,0,2.699
20.239,0,2.699
20.24,0,2.699
20.241,0,2.699
20.242,0,2.699
20.243,0,2.699
20.244,0,2.699
20.245,0,2.699
20.246,0,2.699
20.247,0,2.699
20.248,0,2.699
20.249,0,2.699
20.25,0,2.699
20.251,0,2.699
20.252,0,2.699
20.253,0,2.699
20.254,0,2.699
20.255,0,2.699
20.256,0,2.699
20.257,0,2.699
20.258,0,2.699
20.259,0,2.699
20.26,0,2.699
20.261,0,2.699
20.262,0,2.699
20.263,0,2.699
20.264,0,2.699
20.265,0,2.699
20.266,0,2.699
20.267,0,2.699
20.268,0,2.699
20.269,0,2.699
20.27,0,2.699
20.271,0,2.699
20.272,0,2.699
20.273,0,2.699
20.274,0,2.699
20.275,0,2.699
20.276,0,2.699
20.277,0,2.699
20.278,0,2.699
20.279,0,2.699
20.28,0,2.699
20.281,0,2.699
20.282,0,2.699
20.283,0,2.699
20.284,0,2.699
20.285,0,2.699
20.286,0,2.699
20.287,0,2.699
20.288,0,2.699
20.289,0,2.699
20.29,0,2.699
20.291,0,2.699
20.292,0,2.699
20.293,0,2.699
20.294,0,2.699
20.295,0,2.699
20.296,0,2.699
20.297,0,2.699
20.298,0,2.699
20.299,0,2.699
20.3,0,2.699
20.301,0,2.699
20.302,0,2.699
20.303,0,2.699
20.304,0,2.699
20.305,0,2.699
20.306,0,2.699
20.307,0,2.699
20.308,0,2.699
20.309,0,2.699
20.31,0,2.699
20.311,0,2.699
20.312,0,2.699
20.313,0,2.699
20.314,0,2.699
20.315,0,2.699
20.316,0,2.699
20.317,0,2.699
20.318,0,2.699
20.319,0,2.699
20.32,0,2.699
20.321,0,2.699
20.322,0,2.699
20.323,0,2.699
20.324,0,2.699
20.325,0,2.699
20.326,0,2.699
20.327,0,2.699
20.328,0,2.699
20.329,0,2.699
20.33,0,2.699
20.331,0,2.699
20.332,0,2.699
20.333,0,2.699
20.334,0,2.699
20.335,0,2.699
20.336,0,2.699
20.337,0,2.699
20.338,0,2.699
20.339,0,2.699
20.34,0,2.699
20.341,0,2.699
20.342,0,2.699
20.343,0,2.699
20.344,0,2.699
20.345,0,2.699
20.346,0,2.699
20.347,0,2.699
20.348,0,2.699
20.349,0,2.699
20.35,0,2.699
20.351,0,2.699
20.352,0,2.699
20.353,0,2.699
20.354,0,2.699
20.355,0,2.699
20.356,0,2.699
20.357,0,2.699
20.358,0,2.699
20.359,0,2.699
20.36,0,2.699
20.361,0,2.699
20.362,0,2.699
20.363,0,2.699
20.364,0,2.699
20.365,0,2.699
20.366,0,2.699
20.367,0,2.699
20.368,0,2.699
20.369,0,2.699
20.37,0,2.699
20.371,0,2.699
20.372,0,2.699
20.373,0,2.699
20.374,0,2.699
20.375,0,2.699
20.376,0,2.699
20.377,0,2.699
20.378,0,2.699
20.379,0,2.699
20.38,0,2.699
20.381,0,2.699
20.382,0,2.699
20.383,0,2.699
20.384,0,2.699
20.385,0,2.699
20.386,0,2.699
20.387,0,2.699
20.388,0,2.699
20.389,0,2.699
20.39,0,2.699
20.391,0,2.699
20.392,0,2.699
20.393,0,2.699
20.394,0,2.699
20.395,0,2.699
20.396,0,2.699
20.397,0,2.699
20.398,0,2.699
20.399,0,2.699
20.4,0,2.699
20.401,0,2.699
20.402,0,2.699
20.403,0,2.699
20.404,0,2.699
20.405,0,2.699
20.406,0,2.699
20.407,0,2.699
20.408,0,2.699
20.409,0,2.699
20.41,0,2.699
20.411,0,2.699
20.412,0,2.699
20.413,0,2.699
20.414,0,2.699
20.415,0,2.699
20.416,0,2.699
20.417,0,2.699
20.418,0,2.699
20.419,0,2.699
20.42,0,2.699
20.421,0,2.699
20.422,0,2.699
20.423,0,2.699
20.424,0,2.699
20.425,0,2.699
20.426,0,2.699
20.427,0,2.699
20.428,0,2.699
20.429,0,2.699
20.43,0,2.699
20.431,0,2.699
20.432,0,2.699
20.433,0,2.699
20.434,0,2.699
20.435,0,2.699
20.436,0,2.699
20.437,0,2.699
20.438,0,2.699
20.439,0,2.699
20.44,0,2.699
20.441,0,2.699
20.442,0,2.699
20.443,0,2.699
20.444,0,2.699
20.445,0,2.699
20.446,0,2.699
20.447,0,2.699
20.448,0,2.699
20.449,0,2.699
20.45,0,2.699
20.451,0,2.699
20.452,0,2.699
20.453,0,2.699
20.454,0,2.699
20.455,0,2.699
20.456,0,2.699
20.457,0,2.699
20.458,0,2.699
20.459,0,2.699
20.46,0,2.699
20.461,0,2.699
20.462,0,2.699
20.463,0,2.699
20.464,0,2.699
20.465,0,2.699
20.466,0,2.699
20.467,0,2.699
20.468,0,2.699
20.469,0,2.699
20.47,0,2.699
20.471,0,2.699
20.472,0,2.699
20.473,0,2.699
20.474,0,2.699
20.475,0,2.699
20.476,0,2.699
20.477,0,2.699
20.478,0,2.699
20.479,0,2.699
20.48,0,2.699
20.481,0,2.699
20.482,0,2.699
20.483,0,2.699
20.484,0,2.699
20.485,0,2.699
20.486,0,2.699
20.487,0,2.699
20.488,0,2.699
20.489,0,2.699
20.49,0,2.699
20.491,0,2.699
20.492,0,2.699
20.493,0,2.699
20.494,0,2.699
20.495,0,2.699
20.496,0,2.699
20.497,0,2.699
20.498,0,2.699
20.499,0,2.699
20.5,0,2.699
20.501,0,2.699
20.502,0,2.699
20.503,0,2.699
20.504,0,2.699
20.505,0,2.699
20.506,0,2.699
20.507,0,2.699
20.508,0,2.699
20.509,0,2.699
20.51,0,2.699
20.511,0,2.699
20.512,0,2.699
20.513,0,2.699
20.514,0,2.699
20.515,0,2.699
20.516,0,2.699
20.517,0,2.699
20.518,0,2.699
20.519,0,2.699
20.52,0,2.699
20.521,0,2.699
20.522,0,2.699
20.523,0,2.699
20.524,0,2.699
20.525,0,2.699
20.526,0,2.699
20.527,0,2.699
20.528,0,2.699
20.529,0,2.699
20.53,0,2.699
20.531,0,2.699
20.532,0,2.699
20.533,0,2.699
20.534,0,2.699
20.535,0,2.699
20.536,0,2.699
20.537,0,2.699
20.538,0,2.699
20.539,0,2.699
20.54,0,2.699
20.541,0,2.699
20.542,0,2.699
20.543,0,2.699
20.544,0,2.699
20.545,0,2.699
20.546,0,2.699
20.547,0,2.699
20.548,0,2.699
20.549,0,2.699
20.55,0,2.699
20.551,0,2.699
20.552,0,2.699
20.553,0,2.699
20.554,0,2.699
20.555,0,2.699
20.556,0,2.699
20.557,0,2.699
20.558,0,2.699
20.559,0,2.699
20.56,0,2.699
20.561,0,2.699
20.562,0,2.699
20.563,0,2.699
20.564,0,2.699
20.565,0,2.699
20.566,0,2.699
20.567,0,2.699
20.568,0,2.699
20.569,0,2.699
20.57,0,2.699
20.571,0,2.699
20.572,0,2.699
20.573,0,2.699
20.574,0,2.699
20.575,0,2.699
20.576,0,2.699
20.577,0,2.699
20.578,0,2.699
20.579,0,2.699
20.58,0,2.699
20.581,0,2.699
20.582,0,2.699
20.583,0,2.699
20.584,0,2.699
20.585,0,2.699
20.586,0,2.699
20.587,0,2.699
20.588,0,2.699
20.589,0,2.699
20.59,0,2.699
20.591,0,2.699
20.592,0,2.699
20.593,0,2.699
20.594,0,2.699
20.595,0,2.699
20.596,0,2.699
20.597,0,2.699
20.598,0,2.699
20.599,0,2.699
20.6,0,2.699
20.601,0,2.699
20.602,0,2.699
20.603,0,2.699
20.604,0,2.699
20.605,0,2.699
20.606,0,2.699
20.607,0,2.699
20.608,0,2.699
20.609,0,2.699
20.61,0,2.699
20.611,0,2.699
20.612,0,2.699
20.613,0,2.699
20.614,0,2.699
20.615,0,2.699
20.616,0,2.699
20.617,0,2.699
20.618,0,2.699
20.619,0,2.699
20.62,0,2.699
20.621,0,2.699
20.622,0,2.699
20.623,0,2.699
20.624,0,2.699
20.625,0,2.699
20.626,0,2.699
20.627,0,2.699
20.628,0,2.699
20.629,0,2.699
20.63,0,2.699
20.631,0,2.699
20.632,0,2.699
20.633,0,2.699
20.634,0,2.699
20.635,0,2.699
20.636,0,2.699
20.637,0,2.699
20.638,0,2.699
20.639,0,2.699
20.64,0,2.699
20.641,0,2.699
20.642,0,2.699
20.643,0,2.699
20.644,0,2.699
20.645,0,2.699
20.646,0,2.699
20.647,0,2.699
20.648,0,2.699
20.649,0,2.699
20.65,0,2.699
20.651,0,2.699
20.652,0,2.699
20.653,0,2.699
20.654,0,2.699
20.655,0,2.699
20.656,0,2.699
20.657,0,2.699
20.658,0,2.699
20.659,0,2.699
20.66,0,2.699
20.661,0,2.699
20.662,0,2.699
20.663,0,2.699
20.664,0,2.699
20.665,0,2.699
20.666,0,2.699
20.667,0,2.699
20.668,0,2.699
20.669,0,2.699
20.67,0,2.699
20.671,0,2.699
20.672,0,2.699
20.673,0,2.699
20.674,0,2.699
20.675,0,2.699
20.676,0,2.699
20.677,0,2.699
20.678,0,2.699
20.679,0,2.699
20.68,0,2.699
20.681,0,2.699
20.682,0,2.699
20.683,0,2.699
20.684,0,2.699
20.685,0,2.699
20.686,0,2.699
20.687,0,2.699
20.688,0,2.699
20.689,0,2.699
20.69,0,2.699
20.691,0,2.699
20.692,0,2.699
20.693,0,2.699
20.694,0,2.699
20.695,0,2.699
20.696,0,2.699
20.697,0,2.699
20.698,0,2.699
20.699,0,2.699
20.7,0,2.699
20.701,0,2.699
20.702,0,2.699
20.703,0,2.699
20.704,0,2.699
20.705,0,2.699
20.706,0,2.699
20.707,0,2.699
20.708,0,2.699
20.709,0,2.699
20.71,0,2.699
20.711,0,2.699
20.712,0,2.699
20.713,0,2.699
20.714,0,2.699
20.715,0,2.699
20.716,0,2.699
20.717,0,2.699
20.718,0,2.699
20.719,0,2.699
20.72,0,2.699
20.721,0,2.699
20.722,0,2.699
20.723,0,2.699
20.724,0,2.699
20.725,0,2.699
20.726,0,2.699
20.727,0,2.699
20.728,0,2.699
20.729,0,2.699
20.73,0,2.699
20.731,0,2.699
20.732,0,2.699
20.733,0,2.699
20.734,0,2.699
20.735,0,2.699
20.736,0,2.699
20.737,0,2.699
20.738,0,2.699
20.739,0,2.699
20.74,0,2.699
20.741,0,2.699
20.742,0,2.699
20.743,0,2.699
20.744,0,2.699
20.745,0,2.699
20.746,0,2.699
20.747,0,2.699
20.748,0,2.699
20.749,0,2.699
20.75,0,2.699
20.751,0,2.699
20.752,0,2.699
20.753,0,2.699
20.754,0,2.699
20.755,0,2.699
20.756,0,2.699
20.757,0,2.699
20.758,0,2.699
20.759,0,2.699
20.76,0,2.699
20.761,0,2.699
20.762,0,2.699
20.763,0,2.699
20.764,0,2.699
20.765,0,2.699
20.766,0,2.699
20.767,0,2.699
20.768,0,2.699
20.769,0,2.699
20.77,0,2.699
20.771,0,2.699
20.772,0,2.699
20.773,0,2.699
20.774,0,2.699
20.775,0,2.699
20.776,0,2.699
20.777,0,2.699
20.778,0,2.699
20.779,0,2.699
20.78,0,2.699
20.781,0,2.699
20.782,0,2.699
20.783,0,2.699
20.784,0,2.699
20.785,0,2.699
20.786,0,2.699
20.787,0,2.699
20.788,0,2.699
20.789,0,2.699
20.79,0,2.699
20.791,0,2.699
20.792,0,2.699
20.793,0,2.699
20.794,0,2.699
20.795,0,2.699
20.796,0,2.699
20.797,0,2.699
20.798,0,2.699
20.799,0,2.699
20.8,0,2.699
20.801,0,2.699
20.802,0,2.699
20.803,0,2.699
20.804,0,2.699
20.805,0,2.699
20.806,0,2.699
20.807,0,2.699
20.808,0,2.699
20.809,0,2.699
20.81,0,2.699
20.811,0,2.699
20.812,0,2.699
20.813,0,2.699
20.814,0,2.699
20.815,0,2.699
20.816,0,2.699
20.817,0,2.699
20.818,0,2.699
20.819,0,2.699
20.82,0,2.699
20.821,0,2.699
20.822,0,2.699
20.823,0,2.699
20.824,0,2.699
20.825,0,2.699
20.826,0,2.699
20.827,0,2.699
20.828,0,2.699
20.829,0,2.699
20.83,0,2.699
20.831,0,2.699
20.832,0,2.699
20.833,0,2.699
20.834,0,2.699
20.835,0,2.699
20.836,0,2.699
20.837,0,2.699
20.838,0,2.699
20.839,0,2.699
20.84,0,2.699
20.841,0,2.699
20.842,0,2.699
20.843,0,2.699
20.844,0,2.699
20.845,0,2.699
20.846,0,2.699
20.847,0,2.699
20.848,0,2.699
20.849,0,2.699
20.85,0,2.699
20.851,0,2.699
20.852,0,2.699
20.853,0,2.699
20.854,0,2.699
20.855,0,2.699
20.856,0,2.699
20.857,0,2.699
20.858,0,2.699
20.859,0,2.699
20.86,0,2.699
20.861,0,2.699
20.862,0,2.699
20.863,0,2.699
20.864,0,2.699
20.865,0,2.699
20.866,0,2.699
20.867,0,2.699
20.868,0,2.699
20.869,0,2.699
20.87,0,2.699
20.871,0,2.699
20.872,0,2.699
20.873,0,2.699
20.874,0,2.699
20.875,0,2.699
20.876,0,2.699
20.877,0,2.699
20.878,0,2.699
20.879,0,2.699
20.88,0,2.699
20.881,0,2.699
20.882,0,2.699
20.883,0,2.699
20.884,0,2.699
20.885,0,2.699
20.886,0,2.699
20.887,0,2.699
20.888,0,2.699
20.889,0,2.699
20.89,0,2.699
20.891,0,2.699
20.892,0,2.699
20.893,0,2.699
20.894,0,2.699
20.895,0,2.699
20.896,0,2.699
20.897,0,2.699
20.898,0,2.699
20.899,0,2.699
20.9,0,2.699
20.901,0,2.699
20.902,0,2.699
20.903,0,2.699
20.904,0,2.699
20.905,0,2.699
20.906,0,2.699
20.907,0,2.699
20.908,0,2.699
20.909,0,2.699
20.91,0,2.699
20.911,0,2.699
20.912,0,2.699
20.913,0,2.699
20.914,0,2.699
20.915,0,2.699
20.916,0,2.699
20.917,0,2.699
20.918,0,2.699
20.919,0,2.699
20.92,0,2.699
20.921,0,2.699
20.922,0,2.699
20.923,0,2.699
20.924,0,2.699
20.925,0,2.699
20.926,0,2.699
20.927,0,2.699
20.928,0,2.699
20.929,0,2.699
20.93,0,2.699
20.931,0,2.699
20.932,0,2.699
20.933,0,2.699
20.934,0,2.699
20.935,0,2.699
20.936,0,2.699
20.937,0,2.699
20.938,0,2.699
20.939,0,2.699
20.94,0,2.699
20.941,0,2.699
20.942,0,2.699
20.943,0,2.699
20.944,0,2.699
20.945,0,2.699
20.946,0,2.699
20.947,0,2.699
20.948,0,2.699
20.949,0,2.699
20.95,0,2.699
20.951,0,2.699
20.952,0,2.699
20.953,0,2.699
20.954,0,2.699
20.955,0,2.699
20.956,0,2.699
20.957,0,2.699
20.958,0,2.699
20.959,0,2.699
20.96,0,2.699
20.961,0,2.699
20.962,0,2.699
20.963,0,2.699
20.964,0,2.699
20.965,0,2.699
20.966,0,2.699
20.967,0,2.699
20.968,0,2.699
20.969,0,2.699
20.97,0,2.699
20.971,0,2.699
20.972,0,2.699
20.973,0,2.699
20.974,0,2.699
20.975,0,2.699
20.976,0,2.699
20.977,0,2.699
20.978,0,2.699
20.979,0,2.699
20.98,0,2.699
20.981,0,2.699
20.982,0,2.699
20.983,0,2.699
20.984,0,2.699
20.985,0,2.699
20.986,0,2.699
20.987,0,2.699
20.988,0,2.699
20.989,0,2.699
20.99,0,2.699
20.991,0,2.699
20.992,0,2.699
20.993,0,2.699
20.994,0,2.699
20.995,0,2.699
20.996,0,2.699
20.997,0,2.699
20.998,0,2.699
20.999,0,2.699
21,-0.2,0.300999999999998
21.001,-0.2,0.300999999999998
21.002,-0.2,0.300999999999998
21.003,-0.2,0.300999999999998
21.004,-0.2,0.300999999999998
21.005,-0.2,0.300999999999998
21.006,-0.2,0.300999999999998
21.007,-0.2,0.300999999999998
21.008,-0.2,0.300999999999998
21.009,-0.2,0.300999999999998
21.01,-0.2,0.300999999999998
21.011,-0.2,0.300999999999998
21.012,-0.2,0.300999999999998
21.013,-0.2,0.300999999999998
21.014,-0.2,0.300999999999998
21.015,-0.2,0.300999999999998
21.016,-0.2,0.300999999999998
21.017,-0.2,0.300999999999998
21.018,-0.2,0.300999999999998
21.019,-0.2,0.300999999999998
21.02,-0.2,0.300999999999998
21.021,-0.2,0.300999999999998
21.022,-0.2,0.300999999999998
21.023,-0.2,0.300999999999998
21.024,-0.2,0.300999999999998
21.025,-0.2,0.300999999999998
21.026,-0.2,0.300999999999998
21.027,-0.2,0.300999999999998
21.028,-0.2,0.300999999999998
21.029,-0.2,0.300999999999998
21.03,-0.2,0.300999999999998
21.031,-0.2,0.300999999999998
21.032,-0.2,0.300999999999998
21.033,-0.2,0.300999999999998
21.034,-0.2,0.300999999999998
21.035,-0.2,0.300999999999998
21.036,-0.2,0.300999999999998
21.037,-0.2,0.300999999999998
21.038,-0.2,0.300999999999998
21.039,-0.2,0.300999999999998
21.04,-0.2,0.300999999999998
21.041,-0.2,0.300999999999998
21.042,-0.2,0.300999999999998
21.043,-0.2,0.300999999999998
21.044,-0.2,0.300999999999998
21.045,-0.2,0.300999999999998
21.046,-0.2,0.300999999999998
21.047,-0.2,0.300999999999998
21.048,-0.2,0.300999999999998
21.049,-0.2,0.300999999999998
21.05,-0.2,0.300999999999998
21.051,-0.2,0.300999999999998
21.052,-0.2,0.300999999999998
21.053,-0.2,0.300999999999998
21.054,-0.2,0.300999999999998
21.055,-0.2,0.300999999999998
21.056,-0.2,0.300999999999998
21.057,-0.2,0.300999999999998
21.058,-0.2,0.300999999999998
21.059,-0.2,0.300999999999998
21.06,-0.2,0.300999999999998
21.061,-0.2,0.300999999999998
21.062,-0.2,0.300999999999998
21.063,-0.2,0.300999999999998
21.064,-0.2,0.300999999999998
21.065,-0.2,0.300999999999998
21.066,-0.2,0.300999999999998
21.067,-0.2,0.300999999999998
21.068,-0.2,0.300999999999998
21.069,-0.2,0.300999999999998
21.07,-0.2,0.300999999999998
21.071,-0.2,0.300999999999998
21.072,-0.2,0.300999999999998
21.073,-0.2,0.300999999999998
21.074,-0.2,0.300999999999998
21.075,-0.2,0.300999999999998
21.076,-0.2,0.300999999999998
21.077,-0.2,0.300999999999998
21.078,-0.2,0.300999999999998
21.079,-0.2,0.300999999999998
21.08,-0.2,0.300999999999998
21.081,-0.2,0.300999999999998
21.082,-0.2,0.300999999999998
21.083,-0.2,0.300999999999998
21.084,-0.2,0.300999999999998
21.085,-0.2,0.300999999999998
21.086,-0.2,0.300999999999998
21.087,-0.2,0.300999999999998
21.088,-0.2,0.300999999999998
21.089,-0.2,0.300999999999998
21.09,-0.2,0.300999999999998
21.091,-0.2,0.300999999999998
21.092,-0.2,0.300999999999998
21.093,-0.2,0.300999999999998
21.094,-0.2,0.300999999999998
21.095,-0.2,0.300999999999998
21.096,-0.2,0.300999999999998
21.097,-0.2,0.300999999999998
21.098,-0.2,0.300999999999998
21.099,-0.2,0.300999999999998
21.1,-0.2,0.300999999999998
21.101,-0.2,0.300999999999998
21.102,-0.2,0.300999999999998
21.103,-0.2,0.300999999999998
21.104,-0.2,0.300999999999998
21.105,-0.2,0.300999999999998
21.106,-0.2,0.300999999999998
21.107,-0.2,0.300999999999998
21.108,-0.2,0.300999999999998
21.109,-0.2,0.300999999999998
21.11,-0.2,0.300999999999998
21.111,-0.2,0.300999999999998
21.112,-0.2,0.300999999999998
21.113,-0.2,0.300999999999998
21.114,-0.2,0.300999999999998
21.115,-0.2,0.300999999999998
21.116,-0.2,0.300999999999998
21.117,-0.2,0.300999999999998
21.118,-0.2,0.300999999999998
21.119,-0.2,0.300999999999998
21.12,-0.2,0.300999999999998
21.121,-0.2,0.300999999999998
21.122,-0.2,0.300999999999998
21.123,-0.2,0.300999999999998
21.124,-0.2,0.300999999999998
21.125,-0.2,0.300999999999998
21.126,-0.2,0.300999999999998
21.127,-0.2,0.300999999999998
21.128,-0.2,0.300999999999998
21.129,-0.2,0.300999999999998
21.13,-0.2,0.300999999999998
21.131,-0.2,0.300999999999998
21.132,-0.2,0.300999999999998
21.133,-0.2,0.300999999999998
21.134,-0.2,0.300999999999998
21.135,-0.2,0.300999999999998
21.136,-0.2,0.300999999999998
21.137,-0.2,0.300999999999998
21.138,-0.2,0.300999999999998
21.139,-0.2,0.300999999999998
21.14,-0.2,0.300999999999998
21.141,-0.2,0.300999999999998
21.142,-0.2,0.300999999999998
21.143,-0.2,0.300999999999998
21.144,-0.2,0.300999999999998
21.145,-0.2,0.300999999999998
21.146,-0.2,0.300999999999998
21.147,-0.2,0.300999999999998
21.148,-0.2,0.300999999999998
21.149,-0.2,0.300999999999998
21.15,-0.2,0.300999999999998
21.151,-0.2,0.300999999999998
21.152,-0.2,0.300999999999998
21.153,-0.2,0.300999999999998
21.154,-0.2,0.300999999999998
21.155,-0.2,0.300999999999998
21.156,-0.2,0.300999999999998
21.157,-0.2,0.300999999999998
21.158,-0.2,0.300999999999998
21.159,-0.2,0.300999999999998
21.16,-0.2,0.300999999999998
21.161,-0.2,0.300999999999998
21.162,-0.2,0.300999999999998
21.163,-0.2,0.300999999999998
21.164,-0.2,0.300999999999998
21.165,-0.2,0.300999999999998
21.166,-0.2,0.300999999999998
21.167,-0.2,0.300999999999998
21.168,-0.2,0.300999999999998
21.169,-0.2,0.300999999999998
21.17,-0.2,0.300999999999998
21.171,-0.2,0.300999999999998
21.172,-0.2,0.300999999999998
21.173,-0.2,0.300999999999998
21.174,-0.2,0.300999999999998
21.175,-0.2,0.300999999999998
21.176,-0.2,0.300999999999998
21.177,-0.2,0.300999999999998
21.178,-0.2,0.300999999999998
21.179,-0.2,0.300999999999998
21.18,-0.2,0.300999999999998
21.181,-0.2,0.300999999999998
21.182,-0.2,0.300999999999998
21.183,-0.2,0.300999999999998
21.184,-0.2,0.300999999999998
21.185,-0.2,0.300999999999998
21.186,-0.2,0.300999999999998
21.187,-0.2,0.300999999999998
21.188,-0.2,0.300999999999998
21.189,-0.2,0.300999999999998
21.19,-0.2,0.300999999999998
21.191,-0.2,0.300999999999998
21.192,-0.2,0.300999999999998
21.193,-0.2,0.300999999999998
21.194,-0.2,0.300999999999998
21.195,-0.2,0.300999999999998
21.196,-0.2,0.300999999999998
21.197,-0.2,0.300999999999998
21.198,-0.2,0.300999999999998
21.199,-0.2,0.300999999999998
21.2,-0.2,0.300999999999998
21.201,-0.2,0.300999999999998
21.202,-0.2,0.300999999999998
21.203,-0.2,0.300999999999998
21.204,-0.2,0.300999999999998
21.205,-0.2,0.300999999999998
21.206,-0.2,0.300999999999998
21.207,-0.2,0.300999999999998
21.208,-0.2,0.300999999999998
21.209,-0.2,0.300999999999998
21.21,-0.2,0.300999999999998
21.211,-0.2,0.300999999999998
21.212,-0.2,0.300999999999998
21.213,-0.2,0.300999999999998
21.214,-0.2,0.300999999999998
21.215,-0.2,0.300999999999998
21.216,-0.2,0.300999999999998
21.217,-0.2,0.300999999999998
21.218,-0.2,0.300999999999998
21.219,-0.2,0.300999999999998
21.22,-0.2,0.300999999999998
21.221,-0.2,0.300999999999998
21.222,-0.2,0.300999999999998
21.223,-0.2,0.300999999999998
21.224,-0.2,0.300999999999998
21.225,-0.2,0.300999999999998
21.226,-0.2,0.300999999999998
21.227,-0.2,0.300999999999998
21.228,-0.2,0.300999999999998
21.229,-0.2,0.300999999999998
21.23,-0.2,0.300999999999998
21.231,-0.2,0.300999999999998
21.232,-0.2,0.300999999999998
21.233,-0.2,0.300999999999998
21.234,-0.2,0.300999999999998
21.235,-0.2,0.300999999999998
21.236,-0.2,0.300999999999998
21.237,-0.2,0.300999999999998
21.238,-0.2,0.300999999999998
21.239,-0.2,0.300999999999998
21.24,-0.2,0.300999999999998
21.241,-0.2,0.300999999999998
21.242,-0.2,0.300999999999998
21.243,-0.2,0.300999999999998
21.244,-0.2,0.300999999999998
21.245,-0.2,0.300999999999998
21.246,-0.2,0.300999999999998
21.247,-0.2,0.300999999999998
21.248,-0.2,0.300999999999998
21.249,-0.2,0.300999999999998
21.25,-0.2,0.300999999999998
21.251,-0.2,0.300999999999998
21.252,-0.2,0.300999999999998
21.253,-0.2,0.300999999999998
21.254,-0.2,0.300999999999998
21.255,-0.2,0.300999999999998
21.256,-0.2,0.300999999999998
21.257,-0.2,0.300999999999998
21.258,-0.2,0.300999999999998
21.259,-0.2,0.300999999999998
21.26,-0.2,0.300999999999998
21.261,-0.2,0.300999999999998
21.262,-0.2,0.300999999999998
21.263,-0.2,0.300999999999998
21.264,-0.2,0.300999999999998
21.265,-0.2,0.300999999999998
21.266,-0.2,0.300999999999998
21.267,-0.2,0.300999999999998
21.268,-0.2,0.300999999999998
21.269,-0.2,0.300999999999998
21.27,-0.2,0.300999999999998
21.271,-0.2,0.300999999999998
21.272,-0.2,0.300999999999998
21.273,-0.2,0.300999999999998
21.274,-0.2,0.300999999999998
21.275,-0.2,0.300999999999998
21.276,-0.2,0.300999999999998
21.277,-0.2,0.300999999999998
21.278,-0.2,0.300999999999998
21.279,-0.2,0.300999999999998
21.28,-0.2,0.300999999999998
21.281,-0.2,0.300999999999998
21.282,-0.2,0.300999999999998
21.283,-0.2,0.300999999999998
21.284,-0.2,0.300999999999998
21.285,-0.2,0.300999999999998
21.286,-0.2,0.300999999999998
21.287,-0.2,0.300999999999998
21.288,-0.2,0.300999999999998
21.289,-0.2,0.300999999999998
21.29,-0.2,0.300999999999998
21.291,-0.2,0.300999999999998
21.292,-0.2,0.300999999999998
21.293,-0.2,0.300999999999998
21.294,-0.2,0.300999999999998
21.295,-0.2,0.300999999999998
21.296,-0.2,0.300999999999998
21.297,-0.2,0.300999999999998
21.298,-0.2,0.300999999999998
21.299,-0.2,0.300999999999998
21.3,-0.2,0.300999999999998
21.301,0,1.699
21.302,0,1.699
21.303,0,1.699
21.304,0,1.699
21.305,0,1.699
21.306,0,1.699
21.307,0,1.699
21.308,0,1.699
21.309,0,1.699
21.31,0,1.699
21.311,0,1.699
21.312,0,1.699
21.313,0,1.699
21.314,0,1.699
21.315,0,1.699
21.316,0,1.699
21.317,0,1.699
21.318,0,1.699
21.319,0,1.699
21.32,0,1.699
21.321,0,1.699
21.322,0,1.699
21.323,0,1.699
21.324,0,1.699
21.325,0,1.699
21.326,0,1.699
21.327,0,1.699
21.328,0,1.699
21.329,0,1.699
21.33,0,1.699
21.331,0,1.699
21.332,0,1.699
21.333,0,1.699
21.334,0,1.699
21.335,0,1.699
21.336,0,1.699
21.337,0,1.699
21.338,0,1.699
21.339,0,1.699
21.34,0,1.699
21.341,0,1.699
21.342,0,1.699
21.343,0,1.699
21.344,0,1.699
21.345,0,1.699
21.346,0,1.699
21.347,0,1.699
21.348,0,1.699
21.349,0,1.699
21.35,0,1.699
21.351,0,1.699
21.352,0,1.699
21.353,0,1.699
21.354,0,1.699
21.355,0,1.699
21.356,0,1.699
21.357,0,1.699
21.358,0,1.699
21.359,0,1.699
21.36,0,1.699
21.361,0,1.699
21.362,0,1.699
21.363,0,1.699
21.364,0,1.699
21.365,0,1.699
21.366,0,1.699
21.367,0,1.699
21.368,0,1.699
21.369,0,1.699
21.37,0,1.699
21.371,0,1.699
21.372,0,1.699
21.373,0,1.699
21.374,0,1.699
21.375,0,1.699
21.376,0,1.699
21.377,0,1.699
21.378,0,1.699
21.379,0,1.699
21.38,0,1.699
21.381,0,1.699
21.382,0,1.699
21.383,0,1.699
21.384,0,1.699
21.385,0,1.699
21.386,0,1.699
21.387,0,1.699
21.388,0,1.699
21.389,0,1.699
21.39,0,1.699
21.391,0,1.699
21.392,0,1.699
21.393,0,1.699
21.394,0,1.699
21.395,0,1.699
21.396,0,1.699
21.397,0,1.699
21.398,0,1.699
21.399,0,1.699
21.4,0,1.699
21.401,0,1.699
21.402,0,1.699
21.403,0,1.699
21.404,0,1.699
21.405,0,1.699
21.406,0,1.699
21.407,0,1.699
21.408,0,1.699
21.409,0,1.699
21.41,0,1.699
21.411,0,1.699
21.412,0,1.699
21.413,0,1.699
21.414,0,1.699
21.415,0,1.699
21.416,0,1.699
21.417,0,1.699
21.418,0,1.699
21.419,0,1.699
21.42,0,1.699
21.421,0,1.699
21.422,0,1.699
21.423,0,1.699
21.424,0,1.699
21.425,0,1.699
21.426,0,1.699
21.427,0,1.699
21.428,0,1.699
21.429,0,1.699
21.43,0,1.699
21.431,0,1.699
21.432,0,1.699
21.433,0,1.699
21.434,0,1.699
21.435,0,1.699
21.436,0,1.699
21.437,0,1.699
21.438,0,1.699
21.439,0,1.699
21.44,0,1.699
21.441,0,1.699
21.442,0,1.699
21.443,0,1.699
21.444,0,1.699
21.445,0,1.699
21.446,0,1.699
21.447,0,1.699
21.448,0,1.699
21.449,0,1.699
21.45,0,1.699
21.451,0,1.699
21.452,0,1.699
21.453,0,1.699
21.454,0,1.699
21.455,0,1.699
21.456,0,1.699
21.457,0,1.699
21.458,0,1.699
21.459,0,1.699
21.46,0,1.699
21.461,0,1.699
21.462,0,1.699
21.463,0,1.699
21.464,0,1.699
21.465,0,1.699
21.466,0,1.699
21.467,0,1.699
21.468,0,1.699
21.469,0,1.699
21.47,0,1.699
21.471,0,1.699
21.472,0,1.699
21.473,0,1.699
21.474,0,1.699
21.475,0,1.699
21.476,0,1.699
21.477,0,1.699
21.478,0,1.699
21.479,0,1.699
21.48,0,1.699
21.481,0,1.699
21.482,0,1.699
21.483,0,1.699
21.484,0,1.699
21.485,0,1.699
21.486,0,1.699
21.487,0,1.699
21.488,0,1.699
21.489,0,1.699
21.49,0,1.699
21.491,0,1.699
21.492,0,1.699
21.493,0,1.699
21.494,0,1.699
21.495,0,1.699
21.496,0,1.699
21.497,0,1.699
21.498,0,1.699
21.499,0,1.699
21.5,0,1.699
21.501,0,1.699
21.502,0,1.699
21.503,0,1.699
21.504,0,1.699
21.505,0,1.699
21.506,0,1.699
21.507,0,1.699
21.508,0,1.699
21.509,0,1.699
21.51,0,1.699
21.511,0,1.699
21.512,0,1.699
21.513,0,1.699
21.514,0,1.699
21.515,0,1.699
21.516,0,1.699
21.517,0,1.699
21.518,0,1.699
21.519,0,1.699
21.52,0,1.699
21.521,0,1.699
21.522,0,1.699
21.523,0,1.699
21.524,0,1.699
21.525,0,1.699
21.526,0,1.699
21.527,0,1.699
21.528,0,1.699
21.529,0,1.699
21.53,0,1.699
21.531,0,1.699
21.532,0,1.699
21.533,0,1.699
21.534,0,1.699
21.535,0,1.699
21.536,0,1.699
21.537,0,1.699
21.538,0,1.699
21.539,0,1.699
21.54,0,1.699
21.541,0,1.699
21.542,0,1.699
21.543,0,1.699
21.544,0,1.699
21.545,0,1.699
21.546,0,1.699
21.547,0,1.699
21.548,0,1.699
21.549,0,1.699
21.55,0,1.699
21.551,0,1.699
21.552,0,1.699
21.553,0,1.699
21.554,0,1.699
21.555,0,1.699
21.556,0,1.699
21.557,0,1.699
21.558,0,1.699
21.559,0,1.699
21.56,0,1.699
21.561,0,1.699
21.562,0,1.699
21.563,0,1.699
21.564,0,1.699
21.565,0,1.699
21.566,0,1.699
21.567,0,1.699
21.568,0,1.699
21.569,0,1.699
21.57,0,1.699
21.571,0,1.699
21.572,0,1.699
21.573,0,1.699
21.574,0,1.699
21.575,0,1.699
21.576,0,1.699
21.577,0,1.699
21.578,0,1.699
21.579,0,1.699
21.58,0,1.699
21.581,0,1.699
21.582,0,1.699
21.583,0,1.699
21.584,0,1.699
21.585,0,1.699
21.586,0,1.699
21.587,0,1.699
21.588,0,1.699
21.589,0,1.699
21.59,0,1.699
21.591,0,1.699
21.592,0,1.699
21.593,0,1.699
21.594,0,1.699
21.595,0,1.699
21.596,0,1.699
21.597,0,1.699
21.598,0,1.699
21.599,0,1.699
21.6,0,1.699
21.601,0,1.699
21.602,0,1.699
21.603,0,1.699
21.604,0,1.699
21.605,0,1.699
21.606,0,1.699
21.607,0,1.699
21.608,0,1.699
21.609,0,1.699
21.61,0,1.699
21.611,0,1.699
21.612,0,1.699
21.613,0,1.699
21.614,0,1.699
21.615,0,1.699
21.616,0,1.699
21.617,0,1.699
21.618,0,1.699
21.619,0,1.699
21.62,0,1.699
21.621,0,1.699
21.622,0,1.699
21.623,0,1.699
21.624,0,1.699
21.625,0,1.699
21.626,0,1.699
21.627,0,1.699
21.628,0,1.699
21.629,0,1.699
21.63,0,1.699
21.631,0,1.699
21.632,0,1.699
21.633,0,1.699
21.634,0,1.699
21.635,0,1.699
21.636,0,1.699
21.637,0,1.699
21.638,0,1.699
21.639,0,1.699
21.64,0,1.699
21.641,0,1.699
21.642,0,1.699
21.643,0,1.699
21.644,0,1.699
21.645,0,1.699
21.646,0,1.699
21.647,0,1.699
21.648,0,1.699
21.649,0,1.699
21.65,0,1.699
21.651,0,1.699
21.652,0,1.699
21.653,0,1.699
21.654,0,1.699
21.655,0,1.699
21.656,0,1.699
21.657,0,1.699
21.658,0,1.699
21.659,0,1.699
21.66,0,1.699
21.661,0,1.699
21.662,0,1.699
21.663,0,1.699
21.664,0,1.699
21.665,0,1.699
21.666,0,1.699
21.667,0,1.699
21.668,0,1.699
21.669,0,1.699
21.67,0,1.699
21.671,0,1.699
21.672,0,1.699
21.673,0,1.699
21.674,0,1.699
21.675,0,1.699
21.676,0,1.699
21.677,0,1.699
21.678,0,1.699
21.679,0,1.699
21.68,0,1.699
21.681,0,1.699
21.682,0,1.699
21.683,0,1.699
21.684,0,1.699
21.685,0,1.699
21.686,0,1.699
21.687,0,1.699
21.688,0,1.699
21.689,0,1.699
21.69,0,1.699
21.691,0,1.699
21.692,0,1.699
21.693,0,1.699
21.694,0,1.699
21.695,0,1.699
21.696,0,1.699
21.697,0,1.699
21.698,0,1.699
21.699,0,1.699
21.7,0,1.699
21.701,0,1.699
21.702,0,1.699
21.703,0,1.699
21.704,0,1.699
21.705,0,1.699
21.706,0,1.699
21.707,0,1.699
21.708,0,1.699
21.709,0,1.699
21.71,0,1.699
21.711,0,1.699
21.712,0,1.699
21.713,0,1.699
21.714,0,1.699
21.715,0,1.699
21.716,0,1.699
21.717,0,1.699
21.718,0,1.699
21.719,0,1.699
21.72,0,1.699
21.721,0,1.699
21.722,0,1.699
21.723,0,1.699
21.724,0,1.699
21.725,0,1.699
21.726,0,1.699
21.727,0,1.699
21.728,0,1.699
21.729,0,1.699
21.73,0,1.699
21.731,0,1.699
21.732,0,1.699
21.733,0,1.699
21.734,0,1.699
21.735,0,1.699
21.736,0,1.699
21.737,0,1.699
21.738,0,1.699
21.739,0,1.699
21.74,0,1.699
21.741,0,1.699
21.742,0,1.699
21.743,0,1.699
21.744,0,1.699
21.745,0,1.699
21.746,0,1.699
21.747,0,1.699
21.748,0,1.699
21.749,0,1.699
21.75,0,1.699
21.751,0,1.699
21.752,0,1.699
21.753,0,1.699
21.754,0,1.699
21.755,0,1.699
21.756,0,1.699
21.757,0,1.699
21.758,0,1.699
21.759,0,1.699
21.76,0,1.699
21.761,0,1.699
21.762,0,1.699
21.763,0,1.699
21.764,0,1.699
21.765,0,1.699
21.766,0,1.699
21.767,0,1.699
21.768,0,1.699
21.769,0,1.699
21.77,0,1.699
21.771,0,1.699
21.772,0,1.699
21.773,0,1.699
21.774,0,1.699
21.775,0,1.699
21.776,0,1.699
21.777,0,1.699
21.778,0,1.699
21.779,0,1.699
21.78,0,1.699
21.781,0,1.699
21.782,0,1.699
21.783,0,1.699
21.784,0,1.699
21.785,0,1.699
21.786,0,1.699
21.787,0,1.699
21.788,0,1.699
21.789,0,1.699
21.79,0,1.699
21.791,0,1.699
21.792,0,1.699
21.793,0,1.699
21.794,0,1.699
21.795,0,1.699
21.796,0,1.699
21.797,0,1.699
21.798,0,1.699
21.799,0,1.699
21.8,0,1.699
21.801,0,1.699
21.802,0,1.699
21.803,0,1.699
21.804,0,1.699
21.805,0,1.699
21.806,0,1.699
21.807,0,1.699
21.808,0,1.699
21.809,0,1.699
21.81,0,1.699
21.811,0,1.699
21.812,0,1.699
21.813,0,1.699
21.814,0,1.699
21.815,0,1.699
21.816,0,1.699
21.817,0,1.699
21.818,0,1.699
21.819,0,1.699
21.82,0,1.699
21.821,0,1.699
21.822,0,1.699
21.823,0,1.699
21.824,0,1.699
21.825,0,1.699
21.826,0,1.699
21.827,0,1.699
21.828,0,1.699
21.829,0,1.699
21.83,0,1.699
21.831,0,1.699
21.832,0,1.699
21.833,0,1.699
21.834,0,1.699
21.835,0,1.699
21.836,0,1.699
21.837,0,1.699
21.838,0,1.699
21.839,0,1.699
21.84,0,1.699
21.841,0,1.699
21.842,0,1.699
21.843,0,1.699
21.844,0,1.699
21.845,0,1.699
21.846,0,1.699
21.847,0,1.699
21.848,0,1.699
21.849,0,1.699
21.85,0,1.699
21.851,0,1.699
21.852,0,1.699
21.853,0,1.699
21.854,0,1.699
21.855,0,1.699
21.856,0,1.699
21.857,0,1.699
21.858,0,1.699
21.859,0,1.699
21.86,0,1.699
21.861,0,1.699
21.862,0,1.699
21.863,0,1.699
21.864,0,1.699
21.865,0,1.699
21.866,0,1.699
21.867,0,1.699
21.868,0,1.699
21.869,0,1.699
21.87,0,1.699
21.871,0,1.699
21.872,0,1.699
21.873,0,1.699
21.874,0,1.699
21.875,0,1.699
21.876,0,1.699
21.877,0,1.699
21.878,0,1.699
21.879,0,1.699
21.88,0,1.699
21.881,0,1.699
21.882,0,1.699
21.883,0,1.699
21.884,0,1.699
21.885,0,1.699
21.886,0,1.699
21.887,0,1.699
21.888,0,1.699
21.889,0,1.699
21.89,0,1.699
21.891,0,1.699
21.892,0,1.699
21.893,0,1.699
21.894,0,1.699
21.895,0,1.699
21.896,0,1.699
21.897,0,1.699
21.898,0,1.699
21.899,0,1.699
21.9,0,1.699
21.901,0,1.699
21.902,0,1.699
21.903,0,1.699
21.904,0,1.699
21.905,0,1.699
21.906,0,1.699
21.907,0,1.699
21.908,0,1.699
21.909,0,1.699
21.91,0,1.699
21.911,0,1.699
21.912,0,1.699
21.913,0,1.699
21.914,0,1.699
21.915,0,1.699
21.916,0,1.699
21.917,0,1.699
21.918,0,1.699
21.919,0,1.699
21.92,0,1.699
21.921,0,1.699
21.922,0,1.699
21.923,0,1.699
21.924,0,1.699
21.925,0,1.699
21.926,0,1.699
21.927,0,1.699
21.928,0,1.699
21.929,0,1.699
21.93,0,1.699
21.931,0,1.699
21.932,0,1.699
21.933,0,1.699
21.934,0,1.699
21.935,0,1.699
21.936,0,1.699
21.937,0,1.699
21.938,0,1.699
21.939,0,1.699
21.94,0,1.699
21.941,0,1.699
21.942,0,1.699
21.943,0,1.699
21.944,0,1.699
21.945,0,1.699
21.946,0,1.699
21.947,0,1.699
21.948,0,1.699
21.949,0,1.699
21.95,0,1.699
21.951,0,1.699
21.952,0,1.699
21.953,0,1.699
21.954,0,1.699
21.955,0,1.699
21.956,0,1.699
21.957,0,1.699
21.958,0,1.699
21.959,0,1.699
21.96,0,1.699
21.961,0,1.699
21.962,0,1.699
21.963,0,1.699
21.964,0,1.699
21.965,0,1.699
21.966,0,1.699
21.967,0,1.699
21.968,0,1.699
21.969,0,1.699
21.97,0,1.699
21.971,0,1.699
21.972,0,1.699
21.973,0,1.699
21.974,0,1.699
21.975,0,1.699
21.976,0,1.699
21.977,0,1.699
21.978,0,1.699
21.979,0,1.699
21.98,0,1.699
21.981,0,1.699
21.982,0,1.699
21.983,0,1.699
21.984,0,1.699
21.985,0,1.699
21.986,0,1.699
21.987,0,1.699
21.988,0,1.699
21.989,0,1.699
21.99,0,1.699
21.991,0,1.699
21.992,0,1.699
21.993,0,1.699
21.994,0,1.699
21.995,0,1.699
21.996,0,1.699
21.997,0,1.699
21.998,0,1.699
21.999,0,1.699
22,0,1.699
22.001,0,1.699
22.002,0,1.699
22.003,0,1.699
22.004,0,1.699
22.005,0,1.699
22.006,0,1.699
22.007,0,1.699
22.008,0,1.699
22.009,0,1.699
22.01,0,1.699
22.011,0,1.699
22.012,0,1.699
22.013,0,1.699
22.014,0,1.699
22.015,0,1.699
22.016,0,1.699
22.017,0,1.699
22.018,0,1.699
22.019,0,1.699
22.02,0,1.699
22.021,0,1.699
22.022,0,1.699
22.023,0,1.699
22.024,0,1.699
22.025,0,1.699
22.026,0,1.699
22.027,0,1.699
22.028,0,1.699
22.029,0,1.699
22.03,0,1.699
22.031,0,1.699
22.032,0,1.699
22.033,0,1.699
22.034,0,1.699
22.035,0,1.699
22.036,0,1.699
22.037,0,1.699
22.038,0,1.699
22.039,0,1.699
22.04,0,1.699
22.041,0,1.699
22.042,0,1.699
22.043,0,1.699
22.044,0,1.699
22.045,0,1.699
22.046,0,1.699
22.047,0,1.699
22.048,0,1.699
22.049,0,1.699
22.05,0,1.699
22.051,0,1.699
22.052,0,1.699
22.053,0,1.699
22.054,0,1.699
22.055,0,1.699
22.056,0,1.699
22.057,0,1.699
22.058,0,1.699
22.059,0,1.699
22.06,0,1.699
22.061,0,1.699
22.062,0,1.699
22.063,0,1.699
22.064,0,1.699
22.065,0,1.699
22.066,0,1.699
22.067,0,1.699
22.068,0,1.699
22.069,0,1.699
22.07,0,1.699
22.071,0,1.699
22.072,0,1.699
22.073,0,1.699
22.074,0,1.699
22.075,0,1.699
22.076,0,1.699
22.077,0,1.699
22.078,0,1.699
22.079,0,1.699
22.08,0,1.699
22.081,0,1.699
22.082,0,1.699
22.083,0,1.699
22.084,0,1.699
22.085,0,1.699
22.086,0,1.699
22.087,0,1.699
22.088,0,1.699
22.089,0,1.699
22.09,0,1.699
22.091,0,1.699
22.092,0,1.699
22.093,0,1.699
22.094,0,1.699
22.095,0,1.699
22.096,0,1.699
22.097,0,1.699
22.098,0,1.699
22.099,0,1.699
22.1,0,1.699
22.101,0,1.699
22.102,0,1.699
22.103,0,1.699
22.104,0,1.699
22.105,0,1.699
22.106,0,1.699
22.107,0,1.699
22.108,0,1.699
22.109,0,1.699
22.11,0,1.699
22.111,0,1.699
22.112,0,1.699
22.113,0,1.699
22.114,0,1.699
22.115,0,1.699
22.116,0,1.699
22.117,0,1.699
22.118,0,1.699
22.119,0,1.699
22.12,0,1.699
22.121,0,1.699
22.122,0,1.699
22.123,0,1.699
22.124,0,1.699
22.125,0,1.699
22.126,0,1.699
22.127,0,1.699
22.128,0,1.699
22.129,0,1.699
22.13,0,1.699
22.131,0,1.699
22.132,0,1.699
22.133,0,1.699
22.134,0,1.699
22.135,0,1.699
22.136,0,1.699
22.137,0,1.699
22.138,0,1.699
22.139,0,1.699
22.14,0,1.699
22.141,0,1.699
22.142,0,1.699
22.143,0,1.699
22.144,0,1.699
22.145,0,1.699
22.146,0,1.699
22.147,0,1.699
22.148,0,1.699
22.149,0,1.699
22.15,0,1.699
22.151,0,1.699
22.152,0,1.699
22.153,0,1.699
22.154,0,1.699
22.155,0,1.699
22.156,0,1.699
22.157,0,1.699
22.158,0,1.699
22.159,0,1.699
22.16,0,1.699
22.161,0,1.699
22.162,0,1.699
22.163,0,1.699
22.164,0,1.699
22.165,0,1.699
22.166,0,1.699
22.167,0,1.699
22.168,0,1.699
22.169,0,1.699
22.17,0,1.699
22.171,0,1.699
22.172,0,1.699
22.173,0,1.699
22.174,0,1.699
22.175,0,1.699
22.176,0,1.699
22.177,0,1.699
22.178,0,1.699
22.179,0,1.699
22.18,0,1.699
22.181,0,1.699
22.182,0,1.699
22.183,0,1.699
22.184,0,1.699
22.185,0,1.699
22.186,0,1.699
22.187,0,1.699
22.188,0,1.699
22.189,0,1.699
22.19,0,1.699
22.191,0,1.699
22.192,0,1.699
22.193,0,1.699
22.194,0,1.699
22.195,0,1.699
22.196,0,1.699
22.197,0,1.699
22.198,0,1.699
22.199,0,1.699
22.2,0,1.699
22.201,0,1.699
22.202,0,1.699
22.203,0,1.699
22.204,0,1.699
22.205,0,1.699
22.206,0,1.699
22.207,0,1.699
22.208,0,1.699
22.209,0,1.699
22.21,0,1.699
22.211,0,1.699
22.212,0,1.699
22.213,0,1.699
22.214,0,1.699
22.215,0,1.699
22.216,0,1.699
22.217,0,1.699
22.218,0,1.699
22.219,0,1.699
22.22,0,1.699
22.221,0,1.699
22.222,0,1.699
22.223,0,1.699
22.224,0,1.699
22.225,0,1.699
22.226,0,1.699
22.227,0,1.699
22.228,0,1.699
22.229,0,1.699
22.23,0,1.699
22.231,0,1.699
22.232,0,1.699
22.233,0,1.699
22.234,0,1.699
22.235,0,1.699
22.236,0,1.699
22.237,0,1.699
22.238,0,1.699
22.239,0,1.699
22.24,0,1.699
22.241,0,1.699
22.242,0,1.699
22.243,0,1.699
22.244,0,1.699
22.245,0,1.699
22.246,0,1.699
22.247,0,1.699
22.248,0,1.699
22.249,0,1.699
22.25,0,1.699
22.251,0,1.699
22.252,0,1.699
22.253,0,1.699
22.254,0,1.699
22.255,0,1.699
22.256,0,1.699
22.257,0,1.699
22.258,0,1.699
22.259,0,1.699
22.26,0,1.699
22.261,0,1.699
22.262,0,1.699
22.263,0,1.699
22.264,0,1.699
22.265,0,1.699
22.266,0,1.699
22.267,0,1.699
22.268,0,1.699
22.269,0,1.699
22.27,0,1.699
22.271,0,1.699
22.272,0,1.699
22.273,0,1.699
22.274,0,1.699
22.275,0,1.699
22.276,0,1.699
22.277,0,1.699
22.278,0,1.699
22.279,0,1.699
22.28,0,1.699
22.281,0,1.699
22.282,0,1.699
22.283,0,1.699
22.284,0,1.699
22.285,0,1.699
22.286,0,1.699
22.287,0,1.699
22.288,0,1.699
22.289,0,1.699
22.29,0,1.699
22.291,0,1.699
22.292,0,1.699
22.293,0,1.699
22.294,0,1.699
22.295,0,1.699
22.296,0,1.699
22.297,0,1.699
22.298,0,1.699
22.299,0,1.699
22.3,0,1.699
22.301,0,1.699
22.302,0,1.699
22.303,0,1.699
22.304,0,1.699
22.305,0,1.699
22.306,0,1.699
22.307,0,1.699
22.308,0,1.699
22.309,0,1.699
22.31,0,1.699
22.311,0,1.699
22.312,0,1.699
22.313,0,1.699
22.314,0,1.699
22.315,0,1.699
22.316,0,1.699
22.317,0,1.699
22.318,0,1.699
22.319,0,1.699
22.32,0,1.699
22.321,0,1.699
22.322,0,1.699
22.323,0,1.699
22.324,0,1.699
22.325,0,1.699
22.326,0,1.699
22.327,0,1.699
22.328,0,1.699
22.329,0,1.699
22.33,0,1.699
22.331,0,1.699
22.332,0,1.699
22.333,0,1.699
22.334,0,1.699
22.335,0,1.699
22.336,0,1.699
22.337,0,1.699
22.338,0,1.699
22.339,0,1.699
22.34,0,1.699
22.341,0,1.699
22.342,0,1.699
22.343,0,1.699
22.344,0,1.699
22.345,0,1.699
22.346,0,1.699
22.347,0,1.699
22.348,0,1.699
22.349,0,1.699
22.35,0,1.699
22.351,0,1.699
22.352,0,1.699
22.353,0,1.699
22.354,0,1.699
22.355,0,1.699
22.356,0,1.699
22.357,0,1.699
22.358,0,1.699
22.359,0,1.699
22.36,0,1.699
22.361,0,1.699
22.362,0,1.699
22.363,0,1.699
22.364,0,1.699
22.365,0,1.699
22.366,0,1.699
22.367,0,1.699
22.368,0,1.699
22.369,0,1.699
22.37,0,1.699
22.371,0,1.699
22.372,0,1.699
22.373,0,1.699
22.374,0,1.699
22.375,0,1.699
22.376,0,1.699
22.377,0,1.699
22.378,0,1.699
22.379,0,1.699
22.38,0,1.699
22.381,0,1.699
22.382,0,1.699
22.383,0,1.699
22.384,0,1.699
22.385,0,1.699
22.386,0,1.699
22.387,0,1.699
22.388,0,1.699
22.389,0,1.699
22.39,0,1.699
22.391,0,1.699
22.392,0,1.699
22.393,0,1.699
22.394,0,1.699
22.395,0,1.699
22.396,0,1.699
22.397,0,1.699
22.398,0,1.699
22.399,0,1.699
22.4,0,1.699
22.401,0,1.699
22.402,0,1.699
22.403,0,1.699
22.404,0,1.699
22.405,0,1.699
22.406,0,1.699
22.407,0,1.699
22.408,0,1.699
22.409,0,1.699
22.41,0,1.699
22.411,0,1.699
22.412,0,1.699
22.413,0,1.699
22.414,0,1.699
22.415,0,1.699
22.416,0,1.699
22.417,0,1.699
22.418,0,1.699
22.419,0,1.699
22.42,0,1.699
22.421,0,1.699
22.422,0,1.699
22.423,0,1.699
22.424,0,1.699
22.425,0,1.699
22.426,0,1.699
22.427,0,1.699
22.428,0,1.699
22.429,0,1.699
22.43,0,1.699
22.431,0,1.699
22.432,0,1.699
22.433,0,1.699
22.434,0,1.699
22.435,0,1.699
22.436,0,1.699
22.437,0,1.699
22.438,0,1.699
22.439,0,1.699
22.44,0,1.699
22.441,0,1.699
22.442,0,1.699
22.443,0,1.699
22.444,0,1.699
22.445,0,1.699
22.446,0,1.699
22.447,0,1.699
22.448,0,1.699
22.449,0,1.699
22.45,0,1.699
22.451,0,1.699
22.452,0,1.699
22.453,0,1.699
22.454,0,1.699
22.455,0,1.699
22.456,0,1.699
22.457,0,1.699
22.458,0,1.699
22.459,0,1.699
22.46,0,1.699
22.461,0,1.699
22.462,0,1.699
22.463,0,1.699
22.464,0,1.699
22.465,0,1.699
22.466,0,1.699
22.467,0,1.699
22.468,0,1.699
22.469,0,1.699
22.47,0,1.699
22.471,0,1.699
22.472,0,1.699
22.473,0,1.699
22.474,0,1.699
22.475,0,1.699
22.476,0,1.699
22.477,0,1.699
22.478,0,1.699
22.479,0,1.699
22.48,0,1.699
22.481,0,1.699
22.482,0,1.699
22.483,0,1.699
22.484,0,1.699
22.485,0,1.699
22.486,0,1.699
22.487,0,1.699
22.488,0,1.699
22.489,0,1.699
22.49,0,1.699
22.491,0,1.699
22.492,0,1.699
22.493,0,1.699
22.494,0,1.699
22.495,0,1.699
22.496,0,1.699
22.497,0,1.699
22.498,0,1.699
22.499,0,1.699
22.5,0,1.699
22.501,0,1.699
22.502,0,1.699
22.503,0,1.699
22.504,0,1.699
22.505,0,1.699
22.506,0,1.699
22.507,0,1.699
22.508,0,1.699
22.509,0,1.699
22.51,0,1.699
22.511,0,1.699
22.512,0,1.699
22.513,0,1.699
22.514,0,1.699
22.515,0,1.699
22.516,0,1.699
22.517,0,1.699
22.518,0,1.699
22.519,0,1.699
22.52,0,1.699
22.521,0,1.699
22.522,0,1.699
22.523,0,1.699
22.524,0,1.699
22.525,0,1.699
22.526,0,1.699
22.527,0,1.699
22.528,0,1.699
22.529,0,1.699
22.53,0,1.699
22.531,0,1.699
22.532,0,1.699
22.533,0,1.699
22.534,0,1.699
22.535,0,1.699
22.536,0,1.699
22.537,0,1.699
22.538,0,1.699
22.539,0,1.699
22.54,0,1.699
22.541,0,1.699
22.542,0,1.699
22.543,0,1.699
22.544,0,1.699
22.545,0,1.699
22.546,0,1.699
22.547,0,1.699
22.548,0,1.699
22.549,0,1.699
22.55,0,1.699
22.551,0,1.699
22.552,0,1.699
22.553,0,1.699
22.554,0,1.699
22.555,0,1.699
22.556,0,1.699
22.557,0,1.699
22.558,0,1.699
22.559,0,1.699
22.56,0,1.699
22.561,0,1.699
22.562,0,1.699
22.563,0,1.699
22.564,0,1.699
22.565,0,1.699
22.566,0,1.699
22.567,0,1.699
22.568,0,1.699
22.569,0,1.699
22.57,0,1.699
22.571,0,1.699
22.572,0,1.699
22.573,0,1.699
22.574,0,1.699
22.575,0,1.699
22.576,0,1.699
22.577,0,1.699
22.578,0,1.699
22.579,0,1.699
22.58,0,1.699
22.581,0,1.699
22.582,0,1.699
22.583,0,1.699
22.584,0,1.699
22.585,0,1.699
22.586,0,1.699
22.587,0,1.699
22.588,0,1.699
22.589,0,1.699
22.59,0,1.699
22.591,0,1.699
22.592,0,1.699
22.593,0,1.699
22.594,0,1.699
22.595,0,1.699
22.596,0,1.699
22.597,0,1.699
22.598,0,1.699
22.599,0,1.699
22.6,0,1.699
22.601,0,1.699
22.602,0,1.699
22.603,0,1.699
22.604,0,1.699
22.605,0,1.699
22.606,0,1.699
22.607,0,1.699
22.608,0,1.699
22.609,0,1.699
22.61,0,1.699
22.611,0,1.699
22.612,0,1.699
22.613,0,1.699
22.614,0,1.699
22.615,0,1.699
22.616,0,1.699
22.617,0,1.699
22.618,0,1.699
22.619,0,1.699
22.62,0,1.699
22.621,0,1.699
22.622,0,1.699
22.623,0,1.699
22.624,0,1.699
22.625,0,1.699
22.626,0,1.699
22.627,0,1.699
22.628,0,1.699
22.629,0,1.699
22.63,0,1.699
22.631,0,1.699
22.632,0,1.699
22.633,0,1.699
22.634,0,1.699
22.635,0,1.699
22.636,0,1.699
22.637,0,1.699
22.638,0,1.699
22.639,0,1.699
22.64,0,1.699
22.641,0,1.699
22.642,0,1.699
22.643,0,1.699
22.644,0,1.699
22.645,0,1.699
22.646,0,1.699
22.647,0,1.699
22.648,0,1.699
22.649,0,1.699
22.65,0,1.699
22.651,0,1.699
22.652,0,1.699
22.653,0,1.699
22.654,0,1.699
22.655,0,1.699
22.656,0,1.699
22.657,0,1.699
22.658,0,1.699
22.659,0,1.699
22.66,0,1.699
22.661,0,1.699
22.662,0,1.699
22.663,0,1.699
22.664,0,1.699
22.665,0,1.699
22.666,0,1.699
22.667,0,1.699
22.668,0,1.699
22.669,0,1.699
22.67,0,1.699
22.671,0,1.699
22.672,0,1.699
22.673,0,1.699
22.674,0,1.699
22.675,0,1.699
22.676,0,1.699
22.677,0,1.699
22.678,0,1.699
22.679,0,1.699
22.68,0,1.699
22.681,0,1.699
22.682,0,1.699
22.683,0,1.699
22.684,0,1.699
22.685,0,1.699
22.686,0,1.699
22.687,0,1.699
22.688,0,1.699
22.689,0,1.699
22.69,0,1.699
22.691,0,1.699
22.692,0,1.699
22.693,0,1.699
22.694,0,1.699
22.695,0,1.699
22.696,0,1.699
22.697,0,1.699
22.698,0,1.699
22.699,0,1.699
22.7,0,1.699
22.701,0,1.699
22.702,0,1.699
22.703,0,1.699
22.704,0,1.699
22.705,0,1.699
22.706,0,1.699
22.707,0,1.699
22.708,0,1.699
22.709,0,1.699
22.71,0,1.699
22.711,0,1.699
22.712,0,1.699
22.713,0,1.699
22.714,0,1.699
22.715,0,1.699
22.716,0,1.699
22.717,0,1.699
22.718,0,1.699
22.719,0,1.699
22.72,0,1.699
22.721,0,1.699
22.722,0,1.699
22.723,0,1.699
22.724,0,1.699
22.725,0,1.699
22.726,0,1.699
22.727,0,1.699
22.728,0,1.699
22.729,0,1.699
22.73,0,1.699
22.731,0,1.699
22.732,0,1.699
22.733,0,1.699
22.734,0,1.699
22.735,0,1.699
22.736,0,1.699
22.737,0,1.699
22.738,0,1.699
22.739,0,1.699
22.74,0,1.699
22.741,0,1.699
22.742,0,1.699
22.743,0,1.699
22.744,0,1.699
22.745,0,1.699
22.746,0,1.699
22.747,0,1.699
22.748,0,1.699
22.749,0,1.699
22.75,0,1.699
22.751,0,1.699
22.752,0,1.699
22.753,0,1.699
22.754,0,1.699
22.755,0,1.699
22.756,0,1.699
22.757,0,1.699
22.758,0,1.699
22.759,0,1.699
22.76,0,1.699
22.761,0,1.699
22.762,0,1.699
22.763,0,1.699
22.764,0,1.699
22.765,0,1.699
22.766,0,1.699
22.767,0,1.699
22.768,0,1.699
22.769,0,1.699
22.77,0,1.699
22.771,0,1.699
22.772,0,1.699
22.773,0,1.699
22.774,0,1.699
22.775,0,1.699
22.776,0,1.699
22.777,0,1.699
22.778,0,1.699
22.779,0,1.699
22.78,0,1.699
22.781,0,1.699
22.782,0,1.699
22.783,0,1.699
22.784,0,1.699
22.785,0,1.699
22.786,0,1.699
22.787,0,1.699
22.788,0,1.699
22.789,0,1.699
22.79,0,1.699
22.791,0,1.699
22.792,0,1.699
22.793,0,1.699
22.794,0,1.699
22.795,0,1.699
22.796,0,1.699
22.797,0,1.699
22.798,0,1.699
22.799,0,1.699
22.8,0,1.699
22.801,0,1.699
22.802,0,1.699
22.803,0,1.699
22.804,0,1.699
22.805,0,1.699
22.806,0,1.699
22.807,0,1.699
22.808,0,1.699
22.809,0,1.699
22.81,0,1.699
22.811,0,1.699
22.812,0,1.699
22.813,0,1.699
22.814,0,1.699
22.815,0,1.699
22.816,0,1.699
22.817,0,1.699
22.818,0,1.699
22.819,0,1.699
22.82,0,1.699
22.821,0,1.699
22.822,0,1.699
22.823,0,1.699
22.824,0,1.699
22.825,0,1.699
22.826,0,1.699
22.827,0,1.699
22.828,0,1.699
22.829,0,1.699
22.83,0,1.699
22.831,0,1.699
22.832,0,1.699
22.833,0,1.699
22.834,0,1.699
22.835,0,1.699
22.836,0,1.699
22.837,0,1.699
22.838,0,1.699
22.839,0,1.699
22.84,0,1.699
22.841,0,1.699
22.842,0,1.699
22.843,0,1.699
22.844,0,1.699
22.845,0,1.699
22.846,0,1.699
22.847,0,1.699
22.848,0,1.699
22.849,0,1.699
22.85,0,1.699
22.851,0,1.699
22.852,0,1.699
22.853,0,1.699
22.854,0,1.699
22.855,0,1.699
22.856,0,1.699
22.857,0,1.699
22.858,0,1.699
22.859,0,1.699
22.86,0,1.699
22.861,0,1.699
22.862,0,1.699
22.863,0,1.699
22.864,0,1.699
22.865,0,1.699
22.866,0,1.699
22.867,0,1.699
22.868,0,1.699
22.869,0,1.699
22.87,0,1.699
22.871,0,1.699
22.872,0,1.699
22.873,0,1.699
22.874,0,1.699
22.875,0,1.699
22.876,0,1.699
22.877,0,1.699
22.878,0,1.699
22.879,0,1.699
22.88,0,1.699
22.881,0,1.699
22.882,0,1.699
22.883,0,1.699
22.884,0,1.699
22.885,0,1.699
22.886,0,1.699
22.887,0,1.699
22.888,0,1.699
22.889,0,1.699
22.89,0,1.699
22.891,0,1.699
22.892,0,1.699
22.893,0,1.699
22.894,0,1.699
22.895,0,1.699
22.896,0,1.699
22.897,0,1.699
22.898,0,1.699
22.899,0,1.699
22.9,0,1.699
22.901,0,1.699
22.902,0,1.699
22.903,0,1.699
22.904,0,1.699
22.905,0,1.699
22.906,0,1.699
22.907,0,1.699
22.908,0,1.699
22.909,0,1.699
22.91,0,1.699
22.911,0,1.699
22.912,0,1.699
22.913,0,1.699
22.914,0,1.699
22.915,0,1.699
22.916,0,1.699
22.917,0,1.699
22.918,0,1.699
22.919,0,1.699
22.92,0,1.699
22.921,0,1.699
22.922,0,1.699
22.923,0,1.699
22.924,0,1.699
22.925,0,1.699
22.926,0,1.699
22.927,0,1.699
22.928,0,1.699
22.929,0,1.699
22.93,0,1.699
22.931,0,1.699
22.932,0,1.699
22.933,0,1.699
22.934,0,1.699
22.935,0,1.699
22.936,0,1.699
22.937,0,1.699
22.938,0,1.699
22.939,0,1.699
22.94,0,1.699
22.941,0,1.699
22.942,0,1.699
22.943,0,1.699
22.944,0,1.699
22.945,0,1.699
22.946,0,1.699
22.947,0,1.699
22.948,0,1.699
22.949,0,1.699
22.95,0,1.699
22.951,0,1.699
22.952,0,1.699
22.953,0,1.699
22.954,0,1.699
22.955,0,1.699
22.956,0,1.699
22.957,0,1.699
22.958,0,1.699
22.959,0,1.699
22.96,0,1.699
22.961,0,1.699
22.962,0,1.699
22.963,0,1.699
22.964,0,1.699
22.965,0,1.699
22.966,0,1.699
22.967,0,1.699
22.968,0,1.699
22.969,0,1.699
22.97,0,1.699
22.971,0,1.699
22.972,0,1.699
22.973,0,1.699
22.974,0,1.699
22.975,0,1.699
22.976,0,1.699
22.977,0,1.699
22.978,0,1.699
22.979,0,1.699
22.98,0,1.699
22.981,0,1.699
22.982,0,1.699
22.983,0,1.699
22.984,0,1.699
22.985,0,1.699
22.986,0,1.699
22.987,0,1.699
22.988,0,1.699
22.989,0,1.699
22.99,0,1.699
22.991,0,1.699
22.992,0,1.699
22.993,0,1.699
22.994,0,1.699
22.995,0,1.699
22.996,0,1.699
22.997,0,1.699
22.998,0,1.699
22.999,0,1.699
23,-0.2,0.401
23.001,-0.2,0.401
23.002,-0.2,0.401
23.003,-0.2,0.401
23.004,-0.2,0.401
23.005,-0.2,0.401
23.006,-0.2,0.401
23.007,-0.2,0.401
23.008,-0.2,0.401
23.009,-0.2,0.401
23.01,-0.2,0.401
23.011,-0.2,0.401
23.012,-0.2,0.401
23.013,-0.2,0.401
23.014,-0.2,0.401
23.015,-0.2,0.401
23.016,-0.2,0.401
23.017,-0.2,0.401
23.018,-0.2,0.401
23.019,-0.2,0.401
23.02,-0.2,0.401
23.021,-0.2,0.401
23.022,-0.2,0.401
23.023,-0.2,0.401
23.024,-0.2,0.401
23.025,-0.2,0.401
23.026,-0.2,0.401
23.027,-0.2,0.401
23.028,-0.2,0.401
23.029,-0.2,0.401
23.03,-0.2,0.401
23.031,-0.2,0.401
23.032,-0.2,0.401
23.033,-0.2,0.401
23.034,-0.2,0.401
23.035,-0.2,0.401
23.036,-0.2,0.401
23.037,-0.2,0.401
23.038,-0.2,0.401
23.039,-0.2,0.401
23.04,-0.2,0.401
23.041,-0.2,0.401
23.042,-0.2,0.401
23.043,-0.2,0.401
23.044,-0.2,0.401
23.045,-0.2,0.401
23.046,-0.2,0.401
23.047,-0.2,0.401
23.048,-0.2,0.401
23.049,-0.2,0.401
23.05,-0.2,0.401
23.051,-0.2,0.401
23.052,-0.2,0.401
23.053,-0.2,0.401
23.054,-0.2,0.401
23.055,-0.2,0.401
23.056,-0.2,0.401
23.057,-0.2,0.401
23.058,-0.2,0.401
23.059,-0.2,0.401
23.06,-0.2,0.401
23.061,-0.2,0.401
23.062,-0.2,0.401
23.063,-0.2,0.401
23.064,-0.2,0.401
23.065,-0.2,0.401
23.066,-0.2,0.401
23.067,-0.2,0.401
23.068,-0.2,0.401
23.069,-0.2,0.401
23.07,-0.2,0.401
23.071,-0.2,0.401
23.072,-0.2,0.401
23.073,-0.2,0.401
23.074,-0.2,0.401
23.075,-0.2,0.401
23.076,-0.2,0.401
23.077,-0.2,0.401
23.078,-0.2,0.401
23.079,-0.2,0.401
23.08,-0.2,0.401
23.081,-0.2,0.401
23.082,-0.2,0.401
23.083,-0.2,0.401
23.084,-0.2,0.401
23.085,-0.2,0.401
23.086,-0.2,0.401
23.087,-0.2,0.401
23.088,-0.2,0.401
23.089,-0.2,0.401
23.09,-0.2,0.401
23.091,-0.2,0.401
23.092,-0.2,0.401
23.093,-0.2,0.401
23.094,-0.2,0.401
23.095,-0.2,0.401
23.096,-0.2,0.401
23.097,-0.2,0.401
23.098,-0.2,0.401
23.099,-0.2,0.401
23.1,-0.2,0.401
23.101,-0.2,0.401
23.102,-0.2,0.401
23.103,-0.2,0.401
23.104,-0.2,0.401
23.105,-0.2,0.401
23.106,-0.2,0.401
23.107,-0.2,0.401
23.108,-0.2,0.401
23.109,-0.2,0.401
23.11,-0.2,0.401
23.111,-0.2,0.401
23.112,-0.2,0.401
23.113,-0.2,0.401
23.114,-0.2,0.401
23.115,-0.2,0.401
23.116,-0.2,0.401
23.117,-0.2,0.401
23.118,-0.2,0.401
23.119,-0.2,0.401
23.12,-0.2,0.401
23.121,-0.2,0.401
23.122,-0.2,0.401
23.123,-0.2,0.401
23.124,-0.2,0.401
23.125,-0.2,0.401
23.126,-0.2,0.401
23.127,-0.2,0.401
23.128,-0.2,0.401
23.129,-0.2,0.401
23.13,-0.2,0.401
23.131,-0.2,0.401
23.132,-0.2,0.401
23.133,-0.2,0.401
23.134,-0.2,0.401
23.135,-0.2,0.401
23.136,-0.2,0.401
23.137,-0.2,0.401
23.138,-0.2,0.401
23.139,-0.2,0.401
23.14,-0.2,0.401
23.141,-0.2,0.401
23.142,-0.2,0.401
23.143,-0.2,0.401
23.144,-0.2,0.401
23.145,-0.2,0.401
23.146,-0.2,0.401
23.147,-0.2,0.401
23.148,-0.2,0.401
23.149,-0.2,0.401
23.15,-0.2,0.401
23.151,-0.2,0.401
23.152,-0.2,0.401
23.153,-0.2,0.401
23.154,-0.2,0.401
23.155,-0.2,0.401
23.156,-0.2,0.401
23.157,-0.2,0.401
23.158,-0.2,0.401
23.159,-0.2,0.401
23.16,-0.2,0.401
23.161,-0.2,0.401
23.162,-0.2,0.401
23.163,-0.2,0.401
23.164,-0.2,0.401
23.165,-0.2,0.401
23.166,-0.2,0.401
23.167,-0.2,0.401
23.168,-0.2,0.401
23.169,-0.2,0.401
23.17,-0.2,0.401
23.171,-0.2,0.401
23.172,-0.2,0.401
23.173,-0.2,0.401
23.174,-0.2,0.401
23.175,-0.2,0.401
23.176,-0.2,0.401
23.177,-0.2,0.401
23.178,-0.2,0.401
23.179,-0.2,0.401
23.18,-0.2,0.401
23.181,-0.2,0.401
23.182,-0.2,0.401
23.183,-0.2,0.401
23.184,-0.2,0.401
23.185,-0.2,0.401
23.186,-0.2,0.401
23.187,-0.2,0.401
23.188,-0.2,0.401
23.189,-0.2,0.401
23.19,-0.2,0.401
23.191,-0.2,0.401
23.192,-0.2,0.401
23.193,-0.2,0.401
23.194,-0.2,0.401
23.195,-0.2,0.401
23.196,-0.2,0.401
23.197,-0.2,0.401
23.198,-0.2,0.401
23.199,-0.2,0.401
23.2,-0.2,0.401
23.201,-0.2,0.401
23.202,-0.2,0.401
23.203,-0.2,0.401
23.204,-0.2,0.401
23.205,-0.2,0.401
23.206,-0.2,0.401
23.207,-0.2,0.401
23.208,-0.2,0.401
23.209,-0.2,0.401
23.21,-0.2,0.401
23.211,-0.2,0.401
23.212,-0.2,0.401
23.213,-0.2,0.401
23.214,-0.2,0.401
23.215,-0.2,0.401
23.216,-0.2,0.401
23.217,-0.2,0.401
23.218,-0.2,0.401
23.219,-0.2,0.401
23.22,-0.2,0.401
23.221,-0.2,0.401
23.222,-0.2,0.401
23.223,-0.2,0.401
23.224,-0.2,0.401
23.225,-0.2,0.401
23.226,-0.2,0.401
23.227,-0.2,0.401
23.228,-0.2,0.401
23.229,-0.2,0.401
23.23,-0.2,0.401
23.231,-0.2,0.401
23.232,-0.2,0.401
23.233,-0.2,0.401
23.234,-0.2,0.401
23.235,-0.2,0.401
23.236,-0.2,0.401
23.237,-0.2,0.401
23.238,-0.2,0.401
23.239,-0.2,0.401
23.24,-0.2,0.401
23.241,-0.2,0.401
23.242,-0.2,0.401
23.243,-0.2,0.401
23.244,-0.2,0.401
23.245,-0.2,0.401
23.246,-0.2,0.401
23.247,-0.2,0.401
23.248,-0.2,0.401
23.249,-0.2,0.401
23.25,-0.2,0.401
23.251,-0.2,0.401
23.252,-0.2,0.401
23.253,-0.2,0.401
23.254,-0.2,0.401
23.255,-0.2,0.401
23.256,-0.2,0.401
23.257,-0.2,0.401
23.258,-0.2,0.401
23.259,-0.2,0.401
23.26,-0.2,0.401
23.261,-0.2,0.401
23.262,-0.2,0.401
23.263,-0.2,0.401
23.264,-0.2,0.401
23.265,-0.2,0.401
23.266,-0.2,0.401
23.267,-0.2,0.401
23.268,-0.2,0.401
23.269,-0.2,0.401
23.27,-0.2,0.401
23.271,-0.2,0.401
23.272,-0.2,0.401
23.273,-0.2,0.401
23.274,-0.2,0.401
23.275,-0.2,0.401
23.276,-0.2,0.401
23.277,-0.2,0.401
23.278,-0.2,0.401
23.279,-0.2,0.401
23.28,-0.2,0.401
23.281,-0.2,0.401
23.282,-0.2,0.401
23.283,-0.2,0.401
23.284,-0.2,0.401
23.285,-0.2,0.401
23.286,-0.2,0.401
23.287,-0.2,0.401
23.288,-0.2,0.401
23.289,-0.2,0.401
23.29,-0.2,0.401
23.291,-0.2,0.401
23.292,-0.2,0.401
23.293,-0.2,0.401
23.294,-0.2,0.401
23.295,-0.2,0.401
23.296,-0.2,0.401
23.297,-0.2,0.401
23.298,-0.2,0.401
23.299,-0.2,0.401
23.3,-0.2,0.401
23.301,-0.2,0.401
23.302,-0.2,0.401
23.303,-0.2,0.401
23.304,-0.2,0.401
23.305,-0.2,0.401
23.306,-0.2,0.401
23.307,-0.2,0.401
23.308,-0.2,0.401
23.309,-0.2,0.401
23.31,-0.2,0.401
23.311,-0.2,0.401
23.312,-0.2,0.401
23.313,-0.2,0.401
23.314,-0.2,0.401
23.315,-0.2,0.401
23.316,-0.2,0.401
23.317,-0.2,0.401
23.318,-0.2,0.401
23.319,-0.2,0.401
23.32,-0.2,0.401
23.321,-0.2,0.401
23.322,-0.2,0.401
23.323,-0.2,0.401
23.324,-0.2,0.401
23.325,-0.2,0.401
23.326,-0.2,0.401
23.327,-0.2,0.401
23.328,-0.2,0.401
23.329,-0.2,0.401
23.33,-0.2,0.401
23.331,-0.2,0.401
23.332,-0.2,0.401
23.333,-0.2,0.401
23.334,-0.2,0.401
23.335,-0.2,0.401
23.336,-0.2,0.401
23.337,-0.2,0.401
23.338,-0.2,0.401
23.339,-0.2,0.401
23.34,-0.2,0.401
23.341,-0.2,0.401
23.342,-0.2,0.401
23.343,-0.2,0.401
23.344,-0.2,0.401
23.345,-0.2,0.401
23.346,-0.2,0.401
23.347,-0.2,0.401
23.348,-0.2,0.401
23.349,-0.2,0.401
23.35,-0.2,0.401
23.351,-0.2,0.401
23.352,-0.2,0.401
23.353,-0.2,0.401
23.354,-0.2,0.401
23.355,-0.2,0.401
23.356,-0.2,0.401
23.357,-0.2,0.401
23.358,-0.2,0.401
23.359,-0.2,0.401
23.36,-0.2,0.401
23.361,-0.2,0.401
23.362,-0.2,0.401
23.363,-0.2,0.401
23.364,-0.2,0.401
23.365,-0.2,0.401
23.366,-0.2,0.401
23.367,-0.2,0.401
23.368,-0.2,0.401
23.369,-0.2,0.401
23.37,-0.2,0.401
23.371,-0.2,0.401
23.372,-0.2,0.401
23.373,-0.2,0.401
23.374,-0.2,0.401
23.375,-0.2,0.401
23.376,-0.2,0.401
23.377,-0.2,0.401
23.378,-0.2,0.401
23.379,-0.2,0.401
23.38,-0.2,0.401
23.381,-0.2,0.401
23.382,-0.2,0.401
23.383,-0.2,0.401
23.384,-0.2,0.401
23.385,-0.2,0.401
23.386,-0.2,0.401
23.387,-0.2,0.401
23.388,-0.2,0.401
23.389,-0.2,0.401
23.39,-0.2,0.401
23.391,-0.2,0.401
23.392,-0.2,0.401
23.393,-0.2,0.401
23.394,-0.2,0.401
23.395,-0.2,0.401
23.396,-0.2,0.401
23.397,-0.2,0.401
23.398,-0.2,0.401
23.399,-0.2,0.401
23.4,-0.2,0.401
23.401,0,2.599
23.402,0,2.599
23.403,0,2.599
23.404,0,2.599
23.405,0,2.599
23.406,0,2.599
23.407,0,2.599
23.408,0,2.599
23.409,0,2.599
23.41,0,2.599
23.411,0,2.599
23.412,0,2.599
23.413,0,2.599
23.414,0,2.599
23.415,0,2.599
23.416,0,2.599
23.417,0,2.599
23.418,0,2.599
23.419,0,2.599
23.42,0,2.599
23.421,0,2.599
23.422,0,2.599
23.423,0,2.599
23.424,0,2.599
23.425,0,2.599
23.426,0,2.599
23.427,0,2.599
23.428,0,2.599
23.429,0,2.599
23.43,0,2.599
23.431,0,2.599
23.432,0,2.599
23.433,0,2.599
23.434,0,2.599
23.435,0,2.599
23.436,0,2.599
23.437,0,2.599
23.438,0,2.599
23.439,0,2.599
23.44,0,2.599
23.441,0,2.599
23.442,0,2.599
23.443,0,2.599
23.444,0,2.599
23.445,0,2.599
23.446,0,2.599
23.447,0,2.599
23.448,0,2.599
23.449,0,2.599
23.45,0,2.599
23.451,0,2.599
23.452,0,2.599
23.453,0,2.599
23.454,0,2.599
23.455,0,2.599
23.456,0,2.599
23.457,0,2.599
23.458,0,2.599
23.459,0,2.599
23.46,0,2.599
23.461,0,2.599
23.462,0,2.599
23.463,0,2.599
23.464,0,2.599
23.465,0,2.599
23.466,0,2.599
23.467,0,2.599
23.468,0,2.599
23.469,0,2.599
23.47,0,2.599
23.471,0,2.599
23.472,0,2.599
23.473,0,2.599
23.474,0,2.599
23.475,0,2.599
23.476,0,2.599
23.477,0,2.599
23.478,0,2.599
23.479,0,2.599
23.48,0,2.599
23.481,0,2.599
23.482,0,2.599
23.483,0,2.599
23.484,0,2.599
23.485,0,2.599
23.486,0,2.599
23.487,0,2.599
23.488,0,2.599
23.489,0,2.599
23.49,0,2.599
23.491,0,2.599
23.492,0,2.599
23.493,0,2.599
23.494,0,2.599
23.495,0,2.599
23.496,0,2.599
23.497,0,2.599
23.498,0,2.599
23.499,0,2.599
23.5,0,2.599
23.501,0,2.599
23.502,0,2.599
23.503,0,2.599
23.504,0,2.599
23.505,0,2.599
23.506,0,2.599
23.507,0,2.599
23.508,0,2.599
23.509,0,2.599
23.51,0,2.599
23.511,0,2.599
23.512,0,2.599
23.513,0,2.599
23.514,0,2.599
23.515,0,2.599
23.516,0,2.599
23.517,0,2.599
23.518,0,2.599
23.519,0,2.599
23.52,0,2.599
23.521,0,2.599
23.522,0,2.599
23.523,0,2.599
23.524,0,2.599
23.525,0,2.599
23.526,0,2.599
23.527,0,2.599
23.528,0,2.599
23.529,0,2.599
23.53,0,2.599
23.531,0,2.599
23.532,0,2.599
23.533,0,2.599
23.534,0,2.599
23.535,0,2.599
23.536,0,2.599
23.537,0,2.599
23.538,0,2.599
23.539,0,2.599
23.54,0,2.599
23.541,0,2.599
23.542,0,2.599
23.543,0,2.599
23.544,0,2.599
23.545,0,2.599
23.546,0,2.599
23.547,0,2.599
23.548,0,2.599
23.549,0,2.599
23.55,0,2.599
23.551,0,2.599
23.552,0,2.599
23.553,0,2.599
23.554,0,2.599
23.555,0,2.599
23.556,0,2.599
23.557,0,2.599
23.558,0,2.599
23.559,0,2.599
23.56,0,2.599
23.561,0,2.599
23.562,0,2.599
23.563,0,2.599
23.564,0,2.599
23.565,0,2.599
23.566,0,2.599
23.567,0,2.599
23.568,0,2.599
23.569,0,2.599
23.57,0,2.599
23.571,0,2.599
23.572,0,2.599
23.573,0,2.599
23.574,0,2.599
23.575,0,2.599
23.576,0,2.599
23.577,0,2.599
23.578,0,2.599
23.579,0,2.599
23.58,0,2.599
23.581,0,2.599
23.582,0,2.599
23.583,0,2.599
23.584,0,2.599
23.585,0,2.599
23.586,0,2.599
23.587,0,2.599
23.588,0,2.599
23.589,0,2.599
23.59,0,2.599
23.591,0,2.599
23.592,0,2.599
23.593,0,2.599
23.594,0,2.599
23.595,0,2.599
23.596,0,2.599
23.597,0,2.599
23.598,0,2.599
23.599,0,2.599
23.6,0,2.599
23.601,0,2.599
23.602,0,2.599
23.603,0,2.599
23.604,0,2.599
23.605,0,2.599
23.606,0,2.599
23.607,0,2.599
23.608,0,2.599
23.609,0,2.599
23.61,0,2.599
23.611,0,2.599
23.612,0,2.599
23.613,0,2.599
23.614,0,2.599
23.615,0,2.599
23.616,0,2.599
23.617,0,2.599
23.618,0,2.599
23.619,0,2.599
23.62,0,2.599
23.621,0,2.599
23.622,0,2.599
23.623,0,2.599
23.624,0,2.599
23.625,0,2.599
23.626,0,2.599
23.627,0,2.599
23.628,0,2.599
23.629,0,2.599
23.63,0,2.599
23.631,0,2.599
23.632,0,2.599
23.633,0,2.599
23.634,0,2.599
23.635,0,2.599
23.636,0,2.599
23.637,0,2.599
23.638,0,2.599
23.639,0,2.599
23.64,0,2.599
23.641,0,2.599
23.642,0,2.599
23.643,0,2.599
23.644,0,2.599
23.645,0,2.599
23.646,0,2.599
23.647,0,2.599
23.648,0,2.599
23.649,0,2.599
23.65,0,2.599
23.651,0,2.599
23.652,0,2.599
23.653,0,2.599
23.654,0,2.599
23.655,0,2.599
23.656,0,2.599
23.657,0,2.599
23.658,0,2.599
23.659,0,2.599
23.66,0,2.599
23.661,0,2.599
23.662,0,2.599
23.663,0,2.599
23.664,0,2.599
23.665,0,2.599
23.666,0,2.599
23.667,0,2.599
23.668,0,2.599
23.669,0,2.599
23.67,0,2.599
23.671,0,2.599
23.672,0,2.599
23.673,0,2.599
23.674,0,2.599
23.675,0,2.599
23.676,0,2.599
23.677,0,2.599
23.678,0,2.599
23.679,0,2.599
23.68,0,2.599
23.681,0,2.599
23.682,0,2.599
23.683,0,2.599
23.684,0,2.599
23.685,0,2.599
23.686,0,2.599
23.687,0,2.599
23.688,0,2.599
23.689,0,2.599
23.69,0,2.599
23.691,0,2.599
23.692,0,2.599
23.693,0,2.599
23.694,0,2.599
23.695,0,2.599
23.696,0,2.599
23.697,0,2.599
23.698,0,2.599
23.699,0,2.599
23.7,0,2.599
23.701,0,2.599
23.702,0,2.599
23.703,0,2.599
23.704,0,2.599
23.705,0,2.599
23.706,0,2.599
23.707,0,2.599
23.708,0,2.599
23.709,0,2.599
23.71,0,2.599
23.711,0,2.599
23.712,0,2.599
23.713,0,2.599
23.714,0,2.599
23.715,0,2.599
23.716,0,2.599
23.717,0,2.599
23.718,0,2.599
23.719,0,2.599
23.72,0,2.599
23.721,0,2.599
23.722,0,2.599
23.723,0,2.599
23.724,0,2.599
23.725,0,2.599
23.726,0,2.599
23.727,0,2.599
23.728,0,2.599
23.729,0,2.599
23.73,0,2.599
23.731,0,2.599
23.732,0,2.599
23.733,0,2.599
23.734,0,2.599
23.735,0,2.599
23.736,0,2.599
23.737,0,2.599
23.738,0,2.599
23.739,0,2.599
23.74,0,2.599
23.741,0,2.599
23.742,0,2.599
23.743,0,2.599
23.744,0,2.599
23.745,0,2.599
23.746,0,2.599
23.747,0,2.599
23.748,0,2.599
23.749,0,2.599
23.75,0,2.599
23.751,0,2.599
23.752,0,2.599
23.753,0,2.599
23.754,0,2.599
23.755,0,2.599
23.756,0,2.599
23.757,0,2.599
23.758,0,2.599
23.759,0,2.599
23.76,0,2.599
23.761,0,2.599
23.762,0,2.599
23.763,0,2.599
23.764,0,2.599
23.765,0,2.599
23.766,0,2.599
23.767,0,2.599
23.768,0,2.599
23.769,0,2.599
23.77,0,2.599
23.771,0,2.599
23.772,0,2.599
23.773,0,2.599
23.774,0,2.599
23.775,0,2.599
23.776,0,2.599
23.777,0,2.599
23.778,0,2.599
23.779,0,2.599
23.78,0,2.599
23.781,0,2.599
23.782,0,2.599
23.783,0,2.599
23.784,0,2.599
23.785,0,2.599
23.786,0,2.599
23.787,0,2.599
23.788,0,2.599
23.789,0,2.599
23.79,0,2.599
23.791,0,2.599
23.792,0,2.599
23.793,0,2.599
23.794,0,2.599
23.795,0,2.599
23.796,0,2.599
23.797,0,2.599
23.798,0,2.599
23.799,0,2.599
23.8,0,2.599
23.801,0,2.599
23.802,0,2.599
23.803,0,2.599
23.804,0,2.599
23.805,0,2.599
23.806,0,2.599
23.807,0,2.599
23.808,0,2.599
23.809,0,2.599
23.81,0,2.599
23.811,0,2.599
23.812,0,2.599
23.813,0,2.599
23.814,0,2.599
23.815,0,2.599
23.816,0,2.599
23.817,0,2.599
23.818,0,2.599
23.819,0,2.599
23.82,0,2.599
23.821,0,2.599
23.822,0,2.599
23.823,0,2.599
23.824,0,2.599
23.825,0,2.599
23.826,0,2.599
23.827,0,2.599
23.828,0,2.599
23.829,0,2.599
23.83,0,2.599
23.831,0,2.599
23.832,0,2.599
23.833,0,2.599
23.834,0,2.599
23.835,0,2.599
23.836,0,2.599
23.837,0,2.599
23.838,0,2.599
23.839,0,2.599
23.84,0,2.599
23.841,0,2.599
23.842,0,2.599
23.843,0,2.599
23.844,0,2.599
23.845,0,2.599
23.846,0,2.599
23.847,0,2.599
23.848,0,2.599
23.849,0,2.599
23.85,0,2.599
23.851,0,2.599
23.852,0,2.599
23.853,0,2.599
23.854,0,2.599
23.855,0,2.599
23.856,0,2.599
23.857,0,2.599
23.858,0,2.599
23.859,0,2.599
23.86,0,2.599
23.861,0,2.599
23.862,0,2.599
23.863,0,2.599
23.864,0,2.599
23.865,0,2.599
23.866,0,2.599
23.867,0,2.599
23.868,0,2.599
23.869,0,2.599
23.87,0,2.599
23.871,0,2.599
23.872,0,2.599
23.873,0,2.599
23.874,0,2.599
23.875,0,2.599
23.876,0,2.599
23.877,0,2.599
23.878,0,2.599
23.879,0,2.599
23.88,0,2.599
23.881,0,2.599
23.882,0,2.599
23.883,0,2.599
23.884,0,2.599
23.885,0,2.599
23.886,0,2.599
23.887,0,2.599
23.888,0,2.599
23.889,0,2.599
23.89,0,2.599
23.891,0,2.599
23.892,0,2.599
23.893,0,2.599
23.894,0,2.599
23.895,0,2.599
23.896,0,2.599
23.897,0,2.599
23.898,0,2.599
23.899,0,2.599
23.9,0,2.599
23.901,0,2.599
23.902,0,2.599
23.903,0,2.599
23.904,0,2.599
23.905,0,2.599
23.906,0,2.599
23.907,0,2.599
23.908,0,2.599
23.909,0,2.599
23.91,0,2.599
23.911,0,2.599
23.912,0,2.599
23.913,0,2.599
23.914,0,2.599
23.915,0,2.599
23.916,0,2.599
23.917,0,2.599
23.918,0,2.599
23.919,0,2.599
23.92,0,2.599
23.921,0,2.599
23.922,0,2.599
23.923,0,2.599
23.924,0,2.599
23.925,0,2.599
23.926,0,2.599
23.927,0,2.599
23.928,0,2.599
23.929,0,2.599
23.93,0,2.599
23.931,0,2.599
23.932,0,2.599
23.933,0,2.599
23.934,0,2.599
23.935,0,2.599
23.936,0,2.599
23.937,0,2.599
23.938,0,2.599
23.939,0,2.599
23.94,0,2.599
23.941,0,2.599
23.942,0,2.599
23.943,0,2.599
23.944,0,2.599
23.945,0,2.599
23.946,0,2.599
23.947,0,2.599
23.948,0,2.599
23.949,0,2.599
23.95,0,2.599
23.951,0,2.599
23.952,0,2.599
23.953,0,2.599
23.954,0,2.599
23.955,0,2.599
23.956,0,2.599
23.957,0,2.599
23.958,0,2.599
23.959,0,2.599
23.96,0,2.599
23.961,0,2.599
23.962,0,2.599
23.963,0,2.599
23.964,0,2.599
23.965,0,2.599
23.966,0,2.599
23.967,0,2.599
23.968,0,2.599
23.969,0,2.599
23.97,0,2.599
23.971,0,2.599
23.972,0,2.599
23.973,0,2.599
23.974,0,2.599
23.975,0,2.599
23.976,0,2.599
23.977,0,2.599
23.978,0,2.599
23.979,0,2.599
23.98,0,2.599
23.981,0,2.599
23.982,0,2.599
23.983,0,2.599
23.984,0,2.599
23.985,0,2.599
23.986,0,2.599
23.987,0,2.599
23.988,0,2.599
23.989,0,2.599
23.99,0,2.599
23.991,0,2.599
23.992,0,2.599
23.993,0,2.599
23.994,0,2.599
23.995,0,2.599
23.996,0,2.599
23.997,0,2.599
23.998,0,2.599
23.999,0,2.599
24,0,2.599
24.001,0,2.599
24.002,0,2.599
24.003,0,2.599
24.004,0,2.599
24.005,0,2.599
24.006,0,2.599
24.007,0,2.599
24.008,0,2.599
24.009,0,2.599
24.01,0,2.599
24.011,0,2.599
24.012,0,2.599
24.013,0,2.599
24.014,0,2.599
24.015,0,2.599
24.016,0,2.599
24.017,0,2.599
24.018,0,2.599
24.019,0,2.599
24.02,0,2.599
24.021,0,2.599
24.022,0,2.599
24.023,0,2.599
24.024,0,2.599
24.025,0,2.599
24.026,0,2.599
24.027,0,2.599
24.028,0,2.599
24.029,0,2.599
24.03,0,2.599
24.031,0,2.599
24.032,0,2.599
24.033,0,2.599
24.034,0,2.599
24.035,0,2.599
24.036,0,2.599
24.037,0,2.599
24.038,0,2.599
24.039,0,2.599
24.04,0,2.599
24.041,0,2.599
24.042,0,2.599
24.043,0,2.599
24.044,0,2.599
24.045,0,2.599
24.046,0,2.599
24.047,0,2.599
24.048,0,2.599
24.049,0,2.599
24.05,0,2.599
24.051,0,2.599
24.052,0,2.599
24.053,0,2.599
24.054,0,2.599
24.055,0,2.599
24.056,0,2.599
24.057,0,2.599
24.058,0,2.599
24.059,0,2.599
24.06,0,2.599
24.061,0,2.599
24.062,0,2.599
24.063,0,2.599
24.064,0,2.599
24.065,0,2.599
24.066,0,2.599
24.067,0,2.599
24.068,0,2.599
24.069,0,2.599
24.07,0,2.599
24.071,0,2.599
24.072,0,2.599
24.073,0,2.599
24.074,0,2.599
24.075,0,2.599
24.076,0,2.599
24.077,0,2.599
24.078,0,2.599
24.079,0,2.599
24.08,0,2.599
24.081,0,2.599
24.082,0,2.599
24.083,0,2.599
24.084,0,2.599
24.085,0,2.599
24.086,0,2.599
24.087,0,2.599
24.088,0,2.599
24.089,0,2.599
24.09,0,2.599
24.091,0,2.599
24.092,0,2.599
24.093,0,2.599
24.094,0,2.599
24.095,0,2.599
24.096,0,2.599
24.097,0,2.599
24.098,0,2.599
24.099,0,2.599
24.1,0,2.599
24.101,0,2.599
24.102,0,2.599
24.103,0,2.599
24.104,0,2.599
24.105,0,2.599
24.106,0,2.599
24.107,0,2.599
24.108,0,2.599
24.109,0,2.599
24.11,0,2.599
24.111,0,2.599
24.112,0,2.599
24.113,0,2.599
24.114,0,2.599
24.115,0,2.599
24.116,0,2.599
24.117,0,2.599
24.118,0,2.599
24.119,0,2.599
24.12,0,2.599
24.121,0,2.599
24.122,0,2.599
24.123,0,2.599
24.124,0,2.599
24.125,0,2.599
24.126,0,2.599
24.127,0,2.599
24.128,0,2.599
24.129,0,2.599
24.13,0,2.599
24.131,0,2.599
24.132,0,2.599
24.133,0,2.599
24.134,0,2.599
24.135,0,2.599
24.136,0,2.599
24.137,0,2.599
24.138,0,2.599
24.139,0,2.599
24.14,0,2.599
24.141,0,2.599
24.142,0,2.599
24.143,0,2.599
24.144,0,2.599
24.145,0,2.599
24.146,0,2.599
24.147,0,2.599
24.148,0,2.599
24.149,0,2.599
24.15,0,2.599
24.151,0,2.599
24.152,0,2.599
24.153,0,2.599
24.154,0,2.599
24.155,0,2.599
24.156,0,2.599
24.157,0,2.599
24.158,0,2.599
24.159,0,2.599
24.16,0,2.599
24.161,0,2.599
24.162,0,2.599
24.163,0,2.599
24.164,0,2.599
24.165,0,2.599
24.166,0,2.599
24.167,0,2.599
24.168,0,2.599
24.169,0,2.599
24.17,0,2.599
24.171,0,2.599
24.172,0,2.599
24.173,0,2.599
24.174,0,2.599
24.175,0,2.599
24.176,0,2.599
24.177,0,2.599
24.178,0,2.599
24.179,0,2.599
24.18,0,2.599
24.181,0,2.599
24.182,0,2.599
24.183,0,2.599
24.184,0,2.599
24.185,0,2.599
24.186,0,2.599
24.187,0,2.599
24.188,0,2.599
24.189,0,2.599
24.19,0,2.599
24.191,0,2.599
24.192,0,2.599
24.193,0,2.599
24.194,0,2.599
24.195,0,2.599
24.196,0,2.599
24.197,0,2.599
24.198,0,2.599
24.199,0,2.599
24.2,0,2.599
24.201,0,2.599
24.202,0,2.599
24.203,0,2.599
24.204,0,2.599
24.205,0,2.599
24.206,0,2.599
24.207,0,2.599
24.208,0,2.599
24.209,0,2.599
24.21,0,2.599
24.211,0,2.599
24.212,0,2.599
24.213,0,2.599
24.214,0,2.599
24.215,0,2.599
24.216,0,2.599
24.217,0,2.599
24.218,0,2.599
24.219,0,2.599
24.22,0,2.599
24.221,0,2.599
24.222,0,2.599
24.223,0,2.599
24.224,0,2.599
24.225,0,2.599
24.226,0,2.599
24.227,0,2.599
24.228,0,2.599
24.229,0,2.599
24.23,0,2.599
24.231,0,2.599
24.232,0,2.599
24.233,0,2.599
24.234,0,2.599
24.235,0,2.599
24.236,0,2.599
24.237,0,2.599
24.238,0,2.599
24.239,0,2.599
24.24,0,2.599
24.241,0,2.599
24.242,0,2.599
24.243,0,2.599
24.244,0,2.599
24.245,0,2.599
24.246,0,2.599
24.247,0,2.599
24.248,0,2.599
24.249,0,2.599
24.25,0,2.599
24.251,0,2.599
24.252,0,2.599
24.253,0,2.599
24.254,0,2.599
24.255,0,2.599
24.256,0,2.599
24.257,0,2.599
24.258,0,2.599
24.259,0,2.599
24.26,0,2.599
24.261,0,2.599
24.262,0,2.599
24.263,0,2.599
24.264,0,2.599
24.265,0,2.599
24.266,0,2.599
24.267,0,2.599
24.268,0,2.599
24.269,0,2.599
24.27,0,2.599
24.271,0,2.599
24.272,0,2.599
24.273,0,2.599
24.274,0,2.599
24.275,0,2.599
24.276,0,2.599
24.277,0,2.599
24.278,0,2.599
24.279,0,2.599
24.28,0,2.599
24.281,0,2.599
24.282,0,2.599
24.283,0,2.599
24.284,0,2.599
24.285,0,2.599
24.286,0,2.599
24.287,0,2.599
24.288,0,2.599
24.289,0,2.599
24.29,0,2.599
24.291,0,2.599
24.292,0,2.599
24.293,0,2.599
24.294,0,2.599
24.295,0,2.599
24.296,0,2.599
24.297,0,2.599
24.298,0,2.599
24.299,0,2.599
24.3,0,2.599
24.301,0,2.599
24.302,0,2.599
24.303,0,2.599
24.304,0,2.599
24.305,0,2.599
24.306,0,2.599
24.307,0,2.599
24.308,0,2.599
24.309,0,2.599
24.31,0,2.599
24.311,0,2.599
24.312,0,2.599
24.313,0,2.599
24.314,0,2.599
24.315,0,2.599
24.316,0,2.599
24.317,0,2.599
24.318,0,2.599
24.319,0,2.599
24.32,0,2.599
24.321,0,2.599
24.322,0,2.599
24.323,0,2.599
24.324,0,2.599
24.325,0,2.599
24.326,0,2.599
24.327,0,2.599
24.328,0,2.599
24.329,0,2.599
24.33,0,2.599
24.331,0,2.599
24.332,0,2.599
24.333,0,2.599
24.334,0,2.599
24.335,0,2.599
24.336,0,2.599
24.337,0,2.599
24.338,0,2.599
24.339,0,2.599
24.34,0,2.599
24.341,0,2.599
24.342,0,2.599
24.343,0,2.599
24.344,0,2.599
24.345,0,2.599
24.346,0,2.599
24.347,0,2.599
24.348,0,2.599
24.349,0,2.599
24.35,0,2.599
24.351,0,2.599
24.352,0,2.599
24.353,0,2.599
24.354,0,2.599
24.355,0,2.599
24.356,0,2.599
24.357,0,2.599
24.358,0,2.599
24.359,0,2.599
24.36,0,2.599
24.361,0,2.599
24.362,0,2.599
24.363,0,2.599
24.364,0,2.599
24.365,0,2.599
24.366,0,2.599
24.367,0,2.599
24.368,0,2.599
24.369,0,2.599
24.37,0,2.599
24.371,0,2.599
24.372,0,2.599
24.373,0,2.599
24.374,0,2.599
24.375,0,2.599
24.376,0,2.599
24.377,0,2.599
24.378,0,2.599
24.379,0,2.599
24.38,0,2.599
24.381,0,2.599
24.382,0,2.599
24.383,0,2.599
24.384,0,2.599
24.385,0,2.599
24.386,0,2.599
24.387,0,2.599
24.388,0,2.599
24.389,0,2.599
24.39,0,2.599
24.391,0,2.599
24.392,0,2.599
24.393,0,2.599
24.394,0,2.599
24.395,0,2.599
24.396,0,2.599
24.397,0,2.599
24.398,0,2.599
24.399,0,2.599
24.4,0,2.599
24.401,0,2.599
24.402,0,2.599
24.403,0,2.599
24.404,0,2.599
24.405,0,2.599
24.406,0,2.599
24.407,0,2.599
24.408,0,2.599
24.409,0,2.599
24.41,0,2.599
24.411,0,2.599
24.412,0,2.599
24.413,0,2.599
24.414,0,2.599
24.415,0,2.599
24.416,0,2.599
24.417,0,2.599
24.418,0,2.599
24.419,0,2.599
24.42,0,2.599
24.421,0,2.599
24.422,0,2.599
24.423,0,2.599
24.424,0,2.599
24.425,0,2.599
24.426,0,2.599
24.427,0,2.599
24.428,0,2.599
24.429,0,2.599
24.43,0,2.599
24.431,0,2.599
24.432,0,2.599
24.433,0,2.599
24.434,0,2.599
24.435,0,2.599
24.436,0,2.599
24.437,0,2.599
24.438,0,2.599
24.439,0,2.599
24.44,0,2.599
24.441,0,2.599
24.442,0,2.599
24.443,0,2.599
24.444,0,2.599
24.445,0,2.599
24.446,0,2.599
24.447,0,2.599
24.448,0,2.599
24.449,0,2.599
24.45,0,2.599
24.451,0,2.599
24.452,0,2.599
24.453,0,2.599
24.454,0,2.599
24.455,0,2.599
24.456,0,2.599
24.457,0,2.599
24.458,0,2.599
24.459,0,2.599
24.46,0,2.599
24.461,0,2.599
24.462,0,2.599
24.463,0,2.599
24.464,0,2.599
24.465,0,2.599
24.466,0,2.599
24.467,0,2.599
24.468,0,2.599
24.469,0,2.599
24.47,0,2.599
24.471,0,2.599
24.472,0,2.599
24.473,0,2.599
24.474,0,2.599
24.475,0,2.599
24.476,0,2.599
24.477,0,2.599
24.478,0,2.599
24.479,0,2.599
24.48,0,2.599
24.481,0,2.599
24.482,0,2.599
24.483,0,2.599
24.484,0,2.599
24.485,0,2.599
24.486,0,2.599
24.487,0,2.599
24.488,0,2.599
24.489,0,2.599
24.49,0,2.599
24.491,0,2.599
24.492,0,2.599
24.493,0,2.599
24.494,0,2.599
24.495,0,2.599
24.496,0,2.599
24.497,0,2.599
24.498,0,2.599
24.499,0,2.599
24.5,0,2.599
24.501,0,2.599
24.502,0,2.599
24.503,0,2.599
24.504,0,2.599
24.505,0,2.599
24.506,0,2.599
24.507,0,2.599
24.508,0,2.599
24.509,0,2.599
24.51,0,2.599
24.511,0,2.599
24.512,0,2.599
24.513,0,2.599
24.514,0,2.599
24.515,0,2.599
24.516,0,2.599
24.517,0,2.599
24.518,0,2.599
24.519,0,2.599
24.52,0,2.599
24.521,0,2.599
24.522,0,2.599
24.523,0,2.599
24.524,0,2.599
24.525,0,2.599
24.526,0,2.599
24.527,0,2.599
24.528,0,2.599
24.529,0,2.599
24.53,0,2.599
24.531,0,2.599
24.532,0,2.599
24.533,0,2.599
24.534,0,2.599
24.535,0,2.599
24.536,0,2.599
24.537,0,2.599
24.538,0,2.599
24.539,0,2.599
24.54,0,2.599
24.541,0,2.599
24.542,0,2.599
24.543,0,2.599
24.544,0,2.599
24.545,0,2.599
24.546,0,2.599
24.547,0,2.599
24.548,0,2.599
24.549,0,2.599
24.55,0,2.599
24.551,0,2.599
24.552,0,2.599
24.553,0,2.599
24.554,0,2.599
24.555,0,2.599
24.556,0,2.599
24.557,0,2.599
24.558,0,2.599
24.559,0,2.599
24.56,0,2.599
24.561,0,2.599
24.562,0,2.599
24.563,0,2.599
24.564,0,2.599
24.565,0,2.599
24.566,0,2.599
24.567,0,2.599
24.568,0,2.599
24.569,0,2.599
24.57,0,2.599
24.571,0,2.599
24.572,0,2.599
24.573,0,2.599
24.574,0,2.599
24.575,0,2.599
24.576,0,2.599
24.577,0,2.599
24.578,0,2.599
24.579,0,2.599
24.58,0,2.599
24.581,0,2.599
24.582,0,2.599
24.583,0,2.599
24.584,0,2.599
24.585,0,2.599
24.586,0,2.599
24.587,0,2.599
24.588,0,2.599
24.589,0,2.599
24.59,0,2.599
24.591,0,2.599
24.592,0,2.599
24.593,0,2.599
24.594,0,2.599
24.595,0,2.599
24.596,0,2.599
24.597,0,2.599
24.598,0,2.599
24.599,0,2.599
24.6,0,2.599
24.601,0,2.599
24.602,0,2.599
24.603,0,2.599
24.604,0,2.599
24.605,0,2.599
24.606,0,2.599
24.607,0,2.599
24.608,0,2.599
24.609,0,2.599
24.61,0,2.599
24.611,0,2.599
24.612,0,2.599
24.613,0,2.599
24.614,0,2.599
24.615,0,2.599
24.616,0,2.599
24.617,0,2.599
24.618,0,2.599
24.619,0,2.599
24.62,0,2.599
24.621,0,2.599
24.622,0,2.599
24.623,0,2.599
24.624,0,2.599
24.625,0,2.599
24.626,0,2.599
24.627,0,2.599
24.628,0,2.599
24.629,0,2.599
24.63,0,2.599
24.631,0,2.599
24.632,0,2.599
24.633,0,2.599
24.634,0,2.599
24.635,0,2.599
24.636,0,2.599
24.637,0,2.599
24.638,0,2.599
24.639,0,2.599
24.64,0,2.599
24.641,0,2.599
24.642,0,2.599
24.643,0,2.599
24.644,0,2.599
24.645,0,2.599
24.646,0,2.599
24.647,0,2.599
24.648,0,2.599
24.649,0,2.599
24.65,0,2.599
24.651,0,2.599
24.652,0,2.599
24.653,0,2.599
24.654,0,2.599
24.655,0,2.599
24.656,0,2.599
24.657,0,2.599
24.658,0,2.599
24.659,0,2.599
24.66,0,2.599
24.661,0,2.599
24.662,0,2.599
24.663,0,2.599
24.664,0,2.599
24.665,0,2.599
24.666,0,2.599
24.667,0,2.599
24.668,0,2.599
24.669,0,2.599
24.67,0,2.599
24.671,0,2.599
24.672,0,2.599
24.673,0,2.599
24.674,0,2.599
24.675,0,2.599
24.676,0,2.599
24.677,0,2.599
24.678,0,2.599
24.679,0,2.599
24.68,0,2.599
24.681,0,2.599
24.682,0,2.599
24.683,0,2.599
24.684,0,2.599
24.685,0,2.599
24.686,0,2.599
24.687,0,2.599
24.688,0,2.599
24.689,0,2.599
24.69,0,2.599
24.691,0,2.599
24.692,0,2.599
24.693,0,2.599
24.694,0,2.599
24.695,0,2.599
24.696,0,2.599
24.697,0,2.599
24.698,0,2.599
24.699,0,2.599
24.7,0,2.599
24.701,0,2.599
24.702,0,2.599
24.703,0,2.599
24.704,0,2.599
24.705,0,2.599
24.706,0,2.599
24.707,0,2.599
24.708,0,2.599
24.709,0,2.599
24.71,0,2.599
24.711,0,2.599
24.712,0,2.599
24.713,0,2.599
24.714,0,2.599
24.715,0,2.599
24.716,0,2.599
24.717,0,2.599
24.718,0,2.599
24.719,0,2.599
24.72,0,2.599
24.721,0,2.599
24.722,0,2.599
24.723,0,2.599
24.724,0,2.599
24.725,0,2.599
24.726,0,2.599
24.727,0,2.599
24.728,0,2.599
24.729,0,2.599
24.73,0,2.599
24.731,0,2.599
24.732,0,2.599
24.733,0,2.599
24.734,0,2.599
24.735,0,2.599
24.736,0,2.599
24.737,0,2.599
24.738,0,2.599
24.739,0,2.599
24.74,0,2.599
24.741,0,2.599
24.742,0,2.599
24.743,0,2.599
24.744,0,2.599
24.745,0,2.599
24.746,0,2.599
24.747,0,2.599
24.748,0,2.599
24.749,0,2.599
24.75,0,2.599
24.751,0,2.599
24.752,0,2.599
24.753,0,2.599
24.754,0,2.599
24.755,0,2.599
24.756,0,2.599
24.757,0,2.599
24.758,0,2.599
24.759,0,2.599
24.76,0,2.599
24.761,0,2.599
24.762,0,2.599
24.763,0,2.599
24.764,0,2.599
24.765,0,2.599
24.766,0,2.599
24.767,0,2.599
24.768,0,2.599
24.769,0,2.599
24.77,0,2.599
24.771,0,2.599
24.772,0,2.599
24.773,0,2.599
24.774,0,2.599
24.775,0,2.599
24.776,0,2.599
24.777,0,2.599
24.778,0,2.599
24.779,0,2.599
24.78,0,2.599
24.781,0,2.599
24.782,0,2.599
24.783,0,2.599
24.784,0,2.599
24.785,0,2.599
24.786,0,2.599
24.787,0,2.599
24.788,0,2.599
24.789,0,2.599
24.79,0,2.599
24.791,0,2.599
24.792,0,2.599
24.793,0,2.599
24.794,0,2.599
24.795,0,2.599
24.796,0,2.599
24.797,0,2.599
24.798,0,2.599
24.799,0,2.599
24.8,0,2.599
24.801,0,2.599
24.802,0,2.599
24.803,0,2.599
24.804,0,2.599
24.805,0,2.599
24.806,0,2.599
24.807,0,2.599
24.808,0,2.599
24.809,0,2.599
24.81,0,2.599
24.811,0,2.599
24.812,0,2.599
24.813,0,2.599
24.814,0,2.599
24.815,0,2.599
24.816,0,2.599
24.817,0,2.599
24.818,0,2.599
24.819,0,2.599
24.82,0,2.599
24.821,0,2.599
24.822,0,2.599
24.823,0,2.599
24.824,0,2.599
24.825,0,2.599
24.826,0,2.599
24.827,0,2.599
24.828,0,2.599
24.829,0,2.599
24.83,0,2.599
24.831,0,2.599
24.832,0,2.599
24.833,0,2.599
24.834,0,2.599
24.835,0,2.599
24.836,0,2.599
24.837,0,2.599
24.838,0,2.599
24.839,0,2.599
24.84,0,2.599
24.841,0,2.599
24.842,0,2.599
24.843,0,2.599
24.844,0,2.599
24.845,0,2.599
24.846,0,2.599
24.847,0,2.599
24.848,0,2.599
24.849,0,2.599
24.85,0,2.599
24.851,0,2.599
24.852,0,2.599
24.853,0,2.599
24.854,0,2.599
24.855,0,2.599
24.856,0,2.599
24.857,0,2.599
24.858,0,2.599
24.859,0,2.599
24.86,0,2.599
24.861,0,2.599
24.862,0,2.599
24.863,0,2.599
24.864,0,2.599
24.865,0,2.599
24.866,0,2.599
24.867,0,2.599
24.868,0,2.599
24.869,0,2.599
24.87,0,2.599
24.871,0,2.599
24.872,0,2.599
24.873,0,2.599
24.874,0,2.599
24.875,0,2.599
24.876,0,2.599
24.877,0,2.599
24.878,0,2.599
24.879,0,2.599
24.88,0,2.599
24.881,0,2.599
24.882,0,2.599
24.883,0,2.599
24.884,0,2.599
24.885,0,2.599
24.886,0,2.599
24.887,0,2.599
24.888,0,2.599
24.889,0,2.599
24.89,0,2.599
24.891,0,2.599
24.892,0,2.599
24.893,0,2.599
24.894,0,2.599
24.895,0,2.599
24.896,0,2.599
24.897,0,2.599
24.898,0,2.599
24.899,0,2.599
24.9,0,2.599
24.901,0,2.599
24.902,0,2.599
24.903,0,2.599
24.904,0,2.599
24.905,0,2.599
24.906,0,2.599
24.907,0,2.599
24.908,0,2.599
24.909,0,2.599
24.91,0,2.599
24.911,0,2.599
24.912,0,2.599
24.913,0,2.599
24.914,0,2.599
24.915,0,2.599
24.916,0,2.599
24.917,0,2.599
24.918,0,2.599
24.919,0,2.599
24.92,0,2.599
24.921,0,2.599
24.922,0,2.599
24.923,0,2.599
24.924,0,2.599
24.925,0,2.599
24.926,0,2.599
24.927,0,2.599
24.928,0,2.599
24.929,0,2.599
24.93,0,2.599
24.931,0,2.599
24.932,0,2.599
24.933,0,2.599
24.934,0,2.599
24.935,0,2.599
24.936,0,2.599
24.937,0,2.599
24.938,0,2.599
24.939,0,2.599
24.94,0,2.599
24.941,0,2.599
24.942,0,2.599
24.943,0,2.599
24.944,0,2.599
24.945,0,2.599
24.946,0,2.599
24.947,0,2.599
24.948,0,2.599
24.949,0,2.599
24.95,0,2.599
24.951,0,2.599
24.952,0,2.599
24.953,0,2.599
24.954,0,2.599
24.955,0,2.599
24.956,0,2.599
24.957,0,2.599
24.958,0,2.599
24.959,0,2.599
24.96,0,2.599
24.961,0,2.599
24.962,0,2.599
24.963,0,2.599
24.964,0,2.599
24.965,0,2.599
24.966,0,2.599
24.967,0,2.599
24.968,0,2.599
24.969,0,2.599
24.97,0,2.599
24.971,0,2.599
24.972,0,2.599
24.973,0,2.599
24.974,0,2.599
24.975,0,2.599
24.976,0,2.599
24.977,0,2.599
24.978,0,2.599
24.979,0,2.599
24.98,0,2.599
24.981,0,2.599
24.982,0,2.599
24.983,0,2.599
24.984,0,2.599
24.985,0,2.599
24.986,0,2.599
24.987,0,2.599
24.988,0,2.599
24.989,0,2.599
24.99,0,2.599
24.991,0,2.599
24.992,0,2.599
24.993,0,2.599
24.994,0,2.599
24.995,0,2.599
24.996,0,2.599
24.997,0,2.599
24.998,0,2.599
24.999,0,2.599
25,0,2.599
25.001,0,2.599
25.002,0,2.599
25.003,0,2.599
25.004,0,2.599
25.005,0,2.599
25.006,0,2.599
25.007,0,2.599
25.008,0,2.599
25.009,0,2.599
25.01,0,2.599
25.011,0,2.599
25.012,0,2.599
25.013,0,2.599
25.014,0,2.599
25.015,0,2.599
25.016,0,2.599
25.017,0,2.599
25.018,0,2.599
25.019,0,2.599
25.02,0,2.599
25.021,0,2.599
25.022,0,2.599
25.023,0,2.599
25.024,0,2.599
25.025,0,2.599
25.026,0,2.599
25.027,0,2.599
25.028,0,2.599
25.029,0,2.599
25.03,0,2.599
25.031,0,2.599
25.032,0,2.599
25.033,0,2.599
25.034,0,2.599
25.035,0,2.599
25.036,0,2.599
25.037,0,2.599
25.038,0,2.599
25.039,0,2.599
25.04,0,2.599
25.041,0,2.599
25.042,0,2.599
25.043,0,2.599
25.044,0,2.599
25.045,0,2.599
25.046,0,2.599
25.047,0,2.599
25.048,0,2.599
25.049,0,2.599
25.05,0,2.599
25.051,0,2.599
25.052,0,2.599
25.053,0,2.599
25.054,0,2.599
25.055,0,2.599
25.056,0,2.599
25.057,0,2.599
25.058,0,2.599
25.059,0,2.599
25.06,0,2.599
25.061,0,2.599
25.062,0,2.599
25.063,0,2.599
25.064,0,2.599
25.065,0,2.599
25.066,0,2.599
25.067,0,2.599
25.068,0,2.599
25.069,0,2.599
25.07,0,2.599
25.071,0,2.599
25.072,0,2.599
25.073,0,2.599
25.074,0,2.599
25.075,0,2.599
25.076,0,2.599
25.077,0,2.599
25.078,0,2.599
25.079,0,2.599
25.08,0,2.599
25.081,0,2.599
25.082,0,2.599
25.083,0,2.599
25.084,0,2.599
25.085,0,2.599
25.086,0,2.599
25.087,0,2.599
25.088,0,2.599
25.089,0,2.599
25.09,0,2.599
25.091,0,2.599
25.092,0,2.599
25.093,0,2.599
25.094,0,2.599
25.095,0,2.599
25.096,0,2.599
25.097,0,2.599
25.098,0,2.599
25.099,0,2.599
25.1,0,2.599
25.101,0,2.599
25.102,0,2.599
25.103,0,2.599
25.104,0,2.599
25.105,0,2.599
25.106,0,2.599
25.107,0,2.599
25.108,0,2.599
25.109,0,2.599
25.11,0,2.599
25.111,0,2.599
25.112,0,2.599
25.113,0,2.599
25.114,0,2.599
25.115,0,2.599
25.116,0,2.599
25.117,0,2.599
25.118,0,2.599
25.119,0,2.599
25.12,0,2.599
25.121,0,2.599
25.122,0,2.599
25.123,0,2.599
25.124,0,2.599
25.125,0,2.599
25.126,0,2.599
25.127,0,2.599
25.128,0,2.599
25.129,0,2.599
25.13,0,2.599
25.131,0,2.599
25.132,0,2.599
25.133,0,2.599
25.134,0,2.599
25.135,0,2.599
25.136,0,2.599
25.137,0,2.599
25.138,0,2.599
25.139,0,2.599
25.14,0,2.599
25.141,0,2.599
25.142,0,2.599
25.143,0,2.599
25.144,0,2.599
25.145,0,2.599
25.146,0,2.599
25.147,0,2.599
25.148,0,2.599
25.149,0,2.599
25.15,0,2.599
25.151,0,2.599
25.152,0,2.599
25.153,0,2.599
25.154,0,2.599
25.155,0,2.599
25.156,0,2.599
25.157,0,2.599
25.158,0,2.599
25.159,0,2.599
25.16,0,2.599
25.161,0,2.599
25.162,0,2.599
25.163,0,2.599
25.164,0,2.599
25.165,0,2.599
25.166,0,2.599
25.167,0,2.599
25.168,0,2.599
25.169,0,2.599
25.17,0,2.599
25.171,0,2.599
25.172,0,2.599
25.173,0,2.599
25.174,0,2.599
25.175,0,2.599
25.176,0,2.599
25.177,0,2.599
25.178,0,2.599
25.179,0,2.599
25.18,0,2.599
25.181,0,2.599
25.182,0,2.599
25.183,0,2.599
25.184,0,2.599
25.185,0,2.599
25.186,0,2.599
25.187,0,2.599
25.188,0,2.599
25.189,0,2.599
25.19,0,2.599
25.191,0,2.599
25.192,0,2.599
25.193,0,2.599
25.194,0,2.599
25.195,0,2.599
25.196,0,2.599
25.197,0,2.599
25.198,0,2.599
25.199,0,2.599
25.2,0,2.599
25.201,0,2.599
25.202,0,2.599
25.203,0,2.599
25.204,0,2.599
25.205,0,2.599
25.206,0,2.599
25.207,0,2.599
25.208,0,2.599
25.209,0,2.599
25.21,0,2.599
25.211,0,2.599
25.212,0,2.599
25.213,0,2.599
25.214,0,2.599
25.215,0,2.599
25.216,0,2.599
25.217,0,2.599
25.218,0,2.599
25.219,0,2.599
25.22,0,2.599
25.221,0,2.599
25.222,0,2.599
25.223,0,2.599
25.224,0,2.599
25.225,0,2.599
25.226,0,2.599
25.227,0,2.599
25.228,0,2.599
25.229,0,2.599
25.23,0,2.599
25.231,0,2.599
25.232,0,2.599
25.233,0,2.599
25.234,0,2.599
25.235,0,2.599
25.236,0,2.599
25.237,0,2.599
25.238,0,2.599
25.239,0,2.599
25.24,0,2.599
25.241,0,2.599
25.242,0,2.599
25.243,0,2.599
25.244,0,2.599
25.245,0,2.599
25.246,0,2.599
25.247,0,2.599
25.248,0,2.599
25.249,0,2.599
25.25,0,2.599
25.251,0,2.599
25.252,0,2.599
25.253,0,2.599
25.254,0,2.599
25.255,0,2.599
25.256,0,2.599
25.257,0,2.599
25.258,0,2.599
25.259,0,2.599
25.26,0,2.599
25.261,0,2.599
25.262,0,2.599
25.263,0,2.599
25.264,0,2.599
25.265,0,2.599
25.266,0,2.599
25.267,0,2.599
25.268,0,2.599
25.269,0,2.599
25.27,0,2.599
25.271,0,2.599
25.272,0,2.599
25.273,0,2.599
25.274,0,2.599
25.275,0,2.599
25.276,0,2.599
25.277,0,2.599
25.278,0,2.599
25.279,0,2.599
25.28,0,2.599
25.281,0,2.599
25.282,0,2.599
25.283,0,2.599
25.284,0,2.599
25.285,0,2.599
25.286,0,2.599
25.287,0,2.599
25.288,0,2.599
25.289,0,2.599
25.29,0,2.599
25.291,0,2.599
25.292,0,2.599
25.293,0,2.599
25.294,0,2.599
25.295,0,2.599
25.296,0,2.599
25.297,0,2.599
25.298,0,2.599
25.299,0,2.599
25.3,0,2.599
25.301,0,2.599
25.302,0,2.599
25.303,0,2.599
25.304,0,2.599
25.305,0,2.599
25.306,0,2.599
25.307,0,2.599
25.308,0,2.599
25.309,0,2.599
25.31,0,2.599
25.311,0,2.599
25.312,0,2.599
25.313,0,2.599
25.314,0,2.599
25.315,0,2.599
25.316,0,2.599
25.317,0,2.599
25.318,0,2.599
25.319,0,2.599
25.32,0,2.599
25.321,0,2.599
25.322,0,2.599
25.323,0,2.599
25.324,0,2.599
25.325,0,2.599
25.326,0,2.599
25.327,0,2.599
25.328,0,2.599
25.329,0,2.599
25.33,0,2.599
25.331,0,2.599
25.332,0,2.599
25.333,0,2.599
25.334,0,2.599
25.335,0,2.599
25.336,0,2.599
25.337,0,2.599
25.338,0,2.599
25.339,0,2.599
25.34,0,2.599
25.341,0,2.599
25.342,0,2.599
25.343,0,2.599
25.344,0,2.599
25.345,0,2.599
25.346,0,2.599
25.347,0,2.599
25.348,0,2.599
25.349,0,2.599
25.35,0,2.599
25.351,0,2.599
25.352,0,2.599
25.353,0,2.599
25.354,0,2.599
25.355,0,2.599
25.356,0,2.599
25.357,0,2.599
25.358,0,2.599
25.359,0,2.599
25.36,0,2.599
25.361,0,2.599
25.362,0,2.599
25.363,0,2.599
25.364,0,2.599
25.365,0,2.599
25.366,0,2.599
25.367,0,2.599
25.368,0,2.599
25.369,0,2.599
25.37,0,2.599
25.371,0,2.599
25.372,0,2.599
25.373,0,2.599
25.374,0,2.599
25.375,0,2.599
25.376,0,2.599
25.377,0,2.599
25.378,0,2.599
25.379,0,2.599
25.38,0,2.599
25.381,0,2.599
25.382,0,2.599
25.383,0,2.599
25.384,0,2.599
25.385,0,2.599
25.386,0,2.599
25.387,0,2.599
25.388,0,2.599
25.389,0,2.599
25.39,0,2.599
25.391,0,2.599
25.392,0,2.599
25.393,0,2.599
25.394,0,2.599
25.395,0,2.599
25.396,0,2.599
25.397,0,2.599
25.398,0,2.599
25.399,0,2.599
25.4,0,2.599
25.401,0,2.599
25.402,0,2.599
25.403,0,2.599
25.404,0,2.599
25.405,0,2.599
25.406,0,2.599
25.407,0,2.599
25.408,0,2.599
25.409,0,2.599
25.41,0,2.599
25.411,0,2.599
25.412,0,2.599
25.413,0,2.599
25.414,0,2.599
25.415,0,2.599
25.416,0,2.599
25.417,0,2.599
25.418,0,2.599
25.419,0,2.599
25.42,0,2.599
25.421,0,2.599
25.422,0,2.599
25.423,0,2.599
25.424,0,2.599
25.425,0,2.599
25.426,0,2.599
25.427,0,2.599
25.428,0,2.599
25.429,0,2.599
25.43,0,2.599
25.431,0,2.599
25.432,0,2.599
25.433,0,2.599
25.434,0,2.599
25.435,0,2.599
25.436,0,2.599
25.437,0,2.599
25.438,0,2.599
25.439,0,2.599
25.44,0,2.599
25.441,0,2.599
25.442,0,2.599
25.443,0,2.599
25.444,0,2.599
25.445,0,2.599
25.446,0,2.599
25.447,0,2.599
25.448,0,2.599
25.449,0,2.599
25.45,0,2.599
25.451,0,2.599
25.452,0,2.599
25.453,0,2.599
25.454,0,2.599
25.455,0,2.599
25.456,0,2.599
25.457,0,2.599
25.458,0,2.599
25.459,0,2.599
25.46,0,2.599
25.461,0,2.599
25.462,0,2.599
25.463,0,2.599
25.464,0,2.599
25.465,0,2.599
25.466,0,2.599
25.467,0,2.599
25.468,0,2.599
25.469,0,2.599
25.47,0,2.599
25.471,0,2.599
25.472,0,2.599
25.473,0,2.599
25.474,0,2.599
25.475,0,2.599
25.476,0,2.599
25.477,0,2.599
25.478,0,2.599
25.479,0,2.599
25.48,0,2.599
25.481,0,2.599
25.482,0,2.599
25.483,0,2.599
25.484,0,2.599
25.485,0,2.599
25.486,0,2.599
25.487,0,2.599
25.488,0,2.599
25.489,0,2.599
25.49,0,2.599
25.491,0,2.599
25.492,0,2.599
25.493,0,2.599
25.494,0,2.599
25.495,0,2.599
25.496,0,2.599
25.497,0,2.599
25.498,0,2.599
25.499,0,2.599
25.5,0,2.599
25.501,0,2.599
25.502,0,2.599
25.503,0,2.599
25.504,0,2.599
25.505,0,2.599
25.506,0,2.599
25.507,0,2.599
25.508,0,2.599
25.509,0,2.599
25.51,0,2.599
25.511,0,2.599
25.512,0,2.599
25.513,0,2.599
25.514,0,2.599
25.515,0,2.599
25.516,0,2.599
25.517,0,2.599
25.518,0,2.599
25.519,0,2.599
25.52,0,2.599
25.521,0,2.599
25.522,0,2.599
25.523,0,2.599
25.524,0,2.599
25.525,0,2.599
25.526,0,2.599
25.527,0,2.599
25.528,0,2.599
25.529,0,2.599
25.53,0,2.599
25.531,0,2.599
25.532,0,2.599
25.533,0,2.599
25.534,0,2.599
25.535,0,2.599
25.536,0,2.599
25.537,0,2.599
25.538,0,2.599
25.539,0,2.599
25.54,0,2.599
25.541,0,2.599
25.542,0,2.599
25.543,0,2.599
25.544,0,2.599
25.545,0,2.599
25.546,0,2.599
25.547,0,2.599
25.548,0,2.599
25.549,0,2.599
25.55,0,2.599
25.551,0,2.599
25.552,0,2.599
25.553,0,2.599
25.554,0,2.599
25.555,0,2.599
25.556,0,2.599
25.557,0,2.599
25.558,0,2.599
25.559,0,2.599
25.56,0,2.599
25.561,0,2.599
25.562,0,2.599
25.563,0,2.599
25.564,0,2.599
25.565,0,2.599
25.566,0,2.599
25.567,0,2.599
25.568,0,2.599
25.569,0,2.599
25.57,0,2.599
25.571,0,2.599
25.572,0,2.599
25.573,0,2.599
25.574,0,2.599
25.575,0,2.599
25.576,0,2.599
25.577,0,2.599
25.578,0,2.599
25.579,0,2.599
25.58,0,2.599
25.581,0,2.599
25.582,0,2.599
25.583,0,2.599
25.584,0,2.599
25.585,0,2.599
25.586,0,2.599
25.587,0,2.599
25.588,0,2.599
25.589,0,2.599
25.59,0,2.599
25.591,0,2.599
25.592,0,2.599
25.593,0,2.599
25.594,0,2.599
25.595,0,2.599
25.596,0,2.599
25.597,0,2.599
25.598,0,2.599
25.599,0,2.599
25.6,0,2.599
25.601,0,2.599
25.602,0,2.599
25.603,0,2.599
25.604,0,2.599
25.605,0,2.599
25.606,0,2.599
25.607,0,2.599
25.608,0,2.599
25.609,0,2.599
25.61,0,2.599
25.611,0,2.599
25.612,0,2.599
25.613,0,2.599
25.614,0,2.599
25.615,0,2.599
25.616,0,2.599
25.617,0,2.599
25.618,0,2.599
25.619,0,2.599
25.62,0,2.599
25.621,0,2.599
25.622,0,2.599
25.623,0,2.599
25.624,0,2.599
25.625,0,2.599
25.626,0,2.599
25.627,0,2.599
25.628,0,2.599
25.629,0,2.599
25.63,0,2.599
25.631,0,2.599
25.632,0,2.599
25.633,0,2.599
25.634,0,2.599
25.635,0,2.599
25.636,0,2.599
25.637,0,2.599
25.638,0,2.599
25.639,0,2.599
25.64,0,2.599
25.641,0,2.599
25.642,0,2.599
25.643,0,2.599
25.644,0,2.599
25.645,0,2.599
25.646,0,2.599
25.647,0,2.599
25.648,0,2.599
25.649,0,2.599
25.65,0,2.599
25.651,0,2.599
25.652,0,2.599
25.653,0,2.599
25.654,0,2.599
25.655,0,2.599
25.656,0,2.599
25.657,0,2.599
25.658,0,2.599
25.659,0,2.599
25.66,0,2.599
25.661,0,2.599
25.662,0,2.599
25.663,0,2.599
25.664,0,2.599
25.665,0,2.599
25.666,0,2.599
25.667,0,2.599
25.668,0,2.599
25.669,0,2.599
25.67,0,2.599
25.671,0,2.599
25.672,0,2.599
25.673,0,2.599
25.674,0,2.599
25.675,0,2.599
25.676,0,2.599
25.677,0,2.599
25.678,0,2.599
25.679,0,2.599
25.68,0,2.599
25.681,0,2.599
25.682,0,2.599
25.683,0,2.599
25.684,0,2.599
25.685,0,2.599
25.686,0,2.599
25.687,0,2.599
25.688,0,2.599
25.689,0,2.599
25.69,0,2.599
25.691,0,2.599
25.692,0,2.599
25.693,0,2.599
25.694,0,2.599
25.695,0,2.599
25.696,0,2.599
25.697,0,2.599
25.698,0,2.599
25.699,0,2.599
25.7,0,2.599
25.701,0,2.599
25.702,0,2.599
25.703,0,2.599
25.704,0,2.599
25.705,0,2.599
25.706,0,2.599
25.707,0,2.599
25.708,0,2.599
25.709,0,2.599
25.71,0,2.599
25.711,0,2.599
25.712,0,2.599
25.713,0,2.599
25.714,0,2.599
25.715,0,2.599
25.716,0,2.599
25.717,0,2.599
25.718,0,2.599
25.719,0,2.599
25.72,0,2.599
25.721,0,2.599
25.722,0,2.599
25.723,0,2.599
25.724,0,2.599
25.725,0,2.599
25.726,0,2.599
25.727,0,2.599
25.728,0,2.599
25.729,0,2.599
25.73,0,2.599
25.731,0,2.599
25.732,0,2.599
25.733,0,2.599
25.734,0,2.599
25.735,0,2.599
25.736,0,2.599
25.737,0,2.599
25.738,0,2.599
25.739,0,2.599
25.74,0,2.599
25.741,0,2.599
25.742,0,2.599
25.743,0,2.599
25.744,0,2.599
25.745,0,2.599
25.746,0,2.599
25.747,0,2.599
25.748,0,2.599
25.749,0,2.599
25.75,0,2.599
25.751,0,2.599
25.752,0,2.599
25.753,0,2.599
25.754,0,2.599
25.755,0,2.599
25.756,0,2.599
25.757,0,2.599
25.758,0,2.599
25.759,0,2.599
25.76,0,2.599
25.761,0,2.599
25.762,0,2.599
25.763,0,2.599
25.764,0,2.599
25.765,0,2.599
25.766,0,2.599
25.767,0,2.599
25.768,0,2.599
25.769,0,2.599
25.77,0,2.599
25.771,0,2.599
25.772,0,2.599
25.773,0,2.599
25.774,0,2.599
25.775,0,2.599
25.776,0,2.599
25.777,0,2.599
25.778,0,2.599
25.779,0,2.599
25.78,0,2.599
25.781,0,2.599
25.782,0,2.599
25.783,0,2.599
25.784,0,2.599
25.785,0,2.599
25.786,0,2.599
25.787,0,2.599
25.788,0,2.599
25.789,0,2.599
25.79,0,2.599
25.791,0,2.599
25.792,0,2.599
25.793,0,2.599
25.794,0,2.599
25.795,0,2.599
25.796,0,2.599
25.797,0,2.599
25.798,0,2.599
25.799,0,2.599
25.8,0,2.599
25.801,0,2.599
25.802,0,2.599
25.803,0,2.599
25.804,0,2.599
25.805,0,2.599
25.806,0,2.599
25.807,0,2.599
25.808,0,2.599
25.809,0,2.599
25.81,0,2.599
25.811,0,2.599
25.812,0,2.599
25.813,0,2.599
25.814,0,2.599
25.815,0,2.599
25.816,0,2.599
25.817,0,2.599
25.818,0,2.599
25.819,0,2.599
25.82,0,2.599
25.821,0,2.599
25.822,0,2.599
25.823,0,2.599
25.824,0,2.599
25.825,0,2.599
25.826,0,2.599
25.827,0,2.599
25.828,0,2.599
25.829,0,2.599
25.83,0,2.599
25.831,0,2.599
25.832,0,2.599
25.833,0,2.599
25.834,0,2.599
25.835,0,2.599
25.836,0,2.599
25.837,0,2.599
25.838,0,2.599
25.839,0,2.599
25.84,0,2.599
25.841,0,2.599
25.842,0,2.599
25.843,0,2.599
25.844,0,2.599
25.845,0,2.599
25.846,0,2.599
25.847,0,2.599
25.848,0,2.599
25.849,0,2.599
25.85,0,2.599
25.851,0,2.599
25.852,0,2.599
25.853,0,2.599
25.854,0,2.599
25.855,0,2.599
25.856,0,2.599
25.857,0,2.599
25.858,0,2.599
25.859,0,2.599
25.86,0,2.599
25.861,0,2.599
25.862,0,2.599
25.863,0,2.599
25.864,0,2.599
25.865,0,2.599
25.866,0,2.599
25.867,0,2.599
25.868,0,2.599
25.869,0,2.599
25.87,0,2.599
25.871,0,2.599
25.872,0,2.599
25.873,0,2.599
25.874,0,2.599
25.875,0,2.599
25.876,0,2.599
25.877,0,2.599
25.878,0,2.599
25.879,0,2.599
25.88,0,2.599
25.881,0,2.599
25.882,0,2.599
25.883,0,2.599
25.884,0,2.599
25.885,0,2.599
25.886,0,2.599
25.887,0,2.599
25.888,0,2.599
25.889,0,2.599
25.89,0,2.599
25.891,0,2.599
25.892,0,2.599
25.893,0,2.599
25.894,0,2.599
25.895,0,2.599
25.896,0,2.599
25.897,0,2.599
25.898,0,2.599
25.899,0,2.599
25.9,0,2.599
25.901,0,2.599
25.902,0,2.599
25.903,0,2.599
25.904,0,2.599
25.905,0,2.599
25.906,0,2.599
25.907,0,2.599
25.908,0,2.599
25.909,0,2.599
25.91,0,2.599
25.911,0,2.599
25.912,0,2.599
25.913,0,2.599
25.914,0,2.599
25.915,0,2.599
25.916,0,2.599
25.917,0,2.599
25.918,0,2.599
25.919,0,2.599
25.92,0,2.599
25.921,0,2.599
25.922,0,2.599
25.923,0,2.599
25.924,0,2.599
25.925,0,2.599
25.926,0,2.599
25.927,0,2.599
25.928,0,2.599
25.929,0,2.599
25.93,0,2.599
25.931,0,2.599
25.932,0,2.599
25.933,0,2.599
25.934,0,2.599
25.935,0,2.599
25.936,0,2.599
25.937,0,2.599
25.938,0,2.599
25.939,0,2.599
25.94,0,2.599
25.941,0,2.599
25.942,0,2.599
25.943,0,2.599
25.944,0,2.599
25.945,0,2.599
25.946,0,2.599
25.947,0,2.599
25.948,0,2.599
25.949,0,2.599
25.95,0,2.599
25.951,0,2.599
25.952,0,2.599
25.953,0,2.599
25.954,0,2.599
25.955,0,2.599
25.956,0,2.599
25.957,0,2.599
25.958,0,2.599
25.959,0,2.599
25.96,0,2.599
25.961,0,2.599
25.962,0,2.599
25.963,0,2.599
25.964,0,2.599
25.965,0,2.599
25.966,0,2.599
25.967,0,2.599
25.968,0,2.599
25.969,0,2.599
25.97,0,2.599
25.971,0,2.599
25.972,0,2.599
25.973,0,2.599
25.974,0,2.599
25.975,0,2.599
25.976,0,2.599
25.977,0,2.599
25.978,0,2.599
25.979,0,2.599
25.98,0,2.599
25.981,0,2.599
25.982,0,2.599
25.983,0,2.599
25.984,0,2.599
25.985,0,2.599
25.986,0,2.599
25.987,0,2.599
25.988,0,2.599
25.989,0,2.599
25.99,0,2.599
25.991,0,2.599
25.992,0,2.599
25.993,0,2.599
25.994,0,2.599
25.995,0,2.599
25.996,0,2.599
25.997,0,2.599
25.998,0,2.599
25.999,0,2.599
26,0.2,0.401
26.001,0.2,0.401
26.002,0.2,0.401
26.003,0.2,0.401
26.004,0.2,0.401
26.005,0.2,0.401
26.006,0.2,0.401
26.007,0.2,0.401
26.008,0.2,0.401
26.009,0.2,0.401
26.01,0.2,0.401
26.011,0.2,0.401
26.012,0.2,0.401
26.013,0.2,0.401
26.014,0.2,0.401
26.015,0.2,0.401
26.016,0.2,0.401
26.017,0.2,0.401
26.018,0.2,0.401
26.019,0.2,0.401
26.02,0.2,0.401
26.021,0.2,0.401
26.022,0.2,0.401
26.023,0.2,0.401
26.024,0.2,0.401
26.025,0.2,0.401
26.026,0.2,0.401
26.027,0.2,0.401
26.028,0.2,0.401
26.029,0.2,0.401
26.03,0.2,0.401
26.031,0.2,0.401
26.032,0.2,0.401
26.033,0.2,0.401
26.034,0.2,0.401
26.035,0.2,0.401
26.036,0.2,0.401
26.037,0.2,0.401
26.038,0.2,0.401
26.039,0.2,0.401
26.04,0.2,0.401
26.041,0.2,0.401
26.042,0.2,0.401
26.043,0.2,0.401
26.044,0.2,0.401
26.045,0.2,0.401
26.046,0.2,0.401
26.047,0.2,0.401
26.048,0.2,0.401
26.049,0.2,0.401
26.05,0.2,0.401
26.051,0.2,0.401
26.052,0.2,0.401
26.053,0.2,0.401
26.054,0.2,0.401
26.055,0.2,0.401
26.056,0.2,0.401
26.057,0.2,0.401
26.058,0.2,0.401
26.059,0.2,0.401
26.06,0.2,0.401
26.061,0.2,0.401
26.062,0.2,0.401
26.063,0.2,0.401
26.064,0.2,0.401
26.065,0.2,0.401
26.066,0.2,0.401
26.067,0.2,0.401
26.068,0.2,0.401
26.069,0.2,0.401
26.07,0.2,0.401
26.071,0.2,0.401
26.072,0.2,0.401
26.073,0.2,0.401
26.074,0.2,0.401
26.075,0.2,0.401
26.076,0.2,0.401
26.077,0.2,0.401
26.078,0.2,0.401
26.079,0.2,0.401
26.08,0.2,0.401
26.081,0.2,0.401
26.082,0.2,0.401
26.083,0.2,0.401
26.084,0.2,0.401
26.085,0.2,0.401
26.086,0.2,0.401
26.087,0.2,0.401
26.088,0.2,0.401
26.089,0.2,0.401
26.09,0.2,0.401
26.091,0.2,0.401
26.092,0.2,0.401
26.093,0.2,0.401
26.094,0.2,0.401
26.095,0.2,0.401
26.096,0.2,0.401
26.097,0.2,0.401
26.098,0.2,0.401
26.099,0.2,0.401
26.1,0.2,0.401
26.101,0.2,0.401
26.102,0.2,0.401
26.103,0.2,0.401
26.104,0.2,0.401
26.105,0.2,0.401
26.106,0.2,0.401
26.107,0.2,0.401
26.108,0.2,0.401
26.109,0.2,0.401
26.11,0.2,0.401
26.111,0.2,0.401
26.112,0.2,0.401
26.113,0.2,0.401
26.114,0.2,0.401
26.115,0.2,0.401
26.116,0.2,0.401
26.117,0.2,0.401
26.118,0.2,0.401
26.119,0.2,0.401
26.12,0.2,0.401
26.121,0.2,0.401
26.122,0.2,0.401
26.123,0.2,0.401
26.124,0.2,0.401
26.125,0.2,0.401
26.126,0.2,0.401
26.127,0.2,0.401
26.128,0.2,0.401
26.129,0.2,0.401
26.13,0.2,0.401
26.131,0.2,0.401
26.132,0.2,0.401
26.133,0.2,0.401
26.134,0.2,0.401
26.135,0.2,0.401
26.136,0.2,0.401
26.137,0.2,0.401
26.138,0.2,0.401
26.139,0.2,0.401
26.14,0.2,0.401
26.141,0.2,0.401
26.142,0.2,0.401
26.143,0.2,0.401
26.144,0.2,0.401
26.145,0.2,0.401
26.146,0.2,0.401
26.147,0.2,0.401
26.148,0.2,0.401
26.149,0.2,0.401
26.15,0.2,0.401
26.151,0.2,0.401
26.152,0.2,0.401
26.153,0.2,0.401
26.154,0.2,0.401
26.155,0.2,0.401
26.156,0.2,0.401
26.157,0.2,0.401
26.158,0.2,0.401
26.159,0.2,0.401
26.16,0.2,0.401
26.161,0.2,0.401
26.162,0.2,0.401
26.163,0.2,0.401
26.164,0.2,0.401
26.165,0.2,0.401
26.166,0.2,0.401
26.167,0.2,0.401
26.168,0.2,0.401
26.169,0.2,0.401
26.17,0.2,0.401
26.171,0.2,0.401
26.172,0.2,0.401
26.173,0.2,0.401
26.174,0.2,0.401
26.175,0.2,0.401
26.176,0.2,0.401
26.177,0.2,0.401
26.178,0.2,0.401
26.179,0.2,0.401
26.18,0.2,0.401
26.181,0.2,0.401
26.182,0.2,0.401
26.183,0.2,0.401
26.184,0.2,0.401
26.185,0.2,0.401
26.186,0.2,0.401
26.187,0.2,0.401
26.188,0.2,0.401
26.189,0.2,0.401
26.19,0.2,0.401
26.191,0.2,0.401
26.192,0.2,0.401
26.193,0.2,0.401
26.194,0.2,0.401
26.195,0.2,0.401
26.196,0.2,0.401
26.197,0.2,0.401
26.198,0.2,0.401
26.199,0.2,0.401
26.2,0.2,0.401
26.201,0.2,0.401
26.202,0.2,0.401
26.203,0.2,0.401
26.204,0.2,0.401
26.205,0.2,0.401
26.206,0.2,0.401
26.207,0.2,0.401
26.208,0.2,0.401
26.209,0.2,0.401
26.21,0.2,0.401
26.211,0.2,0.401
26.212,0.2,0.401
26.213,0.2,0.401
26.214,0.2,0.401
26.215,0.2,0.401
26.216,0.2,0.401
26.217,0.2,0.401
26.218,0.2,0.401
26.219,0.2,0.401
26.22,0.2,0.401
26.221,0.2,0.401
26.222,0.2,0.401
26.223,0.2,0.401
26.224,0.2,0.401
26.225,0.2,0.401
26.226,0.2,0.401
26.227,0.2,0.401
26.228,0.2,0.401
26.229,0.2,0.401
26.23,0.2,0.401
26.231,0.2,0.401
26.232,0.2,0.401
26.233,0.2,0.401
26.234,0.2,0.401
26.235,0.2,0.401
26.236,0.2,0.401
26.237,0.2,0.401
26.238,0.2,0.401
26.239,0.2,0.401
26.24,0.2,0.401
26.241,0.2,0.401
26.242,0.2,0.401
26.243,0.2,0.401
26.244,0.2,0.401
26.245,0.2,0.401
26.246,0.2,0.401
26.247,0.2,0.401
26.248,0.2,0.401
26.249,0.2,0.401
26.25,0.2,0.401
26.251,0.2,0.401
26.252,0.2,0.401
26.253,0.2,0.401
26.254,0.2,0.401
26.255,0.2,0.401
26.256,0.2,0.401
26.257,0.2,0.401
26.258,0.2,0.401
26.259,0.2,0.401
26.26,0.2,0.401
26.261,0.2,0.401
26.262,0.2,0.401
26.263,0.2,0.401
26.264,0.2,0.401
26.265,0.2,0.401
26.266,0.2,0.401
26.267,0.2,0.401
26.268,0.2,0.401
26.269,0.2,0.401
26.27,0.2,0.401
26.271,0.2,0.401
26.272,0.2,0.401
26.273,0.2,0.401
26.274,0.2,0.401
26.275,0.2,0.401
26.276,0.2,0.401
26.277,0.2,0.401
26.278,0.2,0.401
26.279,0.2,0.401
26.28,0.2,0.401
26.281,0.2,0.401
26.282,0.2,0.401
26.283,0.2,0.401
26.284,0.2,0.401
26.285,0.2,0.401
26.286,0.2,0.401
26.287,0.2,0.401
26.288,0.2,0.401
26.289,0.2,0.401
26.29,0.2,0.401
26.291,0.2,0.401
26.292,0.2,0.401
26.293,0.2,0.401
26.294,0.2,0.401
26.295,0.2,0.401
26.296,0.2,0.401
26.297,0.2,0.401
26.298,0.2,0.401
26.299,0.2,0.401
26.3,0.2,0.401
26.301,0.2,0.401
26.302,0.2,0.401
26.303,0.2,0.401
26.304,0.2,0.401
26.305,0.2,0.401
26.306,0.2,0.401
26.307,0.2,0.401
26.308,0.2,0.401
26.309,0.2,0.401
26.31,0.2,0.401
26.311,0.2,0.401
26.312,0.2,0.401
26.313,0.2,0.401
26.314,0.2,0.401
26.315,0.2,0.401
26.316,0.2,0.401
26.317,0.2,0.401
26.318,0.2,0.401
26.319,0.2,0.401
26.32,0.2,0.401
26.321,0.2,0.401
26.322,0.2,0.401
26.323,0.2,0.401
26.324,0.2,0.401
26.325,0.2,0.401
26.326,0.2,0.401
26.327,0.2,0.401
26.328,0.2,0.401
26.329,0.2,0.401
26.33,0.2,0.401
26.331,0.2,0.401
26.332,0.2,0.401
26.333,0.2,0.401
26.334,0.2,0.401
26.335,0.2,0.401
26.336,0.2,0.401
26.337,0.2,0.401
26.338,0.2,0.401
26.339,0.2,0.401
26.34,0.2,0.401
26.341,0.2,0.401
26.342,0.2,0.401
26.343,0.2,0.401
26.344,0.2,0.401
26.345,0.2,0.401
26.346,0.2,0.401
26.347,0.2,0.401
26.348,0.2,0.401
26.349,0.2,0.401
26.35,0.2,0.401
26.351,0.2,0.401
26.352,0.2,0.401
26.353,0.2,0.401
26.354,0.2,0.401
26.355,0.2,0.401
26.356,0.2,0.401
26.357,0.2,0.401
26.358,0.2,0.401
26.359,0.2,0.401
26.36,0.2,0.401
26.361,0.2,0.401
26.362,0.2,0.401
26.363,0.2,0.401
26.364,0.2,0.401
26.365,0.2,0.401
26.366,0.2,0.401
26.367,0.2,0.401
26.368,0.2,0.401
26.369,0.2,0.401
26.37,0.2,0.401
26.371,0.2,0.401
26.372,0.2,0.401
26.373,0.2,0.401
26.374,0.2,0.401
26.375,0.2,0.401
26.376,0.2,0.401
26.377,0.2,0.401
26.378,0.2,0.401
26.379,0.2,0.401
26.38,0.2,0.401
26.381,0.2,0.401
26.382,0.2,0.401
26.383,0.2,0.401
26.384,0.2,0.401
26.385,0.2,0.401
26.386,0.2,0.401
26.387,0.2,0.401
26.388,0.2,0.401
26.389,0.2,0.401
26.39,0.2,0.401
26.391,0.2,0.401
26.392,0.2,0.401
26.393,0.2,0.401
26.394,0.2,0.401
26.395,0.2,0.401
26.396,0.2,0.401
26.397,0.2,0.401
26.398,0.2,0.401
26.399,0.2,0.401
26.4,0.2,0.401
26.401,0,2.599
26.402,0,2.599
26.403,0,2.599
26.404,0,2.599
26.405,0,2.599
26.406,0,2.599
26.407,0,2.599
26.408,0,2.599
26.409,0,2.599
26.41,0,2.599
26.411,0,2.599
26.412,0,2.599
26.413,0,2.599
26.414,0,2.599
26.415,0,2.599
26.416,0,2.599
26.417,0,2.599
26.418,0,2.599
26.419,0,2.599
26.42,0,2.599
26.421,0,2.599
26.422,0,2.599
26.423,0,2.599
26.424,0,2.599
26.425,0,2.599
26.426,0,2.599
26.427,0,2.599
26.428,0,2.599
26.429,0,2.599
26.43,0,2.599
26.431,0,2.599
26.432,0,2.599
26.433,0,2.599
26.434,0,2.599
26.435,0,2.599
26.436,0,2.599
26.437,0,2.599
26.438,0,2.599
26.439,0,2.599
26.44,0,2.599
26.441,0,2.599
26.442,0,2.599
26.443,0,2.599
26.444,0,2.599
26.445,0,2.599
26.446,0,2.599
26.447,0,2.599
26.448,0,2.599
26.449,0,2.599
26.45,0,2.599
26.451,0,2.599
26.452,0,2.599
26.453,0,2.599
26.454,0,2.599
26.455,0,2.599
26.456,0,2.599
26.457,0,2.599
26.458,0,2.599
26.459,0,2.599
26.46,0,2.599
26.461,0,2.599
26.462,0,2.599
26.463,0,2.599
26.464,0,2.599
26.465,0,2.599
26.466,0,2.599
26.467,0,2.599
26.468,0,2.599
26.469,0,2.599
26.47,0,2.599
26.471,0,2.599
26.472,0,2.599
26.473,0,2.599
26.474,0,2.599
26.475,0,2.599
26.476,0,2.599
26.477,0,2.599
26.478,0,2.599
26.479,0,2.599
26.48,0,2.599
26.481,0,2.599
26.482,0,2.599
26.483,0,2.599
26.484,0,2.599
26.485,0,2.599
26.486,0,2.599
26.487,0,2.599
26.488,0,2.599
26.489,0,2.599
26.49,0,2.599
26.491,0,2.599
26.492,0,2.599
26.493,0,2.599
26.494,0,2.599
26.495,0,2.599
26.496,0,2.599
26.497,0,2.599
26.498,0,2.599
26.499,0,2.599
26.5,0,2.599
26.501,0,2.599
26.502,0,2.599
26.503,0,2.599
26.504,0,2.599
26.505,0,2.599
26.506,0,2.599
26.507,0,2.599
26.508,0,2.599
26.509,0,2.599
26.51,0,2.599
26.511,0,2.599
26.512,0,2.599
26.513,0,2.599
26.514,0,2.599
26.515,0,2.599
26.516,0,2.599
26.517,0,2.599
26.518,0,2.599
26.519,0,2.599
26.52,0,2.599
26.521,0,2.599
26.522,0,2.599
26.523,0,2.599
26.524,0,2.599
26.525,0,2.599
26.526,0,2.599
26.527,0,2.599
26.528,0,2.599
26.529,0,2.599
26.53,0,2.599
26.531,0,2.599
26.532,0,2.599
26.533,0,2.599
26.534,0,2.599
26.535,0,2.599
26.536,0,2.599
26.537,0,2.599
26.538,0,2.599
26.539,0,2.599
26.54,0,2.599
26.541,0,2.599
26.542,0,2.599
26.543,0,2.599
26.544,0,2.599
26.545,0,2.599
26.546,0,2.599
26.547,0,2.599
26.548,0,2.599
26.549,0,2.599
26.55,0,2.599
26.551,0,2.599
26.552,0,2.599
26.553,0,2.599
26.554,0,2.599
26.555,0,2.599
26.556,0,2.599
26.557,0,2.599
26.558,0,2.599
26.559,0,2.599
26.56,0,2.599
26.561,0,2.599
26.562,0,2.599
26.563,0,2.599
26.564,0,2.599
26.565,0,2.599
26.566,0,2.599
26.567,0,2.599
26.568,0,2.599
26.569,0,2.599
26.57,0,2.599
26.571,0,2.599
26.572,0,2.599
26.573,0,2.599
26.574,0,2.599
26.575,0,2.599
26.576,0,2.599
26.577,0,2.599
26.578,0,2.599
26.579,0,2.599
26.58,0,2.599
26.581,0,2.599
26.582,0,2.599
26.583,0,2.599
26.584,0,2.599
26.585,0,2.599
26.586,0,2.599
26.587,0,2.599
26.588,0,2.599
26.589,0,2.599
26.59,0,2.599
26.591,0,2.599
26.592,0,2.599
26.593,0,2.599
26.594,0,2.599
26.595,0,2.599
26.596,0,2.599
26.597,0,2.599
26.598,0,2.599
26.599,0,2.599
26.6,0,2.599
26.601,0,2.599
26.602,0,2.599
26.603,0,2.599
26.604,0,2.599
26.605,0,2.599
26.606,0,2.599
26.607,0,2.599
26.608,0,2.599
26.609,0,2.599
26.61,0,2.599
26.611,0,2.599
26.612,0,2.599
26.613,0,2.599
26.614,0,2.599
26.615,0,2.599
26.616,0,2.599
26.617,0,2.599
26.618,0,2.599
26.619,0,2.599
26.62,0,2.599
26.621,0,2.599
26.622,0,2.599
26.623,0,2.599
26.624,0,2.599
26.625,0,2.599
26.626,0,2.599
26.627,0,2.599
26.628,0,2.599
26.629,0,2.599
26.63,0,2.599
26.631,0,2.599
26.632,0,2.599
26.633,0,2.599
26.634,0,2.599
26.635,0,2.599
26.636,0,2.599
26.637,0,2.599
26.638,0,2.599
26.639,0,2.599
26.64,0,2.599
26.641,0,2.599
26.642,0,2.599
26.643,0,2.599
26.644,0,2.599
26.645,0,2.599
26.646,0,2.599
26.647,0,2.599
26.648,0,2.599
26.649,0,2.599
26.65,0,2.599
26.651,0,2.599
26.652,0,2.599
26.653,0,2.599
26.654,0,2.599
26.655,0,2.599
26.656,0,2.599
26.657,0,2.599
26.658,0,2.599
26.659,0,2.599
26.66,0,2.599
26.661,0,2.599
26.662,0,2.599
26.663,0,2.599
26.664,0,2.599
26.665,0,2.599
26.666,0,2.599
26.667,0,2.599
26.668,0,2.599
26.669,0,2.599
26.67,0,2.599
26.671,0,2.599
26.672,0,2.599
26.673,0,2.599
26.674,0,2.599
26.675,0,2.599
26.676,0,2.599
26.677,0,2.599
26.678,0,2.599
26.679,0,2.599
26.68,0,2.599
26.681,0,2.599
26.682,0,2.599
26.683,0,2.599
26.684,0,2.599
26.685,0,2.599
26.686,0,2.599
26.687,0,2.599
26.688,0,2.599
26.689,0,2.599
26.69,0,2.599
26.691,0,2.599
26.692,0,2.599
26.693,0,2.599
26.694,0,2.599
26.695,0,2.599
26.696,0,2.599
26.697,0,2.599
26.698,0,2.599
26.699,0,2.599
26.7,0,2.599
26.701,0,2.599
26.702,0,2.599
26.703,0,2.599
26.704,0,2.599
26.705,0,2.599
26.706,0,2.599
26.707,0,2.599
26.708,0,2.599
26.709,0,2.599
26.71,0,2.599
26.711,0,2.599
26.712,0,2.599
26.713,0,2.599
26.714,0,2.599
26.715,0,2.599
26.716,0,2.599
26.717,0,2.599
26.718,0,2.599
26.719,0,2.599
26.72,0,2.599
26.721,0,2.599
26.722,0,2.599
26.723,0,2.599
26.724,0,2.599
26.725,0,2.599
26.726,0,2.599
26.727,0,2.599
26.728,0,2.599
26.729,0,2.599
26.73,0,2.599
26.731,0,2.599
26.732,0,2.599
26.733,0,2.599
26.734,0,2.599
26.735,0,2.599
26.736,0,2.599
26.737,0,2.599
26.738,0,2.599
26.739,0,2.599
26.74,0,2.599
26.741,0,2.599
26.742,0,2.599
26.743,0,2.599
26.744,0,2.599
26.745,0,2.599
26.746,0,2.599
26.747,0,2.599
26.748,0,2.599
26.749,0,2.599
26.75,0,2.599
26.751,0,2.599
26.752,0,2.599
26.753,0,2.599
26.754,0,2.599
26.755,0,2.599
26.756,0,2.599
26.757,0,2.599
26.758,0,2.599
26.759,0,2.599
26.76,0,2.599
26.761,0,2.599
26.762,0,2.599
26.763,0,2.599
26.764,0,2.599
26.765,0,2.599
26.766,0,2.599
26.767,0,2.599
26.768,0,2.599
26.769,0,2.599
26.77,0,2.599
26.771,0,2.599
26.772,0,2.599
26.773,0,2.599
26.774,0,2.599
26.775,0,2.599
26.776,0,2.599
26.777,0,2.599
26.778,0,2.599
26.779,0,2.599
26.78,0,2.599
26.781,0,2.599
26.782,0,2.599
26.783,0,2.599
26.784,0,2.599
26.785,0,2.599
26.786,0,2.599
26.787,0,2.599
26.788,0,2.599
26.789,0,2.599
26.79,0,2.599
26.791,0,2.599
26.792,0,2.599
26.793,0,2.599
26.794,0,2.599
26.795,0,2.599
26.796,0,2.599
26.797,0,2.599
26.798,0,2.599
26.799,0,2.599
26.8,0,2.599
26.801,0,2.599
26.802,0,2.599
26.803,0,2.599
26.804,0,2.599
26.805,0,2.599
26.806,0,2.599
26.807,0,2.599
26.808,0,2.599
26.809,0,2.599
26.81,0,2.599
26.811,0,2.599
26.812,0,2.599
26.813,0,2.599
26.814,0,2.599
26.815,0,2.599
26.816,0,2.599
26.817,0,2.599
26.818,0,2.599
26.819,0,2.599
26.82,0,2.599
26.821,0,2.599
26.822,0,2.599
26.823,0,2.599
26.824,0,2.599
26.825,0,2.599
26.826,0,2.599
26.827,0,2.599
26.828,0,2.599
26.829,0,2.599
26.83,0,2.599
26.831,0,2.599
26.832,0,2.599
26.833,0,2.599
26.834,0,2.599
26.835,0,2.599
26.836,0,2.599
26.837,0,2.599
26.838,0,2.599
26.839,0,2.599
26.84,0,2.599
26.841,0,2.599
26.842,0,2.599
26.843,0,2.599
26.844,0,2.599
26.845,0,2.599
26.846,0,2.599
26.847,0,2.599
26.848,0,2.599
26.849,0,2.599
26.85,0,2.599
26.851,0,2.599
26.852,0,2.599
26.853,0,2.599
26.854,0,2.599
26.855,0,2.599
26.856,0,2.599
26.857,0,2.599
26.858,0,2.599
26.859,0,2.599
26.86,0,2.599
26.861,0,2.599
26.862,0,2.599
26.863,0,2.599
26.864,0,2.599
26.865,0,2.599
26.866,0,2.599
26.867,0,2.599
26.868,0,2.599
26.869,0,2.599
26.87,0,2.599
26.871,0,2.599
26.872,0,2.599
26.873,0,2.599
26.874,0,2.599
26.875,0,2.599
26.876,0,2.599
26.877,0,2.599
26.878,0,2.599
26.879,0,2.599
26.88,0,2.599
26.881,0,2.599
26.882,0,2.599
26.883,0,2.599
26.884,0,2.599
26.885,0,2.599
26.886,0,2.599
26.887,0,2.599
26.888,0,2.599
26.889,0,2.599
26.89,0,2.599
26.891,0,2.599
26.892,0,2.599
26.893,0,2.599
26.894,0,2.599
26.895,0,2.599
26.896,0,2.599
26.897,0,2.599
26.898,0,2.599
26.899,0,2.599
26.9,0,2.599
26.901,0,2.599
26.902,0,2.599
26.903,0,2.599
26.904,0,2.599
26.905,0,2.599
26.906,0,2.599
26.907,0,2.599
26.908,0,2.599
26.909,0,2.599
26.91,0,2.599
26.911,0,2.599
26.912,0,2.599
26.913,0,2.599
26.914,0,2.599
26.915,0,2.599
26.916,0,2.599
26.917,0,2.599
26.918,0,2.599
26.919,0,2.599
26.92,0,2.599
26.921,0,2.599
26.922,0,2.599
26.923,0,2.599
26.924,0,2.599
26.925,0,2.599
26.926,0,2.599
26.927,0,2.599
26.928,0,2.599
26.929,0,2.599
26.93,0,2.599
26.931,0,2.599
26.932,0,2.599
26.933,0,2.599
26.934,0,2.599
26.935,0,2.599
26.936,0,2.599
26.937,0,2.599
26.938,0,2.599
26.939,0,2.599
26.94,0,2.599
26.941,0,2.599
26.942,0,2.599
26.943,0,2.599
26.944,0,2.599
26.945,0,2.599
26.946,0,2.599
26.947,0,2.599
26.948,0,2.599
26.949,0,2.599
26.95,0,2.599
26.951,0,2.599
26.952,0,2.599
26.953,0,2.599
26.954,0,2.599
26.955,0,2.599
26.956,0,2.599
26.957,0,2.599
26.958,0,2.599
26.959,0,2.599
26.96,0,2.599
26.961,0,2.599
26.962,0,2.599
26.963,0,2.599
26.964,0,2.599
26.965,0,2.599
26.966,0,2.599
26.967,0,2.599
26.968,0,2.599
26.969,0,2.599
26.97,0,2.599
26.971,0,2.599
26.972,0,2.599
26.973,0,2.599
26.974,0,2.599
26.975,0,2.599
26.976,0,2.599
26.977,0,2.599
26.978,0,2.599
26.979,0,2.599
26.98,0,2.599
26.981,0,2.599
26.982,0,2.599
26.983,0,2.599
26.984,0,2.599
26.985,0,2.599
26.986,0,2.599
26.987,0,2.599
26.988,0,2.599
26.989,0,2.599
26.99,0,2.599
26.991,0,2.599
26.992,0,2.599
26.993,0,2.599
26.994,0,2.599
26.995,0,2.599
26.996,0,2.599
26.997,0,2.599
26.998,0,2.599
26.999,0,2.599
27,0,2.599
27.001,0,2.599
27.002,0,2.599
27.003,0,2.599
27.004,0,2.599
27.005,0,2.599
27.006,0,2.599
27.007,0,2.599
27.008,0,2.599
27.009,0,2.599
27.01,0,2.599
27.011,0,2.599
27.012,0,2.599
27.013,0,2.599
27.014,0,2.599
27.015,0,2.599
27.016,0,2.599
27.017,0,2.599
27.018,0,2.599
27.019,0,2.599
27.02,0,2.599
27.021,0,2.599
27.022,0,2.599
27.023,0,2.599
27.024,0,2.599
27.025,0,2.599
27.026,0,2.599
27.027,0,2.599
27.028,0,2.599
27.029,0,2.599
27.03,0,2.599
27.031,0,2.599
27.032,0,2.599
27.033,0,2.599
27.034,0,2.599
27.035,0,2.599
27.036,0,2.599
27.037,0,2.599
27.038,0,2.599
27.039,0,2.599
27.04,0,2.599
27.041,0,2.599
27.042,0,2.599
27.043,0,2.599
27.044,0,2.599
27.045,0,2.599
27.046,0,2.599
27.047,0,2.599
27.048,0,2.599
27.049,0,2.599
27.05,0,2.599
27.051,0,2.599
27.052,0,2.599
27.053,0,2.599
27.054,0,2.599
27.055,0,2.599
27.056,0,2.599
27.057,0,2.599
27.058,0,2.599
27.059,0,2.599
27.06,0,2.599
27.061,0,2.599
27.062,0,2.599
27.063,0,2.599
27.064,0,2.599
27.065,0,2.599
27.066,0,2.599
27.067,0,2.599
27.068,0,2.599
27.069,0,2.599
27.07,0,2.599
27.071,0,2.599
27.072,0,2.599
27.073,0,2.599
27.074,0,2.599
27.075,0,2.599
27.076,0,2.599
27.077,0,2.599
27.078,0,2.599
27.079,0,2.599
27.08,0,2.599
27.081,0,2.599
27.082,0,2.599
27.083,0,2.599
27.084,0,2.599
27.085,0,2.599
27.086,0,2.599
27.087,0,2.599
27.088,0,2.599
27.089,0,2.599
27.09,0,2.599
27.091,0,2.599
27.092,0,2.599
27.093,0,2.599
27.094,0,2.599
27.095,0,2.599
27.096,0,2.599
27.097,0,2.599
27.098,0,2.599
27.099,0,2.599
27.1,0,2.599
27.101,0,2.599
27.102,0,2.599
27.103,0,2.599
27.104,0,2.599
27.105,0,2.599
27.106,0,2.599
27.107,0,2.599
27.108,0,2.599
27.109,0,2.599
27.11,0,2.599
27.111,0,2.599
27.112,0,2.599
27.113,0,2.599
27.114,0,2.599
27.115,0,2.599
27.116,0,2.599
27.117,0,2.599
27.118,0,2.599
27.119,0,2.599
27.12,0,2.599
27.121,0,2.599
27.122,0,2.599
27.123,0,2.599
27.124,0,2.599
27.125,0,2.599
27.126,0,2.599
27.127,0,2.599
27.128,0,2.599
27.129,0,2.599
27.13,0,2.599
27.131,0,2.599
27.132,0,2.599
27.133,0,2.599
27.134,0,2.599
27.135,0,2.599
27.136,0,2.599
27.137,0,2.599
27.138,0,2.599
27.139,0,2.599
27.14,0,2.599
27.141,0,2.599
27.142,0,2.599
27.143,0,2.599
27.144,0,2.599
27.145,0,2.599
27.146,0,2.599
27.147,0,2.599
27.148,0,2.599
27.149,0,2.599
27.15,0,2.599
27.151,0,2.599
27.152,0,2.599
27.153,0,2.599
27.154,0,2.599
27.155,0,2.599
27.156,0,2.599
27.157,0,2.599
27.158,0,2.599
27.159,0,2.599
27.16,0,2.599
27.161,0,2.599
27.162,0,2.599
27.163,0,2.599
27.164,0,2.599
27.165,0,2.599
27.166,0,2.599
27.167,0,2.599
27.168,0,2.599
27.169,0,2.599
27.17,0,2.599
27.171,0,2.599
27.172,0,2.599
27.173,0,2.599
27.174,0,2.599
27.175,0,2.599
27.176,0,2.599
27.177,0,2.599
27.178,0,2.599
27.179,0,2.599
27.18,0,2.599
27.181,0,2.599
27.182,0,2.599
27.183,0,2.599
27.184,0,2.599
27.185,0,2.599
27.186,0,2.599
27.187,0,2.599
27.188,0,2.599
27.189,0,2.599
27.19,0,2.599
27.191,0,2.599
27.192,0,2.599
27.193,0,2.599
27.194,0,2.599
27.195,0,2.599
27.196,0,2.599
27.197,0,2.599
27.198,0,2.599
27.199,0,2.599
27.2,0,2.599
27.201,0,2.599
27.202,0,2.599
27.203,0,2.599
27.204,0,2.599
27.205,0,2.599
27.206,0,2.599
27.207,0,2.599
27.208,0,2.599
27.209,0,2.599
27.21,0,2.599
27.211,0,2.599
27.212,0,2.599
27.213,0,2.599
27.214,0,2.599
27.215,0,2.599
27.216,0,2.599
27.217,0,2.599
27.218,0,2.599
27.219,0,2.599
27.22,0,2.599
27.221,0,2.599
27.222,0,2.599
27.223,0,2.599
27.224,0,2.599
27.225,0,2.599
27.226,0,2.599
27.227,0,2.599
27.228,0,2.599
27.229,0,2.599
27.23,0,2.599
27.231,0,2.599
27.232,0,2.599
27.233,0,2.599
27.234,0,2.599
27.235,0,2.599
27.236,0,2.599
27.237,0,2.599
27.238,0,2.599
27.239,0,2.599
27.24,0,2.599
27.241,0,2.599
27.242,0,2.599
27.243,0,2.599
27.244,0,2.599
27.245,0,2.599
27.246,0,2.599
27.247,0,2.599
27.248,0,2.599
27.249,0,2.599
27.25,0,2.599
27.251,0,2.599
27.252,0,2.599
27.253,0,2.599
27.254,0,2.599
27.255,0,2.599
27.256,0,2.599
27.257,0,2.599
27.258,0,2.599
27.259,0,2.599
27.26,0,2.599
27.261,0,2.599
27.262,0,2.599
27.263,0,2.599
27.264,0,2.599
27.265,0,2.599
27.266,0,2.599
27.267,0,2.599
27.268,0,2.599
27.269,0,2.599
27.27,0,2.599
27.271,0,2.599
27.272,0,2.599
27.273,0,2.599
27.274,0,2.599
27.275,0,2.599
27.276,0,2.599
27.277,0,2.599
27.278,0,2.599
27.279,0,2.599
27.28,0,2.599
27.281,0,2.599
27.282,0,2.599
27.283,0,2.599
27.284,0,2.599
27.285,0,2.599
27.286,0,2.599
27.287,0,2.599
27.288,0,2.599
27.289,0,2.599
27.29,0,2.599
27.291,0,2.599
27.292,0,2.599
27.293,0,2.599
27.294,0,2.599
27.295,0,2.599
27.296,0,2.599
27.297,0,2.599
27.298,0,2.599
27.299,0,2.599
27.3,0,2.599
27.301,0,2.599
27.302,0,2.599
27.303,0,2.599
27.304,0,2.599
27.305,0,2.599
27.306,0,2.599
27.307,0,2.599
27.308,0,2.599
27.309,0,2.599
27.31,0,2.599
27.311,0,2.599
27.312,0,2.599
27.313,0,2.599
27.314,0,2.599
27.315,0,2.599
27.316,0,2.599
27.317,0,2.599
27.318,0,2.599
27.319,0,2.599
27.32,0,2.599
27.321,0,2.599
27.322,0,2.599
27.323,0,2.599
27.324,0,2.599
27.325,0,2.599
27.326,0,2.599
27.327,0,2.599
27.328,0,2.599
27.329,0,2.599
27.33,0,2.599
27.331,0,2.599
27.332,0,2.599
27.333,0,2.599
27.334,0,2.599
27.335,0,2.599
27.336,0,2.599
27.337,0,2.599
27.338,0,2.599
27.339,0,2.599
27.34,0,2.599
27.341,0,2.599
27.342,0,2.599
27.343,0,2.599
27.344,0,2.599
27.345,0,2.599
27.346,0,2.599
27.347,0,2.599
27.348,0,2.599
27.349,0,2.599
27.35,0,2.599
27.351,0,2.599
27.352,0,2.599
27.353,0,2.599
27.354,0,2.599
27.355,0,2.599
27.356,0,2.599
27.357,0,2.599
27.358,0,2.599
27.359,0,2.599
27.36,0,2.599
27.361,0,2.599
27.362,0,2.599
27.363,0,2.599
27.364,0,2.599
27.365,0,2.599
27.366,0,2.599
27.367,0,2.599
27.368,0,2.599
27.369,0,2.599
27.37,0,2.599
27.371,0,2.599
27.372,0,2.599
27.373,0,2.599
27.374,0,2.599
27.375,0,2.599
27.376,0,2.599
27.377,0,2.599
27.378,0,2.599
27.379,0,2.599
27.38,0,2.599
27.381,0,2.599
27.382,0,2.599
27.383,0,2.599
27.384,0,2.599
27.385,0,2.599
27.386,0,2.599
27.387,0,2.599
27.388,0,2.599
27.389,0,2.599
27.39,0,2.599
27.391,0,2.599
27.392,0,2.599
27.393,0,2.599
27.394,0,2.599
27.395,0,2.599
27.396,0,2.599
27.397,0,2.599
27.398,0,2.599
27.399,0,2.599
27.4,0,2.599
27.401,0,2.599
27.402,0,2.599
27.403,0,2.599
27.404,0,2.599
27.405,0,2.599
27.406,0,2.599
27.407,0,2.599
27.408,0,2.599
27.409,0,2.599
27.41,0,2.599
27.411,0,2.599
27.412,0,2.599
27.413,0,2.599
27.414,0,2.599
27.415,0,2.599
27.416,0,2.599
27.417,0,2.599
27.418,0,2.599
27.419,0,2.599
27.42,0,2.599
27.421,0,2.599
27.422,0,2.599
27.423,0,2.599
27.424,0,2.599
27.425,0,2.599
27.426,0,2.599
27.427,0,2.599
27.428,0,2.599
27.429,0,2.599
27.43,0,2.599
27.431,0,2.599
27.432,0,2.599
27.433,0,2.599
27.434,0,2.599
27.435,0,2.599
27.436,0,2.599
27.437,0,2.599
27.438,0,2.599
27.439,0,2.599
27.44,0,2.599
27.441,0,2.599
27.442,0,2.599
27.443,0,2.599
27.444,0,2.599
27.445,0,2.599
27.446,0,2.599
27.447,0,2.599
27.448,0,2.599
27.449,0,2.599
27.45,0,2.599
27.451,0,2.599
27.452,0,2.599
27.453,0,2.599
27.454,0,2.599
27.455,0,2.599
27.456,0,2.599
27.457,0,2.599
27.458,0,2.599
27.459,0,2.599
27.46,0,2.599
27.461,0,2.599
27.462,0,2.599
27.463,0,2.599
27.464,0,2.599
27.465,0,2.599
27.466,0,2.599
27.467,0,2.599
27.468,0,2.599
27.469,0,2.599
27.47,0,2.599
27.471,0,2.599
27.472,0,2.599
27.473,0,2.599
27.474,0,2.599
27.475,0,2.599
27.476,0,2.599
27.477,0,2.599
27.478,0,2.599
27.479,0,2.599
27.48,0,2.599
27.481,0,2.599
27.482,0,2.599
27.483,0,2.599
27.484,0,2.599
27.485,0,2.599
27.486,0,2.599
27.487,0,2.599
27.488,0,2.599
27.489,0,2.599
27.49,0,2.599
27.491,0,2.599
27.492,0,2.599
27.493,0,2.599
27.494,0,2.599
27.495,0,2.599
27.496,0,2.599
27.497,0,2.599
27.498,0,2.599
27.499,0,2.599
27.5,0,2.599
27.501,0,2.599
27.502,0,2.599
27.503,0,2.599
27.504,0,2.599
27.505,0,2.599
27.506,0,2.599
27.507,0,2.599
27.508,0,2.599
27.509,0,2.599
27.51,0,2.599
27.511,0,2.599
27.512,0,2.599
27.513,0,2.599
27.514,0,2.599
27.515,0,2.599
27.516,0,2.599
27.517,0,2.599
27.518,0,2.599
27.519,0,2.599
27.52,0,2.599
27.521,0,2.599
27.522,0,2.599
27.523,0,2.599
27.524,0,2.599
27.525,0,2.599
27.526,0,2.599
27.527,0,2.599
27.528,0,2.599
27.529,0,2.599
27.53,0,2.599
27.531,0,2.599
27.532,0,2.599
27.533,0,2.599
27.534,0,2.599
27.535,0,2.599
27.536,0,2.599
27.537,0,2.599
27.538,0,2.599
27.539,0,2.599
27.54,0,2.599
27.541,0,2.599
27.542,0,2.599
27.543,0,2.599
27.544,0,2.599
27.545,0,2.599
27.546,0,2.599
27.547,0,2.599
27.548,0,2.599
27.549,0,2.599
27.55,0,2.599
27.551,0,2.599
27.552,0,2.599
27.553,0,2.599
27.554,0,2.599
27.555,0,2.599
27.556,0,2.599
27.557,0,2.599
27.558,0,2.599
27.559,0,2.599
27.56,0,2.599
27.561,0,2.599
27.562,0,2.599
27.563,0,2.599
27.564,0,2.599
27.565,0,2.599
27.566,0,2.599
27.567,0,2.599
27.568,0,2.599
27.569,0,2.599
27.57,0,2.599
27.571,0,2.599
27.572,0,2.599
27.573,0,2.599
27.574,0,2.599
27.575,0,2.599
27.576,0,2.599
27.577,0,2.599
27.578,0,2.599
27.579,0,2.599
27.58,0,2.599
27.581,0,2.599
27.582,0,2.599
27.583,0,2.599
27.584,0,2.599
27.585,0,2.599
27.586,0,2.599
27.587,0,2.599
27.588,0,2.599
27.589,0,2.599
27.59,0,2.599
27.591,0,2.599
27.592,0,2.599
27.593,0,2.599
27.594,0,2.599
27.595,0,2.599
27.596,0,2.599
27.597,0,2.599
27.598,0,2.599
27.599,0,2.599
27.6,0,2.599
27.601,0,2.599
27.602,0,2.599
27.603,0,2.599
27.604,0,2.599
27.605,0,2.599
27.606,0,2.599
27.607,0,2.599
27.608,0,2.599
27.609,0,2.599
27.61,0,2.599
27.611,0,2.599
27.612,0,2.599
27.613,0,2.599
27.614,0,2.599
27.615,0,2.599
27.616,0,2.599
27.617,0,2.599
27.618,0,2.599
27.619,0,2.599
27.62,0,2.599
27.621,0,2.599
27.622,0,2.599
27.623,0,2.599
27.624,0,2.599
27.625,0,2.599
27.626,0,2.599
27.627,0,2.599
27.628,0,2.599
27.629,0,2.599
27.63,0,2.599
27.631,0,2.599
27.632,0,2.599
27.633,0,2.599
27.634,0,2.599
27.635,0,2.599
27.636,0,2.599
27.637,0,2.599
27.638,0,2.599
27.639,0,2.599
27.64,0,2.599
27.641,0,2.599
27.642,0,2.599
27.643,0,2.599
27.644,0,2.599
27.645,0,2.599
27.646,0,2.599
27.647,0,2.599
27.648,0,2.599
27.649,0,2.599
27.65,0,2.599
27.651,0,2.599
27.652,0,2.599
27.653,0,2.599
27.654,0,2.599
27.655,0,2.599
27.656,0,2.599
27.657,0,2.599
27.658,0,2.599
27.659,0,2.599
27.66,0,2.599
27.661,0,2.599
27.662,0,2.599
27.663,0,2.599
27.664,0,2.599
27.665,0,2.599
27.666,0,2.599
27.667,0,2.599
27.668,0,2.599
27.669,0,2.599
27.67,0,2.599
27.671,0,2.599
27.672,0,2.599
27.673,0,2.599
27.674,0,2.599
27.675,0,2.599
27.676,0,2.599
27.677,0,2.599
27.678,0,2.599
27.679,0,2.599
27.68,0,2.599
27.681,0,2.599
27.682,0,2.599
27.683,0,2.599
27.684,0,2.599
27.685,0,2.599
27.686,0,2.599
27.687,0,2.599
27.688,0,2.599
27.689,0,2.599
27.69,0,2.599
27.691,0,2.599
27.692,0,2.599
27.693,0,2.599
27.694,0,2.599
27.695,0,2.599
27.696,0,2.599
27.697,0,2.599
27.698,0,2.599
27.699,0,2.599
27.7,0,2.599
27.701,0,2.599
27.702,0,2.599
27.703,0,2.599
27.704,0,2.599
27.705,0,2.599
27.706,0,2.599
27.707,0,2.599
27.708,0,2.599
27.709,0,2.599
27.71,0,2.599
27.711,0,2.599
27.712,0,2.599
27.713,0,2.599
27.714,0,2.599
27.715,0,2.599
27.716,0,2.599
27.717,0,2.599
27.718,0,2.599
27.719,0,2.599
27.72,0,2.599
27.721,0,2.599
27.722,0,2.599
27.723,0,2.599
27.724,0,2.599
27.725,0,2.599
27.726,0,2.599
27.727,0,2.599
27.728,0,2.599
27.729,0,2.599
27.73,0,2.599
27.731,0,2.599
27.732,0,2.599
27.733,0,2.599
27.734,0,2.599
27.735,0,2.599
27.736,0,2.599
27.737,0,2.599
27.738,0,2.599
27.739,0,2.599
27.74,0,2.599
27.741,0,2.599
27.742,0,2.599
27.743,0,2.599
27.744,0,2.599
27.745,0,2.599
27.746,0,2.599
27.747,0,2.599
27.748,0,2.599
27.749,0,2.599
27.75,0,2.599
27.751,0,2.599
27.752,0,2.599
27.753,0,2.599
27.754,0,2.599
27.755,0,2.599
27.756,0,2.599
27.757,0,2.599
27.758,0,2.599
27.759,0,2.599
27.76,0,2.599
27.761,0,2.599
27.762,0,2.599
27.763,0,2.599
27.764,0,2.599
27.765,0,2.599
27.766,0,2.599
27.767,0,2.599
27.768,0,2.599
27.769,0,2.599
27.77,0,2.599
27.771,0,2.599
27.772,0,2.599
27.773,0,2.599
27.774,0,2.599
27.775,0,2.599
27.776,0,2.599
27.777,0,2.599
27.778,0,2.599
27.779,0,2.599
27.78,0,2.599
27.781,0,2.599
27.782,0,2.599
27.783,0,2.599
27.784,0,2.599
27.785,0,2.599
27.786,0,2.599
27.787,0,2.599
27.788,0,2.599
27.789,0,2.599
27.79,0,2.599
27.791,0,2.599
27.792,0,2.599
27.793,0,2.599
27.794,0,2.599
27.795,0,2.599
27.796,0,2.599
27.797,0,2.599
27.798,0,2.599
27.799,0,2.599
27.8,0,2.599
27.801,0,2.599
27.802,0,2.599
27.803,0,2.599
27.804,0,2.599
27.805,0,2.599
27.806,0,2.599
27.807,0,2.599
27.808,0,2.599
27.809,0,2.599
27.81,0,2.599
27.811,0,2.599
27.812,0,2.599
27.813,0,2.599
27.814,0,2.599
27.815,0,2.599
27.816,0,2.599
27.817,0,2.599
27.818,0,2.599
27.819,0,2.599
27.82,0,2.599
27.821,0,2.599
27.822,0,2.599
27.823,0,2.599
27.824,0,2.599
27.825,0,2.599
27.826,0,2.599
27.827,0,2.599
27.828,0,2.599
27.829,0,2.599
27.83,0,2.599
27.831,0,2.599
27.832,0,2.599
27.833,0,2.599
27.834,0,2.599
27.835,0,2.599
27.836,0,2.599
27.837,0,2.599
27.838,0,2.599
27.839,0,2.599
27.84,0,2.599
27.841,0,2.599
27.842,0,2.599
27.843,0,2.599
27.844,0,2.599
27.845,0,2.599
27.846,0,2.599
27.847,0,2.599
27.848,0,2.599
27.849,0,2.599
27.85,0,2.599
27.851,0,2.599
27.852,0,2.599
27.853,0,2.599
27.854,0,2.599
27.855,0,2.599
27.856,0,2.599
27.857,0,2.599
27.858,0,2.599
27.859,0,2.599
27.86,0,2.599
27.861,0,2.599
27.862,0,2.599
27.863,0,2.599
27.864,0,2.599
27.865,0,2.599
27.866,0,2.599
27.867,0,2.599
27.868,0,2.599
27.869,0,2.599
27.87,0,2.599
27.871,0,2.599
27.872,0,2.599
27.873,0,2.599
27.874,0,2.599
27.875,0,2.599
27.876,0,2.599
27.877,0,2.599
27.878,0,2.599
27.879,0,2.599
27.88,0,2.599
27.881,0,2.599
27.882,0,2.599
27.883,0,2.599
27.884,0,2.599
27.885,0,2.599
27.886,0,2.599
27.887,0,2.599
27.888,0,2.599
27.889,0,2.599
27.89,0,2.599
27.891,0,2.599
27.892,0,2.599
27.893,0,2.599
27.894,0,2.599
27.895,0,2.599
27.896,0,2.599
27.897,0,2.599
27.898,0,2.599
27.899,0,2.599
27.9,0,2.599
27.901,0,2.599
27.902,0,2.599
27.903,0,2.599
27.904,0,2.599
27.905,0,2.599
27.906,0,2.599
27.907,0,2.599
27.908,0,2.599
27.909,0,2.599
27.91,0,2.599
27.911,0,2.599
27.912,0,2.599
27.913,0,2.599
27.914,0,2.599
27.915,0,2.599
27.916,0,2.599
27.917,0,2.599
27.918,0,2.599
27.919,0,2.599
27.92,0,2.599
27.921,0,2.599
27.922,0,2.599
27.923,0,2.599
27.924,0,2.599
27.925,0,2.599
27.926,0,2.599
27.927,0,2.599
27.928,0,2.599
27.929,0,2.599
27.93,0,2.599
27.931,0,2.599
27.932,0,2.599
27.933,0,2.599
27.934,0,2.599
27.935,0,2.599
27.936,0,2.599
27.937,0,2.599
27.938,0,2.599
27.939,0,2.599
27.94,0,2.599
27.941,0,2.599
27.942,0,2.599
27.943,0,2.599
27.944,0,2.599
27.945,0,2.599
27.946,0,2.599
27.947,0,2.599
27.948,0,2.599
27.949,0,2.599
27.95,0,2.599
27.951,0,2.599
27.952,0,2.599
27.953,0,2.599
27.954,0,2.599
27.955,0,2.599
27.956,0,2.599
27.957,0,2.599
27.958,0,2.599
27.959,0,2.599
27.96,0,2.599
27.961,0,2.599
27.962,0,2.599
27.963,0,2.599
27.964,0,2.599
27.965,0,2.599
27.966,0,2.599
27.967,0,2.599
27.968,0,2.599
27.969,0,2.599
27.97,0,2.599
27.971,0,2.599
27.972,0,2.599
27.973,0,2.599
27.974,0,2.599
27.975,0,2.599
27.976,0,2.599
27.977,0,2.599
27.978,0,2.599
27.979,0,2.599
27.98,0,2.599
27.981,0,2.599
27.982,0,2.599
27.983,0,2.599
27.984,0,2.599
27.985,0,2.599
27.986,0,2.599
27.987,0,2.599
27.988,0,2.599
27.989,0,2.599
27.99,0,2.599
27.991,0,2.599
27.992,0,2.599
27.993,0,2.599
27.994,0,2.599
27.995,0,2.599
27.996,0,2.599
27.997,0,2.599
27.998,0,2.599
27.999,0,2.599
28,0,2.599
28.001,0,2.599
28.002,0,2.599
28.003,0,2.599
28.004,0,2.599
28.005,0,2.599
28.006,0,2.599
28.007,0,2.599
28.008,0,2.599
28.009,0,2.599
28.01,0,2.599
28.011,0,2.599
28.012,0,2.599
28.013,0,2.599
28.014,0,2.599
28.015,0,2.599
28.016,0,2.599
28.017,0,2.599
28.018,0,2.599
28.019,0,2.599
28.02,0,2.599
28.021,0,2.599
28.022,0,2.599
28.023,0,2.599
28.024,0,2.599
28.025,0,2.599
28.026,0,2.599
28.027,0,2.599
28.028,0,2.599
28.029,0,2.599
28.03,0,2.599
28.031,0,2.599
28.032,0,2.599
28.033,0,2.599
28.034,0,2.599
28.035,0,2.599
28.036,0,2.599
28.037,0,2.599
28.038,0,2.599
28.039,0,2.599
28.04,0,2.599
28.041,0,2.599
28.042,0,2.599
28.043,0,2.599
28.044,0,2.599
28.045,0,2.599
28.046,0,2.599
28.047,0,2.599
28.048,0,2.599
28.049,0,2.599
28.05,0,2.599
28.051,0,2.599
28.052,0,2.599
28.053,0,2.599
28.054,0,2.599
28.055,0,2.599
28.056,0,2.599
28.057,0,2.599
28.058,0,2.599
28.059,0,2.599
28.06,0,2.599
28.061,0,2.599
28.062,0,2.599
28.063,0,2.599
28.064,0,2.599
28.065,0,2.599
28.066,0,2.599
28.067,0,2.599
28.068,0,2.599
28.069,0,2.599
28.07,0,2.599
28.071,0,2.599
28.072,0,2.599
28.073,0,2.599
28.074,0,2.599
28.075,0,2.599
28.076,0,2.599
28.077,0,2.599
28.078,0,2.599
28.079,0,2.599
28.08,0,2.599
28.081,0,2.599
28.082,0,2.599
28.083,0,2.599
28.084,0,2.599
28.085,0,2.599
28.086,0,2.599
28.087,0,2.599
28.088,0,2.599
28.089,0,2.599
28.09,0,2.599
28.091,0,2.599
28.092,0,2.599
28.093,0,2.599
28.094,0,2.599
28.095,0,2.599
28.096,0,2.599
28.097,0,2.599
28.098,0,2.599
28.099,0,2.599
28.1,0,2.599
28.101,0,2.599
28.102,0,2.599
28.103,0,2.599
28.104,0,2.599
28.105,0,2.599
28.106,0,2.599
28.107,0,2.599
28.108,0,2.599
28.109,0,2.599
28.11,0,2.599
28.111,0,2.599
28.112,0,2.599
28.113,0,2.599
28.114,0,2.599
28.115,0,2.599
28.116,0,2.599
28.117,0,2.599
28.118,0,2.599
28.119,0,2.599
28.12,0,2.599
28.121,0,2.599
28.122,0,2.599
28.123,0,2.599
28.124,0,2.599
28.125,0,2.599
28.126,0,2.599
28.127,0,2.599
28.128,0,2.599
28.129,0,2.599
28.13,0,2.599
28.131,0,2.599
28.132,0,2.599
28.133,0,2.599
28.134,0,2.599
28.135,0,2.599
28.136,0,2.599
28.137,0,2.599
28.138,0,2.599
28.139,0,2.599
28.14,0,2.599
28.141,0,2.599
28.142,0,2.599
28.143,0,2.599
28.144,0,2.599
28.145,0,2.599
28.146,0,2.599
28.147,0,2.599
28.148,0,2.599
28.149,0,2.599
28.15,0,2.599
28.151,0,2.599
28.152,0,2.599
28.153,0,2.599
28.154,0,2.599
28.155,0,2.599
28.156,0,2.599
28.157,0,2.599
28.158,0,2.599
28.159,0,2.599
28.16,0,2.599
28.161,0,2.599
28.162,0,2.599
28.163,0,2.599
28.164,0,2.599
28.165,0,2.599
28.166,0,2.599
28.167,0,2.599
28.168,0,2.599
28.169,0,2.599
28.17,0,2.599
28.171,0,2.599
28.172,0,2.599
28.173,0,2.599
28.174,0,2.599
28.175,0,2.599
28.176,0,2.599
28.177,0,2.599
28.178,0,2.599
28.179,0,2.599
28.18,0,2.599
28.181,0,2.599
28.182,0,2.599
28.183,0,2.599
28.184,0,2.599
28.185,0,2.599
28.186,0,2.599
28.187,0,2.599
28.188,0,2.599
28.189,0,2.599
28.19,0,2.599
28.191,0,2.599
28.192,0,2.599
28.193,0,2.599
28.194,0,2.599
28.195,0,2.599
28.196,0,2.599
28.197,0,2.599
28.198,0,2.599
28.199,0,2.599
28.2,0,2.599
28.201,0,2.599
28.202,0,2.599
28.203,0,2.599
28.204,0,2.599
28.205,0,2.599
28.206,0,2.599
28.207,0,2.599
28.208,0,2.599
28.209,0,2.599
28.21,0,2.599
28.211,0,2.599
28.212,0,2.599
28.213,0,2.599
28.214,0,2.599
28.215,0,2.599
28.216,0,2.599
28.217,0,2.599
28.218,0,2.599
28.219,0,2.599
28.22,0,2.599
28.221,0,2.599
28.222,0,2.599
28.223,0,2.599
28.224,0,2.599
28.225,0,2.599
28.226,0,2.599
28.227,0,2.599
28.228,0,2.599
28.229,0,2.599
28.23,0,2.599
28.231,0,2.599
28.232,0,2.599
28.233,0,2.599
28.234,0,2.599
28.235,0,2.599
28.236,0,2.599
28.237,0,2.599
28.238,0,2.599
28.239,0,2.599
28.24,0,2.599
28.241,0,2.599
28.242,0,2.599
28.243,0,2.599
28.244,0,2.599
28.245,0,2.599
28.246,0,2.599
28.247,0,2.599
28.248,0,2.599
28.249,0,2.599
28.25,0,2.599
28.251,0,2.599
28.252,0,2.599
28.253,0,2.599
28.254,0,2.599
28.255,0,2.599
28.256,0,2.599
28.257,0,2.599
28.258,0,2.599
28.259,0,2.599
28.26,0,2.599
28.261,0,2.599
28.262,0,2.599
28.263,0,2.599
28.264,0,2.599
28.265,0,2.599
28.266,0,2.599
28.267,0,2.599
28.268,0,2.599
28.269,0,2.599
28.27,0,2.599
28.271,0,2.599
28.272,0,2.599
28.273,0,2.599
28.274,0,2.599
28.275,0,2.599
28.276,0,2.599
28.277,0,2.599
28.278,0,2.599
28.279,0,2.599
28.28,0,2.599
28.281,0,2.599
28.282,0,2.599
28.283,0,2.599
28.284,0,2.599
28.285,0,2.599
28.286,0,2.599
28.287,0,2.599
28.288,0,2.599
28.289,0,2.599
28.29,0,2.599
28.291,0,2.599
28.292,0,2.599
28.293,0,2.599
28.294,0,2.599
28.295,0,2.599
28.296,0,2.599
28.297,0,2.599
28.298,0,2.599
28.299,0,2.599
28.3,0,2.599
28.301,0,2.599
28.302,0,2.599
28.303,0,2.599
28.304,0,2.599
28.305,0,2.599
28.306,0,2.599
28.307,0,2.599
28.308,0,2.599
28.309,0,2.599
28.31,0,2.599
28.311,0,2.599
28.312,0,2.599
28.313,0,2.599
28.314,0,2.599
28.315,0,2.599
28.316,0,2.599
28.317,0,2.599
28.318,0,2.599
28.319,0,2.599
28.32,0,2.599
28.321,0,2.599
28.322,0,2.599
28.323,0,2.599
28.324,0,2.599
28.325,0,2.599
28.326,0,2.599
28.327,0,2.599
28.328,0,2.599
28.329,0,2.599
28.33,0,2.599
28.331,0,2.599
28.332,0,2.599
28.333,0,2.599
28.334,0,2.599
28.335,0,2.599
28.336,0,2.599
28.337,0,2.599
28.338,0,2.599
28.339,0,2.599
28.34,0,2.599
28.341,0,2.599
28.342,0,2.599
28.343,0,2.599
28.344,0,2.599
28.345,0,2.599
28.346,0,2.599
28.347,0,2.599
28.348,0,2.599
28.349,0,2.599
28.35,0,2.599
28.351,0,2.599
28.352,0,2.599
28.353,0,2.599
28.354,0,2.599
28.355,0,2.599
28.356,0,2.599
28.357,0,2.599
28.358,0,2.599
28.359,0,2.599
28.36,0,2.599
28.361,0,2.599
28.362,0,2.599
28.363,0,2.599
28.364,0,2.599
28.365,0,2.599
28.366,0,2.599
28.367,0,2.599
28.368,0,2.599
28.369,0,2.599
28.37,0,2.599
28.371,0,2.599
28.372,0,2.599
28.373,0,2.599
28.374,0,2.599
28.375,0,2.599
28.376,0,2.599
28.377,0,2.599
28.378,0,2.599
28.379,0,2.599
28.38,0,2.599
28.381,0,2.599
28.382,0,2.599
28.383,0,2.599
28.384,0,2.599
28.385,0,2.599
28.386,0,2.599
28.387,0,2.599
28.388,0,2.599
28.389,0,2.599
28.39,0,2.599
28.391,0,2.599
28.392,0,2.599
28.393,0,2.599
28.394,0,2.599
28.395,0,2.599
28.396,0,2.599
28.397,0,2.599
28.398,0,2.599
28.399,0,2.599
28.4,0,2.599
28.401,0,2.599
28.402,0,2.599
28.403,0,2.599
28.404,0,2.599
28.405,0,2.599
28.406,0,2.599
28.407,0,2.599
28.408,0,2.599
28.409,0,2.599
28.41,0,2.599
28.411,0,2.599
28.412,0,2.599
28.413,0,2.599
28.414,0,2.599
28.415,0,2.599
28.416,0,2.599
28.417,0,2.599
28.418,0,2.599
28.419,0,2.599
28.42,0,2.599
28.421,0,2.599
28.422,0,2.599
28.423,0,2.599
28.424,0,2.599
28.425,0,2.599
28.426,0,2.599
28.427,0,2.599
28.428,0,2.599
28.429,0,2.599
28.43,0,2.599
28.431,0,2.599
28.432,0,2.599
28.433,0,2.599
28.434,0,2.599
28.435,0,2.599
28.436,0,2.599
28.437,0,2.599
28.438,0,2.599
28.439,0,2.599
28.44,0,2.599
28.441,0,2.599
28.442,0,2.599
28.443,0,2.599
28.444,0,2.599
28.445,0,2.599
28.446,0,2.599
28.447,0,2.599
28.448,0,2.599
28.449,0,2.599
28.45,0,2.599
28.451,0,2.599
28.452,0,2.599
28.453,0,2.599
28.454,0,2.599
28.455,0,2.599
28.456,0,2.599
28.457,0,2.599
28.458,0,2.599
28.459,0,2.599
28.46,0,2.599
28.461,0,2.599
28.462,0,2.599
28.463,0,2.599
28.464,0,2.599
28.465,0,2.599
28.466,0,2.599
28.467,0,2.599
28.468,0,2.599
28.469,0,2.599
28.47,0,2.599
28.471,0,2.599
28.472,0,2.599
28.473,0,2.599
28.474,0,2.599
28.475,0,2.599
28.476,0,2.599
28.477,0,2.599
28.478,0,2.599
28.479,0,2.599
28.48,0,2.599
28.481,0,2.599
28.482,0,2.599
28.483,0,2.599
28.484,0,2.599
28.485,0,2.599
28.486,0,2.599
28.487,0,2.599
28.488,0,2.599
28.489,0,2.599
28.49,0,2.599
28.491,0,2.599
28.492,0,2.599
28.493,0,2.599
28.494,0,2.599
28.495,0,2.599
28.496,0,2.599
28.497,0,2.599
28.498,0,2.599
28.499,0,2.599
28.5,0,2.599
28.501,0,2.599
28.502,0,2.599
28.503,0,2.599
28.504,0,2.599
28.505,0,2.599
28.506,0,2.599
28.507,0,2.599
28.508,0,2.599
28.509,0,2.599
28.51,0,2.599
28.511,0,2.599
28.512,0,2.599
28.513,0,2.599
28.514,0,2.599
28.515,0,2.599
28.516,0,2.599
28.517,0,2.599
28.518,0,2.599
28.519,0,2.599
28.52,0,2.599
28.521,0,2.599
28.522,0,2.599
28.523,0,2.599
28.524,0,2.599
28.525,0,2.599
28.526,0,2.599
28.527,0,2.599
28.528,0,2.599
28.529,0,2.599
28.53,0,2.599
28.531,0,2.599
28.532,0,2.599
28.533,0,2.599
28.534,0,2.599
28.535,0,2.599
28.536,0,2.599
28.537,0,2.599
28.538,0,2.599
28.539,0,2.599
28.54,0,2.599
28.541,0,2.599
28.542,0,2.599
28.543,0,2.599
28.544,0,2.599
28.545,0,2.599
28.546,0,2.599
28.547,0,2.599
28.548,0,2.599
28.549,0,2.599
28.55,0,2.599
28.551,0,2.599
28.552,0,2.599
28.553,0,2.599
28.554,0,2.599
28.555,0,2.599
28.556,0,2.599
28.557,0,2.599
28.558,0,2.599
28.559,0,2.599
28.56,0,2.599
28.561,0,2.599
28.562,0,2.599
28.563,0,2.599
28.564,0,2.599
28.565,0,2.599
28.566,0,2.599
28.567,0,2.599
28.568,0,2.599
28.569,0,2.599
28.57,0,2.599
28.571,0,2.599
28.572,0,2.599
28.573,0,2.599
28.574,0,2.599
28.575,0,2.599
28.576,0,2.599
28.577,0,2.599
28.578,0,2.599
28.579,0,2.599
28.58,0,2.599
28.581,0,2.599
28.582,0,2.599
28.583,0,2.599
28.584,0,2.599
28.585,0,2.599
28.586,0,2.599
28.587,0,2.599
28.588,0,2.599
28.589,0,2.599
28.59,0,2.599
28.591,0,2.599
28.592,0,2.599
28.593,0,2.599
28.594,0,2.599
28.595,0,2.599
28.596,0,2.599
28.597,0,2.599
28.598,0,2.599
28.599,0,2.599
28.6,0,2.599
28.601,0,2.599
28.602,0,2.599
28.603,0,2.599
28.604,0,2.599
28.605,0,2.599
28.606,0,2.599
28.607,0,2.599
28.608,0,2.599
28.609,0,2.599
28.61,0,2.599
28.611,0,2.599
28.612,0,2.599
28.613,0,2.599
28.614,0,2.599
28.615,0,2.599
28.616,0,2.599
28.617,0,2.599
28.618,0,2.599
28.619,0,2.599
28.62,0,2.599
28.621,0,2.599
28.622,0,2.599
28.623,0,2.599
28.624,0,2.599
28.625,0,2.599
28.626,0,2.599
28.627,0,2.599
28.628,0,2.599
28.629,0,2.599
28.63,0,2.599
28.631,0,2.599
28.632,0,2.599
28.633,0,2.599
28.634,0,2.599
28.635,0,2.599
28.636,0,2.599
28.637,0,2.599
28.638,0,2.599
28.639,0,2.599
28.64,0,2.599
28.641,0,2.599
28.642,0,2.599
28.643,0,2.599
28.644,0,2.599
28.645,0,2.599
28.646,0,2.599
28.647,0,2.599
28.648,0,2.599
28.649,0,2.599
28.65,0,2.599
28.651,0,2.599
28.652,0,2.599
28.653,0,2.599
28.654,0,2.599
28.655,0,2.599
28.656,0,2.599
28.657,0,2.599
28.658,0,2.599
28.659,0,2.599
28.66,0,2.599
28.661,0,2.599
28.662,0,2.599
28.663,0,2.599
28.664,0,2.599
28.665,0,2.599
28.666,0,2.599
28.667,0,2.599
28.668,0,2.599
28.669,0,2.599
28.67,0,2.599
28.671,0,2.599
28.672,0,2.599
28.673,0,2.599
28.674,0,2.599
28.675,0,2.599
28.676,0,2.599
28.677,0,2.599
28.678,0,2.599
28.679,0,2.599
28.68,0,2.599
28.681,0,2.599
28.682,0,2.599
28.683,0,2.599
28.684,0,2.599
28.685,0,2.599
28.686,0,2.599
28.687,0,2.599
28.688,0,2.599
28.689,0,2.599
28.69,0,2.599
28.691,0,2.599
28.692,0,2.599
28.693,0,2.599
28.694,0,2.599
28.695,0,2.599
28.696,0,2.599
28.697,0,2.599
28.698,0,2.599
28.699,0,2.599
28.7,0,2.599
28.701,0,2.599
28.702,0,2.599
28.703,0,2.599
28.704,0,2.599
28.705,0,2.599
28.706,0,2.599
28.707,0,2.599
28.708,0,2.599
28.709,0,2.599
28.71,0,2.599
28.711,0,2.599
28.712,0,2.599
28.713,0,2.599
28.714,0,2.599
28.715,0,2.599
28.716,0,2.599
28.717,0,2.599
28.718,0,2.599
28.719,0,2.599
28.72,0,2.599
28.721,0,2.599
28.722,0,2.599
28.723,0,2.599
28.724,0,2.599
28.725,0,2.599
28.726,0,2.599
28.727,0,2.599
28.728,0,2.599
28.729,0,2.599
28.73,0,2.599
28.731,0,2.599
28.732,0,2.599
28.733,0,2.599
28.734,0,2.599
28.735,0,2.599
28.736,0,2.599
28.737,0,2.599
28.738,0,2.599
28.739,0,2.599
28.74,0,2.599
28.741,0,2.599
28.742,0,2.599
28.743,0,2.599
28.744,0,2.599
28.745,0,2.599
28.746,0,2.599
28.747,0,2.599
28.748,0,2.599
28.749,0,2.599
28.75,0,2.599
28.751,0,2.599
28.752,0,2.599
28.753,0,2.599
28.754,0,2.599
28.755,0,2.599
28.756,0,2.599
28.757,0,2.599
28.758,0,2.599
28.759,0,2.599
28.76,0,2.599
28.761,0,2.599
28.762,0,2.599
28.763,0,2.599
28.764,0,2.599
28.765,0,2.599
28.766,0,2.599
28.767,0,2.599
28.768,0,2.599
28.769,0,2.599
28.77,0,2.599
28.771,0,2.599
28.772,0,2.599
28.773,0,2.599
28.774,0,2.599
28.775,0,2.599
28.776,0,2.599
28.777,0,2.599
28.778,0,2.599
28.779,0,2.599
28.78,0,2.599
28.781,0,2.599
28.782,0,2.599
28.783,0,2.599
28.784,0,2.599
28.785,0,2.599
28.786,0,2.599
28.787,0,2.599
28.788,0,2.599
28.789,0,2.599
28.79,0,2.599
28.791,0,2.599
28.792,0,2.599
28.793,0,2.599
28.794,0,2.599
28.795,0,2.599
28.796,0,2.599
28.797,0,2.599
28.798,0,2.599
28.799,0,2.599
28.8,0,2.599
28.801,0,2.599
28.802,0,2.599
28.803,0,2.599
28.804,0,2.599
28.805,0,2.599
28.806,0,2.599
28.807,0,2.599
28.808,0,2.599
28.809,0,2.599
28.81,0,2.599
28.811,0,2.599
28.812,0,2.599
28.813,0,2.599
28.814,0,2.599
28.815,0,2.599
28.816,0,2.599
28.817,0,2.599
28.818,0,2.599
28.819,0,2.599
28.82,0,2.599
28.821,0,2.599
28.822,0,2.599
28.823,0,2.599
28.824,0,2.599
28.825,0,2.599
28.826,0,2.599
28.827,0,2.599
28.828,0,2.599
28.829,0,2.599
28.83,0,2.599
28.831,0,2.599
28.832,0,2.599
28.833,0,2.599
28.834,0,2.599
28.835,0,2.599
28.836,0,2.599
28.837,0,2.599
28.838,0,2.599
28.839,0,2.599
28.84,0,2.599
28.841,0,2.599
28.842,0,2.599
28.843,0,2.599
28.844,0,2.599
28.845,0,2.599
28.846,0,2.599
28.847,0,2.599
28.848,0,2.599
28.849,0,2.599
28.85,0,2.599
28.851,0,2.599
28.852,0,2.599
28.853,0,2.599
28.854,0,2.599
28.855,0,2.599
28.856,0,2.599
28.857,0,2.599
28.858,0,2.599
28.859,0,2.599
28.86,0,2.599
28.861,0,2.599
28.862,0,2.599
28.863,0,2.599
28.864,0,2.599
28.865,0,2.599
28.866,0,2.599
28.867,0,2.599
28.868,0,2.599
28.869,0,2.599
28.87,0,2.599
28.871,0,2.599
28.872,0,2.599
28.873,0,2.599
28.874,0,2.599
28.875,0,2.599
28.876,0,2.599
28.877,0,2.599
28.878,0,2.599
28.879,0,2.599
28.88,0,2.599
28.881,0,2.599
28.882,0,2.599
28.883,0,2.599
28.884,0,2.599
28.885,0,2.599
28.886,0,2.599
28.887,0,2.599
28.888,0,2.599
28.889,0,2.599
28.89,0,2.599
28.891,0,2.599
28.892,0,2.599
28.893,0,2.599
28.894,0,2.599
28.895,0,2.599
28.896,0,2.599
28.897,0,2.599
28.898,0,2.599
28.899,0,2.599
28.9,0,2.599
28.901,0,2.599
28.902,0,2.599
28.903,0,2.599
28.904,0,2.599
28.905,0,2.599
28.906,0,2.599
28.907,0,2.599
28.908,0,2.599
28.909,0,2.599
28.91,0,2.599
28.911,0,2.599
28.912,0,2.599
28.913,0,2.599
28.914,0,2.599
28.915,0,2.599
28.916,0,2.599
28.917,0,2.599
28.918,0,2.599
28.919,0,2.599
28.92,0,2.599
28.921,0,2.599
28.922,0,2.599
28.923,0,2.599
28.924,0,2.599
28.925,0,2.599
28.926,0,2.599
28.927,0,2.599
28.928,0,2.599
28.929,0,2.599
28.93,0,2.599
28.931,0,2.599
28.932,0,2.599
28.933,0,2.599
28.934,0,2.599
28.935,0,2.599
28.936,0,2.599
28.937,0,2.599
28.938,0,2.599
28.939,0,2.599
28.94,0,2.599
28.941,0,2.599
28.942,0,2.599
28.943,0,2.599
28.944,0,2.599
28.945,0,2.599
28.946,0,2.599
28.947,0,2.599
28.948,0,2.599
28.949,0,2.599
28.95,0,2.599
28.951,0,2.599
28.952,0,2.599
28.953,0,2.599
28.954,0,2.599
28.955,0,2.599
28.956,0,2.599
28.957,0,2.599
28.958,0,2.599
28.959,0,2.599
28.96,0,2.599
28.961,0,2.599
28.962,0,2.599
28.963,0,2.599
28.964,0,2.599
28.965,0,2.599
28.966,0,2.599
28.967,0,2.599
28.968,0,2.599
28.969,0,2.599
28.97,0,2.599
28.971,0,2.599
28.972,0,2.599
28.973,0,2.599
28.974,0,2.599
28.975,0,2.599
28.976,0,2.599
28.977,0,2.599
28.978,0,2.599
28.979,0,2.599
28.98,0,2.599
28.981,0,2.599
28.982,0,2.599
28.983,0,2.599
28.984,0,2.599
28.985,0,2.599
28.986,0,2.599
28.987,0,2.599
28.988,0,2.599
28.989,0,2.599
28.99,0,2.599
28.991,0,2.599
28.992,0,2.599
28.993,0,2.599
28.994,0,2.599
28.995,0,2.599
28.996,0,2.599
28.997,0,2.599
28.998,0,2.599
28.999,0,2.599
29,-0.2,0.300999999999998
29.001,-0.2,0.300999999999998
29.002,-0.2,0.300999999999998
29.003,-0.2,0.300999999999998
29.004,-0.2,0.300999999999998
29.005,-0.2,0.300999999999998
29.006,-0.2,0.300999999999998
29.007,-0.2,0.300999999999998
29.008,-0.2,0.300999999999998
29.009,-0.2,0.300999999999998
29.01,-0.2,0.300999999999998
29.011,-0.2,0.300999999999998
29.012,-0.2,0.300999999999998
29.013,-0.2,0.300999999999998
29.014,-0.2,0.300999999999998
29.015,-0.2,0.300999999999998
29.016,-0.2,0.300999999999998
29.017,-0.2,0.300999999999998
29.018,-0.2,0.300999999999998
29.019,-0.2,0.300999999999998
29.02,-0.2,0.300999999999998
29.021,-0.2,0.300999999999998
29.022,-0.2,0.300999999999998
29.023,-0.2,0.300999999999998
29.024,-0.2,0.300999999999998
29.025,-0.2,0.300999999999998
29.026,-0.2,0.300999999999998
29.027,-0.2,0.300999999999998
29.028,-0.2,0.300999999999998
29.029,-0.2,0.300999999999998
29.03,-0.2,0.300999999999998
29.031,-0.2,0.300999999999998
29.032,-0.2,0.300999999999998
29.033,-0.2,0.300999999999998
29.034,-0.2,0.300999999999998
29.035,-0.2,0.300999999999998
29.036,-0.2,0.300999999999998
29.037,-0.2,0.300999999999998
29.038,-0.2,0.300999999999998
29.039,-0.2,0.300999999999998
29.04,-0.2,0.300999999999998
29.041,-0.2,0.300999999999998
29.042,-0.2,0.300999999999998
29.043,-0.2,0.300999999999998
29.044,-0.2,0.300999999999998
29.045,-0.2,0.300999999999998
29.046,-0.2,0.300999999999998
29.047,-0.2,0.300999999999998
29.048,-0.2,0.300999999999998
29.049,-0.2,0.300999999999998
29.05,-0.2,0.300999999999998
29.051,-0.2,0.300999999999998
29.052,-0.2,0.300999999999998
29.053,-0.2,0.300999999999998
29.054,-0.2,0.300999999999998
29.055,-0.2,0.300999999999998
29.056,-0.2,0.300999999999998
29.057,-0.2,0.300999999999998
29.058,-0.2,0.300999999999998
29.059,-0.2,0.300999999999998
29.06,-0.2,0.300999999999998
29.061,-0.2,0.300999999999998
29.062,-0.2,0.300999999999998
29.063,-0.2,0.300999999999998
29.064,-0.2,0.300999999999998
29.065,-0.2,0.300999999999998
29.066,-0.2,0.300999999999998
29.067,-0.2,0.300999999999998
29.068,-0.2,0.300999999999998
29.069,-0.2,0.300999999999998
29.07,-0.2,0.300999999999998
29.071,-0.2,0.300999999999998
29.072,-0.2,0.300999999999998
29.073,-0.2,0.300999999999998
29.074,-0.2,0.300999999999998
29.075,-0.2,0.300999999999998
29.076,-0.2,0.300999999999998
29.077,-0.2,0.300999999999998
29.078,-0.2,0.300999999999998
29.079,-0.2,0.300999999999998
29.08,-0.2,0.300999999999998
29.081,-0.2,0.300999999999998
29.082,-0.2,0.300999999999998
29.083,-0.2,0.300999999999998
29.084,-0.2,0.300999999999998
29.085,-0.2,0.300999999999998
29.086,-0.2,0.300999999999998
29.087,-0.2,0.300999999999998
29.088,-0.2,0.300999999999998
29.089,-0.2,0.300999999999998
29.09,-0.2,0.300999999999998
29.091,-0.2,0.300999999999998
29.092,-0.2,0.300999999999998
29.093,-0.2,0.300999999999998
29.094,-0.2,0.300999999999998
29.095,-0.2,0.300999999999998
29.096,-0.2,0.300999999999998
29.097,-0.2,0.300999999999998
29.098,-0.2,0.300999999999998
29.099,-0.2,0.300999999999998
29.1,-0.2,0.300999999999998
29.101,-0.2,0.300999999999998
29.102,-0.2,0.300999999999998
29.103,-0.2,0.300999999999998
29.104,-0.2,0.300999999999998
29.105,-0.2,0.300999999999998
29.106,-0.2,0.300999999999998
29.107,-0.2,0.300999999999998
29.108,-0.2,0.300999999999998
29.109,-0.2,0.300999999999998
29.11,-0.2,0.300999999999998
29.111,-0.2,0.300999999999998
29.112,-0.2,0.300999999999998
29.113,-0.2,0.300999999999998
29.114,-0.2,0.300999999999998
29.115,-0.2,0.300999999999998
29.116,-0.2,0.300999999999998
29.117,-0.2,0.300999999999998
29.118,-0.2,0.300999999999998
29.119,-0.2,0.300999999999998
29.12,-0.2,0.300999999999998
29.121,-0.2,0.300999999999998
29.122,-0.2,0.300999999999998
29.123,-0.2,0.300999999999998
29.124,-0.2,0.300999999999998
29.125,-0.2,0.300999999999998
29.126,-0.2,0.300999999999998
29.127,-0.2,0.300999999999998
29.128,-0.2,0.300999999999998
29.129,-0.2,0.300999999999998
29.13,-0.2,0.300999999999998
29.131,-0.2,0.300999999999998
29.132,-0.2,0.300999999999998
29.133,-0.2,0.300999999999998
29.134,-0.2,0.300999999999998
29.135,-0.2,0.300999999999998
29.136,-0.2,0.300999999999998
29.137,-0.2,0.300999999999998
29.138,-0.2,0.300999999999998
29.139,-0.2,0.300999999999998
29.14,-0.2,0.300999999999998
29.141,-0.2,0.300999999999998
29.142,-0.2,0.300999999999998
29.143,-0.2,0.300999999999998
29.144,-0.2,0.300999999999998
29.145,-0.2,0.300999999999998
29.146,-0.2,0.300999999999998
29.147,-0.2,0.300999999999998
29.148,-0.2,0.300999999999998
29.149,-0.2,0.300999999999998
29.15,-0.2,0.300999999999998
29.151,-0.2,0.300999999999998
29.152,-0.2,0.300999999999998
29.153,-0.2,0.300999999999998
29.154,-0.2,0.300999999999998
29.155,-0.2,0.300999999999998
29.156,-0.2,0.300999999999998
29.157,-0.2,0.300999999999998
29.158,-0.2,0.300999999999998
29.159,-0.2,0.300999999999998
29.16,-0.2,0.300999999999998
29.161,-0.2,0.300999999999998
29.162,-0.2,0.300999999999998
29.163,-0.2,0.300999999999998
29.164,-0.2,0.300999999999998
29.165,-0.2,0.300999999999998
29.166,-0.2,0.300999999999998
29.167,-0.2,0.300999999999998
29.168,-0.2,0.300999999999998
29.169,-0.2,0.300999999999998
29.17,-0.2,0.300999999999998
29.171,-0.2,0.300999999999998
29.172,-0.2,0.300999999999998
29.173,-0.2,0.300999999999998
29.174,-0.2,0.300999999999998
29.175,-0.2,0.300999999999998
29.176,-0.2,0.300999999999998
29.177,-0.2,0.300999999999998
29.178,-0.2,0.300999999999998
29.179,-0.2,0.300999999999998
29.18,-0.2,0.300999999999998
29.181,-0.2,0.300999999999998
29.182,-0.2,0.300999999999998
29.183,-0.2,0.300999999999998
29.184,-0.2,0.300999999999998
29.185,-0.2,0.300999999999998
29.186,-0.2,0.300999999999998
29.187,-0.2,0.300999999999998
29.188,-0.2,0.300999999999998
29.189,-0.2,0.300999999999998
29.19,-0.2,0.300999999999998
29.191,-0.2,0.300999999999998
29.192,-0.2,0.300999999999998
29.193,-0.2,0.300999999999998
29.194,-0.2,0.300999999999998
29.195,-0.2,0.300999999999998
29.196,-0.2,0.300999999999998
29.197,-0.2,0.300999999999998
29.198,-0.2,0.300999999999998
29.199,-0.2,0.300999999999998
29.2,-0.2,0.300999999999998
29.201,-0.2,0.300999999999998
29.202,-0.2,0.300999999999998
29.203,-0.2,0.300999999999998
29.204,-0.2,0.300999999999998
29.205,-0.2,0.300999999999998
29.206,-0.2,0.300999999999998
29.207,-0.2,0.300999999999998
29.208,-0.2,0.300999999999998
29.209,-0.2,0.300999999999998
29.21,-0.2,0.300999999999998
29.211,-0.2,0.300999999999998
29.212,-0.2,0.300999999999998
29.213,-0.2,0.300999999999998
29.214,-0.2,0.300999999999998
29.215,-0.2,0.300999999999998
29.216,-0.2,0.300999999999998
29.217,-0.2,0.300999999999998
29.218,-0.2,0.300999999999998
29.219,-0.2,0.300999999999998
29.22,-0.2,0.300999999999998
29.221,-0.2,0.300999999999998
29.222,-0.2,0.300999999999998
29.223,-0.2,0.300999999999998
29.224,-0.2,0.300999999999998
29.225,-0.2,0.300999999999998
29.226,-0.2,0.300999999999998
29.227,-0.2,0.300999999999998
29.228,-0.2,0.300999999999998
29.229,-0.2,0.300999999999998
29.23,-0.2,0.300999999999998
29.231,-0.2,0.300999999999998
29.232,-0.2,0.300999999999998
29.233,-0.2,0.300999999999998
29.234,-0.2,0.300999999999998
29.235,-0.2,0.300999999999998
29.236,-0.2,0.300999999999998
29.237,-0.2,0.300999999999998
29.238,-0.2,0.300999999999998
29.239,-0.2,0.300999999999998
29.24,-0.2,0.300999999999998
29.241,-0.2,0.300999999999998
29.242,-0.2,0.300999999999998
29.243,-0.2,0.300999999999998
29.244,-0.2,0.300999999999998
29.245,-0.2,0.300999999999998
29.246,-0.2,0.300999999999998
29.247,-0.2,0.300999999999998
29.248,-0.2,0.300999999999998
29.249,-0.2,0.300999999999998
29.25,-0.2,0.300999999999998
29.251,-0.2,0.300999999999998
29.252,-0.2,0.300999999999998
29.253,-0.2,0.300999999999998
29.254,-0.2,0.300999999999998
29.255,-0.2,0.300999999999998
29.256,-0.2,0.300999999999998
29.257,-0.2,0.300999999999998
29.258,-0.2,0.300999999999998
29.259,-0.2,0.300999999999998
29.26,-0.2,0.300999999999998
29.261,-0.2,0.300999999999998
29.262,-0.2,0.300999999999998
29.263,-0.2,0.300999999999998
29.264,-0.2,0.300999999999998
29.265,-0.2,0.300999999999998
29.266,-0.2,0.300999999999998
29.267,-0.2,0.300999999999998
29.268,-0.2,0.300999999999998
29.269,-0.2,0.300999999999998
29.27,-0.2,0.300999999999998
29.271,-0.2,0.300999999999998
29.272,-0.2,0.300999999999998
29.273,-0.2,0.300999999999998
29.274,-0.2,0.300999999999998
29.275,-0.2,0.300999999999998
29.276,-0.2,0.300999999999998
29.277,-0.2,0.300999999999998
29.278,-0.2,0.300999999999998
29.279,-0.2,0.300999999999998
29.28,-0.2,0.300999999999998
29.281,-0.2,0.300999999999998
29.282,-0.2,0.300999999999998
29.283,-0.2,0.300999999999998
29.284,-0.2,0.300999999999998
29.285,-0.2,0.300999999999998
29.286,-0.2,0.300999999999998
29.287,-0.2,0.300999999999998
29.288,-0.2,0.300999999999998
29.289,-0.2,0.300999999999998
29.29,-0.2,0.300999999999998
29.291,-0.2,0.300999999999998
29.292,-0.2,0.300999999999998
29.293,-0.2,0.300999999999998
29.294,-0.2,0.300999999999998
29.295,-0.2,0.300999999999998
29.296,-0.2,0.300999999999998
29.297,-0.2,0.300999999999998
29.298,-0.2,0.300999999999998
29.299,-0.2,0.300999999999998
29.3,-0.2,0.300999999999998
29.301,0,10.699
29.302,0,10.699
29.303,0,10.699
29.304,0,10.699
29.305,0,10.699
29.306,0,10.699
29.307,0,10.699
29.308,0,10.699
29.309,0,10.699
29.31,0,10.699
29.311,0,10.699
29.312,0,10.699
29.313,0,10.699
29.314,0,10.699
29.315,0,10.699
29.316,0,10.699
29.317,0,10.699
29.318,0,10.699
29.319,0,10.699
29.32,0,10.699
29.321,0,10.699
29.322,0,10.699
29.323,0,10.699
29.324,0,10.699
29.325,0,10.699
29.326,0,10.699
29.327,0,10.699
29.328,0,10.699
29.329,0,10.699
29.33,0,10.699
29.331,0,10.699
29.332,0,10.699
29.333,0,10.699
29.334,0,10.699
29.335,0,10.699
29.336,0,10.699
29.337,0,10.699
29.338,0,10.699
29.339,0,10.699
29.34,0,10.699
29.341,0,10.699
29.342,0,10.699
29.343,0,10.699
29.344,0,10.699
29.345,0,10.699
29.346,0,10.699
29.347,0,10.699
29.348,0,10.699
29.349,0,10.699
29.35,0,10.699
29.351,0,10.699
29.352,0,10.699
29.353,0,10.699
29.354,0,10.699
29.355,0,10.699
29.356,0,10.699
29.357,0,10.699
29.358,0,10.699
29.359,0,10.699
29.36,0,10.699
29.361,0,10.699
29.362,0,10.699
29.363,0,10.699
29.364,0,10.699
29.365,0,10.699
29.366,0,10.699
29.367,0,10.699
29.368,0,10.699
29.369,0,10.699
29.37,0,10.699
29.371,0,10.699
29.372,0,10.699
29.373,0,10.699
29.374,0,10.699
29.375,0,10.699
29.376,0,10.699
29.377,0,10.699
29.378,0,10.699
29.379,0,10.699
29.38,0,10.699
29.381,0,10.699
29.382,0,10.699
29.383,0,10.699
29.384,0,10.699
29.385,0,10.699
29.386,0,10.699
29.387,0,10.699
29.388,0,10.699
29.389,0,10.699
29.39,0,10.699
29.391,0,10.699
29.392,0,10.699
29.393,0,10.699
29.394,0,10.699
29.395,0,10.699
29.396,0,10.699
29.397,0,10.699
29.398,0,10.699
29.399,0,10.699
29.4,0,10.699
29.401,0,10.699
29.402,0,10.699
29.403,0,10.699
29.404,0,10.699
29.405,0,10.699
29.406,0,10.699
29.407,0,10.699
29.408,0,10.699
29.409,0,10.699
29.41,0,10.699
29.411,0,10.699
29.412,0,10.699
29.413,0,10.699
29.414,0,10.699
29.415,0,10.699
29.416,0,10.699
29.417,0,10.699
29.418,0,10.699
29.419,0,10.699
29.42,0,10.699
29.421,0,10.699
29.422,0,10.699
29.423,0,10.699
29.424,0,10.699
29.425,0,10.699
29.426,0,10.699
29.427,0,10.699
29.428,0,10.699
29.429,0,10.699
29.43,0,10.699
29.431,0,10.699
29.432,0,10.699
29.433,0,10.699
29.434,0,10.699
29.435,0,10.699
29.436,0,10.699
29.437,0,10.699
29.438,0,10.699
29.439,0,10.699
29.44,0,10.699
29.441,0,10.699
29.442,0,10.699
29.443,0,10.699
29.444,0,10.699
29.445,0,10.699
29.446,0,10.699
29.447,0,10.699
29.448,0,10.699
29.449,0,10.699
29.45,0,10.699
29.451,0,10.699
29.452,0,10.699
29.453,0,10.699
29.454,0,10.699
29.455,0,10.699
29.456,0,10.699
29.457,0,10.699
29.458,0,10.699
29.459,0,10.699
29.46,0,10.699
29.461,0,10.699
29.462,0,10.699
29.463,0,10.699
29.464,0,10.699
29.465,0,10.699
29.466,0,10.699
29.467,0,10.699
29.468,0,10.699
29.469,0,10.699
29.47,0,10.699
29.471,0,10.699
29.472,0,10.699
29.473,0,10.699
29.474,0,10.699
29.475,0,10.699
29.476,0,10.699
29.477,0,10.699
29.478,0,10.699
29.479,0,10.699
29.48,0,10.699
29.481,0,10.699
29.482,0,10.699
29.483,0,10.699
29.484,0,10.699
29.485,0,10.699
29.486,0,10.699
29.487,0,10.699
29.488,0,10.699
29.489,0,10.699
29.49,0,10.699
29.491,0,10.699
29.492,0,10.699
29.493,0,10.699
29.494,0,10.699
29.495,0,10.699
29.496,0,10.699
29.497,0,10.699
29.498,0,10.699
29.499,0,10.699
29.5,0,10.699
29.501,0,10.699
29.502,0,10.699
29.503,0,10.699
29.504,0,10.699
29.505,0,10.699
29.506,0,10.699
29.507,0,10.699
29.508,0,10.699
29.509,0,10.699
29.51,0,10.699
29.511,0,10.699
29.512,0,10.699
29.513,0,10.699
29.514,0,10.699
29.515,0,10.699
29.516,0,10.699
29.517,0,10.699
29.518,0,10.699
29.519,0,10.699
29.52,0,10.699
29.521,0,10.699
29.522,0,10.699
29.523,0,10.699
29.524,0,10.699
29.525,0,10.699
29.526,0,10.699
29.527,0,10.699
29.528,0,10.699
29.529,0,10.699
29.53,0,10.699
29.531,0,10.699
29.532,0,10.699
29.533,0,10.699
29.534,0,10.699
29.535,0,10.699
29.536,0,10.699
29.537,0,10.699
29.538,0,10.699
29.539,0,10.699
29.54,0,10.699
29.541,0,10.699
29.542,0,10.699
29.543,0,10.699
29.544,0,10.699
29.545,0,10.699
29.546,0,10.699
29.547,0,10.699
29.548,0,10.699
29.549,0,10.699
29.55,0,10.699
29.551,0,10.699
29.552,0,10.699
29.553,0,10.699
29.554,0,10.699
29.555,0,10.699
29.556,0,10.699
29.557,0,10.699
29.558,0,10.699
29.559,0,10.699
29.56,0,10.699
29.561,0,10.699
29.562,0,10.699
29.563,0,10.699
29.564,0,10.699
29.565,0,10.699
29.566,0,10.699
29.567,0,10.699
29.568,0,10.699
29.569,0,10.699
29.57,0,10.699
29.571,0,10.699
29.572,0,10.699
29.573,0,10.699
29.574,0,10.699
29.575,0,10.699
29.576,0,10.699
29.577,0,10.699
29.578,0,10.699
29.579,0,10.699
29.58,0,10.699
29.581,0,10.699
29.582,0,10.699
29.583,0,10.699
29.584,0,10.699
29.585,0,10.699
29.586,0,10.699
29.587,0,10.699
29.588,0,10.699
29.589,0,10.699
29.59,0,10.699
29.591,0,10.699
29.592,0,10.699
29.593,0,10.699
29.594,0,10.699
29.595,0,10.699
29.596,0,10.699
29.597,0,10.699
29.598,0,10.699
29.599,0,10.699
29.6,0,10.699
29.601,0,10.699
29.602,0,10.699
29.603,0,10.699
29.604,0,10.699
29.605,0,10.699
29.606,0,10.699
29.607,0,10.699
29.608,0,10.699
29.609,0,10.699
29.61,0,10.699
29.611,0,10.699
29.612,0,10.699
29.613,0,10.699
29.614,0,10.699
29.615,0,10.699
29.616,0,10.699
29.617,0,10.699
29.618,0,10.699
29.619,0,10.699
29.62,0,10.699
29.621,0,10.699
29.622,0,10.699
29.623,0,10.699
29.624,0,10.699
29.625,0,10.699
29.626,0,10.699
29.627,0,10.699
29.628,0,10.699
29.629,0,10.699
29.63,0,10.699
29.631,0,10.699
29.632,0,10.699
29.633,0,10.699
29.634,0,10.699
29.635,0,10.699
29.636,0,10.699
29.637,0,10.699
29.638,0,10.699
29.639,0,10.699
29.64,0,10.699
29.641,0,10.699
29.642,0,10.699
29.643,0,10.699
29.644,0,10.699
29.645,0,10.699
29.646,0,10.699
29.647,0,10.699
29.648,0,10.699
29.649,0,10.699
29.65,0,10.699
29.651,0,10.699
29.652,0,10.699
29.653,0,10.699
29.654,0,10.699
29.655,0,10.699
29.656,0,10.699
29.657,0,10.699
29.658,0,10.699
29.659,0,10.699
29.66,0,10.699
29.661,0,10.699
29.662,0,10.699
29.663,0,10.699
29.664,0,10.699
29.665,0,10.699
29.666,0,10.699
29.667,0,10.699
29.668,0,10.699
29.669,0,10.699
29.67,0,10.699
29.671,0,10.699
29.672,0,10.699
29.673,0,10.699
29.674,0,10.699
29.675,0,10.699
29.676,0,10.699
29.677,0,10.699
29.678,0,10.699
29.679,0,10.699
29.68,0,10.699
29.681,0,10.699
29.682,0,10.699
29.683,0,10.699
29.684,0,10.699
29.685,0,10.699
29.686,0,10.699
29.687,0,10.699
29.688,0,10.699
29.689,0,10.699
29.69,0,10.699
29.691,0,10.699
29.692,0,10.699
29.693,0,10.699
29.694,0,10.699
29.695,0,10.699
29.696,0,10.699
29.697,0,10.699
29.698,0,10.699
29.699,0,10.699
29.7,0,10.699
29.701,0,10.699
29.702,0,10.699
29.703,0,10.699
29.704,0,10.699
29.705,0,10.699
29.706,0,10.699
29.707,0,10.699
29.708,0,10.699
29.709,0,10.699
29.71,0,10.699
29.711,0,10.699
29.712,0,10.699
29.713,0,10.699
29.714,0,10.699
29.715,0,10.699
29.716,0,10.699
29.717,0,10.699
29.718,0,10.699
29.719,0,10.699
29.72,0,10.699
29.721,0,10.699
29.722,0,10.699
29.723,0,10.699
29.724,0,10.699
29.725,0,10.699
29.726,0,10.699
29.727,0,10.699
29.728,0,10.699
29.729,0,10.699
29.73,0,10.699
29.731,0,10.699
29.732,0,10.699
29.733,0,10.699
29.734,0,10.699
29.735,0,10.699
29.736,0,10.699
29.737,0,10.699
29.738,0,10.699
29.739,0,10.699
29.74,0,10.699
29.741,0,10.699
29.742,0,10.699
29.743,0,10.699
29.744,0,10.699
29.745,0,10.699
29.746,0,10.699
29.747,0,10.699
29.748,0,10.699
29.749,0,10.699
29.75,0,10.699
29.751,0,10.699
29.752,0,10.699
29.753,0,10.699
29.754,0,10.699
29.755,0,10.699
29.756,0,10.699
29.757,0,10.699
29.758,0,10.699
29.759,0,10.699
29.76,0,10.699
29.761,0,10.699
29.762,0,10.699
29.763,0,10.699
29.764,0,10.699
29.765,0,10.699
29.766,0,10.699
29.767,0,10.699
29.768,0,10.699
29.769,0,10.699
29.77,0,10.699
29.771,0,10.699
29.772,0,10.699
29.773,0,10.699
29.774,0,10.699
29.775,0,10.699
29.776,0,10.699
29.777,0,10.699
29.778,0,10.699
29.779,0,10.699
29.78,0,10.699
29.781,0,10.699
29.782,0,10.699
29.783,0,10.699
29.784,0,10.699
29.785,0,10.699
29.786,0,10.699
29.787,0,10.699
29.788,0,10.699
29.789,0,10.699
29.79,0,10.699
29.791,0,10.699
29.792,0,10.699
29.793,0,10.699
29.794,0,10.699
29.795,0,10.699
29.796,0,10.699
29.797,0,10.699
29.798,0,10.699
29.799,0,10.699
29.8,0,10.699
29.801,0,10.699
29.802,0,10.699
29.803,0,10.699
29.804,0,10.699
29.805,0,10.699
29.806,0,10.699
29.807,0,10.699
29.808,0,10.699
29.809,0,10.699
29.81,0,10.699
29.811,0,10.699
29.812,0,10.699
29.813,0,10.699
29.814,0,10.699
29.815,0,10.699
29.816,0,10.699
29.817,0,10.699
29.818,0,10.699
29.819,0,10.699
29.82,0,10.699
29.821,0,10.699
29.822,0,10.699
29.823,0,10.699
29.824,0,10.699
29.825,0,10.699
29.826,0,10.699
29.827,0,10.699
29.828,0,10.699
29.829,0,10.699
29.83,0,10.699
29.831,0,10.699
29.832,0,10.699
29.833,0,10.699
29.834,0,10.699
29.835,0,10.699
29.836,0,10.699
29.837,0,10.699
29.838,0,10.699
29.839,0,10.699
29.84,0,10.699
29.841,0,10.699
29.842,0,10.699
29.843,0,10.699
29.844,0,10.699
29.845,0,10.699
29.846,0,10.699
29.847,0,10.699
29.848,0,10.699
29.849,0,10.699
29.85,0,10.699
29.851,0,10.699
29.852,0,10.699
29.853,0,10.699
29.854,0,10.699
29.855,0,10.699
29.856,0,10.699
29.857,0,10.699
29.858,0,10.699
29.859,0,10.699
29.86,0,10.699
29.861,0,10.699
29.862,0,10.699
29.863,0,10.699
29.864,0,10.699
29.865,0,10.699
29.866,0,10.699
29.867,0,10.699
29.868,0,10.699
29.869,0,10.699
29.87,0,10.699
29.871,0,10.699
29.872,0,10.699
29.873,0,10.699
29.874,0,10.699
29.875,0,10.699
29.876,0,10.699
29.877,0,10.699
29.878,0,10.699
29.879,0,10.699
29.88,0,10.699
29.881,0,10.699
29.882,0,10.699
29.883,0,10.699
29.884,0,10.699
29.885,0,10.699
29.886,0,10.699
29.887,0,10.699
29.888,0,10.699
29.889,0,10.699
29.89,0,10.699
29.891,0,10.699
29.892,0,10.699
29.893,0,10.699
29.894,0,10.699
29.895,0,10.699
29.896,0,10.699
29.897,0,10.699
29.898,0,10.699
29.899,0,10.699
29.9,0,10.699
29.901,0,10.699
29.902,0,10.699
29.903,0,10.699
29.904,0,10.699
29.905,0,10.699
29.906,0,10.699
29.907,0,10.699
29.908,0,10.699
29.909,0,10.699
29.91,0,10.699
29.911,0,10.699
29.912,0,10.699
29.913,0,10.699
29.914,0,10.699
29.915,0,10.699
29.916,0,10.699
29.917,0,10.699
29.918,0,10.699
29.919,0,10.699
29.92,0,10.699
29.921,0,10.699
29.922,0,10.699
29.923,0,10.699
29.924,0,10.699
29.925,0,10.699
29.926,0,10.699
29.927,0,10.699
29.928,0,10.699
29.929,0,10.699
29.93,0,10.699
29.931,0,10.699
29.932,0,10.699
29.933,0,10.699
29.934,0,10.699
29.935,0,10.699
29.936,0,10.699
29.937,0,10.699
29.938,0,10.699
29.939,0,10.699
29.94,0,10.699
29.941,0,10.699
29.942,0,10.699
29.943,0,10.699
29.944,0,10.699
29.945,0,10.699
29.946,0,10.699
29.947,0,10.699
29.948,0,10.699
29.949,0,10.699
29.95,0,10.699
29.951,0,10.699
29.952,0,10.699
29.953,0,10.699
29.954,0,10.699
29.955,0,10.699
29.956,0,10.699
29.957,0,10.699
29.958,0,10.699
29.959,0,10.699
29.96,0,10.699
29.961,0,10.699
29.962,0,10.699
29.963,0,10.699
29.964,0,10.699
29.965,0,10.699
29.966,0,10.699
29.967,0,10.699
29.968,0,10.699
29.969,0,10.699
29.97,0,10.699
29.971,0,10.699
29.972,0,10.699
29.973,0,10.699
29.974,0,10.699
29.975,0,10.699
29.976,0,10.699
29.977,0,10.699
29.978,0,10.699
29.979,0,10.699
29.98,0,10.699
29.981,0,10.699
29.982,0,10.699
29.983,0,10.699
29.984,0,10.699
29.985,0,10.699
29.986,0,10.699
29.987,0,10.699
29.988,0,10.699
29.989,0,10.699
29.99,0,10.699
29.991,0,10.699
29.992,0,10.699
29.993,0,10.699
29.994,0,10.699
29.995,0,10.699
29.996,0,10.699
29.997,0,10.699
29.998,0,10.699
29.999,0,10.699
30,0,10.699
30.001,0,10.699
30.002,0,10.699
30.003,0,10.699
30.004,0,10.699
30.005,0,10.699
30.006,0,10.699
30.007,0,10.699
30.008,0,10.699
30.009,0,10.699
30.01,0,10.699
30.011,0,10.699
30.012,0,10.699
30.013,0,10.699
30.014,0,10.699
30.015,0,10.699
30.016,0,10.699
30.017,0,10.699
30.018,0,10.699
30.019,0,10.699
30.02,0,10.699
30.021,0,10.699
30.022,0,10.699
30.023,0,10.699
30.024,0,10.699
30.025,0,10.699
30.026,0,10.699
30.027,0,10.699
30.028,0,10.699
30.029,0,10.699
30.03,0,10.699
30.031,0,10.699
30.032,0,10.699
30.033,0,10.699
30.034,0,10.699
30.035,0,10.699
30.036,0,10.699
30.037,0,10.699
30.038,0,10.699
30.039,0,10.699
30.04,0,10.699
30.041,0,10.699
30.042,0,10.699
30.043,0,10.699
30.044,0,10.699
30.045,0,10.699
30.046,0,10.699
30.047,0,10.699
30.048,0,10.699
30.049,0,10.699
30.05,0,10.699
30.051,0,10.699
30.052,0,10.699
30.053,0,10.699
30.054,0,10.699
30.055,0,10.699
30.056,0,10.699
30.057,0,10.699
30.058,0,10.699
30.059,0,10.699
30.06,0,10.699
30.061,0,10.699
30.062,0,10.699
30.063,0,10.699
30.064,0,10.699
30.065,0,10.699
30.066,0,10.699
30.067,0,10.699
30.068,0,10.699
30.069,0,10.699
30.07,0,10.699
30.071,0,10.699
30.072,0,10.699
30.073,0,10.699
30.074,0,10.699
30.075,0,10.699
30.076,0,10.699
30.077,0,10.699
30.078,0,10.699
30.079,0,10.699
30.08,0,10.699
30.081,0,10.699
30.082,0,10.699
30.083,0,10.699
30.084,0,10.699
30.085,0,10.699
30.086,0,10.699
30.087,0,10.699
30.088,0,10.699
30.089,0,10.699
30.09,0,10.699
30.091,0,10.699
30.092,0,10.699
30.093,0,10.699
30.094,0,10.699
30.095,0,10.699
30.096,0,10.699
30.097,0,10.699
30.098,0,10.699
30.099,0,10.699
30.1,0,10.699
30.101,0,10.699
30.102,0,10.699
30.103,0,10.699
30.104,0,10.699
30.105,0,10.699
30.106,0,10.699
30.107,0,10.699
30.108,0,10.699
30.109,0,10.699
30.11,0,10.699
30.111,0,10.699
30.112,0,10.699
30.113,0,10.699
30.114,0,10.699
30.115,0,10.699
30.116,0,10.699
30.117,0,10.699
30.118,0,10.699
30.119,0,10.699
30.12,0,10.699
30.121,0,10.699
30.122,0,10.699
30.123,0,10.699
30.124,0,10.699
30.125,0,10.699
30.126,0,10.699
30.127,0,10.699
30.128,0,10.699
30.129,0,10.699
30.13,0,10.699
30.131,0,10.699
30.132,0,10.699
30.133,0,10.699
30.134,0,10.699
30.135,0,10.699
30.136,0,10.699
30.137,0,10.699
30.138,0,10.699
30.139,0,10.699
30.14,0,10.699
30.141,0,10.699
30.142,0,10.699
30.143,0,10.699
30.144,0,10.699
30.145,0,10.699
30.146,0,10.699
30.147,0,10.699
30.148,0,10.699
30.149,0,10.699
30.15,0,10.699
30.151,0,10.699
30.152,0,10.699
30.153,0,10.699
30.154,0,10.699
30.155,0,10.699
30.156,0,10.699
30.157,0,10.699
30.158,0,10.699
30.159,0,10.699
30.16,0,10.699
30.161,0,10.699
30.162,0,10.699
30.163,0,10.699
30.164,0,10.699
30.165,0,10.699
30.166,0,10.699
30.167,0,10.699
30.168,0,10.699
30.169,0,10.699
30.17,0,10.699
30.171,0,10.699
30.172,0,10.699
30.173,0,10.699
30.174,0,10.699
30.175,0,10.699
30.176,0,10.699
30.177,0,10.699
30.178,0,10.699
30.179,0,10.699
30.18,0,10.699
30.181,0,10.699
30.182,0,10.699
30.183,0,10.699
30.184,0,10.699
30.185,0,10.699
30.186,0,10.699
30.187,0,10.699
30.188,0,10.699
30.189,0,10.699
30.19,0,10.699
30.191,0,10.699
30.192,0,10.699
30.193,0,10.699
30.194,0,10.699
30.195,0,10.699
30.196,0,10.699
30.197,0,10.699
30.198,0,10.699
30.199,0,10.699
30.2,0,10.699
30.201,0,10.699
30.202,0,10.699
30.203,0,10.699
30.204,0,10.699
30.205,0,10.699
30.206,0,10.699
30.207,0,10.699
30.208,0,10.699
30.209,0,10.699
30.21,0,10.699
30.211,0,10.699
30.212,0,10.699
30.213,0,10.699
30.214,0,10.699
30.215,0,10.699
30.216,0,10.699
30.217,0,10.699
30.218,0,10.699
30.219,0,10.699
30.22,0,10.699
30.221,0,10.699
30.222,0,10.699
30.223,0,10.699
30.224,0,10.699
30.225,0,10.699
30.226,0,10.699
30.227,0,10.699
30.228,0,10.699
30.229,0,10.699
30.23,0,10.699
30.231,0,10.699
30.232,0,10.699
30.233,0,10.699
30.234,0,10.699
30.235,0,10.699
30.236,0,10.699
30.237,0,10.699
30.238,0,10.699
30.239,0,10.699
30.24,0,10.699
30.241,0,10.699
30.242,0,10.699
30.243,0,10.699
30.244,0,10.699
30.245,0,10.699
30.246,0,10.699
30.247,0,10.699
30.248,0,10.699
30.249,0,10.699
30.25,0,10.699
30.251,0,10.699
30.252,0,10.699
30.253,0,10.699
30.254,0,10.699
30.255,0,10.699
30.256,0,10.699
30.257,0,10.699
30.258,0,10.699
30.259,0,10.699
30.26,0,10.699
30.261,0,10.699
30.262,0,10.699
30.263,0,10.699
30.264,0,10.699
30.265,0,10.699
30.266,0,10.699
30.267,0,10.699
30.268,0,10.699
30.269,0,10.699
30.27,0,10.699
30.271,0,10.699
30.272,0,10.699
30.273,0,10.699
30.274,0,10.699
30.275,0,10.699
30.276,0,10.699
30.277,0,10.699
30.278,0,10.699
30.279,0,10.699
30.28,0,10.699
30.281,0,10.699
30.282,0,10.699
30.283,0,10.699
30.284,0,10.699
30.285,0,10.699
30.286,0,10.699
30.287,0,10.699
30.288,0,10.699
30.289,0,10.699
30.29,0,10.699
30.291,0,10.699
30.292,0,10.699
30.293,0,10.699
30.294,0,10.699
30.295,0,10.699
30.296,0,10.699
30.297,0,10.699
30.298,0,10.699
30.299,0,10.699
30.3,0,10.699
30.301,0,10.699
30.302,0,10.699
30.303,0,10.699
30.304,0,10.699
30.305,0,10.699
30.306,0,10.699
30.307,0,10.699
30.308,0,10.699
30.309,0,10.699
30.31,0,10.699
30.311,0,10.699
30.312,0,10.699
30.313,0,10.699
30.314,0,10.699
30.315,0,10.699
30.316,0,10.699
30.317,0,10.699
30.318,0,10.699
30.319,0,10.699
30.32,0,10.699
30.321,0,10.699
30.322,0,10.699
30.323,0,10.699
30.324,0,10.699
30.325,0,10.699
30.326,0,10.699
30.327,0,10.699
30.328,0,10.699
30.329,0,10.699
30.33,0,10.699
30.331,0,10.699
30.332,0,10.699
30.333,0,10.699
30.334,0,10.699
30.335,0,10.699
30.336,0,10.699
30.337,0,10.699
30.338,0,10.699
30.339,0,10.699
30.34,0,10.699
30.341,0,10.699
30.342,0,10.699
30.343,0,10.699
30.344,0,10.699
30.345,0,10.699
30.346,0,10.699
30.347,0,10.699
30.348,0,10.699
30.349,0,10.699
30.35,0,10.699
30.351,0,10.699
30.352,0,10.699
30.353,0,10.699
30.354,0,10.699
30.355,0,10.699
30.356,0,10.699
30.357,0,10.699
30.358,0,10.699
30.359,0,10.699
30.36,0,10.699
30.361,0,10.699
30.362,0,10.699
30.363,0,10.699
30.364,0,10.699
30.365,0,10.699
30.366,0,10.699
30.367,0,10.699
30.368,0,10.699
30.369,0,10.699
30.37,0,10.699
30.371,0,10.699
30.372,0,10.699
30.373,0,10.699
30.374,0,10.699
30.375,0,10.699
30.376,0,10.699
30.377,0,10.699
30.378,0,10.699
30.379,0,10.699
30.38,0,10.699
30.381,0,10.699
30.382,0,10.699
30.383,0,10.699
30.384,0,10.699
30.385,0,10.699
30.386,0,10.699
30.387,0,10.699
30.388,0,10.699
30.389,0,10.699
30.39,0,10.699
30.391,0,10.699
30.392,0,10.699
30.393,0,10.699
30.394,0,10.699
30.395,0,10.699
30.396,0,10.699
30.397,0,10.699
30.398,0,10.699
30.399,0,10.699
30.4,0,10.699
30.401,0,10.699
30.402,0,10.699
30.403,0,10.699
30.404,0,10.699
30.405,0,10.699
30.406,0,10.699
30.407,0,10.699
30.408,0,10.699
30.409,0,10.699
30.41,0,10.699
30.411,0,10.699
30.412,0,10.699
30.413,0,10.699
30.414,0,10.699
30.415,0,10.699
30.416,0,10.699
30.417,0,10.699
30.418,0,10.699
30.419,0,10.699
30.42,0,10.699
30.421,0,10.699
30.422,0,10.699
30.423,0,10.699
30.424,0,10.699
30.425,0,10.699
30.426,0,10.699
30.427,0,10.699
30.428,0,10.699
30.429,0,10.699
30.43,0,10.699
30.431,0,10.699
30.432,0,10.699
30.433,0,10.699
30.434,0,10.699
30.435,0,10.699
30.436,0,10.699
30.437,0,10.699
30.438,0,10.699
30.439,0,10.699
30.44,0,10.699
30.441,0,10.699
30.442,0,10.699
30.443,0,10.699
30.444,0,10.699
30.445,0,10.699
30.446,0,10.699
30.447,0,10.699
30.448,0,10.699
30.449,0,10.699
30.45,0,10.699
30.451,0,10.699
30.452,0,10.699
30.453,0,10.699
30.454,0,10.699
30.455,0,10.699
30.456,0,10.699
30.457,0,10.699
30.458,0,10.699
30.459,0,10.699
30.46,0,10.699
30.461,0,10.699
30.462,0,10.699
30.463,0,10.699
30.464,0,10.699
30.465,0,10.699
30.466,0,10.699
30.467,0,10.699
30.468,0,10.699
30.469,0,10.699
30.47,0,10.699
30.471,0,10.699
30.472,0,10.699
30.473,0,10.699
30.474,0,10.699
30.475,0,10.699
30.476,0,10.699
30.477,0,10.699
30.478,0,10.699
30.479,0,10.699
30.48,0,10.699
30.481,0,10.699
30.482,0,10.699
30.483,0,10.699
30.484,0,10.699
30.485,0,10.699
30.486,0,10.699
30.487,0,10.699
30.488,0,10.699
30.489,0,10.699
30.49,0,10.699
30.491,0,10.699
30.492,0,10.699
30.493,0,10.699
30.494,0,10.699
30.495,0,10.699
30.496,0,10.699
30.497,0,10.699
30.498,0,10.699
30.499,0,10.699
30.5,0,10.699
30.501,0,10.699
30.502,0,10.699
30.503,0,10.699
30.504,0,10.699
30.505,0,10.699
30.506,0,10.699
30.507,0,10.699
30.508,0,10.699
30.509,0,10.699
30.51,0,10.699
30.511,0,10.699
30.512,0,10.699
30.513,0,10.699
30.514,0,10.699
30.515,0,10.699
30.516,0,10.699
30.517,0,10.699
30.518,0,10.699
30.519,0,10.699
30.52,0,10.699
30.521,0,10.699
30.522,0,10.699
30.523,0,10.699
30.524,0,10.699
30.525,0,10.699
30.526,0,10.699
30.527,0,10.699
30.528,0,10.699
30.529,0,10.699
30.53,0,10.699
30.531,0,10.699
30.532,0,10.699
30.533,0,10.699
30.534,0,10.699
30.535,0,10.699
30.536,0,10.699
30.537,0,10.699
30.538,0,10.699
30.539,0,10.699
30.54,0,10.699
30.541,0,10.699
30.542,0,10.699
30.543,0,10.699
30.544,0,10.699
30.545,0,10.699
30.546,0,10.699
30.547,0,10.699
30.548,0,10.699
30.549,0,10.699
30.55,0,10.699
30.551,0,10.699
30.552,0,10.699
30.553,0,10.699
30.554,0,10.699
30.555,0,10.699
30.556,0,10.699
30.557,0,10.699
30.558,0,10.699
30.559,0,10.699
30.56,0,10.699
30.561,0,10.699
30.562,0,10.699
30.563,0,10.699
30.564,0,10.699
30.565,0,10.699
30.566,0,10.699
30.567,0,10.699
30.568,0,10.699
30.569,0,10.699
30.57,0,10.699
30.571,0,10.699
30.572,0,10.699
30.573,0,10.699
30.574,0,10.699
30.575,0,10.699
30.576,0,10.699
30.577,0,10.699
30.578,0,10.699
30.579,0,10.699
30.58,0,10.699
30.581,0,10.699
30.582,0,10.699
30.583,0,10.699
30.584,0,10.699
30.585,0,10.699
30.586,0,10.699
30.587,0,10.699
30.588,0,10.699
30.589,0,10.699
30.59,0,10.699
30.591,0,10.699
30.592,0,10.699
30.593,0,10.699
30.594,0,10.699
30.595,0,10.699
30.596,0,10.699
30.597,0,10.699
30.598,0,10.699
30.599,0,10.699
30.6,0,10.699
30.601,0,10.699
30.602,0,10.699
30.603,0,10.699
30.604,0,10.699
30.605,0,10.699
30.606,0,10.699
30.607,0,10.699
30.608,0,10.699
30.609,0,10.699
30.61,0,10.699
30.611,0,10.699
30.612,0,10.699
30.613,0,10.699
30.614,0,10.699
30.615,0,10.699
30.616,0,10.699
30.617,0,10.699
30.618,0,10.699
30.619,0,10.699
30.62,0,10.699
30.621,0,10.699
30.622,0,10.699
30.623,0,10.699
30.624,0,10.699
30.625,0,10.699
30.626,0,10.699
30.627,0,10.699
30.628,0,10.699
30.629,0,10.699
30.63,0,10.699
30.631,0,10.699
30.632,0,10.699
30.633,0,10.699
30.634,0,10.699
30.635,0,10.699
30.636,0,10.699
30.637,0,10.699
30.638,0,10.699
30.639,0,10.699
30.64,0,10.699
30.641,0,10.699
30.642,0,10.699
30.643,0,10.699
30.644,0,10.699
30.645,0,10.699
30.646,0,10.699
30.647,0,10.699
30.648,0,10.699
30.649,0,10.699
30.65,0,10.699
30.651,0,10.699
30.652,0,10.699
30.653,0,10.699
30.654,0,10.699
30.655,0,10.699
30.656,0,10.699
30.657,0,10.699
30.658,0,10.699
30.659,0,10.699
30.66,0,10.699
30.661,0,10.699
30.662,0,10.699
30.663,0,10.699
30.664,0,10.699
30.665,0,10.699
30.666,0,10.699
30.667,0,10.699
30.668,0,10.699
30.669,0,10.699
30.67,0,10.699
30.671,0,10.699
30.672,0,10.699
30.673,0,10.699
30.674,0,10.699
30.675,0,10.699
30.676,0,10.699
30.677,0,10.699
30.678,0,10.699
30.679,0,10.699
30.68,0,10.699
30.681,0,10.699
30.682,0,10.699
30.683,0,10.699
30.684,0,10.699
30.685,0,10.699
30.686,0,10.699
30.687,0,10.699
30.688,0,10.699
30.689,0,10.699
30.69,0,10.699
30.691,0,10.699
30.692,0,10.699
30.693,0,10.699
30.694,0,10.699
30.695,0,10.699
30.696,0,10.699
30.697,0,10.699
30.698,0,10.699
30.699,0,10.699
30.7,0,10.699
30.701,0,10.699
30.702,0,10.699
30.703,0,10.699
30.704,0,10.699
30.705,0,10.699
30.706,0,10.699
30.707,0,10.699
30.708,0,10.699
30.709,0,10.699
30.71,0,10.699
30.711,0,10.699
30.712,0,10.699
30.713,0,10.699
30.714,0,10.699
30.715,0,10.699
30.716,0,10.699
30.717,0,10.699
30.718,0,10.699
30.719,0,10.699
30.72,0,10.699
30.721,0,10.699
30.722,0,10.699
30.723,0,10.699
30.724,0,10.699
30.725,0,10.699
30.726,0,10.699
30.727,0,10.699
30.728,0,10.699
30.729,0,10.699
30.73,0,10.699
30.731,0,10.699
30.732,0,10.699
30.733,0,10.699
30.734,0,10.699
30.735,0,10.699
30.736,0,10.699
30.737,0,10.699
30.738,0,10.699
30.739,0,10.699
30.74,0,10.699
30.741,0,10.699
30.742,0,10.699
30.743,0,10.699
30.744,0,10.699
30.745,0,10.699
30.746,0,10.699
30.747,0,10.699
30.748,0,10.699
30.749,0,10.699
30.75,0,10.699
30.751,0,10.699
30.752,0,10.699
30.753,0,10.699
30.754,0,10.699
30.755,0,10.699
30.756,0,10.699
30.757,0,10.699
30.758,0,10.699
30.759,0,10.699
30.76,0,10.699
30.761,0,10.699
30.762,0,10.699
30.763,0,10.699
30.764,0,10.699
30.765,0,10.699
30.766,0,10.699
30.767,0,10.699
30.768,0,10.699
30.769,0,10.699
30.77,0,10.699
30.771,0,10.699
30.772,0,10.699
30.773,0,10.699
30.774,0,10.699
30.775,0,10.699
30.776,0,10.699
30.777,0,10.699
30.778,0,10.699
30.779,0,10.699
30.78,0,10.699
30.781,0,10.699
30.782,0,10.699
30.783,0,10.699
30.784,0,10.699
30.785,0,10.699
30.786,0,10.699
30.787,0,10.699
30.788,0,10.699
30.789,0,10.699
30.79,0,10.699
30.791,0,10.699
30.792,0,10.699
30.793,0,10.699
30.794,0,10.699
30.795,0,10.699
30.796,0,10.699
30.797,0,10.699
30.798,0,10.699
30.799,0,10.699
30.8,0,10.699
30.801,0,10.699
30.802,0,10.699
30.803,0,10.699
30.804,0,10.699
30.805,0,10.699
30.806,0,10.699
30.807,0,10.699
30.808,0,10.699
30.809,0,10.699
30.81,0,10.699
30.811,0,10.699
30.812,0,10.699
30.813,0,10.699
30.814,0,10.699
30.815,0,10.699
30.816,0,10.699
30.817,0,10.699
30.818,0,10.699
30.819,0,10.699
30.82,0,10.699
30.821,0,10.699
30.822,0,10.699
30.823,0,10.699
30.824,0,10.699
30.825,0,10.699
30.826,0,10.699
30.827,0,10.699
30.828,0,10.699
30.829,0,10.699
30.83,0,10.699
30.831,0,10.699
30.832,0,10.699
30.833,0,10.699
30.834,0,10.699
30.835,0,10.699
30.836,0,10.699
30.837,0,10.699
30.838,0,10.699
30.839,0,10.699
30.84,0,10.699
30.841,0,10.699
30.842,0,10.699
30.843,0,10.699
30.844,0,10.699
30.845,0,10.699
30.846,0,10.699
30.847,0,10.699
30.848,0,10.699
30.849,0,10.699
30.85,0,10.699
30.851,0,10.699
30.852,0,10.699
30.853,0,10.699
30.854,0,10.699
30.855,0,10.699
30.856,0,10.699
30.857,0,10.699
30.858,0,10.699
30.859,0,10.699
30.86,0,10.699
30.861,0,10.699
30.862,0,10.699
30.863,0,10.699
30.864,0,10.699
30.865,0,10.699
30.866,0,10.699
30.867,0,10.699
30.868,0,10.699
30.869,0,10.699
30.87,0,10.699
30.871,0,10.699
30.872,0,10.699
30.873,0,10.699
30.874,0,10.699
30.875,0,10.699
30.876,0,10.699
30.877,0,10.699
30.878,0,10.699
30.879,0,10.699
30.88,0,10.699
30.881,0,10.699
30.882,0,10.699
30.883,0,10.699
30.884,0,10.699
30.885,0,10.699
30.886,0,10.699
30.887,0,10.699
30.888,0,10.699
30.889,0,10.699
30.89,0,10.699
30.891,0,10.699
30.892,0,10.699
30.893,0,10.699
30.894,0,10.699
30.895,0,10.699
30.896,0,10.699
30.897,0,10.699
30.898,0,10.699
30.899,0,10.699
30.9,0,10.699
30.901,0,10.699
30.902,0,10.699
30.903,0,10.699
30.904,0,10.699
30.905,0,10.699
30.906,0,10.699
30.907,0,10.699
30.908,0,10.699
30.909,0,10.699
30.91,0,10.699
30.911,0,10.699
30.912,0,10.699
30.913,0,10.699
30.914,0,10.699
30.915,0,10.699
30.916,0,10.699
30.917,0,10.699
30.918,0,10.699
30.919,0,10.699
30.92,0,10.699
30.921,0,10.699
30.922,0,10.699
30.923,0,10.699
30.924,0,10.699
30.925,0,10.699
30.926,0,10.699
30.927,0,10.699
30.928,0,10.699
30.929,0,10.699
30.93,0,10.699
30.931,0,10.699
30.932,0,10.699
30.933,0,10.699
30.934,0,10.699
30.935,0,10.699
30.936,0,10.699
30.937,0,10.699
30.938,0,10.699
30.939,0,10.699
30.94,0,10.699
30.941,0,10.699
30.942,0,10.699
30.943,0,10.699
30.944,0,10.699
30.945,0,10.699
30.946,0,10.699
30.947,0,10.699
30.948,0,10.699
30.949,0,10.699
30.95,0,10.699
30.951,0,10.699
30.952,0,10.699
30.953,0,10.699
30.954,0,10.699
30.955,0,10.699
30.956,0,10.699
30.957,0,10.699
30.958,0,10.699
30.959,0,10.699
30.96,0,10.699
30.961,0,10.699
30.962,0,10.699
30.963,0,10.699
30.964,0,10.699
30.965,0,10.699
30.966,0,10.699
30.967,0,10.699
30.968,0,10.699
30.969,0,10.699
30.97,0,10.699
30.971,0,10.699
30.972,0,10.699
30.973,0,10.699
30.974,0,10.699
30.975,0,10.699
30.976,0,10.699
30.977,0,10.699
30.978,0,10.699
30.979,0,10.699
30.98,0,10.699
30.981,0,10.699
30.982,0,10.699
30.983,0,10.699
30.984,0,10.699
30.985,0,10.699
30.986,0,10.699
30.987,0,10.699
30.988,0,10.699
30.989,0,10.699
30.99,0,10.699
30.991,0,10.699
30.992,0,10.699
30.993,0,10.699
30.994,0,10.699
30.995,0,10.699
30.996,0,10.699
30.997,0,10.699
30.998,0,10.699
30.999,0,10.699
31,0,10.699
31.001,0,10.699
31.002,0,10.699
31.003,0,10.699
31.004,0,10.699
31.005,0,10.699
31.006,0,10.699
31.007,0,10.699
31.008,0,10.699
31.009,0,10.699
31.01,0,10.699
31.011,0,10.699
31.012,0,10.699
31.013,0,10.699
31.014,0,10.699
31.015,0,10.699
31.016,0,10.699
31.017,0,10.699
31.018,0,10.699
31.019,0,10.699
31.02,0,10.699
31.021,0,10.699
31.022,0,10.699
31.023,0,10.699
31.024,0,10.699
31.025,0,10.699
31.026,0,10.699
31.027,0,10.699
31.028,0,10.699
31.029,0,10.699
31.03,0,10.699
31.031,0,10.699
31.032,0,10.699
31.033,0,10.699
31.034,0,10.699
31.035,0,10.699
31.036,0,10.699
31.037,0,10.699
31.038,0,10.699
31.039,0,10.699
31.04,0,10.699
31.041,0,10.699
31.042,0,10.699
31.043,0,10.699
31.044,0,10.699
31.045,0,10.699
31.046,0,10.699
31.047,0,10.699
31.048,0,10.699
31.049,0,10.699
31.05,0,10.699
31.051,0,10.699
31.052,0,10.699
31.053,0,10.699
31.054,0,10.699
31.055,0,10.699
31.056,0,10.699
31.057,0,10.699
31.058,0,10.699
31.059,0,10.699
31.06,0,10.699
31.061,0,10.699
31.062,0,10.699
31.063,0,10.699
31.064,0,10.699
31.065,0,10.699
31.066,0,10.699
31.067,0,10.699
31.068,0,10.699
31.069,0,10.699
31.07,0,10.699
31.071,0,10.699
31.072,0,10.699
31.073,0,10.699
31.074,0,10.699
31.075,0,10.699
31.076,0,10.699
31.077,0,10.699
31.078,0,10.699
31.079,0,10.699
31.08,0,10.699
31.081,0,10.699
31.082,0,10.699
31.083,0,10.699
31.084,0,10.699
31.085,0,10.699
31.086,0,10.699
31.087,0,10.699
31.088,0,10.699
31.089,0,10.699
31.09,0,10.699
31.091,0,10.699
31.092,0,10.699
31.093,0,10.699
31.094,0,10.699
31.095,0,10.699
31.096,0,10.699
31.097,0,10.699
31.098,0,10.699
31.099,0,10.699
31.1,0,10.699
31.101,0,10.699
31.102,0,10.699
31.103,0,10.699
31.104,0,10.699
31.105,0,10.699
31.106,0,10.699
31.107,0,10.699
31.108,0,10.699
31.109,0,10.699
31.11,0,10.699
31.111,0,10.699
31.112,0,10.699
31.113,0,10.699
31.114,0,10.699
31.115,0,10.699
31.116,0,10.699
31.117,0,10.699
31.118,0,10.699
31.119,0,10.699
31.12,0,10.699
31.121,0,10.699
31.122,0,10.699
31.123,0,10.699
31.124,0,10.699
31.125,0,10.699
31.126,0,10.699
31.127,0,10.699
31.128,0,10.699
31.129,0,10.699
31.13,0,10.699
31.131,0,10.699
31.132,0,10.699
31.133,0,10.699
31.134,0,10.699
31.135,0,10.699
31.136,0,10.699
31.137,0,10.699
31.138,0,10.699
31.139,0,10.699
31.14,0,10.699
31.141,0,10.699
31.142,0,10.699
31.143,0,10.699
31.144,0,10.699
31.145,0,10.699
31.146,0,10.699
31.147,0,10.699
31.148,0,10.699
31.149,0,10.699
31.15,0,10.699
31.151,0,10.699
31.152,0,10.699
31.153,0,10.699
31.154,0,10.699
31.155,0,10.699
31.156,0,10.699
31.157,0,10.699
31.158,0,10.699
31.159,0,10.699
31.16,0,10.699
31.161,0,10.699
31.162,0,10.699
31.163,0,10.699
31.164,0,10.699
31.165,0,10.699
31.166,0,10.699
31.167,0,10.699
31.168,0,10.699
31.169,0,10.699
31.17,0,10.699
31.171,0,10.699
31.172,0,10.699
31.173,0,10.699
31.174,0,10.699
31.175,0,10.699
31.176,0,10.699
31.177,0,10.699
31.178,0,10.699
31.179,0,10.699
31.18,0,10.699
31.181,0,10.699
31.182,0,10.699
31.183,0,10.699
31.184,0,10.699
31.185,0,10.699
31.186,0,10.699
31.187,0,10.699
31.188,0,10.699
31.189,0,10.699
31.19,0,10.699
31.191,0,10.699
31.192,0,10.699
31.193,0,10.699
31.194,0,10.699
31.195,0,10.699
31.196,0,10.699
31.197,0,10.699
31.198,0,10.699
31.199,0,10.699
31.2,0,10.699
31.201,0,10.699
31.202,0,10.699
31.203,0,10.699
31.204,0,10.699
31.205,0,10.699
31.206,0,10.699
31.207,0,10.699
31.208,0,10.699
31.209,0,10.699
31.21,0,10.699
31.211,0,10.699
31.212,0,10.699
31.213,0,10.699
31.214,0,10.699
31.215,0,10.699
31.216,0,10.699
31.217,0,10.699
31.218,0,10.699
31.219,0,10.699
31.22,0,10.699
31.221,0,10.699
31.222,0,10.699
31.223,0,10.699
31.224,0,10.699
31.225,0,10.699
31.226,0,10.699
31.227,0,10.699
31.228,0,10.699
31.229,0,10.699
31.23,0,10.699
31.231,0,10.699
31.232,0,10.699
31.233,0,10.699
31.234,0,10.699
31.235,0,10.699
31.236,0,10.699
31.237,0,10.699
31.238,0,10.699
31.239,0,10.699
31.24,0,10.699
31.241,0,10.699
31.242,0,10.699
31.243,0,10.699
31.244,0,10.699
31.245,0,10.699
31.246,0,10.699
31.247,0,10.699
31.248,0,10.699
31.249,0,10.699
31.25,0,10.699
31.251,0,10.699
31.252,0,10.699
31.253,0,10.699
31.254,0,10.699
31.255,0,10.699
31.256,0,10.699
31.257,0,10.699
31.258,0,10.699
31.259,0,10.699
31.26,0,10.699
31.261,0,10.699
31.262,0,10.699
31.263,0,10.699
31.264,0,10.699
31.265,0,10.699
31.266,0,10.699
31.267,0,10.699
31.268,0,10.699
31.269,0,10.699
31.27,0,10.699
31.271,0,10.699
31.272,0,10.699
31.273,0,10.699
31.274,0,10.699
31.275,0,10.699
31.276,0,10.699
31.277,0,10.699
31.278,0,10.699
31.279,0,10.699
31.28,0,10.699
31.281,0,10.699
31.282,0,10.699
31.283,0,10.699
31.284,0,10.699
31.285,0,10.699
31.286,0,10.699
31.287,0,10.699
31.288,0,10.699
31.289,0,10.699
31.29,0,10.699
31.291,0,10.699
31.292,0,10.699
31.293,0,10.699
31.294,0,10.699
31.295,0,10.699
31.296,0,10.699
31.297,0,10.699
31.298,0,10.699
31.299,0,10.699
31.3,0,10.699
31.301,0,10.699
31.302,0,10.699
31.303,0,10.699
31.304,0,10.699
31.305,0,10.699
31.306,0,10.699
31.307,0,10.699
31.308,0,10.699
31.309,0,10.699
31.31,0,10.699
31.311,0,10.699
31.312,0,10.699
31.313,0,10.699
31.314,0,10.699
31.315,0,10.699
31.316,0,10.699
31.317,0,10.699
31.318,0,10.699
31.319,0,10.699
31.32,0,10.699
31.321,0,10.699
31.322,0,10.699
31.323,0,10.699
31.324,0,10.699
31.325,0,10.699
31.326,0,10.699
31.327,0,10.699
31.328,0,10.699
31.329,0,10.699
31.33,0,10.699
31.331,0,10.699
31.332,0,10.699
31.333,0,10.699
31.334,0,10.699
31.335,0,10.699
31.336,0,10.699
31.337,0,10.699
31.338,0,10.699
31.339,0,10.699
31.34,0,10.699
31.341,0,10.699
31.342,0,10.699
31.343,0,10.699
31.344,0,10.699
31.345,0,10.699
31.346,0,10.699
31.347,0,10.699
31.348,0,10.699
31.349,0,10.699
31.35,0,10.699
31.351,0,10.699
31.352,0,10.699
31.353,0,10.699
31.354,0,10.699
31.355,0,10.699
31.356,0,10.699
31.357,0,10.699
31.358,0,10.699
31.359,0,10.699
31.36,0,10.699
31.361,0,10.699
31.362,0,10.699
31.363,0,10.699
31.364,0,10.699
31.365,0,10.699
31.366,0,10.699
31.367,0,10.699
31.368,0,10.699
31.369,0,10.699
31.37,0,10.699
31.371,0,10.699
31.372,0,10.699
31.373,0,10.699
31.374,0,10.699
31.375,0,10.699
31.376,0,10.699
31.377,0,10.699
31.378,0,10.699
31.379,0,10.699
31.38,0,10.699
31.381,0,10.699
31.382,0,10.699
31.383,0,10.699
31.384,0,10.699
31.385,0,10.699
31.386,0,10.699
31.387,0,10.699
31.388,0,10.699
31.389,0,10.699
31.39,0,10.699
31.391,0,10.699
31.392,0,10.699
31.393,0,10.699
31.394,0,10.699
31.395,0,10.699
31.396,0,10.699
31.397,0,10.699
31.398,0,10.699
31.399,0,10.699
31.4,0,10.699
31.401,0,10.699
31.402,0,10.699
31.403,0,10.699
31.404,0,10.699
31.405,0,10.699
31.406,0,10.699
31.407,0,10.699
31.408,0,10.699
31.409,0,10.699
31.41,0,10.699
31.411,0,10.699
31.412,0,10.699
31.413,0,10.699
31.414,0,10.699
31.415,0,10.699
31.416,0,10.699
31.417,0,10.699
31.418,0,10.699
31.419,0,10.699
31.42,0,10.699
31.421,0,10.699
31.422,0,10.699
31.423,0,10.699
31.424,0,10.699
31.425,0,10.699
31.426,0,10.699
31.427,0,10.699
31.428,0,10.699
31.429,0,10.699
31.43,0,10.699
31.431,0,10.699
31.432,0,10.699
31.433,0,10.699
31.434,0,10.699
31.435,0,10.699
31.436,0,10.699
31.437,0,10.699
31.438,0,10.699
31.439,0,10.699
31.44,0,10.699
31.441,0,10.699
31.442,0,10.699
31.443,0,10.699
31.444,0,10.699
31.445,0,10.699
31.446,0,10.699
31.447,0,10.699
31.448,0,10.699
31.449,0,10.699
31.45,0,10.699
31.451,0,10.699
31.452,0,10.699
31.453,0,10.699
31.454,0,10.699
31.455,0,10.699
31.456,0,10.699
31.457,0,10.699
31.458,0,10.699
31.459,0,10.699
31.46,0,10.699
31.461,0,10.699
31.462,0,10.699
31.463,0,10.699
31.464,0,10.699
31.465,0,10.699
31.466,0,10.699
31.467,0,10.699
31.468,0,10.699
31.469,0,10.699
31.47,0,10.699
31.471,0,10.699
31.472,0,10.699
31.473,0,10.699
31.474,0,10.699
31.475,0,10.699
31.476,0,10.699
31.477,0,10.699
31.478,0,10.699
31.479,0,10.699
31.48,0,10.699
31.481,0,10.699
31.482,0,10.699
31.483,0,10.699
31.484,0,10.699
31.485,0,10.699
31.486,0,10.699
31.487,0,10.699
31.488,0,10.699
31.489,0,10.699
31.49,0,10.699
31.491,0,10.699
31.492,0,10.699
31.493,0,10.699
31.494,0,10.699
31.495,0,10.699
31.496,0,10.699
31.497,0,10.699
31.498,0,10.699
31.499,0,10.699
31.5,0,10.699
31.501,0,10.699
31.502,0,10.699
31.503,0,10.699
31.504,0,10.699
31.505,0,10.699
31.506,0,10.699
31.507,0,10.699
31.508,0,10.699
31.509,0,10.699
31.51,0,10.699
31.511,0,10.699
31.512,0,10.699
31.513,0,10.699
31.514,0,10.699
31.515,0,10.699
31.516,0,10.699
31.517,0,10.699
31.518,0,10.699
31.519,0,10.699
31.52,0,10.699
31.521,0,10.699
31.522,0,10.699
31.523,0,10.699
31.524,0,10.699
31.525,0,10.699
31.526,0,10.699
31.527,0,10.699
31.528,0,10.699
31.529,0,10.699
31.53,0,10.699
31.531,0,10.699
31.532,0,10.699
31.533,0,10.699
31.534,0,10.699
31.535,0,10.699
31.536,0,10.699
31.537,0,10.699
31.538,0,10.699
31.539,0,10.699
31.54,0,10.699
31.541,0,10.699
31.542,0,10.699
31.543,0,10.699
31.544,0,10.699
31.545,0,10.699
31.546,0,10.699
31.547,0,10.699
31.548,0,10.699
31.549,0,10.699
31.55,0,10.699
31.551,0,10.699
31.552,0,10.699
31.553,0,10.699
31.554,0,10.699
31.555,0,10.699
31.556,0,10.699
31.557,0,10.699
31.558,0,10.699
31.559,0,10.699
31.56,0,10.699
31.561,0,10.699
31.562,0,10.699
31.563,0,10.699
31.564,0,10.699
31.565,0,10.699
31.566,0,10.699
31.567,0,10.699
31.568,0,10.699
31.569,0,10.699
31.57,0,10.699
31.571,0,10.699
31.572,0,10.699
31.573,0,10.699
31.574,0,10.699
31.575,0,10.699
31.576,0,10.699
31.577,0,10.699
31.578,0,10.699
31.579,0,10.699
31.58,0,10.699
31.581,0,10.699
31.582,0,10.699
31.583,0,10.699
31.584,0,10.699
31.585,0,10.699
31.586,0,10.699
31.587,0,10.699
31.588,0,10.699
31.589,0,10.699
31.59,0,10.699
31.591,0,10.699
31.592,0,10.699
31.593,0,10.699
31.594,0,10.699
31.595,0,10.699
31.596,0,10.699
31.597,0,10.699
31.598,0,10.699
31.599,0,10.699
31.6,0,10.699
31.601,0,10.699
31.602,0,10.699
31.603,0,10.699
31.604,0,10.699
31.605,0,10.699
31.606,0,10.699
31.607,0,10.699
31.608,0,10.699
31.609,0,10.699
31.61,0,10.699
31.611,0,10.699
31.612,0,10.699
31.613,0,10.699
31.614,0,10.699
31.615,0,10.699
31.616,0,10.699
31.617,0,10.699
31.618,0,10.699
31.619,0,10.699
31.62,0,10.699
31.621,0,10.699
31.622,0,10.699
31.623,0,10.699
31.624,0,10.699
31.625,0,10.699
31.626,0,10.699
31.627,0,10.699
31.628,0,10.699
31.629,0,10.699
31.63,0,10.699
31.631,0,10.699
31.632,0,10.699
31.633,0,10.699
31.634,0,10.699
31.635,0,10.699
31.636,0,10.699
31.637,0,10.699
31.638,0,10.699
31.639,0,10.699
31.64,0,10.699
31.641,0,10.699
31.642,0,10.699
31.643,0,10.699
31.644,0,10.699
31.645,0,10.699
31.646,0,10.699
31.647,0,10.699
31.648,0,10.699
31.649,0,10.699
31.65,0,10.699
31.651,0,10.699
31.652,0,10.699
31.653,0,10.699
31.654,0,10.699
31.655,0,10.699
31.656,0,10.699
31.657,0,10.699
31.658,0,10.699
31.659,0,10.699
31.66,0,10.699
31.661,0,10.699
31.662,0,10.699
31.663,0,10.699
31.664,0,10.699
31.665,0,10.699
31.666,0,10.699
31.667,0,10.699
31.668,0,10.699
31.669,0,10.699
31.67,0,10.699
31.671,0,10.699
31.672,0,10.699
31.673,0,10.699
31.674,0,10.699
31.675,0,10.699
31.676,0,10.699
31.677,0,10.699
31.678,0,10.699
31.679,0,10.699
31.68,0,10.699
31.681,0,10.699
31.682,0,10.699
31.683,0,10.699
31.684,0,10.699
31.685,0,10.699
31.686,0,10.699
31.687,0,10.699
31.688,0,10.699
31.689,0,10.699
31.69,0,10.699
31.691,0,10.699
31.692,0,10.699
31.693,0,10.699
31.694,0,10.699
31.695,0,10.699
31.696,0,10.699
31.697,0,10.699
31.698,0,10.699
31.699,0,10.699
31.7,0,10.699
31.701,0,10.699
31.702,0,10.699
31.703,0,10.699
31.704,0,10.699
31.705,0,10.699
31.706,0,10.699
31.707,0,10.699
31.708,0,10.699
31.709,0,10.699
31.71,0,10.699
31.711,0,10.699
31.712,0,10.699
31.713,0,10.699
31.714,0,10.699
31.715,0,10.699
31.716,0,10.699
31.717,0,10.699
31.718,0,10.699
31.719,0,10.699
31.72,0,10.699
31.721,0,10.699
31.722,0,10.699
31.723,0,10.699
31.724,0,10.699
31.725,0,10.699
31.726,0,10.699
31.727,0,10.699
31.728,0,10.699
31.729,0,10.699
31.73,0,10.699
31.731,0,10.699
31.732,0,10.699
31.733,0,10.699
31.734,0,10.699
31.735,0,10.699
31.736,0,10.699
31.737,0,10.699
31.738,0,10.699
31.739,0,10.699
31.74,0,10.699
31.741,0,10.699
31.742,0,10.699
31.743,0,10.699
31.744,0,10.699
31.745,0,10.699
31.746,0,10.699
31.747,0,10.699
31.748,0,10.699
31.749,0,10.699
31.75,0,10.699
31.751,0,10.699
31.752,0,10.699
31.753,0,10.699
31.754,0,10.699
31.755,0,10.699
31.756,0,10.699
31.757,0,10.699
31.758,0,10.699
31.759,0,10.699
31.76,0,10.699
31.761,0,10.699
31.762,0,10.699
31.763,0,10.699
31.764,0,10.699
31.765,0,10.699
31.766,0,10.699
31.767,0,10.699
31.768,0,10.699
31.769,0,10.699
31.77,0,10.699
31.771,0,10.699
31.772,0,10.699
31.773,0,10.699
31.774,0,10.699
31.775,0,10.699
31.776,0,10.699
31.777,0,10.699
31.778,0,10.699
31.779,0,10.699
31.78,0,10.699
31.781,0,10.699
31.782,0,10.699
31.783,0,10.699
31.784,0,10.699
31.785,0,10.699
31.786,0,10.699
31.787,0,10.699
31.788,0,10.699
31.789,0,10.699
31.79,0,10.699
31.791,0,10.699
31.792,0,10.699
31.793,0,10.699
31.794,0,10.699
31.795,0,10.699
31.796,0,10.699
31.797,0,10.699
31.798,0,10.699
31.799,0,10.699
31.8,0,10.699
31.801,0,10.699
31.802,0,10.699
31.803,0,10.699
31.804,0,10.699
31.805,0,10.699
31.806,0,10.699
31.807,0,10.699
31.808,0,10.699
31.809,0,10.699
31.81,0,10.699
31.811,0,10.699
31.812,0,10.699
31.813,0,10.699
31.814,0,10.699
31.815,0,10.699
31.816,0,10.699
31.817,0,10.699
31.818,0,10.699
31.819,0,10.699
31.82,0,10.699
31.821,0,10.699
31.822,0,10.699
31.823,0,10.699
31.824,0,10.699
31.825,0,10.699
31.826,0,10.699
31.827,0,10.699
31.828,0,10.699
31.829,0,10.699
31.83,0,10.699
31.831,0,10.699
31.832,0,10.699
31.833,0,10.699
31.834,0,10.699
31.835,0,10.699
31.836,0,10.699
31.837,0,10.699
31.838,0,10.699
31.839,0,10.699
31.84,0,10.699
31.841,0,10.699
31.842,0,10.699
31.843,0,10.699
31.844,0,10.699
31.845,0,10.699
31.846,0,10.699
31.847,0,10.699
31.848,0,10.699
31.849,0,10.699
31.85,0,10.699
31.851,0,10.699
31.852,0,10.699
31.853,0,10.699
31.854,0,10.699
31.855,0,10.699
31.856,0,10.699
31.857,0,10.699
31.858,0,10.699
31.859,0,10.699
31.86,0,10.699
31.861,0,10.699
31.862,0,10.699
31.863,0,10.699
31.864,0,10.699
31.865,0,10.699
31.866,0,10.699
31.867,0,10.699
31.868,0,10.699
31.869,0,10.699
31.87,0,10.699
31.871,0,10.699
31.872,0,10.699
31.873,0,10.699
31.874,0,10.699
31.875,0,10.699
31.876,0,10.699
31.877,0,10.699
31.878,0,10.699
31.879,0,10.699
31.88,0,10.699
31.881,0,10.699
31.882,0,10.699
31.883,0,10.699
31.884,0,10.699
31.885,0,10.699
31.886,0,10.699
31.887,0,10.699
31.888,0,10.699
31.889,0,10.699
31.89,0,10.699
31.891,0,10.699
31.892,0,10.699
31.893,0,10.699
31.894,0,10.699
31.895,0,10.699
31.896,0,10.699
31.897,0,10.699
31.898,0,10.699
31.899,0,10.699
31.9,0,10.699
31.901,0,10.699
31.902,0,10.699
31.903,0,10.699
31.904,0,10.699
31.905,0,10.699
31.906,0,10.699
31.907,0,10.699
31.908,0,10.699
31.909,0,10.699
31.91,0,10.699
31.911,0,10.699
31.912,0,10.699
31.913,0,10.699
31.914,0,10.699
31.915,0,10.699
31.916,0,10.699
31.917,0,10.699
31.918,0,10.699
31.919,0,10.699
31.92,0,10.699
31.921,0,10.699
31.922,0,10.699
31.923,0,10.699
31.924,0,10.699
31.925,0,10.699
31.926,0,10.699
31.927,0,10.699
31.928,0,10.699
31.929,0,10.699
31.93,0,10.699
31.931,0,10.699
31.932,0,10.699
31.933,0,10.699
31.934,0,10.699
31.935,0,10.699
31.936,0,10.699
31.937,0,10.699
31.938,0,10.699
31.939,0,10.699
31.94,0,10.699
31.941,0,10.699
31.942,0,10.699
31.943,0,10.699
31.944,0,10.699
31.945,0,10.699
31.946,0,10.699
31.947,0,10.699
31.948,0,10.699
31.949,0,10.699
31.95,0,10.699
31.951,0,10.699
31.952,0,10.699
31.953,0,10.699
31.954,0,10.699
31.955,0,10.699
31.956,0,10.699
31.957,0,10.699
31.958,0,10.699
31.959,0,10.699
31.96,0,10.699
31.961,0,10.699
31.962,0,10.699
31.963,0,10.699
31.964,0,10.699
31.965,0,10.699
31.966,0,10.699
31.967,0,10.699
31.968,0,10.699
31.969,0,10.699
31.97,0,10.699
31.971,0,10.699
31.972,0,10.699
31.973,0,10.699
31.974,0,10.699
31.975,0,10.699
31.976,0,10.699
31.977,0,10.699
31.978,0,10.699
31.979,0,10.699
31.98,0,10.699
31.981,0,10.699
31.982,0,10.699
31.983,0,10.699
31.984,0,10.699
31.985,0,10.699
31.986,0,10.699
31.987,0,10.699
31.988,0,10.699
31.989,0,10.699
31.99,0,10.699
31.991,0,10.699
31.992,0,10.699
31.993,0,10.699
31.994,0,10.699
31.995,0,10.699
31.996,0,10.699
31.997,0,10.699
31.998,0,10.699
31.999,0,10.699
32,0,10.699
32.001,0,10.699
32.002,0,10.699
32.003,0,10.699
32.004,0,10.699
32.005,0,10.699
32.006,0,10.699
32.007,0,10.699
32.008,0,10.699
32.009,0,10.699
32.01,0,10.699
32.011,0,10.699
32.012,0,10.699
32.013,0,10.699
32.014,0,10.699
32.015,0,10.699
32.016,0,10.699
32.017,0,10.699
32.018,0,10.699
32.019,0,10.699
32.02,0,10.699
32.021,0,10.699
32.022,0,10.699
32.023,0,10.699
32.024,0,10.699
32.025,0,10.699
32.026,0,10.699
32.027,0,10.699
32.028,0,10.699
32.029,0,10.699
32.03,0,10.699
32.031,0,10.699
32.032,0,10.699
32.033,0,10.699
32.034,0,10.699
32.035,0,10.699
32.036,0,10.699
32.037,0,10.699
32.038,0,10.699
32.039,0,10.699
32.04,0,10.699
32.041,0,10.699
32.042,0,10.699
32.043,0,10.699
32.044,0,10.699
32.045,0,10.699
32.046,0,10.699
32.047,0,10.699
32.048,0,10.699
32.049,0,10.699
32.05,0,10.699
32.051,0,10.699
32.052,0,10.699
32.053,0,10.699
32.054,0,10.699
32.055,0,10.699
32.056,0,10.699
32.057,0,10.699
32.058,0,10.699
32.059,0,10.699
32.06,0,10.699
32.061,0,10.699
32.062,0,10.699
32.063,0,10.699
32.064,0,10.699
32.065,0,10.699
32.066,0,10.699
32.067,0,10.699
32.068,0,10.699
32.069,0,10.699
32.07,0,10.699
32.071,0,10.699
32.072,0,10.699
32.073,0,10.699
32.074,0,10.699
32.075,0,10.699
32.076,0,10.699
32.077,0,10.699
32.078,0,10.699
32.079,0,10.699
32.08,0,10.699
32.081,0,10.699
32.082,0,10.699
32.083,0,10.699
32.084,0,10.699
32.085,0,10.699
32.086,0,10.699
32.087,0,10.699
32.088,0,10.699
32.089,0,10.699
32.09,0,10.699
32.091,0,10.699
32.092,0,10.699
32.093,0,10.699
32.094,0,10.699
32.095,0,10.699
32.096,0,10.699
32.097,0,10.699
32.098,0,10.699
32.099,0,10.699
32.1,0,10.699
32.101,0,10.699
32.102,0,10.699
32.103,0,10.699
32.104,0,10.699
32.105,0,10.699
32.106,0,10.699
32.107,0,10.699
32.108,0,10.699
32.109,0,10.699
32.11,0,10.699
32.111,0,10.699
32.112,0,10.699
32.113,0,10.699
32.114,0,10.699
32.115,0,10.699
32.116,0,10.699
32.117,0,10.699
32.118,0,10.699
32.119,0,10.699
32.12,0,10.699
32.121,0,10.699
32.122,0,10.699
32.123,0,10.699
32.124,0,10.699
32.125,0,10.699
32.126,0,10.699
32.127,0,10.699
32.128,0,10.699
32.129,0,10.699
32.13,0,10.699
32.131,0,10.699
32.132,0,10.699
32.133,0,10.699
32.134,0,10.699
32.135,0,10.699
32.136,0,10.699
32.137,0,10.699
32.138,0,10.699
32.139,0,10.699
32.14,0,10.699
32.141,0,10.699
32.142,0,10.699
32.143,0,10.699
32.144,0,10.699
32.145,0,10.699
32.146,0,10.699
32.147,0,10.699
32.148,0,10.699
32.149,0,10.699
32.15,0,10.699
32.151,0,10.699
32.152,0,10.699
32.153,0,10.699
32.154,0,10.699
32.155,0,10.699
32.156,0,10.699
32.157,0,10.699
32.158,0,10.699
32.159,0,10.699
32.16,0,10.699
32.161,0,10.699
32.162,0,10.699
32.163,0,10.699
32.164,0,10.699
32.165,0,10.699
32.166,0,10.699
32.167,0,10.699
32.168,0,10.699
32.169,0,10.699
32.17,0,10.699
32.171,0,10.699
32.172,0,10.699
32.173,0,10.699
32.174,0,10.699
32.175,0,10.699
32.176,0,10.699
32.177,0,10.699
32.178,0,10.699
32.179,0,10.699
32.18,0,10.699
32.181,0,10.699
32.182,0,10.699
32.183,0,10.699
32.184,0,10.699
32.185,0,10.699
32.186,0,10.699
32.187,0,10.699
32.188,0,10.699
32.189,0,10.699
32.19,0,10.699
32.191,0,10.699
32.192,0,10.699
32.193,0,10.699
32.194,0,10.699
32.195,0,10.699
32.196,0,10.699
32.197,0,10.699
32.198,0,10.699
32.199,0,10.699
32.2,0,10.699
32.201,0,10.699
32.202,0,10.699
32.203,0,10.699
32.204,0,10.699
32.205,0,10.699
32.206,0,10.699
32.207,0,10.699
32.208,0,10.699
32.209,0,10.699
32.21,0,10.699
32.211,0,10.699
32.212,0,10.699
32.213,0,10.699
32.214,0,10.699
32.215,0,10.699
32.216,0,10.699
32.217,0,10.699
32.218,0,10.699
32.219,0,10.699
32.22,0,10.699
32.221,0,10.699
32.222,0,10.699
32.223,0,10.699
32.224,0,10.699
32.225,0,10.699
32.226,0,10.699
32.227,0,10.699
32.228,0,10.699
32.229,0,10.699
32.23,0,10.699
32.231,0,10.699
32.232,0,10.699
32.233,0,10.699
32.234,0,10.699
32.235,0,10.699
32.236,0,10.699
32.237,0,10.699
32.238,0,10.699
32.239,0,10.699
32.24,0,10.699
32.241,0,10.699
32.242,0,10.699
32.243,0,10.699
32.244,0,10.699
32.245,0,10.699
32.246,0,10.699
32.247,0,10.699
32.248,0,10.699
32.249,0,10.699
32.25,0,10.699
32.251,0,10.699
32.252,0,10.699
32.253,0,10.699
32.254,0,10.699
32.255,0,10.699
32.256,0,10.699
32.257,0,10.699
32.258,0,10.699
32.259,0,10.699
32.26,0,10.699
32.261,0,10.699
32.262,0,10.699
32.263,0,10.699
32.264,0,10.699
32.265,0,10.699
32.266,0,10.699
32.267,0,10.699
32.268,0,10.699
32.269,0,10.699
32.27,0,10.699
32.271,0,10.699
32.272,0,10.699
32.273,0,10.699
32.274,0,10.699
32.275,0,10.699
32.276,0,10.699
32.277,0,10.699
32.278,0,10.699
32.279,0,10.699
32.28,0,10.699
32.281,0,10.699
32.282,0,10.699
32.283,0,10.699
32.284,0,10.699
32.285,0,10.699
32.286,0,10.699
32.287,0,10.699
32.288,0,10.699
32.289,0,10.699
32.29,0,10.699
32.291,0,10.699
32.292,0,10.699
32.293,0,10.699
32.294,0,10.699
32.295,0,10.699
32.296,0,10.699
32.297,0,10.699
32.298,0,10.699
32.299,0,10.699
32.3,0,10.699
32.301,0,10.699
32.302,0,10.699
32.303,0,10.699
32.304,0,10.699
32.305,0,10.699
32.306,0,10.699
32.307,0,10.699
32.308,0,10.699
32.309,0,10.699
32.31,0,10.699
32.311,0,10.699
32.312,0,10.699
32.313,0,10.699
32.314,0,10.699
32.315,0,10.699
32.316,0,10.699
32.317,0,10.699
32.318,0,10.699
32.319,0,10.699
32.32,0,10.699
32.321,0,10.699
32.322,0,10.699
32.323,0,10.699
32.324,0,10.699
32.325,0,10.699
32.326,0,10.699
32.327,0,10.699
32.328,0,10.699
32.329,0,10.699
32.33,0,10.699
32.331,0,10.699
32.332,0,10.699
32.333,0,10.699
32.334,0,10.699
32.335,0,10.699
32.336,0,10.699
32.337,0,10.699
32.338,0,10.699
32.339,0,10.699
32.34,0,10.699
32.341,0,10.699
32.342,0,10.699
32.343,0,10.699
32.344,0,10.699
32.345,0,10.699
32.346,0,10.699
32.347,0,10.699
32.348,0,10.699
32.349,0,10.699
32.35,0,10.699
32.351,0,10.699
32.352,0,10.699
32.353,0,10.699
32.354,0,10.699
32.355,0,10.699
32.356,0,10.699
32.357,0,10.699
32.358,0,10.699
32.359,0,10.699
32.36,0,10.699
32.361,0,10.699
32.362,0,10.699
32.363,0,10.699
32.364,0,10.699
32.365,0,10.699
32.366,0,10.699
32.367,0,10.699
32.368,0,10.699
32.369,0,10.699
32.37,0,10.699
32.371,0,10.699
32.372,0,10.699
32.373,0,10.699
32.374,0,10.699
32.375,0,10.699
32.376,0,10.699
32.377,0,10.699
32.378,0,10.699
32.379,0,10.699
32.38,0,10.699
32.381,0,10.699
32.382,0,10.699
32.383,0,10.699
32.384,0,10.699
32.385,0,10.699
32.386,0,10.699
32.387,0,10.699
32.388,0,10.699
32.389,0,10.699
32.39,0,10.699
32.391,0,10.699
32.392,0,10.699
32.393,0,10.699
32.394,0,10.699
32.395,0,10.699
32.396,0,10.699
32.397,0,10.699
32.398,0,10.699
32.399,0,10.699
32.4,0,10.699
32.401,0,10.699
32.402,0,10.699
32.403,0,10.699
32.404,0,10.699
32.405,0,10.699
32.406,0,10.699
32.407,0,10.699
32.408,0,10.699
32.409,0,10.699
32.41,0,10.699
32.411,0,10.699
32.412,0,10.699
32.413,0,10.699
32.414,0,10.699
32.415,0,10.699
32.416,0,10.699
32.417,0,10.699
32.418,0,10.699
32.419,0,10.699
32.42,0,10.699
32.421,0,10.699
32.422,0,10.699
32.423,0,10.699
32.424,0,10.699
32.425,0,10.699
32.426,0,10.699
32.427,0,10.699
32.428,0,10.699
32.429,0,10.699
32.43,0,10.699
32.431,0,10.699
32.432,0,10.699
32.433,0,10.699
32.434,0,10.699
32.435,0,10.699
32.436,0,10.699
32.437,0,10.699
32.438,0,10.699
32.439,0,10.699
32.44,0,10.699
32.441,0,10.699
32.442,0,10.699
32.443,0,10.699
32.444,0,10.699
32.445,0,10.699
32.446,0,10.699
32.447,0,10.699
32.448,0,10.699
32.449,0,10.699
32.45,0,10.699
32.451,0,10.699
32.452,0,10.699
32.453,0,10.699
32.454,0,10.699
32.455,0,10.699
32.456,0,10.699
32.457,0,10.699
32.458,0,10.699
32.459,0,10.699
32.46,0,10.699
32.461,0,10.699
32.462,0,10.699
32.463,0,10.699
32.464,0,10.699
32.465,0,10.699
32.466,0,10.699
32.467,0,10.699
32.468,0,10.699
32.469,0,10.699
32.47,0,10.699
32.471,0,10.699
32.472,0,10.699
32.473,0,10.699
32.474,0,10.699
32.475,0,10.699
32.476,0,10.699
32.477,0,10.699
32.478,0,10.699
32.479,0,10.699
32.48,0,10.699
32.481,0,10.699
32.482,0,10.699
32.483,0,10.699
32.484,0,10.699
32.485,0,10.699
32.486,0,10.699
32.487,0,10.699
32.488,0,10.699
32.489,0,10.699
32.49,0,10.699
32.491,0,10.699
32.492,0,10.699
32.493,0,10.699
32.494,0,10.699
32.495,0,10.699
32.496,0,10.699
32.497,0,10.699
32.498,0,10.699
32.499,0,10.699
32.5,0,10.699
32.501,0,10.699
32.502,0,10.699
32.503,0,10.699
32.504,0,10.699
32.505,0,10.699
32.506,0,10.699
32.507,0,10.699
32.508,0,10.699
32.509,0,10.699
32.51,0,10.699
32.511,0,10.699
32.512,0,10.699
32.513,0,10.699
32.514,0,10.699
32.515,0,10.699
32.516,0,10.699
32.517,0,10.699
32.518,0,10.699
32.519,0,10.699
32.52,0,10.699
32.521,0,10.699
32.522,0,10.699
32.523,0,10.699
32.524,0,10.699
32.525,0,10.699
32.526,0,10.699
32.527,0,10.699
32.528,0,10.699
32.529,0,10.699
32.53,0,10.699
32.531,0,10.699
32.532,0,10.699
32.533,0,10.699
32.534,0,10.699
32.535,0,10.699
32.536,0,10.699
32.537,0,10.699
32.538,0,10.699
32.539,0,10.699
32.54,0,10.699
32.541,0,10.699
32.542,0,10.699
32.543,0,10.699
32.544,0,10.699
32.545,0,10.699
32.546,0,10.699
32.547,0,10.699
32.548,0,10.699
32.549,0,10.699
32.55,0,10.699
32.551,0,10.699
32.552,0,10.699
32.553,0,10.699
32.554,0,10.699
32.555,0,10.699
32.556,0,10.699
32.557,0,10.699
32.558,0,10.699
32.559,0,10.699
32.56,0,10.699
32.561,0,10.699
32.562,0,10.699
32.563,0,10.699
32.564,0,10.699
32.565,0,10.699
32.566,0,10.699
32.567,0,10.699
32.568,0,10.699
32.569,0,10.699
32.57,0,10.699
32.571,0,10.699
32.572,0,10.699
32.573,0,10.699
32.574,0,10.699
32.575,0,10.699
32.576,0,10.699
32.577,0,10.699
32.578,0,10.699
32.579,0,10.699
32.58,0,10.699
32.581,0,10.699
32.582,0,10.699
32.583,0,10.699
32.584,0,10.699
32.585,0,10.699
32.586,0,10.699
32.587,0,10.699
32.588,0,10.699
32.589,0,10.699
32.59,0,10.699
32.591,0,10.699
32.592,0,10.699
32.593,0,10.699
32.594,0,10.699
32.595,0,10.699
32.596,0,10.699
32.597,0,10.699
32.598,0,10.699
32.599,0,10.699
32.6,0,10.699
32.601,0,10.699
32.602,0,10.699
32.603,0,10.699
32.604,0,10.699
32.605,0,10.699
32.606,0,10.699
32.607,0,10.699
32.608,0,10.699
32.609,0,10.699
32.61,0,10.699
32.611,0,10.699
32.612,0,10.699
32.613,0,10.699
32.614,0,10.699
32.615,0,10.699
32.616,0,10.699
32.617,0,10.699
32.618,0,10.699
32.619,0,10.699
32.62,0,10.699
32.621,0,10.699
32.622,0,10.699
32.623,0,10.699
32.624,0,10.699
32.625,0,10.699
32.626,0,10.699
32.627,0,10.699
32.628,0,10.699
32.629,0,10.699
32.63,0,10.699
32.631,0,10.699
32.632,0,10.699
32.633,0,10.699
32.634,0,10.699
32.635,0,10.699
32.636,0,10.699
32.637,0,10.699
32.638,0,10.699
32.639,0,10.699
32.64,0,10.699
32.641,0,10.699
32.642,0,10.699
32.643,0,10.699
32.644,0,10.699
32.645,0,10.699
32.646,0,10.699
32.647,0,10.699
32.648,0,10.699
32.649,0,10.699
32.65,0,10.699
32.651,0,10.699
32.652,0,10.699
32.653,0,10.699
32.654,0,10.699
32.655,0,10.699
32.656,0,10.699
32.657,0,10.699
32.658,0,10.699
32.659,0,10.699
32.66,0,10.699
32.661,0,10.699
32.662,0,10.699
32.663,0,10.699
32.664,0,10.699
32.665,0,10.699
32.666,0,10.699
32.667,0,10.699
32.668,0,10.699
32.669,0,10.699
32.67,0,10.699
32.671,0,10.699
32.672,0,10.699
32.673,0,10.699
32.674,0,10.699
32.675,0,10.699
32.676,0,10.699
32.677,0,10.699
32.678,0,10.699
32.679,0,10.699
32.68,0,10.699
32.681,0,10.699
32.682,0,10.699
32.683,0,10.699
32.684,0,10.699
32.685,0,10.699
32.686,0,10.699
32.687,0,10.699
32.688,0,10.699
32.689,0,10.699
32.69,0,10.699
32.691,0,10.699
32.692,0,10.699
32.693,0,10.699
32.694,0,10.699
32.695,0,10.699
32.696,0,10.699
32.697,0,10.699
32.698,0,10.699
32.699,0,10.699
32.7,0,10.699
32.701,0,10.699
32.702,0,10.699
32.703,0,10.699
32.704,0,10.699
32.705,0,10.699
32.706,0,10.699
32.707,0,10.699
32.708,0,10.699
32.709,0,10.699
32.71,0,10.699
32.711,0,10.699
32.712,0,10.699
32.713,0,10.699
32.714,0,10.699
32.715,0,10.699
32.716,0,10.699
32.717,0,10.699
32.718,0,10.699
32.719,0,10.699
32.72,0,10.699
32.721,0,10.699
32.722,0,10.699
32.723,0,10.699
32.724,0,10.699
32.725,0,10.699
32.726,0,10.699
32.727,0,10.699
32.728,0,10.699
32.729,0,10.699
32.73,0,10.699
32.731,0,10.699
32.732,0,10.699
32.733,0,10.699
32.734,0,10.699
32.735,0,10.699
32.736,0,10.699
32.737,0,10.699
32.738,0,10.699
32.739,0,10.699
32.74,0,10.699
32.741,0,10.699
32.742,0,10.699
32.743,0,10.699
32.744,0,10.699
32.745,0,10.699
32.746,0,10.699
32.747,0,10.699
32.748,0,10.699
32.749,0,10.699
32.75,0,10.699
32.751,0,10.699
32.752,0,10.699
32.753,0,10.699
32.754,0,10.699
32.755,0,10.699
32.756,0,10.699
32.757,0,10.699
32.758,0,10.699
32.759,0,10.699
32.76,0,10.699
32.761,0,10.699
32.762,0,10.699
32.763,0,10.699
32.764,0,10.699
32.765,0,10.699
32.766,0,10.699
32.767,0,10.699
32.768,0,10.699
32.769,0,10.699
32.77,0,10.699
32.771,0,10.699
32.772,0,10.699
32.773,0,10.699
32.774,0,10.699
32.775,0,10.699
32.776,0,10.699
32.777,0,10.699
32.778,0,10.699
32.779,0,10.699
32.78,0,10.699
32.781,0,10.699
32.782,0,10.699
32.783,0,10.699
32.784,0,10.699
32.785,0,10.699
32.786,0,10.699
32.787,0,10.699
32.788,0,10.699
32.789,0,10.699
32.79,0,10.699
32.791,0,10.699
32.792,0,10.699
32.793,0,10.699
32.794,0,10.699
32.795,0,10.699
32.796,0,10.699
32.797,0,10.699
32.798,0,10.699
32.799,0,10.699
32.8,0,10.699
32.801,0,10.699
32.802,0,10.699
32.803,0,10.699
32.804,0,10.699
32.805,0,10.699
32.806,0,10.699
32.807,0,10.699
32.808,0,10.699
32.809,0,10.699
32.81,0,10.699
32.811,0,10.699
32.812,0,10.699
32.813,0,10.699
32.814,0,10.699
32.815,0,10.699
32.816,0,10.699
32.817,0,10.699
32.818,0,10.699
32.819,0,10.699
32.82,0,10.699
32.821,0,10.699
32.822,0,10.699
32.823,0,10.699
32.824,0,10.699
32.825,0,10.699
32.826,0,10.699
32.827,0,10.699
32.828,0,10.699
32.829,0,10.699
32.83,0,10.699
32.831,0,10.699
32.832,0,10.699
32.833,0,10.699
32.834,0,10.699
32.835,0,10.699
32.836,0,10.699
32.837,0,10.699
32.838,0,10.699
32.839,0,10.699
32.84,0,10.699
32.841,0,10.699
32.842,0,10.699
32.843,0,10.699
32.844,0,10.699
32.845,0,10.699
32.846,0,10.699
32.847,0,10.699
32.848,0,10.699
32.849,0,10.699
32.85,0,10.699
32.851,0,10.699
32.852,0,10.699
32.853,0,10.699
32.854,0,10.699
32.855,0,10.699
32.856,0,10.699
32.857,0,10.699
32.858,0,10.699
32.859,0,10.699
32.86,0,10.699
32.861,0,10.699
32.862,0,10.699
32.863,0,10.699
32.864,0,10.699
32.865,0,10.699
32.866,0,10.699
32.867,0,10.699
32.868,0,10.699
32.869,0,10.699
32.87,0,10.699
32.871,0,10.699
32.872,0,10.699
32.873,0,10.699
32.874,0,10.699
32.875,0,10.699
32.876,0,10.699
32.877,0,10.699
32.878,0,10.699
32.879,0,10.699
32.88,0,10.699
32.881,0,10.699
32.882,0,10.699
32.883,0,10.699
32.884,0,10.699
32.885,0,10.699
32.886,0,10.699
32.887,0,10.699
32.888,0,10.699
32.889,0,10.699
32.89,0,10.699
32.891,0,10.699
32.892,0,10.699
32.893,0,10.699
32.894,0,10.699
32.895,0,10.699
32.896,0,10.699
32.897,0,10.699
32.898,0,10.699
32.899,0,10.699
32.9,0,10.699
32.901,0,10.699
32.902,0,10.699
32.903,0,10.699
32.904,0,10.699
32.905,0,10.699
32.906,0,10.699
32.907,0,10.699
32.908,0,10.699
32.909,0,10.699
32.91,0,10.699
32.911,0,10.699
32.912,0,10.699
32.913,0,10.699
32.914,0,10.699
32.915,0,10.699
32.916,0,10.699
32.917,0,10.699
32.918,0,10.699
32.919,0,10.699
32.92,0,10.699
32.921,0,10.699
32.922,0,10.699
32.923,0,10.699
32.924,0,10.699
32.925,0,10.699
32.926,0,10.699
32.927,0,10.699
32.928,0,10.699
32.929,0,10.699
32.93,0,10.699
32.931,0,10.699
32.932,0,10.699
32.933,0,10.699
32.934,0,10.699
32.935,0,10.699
32.936,0,10.699
32.937,0,10.699
32.938,0,10.699
32.939,0,10.699
32.94,0,10.699
32.941,0,10.699
32.942,0,10.699
32.943,0,10.699
32.944,0,10.699
32.945,0,10.699
32.946,0,10.699
32.947,0,10.699
32.948,0,10.699
32.949,0,10.699
32.95,0,10.699
32.951,0,10.699
32.952,0,10.699
32.953,0,10.699
32.954,0,10.699
32.955,0,10.699
32.956,0,10.699
32.957,0,10.699
32.958,0,10.699
32.959,0,10.699
32.96,0,10.699
32.961,0,10.699
32.962,0,10.699
32.963,0,10.699
32.964,0,10.699
32.965,0,10.699
32.966,0,10.699
32.967,0,10.699
32.968,0,10.699
32.969,0,10.699
32.97,0,10.699
32.971,0,10.699
32.972,0,10.699
32.973,0,10.699
32.974,0,10.699
32.975,0,10.699
32.976,0,10.699
32.977,0,10.699
32.978,0,10.699
32.979,0,10.699
32.98,0,10.699
32.981,0,10.699
32.982,0,10.699
32.983,0,10.699
32.984,0,10.699
32.985,0,10.699
32.986,0,10.699
32.987,0,10.699
32.988,0,10.699
32.989,0,10.699
32.99,0,10.699
32.991,0,10.699
32.992,0,10.699
32.993,0,10.699
32.994,0,10.699
32.995,0,10.699
32.996,0,10.699
32.997,0,10.699
32.998,0,10.699
32.999,0,10.699
33,0,10.699
33.001,0,10.699
33.002,0,10.699
33.003,0,10.699
33.004,0,10.699
33.005,0,10.699
33.006,0,10.699
33.007,0,10.699
33.008,0,10.699
33.009,0,10.699
33.01,0,10.699
33.011,0,10.699
33.012,0,10.699
33.013,0,10.699
33.014,0,10.699
33.015,0,10.699
33.016,0,10.699
33.017,0,10.699
33.018,0,10.699
33.019,0,10.699
33.02,0,10.699
33.021,0,10.699
33.022,0,10.699
33.023,0,10.699
33.024,0,10.699
33.025,0,10.699
33.026,0,10.699
33.027,0,10.699
33.028,0,10.699
33.029,0,10.699
33.03,0,10.699
33.031,0,10.699
33.032,0,10.699
33.033,0,10.699
33.034,0,10.699
33.035,0,10.699
33.036,0,10.699
33.037,0,10.699
33.038,0,10.699
33.039,0,10.699
33.04,0,10.699
33.041,0,10.699
33.042,0,10.699
33.043,0,10.699
33.044,0,10.699
33.045,0,10.699
33.046,0,10.699
33.047,0,10.699
33.048,0,10.699
33.049,0,10.699
33.05,0,10.699
33.051,0,10.699
33.052,0,10.699
33.053,0,10.699
33.054,0,10.699
33.055,0,10.699
33.056,0,10.699
33.057,0,10.699
33.058,0,10.699
33.059,0,10.699
33.06,0,10.699
33.061,0,10.699
33.062,0,10.699
33.063,0,10.699
33.064,0,10.699
33.065,0,10.699
33.066,0,10.699
33.067,0,10.699
33.068,0,10.699
33.069,0,10.699
33.07,0,10.699
33.071,0,10.699
33.072,0,10.699
33.073,0,10.699
33.074,0,10.699
33.075,0,10.699
33.076,0,10.699
33.077,0,10.699
33.078,0,10.699
33.079,0,10.699
33.08,0,10.699
33.081,0,10.699
33.082,0,10.699
33.083,0,10.699
33.084,0,10.699
33.085,0,10.699
33.086,0,10.699
33.087,0,10.699
33.088,0,10.699
33.089,0,10.699
33.09,0,10.699
33.091,0,10.699
33.092,0,10.699
33.093,0,10.699
33.094,0,10.699
33.095,0,10.699
33.096,0,10.699
33.097,0,10.699
33.098,0,10.699
33.099,0,10.699
33.1,0,10.699
33.101,0,10.699
33.102,0,10.699
33.103,0,10.699
33.104,0,10.699
33.105,0,10.699
33.106,0,10.699
33.107,0,10.699
33.108,0,10.699
33.109,0,10.699
33.11,0,10.699
33.111,0,10.699
33.112,0,10.699
33.113,0,10.699
33.114,0,10.699
33.115,0,10.699
33.116,0,10.699
33.117,0,10.699
33.118,0,10.699
33.119,0,10.699
33.12,0,10.699
33.121,0,10.699
33.122,0,10.699
33.123,0,10.699
33.124,0,10.699
33.125,0,10.699
33.126,0,10.699
33.127,0,10.699
33.128,0,10.699
33.129,0,10.699
33.13,0,10.699
33.131,0,10.699
33.132,0,10.699
33.133,0,10.699
33.134,0,10.699
33.135,0,10.699
33.136,0,10.699
33.137,0,10.699
33.138,0,10.699
33.139,0,10.699
33.14,0,10.699
33.141,0,10.699
33.142,0,10.699
33.143,0,10.699
33.144,0,10.699
33.145,0,10.699
33.146,0,10.699
33.147,0,10.699
33.148,0,10.699
33.149,0,10.699
33.15,0,10.699
33.151,0,10.699
33.152,0,10.699
33.153,0,10.699
33.154,0,10.699
33.155,0,10.699
33.156,0,10.699
33.157,0,10.699
33.158,0,10.699
33.159,0,10.699
33.16,0,10.699
33.161,0,10.699
33.162,0,10.699
33.163,0,10.699
33.164,0,10.699
33.165,0,10.699
33.166,0,10.699
33.167,0,10.699
33.168,0,10.699
33.169,0,10.699
33.17,0,10.699
33.171,0,10.699
33.172,0,10.699
33.173,0,10.699
33.174,0,10.699
33.175,0,10.699
33.176,0,10.699
33.177,0,10.699
33.178,0,10.699
33.179,0,10.699
33.18,0,10.699
33.181,0,10.699
33.182,0,10.699
33.183,0,10.699
33.184,0,10.699
33.185,0,10.699
33.186,0,10.699
33.187,0,10.699
33.188,0,10.699
33.189,0,10.699
33.19,0,10.699
33.191,0,10.699
33.192,0,10.699
33.193,0,10.699
33.194,0,10.699
33.195,0,10.699
33.196,0,10.699
33.197,0,10.699
33.198,0,10.699
33.199,0,10.699
33.2,0,10.699
33.201,0,10.699
33.202,0,10.699
33.203,0,10.699
33.204,0,10.699
33.205,0,10.699
33.206,0,10.699
33.207,0,10.699
33.208,0,10.699
33.209,0,10.699
33.21,0,10.699
33.211,0,10.699
33.212,0,10.699
33.213,0,10.699
33.214,0,10.699
33.215,0,10.699
33.216,0,10.699
33.217,0,10.699
33.218,0,10.699
33.219,0,10.699
33.22,0,10.699
33.221,0,10.699
33.222,0,10.699
33.223,0,10.699
33.224,0,10.699
33.225,0,10.699
33.226,0,10.699
33.227,0,10.699
33.228,0,10.699
33.229,0,10.699
33.23,0,10.699
33.231,0,10.699
33.232,0,10.699
33.233,0,10.699
33.234,0,10.699
33.235,0,10.699
33.236,0,10.699
33.237,0,10.699
33.238,0,10.699
33.239,0,10.699
33.24,0,10.699
33.241,0,10.699
33.242,0,10.699
33.243,0,10.699
33.244,0,10.699
33.245,0,10.699
33.246,0,10.699
33.247,0,10.699
33.248,0,10.699
33.249,0,10.699
33.25,0,10.699
33.251,0,10.699
33.252,0,10.699
33.253,0,10.699
33.254,0,10.699
33.255,0,10.699
33.256,0,10.699
33.257,0,10.699
33.258,0,10.699
33.259,0,10.699
33.26,0,10.699
33.261,0,10.699
33.262,0,10.699
33.263,0,10.699
33.264,0,10.699
33.265,0,10.699
33.266,0,10.699
33.267,0,10.699
33.268,0,10.699
33.269,0,10.699
33.27,0,10.699
33.271,0,10.699
33.272,0,10.699
33.273,0,10.699
33.274,0,10.699
33.275,0,10.699
33.276,0,10.699
33.277,0,10.699
33.278,0,10.699
33.279,0,10.699
33.28,0,10.699
33.281,0,10.699
33.282,0,10.699
33.283,0,10.699
33.284,0,10.699
33.285,0,10.699
33.286,0,10.699
33.287,0,10.699
33.288,0,10.699
33.289,0,10.699
33.29,0,10.699
33.291,0,10.699
33.292,0,10.699
33.293,0,10.699
33.294,0,10.699
33.295,0,10.699
33.296,0,10.699
33.297,0,10.699
33.298,0,10.699
33.299,0,10.699
33.3,0,10.699
33.301,0,10.699
33.302,0,10.699
33.303,0,10.699
33.304,0,10.699
33.305,0,10.699
33.306,0,10.699
33.307,0,10.699
33.308,0,10.699
33.309,0,10.699
33.31,0,10.699
33.311,0,10.699
33.312,0,10.699
33.313,0,10.699
33.314,0,10.699
33.315,0,10.699
33.316,0,10.699
33.317,0,10.699
33.318,0,10.699
33.319,0,10.699
33.32,0,10.699
33.321,0,10.699
33.322,0,10.699
33.323,0,10.699
33.324,0,10.699
33.325,0,10.699
33.326,0,10.699
33.327,0,10.699
33.328,0,10.699
33.329,0,10.699
33.33,0,10.699
33.331,0,10.699
33.332,0,10.699
33.333,0,10.699
33.334,0,10.699
33.335,0,10.699
33.336,0,10.699
33.337,0,10.699
33.338,0,10.699
33.339,0,10.699
33.34,0,10.699
33.341,0,10.699
33.342,0,10.699
33.343,0,10.699
33.344,0,10.699
33.345,0,10.699
33.346,0,10.699
33.347,0,10.699
33.348,0,10.699
33.349,0,10.699
33.35,0,10.699
33.351,0,10.699
33.352,0,10.699
33.353,0,10.699
33.354,0,10.699
33.355,0,10.699
33.356,0,10.699
33.357,0,10.699
33.358,0,10.699
33.359,0,10.699
33.36,0,10.699
33.361,0,10.699
33.362,0,10.699
33.363,0,10.699
33.364,0,10.699
33.365,0,10.699
33.366,0,10.699
33.367,0,10.699
33.368,0,10.699
33.369,0,10.699
33.37,0,10.699
33.371,0,10.699
33.372,0,10.699
33.373,0,10.699
33.374,0,10.699
33.375,0,10.699
33.376,0,10.699
33.377,0,10.699
33.378,0,10.699
33.379,0,10.699
33.38,0,10.699
33.381,0,10.699
33.382,0,10.699
33.383,0,10.699
33.384,0,10.699
33.385,0,10.699
33.386,0,10.699
33.387,0,10.699
33.388,0,10.699
33.389,0,10.699
33.39,0,10.699
33.391,0,10.699
33.392,0,10.699
33.393,0,10.699
33.394,0,10.699
33.395,0,10.699
33.396,0,10.699
33.397,0,10.699
33.398,0,10.699
33.399,0,10.699
33.4,0,10.699
33.401,0,10.699
33.402,0,10.699
33.403,0,10.699
33.404,0,10.699
33.405,0,10.699
33.406,0,10.699
33.407,0,10.699
33.408,0,10.699
33.409,0,10.699
33.41,0,10.699
33.411,0,10.699
33.412,0,10.699
33.413,0,10.699
33.414,0,10.699
33.415,0,10.699
33.416,0,10.699
33.417,0,10.699
33.418,0,10.699
33.419,0,10.699
33.42,0,10.699
33.421,0,10.699
33.422,0,10.699
33.423,0,10.699
33.424,0,10.699
33.425,0,10.699
33.426,0,10.699
33.427,0,10.699
33.428,0,10.699
33.429,0,10.699
33.43,0,10.699
33.431,0,10.699
33.432,0,10.699
33.433,0,10.699
33.434,0,10.699
33.435,0,10.699
33.436,0,10.699
33.437,0,10.699
33.438,0,10.699
33.439,0,10.699
33.44,0,10.699
33.441,0,10.699
33.442,0,10.699
33.443,0,10.699
33.444,0,10.699
33.445,0,10.699
33.446,0,10.699
33.447,0,10.699
33.448,0,10.699
33.449,0,10.699
33.45,0,10.699
33.451,0,10.699
33.452,0,10.699
33.453,0,10.699
33.454,0,10.699
33.455,0,10.699
33.456,0,10.699
33.457,0,10.699
33.458,0,10.699
33.459,0,10.699
33.46,0,10.699
33.461,0,10.699
33.462,0,10.699
33.463,0,10.699
33.464,0,10.699
33.465,0,10.699
33.466,0,10.699
33.467,0,10.699
33.468,0,10.699
33.469,0,10.699
33.47,0,10.699
33.471,0,10.699
33.472,0,10.699
33.473,0,10.699
33.474,0,10.699
33.475,0,10.699
33.476,0,10.699
33.477,0,10.699
33.478,0,10.699
33.479,0,10.699
33.48,0,10.699
33.481,0,10.699
33.482,0,10.699
33.483,0,10.699
33.484,0,10.699
33.485,0,10.699
33.486,0,10.699
33.487,0,10.699
33.488,0,10.699
33.489,0,10.699
33.49,0,10.699
33.491,0,10.699
33.492,0,10.699
33.493,0,10.699
33.494,0,10.699
33.495,0,10.699
33.496,0,10.699
33.497,0,10.699
33.498,0,10.699
33.499,0,10.699
33.5,0,10.699
33.501,0,10.699
33.502,0,10.699
33.503,0,10.699
33.504,0,10.699
33.505,0,10.699
33.506,0,10.699
33.507,0,10.699
33.508,0,10.699
33.509,0,10.699
33.51,0,10.699
33.511,0,10.699
33.512,0,10.699
33.513,0,10.699
33.514,0,10.699
33.515,0,10.699
33.516,0,10.699
33.517,0,10.699
33.518,0,10.699
33.519,0,10.699
33.52,0,10.699
33.521,0,10.699
33.522,0,10.699
33.523,0,10.699
33.524,0,10.699
33.525,0,10.699
33.526,0,10.699
33.527,0,10.699
33.528,0,10.699
33.529,0,10.699
33.53,0,10.699
33.531,0,10.699
33.532,0,10.699
33.533,0,10.699
33.534,0,10.699
33.535,0,10.699
33.536,0,10.699
33.537,0,10.699
33.538,0,10.699
33.539,0,10.699
33.54,0,10.699
33.541,0,10.699
33.542,0,10.699
33.543,0,10.699
33.544,0,10.699
33.545,0,10.699
33.546,0,10.699
33.547,0,10.699
33.548,0,10.699
33.549,0,10.699
33.55,0,10.699
33.551,0,10.699
33.552,0,10.699
33.553,0,10.699
33.554,0,10.699
33.555,0,10.699
33.556,0,10.699
33.557,0,10.699
33.558,0,10.699
33.559,0,10.699
33.56,0,10.699
33.561,0,10.699
33.562,0,10.699
33.563,0,10.699
33.564,0,10.699
33.565,0,10.699
33.566,0,10.699
33.567,0,10.699
33.568,0,10.699
33.569,0,10.699
33.57,0,10.699
33.571,0,10.699
33.572,0,10.699
33.573,0,10.699
33.574,0,10.699
33.575,0,10.699
33.576,0,10.699
33.577,0,10.699
33.578,0,10.699
33.579,0,10.699
33.58,0,10.699
33.581,0,10.699
33.582,0,10.699
33.583,0,10.699
33.584,0,10.699
33.585,0,10.699
33.586,0,10.699
33.587,0,10.699
33.588,0,10.699
33.589,0,10.699
33.59,0,10.699
33.591,0,10.699
33.592,0,10.699
33.593,0,10.699
33.594,0,10.699
33.595,0,10.699
33.596,0,10.699
33.597,0,10.699
33.598,0,10.699
33.599,0,10.699
33.6,0,10.699
33.601,0,10.699
33.602,0,10.699
33.603,0,10.699
33.604,0,10.699
33.605,0,10.699
33.606,0,10.699
33.607,0,10.699
33.608,0,10.699
33.609,0,10.699
33.61,0,10.699
33.611,0,10.699
33.612,0,10.699
33.613,0,10.699
33.614,0,10.699
33.615,0,10.699
33.616,0,10.699
33.617,0,10.699
33.618,0,10.699
33.619,0,10.699
33.62,0,10.699
33.621,0,10.699
33.622,0,10.699
33.623,0,10.699
33.624,0,10.699
33.625,0,10.699
33.626,0,10.699
33.627,0,10.699
33.628,0,10.699
33.629,0,10.699
33.63,0,10.699
33.631,0,10.699
33.632,0,10.699
33.633,0,10.699
33.634,0,10.699
33.635,0,10.699
33.636,0,10.699
33.637,0,10.699
33.638,0,10.699
33.639,0,10.699
33.64,0,10.699
33.641,0,10.699
33.642,0,10.699
33.643,0,10.699
33.644,0,10.699
33.645,0,10.699
33.646,0,10.699
33.647,0,10.699
33.648,0,10.699
33.649,0,10.699
33.65,0,10.699
33.651,0,10.699
33.652,0,10.699
33.653,0,10.699
33.654,0,10.699
33.655,0,10.699
33.656,0,10.699
33.657,0,10.699
33.658,0,10.699
33.659,0,10.699
33.66,0,10.699
33.661,0,10.699
33.662,0,10.699
33.663,0,10.699
33.664,0,10.699
33.665,0,10.699
33.666,0,10.699
33.667,0,10.699
33.668,0,10.699
33.669,0,10.699
33.67,0,10.699
33.671,0,10.699
33.672,0,10.699
33.673,0,10.699
33.674,0,10.699
33.675,0,10.699
33.676,0,10.699
33.677,0,10.699
33.678,0,10.699
33.679,0,10.699
33.68,0,10.699
33.681,0,10.699
33.682,0,10.699
33.683,0,10.699
33.684,0,10.699
33.685,0,10.699
33.686,0,10.699
33.687,0,10.699
33.688,0,10.699
33.689,0,10.699
33.69,0,10.699
33.691,0,10.699
33.692,0,10.699
33.693,0,10.699
33.694,0,10.699
33.695,0,10.699
33.696,0,10.699
33.697,0,10.699
33.698,0,10.699
33.699,0,10.699
33.7,0,10.699
33.701,0,10.699
33.702,0,10.699
33.703,0,10.699
33.704,0,10.699
33.705,0,10.699
33.706,0,10.699
33.707,0,10.699
33.708,0,10.699
33.709,0,10.699
33.71,0,10.699
33.711,0,10.699
33.712,0,10.699
33.713,0,10.699
33.714,0,10.699
33.715,0,10.699
33.716,0,10.699
33.717,0,10.699
33.718,0,10.699
33.719,0,10.699
33.72,0,10.699
33.721,0,10.699
33.722,0,10.699
33.723,0,10.699
33.724,0,10.699
33.725,0,10.699
33.726,0,10.699
33.727,0,10.699
33.728,0,10.699
33.729,0,10.699
33.73,0,10.699
33.731,0,10.699
33.732,0,10.699
33.733,0,10.699
33.734,0,10.699
33.735,0,10.699
33.736,0,10.699
33.737,0,10.699
33.738,0,10.699
33.739,0,10.699
33.74,0,10.699
33.741,0,10.699
33.742,0,10.699
33.743,0,10.699
33.744,0,10.699
33.745,0,10.699
33.746,0,10.699
33.747,0,10.699
33.748,0,10.699
33.749,0,10.699
33.75,0,10.699
33.751,0,10.699
33.752,0,10.699
33.753,0,10.699
33.754,0,10.699
33.755,0,10.699
33.756,0,10.699
33.757,0,10.699
33.758,0,10.699
33.759,0,10.699
33.76,0,10.699
33.761,0,10.699
33.762,0,10.699
33.763,0,10.699
33.764,0,10.699
33.765,0,10.699
33.766,0,10.699
33.767,0,10.699
33.768,0,10.699
33.769,0,10.699
33.77,0,10.699
33.771,0,10.699
33.772,0,10.699
33.773,0,10.699
33.774,0,10.699
33.775,0,10.699
33.776,0,10.699
33.777,0,10.699
33.778,0,10.699
33.779,0,10.699
33.78,0,10.699
33.781,0,10.699
33.782,0,10.699
33.783,0,10.699
33.784,0,10.699
33.785,0,10.699
33.786,0,10.699
33.787,0,10.699
33.788,0,10.699
33.789,0,10.699
33.79,0,10.699
33.791,0,10.699
33.792,0,10.699
33.793,0,10.699
33.794,0,10.699
33.795,0,10.699
33.796,0,10.699
33.797,0,10.699
33.798,0,10.699
33.799,0,10.699
33.8,0,10.699
33.801,0,10.699
33.802,0,10.699
33.803,0,10.699
33.804,0,10.699
33.805,0,10.699
33.806,0,10.699
33.807,0,10.699
33.808,0,10.699
33.809,0,10.699
33.81,0,10.699
33.811,0,10.699
33.812,0,10.699
33.813,0,10.699
33.814,0,10.699
33.815,0,10.699
33.816,0,10.699
33.817,0,10.699
33.818,0,10.699
33.819,0,10.699
33.82,0,10.699
33.821,0,10.699
33.822,0,10.699
33.823,0,10.699
33.824,0,10.699
33.825,0,10.699
33.826,0,10.699
33.827,0,10.699
33.828,0,10.699
33.829,0,10.699
33.83,0,10.699
33.831,0,10.699
33.832,0,10.699
33.833,0,10.699
33.834,0,10.699
33.835,0,10.699
33.836,0,10.699
33.837,0,10.699
33.838,0,10.699
33.839,0,10.699
33.84,0,10.699
33.841,0,10.699
33.842,0,10.699
33.843,0,10.699
33.844,0,10.699
33.845,0,10.699
33.846,0,10.699
33.847,0,10.699
33.848,0,10.699
33.849,0,10.699
33.85,0,10.699
33.851,0,10.699
33.852,0,10.699
33.853,0,10.699
33.854,0,10.699
33.855,0,10.699
33.856,0,10.699
33.857,0,10.699
33.858,0,10.699
33.859,0,10.699
33.86,0,10.699
33.861,0,10.699
33.862,0,10.699
33.863,0,10.699
33.864,0,10.699
33.865,0,10.699
33.866,0,10.699
33.867,0,10.699
33.868,0,10.699
33.869,0,10.699
33.87,0,10.699
33.871,0,10.699
33.872,0,10.699
33.873,0,10.699
33.874,0,10.699
33.875,0,10.699
33.876,0,10.699
33.877,0,10.699
33.878,0,10.699
33.879,0,10.699
33.88,0,10.699
33.881,0,10.699
33.882,0,10.699
33.883,0,10.699
33.884,0,10.699
33.885,0,10.699
33.886,0,10.699
33.887,0,10.699
33.888,0,10.699
33.889,0,10.699
33.89,0,10.699
33.891,0,10.699
33.892,0,10.699
33.893,0,10.699
33.894,0,10.699
33.895,0,10.699
33.896,0,10.699
33.897,0,10.699
33.898,0,10.699
33.899,0,10.699
33.9,0,10.699
33.901,0,10.699
33.902,0,10.699
33.903,0,10.699
33.904,0,10.699
33.905,0,10.699
33.906,0,10.699
33.907,0,10.699
33.908,0,10.699
33.909,0,10.699
33.91,0,10.699
33.911,0,10.699
33.912,0,10.699
33.913,0,10.699
33.914,0,10.699
33.915,0,10.699
33.916,0,10.699
33.917,0,10.699
33.918,0,10.699
33.919,0,10.699
33.92,0,10.699
33.921,0,10.699
33.922,0,10.699
33.923,0,10.699
33.924,0,10.699
33.925,0,10.699
33.926,0,10.699
33.927,0,10.699
33.928,0,10.699
33.929,0,10.699
33.93,0,10.699
33.931,0,10.699
33.932,0,10.699
33.933,0,10.699
33.934,0,10.699
33.935,0,10.699
33.936,0,10.699
33.937,0,10.699
33.938,0,10.699
33.939,0,10.699
33.94,0,10.699
33.941,0,10.699
33.942,0,10.699
33.943,0,10.699
33.944,0,10.699
33.945,0,10.699
33.946,0,10.699
33.947,0,10.699
33.948,0,10.699
33.949,0,10.699
33.95,0,10.699
33.951,0,10.699
33.952,0,10.699
33.953,0,10.699
33.954,0,10.699
33.955,0,10.699
33.956,0,10.699
33.957,0,10.699
33.958,0,10.699
33.959,0,10.699
33.96,0,10.699
33.961,0,10.699
33.962,0,10.699
33.963,0,10.699
33.964,0,10.699
33.965,0,10.699
33.966,0,10.699
33.967,0,10.699
33.968,0,10.699
33.969,0,10.699
33.97,0,10.699
33.971,0,10.699
33.972,0,10.699
33.973,0,10.699
33.974,0,10.699
33.975,0,10.699
33.976,0,10.699
33.977,0,10.699
33.978,0,10.699
33.979,0,10.699
33.98,0,10.699
33.981,0,10.699
33.982,0,10.699
33.983,0,10.699
33.984,0,10.699
33.985,0,10.699
33.986,0,10.699
33.987,0,10.699
33.988,0,10.699
33.989,0,10.699
33.99,0,10.699
33.991,0,10.699
33.992,0,10.699
33.993,0,10.699
33.994,0,10.699
33.995,0,10.699
33.996,0,10.699
33.997,0,10.699
33.998,0,10.699
33.999,0,10.699
34,0,10.699
34.001,0,10.699
34.002,0,10.699
34.003,0,10.699
34.004,0,10.699
34.005,0,10.699
34.006,0,10.699
34.007,0,10.699
34.008,0,10.699
34.009,0,10.699
34.01,0,10.699
34.011,0,10.699
34.012,0,10.699
34.013,0,10.699
34.014,0,10.699
34.015,0,10.699
34.016,0,10.699
34.017,0,10.699
34.018,0,10.699
34.019,0,10.699
34.02,0,10.699
34.021,0,10.699
34.022,0,10.699
34.023,0,10.699
34.024,0,10.699
34.025,0,10.699
34.026,0,10.699
34.027,0,10.699
34.028,0,10.699
34.029,0,10.699
34.03,0,10.699
34.031,0,10.699
34.032,0,10.699
34.033,0,10.699
34.034,0,10.699
34.035,0,10.699
34.036,0,10.699
34.037,0,10.699
34.038,0,10.699
34.039,0,10.699
34.04,0,10.699
34.041,0,10.699
34.042,0,10.699
34.043,0,10.699
34.044,0,10.699
34.045,0,10.699
34.046,0,10.699
34.047,0,10.699
34.048,0,10.699
34.049,0,10.699
34.05,0,10.699
34.051,0,10.699
34.052,0,10.699
34.053,0,10.699
34.054,0,10.699
34.055,0,10.699
34.056,0,10.699
34.057,0,10.699
34.058,0,10.699
34.059,0,10.699
34.06,0,10.699
34.061,0,10.699
34.062,0,10.699
34.063,0,10.699
34.064,0,10.699
34.065,0,10.699
34.066,0,10.699
34.067,0,10.699
34.068,0,10.699
34.069,0,10.699
34.07,0,10.699
34.071,0,10.699
34.072,0,10.699
34.073,0,10.699
34.074,0,10.699
34.075,0,10.699
34.076,0,10.699
34.077,0,10.699
34.078,0,10.699
34.079,0,10.699
34.08,0,10.699
34.081,0,10.699
34.082,0,10.699
34.083,0,10.699
34.084,0,10.699
34.085,0,10.699
34.086,0,10.699
34.087,0,10.699
34.088,0,10.699
34.089,0,10.699
34.09,0,10.699
34.091,0,10.699
34.092,0,10.699
34.093,0,10.699
34.094,0,10.699
34.095,0,10.699
34.096,0,10.699
34.097,0,10.699
34.098,0,10.699
34.099,0,10.699
34.1,0,10.699
34.101,0,10.699
34.102,0,10.699
34.103,0,10.699
34.104,0,10.699
34.105,0,10.699
34.106,0,10.699
34.107,0,10.699
34.108,0,10.699
34.109,0,10.699
34.11,0,10.699
34.111,0,10.699
34.112,0,10.699
34.113,0,10.699
34.114,0,10.699
34.115,0,10.699
34.116,0,10.699
34.117,0,10.699
34.118,0,10.699
34.119,0,10.699
34.12,0,10.699
34.121,0,10.699
34.122,0,10.699
34.123,0,10.699
34.124,0,10.699
34.125,0,10.699
34.126,0,10.699
34.127,0,10.699
34.128,0,10.699
34.129,0,10.699
34.13,0,10.699
34.131,0,10.699
34.132,0,10.699
34.133,0,10.699
34.134,0,10.699
34.135,0,10.699
34.136,0,10.699
34.137,0,10.699
34.138,0,10.699
34.139,0,10.699
34.14,0,10.699
34.141,0,10.699
34.142,0,10.699
34.143,0,10.699
34.144,0,10.699
34.145,0,10.699
34.146,0,10.699
34.147,0,10.699
34.148,0,10.699
34.149,0,10.699
34.15,0,10.699
34.151,0,10.699
34.152,0,10.699
34.153,0,10.699
34.154,0,10.699
34.155,0,10.699
34.156,0,10.699
34.157,0,10.699
34.158,0,10.699
34.159,0,10.699
34.16,0,10.699
34.161,0,10.699
34.162,0,10.699
34.163,0,10.699
34.164,0,10.699
34.165,0,10.699
34.166,0,10.699
34.167,0,10.699
34.168,0,10.699
34.169,0,10.699
34.17,0,10.699
34.171,0,10.699
34.172,0,10.699
34.173,0,10.699
34.174,0,10.699
34.175,0,10.699
34.176,0,10.699
34.177,0,10.699
34.178,0,10.699
34.179,0,10.699
34.18,0,10.699
34.181,0,10.699
34.182,0,10.699
34.183,0,10.699
34.184,0,10.699
34.185,0,10.699
34.186,0,10.699
34.187,0,10.699
34.188,0,10.699
34.189,0,10.699
34.19,0,10.699
34.191,0,10.699
34.192,0,10.699
34.193,0,10.699
34.194,0,10.699
34.195,0,10.699
34.196,0,10.699
34.197,0,10.699
34.198,0,10.699
34.199,0,10.699
34.2,0,10.699
34.201,0,10.699
34.202,0,10.699
34.203,0,10.699
34.204,0,10.699
34.205,0,10.699
34.206,0,10.699
34.207,0,10.699
34.208,0,10.699
34.209,0,10.699
34.21,0,10.699
34.211,0,10.699
34.212,0,10.699
34.213,0,10.699
34.214,0,10.699
34.215,0,10.699
34.216,0,10.699
34.217,0,10.699
34.218,0,10.699
34.219,0,10.699
34.22,0,10.699
34.221,0,10.699
34.222,0,10.699
34.223,0,10.699
34.224,0,10.699
34.225,0,10.699
34.226,0,10.699
34.227,0,10.699
34.228,0,10.699
34.229,0,10.699
34.23,0,10.699
34.231,0,10.699
34.232,0,10.699
34.233,0,10.699
34.234,0,10.699
34.235,0,10.699
34.236,0,10.699
34.237,0,10.699
34.238,0,10.699
34.239,0,10.699
34.24,0,10.699
34.241,0,10.699
34.242,0,10.699
34.243,0,10.699
34.244,0,10.699
34.245,0,10.699
34.246,0,10.699
34.247,0,10.699
34.248,0,10.699
34.249,0,10.699
34.25,0,10.699
34.251,0,10.699
34.252,0,10.699
34.253,0,10.699
34.254,0,10.699
34.255,0,10.699
34.256,0,10.699
34.257,0,10.699
34.258,0,10.699
34.259,0,10.699
34.26,0,10.699
34.261,0,10.699
34.262,0,10.699
34.263,0,10.699
34.264,0,10.699
34.265,0,10.699
34.266,0,10.699
34.267,0,10.699
34.268,0,10.699
34.269,0,10.699
34.27,0,10.699
34.271,0,10.699
34.272,0,10.699
34.273,0,10.699
34.274,0,10.699
34.275,0,10.699
34.276,0,10.699
34.277,0,10.699
34.278,0,10.699
34.279,0,10.699
34.28,0,10.699
34.281,0,10.699
34.282,0,10.699
34.283,0,10.699
34.284,0,10.699
34.285,0,10.699
34.286,0,10.699
34.287,0,10.699
34.288,0,10.699
34.289,0,10.699
34.29,0,10.699
34.291,0,10.699
34.292,0,10.699
34.293,0,10.699
34.294,0,10.699
34.295,0,10.699
34.296,0,10.699
34.297,0,10.699
34.298,0,10.699
34.299,0,10.699
34.3,0,10.699
34.301,0,10.699
34.302,0,10.699
34.303,0,10.699
34.304,0,10.699
34.305,0,10.699
34.306,0,10.699
34.307,0,10.699
34.308,0,10.699
34.309,0,10.699
34.31,0,10.699
34.311,0,10.699
34.312,0,10.699
34.313,0,10.699
34.314,0,10.699
34.315,0,10.699
34.316,0,10.699
34.317,0,10.699
34.318,0,10.699
34.319,0,10.699
34.32,0,10.699
34.321,0,10.699
34.322,0,10.699
34.323,0,10.699
34.324,0,10.699
34.325,0,10.699
34.326,0,10.699
34.327,0,10.699
34.328,0,10.699
34.329,0,10.699
34.33,0,10.699
34.331,0,10.699
34.332,0,10.699
34.333,0,10.699
34.334,0,10.699
34.335,0,10.699
34.336,0,10.699
34.337,0,10.699
34.338,0,10.699
34.339,0,10.699
34.34,0,10.699
34.341,0,10.699
34.342,0,10.699
34.343,0,10.699
34.344,0,10.699
34.345,0,10.699
34.346,0,10.699
34.347,0,10.699
34.348,0,10.699
34.349,0,10.699
34.35,0,10.699
34.351,0,10.699
34.352,0,10.699
34.353,0,10.699
34.354,0,10.699
34.355,0,10.699
34.356,0,10.699
34.357,0,10.699
34.358,0,10.699
34.359,0,10.699
34.36,0,10.699
34.361,0,10.699
34.362,0,10.699
34.363,0,10.699
34.364,0,10.699
34.365,0,10.699
34.366,0,10.699
34.367,0,10.699
34.368,0,10.699
34.369,0,10.699
34.37,0,10.699
34.371,0,10.699
34.372,0,10.699
34.373,0,10.699
34.374,0,10.699
34.375,0,10.699
34.376,0,10.699
34.377,0,10.699
34.378,0,10.699
34.379,0,10.699
34.38,0,10.699
34.381,0,10.699
34.382,0,10.699
34.383,0,10.699
34.384,0,10.699
34.385,0,10.699
34.386,0,10.699
34.387,0,10.699
34.388,0,10.699
34.389,0,10.699
34.39,0,10.699
34.391,0,10.699
34.392,0,10.699
34.393,0,10.699
34.394,0,10.699
34.395,0,10.699
34.396,0,10.699
34.397,0,10.699
34.398,0,10.699
34.399,0,10.699
34.4,0,10.699
34.401,0,10.699
34.402,0,10.699
34.403,0,10.699
34.404,0,10.699
34.405,0,10.699
34.406,0,10.699
34.407,0,10.699
34.408,0,10.699
34.409,0,10.699
34.41,0,10.699
34.411,0,10.699
34.412,0,10.699
34.413,0,10.699
34.414,0,10.699
34.415,0,10.699
34.416,0,10.699
34.417,0,10.699
34.418,0,10.699
34.419,0,10.699
34.42,0,10.699
34.421,0,10.699
34.422,0,10.699
34.423,0,10.699
34.424,0,10.699
34.425,0,10.699
34.426,0,10.699
34.427,0,10.699
34.428,0,10.699
34.429,0,10.699
34.43,0,10.699
34.431,0,10.699
34.432,0,10.699
34.433,0,10.699
34.434,0,10.699
34.435,0,10.699
34.436,0,10.699
34.437,0,10.699
34.438,0,10.699
34.439,0,10.699
34.44,0,10.699
34.441,0,10.699
34.442,0,10.699
34.443,0,10.699
34.444,0,10.699
34.445,0,10.699
34.446,0,10.699
34.447,0,10.699
34.448,0,10.699
34.449,0,10.699
34.45,0,10.699
34.451,0,10.699
34.452,0,10.699
34.453,0,10.699
34.454,0,10.699
34.455,0,10.699
34.456,0,10.699
34.457,0,10.699
34.458,0,10.699
34.459,0,10.699
34.46,0,10.699
34.461,0,10.699
34.462,0,10.699
34.463,0,10.699
34.464,0,10.699
34.465,0,10.699
34.466,0,10.699
34.467,0,10.699
34.468,0,10.699
34.469,0,10.699
34.47,0,10.699
34.471,0,10.699
34.472,0,10.699
34.473,0,10.699
34.474,0,10.699
34.475,0,10.699
34.476,0,10.699
34.477,0,10.699
34.478,0,10.699
34.479,0,10.699
34.48,0,10.699
34.481,0,10.699
34.482,0,10.699
34.483,0,10.699
34.484,0,10.699
34.485,0,10.699
34.486,0,10.699
34.487,0,10.699
34.488,0,10.699
34.489,0,10.699
34.49,0,10.699
34.491,0,10.699
34.492,0,10.699
34.493,0,10.699
34.494,0,10.699
34.495,0,10.699
34.496,0,10.699
34.497,0,10.699
34.498,0,10.699
34.499,0,10.699
34.5,0,10.699
34.501,0,10.699
34.502,0,10.699
34.503,0,10.699
34.504,0,10.699
34.505,0,10.699
34.506,0,10.699
34.507,0,10.699
34.508,0,10.699
34.509,0,10.699
34.51,0,10.699
34.511,0,10.699
34.512,0,10.699
34.513,0,10.699
34.514,0,10.699
34.515,0,10.699
34.516,0,10.699
34.517,0,10.699
34.518,0,10.699
34.519,0,10.699
34.52,0,10.699
34.521,0,10.699
34.522,0,10.699
34.523,0,10.699
34.524,0,10.699
34.525,0,10.699
34.526,0,10.699
34.527,0,10.699
34.528,0,10.699
34.529,0,10.699
34.53,0,10.699
34.531,0,10.699
34.532,0,10.699
34.533,0,10.699
34.534,0,10.699
34.535,0,10.699
34.536,0,10.699
34.537,0,10.699
34.538,0,10.699
34.539,0,10.699
34.54,0,10.699
34.541,0,10.699
34.542,0,10.699
34.543,0,10.699
34.544,0,10.699
34.545,0,10.699
34.546,0,10.699
34.547,0,10.699
34.548,0,10.699
34.549,0,10.699
34.55,0,10.699
34.551,0,10.699
34.552,0,10.699
34.553,0,10.699
34.554,0,10.699
34.555,0,10.699
34.556,0,10.699
34.557,0,10.699
34.558,0,10.699
34.559,0,10.699
34.56,0,10.699
34.561,0,10.699
34.562,0,10.699
34.563,0,10.699
34.564,0,10.699
34.565,0,10.699
34.566,0,10.699
34.567,0,10.699
34.568,0,10.699
34.569,0,10.699
34.57,0,10.699
34.571,0,10.699
34.572,0,10.699
34.573,0,10.699
34.574,0,10.699
34.575,0,10.699
34.576,0,10.699
34.577,0,10.699
34.578,0,10.699
34.579,0,10.699
34.58,0,10.699
34.581,0,10.699
34.582,0,10.699
34.583,0,10.699
34.584,0,10.699
34.585,0,10.699
34.586,0,10.699
34.587,0,10.699
34.588,0,10.699
34.589,0,10.699
34.59,0,10.699
34.591,0,10.699
34.592,0,10.699
34.593,0,10.699
34.594,0,10.699
34.595,0,10.699
34.596,0,10.699
34.597,0,10.699
34.598,0,10.699
34.599,0,10.699
34.6,0,10.699
34.601,0,10.699
34.602,0,10.699
34.603,0,10.699
34.604,0,10.699
34.605,0,10.699
34.606,0,10.699
34.607,0,10.699
34.608,0,10.699
34.609,0,10.699
34.61,0,10.699
34.611,0,10.699
34.612,0,10.699
34.613,0,10.699
34.614,0,10.699
34.615,0,10.699
34.616,0,10.699
34.617,0,10.699
34.618,0,10.699
34.619,0,10.699
34.62,0,10.699
34.621,0,10.699
34.622,0,10.699
34.623,0,10.699
34.624,0,10.699
34.625,0,10.699
34.626,0,10.699
34.627,0,10.699
34.628,0,10.699
34.629,0,10.699
34.63,0,10.699
34.631,0,10.699
34.632,0,10.699
34.633,0,10.699
34.634,0,10.699
34.635,0,10.699
34.636,0,10.699
34.637,0,10.699
34.638,0,10.699
34.639,0,10.699
34.64,0,10.699
34.641,0,10.699
34.642,0,10.699
34.643,0,10.699
34.644,0,10.699
34.645,0,10.699
34.646,0,10.699
34.647,0,10.699
34.648,0,10.699
34.649,0,10.699
34.65,0,10.699
34.651,0,10.699
34.652,0,10.699
34.653,0,10.699
34.654,0,10.699
34.655,0,10.699
34.656,0,10.699
34.657,0,10.699
34.658,0,10.699
34.659,0,10.699
34.66,0,10.699
34.661,0,10.699
34.662,0,10.699
34.663,0,10.699
34.664,0,10.699
34.665,0,10.699
34.666,0,10.699
34.667,0,10.699
34.668,0,10.699
34.669,0,10.699
34.67,0,10.699
34.671,0,10.699
34.672,0,10.699
34.673,0,10.699
34.674,0,10.699
34.675,0,10.699
34.676,0,10.699
34.677,0,10.699
34.678,0,10.699
34.679,0,10.699
34.68,0,10.699
34.681,0,10.699
34.682,0,10.699
34.683,0,10.699
34.684,0,10.699
34.685,0,10.699
34.686,0,10.699
34.687,0,10.699
34.688,0,10.699
34.689,0,10.699
34.69,0,10.699
34.691,0,10.699
34.692,0,10.699
34.693,0,10.699
34.694,0,10.699
34.695,0,10.699
34.696,0,10.699
34.697,0,10.699
34.698,0,10.699
34.699,0,10.699
34.7,0,10.699
34.701,0,10.699
34.702,0,10.699
34.703,0,10.699
34.704,0,10.699
34.705,0,10.699
34.706,0,10.699
34.707,0,10.699
34.708,0,10.699
34.709,0,10.699
34.71,0,10.699
34.711,0,10.699
34.712,0,10.699
34.713,0,10.699
34.714,0,10.699
34.715,0,10.699
34.716,0,10.699
34.717,0,10.699
34.718,0,10.699
34.719,0,10.699
34.72,0,10.699
34.721,0,10.699
34.722,0,10.699
34.723,0,10.699
34.724,0,10.699
34.725,0,10.699
34.726,0,10.699
34.727,0,10.699
34.728,0,10.699
34.729,0,10.699
34.73,0,10.699
34.731,0,10.699
34.732,0,10.699
34.733,0,10.699
34.734,0,10.699
34.735,0,10.699
34.736,0,10.699
34.737,0,10.699
34.738,0,10.699
34.739,0,10.699
34.74,0,10.699
34.741,0,10.699
34.742,0,10.699
34.743,0,10.699
34.744,0,10.699
34.745,0,10.699
34.746,0,10.699
34.747,0,10.699
34.748,0,10.699
34.749,0,10.699
34.75,0,10.699
34.751,0,10.699
34.752,0,10.699
34.753,0,10.699
34.754,0,10.699
34.755,0,10.699
34.756,0,10.699
34.757,0,10.699
34.758,0,10.699
34.759,0,10.699
34.76,0,10.699
34.761,0,10.699
34.762,0,10.699
34.763,0,10.699
34.764,0,10.699
34.765,0,10.699
34.766,0,10.699
34.767,0,10.699
34.768,0,10.699
34.769,0,10.699
34.77,0,10.699
34.771,0,10.699
34.772,0,10.699
34.773,0,10.699
34.774,0,10.699
34.775,0,10.699
34.776,0,10.699
34.777,0,10.699
34.778,0,10.699
34.779,0,10.699
34.78,0,10.699
34.781,0,10.699
34.782,0,10.699
34.783,0,10.699
34.784,0,10.699
34.785,0,10.699
34.786,0,10.699
34.787,0,10.699
34.788,0,10.699
34.789,0,10.699
34.79,0,10.699
34.791,0,10.699
34.792,0,10.699
34.793,0,10.699
34.794,0,10.699
34.795,0,10.699
34.796,0,10.699
34.797,0,10.699
34.798,0,10.699
34.799,0,10.699
34.8,0,10.699
34.801,0,10.699
34.802,0,10.699
34.803,0,10.699
34.804,0,10.699
34.805,0,10.699
34.806,0,10.699
34.807,0,10.699
34.808,0,10.699
34.809,0,10.699
34.81,0,10.699
34.811,0,10.699
34.812,0,10.699
34.813,0,10.699
34.814,0,10.699
34.815,0,10.699
34.816,0,10.699
34.817,0,10.699
34.818,0,10.699
34.819,0,10.699
34.82,0,10.699
34.821,0,10.699
34.822,0,10.699
34.823,0,10.699
34.824,0,10.699
34.825,0,10.699
34.826,0,10.699
34.827,0,10.699
34.828,0,10.699
34.829,0,10.699
34.83,0,10.699
34.831,0,10.699
34.832,0,10.699
34.833,0,10.699
34.834,0,10.699
34.835,0,10.699
34.836,0,10.699
34.837,0,10.699
34.838,0,10.699
34.839,0,10.699
34.84,0,10.699
34.841,0,10.699
34.842,0,10.699
34.843,0,10.699
34.844,0,10.699
34.845,0,10.699
34.846,0,10.699
34.847,0,10.699
34.848,0,10.699
34.849,0,10.699
34.85,0,10.699
34.851,0,10.699
34.852,0,10.699
34.853,0,10.699
34.854,0,10.699
34.855,0,10.699
34.856,0,10.699
34.857,0,10.699
34.858,0,10.699
34.859,0,10.699
34.86,0,10.699
34.861,0,10.699
34.862,0,10.699
34.863,0,10.699
34.864,0,10.699
34.865,0,10.699
34.866,0,10.699
34.867,0,10.699
34.868,0,10.699
34.869,0,10.699
34.87,0,10.699
34.871,0,10.699
34.872,0,10.699
34.873,0,10.699
34.874,0,10.699
34.875,0,10.699
34.876,0,10.699
34.877,0,10.699
34.878,0,10.699
34.879,0,10.699
34.88,0,10.699
34.881,0,10.699
34.882,0,10.699
34.883,0,10.699
34.884,0,10.699
34.885,0,10.699
34.886,0,10.699
34.887,0,10.699
34.888,0,10.699
34.889,0,10.699
34.89,0,10.699
34.891,0,10.699
34.892,0,10.699
34.893,0,10.699
34.894,0,10.699
34.895,0,10.699
34.896,0,10.699
34.897,0,10.699
34.898,0,10.699
34.899,0,10.699
34.9,0,10.699
34.901,0,10.699
34.902,0,10.699
34.903,0,10.699
34.904,0,10.699
34.905,0,10.699
34.906,0,10.699
34.907,0,10.699
34.908,0,10.699
34.909,0,10.699
34.91,0,10.699
34.911,0,10.699
34.912,0,10.699
34.913,0,10.699
34.914,0,10.699
34.915,0,10.699
34.916,0,10.699
34.917,0,10.699
34.918,0,10.699
34.919,0,10.699
34.92,0,10.699
34.921,0,10.699
34.922,0,10.699
34.923,0,10.699
34.924,0,10.699
34.925,0,10.699
34.926,0,10.699
34.927,0,10.699
34.928,0,10.699
34.929,0,10.699
34.93,0,10.699
34.931,0,10.699
34.932,0,10.699
34.933,0,10.699
34.934,0,10.699
34.935,0,10.699
34.936,0,10.699
34.937,0,10.699
34.938,0,10.699
34.939,0,10.699
34.94,0,10.699
34.941,0,10.699
34.942,0,10.699
34.943,0,10.699
34.944,0,10.699
34.945,0,10.699
34.946,0,10.699
34.947,0,10.699
34.948,0,10.699
34.949,0,10.699
34.95,0,10.699
34.951,0,10.699
34.952,0,10.699
34.953,0,10.699
34.954,0,10.699
34.955,0,10.699
34.956,0,10.699
34.957,0,10.699
34.958,0,10.699
34.959,0,10.699
34.96,0,10.699
34.961,0,10.699
34.962,0,10.699
34.963,0,10.699
34.964,0,10.699
34.965,0,10.699
34.966,0,10.699
34.967,0,10.699
34.968,0,10.699
34.969,0,10.699
34.97,0,10.699
34.971,0,10.699
34.972,0,10.699
34.973,0,10.699
34.974,0,10.699
34.975,0,10.699
34.976,0,10.699
34.977,0,10.699
34.978,0,10.699
34.979,0,10.699
34.98,0,10.699
34.981,0,10.699
34.982,0,10.699
34.983,0,10.699
34.984,0,10.699
34.985,0,10.699
34.986,0,10.699
34.987,0,10.699
34.988,0,10.699
34.989,0,10.699
34.99,0,10.699
34.991,0,10.699
34.992,0,10.699
34.993,0,10.699
34.994,0,10.699
34.995,0,10.699
34.996,0,10.699
34.997,0,10.699
34.998,0,10.699
34.999,0,10.699
35,0,10.699
35.001,0,10.699
35.002,0,10.699
35.003,0,10.699
35.004,0,10.699
35.005,0,10.699
35.006,0,10.699
35.007,0,10.699
35.008,0,10.699
35.009,0,10.699
35.01,0,10.699
35.011,0,10.699
35.012,0,10.699
35.013,0,10.699
35.014,0,10.699
35.015,0,10.699
35.016,0,10.699
35.017,0,10.699
35.018,0,10.699
35.019,0,10.699
35.02,0,10.699
35.021,0,10.699
35.022,0,10.699
35.023,0,10.699
35.024,0,10.699
35.025,0,10.699
35.026,0,10.699
35.027,0,10.699
35.028,0,10.699
35.029,0,10.699
35.03,0,10.699
35.031,0,10.699
35.032,0,10.699
35.033,0,10.699
35.034,0,10.699
35.035,0,10.699
35.036,0,10.699
35.037,0,10.699
35.038,0,10.699
35.039,0,10.699
35.04,0,10.699
35.041,0,10.699
35.042,0,10.699
35.043,0,10.699
35.044,0,10.699
35.045,0,10.699
35.046,0,10.699
35.047,0,10.699
35.048,0,10.699
35.049,0,10.699
35.05,0,10.699
35.051,0,10.699
35.052,0,10.699
35.053,0,10.699
35.054,0,10.699
35.055,0,10.699
35.056,0,10.699
35.057,0,10.699
35.058,0,10.699
35.059,0,10.699
35.06,0,10.699
35.061,0,10.699
35.062,0,10.699
35.063,0,10.699
35.064,0,10.699
35.065,0,10.699
35.066,0,10.699
35.067,0,10.699
35.068,0,10.699
35.069,0,10.699
35.07,0,10.699
35.071,0,10.699
35.072,0,10.699
35.073,0,10.699
35.074,0,10.699
35.075,0,10.699
35.076,0,10.699
35.077,0,10.699
35.078,0,10.699
35.079,0,10.699
35.08,0,10.699
35.081,0,10.699
35.082,0,10.699
35.083,0,10.699
35.084,0,10.699
35.085,0,10.699
35.086,0,10.699
35.087,0,10.699
35.088,0,10.699
35.089,0,10.699
35.09,0,10.699
35.091,0,10.699
35.092,0,10.699
35.093,0,10.699
35.094,0,10.699
35.095,0,10.699
35.096,0,10.699
35.097,0,10.699
35.098,0,10.699
35.099,0,10.699
35.1,0,10.699
35.101,0,10.699
35.102,0,10.699
35.103,0,10.699
35.104,0,10.699
35.105,0,10.699
35.106,0,10.699
35.107,0,10.699
35.108,0,10.699
35.109,0,10.699
35.11,0,10.699
35.111,0,10.699
35.112,0,10.699
35.113,0,10.699
35.114,0,10.699
35.115,0,10.699
35.116,0,10.699
35.117,0,10.699
35.118,0,10.699
35.119,0,10.699
35.12,0,10.699
35.121,0,10.699
35.122,0,10.699
35.123,0,10.699
35.124,0,10.699
35.125,0,10.699
35.126,0,10.699
35.127,0,10.699
35.128,0,10.699
35.129,0,10.699
35.13,0,10.699
35.131,0,10.699
35.132,0,10.699
35.133,0,10.699
35.134,0,10.699
35.135,0,10.699
35.136,0,10.699
35.137,0,10.699
35.138,0,10.699
35.139,0,10.699
35.14,0,10.699
35.141,0,10.699
35.142,0,10.699
35.143,0,10.699
35.144,0,10.699
35.145,0,10.699
35.146,0,10.699
35.147,0,10.699
35.148,0,10.699
35.149,0,10.699
35.15,0,10.699
35.151,0,10.699
35.152,0,10.699
35.153,0,10.699
35.154,0,10.699
35.155,0,10.699
35.156,0,10.699
35.157,0,10.699
35.158,0,10.699
35.159,0,10.699
35.16,0,10.699
35.161,0,10.699
35.162,0,10.699
35.163,0,10.699
35.164,0,10.699
35.165,0,10.699
35.166,0,10.699
35.167,0,10.699
35.168,0,10.699
35.169,0,10.699
35.17,0,10.699
35.171,0,10.699
35.172,0,10.699
35.173,0,10.699
35.174,0,10.699
35.175,0,10.699
35.176,0,10.699
35.177,0,10.699
35.178,0,10.699
35.179,0,10.699
35.18,0,10.699
35.181,0,10.699
35.182,0,10.699
35.183,0,10.699
35.184,0,10.699
35.185,0,10.699
35.186,0,10.699
35.187,0,10.699
35.188,0,10.699
35.189,0,10.699
35.19,0,10.699
35.191,0,10.699
35.192,0,10.699
35.193,0,10.699
35.194,0,10.699
35.195,0,10.699
35.196,0,10.699
35.197,0,10.699
35.198,0,10.699
35.199,0,10.699
35.2,0,10.699
35.201,0,10.699
35.202,0,10.699
35.203,0,10.699
35.204,0,10.699
35.205,0,10.699
35.206,0,10.699
35.207,0,10.699
35.208,0,10.699
35.209,0,10.699
35.21,0,10.699
35.211,0,10.699
35.212,0,10.699
35.213,0,10.699
35.214,0,10.699
35.215,0,10.699
35.216,0,10.699
35.217,0,10.699
35.218,0,10.699
35.219,0,10.699
35.22,0,10.699
35.221,0,10.699
35.222,0,10.699
35.223,0,10.699
35.224,0,10.699
35.225,0,10.699
35.226,0,10.699
35.227,0,10.699
35.228,0,10.699
35.229,0,10.699
35.23,0,10.699
35.231,0,10.699
35.232,0,10.699
35.233,0,10.699
35.234,0,10.699
35.235,0,10.699
35.236,0,10.699
35.237,0,10.699
35.238,0,10.699
35.239,0,10.699
35.24,0,10.699
35.241,0,10.699
35.242,0,10.699
35.243,0,10.699
35.244,0,10.699
35.245,0,10.699
35.246,0,10.699
35.247,0,10.699
35.248,0,10.699
35.249,0,10.699
35.25,0,10.699
35.251,0,10.699
35.252,0,10.699
35.253,0,10.699
35.254,0,10.699
35.255,0,10.699
35.256,0,10.699
35.257,0,10.699
35.258,0,10.699
35.259,0,10.699
35.26,0,10.699
35.261,0,10.699
35.262,0,10.699
35.263,0,10.699
35.264,0,10.699
35.265,0,10.699
35.266,0,10.699
35.267,0,10.699
35.268,0,10.699
35.269,0,10.699
35.27,0,10.699
35.271,0,10.699
35.272,0,10.699
35.273,0,10.699
35.274,0,10.699
35.275,0,10.699
35.276,0,10.699
35.277,0,10.699
35.278,0,10.699
35.279,0,10.699
35.28,0,10.699
35.281,0,10.699
35.282,0,10.699
35.283,0,10.699
35.284,0,10.699
35.285,0,10.699
35.286,0,10.699
35.287,0,10.699
35.288,0,10.699
35.289,0,10.699
35.29,0,10.699
35.291,0,10.699
35.292,0,10.699
35.293,0,10.699
35.294,0,10.699
35.295,0,10.699
35.296,0,10.699
35.297,0,10.699
35.298,0,10.699
35.299,0,10.699
35.3,0,10.699
35.301,0,10.699
35.302,0,10.699
35.303,0,10.699
35.304,0,10.699
35.305,0,10.699
35.306,0,10.699
35.307,0,10.699
35.308,0,10.699
35.309,0,10.699
35.31,0,10.699
35.311,0,10.699
35.312,0,10.699
35.313,0,10.699
35.314,0,10.699
35.315,0,10.699
35.316,0,10.699
35.317,0,10.699
35.318,0,10.699
35.319,0,10.699
35.32,0,10.699
35.321,0,10.699
35.322,0,10.699
35.323,0,10.699
35.324,0,10.699
35.325,0,10.699
35.326,0,10.699
35.327,0,10.699
35.328,0,10.699
35.329,0,10.699
35.33,0,10.699
35.331,0,10.699
35.332,0,10.699
35.333,0,10.699
35.334,0,10.699
35.335,0,10.699
35.336,0,10.699
35.337,0,10.699
35.338,0,10.699
35.339,0,10.699
35.34,0,10.699
35.341,0,10.699
35.342,0,10.699
35.343,0,10.699
35.344,0,10.699
35.345,0,10.699
35.346,0,10.699
35.347,0,10.699
35.348,0,10.699
35.349,0,10.699
35.35,0,10.699
35.351,0,10.699
35.352,0,10.699
35.353,0,10.699
35.354,0,10.699
35.355,0,10.699
35.356,0,10.699
35.357,0,10.699
35.358,0,10.699
35.359,0,10.699
35.36,0,10.699
35.361,0,10.699
35.362,0,10.699
35.363,0,10.699
35.364,0,10.699
35.365,0,10.699
35.366,0,10.699
35.367,0,10.699
35.368,0,10.699
35.369,0,10.699
35.37,0,10.699
35.371,0,10.699
35.372,0,10.699
35.373,0,10.699
35.374,0,10.699
35.375,0,10.699
35.376,0,10.699
35.377,0,10.699
35.378,0,10.699
35.379,0,10.699
35.38,0,10.699
35.381,0,10.699
35.382,0,10.699
35.383,0,10.699
35.384,0,10.699
35.385,0,10.699
35.386,0,10.699
35.387,0,10.699
35.388,0,10.699
35.389,0,10.699
35.39,0,10.699
35.391,0,10.699
35.392,0,10.699
35.393,0,10.699
35.394,0,10.699
35.395,0,10.699
35.396,0,10.699
35.397,0,10.699
35.398,0,10.699
35.399,0,10.699
35.4,0,10.699
35.401,0,10.699
35.402,0,10.699
35.403,0,10.699
35.404,0,10.699
35.405,0,10.699
35.406,0,10.699
35.407,0,10.699
35.408,0,10.699
35.409,0,10.699
35.41,0,10.699
35.411,0,10.699
35.412,0,10.699
35.413,0,10.699
35.414,0,10.699
35.415,0,10.699
35.416,0,10.699
35.417,0,10.699
35.418,0,10.699
35.419,0,10.699
35.42,0,10.699
35.421,0,10.699
35.422,0,10.699
35.423,0,10.699
35.424,0,10.699
35.425,0,10.699
35.426,0,10.699
35.427,0,10.699
35.428,0,10.699
35.429,0,10.699
35.43,0,10.699
35.431,0,10.699
35.432,0,10.699
35.433,0,10.699
35.434,0,10.699
35.435,0,10.699
35.436,0,10.699
35.437,0,10.699
35.438,0,10.699
35.439,0,10.699
35.44,0,10.699
35.441,0,10.699
35.442,0,10.699
35.443,0,10.699
35.444,0,10.699
35.445,0,10.699
35.446,0,10.699
35.447,0,10.699
35.448,0,10.699
35.449,0,10.699
35.45,0,10.699
35.451,0,10.699
35.452,0,10.699
35.453,0,10.699
35.454,0,10.699
35.455,0,10.699
35.456,0,10.699
35.457,0,10.699
35.458,0,10.699
35.459,0,10.699
35.46,0,10.699
35.461,0,10.699
35.462,0,10.699
35.463,0,10.699
35.464,0,10.699
35.465,0,10.699
35.466,0,10.699
35.467,0,10.699
35.468,0,10.699
35.469,0,10.699
35.47,0,10.699
35.471,0,10.699
35.472,0,10.699
35.473,0,10.699
35.474,0,10.699
35.475,0,10.699
35.476,0,10.699
35.477,0,10.699
35.478,0,10.699
35.479,0,10.699
35.48,0,10.699
35.481,0,10.699
35.482,0,10.699
35.483,0,10.699
35.484,0,10.699
35.485,0,10.699
35.486,0,10.699
35.487,0,10.699
35.488,0,10.699
35.489,0,10.699
35.49,0,10.699
35.491,0,10.699
35.492,0,10.699
35.493,0,10.699
35.494,0,10.699
35.495,0,10.699
35.496,0,10.699
35.497,0,10.699
35.498,0,10.699
35.499,0,10.699
35.5,0,10.699
35.501,0,10.699
35.502,0,10.699
35.503,0,10.699
35.504,0,10.699
35.505,0,10.699
35.506,0,10.699
35.507,0,10.699
35.508,0,10.699
35.509,0,10.699
35.51,0,10.699
35.511,0,10.699
35.512,0,10.699
35.513,0,10.699
35.514,0,10.699
35.515,0,10.699
35.516,0,10.699
35.517,0,10.699
35.518,0,10.699
35.519,0,10.699
35.52,0,10.699
35.521,0,10.699
35.522,0,10.699
35.523,0,10.699
35.524,0,10.699
35.525,0,10.699
35.526,0,10.699
35.527,0,10.699
35.528,0,10.699
35.529,0,10.699
35.53,0,10.699
35.531,0,10.699
35.532,0,10.699
35.533,0,10.699
35.534,0,10.699
35.535,0,10.699
35.536,0,10.699
35.537,0,10.699
35.538,0,10.699
35.539,0,10.699
35.54,0,10.699
35.541,0,10.699
35.542,0,10.699
35.543,0,10.699
35.544,0,10.699
35.545,0,10.699
35.546,0,10.699
35.547,0,10.699
35.548,0,10.699
35.549,0,10.699
35.55,0,10.699
35.551,0,10.699
35.552,0,10.699
35.553,0,10.699
35.554,0,10.699
35.555,0,10.699
35.556,0,10.699
35.557,0,10.699
35.558,0,10.699
35.559,0,10.699
35.56,0,10.699
35.561,0,10.699
35.562,0,10.699
35.563,0,10.699
35.564,0,10.699
35.565,0,10.699
35.566,0,10.699
35.567,0,10.699
35.568,0,10.699
35.569,0,10.699
35.57,0,10.699
35.571,0,10.699
35.572,0,10.699
35.573,0,10.699
35.574,0,10.699
35.575,0,10.699
35.576,0,10.699
35.577,0,10.699
35.578,0,10.699
35.579,0,10.699
35.58,0,10.699
35.581,0,10.699
35.582,0,10.699
35.583,0,10.699
35.584,0,10.699
35.585,0,10.699
35.586,0,10.699
35.587,0,10.699
35.588,0,10.699
35.589,0,10.699
35.59,0,10.699
35.591,0,10.699
35.592,0,10.699
35.593,0,10.699
35.594,0,10.699
35.595,0,10.699
35.596,0,10.699
35.597,0,10.699
35.598,0,10.699
35.599,0,10.699
35.6,0,10.699
35.601,0,10.699
35.602,0,10.699
35.603,0,10.699
35.604,0,10.699
35.605,0,10.699
35.606,0,10.699
35.607,0,10.699
35.608,0,10.699
35.609,0,10.699
35.61,0,10.699
35.611,0,10.699
35.612,0,10.699
35.613,0,10.699
35.614,0,10.699
35.615,0,10.699
35.616,0,10.699
35.617,0,10.699
35.618,0,10.699
35.619,0,10.699
35.62,0,10.699
35.621,0,10.699
35.622,0,10.699
35.623,0,10.699
35.624,0,10.699
35.625,0,10.699
35.626,0,10.699
35.627,0,10.699
35.628,0,10.699
35.629,0,10.699
35.63,0,10.699
35.631,0,10.699
35.632,0,10.699
35.633,0,10.699
35.634,0,10.699
35.635,0,10.699
35.636,0,10.699
35.637,0,10.699
35.638,0,10.699
35.639,0,10.699
35.64,0,10.699
35.641,0,10.699
35.642,0,10.699
35.643,0,10.699
35.644,0,10.699
35.645,0,10.699
35.646,0,10.699
35.647,0,10.699
35.648,0,10.699
35.649,0,10.699
35.65,0,10.699
35.651,0,10.699
35.652,0,10.699
35.653,0,10.699
35.654,0,10.699
35.655,0,10.699
35.656,0,10.699
35.657,0,10.699
35.658,0,10.699
35.659,0,10.699
35.66,0,10.699
35.661,0,10.699
35.662,0,10.699
35.663,0,10.699
35.664,0,10.699
35.665,0,10.699
35.666,0,10.699
35.667,0,10.699
35.668,0,10.699
35.669,0,10.699
35.67,0,10.699
35.671,0,10.699
35.672,0,10.699
35.673,0,10.699
35.674,0,10.699
35.675,0,10.699
35.676,0,10.699
35.677,0,10.699
35.678,0,10.699
35.679,0,10.699
35.68,0,10.699
35.681,0,10.699
35.682,0,10.699
35.683,0,10.699
35.684,0,10.699
35.685,0,10.699
35.686,0,10.699
35.687,0,10.699
35.688,0,10.699
35.689,0,10.699
35.69,0,10.699
35.691,0,10.699
35.692,0,10.699
35.693,0,10.699
35.694,0,10.699
35.695,0,10.699
35.696,0,10.699
35.697,0,10.699
35.698,0,10.699
35.699,0,10.699
35.7,0,10.699
35.701,0,10.699
35.702,0,10.699
35.703,0,10.699
35.704,0,10.699
35.705,0,10.699
35.706,0,10.699
35.707,0,10.699
35.708,0,10.699
35.709,0,10.699
35.71,0,10.699
35.711,0,10.699
35.712,0,10.699
35.713,0,10.699
35.714,0,10.699
35.715,0,10.699
35.716,0,10.699
35.717,0,10.699
35.718,0,10.699
35.719,0,10.699
35.72,0,10.699
35.721,0,10.699
35.722,0,10.699
35.723,0,10.699
35.724,0,10.699
35.725,0,10.699
35.726,0,10.699
35.727,0,10.699
35.728,0,10.699
35.729,0,10.699
35.73,0,10.699
35.731,0,10.699
35.732,0,10.699
35.733,0,10.699
35.734,0,10.699
35.735,0,10.699
35.736,0,10.699
35.737,0,10.699
35.738,0,10.699
35.739,0,10.699
35.74,0,10.699
35.741,0,10.699
35.742,0,10.699
35.743,0,10.699
35.744,0,10.699
35.745,0,10.699
35.746,0,10.699
35.747,0,10.699
35.748,0,10.699
35.749,0,10.699
35.75,0,10.699
35.751,0,10.699
35.752,0,10.699
35.753,0,10.699
35.754,0,10.699
35.755,0,10.699
35.756,0,10.699
35.757,0,10.699
35.758,0,10.699
35.759,0,10.699
35.76,0,10.699
35.761,0,10.699
35.762,0,10.699
35.763,0,10.699
35.764,0,10.699
35.765,0,10.699
35.766,0,10.699
35.767,0,10.699
35.768,0,10.699
35.769,0,10.699
35.77,0,10.699
35.771,0,10.699
35.772,0,10.699
35.773,0,10.699
35.774,0,10.699
35.775,0,10.699
35.776,0,10.699
35.777,0,10.699
35.778,0,10.699
35.779,0,10.699
35.78,0,10.699
35.781,0,10.699
35.782,0,10.699
35.783,0,10.699
35.784,0,10.699
35.785,0,10.699
35.786,0,10.699
35.787,0,10.699
35.788,0,10.699
35.789,0,10.699
35.79,0,10.699
35.791,0,10.699
35.792,0,10.699
35.793,0,10.699
35.794,0,10.699
35.795,0,10.699
35.796,0,10.699
35.797,0,10.699
35.798,0,10.699
35.799,0,10.699
35.8,0,10.699
35.801,0,10.699
35.802,0,10.699
35.803,0,10.699
35.804,0,10.699
35.805,0,10.699
35.806,0,10.699
35.807,0,10.699
35.808,0,10.699
35.809,0,10.699
35.81,0,10.699
35.811,0,10.699
35.812,0,10.699
35.813,0,10.699
35.814,0,10.699
35.815,0,10.699
35.816,0,10.699
35.817,0,10.699
35.818,0,10.699
35.819,0,10.699
35.82,0,10.699
35.821,0,10.699
35.822,0,10.699
35.823,0,10.699
35.824,0,10.699
35.825,0,10.699
35.826,0,10.699
35.827,0,10.699
35.828,0,10.699
35.829,0,10.699
35.83,0,10.699
35.831,0,10.699
35.832,0,10.699
35.833,0,10.699
35.834,0,10.699
35.835,0,10.699
35.836,0,10.699
35.837,0,10.699
35.838,0,10.699
35.839,0,10.699
35.84,0,10.699
35.841,0,10.699
35.842,0,10.699
35.843,0,10.699
35.844,0,10.699
35.845,0,10.699
35.846,0,10.699
35.847,0,10.699
35.848,0,10.699
35.849,0,10.699
35.85,0,10.699
35.851,0,10.699
35.852,0,10.699
35.853,0,10.699
35.854,0,10.699
35.855,0,10.699
35.856,0,10.699
35.857,0,10.699
35.858,0,10.699
35.859,0,10.699
35.86,0,10.699
35.861,0,10.699
35.862,0,10.699
35.863,0,10.699
35.864,0,10.699
35.865,0,10.699
35.866,0,10.699
35.867,0,10.699
35.868,0,10.699
35.869,0,10.699
35.87,0,10.699
35.871,0,10.699
35.872,0,10.699
35.873,0,10.699
35.874,0,10.699
35.875,0,10.699
35.876,0,10.699
35.877,0,10.699
35.878,0,10.699
35.879,0,10.699
35.88,0,10.699
35.881,0,10.699
35.882,0,10.699
35.883,0,10.699
35.884,0,10.699
35.885,0,10.699
35.886,0,10.699
35.887,0,10.699
35.888,0,10.699
35.889,0,10.699
35.89,0,10.699
35.891,0,10.699
35.892,0,10.699
35.893,0,10.699
35.894,0,10.699
35.895,0,10.699
35.896,0,10.699
35.897,0,10.699
35.898,0,10.699
35.899,0,10.699
35.9,0,10.699
35.901,0,10.699
35.902,0,10.699
35.903,0,10.699
35.904,0,10.699
35.905,0,10.699
35.906,0,10.699
35.907,0,10.699
35.908,0,10.699
35.909,0,10.699
35.91,0,10.699
35.911,0,10.699
35.912,0,10.699
35.913,0,10.699
35.914,0,10.699
35.915,0,10.699
35.916,0,10.699
35.917,0,10.699
35.918,0,10.699
35.919,0,10.699
35.92,0,10.699
35.921,0,10.699
35.922,0,10.699
35.923,0,10.699
35.924,0,10.699
35.925,0,10.699
35.926,0,10.699
35.927,0,10.699
35.928,0,10.699
35.929,0,10.699
35.93,0,10.699
35.931,0,10.699
35.932,0,10.699
35.933,0,10.699
35.934,0,10.699
35.935,0,10.699
35.936,0,10.699
35.937,0,10.699
35.938,0,10.699
35.939,0,10.699
35.94,0,10.699
35.941,0,10.699
35.942,0,10.699
35.943,0,10.699
35.944,0,10.699
35.945,0,10.699
35.946,0,10.699
35.947,0,10.699
35.948,0,10.699
35.949,0,10.699
35.95,0,10.699
35.951,0,10.699
35.952,0,10.699
35.953,0,10.699
35.954,0,10.699
35.955,0,10.699
35.956,0,10.699
35.957,0,10.699
35.958,0,10.699
35.959,0,10.699
35.96,0,10.699
35.961,0,10.699
35.962,0,10.699
35.963,0,10.699
35.964,0,10.699
35.965,0,10.699
35.966,0,10.699
35.967,0,10.699
35.968,0,10.699
35.969,0,10.699
35.97,0,10.699
35.971,0,10.699
35.972,0,10.699
35.973,0,10.699
35.974,0,10.699
35.975,0,10.699
35.976,0,10.699
35.977,0,10.699
35.978,0,10.699
35.979,0,10.699
35.98,0,10.699
35.981,0,10.699
35.982,0,10.699
35.983,0,10.699
35.984,0,10.699
35.985,0,10.699
35.986,0,10.699
35.987,0,10.699
35.988,0,10.699
35.989,0,10.699
35.99,0,10.699
35.991,0,10.699
35.992,0,10.699
35.993,0,10.699
35.994,0,10.699
35.995,0,10.699
35.996,0,10.699
35.997,0,10.699
35.998,0,10.699
35.999,0,10.699
36,0,10.699
36.001,0,10.699
36.002,0,10.699
36.003,0,10.699
36.004,0,10.699
36.005,0,10.699
36.006,0,10.699
36.007,0,10.699
36.008,0,10.699
36.009,0,10.699
36.01,0,10.699
36.011,0,10.699
36.012,0,10.699
36.013,0,10.699
36.014,0,10.699
36.015,0,10.699
36.016,0,10.699
36.017,0,10.699
36.018,0,10.699
36.019,0,10.699
36.02,0,10.699
36.021,0,10.699
36.022,0,10.699
36.023,0,10.699
36.024,0,10.699
36.025,0,10.699
36.026,0,10.699
36.027,0,10.699
36.028,0,10.699
36.029,0,10.699
36.03,0,10.699
36.031,0,10.699
36.032,0,10.699
36.033,0,10.699
36.034,0,10.699
36.035,0,10.699
36.036,0,10.699
36.037,0,10.699
36.038,0,10.699
36.039,0,10.699
36.04,0,10.699
36.041,0,10.699
36.042,0,10.699
36.043,0,10.699
36.044,0,10.699
36.045,0,10.699
36.046,0,10.699
36.047,0,10.699
36.048,0,10.699
36.049,0,10.699
36.05,0,10.699
36.051,0,10.699
36.052,0,10.699
36.053,0,10.699
36.054,0,10.699
36.055,0,10.699
36.056,0,10.699
36.057,0,10.699
36.058,0,10.699
36.059,0,10.699
36.06,0,10.699
36.061,0,10.699
36.062,0,10.699
36.063,0,10.699
36.064,0,10.699
36.065,0,10.699
36.066,0,10.699
36.067,0,10.699
36.068,0,10.699
36.069,0,10.699
36.07,0,10.699
36.071,0,10.699
36.072,0,10.699
36.073,0,10.699
36.074,0,10.699
36.075,0,10.699
36.076,0,10.699
36.077,0,10.699
36.078,0,10.699
36.079,0,10.699
36.08,0,10.699
36.081,0,10.699
36.082,0,10.699
36.083,0,10.699
36.084,0,10.699
36.085,0,10.699
36.086,0,10.699
36.087,0,10.699
36.088,0,10.699
36.089,0,10.699
36.09,0,10.699
36.091,0,10.699
36.092,0,10.699
36.093,0,10.699
36.094,0,10.699
36.095,0,10.699
36.096,0,10.699
36.097,0,10.699
36.098,0,10.699
36.099,0,10.699
36.1,0,10.699
36.101,0,10.699
36.102,0,10.699
36.103,0,10.699
36.104,0,10.699
36.105,0,10.699
36.106,0,10.699
36.107,0,10.699
36.108,0,10.699
36.109,0,10.699
36.11,0,10.699
36.111,0,10.699
36.112,0,10.699
36.113,0,10.699
36.114,0,10.699
36.115,0,10.699
36.116,0,10.699
36.117,0,10.699
36.118,0,10.699
36.119,0,10.699
36.12,0,10.699
36.121,0,10.699
36.122,0,10.699
36.123,0,10.699
36.124,0,10.699
36.125,0,10.699
36.126,0,10.699
36.127,0,10.699
36.128,0,10.699
36.129,0,10.699
36.13,0,10.699
36.131,0,10.699
36.132,0,10.699
36.133,0,10.699
36.134,0,10.699
36.135,0,10.699
36.136,0,10.699
36.137,0,10.699
36.138,0,10.699
36.139,0,10.699
36.14,0,10.699
36.141,0,10.699
36.142,0,10.699
36.143,0,10.699
36.144,0,10.699
36.145,0,10.699
36.146,0,10.699
36.147,0,10.699
36.148,0,10.699
36.149,0,10.699
36.15,0,10.699
36.151,0,10.699
36.152,0,10.699
36.153,0,10.699
36.154,0,10.699
36.155,0,10.699
36.156,0,10.699
36.157,0,10.699
36.158,0,10.699
36.159,0,10.699
36.16,0,10.699
36.161,0,10.699
36.162,0,10.699
36.163,0,10.699
36.164,0,10.699
36.165,0,10.699
36.166,0,10.699
36.167,0,10.699
36.168,0,10.699
36.169,0,10.699
36.17,0,10.699
36.171,0,10.699
36.172,0,10.699
36.173,0,10.699
36.174,0,10.699
36.175,0,10.699
36.176,0,10.699
36.177,0,10.699
36.178,0,10.699
36.179,0,10.699
36.18,0,10.699
36.181,0,10.699
36.182,0,10.699
36.183,0,10.699
36.184,0,10.699
36.185,0,10.699
36.186,0,10.699
36.187,0,10.699
36.188,0,10.699
36.189,0,10.699
36.19,0,10.699
36.191,0,10.699
36.192,0,10.699
36.193,0,10.699
36.194,0,10.699
36.195,0,10.699
36.196,0,10.699
36.197,0,10.699
36.198,0,10.699
36.199,0,10.699
36.2,0,10.699
36.201,0,10.699
36.202,0,10.699
36.203,0,10.699
36.204,0,10.699
36.205,0,10.699
36.206,0,10.699
36.207,0,10.699
36.208,0,10.699
36.209,0,10.699
36.21,0,10.699
36.211,0,10.699
36.212,0,10.699
36.213,0,10.699
36.214,0,10.699
36.215,0,10.699
36.216,0,10.699
36.217,0,10.699
36.218,0,10.699
36.219,0,10.699
36.22,0,10.699
36.221,0,10.699
36.222,0,10.699
36.223,0,10.699
36.224,0,10.699
36.225,0,10.699
36.226,0,10.699
36.227,0,10.699
36.228,0,10.699
36.229,0,10.699
36.23,0,10.699
36.231,0,10.699
36.232,0,10.699
36.233,0,10.699
36.234,0,10.699
36.235,0,10.699
36.236,0,10.699
36.237,0,10.699
36.238,0,10.699
36.239,0,10.699
36.24,0,10.699
36.241,0,10.699
36.242,0,10.699
36.243,0,10.699
36.244,0,10.699
36.245,0,10.699
36.246,0,10.699
36.247,0,10.699
36.248,0,10.699
36.249,0,10.699
36.25,0,10.699
36.251,0,10.699
36.252,0,10.699
36.253,0,10.699
36.254,0,10.699
36.255,0,10.699
36.256,0,10.699
36.257,0,10.699
36.258,0,10.699
36.259,0,10.699
36.26,0,10.699
36.261,0,10.699
36.262,0,10.699
36.263,0,10.699
36.264,0,10.699
36.265,0,10.699
36.266,0,10.699
36.267,0,10.699
36.268,0,10.699
36.269,0,10.699
36.27,0,10.699
36.271,0,10.699
36.272,0,10.699
36.273,0,10.699
36.274,0,10.699
36.275,0,10.699
36.276,0,10.699
36.277,0,10.699
36.278,0,10.699
36.279,0,10.699
36.28,0,10.699
36.281,0,10.699
36.282,0,10.699
36.283,0,10.699
36.284,0,10.699
36.285,0,10.699
36.286,0,10.699
36.287,0,10.699
36.288,0,10.699
36.289,0,10.699
36.29,0,10.699
36.291,0,10.699
36.292,0,10.699
36.293,0,10.699
36.294,0,10.699
36.295,0,10.699
36.296,0,10.699
36.297,0,10.699
36.298,0,10.699
36.299,0,10.699
36.3,0,10.699
36.301,0,10.699
36.302,0,10.699
36.303,0,10.699
36.304,0,10.699
36.305,0,10.699
36.306,0,10.699
36.307,0,10.699
36.308,0,10.699
36.309,0,10.699
36.31,0,10.699
36.311,0,10.699
36.312,0,10.699
36.313,0,10.699
36.314,0,10.699
36.315,0,10.699
36.316,0,10.699
36.317,0,10.699
36.318,0,10.699
36.319,0,10.699
36.32,0,10.699
36.321,0,10.699
36.322,0,10.699
36.323,0,10.699
36.324,0,10.699
36.325,0,10.699
36.326,0,10.699
36.327,0,10.699
36.328,0,10.699
36.329,0,10.699
36.33,0,10.699
36.331,0,10.699
36.332,0,10.699
36.333,0,10.699
36.334,0,10.699
36.335,0,10.699
36.336,0,10.699
36.337,0,10.699
36.338,0,10.699
36.339,0,10.699
36.34,0,10.699
36.341,0,10.699
36.342,0,10.699
36.343,0,10.699
36.344,0,10.699
36.345,0,10.699
36.346,0,10.699
36.347,0,10.699
36.348,0,10.699
36.349,0,10.699
36.35,0,10.699
36.351,0,10.699
36.352,0,10.699
36.353,0,10.699
36.354,0,10.699
36.355,0,10.699
36.356,0,10.699
36.357,0,10.699
36.358,0,10.699
36.359,0,10.699
36.36,0,10.699
36.361,0,10.699
36.362,0,10.699
36.363,0,10.699
36.364,0,10.699
36.365,0,10.699
36.366,0,10.699
36.367,0,10.699
36.368,0,10.699
36.369,0,10.699
36.37,0,10.699
36.371,0,10.699
36.372,0,10.699
36.373,0,10.699
36.374,0,10.699
36.375,0,10.699
36.376,0,10.699
36.377,0,10.699
36.378,0,10.699
36.379,0,10.699
36.38,0,10.699
36.381,0,10.699
36.382,0,10.699
36.383,0,10.699
36.384,0,10.699
36.385,0,10.699
36.386,0,10.699
36.387,0,10.699
36.388,0,10.699
36.389,0,10.699
36.39,0,10.699
36.391,0,10.699
36.392,0,10.699
36.393,0,10.699
36.394,0,10.699
36.395,0,10.699
36.396,0,10.699
36.397,0,10.699
36.398,0,10.699
36.399,0,10.699
36.4,0,10.699
36.401,0,10.699
36.402,0,10.699
36.403,0,10.699
36.404,0,10.699
36.405,0,10.699
36.406,0,10.699
36.407,0,10.699
36.408,0,10.699
36.409,0,10.699
36.41,0,10.699
36.411,0,10.699
36.412,0,10.699
36.413,0,10.699
36.414,0,10.699
36.415,0,10.699
36.416,0,10.699
36.417,0,10.699
36.418,0,10.699
36.419,0,10.699
36.42,0,10.699
36.421,0,10.699
36.422,0,10.699
36.423,0,10.699
36.424,0,10.699
36.425,0,10.699
36.426,0,10.699
36.427,0,10.699
36.428,0,10.699
36.429,0,10.699
36.43,0,10.699
36.431,0,10.699
36.432,0,10.699
36.433,0,10.699
36.434,0,10.699
36.435,0,10.699
36.436,0,10.699
36.437,0,10.699
36.438,0,10.699
36.439,0,10.699
36.44,0,10.699
36.441,0,10.699
36.442,0,10.699
36.443,0,10.699
36.444,0,10.699
36.445,0,10.699
36.446,0,10.699
36.447,0,10.699
36.448,0,10.699
36.449,0,10.699
36.45,0,10.699
36.451,0,10.699
36.452,0,10.699
36.453,0,10.699
36.454,0,10.699
36.455,0,10.699
36.456,0,10.699
36.457,0,10.699
36.458,0,10.699
36.459,0,10.699
36.46,0,10.699
36.461,0,10.699
36.462,0,10.699
36.463,0,10.699
36.464,0,10.699
36.465,0,10.699
36.466,0,10.699
36.467,0,10.699
36.468,0,10.699
36.469,0,10.699
36.47,0,10.699
36.471,0,10.699
36.472,0,10.699
36.473,0,10.699
36.474,0,10.699
36.475,0,10.699
36.476,0,10.699
36.477,0,10.699
36.478,0,10.699
36.479,0,10.699
36.48,0,10.699
36.481,0,10.699
36.482,0,10.699
36.483,0,10.699
36.484,0,10.699
36.485,0,10.699
36.486,0,10.699
36.487,0,10.699
36.488,0,10.699
36.489,0,10.699
36.49,0,10.699
36.491,0,10.699
36.492,0,10.699
36.493,0,10.699
36.494,0,10.699
36.495,0,10.699
36.496,0,10.699
36.497,0,10.699
36.498,0,10.699
36.499,0,10.699
36.5,0,10.699
36.501,0,10.699
36.502,0,10.699
36.503,0,10.699
36.504,0,10.699
36.505,0,10.699
36.506,0,10.699
36.507,0,10.699
36.508,0,10.699
36.509,0,10.699
36.51,0,10.699
36.511,0,10.699
36.512,0,10.699
36.513,0,10.699
36.514,0,10.699
36.515,0,10.699
36.516,0,10.699
36.517,0,10.699
36.518,0,10.699
36.519,0,10.699
36.52,0,10.699
36.521,0,10.699
36.522,0,10.699
36.523,0,10.699
36.524,0,10.699
36.525,0,10.699
36.526,0,10.699
36.527,0,10.699
36.528,0,10.699
36.529,0,10.699
36.53,0,10.699
36.531,0,10.699
36.532,0,10.699
36.533,0,10.699
36.534,0,10.699
36.535,0,10.699
36.536,0,10.699
36.537,0,10.699
36.538,0,10.699
36.539,0,10.699
36.54,0,10.699
36.541,0,10.699
36.542,0,10.699
36.543,0,10.699
36.544,0,10.699
36.545,0,10.699
36.546,0,10.699
36.547,0,10.699
36.548,0,10.699
36.549,0,10.699
36.55,0,10.699
36.551,0,10.699
36.552,0,10.699
36.553,0,10.699
36.554,0,10.699
36.555,0,10.699
36.556,0,10.699
36.557,0,10.699
36.558,0,10.699
36.559,0,10.699
36.56,0,10.699
36.561,0,10.699
36.562,0,10.699
36.563,0,10.699
36.564,0,10.699
36.565,0,10.699
36.566,0,10.699
36.567,0,10.699
36.568,0,10.699
36.569,0,10.699
36.57,0,10.699
36.571,0,10.699
36.572,0,10.699
36.573,0,10.699
36.574,0,10.699
36.575,0,10.699
36.576,0,10.699
36.577,0,10.699
36.578,0,10.699
36.579,0,10.699
36.58,0,10.699
36.581,0,10.699
36.582,0,10.699
36.583,0,10.699
36.584,0,10.699
36.585,0,10.699
36.586,0,10.699
36.587,0,10.699
36.588,0,10.699
36.589,0,10.699
36.59,0,10.699
36.591,0,10.699
36.592,0,10.699
36.593,0,10.699
36.594,0,10.699
36.595,0,10.699
36.596,0,10.699
36.597,0,10.699
36.598,0,10.699
36.599,0,10.699
36.6,0,10.699
36.601,0,10.699
36.602,0,10.699
36.603,0,10.699
36.604,0,10.699
36.605,0,10.699
36.606,0,10.699
36.607,0,10.699
36.608,0,10.699
36.609,0,10.699
36.61,0,10.699
36.611,0,10.699
36.612,0,10.699
36.613,0,10.699
36.614,0,10.699
36.615,0,10.699
36.616,0,10.699
36.617,0,10.699
36.618,0,10.699
36.619,0,10.699
36.62,0,10.699
36.621,0,10.699
36.622,0,10.699
36.623,0,10.699
36.624,0,10.699
36.625,0,10.699
36.626,0,10.699
36.627,0,10.699
36.628,0,10.699
36.629,0,10.699
36.63,0,10.699
36.631,0,10.699
36.632,0,10.699
36.633,0,10.699
36.634,0,10.699
36.635,0,10.699
36.636,0,10.699
36.637,0,10.699
36.638,0,10.699
36.639,0,10.699
36.64,0,10.699
36.641,0,10.699
36.642,0,10.699
36.643,0,10.699
36.644,0,10.699
36.645,0,10.699
36.646,0,10.699
36.647,0,10.699
36.648,0,10.699
36.649,0,10.699
36.65,0,10.699
36.651,0,10.699
36.652,0,10.699
36.653,0,10.699
36.654,0,10.699
36.655,0,10.699
36.656,0,10.699
36.657,0,10.699
36.658,0,10.699
36.659,0,10.699
36.66,0,10.699
36.661,0,10.699
36.662,0,10.699
36.663,0,10.699
36.664,0,10.699
36.665,0,10.699
36.666,0,10.699
36.667,0,10.699
36.668,0,10.699
36.669,0,10.699
36.67,0,10.699
36.671,0,10.699
36.672,0,10.699
36.673,0,10.699
36.674,0,10.699
36.675,0,10.699
36.676,0,10.699
36.677,0,10.699
36.678,0,10.699
36.679,0,10.699
36.68,0,10.699
36.681,0,10.699
36.682,0,10.699
36.683,0,10.699
36.684,0,10.699
36.685,0,10.699
36.686,0,10.699
36.687,0,10.699
36.688,0,10.699
36.689,0,10.699
36.69,0,10.699
36.691,0,10.699
36.692,0,10.699
36.693,0,10.699
36.694,0,10.699
36.695,0,10.699
36.696,0,10.699
36.697,0,10.699
36.698,0,10.699
36.699,0,10.699
36.7,0,10.699
36.701,0,10.699
36.702,0,10.699
36.703,0,10.699
36.704,0,10.699
36.705,0,10.699
36.706,0,10.699
36.707,0,10.699
36.708,0,10.699
36.709,0,10.699
36.71,0,10.699
36.711,0,10.699
36.712,0,10.699
36.713,0,10.699
36.714,0,10.699
36.715,0,10.699
36.716,0,10.699
36.717,0,10.699
36.718,0,10.699
36.719,0,10.699
36.72,0,10.699
36.721,0,10.699
36.722,0,10.699
36.723,0,10.699
36.724,0,10.699
36.725,0,10.699
36.726,0,10.699
36.727,0,10.699
36.728,0,10.699
36.729,0,10.699
36.73,0,10.699
36.731,0,10.699
36.732,0,10.699
36.733,0,10.699
36.734,0,10.699
36.735,0,10.699
36.736,0,10.699
36.737,0,10.699
36.738,0,10.699
36.739,0,10.699
36.74,0,10.699
36.741,0,10.699
36.742,0,10.699
36.743,0,10.699
36.744,0,10.699
36.745,0,10.699
36.746,0,10.699
36.747,0,10.699
36.748,0,10.699
36.749,0,10.699
36.75,0,10.699
36.751,0,10.699
36.752,0,10.699
36.753,0,10.699
36.754,0,10.699
36.755,0,10.699
36.756,0,10.699
36.757,0,10.699
36.758,0,10.699
36.759,0,10.699
36.76,0,10.699
36.761,0,10.699
36.762,0,10.699
36.763,0,10.699
36.764,0,10.699
36.765,0,10.699
36.766,0,10.699
36.767,0,10.699
36.768,0,10.699
36.769,0,10.699
36.77,0,10.699
36.771,0,10.699
36.772,0,10.699
36.773,0,10.699
36.774,0,10.699
36.775,0,10.699
36.776,0,10.699
36.777,0,10.699
36.778,0,10.699
36.779,0,10.699
36.78,0,10.699
36.781,0,10.699
36.782,0,10.699
36.783,0,10.699
36.784,0,10.699
36.785,0,10.699
36.786,0,10.699
36.787,0,10.699
36.788,0,10.699
36.789,0,10.699
36.79,0,10.699
36.791,0,10.699
36.792,0,10.699
36.793,0,10.699
36.794,0,10.699
36.795,0,10.699
36.796,0,10.699
36.797,0,10.699
36.798,0,10.699
36.799,0,10.699
36.8,0,10.699
36.801,0,10.699
36.802,0,10.699
36.803,0,10.699
36.804,0,10.699
36.805,0,10.699
36.806,0,10.699
36.807,0,10.699
36.808,0,10.699
36.809,0,10.699
36.81,0,10.699
36.811,0,10.699
36.812,0,10.699
36.813,0,10.699
36.814,0,10.699
36.815,0,10.699
36.816,0,10.699
36.817,0,10.699
36.818,0,10.699
36.819,0,10.699
36.82,0,10.699
36.821,0,10.699
36.822,0,10.699
36.823,0,10.699
36.824,0,10.699
36.825,0,10.699
36.826,0,10.699
36.827,0,10.699
36.828,0,10.699
36.829,0,10.699
36.83,0,10.699
36.831,0,10.699
36.832,0,10.699
36.833,0,10.699
36.834,0,10.699
36.835,0,10.699
36.836,0,10.699
36.837,0,10.699
36.838,0,10.699
36.839,0,10.699
36.84,0,10.699
36.841,0,10.699
36.842,0,10.699
36.843,0,10.699
36.844,0,10.699
36.845,0,10.699
36.846,0,10.699
36.847,0,10.699
36.848,0,10.699
36.849,0,10.699
36.85,0,10.699
36.851,0,10.699
36.852,0,10.699
36.853,0,10.699
36.854,0,10.699
36.855,0,10.699
36.856,0,10.699
36.857,0,10.699
36.858,0,10.699
36.859,0,10.699
36.86,0,10.699
36.861,0,10.699
36.862,0,10.699
36.863,0,10.699
36.864,0,10.699
36.865,0,10.699
36.866,0,10.699
36.867,0,10.699
36.868,0,10.699
36.869,0,10.699
36.87,0,10.699
36.871,0,10.699
36.872,0,10.699
36.873,0,10.699
36.874,0,10.699
36.875,0,10.699
36.876,0,10.699
36.877,0,10.699
36.878,0,10.699
36.879,0,10.699
36.88,0,10.699
36.881,0,10.699
36.882,0,10.699
36.883,0,10.699
36.884,0,10.699
36.885,0,10.699
36.886,0,10.699
36.887,0,10.699
36.888,0,10.699
36.889,0,10.699
36.89,0,10.699
36.891,0,10.699
36.892,0,10.699
36.893,0,10.699
36.894,0,10.699
36.895,0,10.699
36.896,0,10.699
36.897,0,10.699
36.898,0,10.699
36.899,0,10.699
36.9,0,10.699
36.901,0,10.699
36.902,0,10.699
36.903,0,10.699
36.904,0,10.699
36.905,0,10.699
36.906,0,10.699
36.907,0,10.699
36.908,0,10.699
36.909,0,10.699
36.91,0,10.699
36.911,0,10.699
36.912,0,10.699
36.913,0,10.699
36.914,0,10.699
36.915,0,10.699
36.916,0,10.699
36.917,0,10.699
36.918,0,10.699
36.919,0,10.699
36.92,0,10.699
36.921,0,10.699
36.922,0,10.699
36.923,0,10.699
36.924,0,10.699
36.925,0,10.699
36.926,0,10.699
36.927,0,10.699
36.928,0,10.699
36.929,0,10.699
36.93,0,10.699
36.931,0,10.699
36.932,0,10.699
36.933,0,10.699
36.934,0,10.699
36.935,0,10.699
36.936,0,10.699
36.937,0,10.699
36.938,0,10.699
36.939,0,10.699
36.94,0,10.699
36.941,0,10.699
36.942,0,10.699
36.943,0,10.699
36.944,0,10.699
36.945,0,10.699
36.946,0,10.699
36.947,0,10.699
36.948,0,10.699
36.949,0,10.699
36.95,0,10.699
36.951,0,10.699
36.952,0,10.699
36.953,0,10.699
36.954,0,10.699
36.955,0,10.699
36.956,0,10.699
36.957,0,10.699
36.958,0,10.699
36.959,0,10.699
36.96,0,10.699
36.961,0,10.699
36.962,0,10.699
36.963,0,10.699
36.964,0,10.699
36.965,0,10.699
36.966,0,10.699
36.967,0,10.699
36.968,0,10.699
36.969,0,10.699
36.97,0,10.699
36.971,0,10.699
36.972,0,10.699
36.973,0,10.699
36.974,0,10.699
36.975,0,10.699
36.976,0,10.699
36.977,0,10.699
36.978,0,10.699
36.979,0,10.699
36.98,0,10.699
36.981,0,10.699
36.982,0,10.699
36.983,0,10.699
36.984,0,10.699
36.985,0,10.699
36.986,0,10.699
36.987,0,10.699
36.988,0,10.699
36.989,0,10.699
36.99,0,10.699
36.991,0,10.699
36.992,0,10.699
36.993,0,10.699
36.994,0,10.699
36.995,0,10.699
36.996,0,10.699
36.997,0,10.699
36.998,0,10.699
36.999,0,10.699
37,0,10.699
37.001,0,10.699
37.002,0,10.699
37.003,0,10.699
37.004,0,10.699
37.005,0,10.699
37.006,0,10.699
37.007,0,10.699
37.008,0,10.699
37.009,0,10.699
37.01,0,10.699
37.011,0,10.699
37.012,0,10.699
37.013,0,10.699
37.014,0,10.699
37.015,0,10.699
37.016,0,10.699
37.017,0,10.699
37.018,0,10.699
37.019,0,10.699
37.02,0,10.699
37.021,0,10.699
37.022,0,10.699
37.023,0,10.699
37.024,0,10.699
37.025,0,10.699
37.026,0,10.699
37.027,0,10.699
37.028,0,10.699
37.029,0,10.699
37.03,0,10.699
37.031,0,10.699
37.032,0,10.699
37.033,0,10.699
37.034,0,10.699
37.035,0,10.699
37.036,0,10.699
37.037,0,10.699
37.038,0,10.699
37.039,0,10.699
37.04,0,10.699
37.041,0,10.699
37.042,0,10.699
37.043,0,10.699
37.044,0,10.699
37.045,0,10.699
37.046,0,10.699
37.047,0,10.699
37.048,0,10.699
37.049,0,10.699
37.05,0,10.699
37.051,0,10.699
37.052,0,10.699
37.053,0,10.699
37.054,0,10.699
37.055,0,10.699
37.056,0,10.699
37.057,0,10.699
37.058,0,10.699
37.059,0,10.699
37.06,0,10.699
37.061,0,10.699
37.062,0,10.699
37.063,0,10.699
37.064,0,10.699
37.065,0,10.699
37.066,0,10.699
37.067,0,10.699
37.068,0,10.699
37.069,0,10.699
37.07,0,10.699
37.071,0,10.699
37.072,0,10.699
37.073,0,10.699
37.074,0,10.699
37.075,0,10.699
37.076,0,10.699
37.077,0,10.699
37.078,0,10.699
37.079,0,10.699
37.08,0,10.699
37.081,0,10.699
37.082,0,10.699
37.083,0,10.699
37.084,0,10.699
37.085,0,10.699
37.086,0,10.699
37.087,0,10.699
37.088,0,10.699
37.089,0,10.699
37.09,0,10.699
37.091,0,10.699
37.092,0,10.699
37.093,0,10.699
37.094,0,10.699
37.095,0,10.699
37.096,0,10.699
37.097,0,10.699
37.098,0,10.699
37.099,0,10.699
37.1,0,10.699
37.101,0,10.699
37.102,0,10.699
37.103,0,10.699
37.104,0,10.699
37.105,0,10.699
37.106,0,10.699
37.107,0,10.699
37.108,0,10.699
37.109,0,10.699
37.11,0,10.699
37.111,0,10.699
37.112,0,10.699
37.113,0,10.699
37.114,0,10.699
37.115,0,10.699
37.116,0,10.699
37.117,0,10.699
37.118,0,10.699
37.119,0,10.699
37.12,0,10.699
37.121,0,10.699
37.122,0,10.699
37.123,0,10.699
37.124,0,10.699
37.125,0,10.699
37.126,0,10.699
37.127,0,10.699
37.128,0,10.699
37.129,0,10.699
37.13,0,10.699
37.131,0,10.699
37.132,0,10.699
37.133,0,10.699
37.134,0,10.699
37.135,0,10.699
37.136,0,10.699
37.137,0,10.699
37.138,0,10.699
37.139,0,10.699
37.14,0,10.699
37.141,0,10.699
37.142,0,10.699
37.143,0,10.699
37.144,0,10.699
37.145,0,10.699
37.146,0,10.699
37.147,0,10.699
37.148,0,10.699
37.149,0,10.699
37.15,0,10.699
37.151,0,10.699
37.152,0,10.699
37.153,0,10.699
37.154,0,10.699
37.155,0,10.699
37.156,0,10.699
37.157,0,10.699
37.158,0,10.699
37.159,0,10.699
37.16,0,10.699
37.161,0,10.699
37.162,0,10.699
37.163,0,10.699
37.164,0,10.699
37.165,0,10.699
37.166,0,10.699
37.167,0,10.699
37.168,0,10.699
37.169,0,10.699
37.17,0,10.699
37.171,0,10.699
37.172,0,10.699
37.173,0,10.699
37.174,0,10.699
37.175,0,10.699
37.176,0,10.699
37.177,0,10.699
37.178,0,10.699
37.179,0,10.699
37.18,0,10.699
37.181,0,10.699
37.182,0,10.699
37.183,0,10.699
37.184,0,10.699
37.185,0,10.699
37.186,0,10.699
37.187,0,10.699
37.188,0,10.699
37.189,0,10.699
37.19,0,10.699
37.191,0,10.699
37.192,0,10.699
37.193,0,10.699
37.194,0,10.699
37.195,0,10.699
37.196,0,10.699
37.197,0,10.699
37.198,0,10.699
37.199,0,10.699
37.2,0,10.699
37.201,0,10.699
37.202,0,10.699
37.203,0,10.699
37.204,0,10.699
37.205,0,10.699
37.206,0,10.699
37.207,0,10.699
37.208,0,10.699
37.209,0,10.699
37.21,0,10.699
37.211,0,10.699
37.212,0,10.699
37.213,0,10.699
37.214,0,10.699
37.215,0,10.699
37.216,0,10.699
37.217,0,10.699
37.218,0,10.699
37.219,0,10.699
37.22,0,10.699
37.221,0,10.699
37.222,0,10.699
37.223,0,10.699
37.224,0,10.699
37.225,0,10.699
37.226,0,10.699
37.227,0,10.699
37.228,0,10.699
37.229,0,10.699
37.23,0,10.699
37.231,0,10.699
37.232,0,10.699
37.233,0,10.699
37.234,0,10.699
37.235,0,10.699
37.236,0,10.699
37.237,0,10.699
37.238,0,10.699
37.239,0,10.699
37.24,0,10.699
37.241,0,10.699
37.242,0,10.699
37.243,0,10.699
37.244,0,10.699
37.245,0,10.699
37.246,0,10.699
37.247,0,10.699
37.248,0,10.699
37.249,0,10.699
37.25,0,10.699
37.251,0,10.699
37.252,0,10.699
37.253,0,10.699
37.254,0,10.699
37.255,0,10.699
37.256,0,10.699
37.257,0,10.699
37.258,0,10.699
37.259,0,10.699
37.26,0,10.699
37.261,0,10.699
37.262,0,10.699
37.263,0,10.699
37.264,0,10.699
37.265,0,10.699
37.266,0,10.699
37.267,0,10.699
37.268,0,10.699
37.269,0,10.699
37.27,0,10.699
37.271,0,10.699
37.272,0,10.699
37.273,0,10.699
37.274,0,10.699
37.275,0,10.699
37.276,0,10.699
37.277,0,10.699
37.278,0,10.699
37.279,0,10.699
37.28,0,10.699
37.281,0,10.699
37.282,0,10.699
37.283,0,10.699
37.284,0,10.699
37.285,0,10.699
37.286,0,10.699
37.287,0,10.699
37.288,0,10.699
37.289,0,10.699
37.29,0,10.699
37.291,0,10.699
37.292,0,10.699
37.293,0,10.699
37.294,0,10.699
37.295,0,10.699
37.296,0,10.699
37.297,0,10.699
37.298,0,10.699
37.299,0,10.699
37.3,0,10.699
37.301,0,10.699
37.302,0,10.699
37.303,0,10.699
37.304,0,10.699
37.305,0,10.699
37.306,0,10.699
37.307,0,10.699
37.308,0,10.699
37.309,0,10.699
37.31,0,10.699
37.311,0,10.699
37.312,0,10.699
37.313,0,10.699
37.314,0,10.699
37.315,0,10.699
37.316,0,10.699
37.317,0,10.699
37.318,0,10.699
37.319,0,10.699
37.32,0,10.699
37.321,0,10.699
37.322,0,10.699
37.323,0,10.699
37.324,0,10.699
37.325,0,10.699
37.326,0,10.699
37.327,0,10.699
37.328,0,10.699
37.329,0,10.699
37.33,0,10.699
37.331,0,10.699
37.332,0,10.699
37.333,0,10.699
37.334,0,10.699
37.335,0,10.699
37.336,0,10.699
37.337,0,10.699
37.338,0,10.699
37.339,0,10.699
37.34,0,10.699
37.341,0,10.699
37.342,0,10.699
37.343,0,10.699
37.344,0,10.699
37.345,0,10.699
37.346,0,10.699
37.347,0,10.699
37.348,0,10.699
37.349,0,10.699
37.35,0,10.699
37.351,0,10.699
37.352,0,10.699
37.353,0,10.699
37.354,0,10.699
37.355,0,10.699
37.356,0,10.699
37.357,0,10.699
37.358,0,10.699
37.359,0,10.699
37.36,0,10.699
37.361,0,10.699
37.362,0,10.699
37.363,0,10.699
37.364,0,10.699
37.365,0,10.699
37.366,0,10.699
37.367,0,10.699
37.368,0,10.699
37.369,0,10.699
37.37,0,10.699
37.371,0,10.699
37.372,0,10.699
37.373,0,10.699
37.374,0,10.699
37.375,0,10.699
37.376,0,10.699
37.377,0,10.699
37.378,0,10.699
37.379,0,10.699
37.38,0,10.699
37.381,0,10.699
37.382,0,10.699
37.383,0,10.699
37.384,0,10.699
37.385,0,10.699
37.386,0,10.699
37.387,0,10.699
37.388,0,10.699
37.389,0,10.699
37.39,0,10.699
37.391,0,10.699
37.392,0,10.699
37.393,0,10.699
37.394,0,10.699
37.395,0,10.699
37.396,0,10.699
37.397,0,10.699
37.398,0,10.699
37.399,0,10.699
37.4,0,10.699
37.401,0,10.699
37.402,0,10.699
37.403,0,10.699
37.404,0,10.699
37.405,0,10.699
37.406,0,10.699
37.407,0,10.699
37.408,0,10.699
37.409,0,10.699
37.41,0,10.699
37.411,0,10.699
37.412,0,10.699
37.413,0,10.699
37.414,0,10.699
37.415,0,10.699
37.416,0,10.699
37.417,0,10.699
37.418,0,10.699
37.419,0,10.699
37.42,0,10.699
37.421,0,10.699
37.422,0,10.699
37.423,0,10.699
37.424,0,10.699
37.425,0,10.699
37.426,0,10.699
37.427,0,10.699
37.428,0,10.699
37.429,0,10.699
37.43,0,10.699
37.431,0,10.699
37.432,0,10.699
37.433,0,10.699
37.434,0,10.699
37.435,0,10.699
37.436,0,10.699
37.437,0,10.699
37.438,0,10.699
37.439,0,10.699
37.44,0,10.699
37.441,0,10.699
37.442,0,10.699
37.443,0,10.699
37.444,0,10.699
37.445,0,10.699
37.446,0,10.699
37.447,0,10.699
37.448,0,10.699
37.449,0,10.699
37.45,0,10.699
37.451,0,10.699
37.452,0,10.699
37.453,0,10.699
37.454,0,10.699
37.455,0,10.699
37.456,0,10.699
37.457,0,10.699
37.458,0,10.699
37.459,0,10.699
37.46,0,10.699
37.461,0,10.699
37.462,0,10.699
37.463,0,10.699
37.464,0,10.699
37.465,0,10.699
37.466,0,10.699
37.467,0,10.699
37.468,0,10.699
37.469,0,10.699
37.47,0,10.699
37.471,0,10.699
37.472,0,10.699
37.473,0,10.699
37.474,0,10.699
37.475,0,10.699
37.476,0,10.699
37.477,0,10.699
37.478,0,10.699
37.479,0,10.699
37.48,0,10.699
37.481,0,10.699
37.482,0,10.699
37.483,0,10.699
37.484,0,10.699
37.485,0,10.699
37.486,0,10.699
37.487,0,10.699
37.488,0,10.699
37.489,0,10.699
37.49,0,10.699
37.491,0,10.699
37.492,0,10.699
37.493,0,10.699
37.494,0,10.699
37.495,0,10.699
37.496,0,10.699
37.497,0,10.699
37.498,0,10.699
37.499,0,10.699
37.5,0,10.699
37.501,0,10.699
37.502,0,10.699
37.503,0,10.699
37.504,0,10.699
37.505,0,10.699
37.506,0,10.699
37.507,0,10.699
37.508,0,10.699
37.509,0,10.699
37.51,0,10.699
37.511,0,10.699
37.512,0,10.699
37.513,0,10.699
37.514,0,10.699
37.515,0,10.699
37.516,0,10.699
37.517,0,10.699
37.518,0,10.699
37.519,0,10.699
37.52,0,10.699
37.521,0,10.699
37.522,0,10.699
37.523,0,10.699
37.524,0,10.699
37.525,0,10.699
37.526,0,10.699
37.527,0,10.699
37.528,0,10.699
37.529,0,10.699
37.53,0,10.699
37.531,0,10.699
37.532,0,10.699
37.533,0,10.699
37.534,0,10.699
37.535,0,10.699
37.536,0,10.699
37.537,0,10.699
37.538,0,10.699
37.539,0,10.699
37.54,0,10.699
37.541,0,10.699
37.542,0,10.699
37.543,0,10.699
37.544,0,10.699
37.545,0,10.699
37.546,0,10.699
37.547,0,10.699
37.548,0,10.699
37.549,0,10.699
37.55,0,10.699
37.551,0,10.699
37.552,0,10.699
37.553,0,10.699
37.554,0,10.699
37.555,0,10.699
37.556,0,10.699
37.557,0,10.699
37.558,0,10.699
37.559,0,10.699
37.56,0,10.699
37.561,0,10.699
37.562,0,10.699
37.563,0,10.699
37.564,0,10.699
37.565,0,10.699
37.566,0,10.699
37.567,0,10.699
37.568,0,10.699
37.569,0,10.699
37.57,0,10.699
37.571,0,10.699
37.572,0,10.699
37.573,0,10.699
37.574,0,10.699
37.575,0,10.699
37.576,0,10.699
37.577,0,10.699
37.578,0,10.699
37.579,0,10.699
37.58,0,10.699
37.581,0,10.699
37.582,0,10.699
37.583,0,10.699
37.584,0,10.699
37.585,0,10.699
37.586,0,10.699
37.587,0,10.699
37.588,0,10.699
37.589,0,10.699
37.59,0,10.699
37.591,0,10.699
37.592,0,10.699
37.593,0,10.699
37.594,0,10.699
37.595,0,10.699
37.596,0,10.699
37.597,0,10.699
37.598,0,10.699
37.599,0,10.699
37.6,0,10.699
37.601,0,10.699
37.602,0,10.699
37.603,0,10.699
37.604,0,10.699
37.605,0,10.699
37.606,0,10.699
37.607,0,10.699
37.608,0,10.699
37.609,0,10.699
37.61,0,10.699
37.611,0,10.699
37.612,0,10.699
37.613,0,10.699
37.614,0,10.699
37.615,0,10.699
37.616,0,10.699
37.617,0,10.699
37.618,0,10.699
37.619,0,10.699
37.62,0,10.699
37.621,0,10.699
37.622,0,10.699
37.623,0,10.699
37.624,0,10.699
37.625,0,10.699
37.626,0,10.699
37.627,0,10.699
37.628,0,10.699
37.629,0,10.699
37.63,0,10.699
37.631,0,10.699
37.632,0,10.699
37.633,0,10.699
37.634,0,10.699
37.635,0,10.699
37.636,0,10.699
37.637,0,10.699
37.638,0,10.699
37.639,0,10.699
37.64,0,10.699
37.641,0,10.699
37.642,0,10.699
37.643,0,10.699
37.644,0,10.699
37.645,0,10.699
37.646,0,10.699
37.647,0,10.699
37.648,0,10.699
37.649,0,10.699
37.65,0,10.699
37.651,0,10.699
37.652,0,10.699
37.653,0,10.699
37.654,0,10.699
37.655,0,10.699
37.656,0,10.699
37.657,0,10.699
37.658,0,10.699
37.659,0,10.699
37.66,0,10.699
37.661,0,10.699
37.662,0,10.699
37.663,0,10.699
37.664,0,10.699
37.665,0,10.699
37.666,0,10.699
37.667,0,10.699
37.668,0,10.699
37.669,0,10.699
37.67,0,10.699
37.671,0,10.699
37.672,0,10.699
37.673,0,10.699
37.674,0,10.699
37.675,0,10.699
37.676,0,10.699
37.677,0,10.699
37.678,0,10.699
37.679,0,10.699
37.68,0,10.699
37.681,0,10.699
37.682,0,10.699
37.683,0,10.699
37.684,0,10.699
37.685,0,10.699
37.686,0,10.699
37.687,0,10.699
37.688,0,10.699
37.689,0,10.699
37.69,0,10.699
37.691,0,10.699
37.692,0,10.699
37.693,0,10.699
37.694,0,10.699
37.695,0,10.699
37.696,0,10.699
37.697,0,10.699
37.698,0,10.699
37.699,0,10.699
37.7,0,10.699
37.701,0,10.699
37.702,0,10.699
37.703,0,10.699
37.704,0,10.699
37.705,0,10.699
37.706,0,10.699
37.707,0,10.699
37.708,0,10.699
37.709,0,10.699
37.71,0,10.699
37.711,0,10.699
37.712,0,10.699
37.713,0,10.699
37.714,0,10.699
37.715,0,10.699
37.716,0,10.699
37.717,0,10.699
37.718,0,10.699
37.719,0,10.699
37.72,0,10.699
37.721,0,10.699
37.722,0,10.699
37.723,0,10.699
37.724,0,10.699
37.725,0,10.699
37.726,0,10.699
37.727,0,10.699
37.728,0,10.699
37.729,0,10.699
37.73,0,10.699
37.731,0,10.699
37.732,0,10.699
37.733,0,10.699
37.734,0,10.699
37.735,0,10.699
37.736,0,10.699
37.737,0,10.699
37.738,0,10.699
37.739,0,10.699
37.74,0,10.699
37.741,0,10.699
37.742,0,10.699
37.743,0,10.699
37.744,0,10.699
37.745,0,10.699
37.746,0,10.699
37.747,0,10.699
37.748,0,10.699
37.749,0,10.699
37.75,0,10.699
37.751,0,10.699
37.752,0,10.699
37.753,0,10.699
37.754,0,10.699
37.755,0,10.699
37.756,0,10.699
37.757,0,10.699
37.758,0,10.699
37.759,0,10.699
37.76,0,10.699
37.761,0,10.699
37.762,0,10.699
37.763,0,10.699
37.764,0,10.699
37.765,0,10.699
37.766,0,10.699
37.767,0,10.699
37.768,0,10.699
37.769,0,10.699
37.77,0,10.699
37.771,0,10.699
37.772,0,10.699
37.773,0,10.699
37.774,0,10.699
37.775,0,10.699
37.776,0,10.699
37.777,0,10.699
37.778,0,10.699
37.779,0,10.699
37.78,0,10.699
37.781,0,10.699
37.782,0,10.699
37.783,0,10.699
37.784,0,10.699
37.785,0,10.699
37.786,0,10.699
37.787,0,10.699
37.788,0,10.699
37.789,0,10.699
37.79,0,10.699
37.791,0,10.699
37.792,0,10.699
37.793,0,10.699
37.794,0,10.699
37.795,0,10.699
37.796,0,10.699
37.797,0,10.699
37.798,0,10.699
37.799,0,10.699
37.8,0,10.699
37.801,0,10.699
37.802,0,10.699
37.803,0,10.699
37.804,0,10.699
37.805,0,10.699
37.806,0,10.699
37.807,0,10.699
37.808,0,10.699
37.809,0,10.699
37.81,0,10.699
37.811,0,10.699
37.812,0,10.699
37.813,0,10.699
37.814,0,10.699
37.815,0,10.699
37.816,0,10.699
37.817,0,10.699
37.818,0,10.699
37.819,0,10.699
37.82,0,10.699
37.821,0,10.699
37.822,0,10.699
37.823,0,10.699
37.824,0,10.699
37.825,0,10.699
37.826,0,10.699
37.827,0,10.699
37.828,0,10.699
37.829,0,10.699
37.83,0,10.699
37.831,0,10.699
37.832,0,10.699
37.833,0,10.699
37.834,0,10.699
37.835,0,10.699
37.836,0,10.699
37.837,0,10.699
37.838,0,10.699
37.839,0,10.699
37.84,0,10.699
37.841,0,10.699
37.842,0,10.699
37.843,0,10.699
37.844,0,10.699
37.845,0,10.699
37.846,0,10.699
37.847,0,10.699
37.848,0,10.699
37.849,0,10.699
37.85,0,10.699
37.851,0,10.699
37.852,0,10.699
37.853,0,10.699
37.854,0,10.699
37.855,0,10.699
37.856,0,10.699
37.857,0,10.699
37.858,0,10.699
37.859,0,10.699
37.86,0,10.699
37.861,0,10.699
37.862,0,10.699
37.863,0,10.699
37.864,0,10.699
37.865,0,10.699
37.866,0,10.699
37.867,0,10.699
37.868,0,10.699
37.869,0,10.699
37.87,0,10.699
37.871,0,10.699
37.872,0,10.699
37.873,0,10.699
37.874,0,10.699
37.875,0,10.699
37.876,0,10.699
37.877,0,10.699
37.878,0,10.699
37.879,0,10.699
37.88,0,10.699
37.881,0,10.699
37.882,0,10.699
37.883,0,10.699
37.884,0,10.699
37.885,0,10.699
37.886,0,10.699
37.887,0,10.699
37.888,0,10.699
37.889,0,10.699
37.89,0,10.699
37.891,0,10.699
37.892,0,10.699
37.893,0,10.699
37.894,0,10.699
37.895,0,10.699
37.896,0,10.699
37.897,0,10.699
37.898,0,10.699
37.899,0,10.699
37.9,0,10.699
37.901,0,10.699
37.902,0,10.699
37.903,0,10.699
37.904,0,10.699
37.905,0,10.699
37.906,0,10.699
37.907,0,10.699
37.908,0,10.699
37.909,0,10.699
37.91,0,10.699
37.911,0,10.699
37.912,0,10.699
37.913,0,10.699
37.914,0,10.699
37.915,0,10.699
37.916,0,10.699
37.917,0,10.699
37.918,0,10.699
37.919,0,10.699
37.92,0,10.699
37.921,0,10.699
37.922,0,10.699
37.923,0,10.699
37.924,0,10.699
37.925,0,10.699
37.926,0,10.699
37.927,0,10.699
37.928,0,10.699
37.929,0,10.699
37.93,0,10.699
37.931,0,10.699
37.932,0,10.699
37.933,0,10.699
37.934,0,10.699
37.935,0,10.699
37.936,0,10.699
37.937,0,10.699
37.938,0,10.699
37.939,0,10.699
37.94,0,10.699
37.941,0,10.699
37.942,0,10.699
37.943,0,10.699
37.944,0,10.699
37.945,0,10.699
37.946,0,10.699
37.947,0,10.699
37.948,0,10.699
37.949,0,10.699
37.95,0,10.699
37.951,0,10.699
37.952,0,10.699
37.953,0,10.699
37.954,0,10.699
37.955,0,10.699
37.956,0,10.699
37.957,0,10.699
37.958,0,10.699
37.959,0,10.699
37.96,0,10.699
37.961,0,10.699
37.962,0,10.699
37.963,0,10.699
37.964,0,10.699
37.965,0,10.699
37.966,0,10.699
37.967,0,10.699
37.968,0,10.699
37.969,0,10.699
37.97,0,10.699
37.971,0,10.699
37.972,0,10.699
37.973,0,10.699
37.974,0,10.699
37.975,0,10.699
37.976,0,10.699
37.977,0,10.699
37.978,0,10.699
37.979,0,10.699
37.98,0,10.699
37.981,0,10.699
37.982,0,10.699
37.983,0,10.699
37.984,0,10.699
37.985,0,10.699
37.986,0,10.699
37.987,0,10.699
37.988,0,10.699
37.989,0,10.699
37.99,0,10.699
37.991,0,10.699
37.992,0,10.699
37.993,0,10.699
37.994,0,10.699
37.995,0,10.699
37.996,0,10.699
37.997,0,10.699
37.998,0,10.699
37.999,0,10.699
38,0,10.699
38.001,0,10.699
38.002,0,10.699
38.003,0,10.699
38.004,0,10.699
38.005,0,10.699
38.006,0,10.699
38.007,0,10.699
38.008,0,10.699
38.009,0,10.699
38.01,0,10.699
38.011,0,10.699
38.012,0,10.699
38.013,0,10.699
38.014,0,10.699
38.015,0,10.699
38.016,0,10.699
38.017,0,10.699
38.018,0,10.699
38.019,0,10.699
38.02,0,10.699
38.021,0,10.699
38.022,0,10.699
38.023,0,10.699
38.024,0,10.699
38.025,0,10.699
38.026,0,10.699
38.027,0,10.699
38.028,0,10.699
38.029,0,10.699
38.03,0,10.699
38.031,0,10.699
38.032,0,10.699
38.033,0,10.699
38.034,0,10.699
38.035,0,10.699
38.036,0,10.699
38.037,0,10.699
38.038,0,10.699
38.039,0,10.699
38.04,0,10.699
38.041,0,10.699
38.042,0,10.699
38.043,0,10.699
38.044,0,10.699
38.045,0,10.699
38.046,0,10.699
38.047,0,10.699
38.048,0,10.699
38.049,0,10.699
38.05,0,10.699
38.051,0,10.699
38.052,0,10.699
38.053,0,10.699
38.054,0,10.699
38.055,0,10.699
38.056,0,10.699
38.057,0,10.699
38.058,0,10.699
38.059,0,10.699
38.06,0,10.699
38.061,0,10.699
38.062,0,10.699
38.063,0,10.699
38.064,0,10.699
38.065,0,10.699
38.066,0,10.699
38.067,0,10.699
38.068,0,10.699
38.069,0,10.699
38.07,0,10.699
38.071,0,10.699
38.072,0,10.699
38.073,0,10.699
38.074,0,10.699
38.075,0,10.699
38.076,0,10.699
38.077,0,10.699
38.078,0,10.699
38.079,0,10.699
38.08,0,10.699
38.081,0,10.699
38.082,0,10.699
38.083,0,10.699
38.084,0,10.699
38.085,0,10.699
38.086,0,10.699
38.087,0,10.699
38.088,0,10.699
38.089,0,10.699
38.09,0,10.699
38.091,0,10.699
38.092,0,10.699
38.093,0,10.699
38.094,0,10.699
38.095,0,10.699
38.096,0,10.699
38.097,0,10.699
38.098,0,10.699
38.099,0,10.699
38.1,0,10.699
38.101,0,10.699
38.102,0,10.699
38.103,0,10.699
38.104,0,10.699
38.105,0,10.699
38.106,0,10.699
38.107,0,10.699
38.108,0,10.699
38.109,0,10.699
38.11,0,10.699
38.111,0,10.699
38.112,0,10.699
38.113,0,10.699
38.114,0,10.699
38.115,0,10.699
38.116,0,10.699
38.117,0,10.699
38.118,0,10.699
38.119,0,10.699
38.12,0,10.699
38.121,0,10.699
38.122,0,10.699
38.123,0,10.699
38.124,0,10.699
38.125,0,10.699
38.126,0,10.699
38.127,0,10.699
38.128,0,10.699
38.129,0,10.699
38.13,0,10.699
38.131,0,10.699
38.132,0,10.699
38.133,0,10.699
38.134,0,10.699
38.135,0,10.699
38.136,0,10.699
38.137,0,10.699
38.138,0,10.699
38.139,0,10.699
38.14,0,10.699
38.141,0,10.699
38.142,0,10.699
38.143,0,10.699
38.144,0,10.699
38.145,0,10.699
38.146,0,10.699
38.147,0,10.699
38.148,0,10.699
38.149,0,10.699
38.15,0,10.699
38.151,0,10.699
38.152,0,10.699
38.153,0,10.699
38.154,0,10.699
38.155,0,10.699
38.156,0,10.699
38.157,0,10.699
38.158,0,10.699
38.159,0,10.699
38.16,0,10.699
38.161,0,10.699
38.162,0,10.699
38.163,0,10.699
38.164,0,10.699
38.165,0,10.699
38.166,0,10.699
38.167,0,10.699
38.168,0,10.699
38.169,0,10.699
38.17,0,10.699
38.171,0,10.699
38.172,0,10.699
38.173,0,10.699
38.174,0,10.699
38.175,0,10.699
38.176,0,10.699
38.177,0,10.699
38.178,0,10.699
38.179,0,10.699
38.18,0,10.699
38.181,0,10.699
38.182,0,10.699
38.183,0,10.699
38.184,0,10.699
38.185,0,10.699
38.186,0,10.699
38.187,0,10.699
38.188,0,10.699
38.189,0,10.699
38.19,0,10.699
38.191,0,10.699
38.192,0,10.699
38.193,0,10.699
38.194,0,10.699
38.195,0,10.699
38.196,0,10.699
38.197,0,10.699
38.198,0,10.699
38.199,0,10.699
38.2,0,10.699
38.201,0,10.699
38.202,0,10.699
38.203,0,10.699
38.204,0,10.699
38.205,0,10.699
38.206,0,10.699
38.207,0,10.699
38.208,0,10.699
38.209,0,10.699
38.21,0,10.699
38.211,0,10.699
38.212,0,10.699
38.213,0,10.699
38.214,0,10.699
38.215,0,10.699
38.216,0,10.699
38.217,0,10.699
38.218,0,10.699
38.219,0,10.699
38.22,0,10.699
38.221,0,10.699
38.222,0,10.699
38.223,0,10.699
38.224,0,10.699
38.225,0,10.699
38.226,0,10.699
38.227,0,10.699
38.228,0,10.699
38.229,0,10.699
38.23,0,10.699
38.231,0,10.699
38.232,0,10.699
38.233,0,10.699
38.234,0,10.699
38.235,0,10.699
38.236,0,10.699
38.237,0,10.699
38.238,0,10.699
38.239,0,10.699
38.24,0,10.699
38.241,0,10.699
38.242,0,10.699
38.243,0,10.699
38.244,0,10.699
38.245,0,10.699
38.246,0,10.699
38.247,0,10.699
38.248,0,10.699
38.249,0,10.699
38.25,0,10.699
38.251,0,10.699
38.252,0,10.699
38.253,0,10.699
38.254,0,10.699
38.255,0,10.699
38.256,0,10.699
38.257,0,10.699
38.258,0,10.699
38.259,0,10.699
38.26,0,10.699
38.261,0,10.699
38.262,0,10.699
38.263,0,10.699
38.264,0,10.699
38.265,0,10.699
38.266,0,10.699
38.267,0,10.699
38.268,0,10.699
38.269,0,10.699
38.27,0,10.699
38.271,0,10.699
38.272,0,10.699
38.273,0,10.699
38.274,0,10.699
38.275,0,10.699
38.276,0,10.699
38.277,0,10.699
38.278,0,10.699
38.279,0,10.699
38.28,0,10.699
38.281,0,10.699
38.282,0,10.699
38.283,0,10.699
38.284,0,10.699
38.285,0,10.699
38.286,0,10.699
38.287,0,10.699
38.288,0,10.699
38.289,0,10.699
38.29,0,10.699
38.291,0,10.699
38.292,0,10.699
38.293,0,10.699
38.294,0,10.699
38.295,0,10.699
38.296,0,10.699
38.297,0,10.699
38.298,0,10.699
38.299,0,10.699
38.3,0,10.699
38.301,0,10.699
38.302,0,10.699
38.303,0,10.699
38.304,0,10.699
38.305,0,10.699
38.306,0,10.699
38.307,0,10.699
38.308,0,10.699
38.309,0,10.699
38.31,0,10.699
38.311,0,10.699
38.312,0,10.699
38.313,0,10.699
38.314,0,10.699
38.315,0,10.699
38.316,0,10.699
38.317,0,10.699
38.318,0,10.699
38.319,0,10.699
38.32,0,10.699
38.321,0,10.699
38.322,0,10.699
38.323,0,10.699
38.324,0,10.699
38.325,0,10.699
38.326,0,10.699
38.327,0,10.699
38.328,0,10.699
38.329,0,10.699
38.33,0,10.699
38.331,0,10.699
38.332,0,10.699
38.333,0,10.699
38.334,0,10.699
38.335,0,10.699
38.336,0,10.699
38.337,0,10.699
38.338,0,10.699
38.339,0,10.699
38.34,0,10.699
38.341,0,10.699
38.342,0,10.699
38.343,0,10.699
38.344,0,10.699
38.345,0,10.699
38.346,0,10.699
38.347,0,10.699
38.348,0,10.699
38.349,0,10.699
38.35,0,10.699
38.351,0,10.699
38.352,0,10.699
38.353,0,10.699
38.354,0,10.699
38.355,0,10.699
38.356,0,10.699
38.357,0,10.699
38.358,0,10.699
38.359,0,10.699
38.36,0,10.699
38.361,0,10.699
38.362,0,10.699
38.363,0,10.699
38.364,0,10.699
38.365,0,10.699
38.366,0,10.699
38.367,0,10.699
38.368,0,10.699
38.369,0,10.699
38.37,0,10.699
38.371,0,10.699
38.372,0,10.699
38.373,0,10.699
38.374,0,10.699
38.375,0,10.699
38.376,0,10.699
38.377,0,10.699
38.378,0,10.699
38.379,0,10.699
38.38,0,10.699
38.381,0,10.699
38.382,0,10.699
38.383,0,10.699
38.384,0,10.699
38.385,0,10.699
38.386,0,10.699
38.387,0,10.699
38.388,0,10.699
38.389,0,10.699
38.39,0,10.699
38.391,0,10.699
38.392,0,10.699
38.393,0,10.699
38.394,0,10.699
38.395,0,10.699
38.396,0,10.699
38.397,0,10.699
38.398,0,10.699
38.399,0,10.699
38.4,0,10.699
38.401,0,10.699
38.402,0,10.699
38.403,0,10.699
38.404,0,10.699
38.405,0,10.699
38.406,0,10.699
38.407,0,10.699
38.408,0,10.699
38.409,0,10.699
38.41,0,10.699
38.411,0,10.699
38.412,0,10.699
38.413,0,10.699
38.414,0,10.699
38.415,0,10.699
38.416,0,10.699
38.417,0,10.699
38.418,0,10.699
38.419,0,10.699
38.42,0,10.699
38.421,0,10.699
38.422,0,10.699
38.423,0,10.699
38.424,0,10.699
38.425,0,10.699
38.426,0,10.699
38.427,0,10.699
38.428,0,10.699
38.429,0,10.699
38.43,0,10.699
38.431,0,10.699
38.432,0,10.699
38.433,0,10.699
38.434,0,10.699
38.435,0,10.699
38.436,0,10.699
38.437,0,10.699
38.438,0,10.699
38.439,0,10.699
38.44,0,10.699
38.441,0,10.699
38.442,0,10.699
38.443,0,10.699
38.444,0,10.699
38.445,0,10.699
38.446,0,10.699
38.447,0,10.699
38.448,0,10.699
38.449,0,10.699
38.45,0,10.699
38.451,0,10.699
38.452,0,10.699
38.453,0,10.699
38.454,0,10.699
38.455,0,10.699
38.456,0,10.699
38.457,0,10.699
38.458,0,10.699
38.459,0,10.699
38.46,0,10.699
38.461,0,10.699
38.462,0,10.699
38.463,0,10.699
38.464,0,10.699
38.465,0,10.699
38.466,0,10.699
38.467,0,10.699
38.468,0,10.699
38.469,0,10.699
38.47,0,10.699
38.471,0,10.699
38.472,0,10.699
38.473,0,10.699
38.474,0,10.699
38.475,0,10.699
38.476,0,10.699
38.477,0,10.699
38.478,0,10.699
38.479,0,10.699
38.48,0,10.699
38.481,0,10.699
38.482,0,10.699
38.483,0,10.699
38.484,0,10.699
38.485,0,10.699
38.486,0,10.699
38.487,0,10.699
38.488,0,10.699
38.489,0,10.699
38.49,0,10.699
38.491,0,10.699
38.492,0,10.699
38.493,0,10.699
38.494,0,10.699
38.495,0,10.699
38.496,0,10.699
38.497,0,10.699
38.498,0,10.699
38.499,0,10.699
38.5,0,10.699
38.501,0,10.699
38.502,0,10.699
38.503,0,10.699
38.504,0,10.699
38.505,0,10.699
38.506,0,10.699
38.507,0,10.699
38.508,0,10.699
38.509,0,10.699
38.51,0,10.699
38.511,0,10.699
38.512,0,10.699
38.513,0,10.699
38.514,0,10.699
38.515,0,10.699
38.516,0,10.699
38.517,0,10.699
38.518,0,10.699
38.519,0,10.699
38.52,0,10.699
38.521,0,10.699
38.522,0,10.699
38.523,0,10.699
38.524,0,10.699
38.525,0,10.699
38.526,0,10.699
38.527,0,10.699
38.528,0,10.699
38.529,0,10.699
38.53,0,10.699
38.531,0,10.699
38.532,0,10.699
38.533,0,10.699
38.534,0,10.699
38.535,0,10.699
38.536,0,10.699
38.537,0,10.699
38.538,0,10.699
38.539,0,10.699
38.54,0,10.699
38.541,0,10.699
38.542,0,10.699
38.543,0,10.699
38.544,0,10.699
38.545,0,10.699
38.546,0,10.699
38.547,0,10.699
38.548,0,10.699
38.549,0,10.699
38.55,0,10.699
38.551,0,10.699
38.552,0,10.699
38.553,0,10.699
38.554,0,10.699
38.555,0,10.699
38.556,0,10.699
38.557,0,10.699
38.558,0,10.699
38.559,0,10.699
38.56,0,10.699
38.561,0,10.699
38.562,0,10.699
38.563,0,10.699
38.564,0,10.699
38.565,0,10.699
38.566,0,10.699
38.567,0,10.699
38.568,0,10.699
38.569,0,10.699
38.57,0,10.699
38.571,0,10.699
38.572,0,10.699
38.573,0,10.699
38.574,0,10.699
38.575,0,10.699
38.576,0,10.699
38.577,0,10.699
38.578,0,10.699
38.579,0,10.699
38.58,0,10.699
38.581,0,10.699
38.582,0,10.699
38.583,0,10.699
38.584,0,10.699
38.585,0,10.699
38.586,0,10.699
38.587,0,10.699
38.588,0,10.699
38.589,0,10.699
38.59,0,10.699
38.591,0,10.699
38.592,0,10.699
38.593,0,10.699
38.594,0,10.699
38.595,0,10.699
38.596,0,10.699
38.597,0,10.699
38.598,0,10.699
38.599,0,10.699
38.6,0,10.699
38.601,0,10.699
38.602,0,10.699
38.603,0,10.699
38.604,0,10.699
38.605,0,10.699
38.606,0,10.699
38.607,0,10.699
38.608,0,10.699
38.609,0,10.699
38.61,0,10.699
38.611,0,10.699
38.612,0,10.699
38.613,0,10.699
38.614,0,10.699
38.615,0,10.699
38.616,0,10.699
38.617,0,10.699
38.618,0,10.699
38.619,0,10.699
38.62,0,10.699
38.621,0,10.699
38.622,0,10.699
38.623,0,10.699
38.624,0,10.699
38.625,0,10.699
38.626,0,10.699
38.627,0,10.699
38.628,0,10.699
38.629,0,10.699
38.63,0,10.699
38.631,0,10.699
38.632,0,10.699
38.633,0,10.699
38.634,0,10.699
38.635,0,10.699
38.636,0,10.699
38.637,0,10.699
38.638,0,10.699
38.639,0,10.699
38.64,0,10.699
38.641,0,10.699
38.642,0,10.699
38.643,0,10.699
38.644,0,10.699
38.645,0,10.699
38.646,0,10.699
38.647,0,10.699
38.648,0,10.699
38.649,0,10.699
38.65,0,10.699
38.651,0,10.699
38.652,0,10.699
38.653,0,10.699
38.654,0,10.699
38.655,0,10.699
38.656,0,10.699
38.657,0,10.699
38.658,0,10.699
38.659,0,10.699
38.66,0,10.699
38.661,0,10.699
38.662,0,10.699
38.663,0,10.699
38.664,0,10.699
38.665,0,10.699
38.666,0,10.699
38.667,0,10.699
38.668,0,10.699
38.669,0,10.699
38.67,0,10.699
38.671,0,10.699
38.672,0,10.699
38.673,0,10.699
38.674,0,10.699
38.675,0,10.699
38.676,0,10.699
38.677,0,10.699
38.678,0,10.699
38.679,0,10.699
38.68,0,10.699
38.681,0,10.699
38.682,0,10.699
38.683,0,10.699
38.684,0,10.699
38.685,0,10.699
38.686,0,10.699
38.687,0,10.699
38.688,0,10.699
38.689,0,10.699
38.69,0,10.699
38.691,0,10.699
38.692,0,10.699
38.693,0,10.699
38.694,0,10.699
38.695,0,10.699
38.696,0,10.699
38.697,0,10.699
38.698,0,10.699
38.699,0,10.699
38.7,0,10.699
38.701,0,10.699
38.702,0,10.699
38.703,0,10.699
38.704,0,10.699
38.705,0,10.699
38.706,0,10.699
38.707,0,10.699
38.708,0,10.699
38.709,0,10.699
38.71,0,10.699
38.711,0,10.699
38.712,0,10.699
38.713,0,10.699
38.714,0,10.699
38.715,0,10.699
38.716,0,10.699
38.717,0,10.699
38.718,0,10.699
38.719,0,10.699
38.72,0,10.699
38.721,0,10.699
38.722,0,10.699
38.723,0,10.699
38.724,0,10.699
38.725,0,10.699
38.726,0,10.699
38.727,0,10.699
38.728,0,10.699
38.729,0,10.699
38.73,0,10.699
38.731,0,10.699
38.732,0,10.699
38.733,0,10.699
38.734,0,10.699
38.735,0,10.699
38.736,0,10.699
38.737,0,10.699
38.738,0,10.699
38.739,0,10.699
38.74,0,10.699
38.741,0,10.699
38.742,0,10.699
38.743,0,10.699
38.744,0,10.699
38.745,0,10.699
38.746,0,10.699
38.747,0,10.699
38.748,0,10.699
38.749,0,10.699
38.75,0,10.699
38.751,0,10.699
38.752,0,10.699
38.753,0,10.699
38.754,0,10.699
38.755,0,10.699
38.756,0,10.699
38.757,0,10.699
38.758,0,10.699
38.759,0,10.699
38.76,0,10.699
38.761,0,10.699
38.762,0,10.699
38.763,0,10.699
38.764,0,10.699
38.765,0,10.699
38.766,0,10.699
38.767,0,10.699
38.768,0,10.699
38.769,0,10.699
38.77,0,10.699
38.771,0,10.699
38.772,0,10.699
38.773,0,10.699
38.774,0,10.699
38.775,0,10.699
38.776,0,10.699
38.777,0,10.699
38.778,0,10.699
38.779,0,10.699
38.78,0,10.699
38.781,0,10.699
38.782,0,10.699
38.783,0,10.699
38.784,0,10.699
38.785,0,10.699
38.786,0,10.699
38.787,0,10.699
38.788,0,10.699
38.789,0,10.699
38.79,0,10.699
38.791,0,10.699
38.792,0,10.699
38.793,0,10.699
38.794,0,10.699
38.795,0,10.699
38.796,0,10.699
38.797,0,10.699
38.798,0,10.699
38.799,0,10.699
38.8,0,10.699
38.801,0,10.699
38.802,0,10.699
38.803,0,10.699
38.804,0,10.699
38.805,0,10.699
38.806,0,10.699
38.807,0,10.699
38.808,0,10.699
38.809,0,10.699
38.81,0,10.699
38.811,0,10.699
38.812,0,10.699
38.813,0,10.699
38.814,0,10.699
38.815,0,10.699
38.816,0,10.699
38.817,0,10.699
38.818,0,10.699
38.819,0,10.699
38.82,0,10.699
38.821,0,10.699
38.822,0,10.699
38.823,0,10.699
38.824,0,10.699
38.825,0,10.699
38.826,0,10.699
38.827,0,10.699
38.828,0,10.699
38.829,0,10.699
38.83,0,10.699
38.831,0,10.699
38.832,0,10.699
38.833,0,10.699
38.834,0,10.699
38.835,0,10.699
38.836,0,10.699
38.837,0,10.699
38.838,0,10.699
38.839,0,10.699
38.84,0,10.699
38.841,0,10.699
38.842,0,10.699
38.843,0,10.699
38.844,0,10.699
38.845,0,10.699
38.846,0,10.699
38.847,0,10.699
38.848,0,10.699
38.849,0,10.699
38.85,0,10.699
38.851,0,10.699
38.852,0,10.699
38.853,0,10.699
38.854,0,10.699
38.855,0,10.699
38.856,0,10.699
38.857,0,10.699
38.858,0,10.699
38.859,0,10.699
38.86,0,10.699
38.861,0,10.699
38.862,0,10.699
38.863,0,10.699
38.864,0,10.699
38.865,0,10.699
38.866,0,10.699
38.867,0,10.699
38.868,0,10.699
38.869,0,10.699
38.87,0,10.699
38.871,0,10.699
38.872,0,10.699
38.873,0,10.699
38.874,0,10.699
38.875,0,10.699
38.876,0,10.699
38.877,0,10.699
38.878,0,10.699
38.879,0,10.699
38.88,0,10.699
38.881,0,10.699
38.882,0,10.699
38.883,0,10.699
38.884,0,10.699
38.885,0,10.699
38.886,0,10.699
38.887,0,10.699
38.888,0,10.699
38.889,0,10.699
38.89,0,10.699
38.891,0,10.699
38.892,0,10.699
38.893,0,10.699
38.894,0,10.699
38.895,0,10.699
38.896,0,10.699
38.897,0,10.699
38.898,0,10.699
38.899,0,10.699
38.9,0,10.699
38.901,0,10.699
38.902,0,10.699
38.903,0,10.699
38.904,0,10.699
38.905,0,10.699
38.906,0,10.699
38.907,0,10.699
38.908,0,10.699
38.909,0,10.699
38.91,0,10.699
38.911,0,10.699
38.912,0,10.699
38.913,0,10.699
38.914,0,10.699
38.915,0,10.699
38.916,0,10.699
38.917,0,10.699
38.918,0,10.699
38.919,0,10.699
38.92,0,10.699
38.921,0,10.699
38.922,0,10.699
38.923,0,10.699
38.924,0,10.699
38.925,0,10.699
38.926,0,10.699
38.927,0,10.699
38.928,0,10.699
38.929,0,10.699
38.93,0,10.699
38.931,0,10.699
38.932,0,10.699
38.933,0,10.699
38.934,0,10.699
38.935,0,10.699
38.936,0,10.699
38.937,0,10.699
38.938,0,10.699
38.939,0,10.699
38.94,0,10.699
38.941,0,10.699
38.942,0,10.699
38.943,0,10.699
38.944,0,10.699
38.945,0,10.699
38.946,0,10.699
38.947,0,10.699
38.948,0,10.699
38.949,0,10.699
38.95,0,10.699
38.951,0,10.699
38.952,0,10.699
38.953,0,10.699
38.954,0,10.699
38.955,0,10.699
38.956,0,10.699
38.957,0,10.699
38.958,0,10.699
38.959,0,10.699
38.96,0,10.699
38.961,0,10.699
38.962,0,10.699
38.963,0,10.699
38.964,0,10.699
38.965,0,10.699
38.966,0,10.699
38.967,0,10.699
38.968,0,10.699
38.969,0,10.699
38.97,0,10.699
38.971,0,10.699
38.972,0,10.699
38.973,0,10.699
38.974,0,10.699
38.975,0,10.699
38.976,0,10.699
38.977,0,10.699
38.978,0,10.699
38.979,0,10.699
38.98,0,10.699
38.981,0,10.699
38.982,0,10.699
38.983,0,10.699
38.984,0,10.699
38.985,0,10.699
38.986,0,10.699
38.987,0,10.699
38.988,0,10.699
38.989,0,10.699
38.99,0,10.699
38.991,0,10.699
38.992,0,10.699
38.993,0,10.699
38.994,0,10.699
38.995,0,10.699
38.996,0,10.699
38.997,0,10.699
38.998,0,10.699
38.999,0,10.699
39,0,10.699
39.001,0,10.699
39.002,0,10.699
39.003,0,10.699
39.004,0,10.699
39.005,0,10.699
39.006,0,10.699
39.007,0,10.699
39.008,0,10.699
39.009,0,10.699
39.01,0,10.699
39.011,0,10.699
39.012,0,10.699
39.013,0,10.699
39.014,0,10.699
39.015,0,10.699
39.016,0,10.699
39.017,0,10.699
39.018,0,10.699
39.019,0,10.699
39.02,0,10.699
39.021,0,10.699
39.022,0,10.699
39.023,0,10.699
39.024,0,10.699
39.025,0,10.699
39.026,0,10.699
39.027,0,10.699
39.028,0,10.699
39.029,0,10.699
39.03,0,10.699
39.031,0,10.699
39.032,0,10.699
39.033,0,10.699
39.034,0,10.699
39.035,0,10.699
39.036,0,10.699
39.037,0,10.699
39.038,0,10.699
39.039,0,10.699
39.04,0,10.699
39.041,0,10.699
39.042,0,10.699
39.043,0,10.699
39.044,0,10.699
39.045,0,10.699
39.046,0,10.699
39.047,0,10.699
39.048,0,10.699
39.049,0,10.699
39.05,0,10.699
39.051,0,10.699
39.052,0,10.699
39.053,0,10.699
39.054,0,10.699
39.055,0,10.699
39.056,0,10.699
39.057,0,10.699
39.058,0,10.699
39.059,0,10.699
39.06,0,10.699
39.061,0,10.699
39.062,0,10.699
39.063,0,10.699
39.064,0,10.699
39.065,0,10.699
39.066,0,10.699
39.067,0,10.699
39.068,0,10.699
39.069,0,10.699
39.07,0,10.699
39.071,0,10.699
39.072,0,10.699
39.073,0,10.699
39.074,0,10.699
39.075,0,10.699
39.076,0,10.699
39.077,0,10.699
39.078,0,10.699
39.079,0,10.699
39.08,0,10.699
39.081,0,10.699
39.082,0,10.699
39.083,0,10.699
39.084,0,10.699
39.085,0,10.699
39.086,0,10.699
39.087,0,10.699
39.088,0,10.699
39.089,0,10.699
39.09,0,10.699
39.091,0,10.699
39.092,0,10.699
39.093,0,10.699
39.094,0,10.699
39.095,0,10.699
39.096,0,10.699
39.097,0,10.699
39.098,0,10.699
39.099,0,10.699
39.1,0,10.699
39.101,0,10.699
39.102,0,10.699
39.103,0,10.699
39.104,0,10.699
39.105,0,10.699
39.106,0,10.699
39.107,0,10.699
39.108,0,10.699
39.109,0,10.699
39.11,0,10.699
39.111,0,10.699
39.112,0,10.699
39.113,0,10.699
39.114,0,10.699
39.115,0,10.699
39.116,0,10.699
39.117,0,10.699
39.118,0,10.699
39.119,0,10.699
39.12,0,10.699
39.121,0,10.699
39.122,0,10.699
39.123,0,10.699
39.124,0,10.699
39.125,0,10.699
39.126,0,10.699
39.127,0,10.699
39.128,0,10.699
39.129,0,10.699
39.13,0,10.699
39.131,0,10.699
39.132,0,10.699
39.133,0,10.699
39.134,0,10.699
39.135,0,10.699
39.136,0,10.699
39.137,0,10.699
39.138,0,10.699
39.139,0,10.699
39.14,0,10.699
39.141,0,10.699
39.142,0,10.699
39.143,0,10.699
39.144,0,10.699
39.145,0,10.699
39.146,0,10.699
39.147,0,10.699
39.148,0,10.699
39.149,0,10.699
39.15,0,10.699
39.151,0,10.699
39.152,0,10.699
39.153,0,10.699
39.154,0,10.699
39.155,0,10.699
39.156,0,10.699
39.157,0,10.699
39.158,0,10.699
39.159,0,10.699
39.16,0,10.699
39.161,0,10.699
39.162,0,10.699
39.163,0,10.699
39.164,0,10.699
39.165,0,10.699
39.166,0,10.699
39.167,0,10.699
39.168,0,10.699
39.169,0,10.699
39.17,0,10.699
39.171,0,10.699
39.172,0,10.699
39.173,0,10.699
39.174,0,10.699
39.175,0,10.699
39.176,0,10.699
39.177,0,10.699
39.178,0,10.699
39.179,0,10.699
39.18,0,10.699
39.181,0,10.699
39.182,0,10.699
39.183,0,10.699
39.184,0,10.699
39.185,0,10.699
39.186,0,10.699
39.187,0,10.699
39.188,0,10.699
39.189,0,10.699
39.19,0,10.699
39.191,0,10.699
39.192,0,10.699
39.193,0,10.699
39.194,0,10.699
39.195,0,10.699
39.196,0,10.699
39.197,0,10.699
39.198,0,10.699
39.199,0,10.699
39.2,0,10.699
39.201,0,10.699
39.202,0,10.699
39.203,0,10.699
39.204,0,10.699
39.205,0,10.699
39.206,0,10.699
39.207,0,10.699
39.208,0,10.699
39.209,0,10.699
39.21,0,10.699
39.211,0,10.699
39.212,0,10.699
39.213,0,10.699
39.214,0,10.699
39.215,0,10.699
39.216,0,10.699
39.217,0,10.699
39.218,0,10.699
39.219,0,10.699
39.22,0,10.699
39.221,0,10.699
39.222,0,10.699
39.223,0,10.699
39.224,0,10.699
39.225,0,10.699
39.226,0,10.699
39.227,0,10.699
39.228,0,10.699
39.229,0,10.699
39.23,0,10.699
39.231,0,10.699
39.232,0,10.699
39.233,0,10.699
39.234,0,10.699
39.235,0,10.699
39.236,0,10.699
39.237,0,10.699
39.238,0,10.699
39.239,0,10.699
39.24,0,10.699
39.241,0,10.699
39.242,0,10.699
39.243,0,10.699
39.244,0,10.699
39.245,0,10.699
39.246,0,10.699
39.247,0,10.699
39.248,0,10.699
39.249,0,10.699
39.25,0,10.699
39.251,0,10.699
39.252,0,10.699
39.253,0,10.699
39.254,0,10.699
39.255,0,10.699
39.256,0,10.699
39.257,0,10.699
39.258,0,10.699
39.259,0,10.699
39.26,0,10.699
39.261,0,10.699
39.262,0,10.699
39.263,0,10.699
39.264,0,10.699
39.265,0,10.699
39.266,0,10.699
39.267,0,10.699
39.268,0,10.699
39.269,0,10.699
39.27,0,10.699
39.271,0,10.699
39.272,0,10.699
39.273,0,10.699
39.274,0,10.699
39.275,0,10.699
39.276,0,10.699
39.277,0,10.699
39.278,0,10.699
39.279,0,10.699
39.28,0,10.699
39.281,0,10.699
39.282,0,10.699
39.283,0,10.699
39.284,0,10.699
39.285,0,10.699
39.286,0,10.699
39.287,0,10.699
39.288,0,10.699
39.289,0,10.699
39.29,0,10.699
39.291,0,10.699
39.292,0,10.699
39.293,0,10.699
39.294,0,10.699
39.295,0,10.699
39.296,0,10.699
39.297,0,10.699
39.298,0,10.699
39.299,0,10.699
39.3,0,10.699
39.301,0,10.699
39.302,0,10.699
39.303,0,10.699
39.304,0,10.699
39.305,0,10.699
39.306,0,10.699
39.307,0,10.699
39.308,0,10.699
39.309,0,10.699
39.31,0,10.699
39.311,0,10.699
39.312,0,10.699
39.313,0,10.699
39.314,0,10.699
39.315,0,10.699
39.316,0,10.699
39.317,0,10.699
39.318,0,10.699
39.319,0,10.699
39.32,0,10.699
39.321,0,10.699
39.322,0,10.699
39.323,0,10.699
39.324,0,10.699
39.325,0,10.699
39.326,0,10.699
39.327,0,10.699
39.328,0,10.699
39.329,0,10.699
39.33,0,10.699
39.331,0,10.699
39.332,0,10.699
39.333,0,10.699
39.334,0,10.699
39.335,0,10.699
39.336,0,10.699
39.337,0,10.699
39.338,0,10.699
39.339,0,10.699
39.34,0,10.699
39.341,0,10.699
39.342,0,10.699
39.343,0,10.699
39.344,0,10.699
39.345,0,10.699
39.346,0,10.699
39.347,0,10.699
39.348,0,10.699
39.349,0,10.699
39.35,0,10.699
39.351,0,10.699
39.352,0,10.699
39.353,0,10.699
39.354,0,10.699
39.355,0,10.699
39.356,0,10.699
39.357,0,10.699
39.358,0,10.699
39.359,0,10.699
39.36,0,10.699
39.361,0,10.699
39.362,0,10.699
39.363,0,10.699
39.364,0,10.699
39.365,0,10.699
39.366,0,10.699
39.367,0,10.699
39.368,0,10.699
39.369,0,10.699
39.37,0,10.699
39.371,0,10.699
39.372,0,10.699
39.373,0,10.699
39.374,0,10.699
39.375,0,10.699
39.376,0,10.699
39.377,0,10.699
39.378,0,10.699
39.379,0,10.699
39.38,0,10.699
39.381,0,10.699
39.382,0,10.699
39.383,0,10.699
39.384,0,10.699
39.385,0,10.699
39.386,0,10.699
39.387,0,10.699
39.388,0,10.699
39.389,0,10.699
39.39,0,10.699
39.391,0,10.699
39.392,0,10.699
39.393,0,10.699
39.394,0,10.699
39.395,0,10.699
39.396,0,10.699
39.397,0,10.699
39.398,0,10.699
39.399,0,10.699
39.4,0,10.699
39.401,0,10.699
39.402,0,10.699
39.403,0,10.699
39.404,0,10.699
39.405,0,10.699
39.406,0,10.699
39.407,0,10.699
39.408,0,10.699
39.409,0,10.699
39.41,0,10.699
39.411,0,10.699
39.412,0,10.699
39.413,0,10.699
39.414,0,10.699
39.415,0,10.699
39.416,0,10.699
39.417,0,10.699
39.418,0,10.699
39.419,0,10.699
39.42,0,10.699
39.421,0,10.699
39.422,0,10.699
39.423,0,10.699
39.424,0,10.699
39.425,0,10.699
39.426,0,10.699
39.427,0,10.699
39.428,0,10.699
39.429,0,10.699
39.43,0,10.699
39.431,0,10.699
39.432,0,10.699
39.433,0,10.699
39.434,0,10.699
39.435,0,10.699
39.436,0,10.699
39.437,0,10.699
39.438,0,10.699
39.439,0,10.699
39.44,0,10.699
39.441,0,10.699
39.442,0,10.699
39.443,0,10.699
39.444,0,10.699
39.445,0,10.699
39.446,0,10.699
39.447,0,10.699
39.448,0,10.699
39.449,0,10.699
39.45,0,10.699
39.451,0,10.699
39.452,0,10.699
39.453,0,10.699
39.454,0,10.699
39.455,0,10.699
39.456,0,10.699
39.457,0,10.699
39.458,0,10.699
39.459,0,10.699
39.46,0,10.699
39.461,0,10.699
39.462,0,10.699
39.463,0,10.699
39.464,0,10.699
39.465,0,10.699
39.466,0,10.699
39.467,0,10.699
39.468,0,10.699
39.469,0,10.699
39.47,0,10.699
39.471,0,10.699
39.472,0,10.699
39.473,0,10.699
39.474,0,10.699
39.475,0,10.699
39.476,0,10.699
39.477,0,10.699
39.478,0,10.699
39.479,0,10.699
39.48,0,10.699
39.481,0,10.699
39.482,0,10.699
39.483,0,10.699
39.484,0,10.699
39.485,0,10.699
39.486,0,10.699
39.487,0,10.699
39.488,0,10.699
39.489,0,10.699
39.49,0,10.699
39.491,0,10.699
39.492,0,10.699
39.493,0,10.699
39.494,0,10.699
39.495,0,10.699
39.496,0,10.699
39.497,0,10.699
39.498,0,10.699
39.499,0,10.699
39.5,0,10.699
39.501,0,10.699
39.502,0,10.699
39.503,0,10.699
39.504,0,10.699
39.505,0,10.699
39.506,0,10.699
39.507,0,10.699
39.508,0,10.699
39.509,0,10.699
39.51,0,10.699
39.511,0,10.699
39.512,0,10.699
39.513,0,10.699
39.514,0,10.699
39.515,0,10.699
39.516,0,10.699
39.517,0,10.699
39.518,0,10.699
39.519,0,10.699
39.52,0,10.699
39.521,0,10.699
39.522,0,10.699
39.523,0,10.699
39.524,0,10.699
39.525,0,10.699
39.526,0,10.699
39.527,0,10.699
39.528,0,10.699
39.529,0,10.699
39.53,0,10.699
39.531,0,10.699
39.532,0,10.699
39.533,0,10.699
39.534,0,10.699
39.535,0,10.699
39.536,0,10.699
39.537,0,10.699
39.538,0,10.699
39.539,0,10.699
39.54,0,10.699
39.541,0,10.699
39.542,0,10.699
39.543,0,10.699
39.544,0,10.699
39.545,0,10.699
39.546,0,10.699
39.547,0,10.699
39.548,0,10.699
39.549,0,10.699
39.55,0,10.699
39.551,0,10.699
39.552,0,10.699
39.553,0,10.699
39.554,0,10.699
39.555,0,10.699
39.556,0,10.699
39.557,0,10.699
39.558,0,10.699
39.559,0,10.699
39.56,0,10.699
39.561,0,10.699
39.562,0,10.699
39.563,0,10.699
39.564,0,10.699
39.565,0,10.699
39.566,0,10.699
39.567,0,10.699
39.568,0,10.699
39.569,0,10.699
39.57,0,10.699
39.571,0,10.699
39.572,0,10.699
39.573,0,10.699
39.574,0,10.699
39.575,0,10.699
39.576,0,10.699
39.577,0,10.699
39.578,0,10.699
39.579,0,10.699
39.58,0,10.699
39.581,0,10.699
39.582,0,10.699
39.583,0,10.699
39.584,0,10.699
39.585,0,10.699
39.586,0,10.699
39.587,0,10.699
39.588,0,10.699
39.589,0,10.699
39.59,0,10.699
39.591,0,10.699
39.592,0,10.699
39.593,0,10.699
39.594,0,10.699
39.595,0,10.699
39.596,0,10.699
39.597,0,10.699
39.598,0,10.699
39.599,0,10.699
39.6,0,10.699
39.601,0,10.699
39.602,0,10.699
39.603,0,10.699
39.604,0,10.699
39.605,0,10.699
39.606,0,10.699
39.607,0,10.699
39.608,0,10.699
39.609,0,10.699
39.61,0,10.699
39.611,0,10.699
39.612,0,10.699
39.613,0,10.699
39.614,0,10.699
39.615,0,10.699
39.616,0,10.699
39.617,0,10.699
39.618,0,10.699
39.619,0,10.699
39.62,0,10.699
39.621,0,10.699
39.622,0,10.699
39.623,0,10.699
39.624,0,10.699
39.625,0,10.699
39.626,0,10.699
39.627,0,10.699
39.628,0,10.699
39.629,0,10.699
39.63,0,10.699
39.631,0,10.699
39.632,0,10.699
39.633,0,10.699
39.634,0,10.699
39.635,0,10.699
39.636,0,10.699
39.637,0,10.699
39.638,0,10.699
39.639,0,10.699
39.64,0,10.699
39.641,0,10.699
39.642,0,10.699
39.643,0,10.699
39.644,0,10.699
39.645,0,10.699
39.646,0,10.699
39.647,0,10.699
39.648,0,10.699
39.649,0,10.699
39.65,0,10.699
39.651,0,10.699
39.652,0,10.699
39.653,0,10.699
39.654,0,10.699
39.655,0,10.699
39.656,0,10.699
39.657,0,10.699
39.658,0,10.699
39.659,0,10.699
39.66,0,10.699
39.661,0,10.699
39.662,0,10.699
39.663,0,10.699
39.664,0,10.699
39.665,0,10.699
39.666,0,10.699
39.667,0,10.699
39.668,0,10.699
39.669,0,10.699
39.67,0,10.699
39.671,0,10.699
39.672,0,10.699
39.673,0,10.699
39.674,0,10.699
39.675,0,10.699
39.676,0,10.699
39.677,0,10.699
39.678,0,10.699
39.679,0,10.699
39.68,0,10.699
39.681,0,10.699
39.682,0,10.699
39.683,0,10.699
39.684,0,10.699
39.685,0,10.699
39.686,0,10.699
39.687,0,10.699
39.688,0,10.699
39.689,0,10.699
39.69,0,10.699
39.691,0,10.699
39.692,0,10.699
39.693,0,10.699
39.694,0,10.699
39.695,0,10.699
39.696,0,10.699
39.697,0,10.699
39.698,0,10.699
39.699,0,10.699
39.7,0,10.699
39.701,0,10.699
39.702,0,10.699
39.703,0,10.699
39.704,0,10.699
39.705,0,10.699
39.706,0,10.699
39.707,0,10.699
39.708,0,10.699
39.709,0,10.699
39.71,0,10.699
39.711,0,10.699
39.712,0,10.699
39.713,0,10.699
39.714,0,10.699
39.715,0,10.699
39.716,0,10.699
39.717,0,10.699
39.718,0,10.699
39.719,0,10.699
39.72,0,10.699
39.721,0,10.699
39.722,0,10.699
39.723,0,10.699
39.724,0,10.699
39.725,0,10.699
39.726,0,10.699
39.727,0,10.699
39.728,0,10.699
39.729,0,10.699
39.73,0,10.699
39.731,0,10.699
39.732,0,10.699
39.733,0,10.699
39.734,0,10.699
39.735,0,10.699
39.736,0,10.699
39.737,0,10.699
39.738,0,10.699
39.739,0,10.699
39.74,0,10.699
39.741,0,10.699
39.742,0,10.699
39.743,0,10.699
39.744,0,10.699
39.745,0,10.699
39.746,0,10.699
39.747,0,10.699
39.748,0,10.699
39.749,0,10.699
39.75,0,10.699
39.751,0,10.699
39.752,0,10.699
39.753,0,10.699
39.754,0,10.699
39.755,0,10.699
39.756,0,10.699
39.757,0,10.699
39.758,0,10.699
39.759,0,10.699
39.76,0,10.699
39.761,0,10.699
39.762,0,10.699
39.763,0,10.699
39.764,0,10.699
39.765,0,10.699
39.766,0,10.699
39.767,0,10.699
39.768,0,10.699
39.769,0,10.699
39.77,0,10.699
39.771,0,10.699
39.772,0,10.699
39.773,0,10.699
39.774,0,10.699
39.775,0,10.699
39.776,0,10.699
39.777,0,10.699
39.778,0,10.699
39.779,0,10.699
39.78,0,10.699
39.781,0,10.699
39.782,0,10.699
39.783,0,10.699
39.784,0,10.699
39.785,0,10.699
39.786,0,10.699
39.787,0,10.699
39.788,0,10.699
39.789,0,10.699
39.79,0,10.699
39.791,0,10.699
39.792,0,10.699
39.793,0,10.699
39.794,0,10.699
39.795,0,10.699
39.796,0,10.699
39.797,0,10.699
39.798,0,10.699
39.799,0,10.699
39.8,0,10.699
39.801,0,10.699
39.802,0,10.699
39.803,0,10.699
39.804,0,10.699
39.805,0,10.699
39.806,0,10.699
39.807,0,10.699
39.808,0,10.699
39.809,0,10.699
39.81,0,10.699
39.811,0,10.699
39.812,0,10.699
39.813,0,10.699
39.814,0,10.699
39.815,0,10.699
39.816,0,10.699
39.817,0,10.699
39.818,0,10.699
39.819,0,10.699
39.82,0,10.699
39.821,0,10.699
39.822,0,10.699
39.823,0,10.699
39.824,0,10.699
39.825,0,10.699
39.826,0,10.699
39.827,0,10.699
39.828,0,10.699
39.829,0,10.699
39.83,0,10.699
39.831,0,10.699
39.832,0,10.699
39.833,0,10.699
39.834,0,10.699
39.835,0,10.699
39.836,0,10.699
39.837,0,10.699
39.838,0,10.699
39.839,0,10.699
39.84,0,10.699
39.841,0,10.699
39.842,0,10.699
39.843,0,10.699
39.844,0,10.699
39.845,0,10.699
39.846,0,10.699
39.847,0,10.699
39.848,0,10.699
39.849,0,10.699
39.85,0,10.699
39.851,0,10.699
39.852,0,10.699
39.853,0,10.699
39.854,0,10.699
39.855,0,10.699
39.856,0,10.699
39.857,0,10.699
39.858,0,10.699
39.859,0,10.699
39.86,0,10.699
39.861,0,10.699
39.862,0,10.699
39.863,0,10.699
39.864,0,10.699
39.865,0,10.699
39.866,0,10.699
39.867,0,10.699
39.868,0,10.699
39.869,0,10.699
39.87,0,10.699
39.871,0,10.699
39.872,0,10.699
39.873,0,10.699
39.874,0,10.699
39.875,0,10.699
39.876,0,10.699
39.877,0,10.699
39.878,0,10.699
39.879,0,10.699
39.88,0,10.699
39.881,0,10.699
39.882,0,10.699
39.883,0,10.699
39.884,0,10.699
39.885,0,10.699
39.886,0,10.699
39.887,0,10.699
39.888,0,10.699
39.889,0,10.699
39.89,0,10.699
39.891,0,10.699
39.892,0,10.699
39.893,0,10.699
39.894,0,10.699
39.895,0,10.699
39.896,0,10.699
39.897,0,10.699
39.898,0,10.699
39.899,0,10.699
39.9,0,10.699
39.901,0,10.699
39.902,0,10.699
39.903,0,10.699
39.904,0,10.699
39.905,0,10.699
39.906,0,10.699
39.907,0,10.699
39.908,0,10.699
39.909,0,10.699
39.91,0,10.699
39.911,0,10.699
39.912,0,10.699
39.913,0,10.699
39.914,0,10.699
39.915,0,10.699
39.916,0,10.699
39.917,0,10.699
39.918,0,10.699
39.919,0,10.699
39.92,0,10.699
39.921,0,10.699
39.922,0,10.699
39.923,0,10.699
39.924,0,10.699
39.925,0,10.699
39.926,0,10.699
39.927,0,10.699
39.928,0,10.699
39.929,0,10.699
39.93,0,10.699
39.931,0,10.699
39.932,0,10.699
39.933,0,10.699
39.934,0,10.699
39.935,0,10.699
39.936,0,10.699
39.937,0,10.699
39.938,0,10.699
39.939,0,10.699
39.94,0,10.699
39.941,0,10.699
39.942,0,10.699
39.943,0,10.699
39.944,0,10.699
39.945,0,10.699
39.946,0,10.699
39.947,0,10.699
39.948,0,10.699
39.949,0,10.699
39.95,0,10.699
39.951,0,10.699
39.952,0,10.699
39.953,0,10.699
39.954,0,10.699
39.955,0,10.699
39.956,0,10.699
39.957,0,10.699
39.958,0,10.699
39.959,0,10.699
39.96,0,10.699
39.961,0,10.699
39.962,0,10.699
39.963,0,10.699
39.964,0,10.699
39.965,0,10.699
39.966,0,10.699
39.967,0,10.699
39.968,0,10.699
39.969,0,10.699
39.97,0,10.699
39.971,0,10.699
39.972,0,10.699
39.973,0,10.699
39.974,0,10.699
39.975,0,10.699
39.976,0,10.699
39.977,0,10.699
39.978,0,10.699
39.979,0,10.699
39.98,0,10.699
39.981,0,10.699
39.982,0,10.699
39.983,0,10.699
39.984,0,10.699
39.985,0,10.699
39.986,0,10.699
39.987,0,10.699
39.988,0,10.699
39.989,0,10.699
39.99,0,10.699
39.991,0,10.699
39.992,0,10.699
39.993,0,10.699
39.994,0,10.699
39.995,0,10.699
39.996,0,10.699
39.997,0,10.699
39.998,0,10.699
39.999,0,10.699
40,-0.2,0.201000000000001
40.001,-0.2,0.201000000000001
40.002,-0.2,0.201000000000001
40.003,-0.2,0.201000000000001
40.004,-0.2,0.201000000000001
40.005,-0.2,0.201000000000001
40.006,-0.2,0.201000000000001
40.007,-0.2,0.201000000000001
40.008,-0.2,0.201000000000001
40.009,-0.2,0.201000000000001
40.01,-0.2,0.201000000000001
40.011,-0.2,0.201000000000001
40.012,-0.2,0.201000000000001
40.013,-0.2,0.201000000000001
40.014,-0.2,0.201000000000001
40.015,-0.2,0.201000000000001
40.016,-0.2,0.201000000000001
40.017,-0.2,0.201000000000001
40.018,-0.2,0.201000000000001
40.019,-0.2,0.201000000000001
40.02,-0.2,0.201000000000001
40.021,-0.2,0.201000000000001
40.022,-0.2,0.201000000000001
40.023,-0.2,0.201000000000001
40.024,-0.2,0.201000000000001
40.025,-0.2,0.201000000000001
40.026,-0.2,0.201000000000001
40.027,-0.2,0.201000000000001
40.028,-0.2,0.201000000000001
40.029,-0.2,0.201000000000001
40.03,-0.2,0.201000000000001
40.031,-0.2,0.201000000000001
40.032,-0.2,0.201000000000001
40.033,-0.2,0.201000000000001
40.034,-0.2,0.201000000000001
40.035,-0.2,0.201000000000001
40.036,-0.2,0.201000000000001
40.037,-0.2,0.201000000000001
40.038,-0.2,0.201000000000001
40.039,-0.2,0.201000000000001
40.04,-0.2,0.201000000000001
40.041,-0.2,0.201000000000001
40.042,-0.2,0.201000000000001
40.043,-0.2,0.201000000000001
40.044,-0.2,0.201000000000001
40.045,-0.2,0.201000000000001
40.046,-0.2,0.201000000000001
40.047,-0.2,0.201000000000001
40.048,-0.2,0.201000000000001
40.049,-0.2,0.201000000000001
40.05,-0.2,0.201000000000001
40.051,-0.2,0.201000000000001
40.052,-0.2,0.201000000000001
40.053,-0.2,0.201000000000001
40.054,-0.2,0.201000000000001
40.055,-0.2,0.201000000000001
40.056,-0.2,0.201000000000001
40.057,-0.2,0.201000000000001
40.058,-0.2,0.201000000000001
40.059,-0.2,0.201000000000001
40.06,-0.2,0.201000000000001
40.061,-0.2,0.201000000000001
40.062,-0.2,0.201000000000001
40.063,-0.2,0.201000000000001
40.064,-0.2,0.201000000000001
40.065,-0.2,0.201000000000001
40.066,-0.2,0.201000000000001
40.067,-0.2,0.201000000000001
40.068,-0.2,0.201000000000001
40.069,-0.2,0.201000000000001
40.07,-0.2,0.201000000000001
40.071,-0.2,0.201000000000001
40.072,-0.2,0.201000000000001
40.073,-0.2,0.201000000000001
40.074,-0.2,0.201000000000001
40.075,-0.2,0.201000000000001
40.076,-0.2,0.201000000000001
40.077,-0.2,0.201000000000001
40.078,-0.2,0.201000000000001
40.079,-0.2,0.201000000000001
40.08,-0.2,0.201000000000001
40.081,-0.2,0.201000000000001
40.082,-0.2,0.201000000000001
40.083,-0.2,0.201000000000001
40.084,-0.2,0.201000000000001
40.085,-0.2,0.201000000000001
40.086,-0.2,0.201000000000001
40.087,-0.2,0.201000000000001
40.088,-0.2,0.201000000000001
40.089,-0.2,0.201000000000001
40.09,-0.2,0.201000000000001
40.091,-0.2,0.201000000000001
40.092,-0.2,0.201000000000001
40.093,-0.2,0.201000000000001
40.094,-0.2,0.201000000000001
40.095,-0.2,0.201000000000001
40.096,-0.2,0.201000000000001
40.097,-0.2,0.201000000000001
40.098,-0.2,0.201000000000001
40.099,-0.2,0.201000000000001
40.1,-0.2,0.201000000000001
40.101,-0.2,0.201000000000001
40.102,-0.2,0.201000000000001
40.103,-0.2,0.201000000000001
40.104,-0.2,0.201000000000001
40.105,-0.2,0.201000000000001
40.106,-0.2,0.201000000000001
40.107,-0.2,0.201000000000001
40.108,-0.2,0.201000000000001
40.109,-0.2,0.201000000000001
40.11,-0.2,0.201000000000001
40.111,-0.2,0.201000000000001
40.112,-0.2,0.201000000000001
40.113,-0.2,0.201000000000001
40.114,-0.2,0.201000000000001
40.115,-0.2,0.201000000000001
40.116,-0.2,0.201000000000001
40.117,-0.2,0.201000000000001
40.118,-0.2,0.201000000000001
40.119,-0.2,0.201000000000001
40.12,-0.2,0.201000000000001
40.121,-0.2,0.201000000000001
40.122,-0.2,0.201000000000001
40.123,-0.2,0.201000000000001
40.124,-0.2,0.201000000000001
40.125,-0.2,0.201000000000001
40.126,-0.2,0.201000000000001
40.127,-0.2,0.201000000000001
40.128,-0.2,0.201000000000001
40.129,-0.2,0.201000000000001
40.13,-0.2,0.201000000000001
40.131,-0.2,0.201000000000001
40.132,-0.2,0.201000000000001
40.133,-0.2,0.201000000000001
40.134,-0.2,0.201000000000001
40.135,-0.2,0.201000000000001
40.136,-0.2,0.201000000000001
40.137,-0.2,0.201000000000001
40.138,-0.2,0.201000000000001
40.139,-0.2,0.201000000000001
40.14,-0.2,0.201000000000001
40.141,-0.2,0.201000000000001
40.142,-0.2,0.201000000000001
40.143,-0.2,0.201000000000001
40.144,-0.2,0.201000000000001
40.145,-0.2,0.201000000000001
40.146,-0.2,0.201000000000001
40.147,-0.2,0.201000000000001
40.148,-0.2,0.201000000000001
40.149,-0.2,0.201000000000001
40.15,-0.2,0.201000000000001
40.151,-0.2,0.201000000000001
40.152,-0.2,0.201000000000001
40.153,-0.2,0.201000000000001
40.154,-0.2,0.201000000000001
40.155,-0.2,0.201000000000001
40.156,-0.2,0.201000000000001
40.157,-0.2,0.201000000000001
40.158,-0.2,0.201000000000001
40.159,-0.2,0.201000000000001
40.16,-0.2,0.201000000000001
40.161,-0.2,0.201000000000001
40.162,-0.2,0.201000000000001
40.163,-0.2,0.201000000000001
40.164,-0.2,0.201000000000001
40.165,-0.2,0.201000000000001
40.166,-0.2,0.201000000000001
40.167,-0.2,0.201000000000001
40.168,-0.2,0.201000000000001
40.169,-0.2,0.201000000000001
40.17,-0.2,0.201000000000001
40.171,-0.2,0.201000000000001
40.172,-0.2,0.201000000000001
40.173,-0.2,0.201000000000001
40.174,-0.2,0.201000000000001
40.175,-0.2,0.201000000000001
40.176,-0.2,0.201000000000001
40.177,-0.2,0.201000000000001
40.178,-0.2,0.201000000000001
40.179,-0.2,0.201000000000001
40.18,-0.2,0.201000000000001
40.181,-0.2,0.201000000000001
40.182,-0.2,0.201000000000001
40.183,-0.2,0.201000000000001
40.184,-0.2,0.201000000000001
40.185,-0.2,0.201000000000001
40.186,-0.2,0.201000000000001
40.187,-0.2,0.201000000000001
40.188,-0.2,0.201000000000001
40.189,-0.2,0.201000000000001
40.19,-0.2,0.201000000000001
40.191,-0.2,0.201000000000001
40.192,-0.2,0.201000000000001
40.193,-0.2,0.201000000000001
40.194,-0.2,0.201000000000001
40.195,-0.2,0.201000000000001
40.196,-0.2,0.201000000000001
40.197,-0.2,0.201000000000001
40.198,-0.2,0.201000000000001
40.199,-0.2,0.201000000000001
40.2,-0.2,0.201000000000001
40.201,0,1.799
40.202,0,1.799
40.203,0,1.799
40.204,0,1.799
40.205,0,1.799
40.206,0,1.799
40.207,0,1.799
40.208,0,1.799
40.209,0,1.799
40.21,0,1.799
40.211,0,1.799
40.212,0,1.799
40.213,0,1.799
40.214,0,1.799
40.215,0,1.799
40.216,0,1.799
40.217,0,1.799
40.218,0,1.799
40.219,0,1.799
40.22,0,1.799
40.221,0,1.799
40.222,0,1.799
40.223,0,1.799
40.224,0,1.799
40.225,0,1.799
40.226,0,1.799
40.227,0,1.799
40.228,0,1.799
40.229,0,1.799
40.23,0,1.799
40.231,0,1.799
40.232,0,1.799
40.233,0,1.799
40.234,0,1.799
40.235,0,1.799
40.236,0,1.799
40.237,0,1.799
40.238,0,1.799
40.239,0,1.799
40.24,0,1.799
40.241,0,1.799
40.242,0,1.799
40.243,0,1.799
40.244,0,1.799
40.245,0,1.799
40.246,0,1.799
40.247,0,1.799
40.248,0,1.799
40.249,0,1.799
40.25,0,1.799
40.251,0,1.799
40.252,0,1.799
40.253,0,1.799
40.254,0,1.799
40.255,0,1.799
40.256,0,1.799
40.257,0,1.799
40.258,0,1.799
40.259,0,1.799
40.26,0,1.799
40.261,0,1.799
40.262,0,1.799
40.263,0,1.799
40.264,0,1.799
40.265,0,1.799
40.266,0,1.799
40.267,0,1.799
40.268,0,1.799
40.269,0,1.799
40.27,0,1.799
40.271,0,1.799
40.272,0,1.799
40.273,0,1.799
40.274,0,1.799
40.275,0,1.799
40.276,0,1.799
40.277,0,1.799
40.278,0,1.799
40.279,0,1.799
40.28,0,1.799
40.281,0,1.799
40.282,0,1.799
40.283,0,1.799
40.284,0,1.799
40.285,0,1.799
40.286,0,1.799
40.287,0,1.799
40.288,0,1.799
40.289,0,1.799
40.29,0,1.799
40.291,0,1.799
40.292,0,1.799
40.293,0,1.799
40.294,0,1.799
40.295,0,1.799
40.296,0,1.799
40.297,0,1.799
40.298,0,1.799
40.299,0,1.799
40.3,0,1.799
40.301,0,1.799
40.302,0,1.799
40.303,0,1.799
40.304,0,1.799
40.305,0,1.799
40.306,0,1.799
40.307,0,1.799
40.308,0,1.799
40.309,0,1.799
40.31,0,1.799
40.311,0,1.799
40.312,0,1.799
40.313,0,1.799
40.314,0,1.799
40.315,0,1.799
40.316,0,1.799
40.317,0,1.799
40.318,0,1.799
40.319,0,1.799
40.32,0,1.799
40.321,0,1.799
40.322,0,1.799
40.323,0,1.799
40.324,0,1.799
40.325,0,1.799
40.326,0,1.799
40.327,0,1.799
40.328,0,1.799
40.329,0,1.799
40.33,0,1.799
40.331,0,1.799
40.332,0,1.799
40.333,0,1.799
40.334,0,1.799
40.335,0,1.799
40.336,0,1.799
40.337,0,1.799
40.338,0,1.799
40.339,0,1.799
40.34,0,1.799
40.341,0,1.799
40.342,0,1.799
40.343,0,1.799
40.344,0,1.799
40.345,0,1.799
40.346,0,1.799
40.347,0,1.799
40.348,0,1.799
40.349,0,1.799
40.35,0,1.799
40.351,0,1.799
40.352,0,1.799
40.353,0,1.799
40.354,0,1.799
40.355,0,1.799
40.356,0,1.799
40.357,0,1.799
40.358,0,1.799
40.359,0,1.799
40.36,0,1.799
40.361,0,1.799
40.362,0,1.799
40.363,0,1.799
40.364,0,1.799
40.365,0,1.799
40.366,0,1.799
40.367,0,1.799
40.368,0,1.799
40.369,0,1.799
40.37,0,1.799
40.371,0,1.799
40.372,0,1.799
40.373,0,1.799
40.374,0,1.799
40.375,0,1.799
40.376,0,1.799
40.377,0,1.799
40.378,0,1.799
40.379,0,1.799
40.38,0,1.799
40.381,0,1.799
40.382,0,1.799
40.383,0,1.799
40.384,0,1.799
40.385,0,1.799
40.386,0,1.799
40.387,0,1.799
40.388,0,1.799
40.389,0,1.799
40.39,0,1.799
40.391,0,1.799
40.392,0,1.799
40.393,0,1.799
40.394,0,1.799
40.395,0,1.799
40.396,0,1.799
40.397,0,1.799
40.398,0,1.799
40.399,0,1.799
40.4,0,1.799
40.401,0,1.799
40.402,0,1.799
40.403,0,1.799
40.404,0,1.799
40.405,0,1.799
40.406,0,1.799
40.407,0,1.799
40.408,0,1.799
40.409,0,1.799
40.41,0,1.799
40.411,0,1.799
40.412,0,1.799
40.413,0,1.799
40.414,0,1.799
40.415,0,1.799
40.416,0,1.799
40.417,0,1.799
40.418,0,1.799
40.419,0,1.799
40.42,0,1.799
40.421,0,1.799
40.422,0,1.799
40.423,0,1.799
40.424,0,1.799
40.425,0,1.799
40.426,0,1.799
40.427,0,1.799
40.428,0,1.799
40.429,0,1.799
40.43,0,1.799
40.431,0,1.799
40.432,0,1.799
40.433,0,1.799
40.434,0,1.799
40.435,0,1.799
40.436,0,1.799
40.437,0,1.799
40.438,0,1.799
40.439,0,1.799
40.44,0,1.799
40.441,0,1.799
40.442,0,1.799
40.443,0,1.799
40.444,0,1.799
40.445,0,1.799
40.446,0,1.799
40.447,0,1.799
40.448,0,1.799
40.449,0,1.799
40.45,0,1.799
40.451,0,1.799
40.452,0,1.799
40.453,0,1.799
40.454,0,1.799
40.455,0,1.799
40.456,0,1.799
40.457,0,1.799
40.458,0,1.799
40.459,0,1.799
40.46,0,1.799
40.461,0,1.799
40.462,0,1.799
40.463,0,1.799
40.464,0,1.799
40.465,0,1.799
40.466,0,1.799
40.467,0,1.799
40.468,0,1.799
40.469,0,1.799
40.47,0,1.799
40.471,0,1.799
40.472,0,1.799
40.473,0,1.799
40.474,0,1.799
40.475,0,1.799
40.476,0,1.799
40.477,0,1.799
40.478,0,1.799
40.479,0,1.799
40.48,0,1.799
40.481,0,1.799
40.482,0,1.799
40.483,0,1.799
40.484,0,1.799
40.485,0,1.799
40.486,0,1.799
40.487,0,1.799
40.488,0,1.799
40.489,0,1.799
40.49,0,1.799
40.491,0,1.799
40.492,0,1.799
40.493,0,1.799
40.494,0,1.799
40.495,0,1.799
40.496,0,1.799
40.497,0,1.799
40.498,0,1.799
40.499,0,1.799
40.5,0,1.799
40.501,0,1.799
40.502,0,1.799
40.503,0,1.799
40.504,0,1.799
40.505,0,1.799
40.506,0,1.799
40.507,0,1.799
40.508,0,1.799
40.509,0,1.799
40.51,0,1.799
40.511,0,1.799
40.512,0,1.799
40.513,0,1.799
40.514,0,1.799
40.515,0,1.799
40.516,0,1.799
40.517,0,1.799
40.518,0,1.799
40.519,0,1.799
40.52,0,1.799
40.521,0,1.799
40.522,0,1.799
40.523,0,1.799
40.524,0,1.799
40.525,0,1.799
40.526,0,1.799
40.527,0,1.799
40.528,0,1.799
40.529,0,1.799
40.53,0,1.799
40.531,0,1.799
40.532,0,1.799
40.533,0,1.799
40.534,0,1.799
40.535,0,1.799
40.536,0,1.799
40.537,0,1.799
40.538,0,1.799
40.539,0,1.799
40.54,0,1.799
40.541,0,1.799
40.542,0,1.799
40.543,0,1.799
40.544,0,1.799
40.545,0,1.799
40.546,0,1.799
40.547,0,1.799
40.548,0,1.799
40.549,0,1.799
40.55,0,1.799
40.551,0,1.799
40.552,0,1.799
40.553,0,1.799
40.554,0,1.799
40.555,0,1.799
40.556,0,1.799
40.557,0,1.799
40.558,0,1.799
40.559,0,1.799
40.56,0,1.799
40.561,0,1.799
40.562,0,1.799
40.563,0,1.799
40.564,0,1.799
40.565,0,1.799
40.566,0,1.799
40.567,0,1.799
40.568,0,1.799
40.569,0,1.799
40.57,0,1.799
40.571,0,1.799
40.572,0,1.799
40.573,0,1.799
40.574,0,1.799
40.575,0,1.799
40.576,0,1.799
40.577,0,1.799
40.578,0,1.799
40.579,0,1.799
40.58,0,1.799
40.581,0,1.799
40.582,0,1.799
40.583,0,1.799
40.584,0,1.799
40.585,0,1.799
40.586,0,1.799
40.587,0,1.799
40.588,0,1.799
40.589,0,1.799
40.59,0,1.799
40.591,0,1.799
40.592,0,1.799
40.593,0,1.799
40.594,0,1.799
40.595,0,1.799
40.596,0,1.799
40.597,0,1.799
40.598,0,1.799
40.599,0,1.799
40.6,0,1.799
40.601,0,1.799
40.602,0,1.799
40.603,0,1.799
40.604,0,1.799
40.605,0,1.799
40.606,0,1.799
40.607,0,1.799
40.608,0,1.799
40.609,0,1.799
40.61,0,1.799
40.611,0,1.799
40.612,0,1.799
40.613,0,1.799
40.614,0,1.799
40.615,0,1.799
40.616,0,1.799
40.617,0,1.799
40.618,0,1.799
40.619,0,1.799
40.62,0,1.799
40.621,0,1.799
40.622,0,1.799
40.623,0,1.799
40.624,0,1.799
40.625,0,1.799
40.626,0,1.799
40.627,0,1.799
40.628,0,1.799
40.629,0,1.799
40.63,0,1.799
40.631,0,1.799
40.632,0,1.799
40.633,0,1.799
40.634,0,1.799
40.635,0,1.799
40.636,0,1.799
40.637,0,1.799
40.638,0,1.799
40.639,0,1.799
40.64,0,1.799
40.641,0,1.799
40.642,0,1.799
40.643,0,1.799
40.644,0,1.799
40.645,0,1.799
40.646,0,1.799
40.647,0,1.799
40.648,0,1.799
40.649,0,1.799
40.65,0,1.799
40.651,0,1.799
40.652,0,1.799
40.653,0,1.799
40.654,0,1.799
40.655,0,1.799
40.656,0,1.799
40.657,0,1.799
40.658,0,1.799
40.659,0,1.799
40.66,0,1.799
40.661,0,1.799
40.662,0,1.799
40.663,0,1.799
40.664,0,1.799
40.665,0,1.799
40.666,0,1.799
40.667,0,1.799
40.668,0,1.799
40.669,0,1.799
40.67,0,1.799
40.671,0,1.799
40.672,0,1.799
40.673,0,1.799
40.674,0,1.799
40.675,0,1.799
40.676,0,1.799
40.677,0,1.799
40.678,0,1.799
40.679,0,1.799
40.68,0,1.799
40.681,0,1.799
40.682,0,1.799
40.683,0,1.799
40.684,0,1.799
40.685,0,1.799
40.686,0,1.799
40.687,0,1.799
40.688,0,1.799
40.689,0,1.799
40.69,0,1.799
40.691,0,1.799
40.692,0,1.799
40.693,0,1.799
40.694,0,1.799
40.695,0,1.799
40.696,0,1.799
40.697,0,1.799
40.698,0,1.799
40.699,0,1.799
40.7,0,1.799
40.701,0,1.799
40.702,0,1.799
40.703,0,1.799
40.704,0,1.799
40.705,0,1.799
40.706,0,1.799
40.707,0,1.799
40.708,0,1.799
40.709,0,1.799
40.71,0,1.799
40.711,0,1.799
40.712,0,1.799
40.713,0,1.799
40.714,0,1.799
40.715,0,1.799
40.716,0,1.799
40.717,0,1.799
40.718,0,1.799
40.719,0,1.799
40.72,0,1.799
40.721,0,1.799
40.722,0,1.799
40.723,0,1.799
40.724,0,1.799
40.725,0,1.799
40.726,0,1.799
40.727,0,1.799
40.728,0,1.799
40.729,0,1.799
40.73,0,1.799
40.731,0,1.799
40.732,0,1.799
40.733,0,1.799
40.734,0,1.799
40.735,0,1.799
40.736,0,1.799
40.737,0,1.799
40.738,0,1.799
40.739,0,1.799
40.74,0,1.799
40.741,0,1.799
40.742,0,1.799
40.743,0,1.799
40.744,0,1.799
40.745,0,1.799
40.746,0,1.799
40.747,0,1.799
40.748,0,1.799
40.749,0,1.799
40.75,0,1.799
40.751,0,1.799
40.752,0,1.799
40.753,0,1.799
40.754,0,1.799
40.755,0,1.799
40.756,0,1.799
40.757,0,1.799
40.758,0,1.799
40.759,0,1.799
40.76,0,1.799
40.761,0,1.799
40.762,0,1.799
40.763,0,1.799
40.764,0,1.799
40.765,0,1.799
40.766,0,1.799
40.767,0,1.799
40.768,0,1.799
40.769,0,1.799
40.77,0,1.799
40.771,0,1.799
40.772,0,1.799
40.773,0,1.799
40.774,0,1.799
40.775,0,1.799
40.776,0,1.799
40.777,0,1.799
40.778,0,1.799
40.779,0,1.799
40.78,0,1.799
40.781,0,1.799
40.782,0,1.799
40.783,0,1.799
40.784,0,1.799
40.785,0,1.799
40.786,0,1.799
40.787,0,1.799
40.788,0,1.799
40.789,0,1.799
40.79,0,1.799
40.791,0,1.799
40.792,0,1.799
40.793,0,1.799
40.794,0,1.799
40.795,0,1.799
40.796,0,1.799
40.797,0,1.799
40.798,0,1.799
40.799,0,1.799
40.8,0,1.799
40.801,0,1.799
40.802,0,1.799
40.803,0,1.799
40.804,0,1.799
40.805,0,1.799
40.806,0,1.799
40.807,0,1.799
40.808,0,1.799
40.809,0,1.799
40.81,0,1.799
40.811,0,1.799
40.812,0,1.799
40.813,0,1.799
40.814,0,1.799
40.815,0,1.799
40.816,0,1.799
40.817,0,1.799
40.818,0,1.799
40.819,0,1.799
40.82,0,1.799
40.821,0,1.799
40.822,0,1.799
40.823,0,1.799
40.824,0,1.799
40.825,0,1.799
40.826,0,1.799
40.827,0,1.799
40.828,0,1.799
40.829,0,1.799
40.83,0,1.799
40.831,0,1.799
40.832,0,1.799
40.833,0,1.799
40.834,0,1.799
40.835,0,1.799
40.836,0,1.799
40.837,0,1.799
40.838,0,1.799
40.839,0,1.799
40.84,0,1.799
40.841,0,1.799
40.842,0,1.799
40.843,0,1.799
40.844,0,1.799
40.845,0,1.799
40.846,0,1.799
40.847,0,1.799
40.848,0,1.799
40.849,0,1.799
40.85,0,1.799
40.851,0,1.799
40.852,0,1.799
40.853,0,1.799
40.854,0,1.799
40.855,0,1.799
40.856,0,1.799
40.857,0,1.799
40.858,0,1.799
40.859,0,1.799
40.86,0,1.799
40.861,0,1.799
40.862,0,1.799
40.863,0,1.799
40.864,0,1.799
40.865,0,1.799
40.866,0,1.799
40.867,0,1.799
40.868,0,1.799
40.869,0,1.799
40.87,0,1.799
40.871,0,1.799
40.872,0,1.799
40.873,0,1.799
40.874,0,1.799
40.875,0,1.799
40.876,0,1.799
40.877,0,1.799
40.878,0,1.799
40.879,0,1.799
40.88,0,1.799
40.881,0,1.799
40.882,0,1.799
40.883,0,1.799
40.884,0,1.799
40.885,0,1.799
40.886,0,1.799
40.887,0,1.799
40.888,0,1.799
40.889,0,1.799
40.89,0,1.799
40.891,0,1.799
40.892,0,1.799
40.893,0,1.799
40.894,0,1.799
40.895,0,1.799
40.896,0,1.799
40.897,0,1.799
40.898,0,1.799
40.899,0,1.799
40.9,0,1.799
40.901,0,1.799
40.902,0,1.799
40.903,0,1.799
40.904,0,1.799
40.905,0,1.799
40.906,0,1.799
40.907,0,1.799
40.908,0,1.799
40.909,0,1.799
40.91,0,1.799
40.911,0,1.799
40.912,0,1.799
40.913,0,1.799
40.914,0,1.799
40.915,0,1.799
40.916,0,1.799
40.917,0,1.799
40.918,0,1.799
40.919,0,1.799
40.92,0,1.799
40.921,0,1.799
40.922,0,1.799
40.923,0,1.799
40.924,0,1.799
40.925,0,1.799
40.926,0,1.799
40.927,0,1.799
40.928,0,1.799
40.929,0,1.799
40.93,0,1.799
40.931,0,1.799
40.932,0,1.799
40.933,0,1.799
40.934,0,1.799
40.935,0,1.799
40.936,0,1.799
40.937,0,1.799
40.938,0,1.799
40.939,0,1.799
40.94,0,1.799
40.941,0,1.799
40.942,0,1.799
40.943,0,1.799
40.944,0,1.799
40.945,0,1.799
40.946,0,1.799
40.947,0,1.799
40.948,0,1.799
40.949,0,1.799
40.95,0,1.799
40.951,0,1.799
40.952,0,1.799
40.953,0,1.799
40.954,0,1.799
40.955,0,1.799
40.956,0,1.799
40.957,0,1.799
40.958,0,1.799
40.959,0,1.799
40.96,0,1.799
40.961,0,1.799
40.962,0,1.799
40.963,0,1.799
40.964,0,1.799
40.965,0,1.799
40.966,0,1.799
40.967,0,1.799
40.968,0,1.799
40.969,0,1.799
40.97,0,1.799
40.971,0,1.799
40.972,0,1.799
40.973,0,1.799
40.974,0,1.799
40.975,0,1.799
40.976,0,1.799
40.977,0,1.799
40.978,0,1.799
40.979,0,1.799
40.98,0,1.799
40.981,0,1.799
40.982,0,1.799
40.983,0,1.799
40.984,0,1.799
40.985,0,1.799
40.986,0,1.799
40.987,0,1.799
40.988,0,1.799
40.989,0,1.799
40.99,0,1.799
40.991,0,1.799
40.992,0,1.799
40.993,0,1.799
40.994,0,1.799
40.995,0,1.799
40.996,0,1.799
40.997,0,1.799
40.998,0,1.799
40.999,0,1.799
41,0,1.799
41.001,0,1.799
41.002,0,1.799
41.003,0,1.799
41.004,0,1.799
41.005,0,1.799
41.006,0,1.799
41.007,0,1.799
41.008,0,1.799
41.009,0,1.799
41.01,0,1.799
41.011,0,1.799
41.012,0,1.799
41.013,0,1.799
41.014,0,1.799
41.015,0,1.799
41.016,0,1.799
41.017,0,1.799
41.018,0,1.799
41.019,0,1.799
41.02,0,1.799
41.021,0,1.799
41.022,0,1.799
41.023,0,1.799
41.024,0,1.799
41.025,0,1.799
41.026,0,1.799
41.027,0,1.799
41.028,0,1.799
41.029,0,1.799
41.03,0,1.799
41.031,0,1.799
41.032,0,1.799
41.033,0,1.799
41.034,0,1.799
41.035,0,1.799
41.036,0,1.799
41.037,0,1.799
41.038,0,1.799
41.039,0,1.799
41.04,0,1.799
41.041,0,1.799
41.042,0,1.799
41.043,0,1.799
41.044,0,1.799
41.045,0,1.799
41.046,0,1.799
41.047,0,1.799
41.048,0,1.799
41.049,0,1.799
41.05,0,1.799
41.051,0,1.799
41.052,0,1.799
41.053,0,1.799
41.054,0,1.799
41.055,0,1.799
41.056,0,1.799
41.057,0,1.799
41.058,0,1.799
41.059,0,1.799
41.06,0,1.799
41.061,0,1.799
41.062,0,1.799
41.063,0,1.799
41.064,0,1.799
41.065,0,1.799
41.066,0,1.799
41.067,0,1.799
41.068,0,1.799
41.069,0,1.799
41.07,0,1.799
41.071,0,1.799
41.072,0,1.799
41.073,0,1.799
41.074,0,1.799
41.075,0,1.799
41.076,0,1.799
41.077,0,1.799
41.078,0,1.799
41.079,0,1.799
41.08,0,1.799
41.081,0,1.799
41.082,0,1.799
41.083,0,1.799
41.084,0,1.799
41.085,0,1.799
41.086,0,1.799
41.087,0,1.799
41.088,0,1.799
41.089,0,1.799
41.09,0,1.799
41.091,0,1.799
41.092,0,1.799
41.093,0,1.799
41.094,0,1.799
41.095,0,1.799
41.096,0,1.799
41.097,0,1.799
41.098,0,1.799
41.099,0,1.799
41.1,0,1.799
41.101,0,1.799
41.102,0,1.799
41.103,0,1.799
41.104,0,1.799
41.105,0,1.799
41.106,0,1.799
41.107,0,1.799
41.108,0,1.799
41.109,0,1.799
41.11,0,1.799
41.111,0,1.799
41.112,0,1.799
41.113,0,1.799
41.114,0,1.799
41.115,0,1.799
41.116,0,1.799
41.117,0,1.799
41.118,0,1.799
41.119,0,1.799
41.12,0,1.799
41.121,0,1.799
41.122,0,1.799
41.123,0,1.799
41.124,0,1.799
41.125,0,1.799
41.126,0,1.799
41.127,0,1.799
41.128,0,1.799
41.129,0,1.799
41.13,0,1.799
41.131,0,1.799
41.132,0,1.799
41.133,0,1.799
41.134,0,1.799
41.135,0,1.799
41.136,0,1.799
41.137,0,1.799
41.138,0,1.799
41.139,0,1.799
41.14,0,1.799
41.141,0,1.799
41.142,0,1.799
41.143,0,1.799
41.144,0,1.799
41.145,0,1.799
41.146,0,1.799
41.147,0,1.799
41.148,0,1.799
41.149,0,1.799
41.15,0,1.799
41.151,0,1.799
41.152,0,1.799
41.153,0,1.799
41.154,0,1.799
41.155,0,1.799
41.156,0,1.799
41.157,0,1.799
41.158,0,1.799
41.159,0,1.799
41.16,0,1.799
41.161,0,1.799
41.162,0,1.799
41.163,0,1.799
41.164,0,1.799
41.165,0,1.799
41.166,0,1.799
41.167,0,1.799
41.168,0,1.799
41.169,0,1.799
41.17,0,1.799
41.171,0,1.799
41.172,0,1.799
41.173,0,1.799
41.174,0,1.799
41.175,0,1.799
41.176,0,1.799
41.177,0,1.799
41.178,0,1.799
41.179,0,1.799
41.18,0,1.799
41.181,0,1.799
41.182,0,1.799
41.183,0,1.799
41.184,0,1.799
41.185,0,1.799
41.186,0,1.799
41.187,0,1.799
41.188,0,1.799
41.189,0,1.799
41.19,0,1.799
41.191,0,1.799
41.192,0,1.799
41.193,0,1.799
41.194,0,1.799
41.195,0,1.799
41.196,0,1.799
41.197,0,1.799
41.198,0,1.799
41.199,0,1.799
41.2,0,1.799
41.201,0,1.799
41.202,0,1.799
41.203,0,1.799
41.204,0,1.799
41.205,0,1.799
41.206,0,1.799
41.207,0,1.799
41.208,0,1.799
41.209,0,1.799
41.21,0,1.799
41.211,0,1.799
41.212,0,1.799
41.213,0,1.799
41.214,0,1.799
41.215,0,1.799
41.216,0,1.799
41.217,0,1.799
41.218,0,1.799
41.219,0,1.799
41.22,0,1.799
41.221,0,1.799
41.222,0,1.799
41.223,0,1.799
41.224,0,1.799
41.225,0,1.799
41.226,0,1.799
41.227,0,1.799
41.228,0,1.799
41.229,0,1.799
41.23,0,1.799
41.231,0,1.799
41.232,0,1.799
41.233,0,1.799
41.234,0,1.799
41.235,0,1.799
41.236,0,1.799
41.237,0,1.799
41.238,0,1.799
41.239,0,1.799
41.24,0,1.799
41.241,0,1.799
41.242,0,1.799
41.243,0,1.799
41.244,0,1.799
41.245,0,1.799
41.246,0,1.799
41.247,0,1.799
41.248,0,1.799
41.249,0,1.799
41.25,0,1.799
41.251,0,1.799
41.252,0,1.799
41.253,0,1.799
41.254,0,1.799
41.255,0,1.799
41.256,0,1.799
41.257,0,1.799
41.258,0,1.799
41.259,0,1.799
41.26,0,1.799
41.261,0,1.799
41.262,0,1.799
41.263,0,1.799
41.264,0,1.799
41.265,0,1.799
41.266,0,1.799
41.267,0,1.799
41.268,0,1.799
41.269,0,1.799
41.27,0,1.799
41.271,0,1.799
41.272,0,1.799
41.273,0,1.799
41.274,0,1.799
41.275,0,1.799
41.276,0,1.799
41.277,0,1.799
41.278,0,1.799
41.279,0,1.799
41.28,0,1.799
41.281,0,1.799
41.282,0,1.799
41.283,0,1.799
41.284,0,1.799
41.285,0,1.799
41.286,0,1.799
41.287,0,1.799
41.288,0,1.799
41.289,0,1.799
41.29,0,1.799
41.291,0,1.799
41.292,0,1.799
41.293,0,1.799
41.294,0,1.799
41.295,0,1.799
41.296,0,1.799
41.297,0,1.799
41.298,0,1.799
41.299,0,1.799
41.3,0,1.799
41.301,0,1.799
41.302,0,1.799
41.303,0,1.799
41.304,0,1.799
41.305,0,1.799
41.306,0,1.799
41.307,0,1.799
41.308,0,1.799
41.309,0,1.799
41.31,0,1.799
41.311,0,1.799
41.312,0,1.799
41.313,0,1.799
41.314,0,1.799
41.315,0,1.799
41.316,0,1.799
41.317,0,1.799
41.318,0,1.799
41.319,0,1.799
41.32,0,1.799
41.321,0,1.799
41.322,0,1.799
41.323,0,1.799
41.324,0,1.799
41.325,0,1.799
41.326,0,1.799
41.327,0,1.799
41.328,0,1.799
41.329,0,1.799
41.33,0,1.799
41.331,0,1.799
41.332,0,1.799
41.333,0,1.799
41.334,0,1.799
41.335,0,1.799
41.336,0,1.799
41.337,0,1.799
41.338,0,1.799
41.339,0,1.799
41.34,0,1.799
41.341,0,1.799
41.342,0,1.799
41.343,0,1.799
41.344,0,1.799
41.345,0,1.799
41.346,0,1.799
41.347,0,1.799
41.348,0,1.799
41.349,0,1.799
41.35,0,1.799
41.351,0,1.799
41.352,0,1.799
41.353,0,1.799
41.354,0,1.799
41.355,0,1.799
41.356,0,1.799
41.357,0,1.799
41.358,0,1.799
41.359,0,1.799
41.36,0,1.799
41.361,0,1.799
41.362,0,1.799
41.363,0,1.799
41.364,0,1.799
41.365,0,1.799
41.366,0,1.799
41.367,0,1.799
41.368,0,1.799
41.369,0,1.799
41.37,0,1.799
41.371,0,1.799
41.372,0,1.799
41.373,0,1.799
41.374,0,1.799
41.375,0,1.799
41.376,0,1.799
41.377,0,1.799
41.378,0,1.799
41.379,0,1.799
41.38,0,1.799
41.381,0,1.799
41.382,0,1.799
41.383,0,1.799
41.384,0,1.799
41.385,0,1.799
41.386,0,1.799
41.387,0,1.799
41.388,0,1.799
41.389,0,1.799
41.39,0,1.799
41.391,0,1.799
41.392,0,1.799
41.393,0,1.799
41.394,0,1.799
41.395,0,1.799
41.396,0,1.799
41.397,0,1.799
41.398,0,1.799
41.399,0,1.799
41.4,0,1.799
41.401,0,1.799
41.402,0,1.799
41.403,0,1.799
41.404,0,1.799
41.405,0,1.799
41.406,0,1.799
41.407,0,1.799
41.408,0,1.799
41.409,0,1.799
41.41,0,1.799
41.411,0,1.799
41.412,0,1.799
41.413,0,1.799
41.414,0,1.799
41.415,0,1.799
41.416,0,1.799
41.417,0,1.799
41.418,0,1.799
41.419,0,1.799
41.42,0,1.799
41.421,0,1.799
41.422,0,1.799
41.423,0,1.799
41.424,0,1.799
41.425,0,1.799
41.426,0,1.799
41.427,0,1.799
41.428,0,1.799
41.429,0,1.799
41.43,0,1.799
41.431,0,1.799
41.432,0,1.799
41.433,0,1.799
41.434,0,1.799
41.435,0,1.799
41.436,0,1.799
41.437,0,1.799
41.438,0,1.799
41.439,0,1.799
41.44,0,1.799
41.441,0,1.799
41.442,0,1.799
41.443,0,1.799
41.444,0,1.799
41.445,0,1.799
41.446,0,1.799
41.447,0,1.799
41.448,0,1.799
41.449,0,1.799
41.45,0,1.799
41.451,0,1.799
41.452,0,1.799
41.453,0,1.799
41.454,0,1.799
41.455,0,1.799
41.456,0,1.799
41.457,0,1.799
41.458,0,1.799
41.459,0,1.799
41.46,0,1.799
41.461,0,1.799
41.462,0,1.799
41.463,0,1.799
41.464,0,1.799
41.465,0,1.799
41.466,0,1.799
41.467,0,1.799
41.468,0,1.799
41.469,0,1.799
41.47,0,1.799
41.471,0,1.799
41.472,0,1.799
41.473,0,1.799
41.474,0,1.799
41.475,0,1.799
41.476,0,1.799
41.477,0,1.799
41.478,0,1.799
41.479,0,1.799
41.48,0,1.799
41.481,0,1.799
41.482,0,1.799
41.483,0,1.799
41.484,0,1.799
41.485,0,1.799
41.486,0,1.799
41.487,0,1.799
41.488,0,1.799
41.489,0,1.799
41.49,0,1.799
41.491,0,1.799
41.492,0,1.799
41.493,0,1.799
41.494,0,1.799
41.495,0,1.799
41.496,0,1.799
41.497,0,1.799
41.498,0,1.799
41.499,0,1.799
41.5,0,1.799
41.501,0,1.799
41.502,0,1.799
41.503,0,1.799
41.504,0,1.799
41.505,0,1.799
41.506,0,1.799
41.507,0,1.799
41.508,0,1.799
41.509,0,1.799
41.51,0,1.799
41.511,0,1.799
41.512,0,1.799
41.513,0,1.799
41.514,0,1.799
41.515,0,1.799
41.516,0,1.799
41.517,0,1.799
41.518,0,1.799
41.519,0,1.799
41.52,0,1.799
41.521,0,1.799
41.522,0,1.799
41.523,0,1.799
41.524,0,1.799
41.525,0,1.799
41.526,0,1.799
41.527,0,1.799
41.528,0,1.799
41.529,0,1.799
41.53,0,1.799
41.531,0,1.799
41.532,0,1.799
41.533,0,1.799
41.534,0,1.799
41.535,0,1.799
41.536,0,1.799
41.537,0,1.799
41.538,0,1.799
41.539,0,1.799
41.54,0,1.799
41.541,0,1.799
41.542,0,1.799
41.543,0,1.799
41.544,0,1.799
41.545,0,1.799
41.546,0,1.799
41.547,0,1.799
41.548,0,1.799
41.549,0,1.799
41.55,0,1.799
41.551,0,1.799
41.552,0,1.799
41.553,0,1.799
41.554,0,1.799
41.555,0,1.799
41.556,0,1.799
41.557,0,1.799
41.558,0,1.799
41.559,0,1.799
41.56,0,1.799
41.561,0,1.799
41.562,0,1.799
41.563,0,1.799
41.564,0,1.799
41.565,0,1.799
41.566,0,1.799
41.567,0,1.799
41.568,0,1.799
41.569,0,1.799
41.57,0,1.799
41.571,0,1.799
41.572,0,1.799
41.573,0,1.799
41.574,0,1.799
41.575,0,1.799
41.576,0,1.799
41.577,0,1.799
41.578,0,1.799
41.579,0,1.799
41.58,0,1.799
41.581,0,1.799
41.582,0,1.799
41.583,0,1.799
41.584,0,1.799
41.585,0,1.799
41.586,0,1.799
41.587,0,1.799
41.588,0,1.799
41.589,0,1.799
41.59,0,1.799
41.591,0,1.799
41.592,0,1.799
41.593,0,1.799
41.594,0,1.799
41.595,0,1.799
41.596,0,1.799
41.597,0,1.799
41.598,0,1.799
41.599,0,1.799
41.6,0,1.799
41.601,0,1.799
41.602,0,1.799
41.603,0,1.799
41.604,0,1.799
41.605,0,1.799
41.606,0,1.799
41.607,0,1.799
41.608,0,1.799
41.609,0,1.799
41.61,0,1.799
41.611,0,1.799
41.612,0,1.799
41.613,0,1.799
41.614,0,1.799
41.615,0,1.799
41.616,0,1.799
41.617,0,1.799
41.618,0,1.799
41.619,0,1.799
41.62,0,1.799
41.621,0,1.799
41.622,0,1.799
41.623,0,1.799
41.624,0,1.799
41.625,0,1.799
41.626,0,1.799
41.627,0,1.799
41.628,0,1.799
41.629,0,1.799
41.63,0,1.799
41.631,0,1.799
41.632,0,1.799
41.633,0,1.799
41.634,0,1.799
41.635,0,1.799
41.636,0,1.799
41.637,0,1.799
41.638,0,1.799
41.639,0,1.799
41.64,0,1.799
41.641,0,1.799
41.642,0,1.799
41.643,0,1.799
41.644,0,1.799
41.645,0,1.799
41.646,0,1.799
41.647,0,1.799
41.648,0,1.799
41.649,0,1.799
41.65,0,1.799
41.651,0,1.799
41.652,0,1.799
41.653,0,1.799
41.654,0,1.799
41.655,0,1.799
41.656,0,1.799
41.657,0,1.799
41.658,0,1.799
41.659,0,1.799
41.66,0,1.799
41.661,0,1.799
41.662,0,1.799
41.663,0,1.799
41.664,0,1.799
41.665,0,1.799
41.666,0,1.799
41.667,0,1.799
41.668,0,1.799
41.669,0,1.799
41.67,0,1.799
41.671,0,1.799
41.672,0,1.799
41.673,0,1.799
41.674,0,1.799
41.675,0,1.799
41.676,0,1.799
41.677,0,1.799
41.678,0,1.799
41.679,0,1.799
41.68,0,1.799
41.681,0,1.799
41.682,0,1.799
41.683,0,1.799
41.684,0,1.799
41.685,0,1.799
41.686,0,1.799
41.687,0,1.799
41.688,0,1.799
41.689,0,1.799
41.69,0,1.799
41.691,0,1.799
41.692,0,1.799
41.693,0,1.799
41.694,0,1.799
41.695,0,1.799
41.696,0,1.799
41.697,0,1.799
41.698,0,1.799
41.699,0,1.799
41.7,0,1.799
41.701,0,1.799
41.702,0,1.799
41.703,0,1.799
41.704,0,1.799
41.705,0,1.799
41.706,0,1.799
41.707,0,1.799
41.708,0,1.799
41.709,0,1.799
41.71,0,1.799
41.711,0,1.799
41.712,0,1.799
41.713,0,1.799
41.714,0,1.799
41.715,0,1.799
41.716,0,1.799
41.717,0,1.799
41.718,0,1.799
41.719,0,1.799
41.72,0,1.799
41.721,0,1.799
41.722,0,1.799
41.723,0,1.799
41.724,0,1.799
41.725,0,1.799
41.726,0,1.799
41.727,0,1.799
41.728,0,1.799
41.729,0,1.799
41.73,0,1.799
41.731,0,1.799
41.732,0,1.799
41.733,0,1.799
41.734,0,1.799
41.735,0,1.799
41.736,0,1.799
41.737,0,1.799
41.738,0,1.799
41.739,0,1.799
41.74,0,1.799
41.741,0,1.799
41.742,0,1.799
41.743,0,1.799
41.744,0,1.799
41.745,0,1.799
41.746,0,1.799
41.747,0,1.799
41.748,0,1.799
41.749,0,1.799
41.75,0,1.799
41.751,0,1.799
41.752,0,1.799
41.753,0,1.799
41.754,0,1.799
41.755,0,1.799
41.756,0,1.799
41.757,0,1.799
41.758,0,1.799
41.759,0,1.799
41.76,0,1.799
41.761,0,1.799
41.762,0,1.799
41.763,0,1.799
41.764,0,1.799
41.765,0,1.799
41.766,0,1.799
41.767,0,1.799
41.768,0,1.799
41.769,0,1.799
41.77,0,1.799
41.771,0,1.799
41.772,0,1.799
41.773,0,1.799
41.774,0,1.799
41.775,0,1.799
41.776,0,1.799
41.777,0,1.799
41.778,0,1.799
41.779,0,1.799
41.78,0,1.799
41.781,0,1.799
41.782,0,1.799
41.783,0,1.799
41.784,0,1.799
41.785,0,1.799
41.786,0,1.799
41.787,0,1.799
41.788,0,1.799
41.789,0,1.799
41.79,0,1.799
41.791,0,1.799
41.792,0,1.799
41.793,0,1.799
41.794,0,1.799
41.795,0,1.799
41.796,0,1.799
41.797,0,1.799
41.798,0,1.799
41.799,0,1.799
41.8,0,1.799
41.801,0,1.799
41.802,0,1.799
41.803,0,1.799
41.804,0,1.799
41.805,0,1.799
41.806,0,1.799
41.807,0,1.799
41.808,0,1.799
41.809,0,1.799
41.81,0,1.799
41.811,0,1.799
41.812,0,1.799
41.813,0,1.799
41.814,0,1.799
41.815,0,1.799
41.816,0,1.799
41.817,0,1.799
41.818,0,1.799
41.819,0,1.799
41.82,0,1.799
41.821,0,1.799
41.822,0,1.799
41.823,0,1.799
41.824,0,1.799
41.825,0,1.799
41.826,0,1.799
41.827,0,1.799
41.828,0,1.799
41.829,0,1.799
41.83,0,1.799
41.831,0,1.799
41.832,0,1.799
41.833,0,1.799
41.834,0,1.799
41.835,0,1.799
41.836,0,1.799
41.837,0,1.799
41.838,0,1.799
41.839,0,1.799
41.84,0,1.799
41.841,0,1.799
41.842,0,1.799
41.843,0,1.799
41.844,0,1.799
41.845,0,1.799
41.846,0,1.799
41.847,0,1.799
41.848,0,1.799
41.849,0,1.799
41.85,0,1.799
41.851,0,1.799
41.852,0,1.799
41.853,0,1.799
41.854,0,1.799
41.855,0,1.799
41.856,0,1.799
41.857,0,1.799
41.858,0,1.799
41.859,0,1.799
41.86,0,1.799
41.861,0,1.799
41.862,0,1.799
41.863,0,1.799
41.864,0,1.799
41.865,0,1.799
41.866,0,1.799
41.867,0,1.799
41.868,0,1.799
41.869,0,1.799
41.87,0,1.799
41.871,0,1.799
41.872,0,1.799
41.873,0,1.799
41.874,0,1.799
41.875,0,1.799
41.876,0,1.799
41.877,0,1.799
41.878,0,1.799
41.879,0,1.799
41.88,0,1.799
41.881,0,1.799
41.882,0,1.799
41.883,0,1.799
41.884,0,1.799
41.885,0,1.799
41.886,0,1.799
41.887,0,1.799
41.888,0,1.799
41.889,0,1.799
41.89,0,1.799
41.891,0,1.799
41.892,0,1.799
41.893,0,1.799
41.894,0,1.799
41.895,0,1.799
41.896,0,1.799
41.897,0,1.799
41.898,0,1.799
41.899,0,1.799
41.9,0,1.799
41.901,0,1.799
41.902,0,1.799
41.903,0,1.799
41.904,0,1.799
41.905,0,1.799
41.906,0,1.799
41.907,0,1.799
41.908,0,1.799
41.909,0,1.799
41.91,0,1.799
41.911,0,1.799
41.912,0,1.799
41.913,0,1.799
41.914,0,1.799
41.915,0,1.799
41.916,0,1.799
41.917,0,1.799
41.918,0,1.799
41.919,0,1.799
41.92,0,1.799
41.921,0,1.799
41.922,0,1.799
41.923,0,1.799
41.924,0,1.799
41.925,0,1.799
41.926,0,1.799
41.927,0,1.799
41.928,0,1.799
41.929,0,1.799
41.93,0,1.799
41.931,0,1.799
41.932,0,1.799
41.933,0,1.799
41.934,0,1.799
41.935,0,1.799
41.936,0,1.799
41.937,0,1.799
41.938,0,1.799
41.939,0,1.799
41.94,0,1.799
41.941,0,1.799
41.942,0,1.799
41.943,0,1.799
41.944,0,1.799
41.945,0,1.799
41.946,0,1.799
41.947,0,1.799
41.948,0,1.799
41.949,0,1.799
41.95,0,1.799
41.951,0,1.799
41.952,0,1.799
41.953,0,1.799
41.954,0,1.799
41.955,0,1.799
41.956,0,1.799
41.957,0,1.799
41.958,0,1.799
41.959,0,1.799
41.96,0,1.799
41.961,0,1.799
41.962,0,1.799
41.963,0,1.799
41.964,0,1.799
41.965,0,1.799
41.966,0,1.799
41.967,0,1.799
41.968,0,1.799
41.969,0,1.799
41.97,0,1.799
41.971,0,1.799
41.972,0,1.799
41.973,0,1.799
41.974,0,1.799
41.975,0,1.799
41.976,0,1.799
41.977,0,1.799
41.978,0,1.799
41.979,0,1.799
41.98,0,1.799
41.981,0,1.799
41.982,0,1.799
41.983,0,1.799
41.984,0,1.799
41.985,0,1.799
41.986,0,1.799
41.987,0,1.799
41.988,0,1.799
41.989,0,1.799
41.99,0,1.799
41.991,0,1.799
41.992,0,1.799
41.993,0,1.799
41.994,0,1.799
41.995,0,1.799
41.996,0,1.799
41.997,0,1.799
41.998,0,1.799
41.999,0,1.799
42,0.2,0.201000000000001
42.001,0.2,0.201000000000001
42.002,0.2,0.201000000000001
42.003,0.2,0.201000000000001
42.004,0.2,0.201000000000001
42.005,0.2,0.201000000000001
42.006,0.2,0.201000000000001
42.007,0.2,0.201000000000001
42.008,0.2,0.201000000000001
42.009,0.2,0.201000000000001
42.01,0.2,0.201000000000001
42.011,0.2,0.201000000000001
42.012,0.2,0.201000000000001
42.013,0.2,0.201000000000001
42.014,0.2,0.201000000000001
42.015,0.2,0.201000000000001
42.016,0.2,0.201000000000001
42.017,0.2,0.201000000000001
42.018,0.2,0.201000000000001
42.019,0.2,0.201000000000001
42.02,0.2,0.201000000000001
42.021,0.2,0.201000000000001
42.022,0.2,0.201000000000001
42.023,0.2,0.201000000000001
42.024,0.2,0.201000000000001
42.025,0.2,0.201000000000001
42.026,0.2,0.201000000000001
42.027,0.2,0.201000000000001
42.028,0.2,0.201000000000001
42.029,0.2,0.201000000000001
42.03,0.2,0.201000000000001
42.031,0.2,0.201000000000001
42.032,0.2,0.201000000000001
42.033,0.2,0.201000000000001
42.034,0.2,0.201000000000001
42.035,0.2,0.201000000000001
42.036,0.2,0.201000000000001
42.037,0.2,0.201000000000001
42.038,0.2,0.201000000000001
42.039,0.2,0.201000000000001
42.04,0.2,0.201000000000001
42.041,0.2,0.201000000000001
42.042,0.2,0.201000000000001
42.043,0.2,0.201000000000001
42.044,0.2,0.201000000000001
42.045,0.2,0.201000000000001
42.046,0.2,0.201000000000001
42.047,0.2,0.201000000000001
42.048,0.2,0.201000000000001
42.049,0.2,0.201000000000001
42.05,0.2,0.201000000000001
42.051,0.2,0.201000000000001
42.052,0.2,0.201000000000001
42.053,0.2,0.201000000000001
42.054,0.2,0.201000000000001
42.055,0.2,0.201000000000001
42.056,0.2,0.201000000000001
42.057,0.2,0.201000000000001
42.058,0.2,0.201000000000001
42.059,0.2,0.201000000000001
42.06,0.2,0.201000000000001
42.061,0.2,0.201000000000001
42.062,0.2,0.201000000000001
42.063,0.2,0.201000000000001
42.064,0.2,0.201000000000001
42.065,0.2,0.201000000000001
42.066,0.2,0.201000000000001
42.067,0.2,0.201000000000001
42.068,0.2,0.201000000000001
42.069,0.2,0.201000000000001
42.07,0.2,0.201000000000001
42.071,0.2,0.201000000000001
42.072,0.2,0.201000000000001
42.073,0.2,0.201000000000001
42.074,0.2,0.201000000000001
42.075,0.2,0.201000000000001
42.076,0.2,0.201000000000001
42.077,0.2,0.201000000000001
42.078,0.2,0.201000000000001
42.079,0.2,0.201000000000001
42.08,0.2,0.201000000000001
42.081,0.2,0.201000000000001
42.082,0.2,0.201000000000001
42.083,0.2,0.201000000000001
42.084,0.2,0.201000000000001
42.085,0.2,0.201000000000001
42.086,0.2,0.201000000000001
42.087,0.2,0.201000000000001
42.088,0.2,0.201000000000001
42.089,0.2,0.201000000000001
42.09,0.2,0.201000000000001
42.091,0.2,0.201000000000001
42.092,0.2,0.201000000000001
42.093,0.2,0.201000000000001
42.094,0.2,0.201000000000001
42.095,0.2,0.201000000000001
42.096,0.2,0.201000000000001
42.097,0.2,0.201000000000001
42.098,0.2,0.201000000000001
42.099,0.2,0.201000000000001
42.1,0.2,0.201000000000001
42.101,0.2,0.201000000000001
42.102,0.2,0.201000000000001
42.103,0.2,0.201000000000001
42.104,0.2,0.201000000000001
42.105,0.2,0.201000000000001
42.106,0.2,0.201000000000001
42.107,0.2,0.201000000000001
42.108,0.2,0.201000000000001
42.109,0.2,0.201000000000001
42.11,0.2,0.201000000000001
42.111,0.2,0.201000000000001
42.112,0.2,0.201000000000001
42.113,0.2,0.201000000000001
42.114,0.2,0.201000000000001
42.115,0.2,0.201000000000001
42.116,0.2,0.201000000000001
42.117,0.2,0.201000000000001
42.118,0.2,0.201000000000001
42.119,0.2,0.201000000000001
42.12,0.2,0.201000000000001
42.121,0.2,0.201000000000001
42.122,0.2,0.201000000000001
42.123,0.2,0.201000000000001
42.124,0.2,0.201000000000001
42.125,0.2,0.201000000000001
42.126,0.2,0.201000000000001
42.127,0.2,0.201000000000001
42.128,0.2,0.201000000000001
42.129,0.2,0.201000000000001
42.13,0.2,0.201000000000001
42.131,0.2,0.201000000000001
42.132,0.2,0.201000000000001
42.133,0.2,0.201000000000001
42.134,0.2,0.201000000000001
42.135,0.2,0.201000000000001
42.136,0.2,0.201000000000001
42.137,0.2,0.201000000000001
42.138,0.2,0.201000000000001
42.139,0.2,0.201000000000001
42.14,0.2,0.201000000000001
42.141,0.2,0.201000000000001
42.142,0.2,0.201000000000001
42.143,0.2,0.201000000000001
42.144,0.2,0.201000000000001
42.145,0.2,0.201000000000001
42.146,0.2,0.201000000000001
42.147,0.2,0.201000000000001
42.148,0.2,0.201000000000001
42.149,0.2,0.201000000000001
42.15,0.2,0.201000000000001
42.151,0.2,0.201000000000001
42.152,0.2,0.201000000000001
42.153,0.2,0.201000000000001
42.154,0.2,0.201000000000001
42.155,0.2,0.201000000000001
42.156,0.2,0.201000000000001
42.157,0.2,0.201000000000001
42.158,0.2,0.201000000000001
42.159,0.2,0.201000000000001
42.16,0.2,0.201000000000001
42.161,0.2,0.201000000000001
42.162,0.2,0.201000000000001
42.163,0.2,0.201000000000001
42.164,0.2,0.201000000000001
42.165,0.2,0.201000000000001
42.166,0.2,0.201000000000001
42.167,0.2,0.201000000000001
42.168,0.2,0.201000000000001
42.169,0.2,0.201000000000001
42.17,0.2,0.201000000000001
42.171,0.2,0.201000000000001
42.172,0.2,0.201000000000001
42.173,0.2,0.201000000000001
42.174,0.2,0.201000000000001
42.175,0.2,0.201000000000001
42.176,0.2,0.201000000000001
42.177,0.2,0.201000000000001
42.178,0.2,0.201000000000001
42.179,0.2,0.201000000000001
42.18,0.2,0.201000000000001
42.181,0.2,0.201000000000001
42.182,0.2,0.201000000000001
42.183,0.2,0.201000000000001
42.184,0.2,0.201000000000001
42.185,0.2,0.201000000000001
42.186,0.2,0.201000000000001
42.187,0.2,0.201000000000001
42.188,0.2,0.201000000000001
42.189,0.2,0.201000000000001
42.19,0.2,0.201000000000001
42.191,0.2,0.201000000000001
42.192,0.2,0.201000000000001
42.193,0.2,0.201000000000001
42.194,0.2,0.201000000000001
42.195,0.2,0.201000000000001
42.196,0.2,0.201000000000001
42.197,0.2,0.201000000000001
42.198,0.2,0.201000000000001
42.199,0.2,0.201000000000001
42.2,0.2,0.201000000000001
42.201,0,1.799
42.202,0,1.799
42.203,0,1.799
42.204,0,1.799
42.205,0,1.799
42.206,0,1.799
42.207,0,1.799
42.208,0,1.799
42.209,0,1.799
42.21,0,1.799
42.211,0,1.799
42.212,0,1.799
42.213,0,1.799
42.214,0,1.799
42.215,0,1.799
42.216,0,1.799
42.217,0,1.799
42.218,0,1.799
42.219,0,1.799
42.22,0,1.799
42.221,0,1.799
42.222,0,1.799
42.223,0,1.799
42.224,0,1.799
42.225,0,1.799
42.226,0,1.799
42.227,0,1.799
42.228,0,1.799
42.229,0,1.799
42.23,0,1.799
42.231,0,1.799
42.232,0,1.799
42.233,0,1.799
42.234,0,1.799
42.235,0,1.799
42.236,0,1.799
42.237,0,1.799
42.238,0,1.799
42.239,0,1.799
42.24,0,1.799
42.241,0,1.799
42.242,0,1.799
42.243,0,1.799
42.244,0,1.799
42.245,0,1.799
42.246,0,1.799
42.247,0,1.799
42.248,0,1.799
42.249,0,1.799
42.25,0,1.799
42.251,0,1.799
42.252,0,1.799
42.253,0,1.799
42.254,0,1.799
42.255,0,1.799
42.256,0,1.799
42.257,0,1.799
42.258,0,1.799
42.259,0,1.799
42.26,0,1.799
42.261,0,1.799
42.262,0,1.799
42.263,0,1.799
42.264,0,1.799
42.265,0,1.799
42.266,0,1.799
42.267,0,1.799
42.268,0,1.799
42.269,0,1.799
42.27,0,1.799
42.271,0,1.799
42.272,0,1.799
42.273,0,1.799
42.274,0,1.799
42.275,0,1.799
42.276,0,1.799
42.277,0,1.799
42.278,0,1.799
42.279,0,1.799
42.28,0,1.799
42.281,0,1.799
42.282,0,1.799
42.283,0,1.799
42.284,0,1.799
42.285,0,1.799
42.286,0,1.799
42.287,0,1.799
42.288,0,1.799
42.289,0,1.799
42.29,0,1.799
42.291,0,1.799
42.292,0,1.799
42.293,0,1.799
42.294,0,1.799
42.295,0,1.799
42.296,0,1.799
42.297,0,1.799
42.298,0,1.799
42.299,0,1.799
42.3,0,1.799
42.301,0,1.799
42.302,0,1.799
42.303,0,1.799
42.304,0,1.799
42.305,0,1.799
42.306,0,1.799
42.307,0,1.799
42.308,0,1.799
42.309,0,1.799
42.31,0,1.799
42.311,0,1.799
42.312,0,1.799
42.313,0,1.799
42.314,0,1.799
42.315,0,1.799
42.316,0,1.799
42.317,0,1.799
42.318,0,1.799
42.319,0,1.799
42.32,0,1.799
42.321,0,1.799
42.322,0,1.799
42.323,0,1.799
42.324,0,1.799
42.325,0,1.799
42.326,0,1.799
42.327,0,1.799
42.328,0,1.799
42.329,0,1.799
42.33,0,1.799
42.331,0,1.799
42.332,0,1.799
42.333,0,1.799
42.334,0,1.799
42.335,0,1.799
42.336,0,1.799
42.337,0,1.799
42.338,0,1.799
42.339,0,1.799
42.34,0,1.799
42.341,0,1.799
42.342,0,1.799
42.343,0,1.799
42.344,0,1.799
42.345,0,1.799
42.346,0,1.799
42.347,0,1.799
42.348,0,1.799
42.349,0,1.799
42.35,0,1.799
42.351,0,1.799
42.352,0,1.799
42.353,0,1.799
42.354,0,1.799
42.355,0,1.799
42.356,0,1.799
42.357,0,1.799
42.358,0,1.799
42.359,0,1.799
42.36,0,1.799
42.361,0,1.799
42.362,0,1.799
42.363,0,1.799
42.364,0,1.799
42.365,0,1.799
42.366,0,1.799
42.367,0,1.799
42.368,0,1.799
42.369,0,1.799
42.37,0,1.799
42.371,0,1.799
42.372,0,1.799
42.373,0,1.799
42.374,0,1.799
42.375,0,1.799
42.376,0,1.799
42.377,0,1.799
42.378,0,1.799
42.379,0,1.799
42.38,0,1.799
42.381,0,1.799
42.382,0,1.799
42.383,0,1.799
42.384,0,1.799
42.385,0,1.799
42.386,0,1.799
42.387,0,1.799
42.388,0,1.799
42.389,0,1.799
42.39,0,1.799
42.391,0,1.799
42.392,0,1.799
42.393,0,1.799
42.394,0,1.799
42.395,0,1.799
42.396,0,1.799
42.397,0,1.799
42.398,0,1.799
42.399,0,1.799
42.4,0,1.799
42.401,0,1.799
42.402,0,1.799
42.403,0,1.799
42.404,0,1.799
42.405,0,1.799
42.406,0,1.799
42.407,0,1.799
42.408,0,1.799
42.409,0,1.799
42.41,0,1.799
42.411,0,1.799
42.412,0,1.799
42.413,0,1.799
42.414,0,1.799
42.415,0,1.799
42.416,0,1.799
42.417,0,1.799
42.418,0,1.799
42.419,0,1.799
42.42,0,1.799
42.421,0,1.799
42.422,0,1.799
42.423,0,1.799
42.424,0,1.799
42.425,0,1.799
42.426,0,1.799
42.427,0,1.799
42.428,0,1.799
42.429,0,1.799
42.43,0,1.799
42.431,0,1.799
42.432,0,1.799
42.433,0,1.799
42.434,0,1.799
42.435,0,1.799
42.436,0,1.799
42.437,0,1.799
42.438,0,1.799
42.439,0,1.799
42.44,0,1.799
42.441,0,1.799
42.442,0,1.799
42.443,0,1.799
42.444,0,1.799
42.445,0,1.799
42.446,0,1.799
42.447,0,1.799
42.448,0,1.799
42.449,0,1.799
42.45,0,1.799
42.451,0,1.799
42.452,0,1.799
42.453,0,1.799
42.454,0,1.799
42.455,0,1.799
42.456,0,1.799
42.457,0,1.799
42.458,0,1.799
42.459,0,1.799
42.46,0,1.799
42.461,0,1.799
42.462,0,1.799
42.463,0,1.799
42.464,0,1.799
42.465,0,1.799
42.466,0,1.799
42.467,0,1.799
42.468,0,1.799
42.469,0,1.799
42.47,0,1.799
42.471,0,1.799
42.472,0,1.799
42.473,0,1.799
42.474,0,1.799
42.475,0,1.799
42.476,0,1.799
42.477,0,1.799
42.478,0,1.799
42.479,0,1.799
42.48,0,1.799
42.481,0,1.799
42.482,0,1.799
42.483,0,1.799
42.484,0,1.799
42.485,0,1.799
42.486,0,1.799
42.487,0,1.799
42.488,0,1.799
42.489,0,1.799
42.49,0,1.799
42.491,0,1.799
42.492,0,1.799
42.493,0,1.799
42.494,0,1.799
42.495,0,1.799
42.496,0,1.799
42.497,0,1.799
42.498,0,1.799
42.499,0,1.799
42.5,0,1.799
42.501,0,1.799
42.502,0,1.799
42.503,0,1.799
42.504,0,1.799
42.505,0,1.799
42.506,0,1.799
42.507,0,1.799
42.508,0,1.799
42.509,0,1.799
42.51,0,1.799
42.511,0,1.799
42.512,0,1.799
42.513,0,1.799
42.514,0,1.799
42.515,0,1.799
42.516,0,1.799
42.517,0,1.799
42.518,0,1.799
42.519,0,1.799
42.52,0,1.799
42.521,0,1.799
42.522,0,1.799
42.523,0,1.799
42.524,0,1.799
42.525,0,1.799
42.526,0,1.799
42.527,0,1.799
42.528,0,1.799
42.529,0,1.799
42.53,0,1.799
42.531,0,1.799
42.532,0,1.799
42.533,0,1.799
42.534,0,1.799
42.535,0,1.799
42.536,0,1.799
42.537,0,1.799
42.538,0,1.799
42.539,0,1.799
42.54,0,1.799
42.541,0,1.799
42.542,0,1.799
42.543,0,1.799
42.544,0,1.799
42.545,0,1.799
42.546,0,1.799
42.547,0,1.799
42.548,0,1.799
42.549,0,1.799
42.55,0,1.799
42.551,0,1.799
42.552,0,1.799
42.553,0,1.799
42.554,0,1.799
42.555,0,1.799
42.556,0,1.799
42.557,0,1.799
42.558,0,1.799
42.559,0,1.799
42.56,0,1.799
42.561,0,1.799
42.562,0,1.799
42.563,0,1.799
42.564,0,1.799
42.565,0,1.799
42.566,0,1.799
42.567,0,1.799
42.568,0,1.799
42.569,0,1.799
42.57,0,1.799
42.571,0,1.799
42.572,0,1.799
42.573,0,1.799
42.574,0,1.799
42.575,0,1.799
42.576,0,1.799
42.577,0,1.799
42.578,0,1.799
42.579,0,1.799
42.58,0,1.799
42.581,0,1.799
42.582,0,1.799
42.583,0,1.799
42.584,0,1.799
42.585,0,1.799
42.586,0,1.799
42.587,0,1.799
42.588,0,1.799
42.589,0,1.799
42.59,0,1.799
42.591,0,1.799
42.592,0,1.799
42.593,0,1.799
42.594,0,1.799
42.595,0,1.799
42.596,0,1.799
42.597,0,1.799
42.598,0,1.799
42.599,0,1.799
42.6,0,1.799
42.601,0,1.799
42.602,0,1.799
42.603,0,1.799
42.604,0,1.799
42.605,0,1.799
42.606,0,1.799
42.607,0,1.799
42.608,0,1.799
42.609,0,1.799
42.61,0,1.799
42.611,0,1.799
42.612,0,1.799
42.613,0,1.799
42.614,0,1.799
42.615,0,1.799
42.616,0,1.799
42.617,0,1.799
42.618,0,1.799
42.619,0,1.799
42.62,0,1.799
42.621,0,1.799
42.622,0,1.799
42.623,0,1.799
42.624,0,1.799
42.625,0,1.799
42.626,0,1.799
42.627,0,1.799
42.628,0,1.799
42.629,0,1.799
42.63,0,1.799
42.631,0,1.799
42.632,0,1.799
42.633,0,1.799
42.634,0,1.799
42.635,0,1.799
42.636,0,1.799
42.637,0,1.799
42.638,0,1.799
42.639,0,1.799
42.64,0,1.799
42.641,0,1.799
42.642,0,1.799
42.643,0,1.799
42.644,0,1.799
42.645,0,1.799
42.646,0,1.799
42.647,0,1.799
42.648,0,1.799
42.649,0,1.799
42.65,0,1.799
42.651,0,1.799
42.652,0,1.799
42.653,0,1.799
42.654,0,1.799
42.655,0,1.799
42.656,0,1.799
42.657,0,1.799
42.658,0,1.799
42.659,0,1.799
42.66,0,1.799
42.661,0,1.799
42.662,0,1.799
42.663,0,1.799
42.664,0,1.799
42.665,0,1.799
42.666,0,1.799
42.667,0,1.799
42.668,0,1.799
42.669,0,1.799
42.67,0,1.799
42.671,0,1.799
42.672,0,1.799
42.673,0,1.799
42.674,0,1.799
42.675,0,1.799
42.676,0,1.799
42.677,0,1.799
42.678,0,1.799
42.679,0,1.799
42.68,0,1.799
42.681,0,1.799
42.682,0,1.799
42.683,0,1.799
42.684,0,1.799
42.685,0,1.799
42.686,0,1.799
42.687,0,1.799
42.688,0,1.799
42.689,0,1.799
42.69,0,1.799
42.691,0,1.799
42.692,0,1.799
42.693,0,1.799
42.694,0,1.799
42.695,0,1.799
42.696,0,1.799
42.697,0,1.799
42.698,0,1.799
42.699,0,1.799
42.7,0,1.799
42.701,0,1.799
42.702,0,1.799
42.703,0,1.799
42.704,0,1.799
42.705,0,1.799
42.706,0,1.799
42.707,0,1.799
42.708,0,1.799
42.709,0,1.799
42.71,0,1.799
42.711,0,1.799
42.712,0,1.799
42.713,0,1.799
42.714,0,1.799
42.715,0,1.799
42.716,0,1.799
42.717,0,1.799
42.718,0,1.799
42.719,0,1.799
42.72,0,1.799
42.721,0,1.799
42.722,0,1.799
42.723,0,1.799
42.724,0,1.799
42.725,0,1.799
42.726,0,1.799
42.727,0,1.799
42.728,0,1.799
42.729,0,1.799
42.73,0,1.799
42.731,0,1.799
42.732,0,1.799
42.733,0,1.799
42.734,0,1.799
42.735,0,1.799
42.736,0,1.799
42.737,0,1.799
42.738,0,1.799
42.739,0,1.799
42.74,0,1.799
42.741,0,1.799
42.742,0,1.799
42.743,0,1.799
42.744,0,1.799
42.745,0,1.799
42.746,0,1.799
42.747,0,1.799
42.748,0,1.799
42.749,0,1.799
42.75,0,1.799
42.751,0,1.799
42.752,0,1.799
42.753,0,1.799
42.754,0,1.799
42.755,0,1.799
42.756,0,1.799
42.757,0,1.799
42.758,0,1.799
42.759,0,1.799
42.76,0,1.799
42.761,0,1.799
42.762,0,1.799
42.763,0,1.799
42.764,0,1.799
42.765,0,1.799
42.766,0,1.799
42.767,0,1.799
42.768,0,1.799
42.769,0,1.799
42.77,0,1.799
42.771,0,1.799
42.772,0,1.799
42.773,0,1.799
42.774,0,1.799
42.775,0,1.799
42.776,0,1.799
42.777,0,1.799
42.778,0,1.799
42.779,0,1.799
42.78,0,1.799
42.781,0,1.799
42.782,0,1.799
42.783,0,1.799
42.784,0,1.799
42.785,0,1.799
42.786,0,1.799
42.787,0,1.799
42.788,0,1.799
42.789,0,1.799
42.79,0,1.799
42.791,0,1.799
42.792,0,1.799
42.793,0,1.799
42.794,0,1.799
42.795,0,1.799
42.796,0,1.799
42.797,0,1.799
42.798,0,1.799
42.799,0,1.799
42.8,0,1.799
42.801,0,1.799
42.802,0,1.799
42.803,0,1.799
42.804,0,1.799
42.805,0,1.799
42.806,0,1.799
42.807,0,1.799
42.808,0,1.799
42.809,0,1.799
42.81,0,1.799
42.811,0,1.799
42.812,0,1.799
42.813,0,1.799
42.814,0,1.799
42.815,0,1.799
42.816,0,1.799
42.817,0,1.799
42.818,0,1.799
42.819,0,1.799
42.82,0,1.799
42.821,0,1.799
42.822,0,1.799
42.823,0,1.799
42.824,0,1.799
42.825,0,1.799
42.826,0,1.799
42.827,0,1.799
42.828,0,1.799
42.829,0,1.799
42.83,0,1.799
42.831,0,1.799
42.832,0,1.799
42.833,0,1.799
42.834,0,1.799
42.835,0,1.799
42.836,0,1.799
42.837,0,1.799
42.838,0,1.799
42.839,0,1.799
42.84,0,1.799
42.841,0,1.799
42.842,0,1.799
42.843,0,1.799
42.844,0,1.799
42.845,0,1.799
42.846,0,1.799
42.847,0,1.799
42.848,0,1.799
42.849,0,1.799
42.85,0,1.799
42.851,0,1.799
42.852,0,1.799
42.853,0,1.799
42.854,0,1.799
42.855,0,1.799
42.856,0,1.799
42.857,0,1.799
42.858,0,1.799
42.859,0,1.799
42.86,0,1.799
42.861,0,1.799
42.862,0,1.799
42.863,0,1.799
42.864,0,1.799
42.865,0,1.799
42.866,0,1.799
42.867,0,1.799
42.868,0,1.799
42.869,0,1.799
42.87,0,1.799
42.871,0,1.799
42.872,0,1.799
42.873,0,1.799
42.874,0,1.799
42.875,0,1.799
42.876,0,1.799
42.877,0,1.799
42.878,0,1.799
42.879,0,1.799
42.88,0,1.799
42.881,0,1.799
42.882,0,1.799
42.883,0,1.799
42.884,0,1.799
42.885,0,1.799
42.886,0,1.799
42.887,0,1.799
42.888,0,1.799
42.889,0,1.799
42.89,0,1.799
42.891,0,1.799
42.892,0,1.799
42.893,0,1.799
42.894,0,1.799
42.895,0,1.799
42.896,0,1.799
42.897,0,1.799
42.898,0,1.799
42.899,0,1.799
42.9,0,1.799
42.901,0,1.799
42.902,0,1.799
42.903,0,1.799
42.904,0,1.799
42.905,0,1.799
42.906,0,1.799
42.907,0,1.799
42.908,0,1.799
42.909,0,1.799
42.91,0,1.799
42.911,0,1.799
42.912,0,1.799
42.913,0,1.799
42.914,0,1.799
42.915,0,1.799
42.916,0,1.799
42.917,0,1.799
42.918,0,1.799
42.919,0,1.799
42.92,0,1.799
42.921,0,1.799
42.922,0,1.799
42.923,0,1.799
42.924,0,1.799
42.925,0,1.799
42.926,0,1.799
42.927,0,1.799
42.928,0,1.799
42.929,0,1.799
42.93,0,1.799
42.931,0,1.799
42.932,0,1.799
42.933,0,1.799
42.934,0,1.799
42.935,0,1.799
42.936,0,1.799
42.937,0,1.799
42.938,0,1.799
42.939,0,1.799
42.94,0,1.799
42.941,0,1.799
42.942,0,1.799
42.943,0,1.799
42.944,0,1.799
42.945,0,1.799
42.946,0,1.799
42.947,0,1.799
42.948,0,1.799
42.949,0,1.799
42.95,0,1.799
42.951,0,1.799
42.952,0,1.799
42.953,0,1.799
42.954,0,1.799
42.955,0,1.799
42.956,0,1.799
42.957,0,1.799
42.958,0,1.799
42.959,0,1.799
42.96,0,1.799
42.961,0,1.799
42.962,0,1.799
42.963,0,1.799
42.964,0,1.799
42.965,0,1.799
42.966,0,1.799
42.967,0,1.799
42.968,0,1.799
42.969,0,1.799
42.97,0,1.799
42.971,0,1.799
42.972,0,1.799
42.973,0,1.799
42.974,0,1.799
42.975,0,1.799
42.976,0,1.799
42.977,0,1.799
42.978,0,1.799
42.979,0,1.799
42.98,0,1.799
42.981,0,1.799
42.982,0,1.799
42.983,0,1.799
42.984,0,1.799
42.985,0,1.799
42.986,0,1.799
42.987,0,1.799
42.988,0,1.799
42.989,0,1.799
42.99,0,1.799
42.991,0,1.799
42.992,0,1.799
42.993,0,1.799
42.994,0,1.799
42.995,0,1.799
42.996,0,1.799
42.997,0,1.799
42.998,0,1.799
42.999,0,1.799
43,0,1.799
43.001,0,1.799
43.002,0,1.799
43.003,0,1.799
43.004,0,1.799
43.005,0,1.799
43.006,0,1.799
43.007,0,1.799
43.008,0,1.799
43.009,0,1.799
43.01,0,1.799
43.011,0,1.799
43.012,0,1.799
43.013,0,1.799
43.014,0,1.799
43.015,0,1.799
43.016,0,1.799
43.017,0,1.799
43.018,0,1.799
43.019,0,1.799
43.02,0,1.799
43.021,0,1.799
43.022,0,1.799
43.023,0,1.799
43.024,0,1.799
43.025,0,1.799
43.026,0,1.799
43.027,0,1.799
43.028,0,1.799
43.029,0,1.799
43.03,0,1.799
43.031,0,1.799
43.032,0,1.799
43.033,0,1.799
43.034,0,1.799
43.035,0,1.799
43.036,0,1.799
43.037,0,1.799
43.038,0,1.799
43.039,0,1.799
43.04,0,1.799
43.041,0,1.799
43.042,0,1.799
43.043,0,1.799
43.044,0,1.799
43.045,0,1.799
43.046,0,1.799
43.047,0,1.799
43.048,0,1.799
43.049,0,1.799
43.05,0,1.799
43.051,0,1.799
43.052,0,1.799
43.053,0,1.799
43.054,0,1.799
43.055,0,1.799
43.056,0,1.799
43.057,0,1.799
43.058,0,1.799
43.059,0,1.799
43.06,0,1.799
43.061,0,1.799
43.062,0,1.799
43.063,0,1.799
43.064,0,1.799
43.065,0,1.799
43.066,0,1.799
43.067,0,1.799
43.068,0,1.799
43.069,0,1.799
43.07,0,1.799
43.071,0,1.799
43.072,0,1.799
43.073,0,1.799
43.074,0,1.799
43.075,0,1.799
43.076,0,1.799
43.077,0,1.799
43.078,0,1.799
43.079,0,1.799
43.08,0,1.799
43.081,0,1.799
43.082,0,1.799
43.083,0,1.799
43.084,0,1.799
43.085,0,1.799
43.086,0,1.799
43.087,0,1.799
43.088,0,1.799
43.089,0,1.799
43.09,0,1.799
43.091,0,1.799
43.092,0,1.799
43.093,0,1.799
43.094,0,1.799
43.095,0,1.799
43.096,0,1.799
43.097,0,1.799
43.098,0,1.799
43.099,0,1.799
43.1,0,1.799
43.101,0,1.799
43.102,0,1.799
43.103,0,1.799
43.104,0,1.799
43.105,0,1.799
43.106,0,1.799
43.107,0,1.799
43.108,0,1.799
43.109,0,1.799
43.11,0,1.799
43.111,0,1.799
43.112,0,1.799
43.113,0,1.799
43.114,0,1.799
43.115,0,1.799
43.116,0,1.799
43.117,0,1.799
43.118,0,1.799
43.119,0,1.799
43.12,0,1.799
43.121,0,1.799
43.122,0,1.799
43.123,0,1.799
43.124,0,1.799
43.125,0,1.799
43.126,0,1.799
43.127,0,1.799
43.128,0,1.799
43.129,0,1.799
43.13,0,1.799
43.131,0,1.799
43.132,0,1.799
43.133,0,1.799
43.134,0,1.799
43.135,0,1.799
43.136,0,1.799
43.137,0,1.799
43.138,0,1.799
43.139,0,1.799
43.14,0,1.799
43.141,0,1.799
43.142,0,1.799
43.143,0,1.799
43.144,0,1.799
43.145,0,1.799
43.146,0,1.799
43.147,0,1.799
43.148,0,1.799
43.149,0,1.799
43.15,0,1.799
43.151,0,1.799
43.152,0,1.799
43.153,0,1.799
43.154,0,1.799
43.155,0,1.799
43.156,0,1.799
43.157,0,1.799
43.158,0,1.799
43.159,0,1.799
43.16,0,1.799
43.161,0,1.799
43.162,0,1.799
43.163,0,1.799
43.164,0,1.799
43.165,0,1.799
43.166,0,1.799
43.167,0,1.799
43.168,0,1.799
43.169,0,1.799
43.17,0,1.799
43.171,0,1.799
43.172,0,1.799
43.173,0,1.799
43.174,0,1.799
43.175,0,1.799
43.176,0,1.799
43.177,0,1.799
43.178,0,1.799
43.179,0,1.799
43.18,0,1.799
43.181,0,1.799
43.182,0,1.799
43.183,0,1.799
43.184,0,1.799
43.185,0,1.799
43.186,0,1.799
43.187,0,1.799
43.188,0,1.799
43.189,0,1.799
43.19,0,1.799
43.191,0,1.799
43.192,0,1.799
43.193,0,1.799
43.194,0,1.799
43.195,0,1.799
43.196,0,1.799
43.197,0,1.799
43.198,0,1.799
43.199,0,1.799
43.2,0,1.799
43.201,0,1.799
43.202,0,1.799
43.203,0,1.799
43.204,0,1.799
43.205,0,1.799
43.206,0,1.799
43.207,0,1.799
43.208,0,1.799
43.209,0,1.799
43.21,0,1.799
43.211,0,1.799
43.212,0,1.799
43.213,0,1.799
43.214,0,1.799
43.215,0,1.799
43.216,0,1.799
43.217,0,1.799
43.218,0,1.799
43.219,0,1.799
43.22,0,1.799
43.221,0,1.799
43.222,0,1.799
43.223,0,1.799
43.224,0,1.799
43.225,0,1.799
43.226,0,1.799
43.227,0,1.799
43.228,0,1.799
43.229,0,1.799
43.23,0,1.799
43.231,0,1.799
43.232,0,1.799
43.233,0,1.799
43.234,0,1.799
43.235,0,1.799
43.236,0,1.799
43.237,0,1.799
43.238,0,1.799
43.239,0,1.799
43.24,0,1.799
43.241,0,1.799
43.242,0,1.799
43.243,0,1.799
43.244,0,1.799
43.245,0,1.799
43.246,0,1.799
43.247,0,1.799
43.248,0,1.799
43.249,0,1.799
43.25,0,1.799
43.251,0,1.799
43.252,0,1.799
43.253,0,1.799
43.254,0,1.799
43.255,0,1.799
43.256,0,1.799
43.257,0,1.799
43.258,0,1.799
43.259,0,1.799
43.26,0,1.799
43.261,0,1.799
43.262,0,1.799
43.263,0,1.799
43.264,0,1.799
43.265,0,1.799
43.266,0,1.799
43.267,0,1.799
43.268,0,1.799
43.269,0,1.799
43.27,0,1.799
43.271,0,1.799
43.272,0,1.799
43.273,0,1.799
43.274,0,1.799
43.275,0,1.799
43.276,0,1.799
43.277,0,1.799
43.278,0,1.799
43.279,0,1.799
43.28,0,1.799
43.281,0,1.799
43.282,0,1.799
43.283,0,1.799
43.284,0,1.799
43.285,0,1.799
43.286,0,1.799
43.287,0,1.799
43.288,0,1.799
43.289,0,1.799
43.29,0,1.799
43.291,0,1.799
43.292,0,1.799
43.293,0,1.799
43.294,0,1.799
43.295,0,1.799
43.296,0,1.799
43.297,0,1.799
43.298,0,1.799
43.299,0,1.799
43.3,0,1.799
43.301,0,1.799
43.302,0,1.799
43.303,0,1.799
43.304,0,1.799
43.305,0,1.799
43.306,0,1.799
43.307,0,1.799
43.308,0,1.799
43.309,0,1.799
43.31,0,1.799
43.311,0,1.799
43.312,0,1.799
43.313,0,1.799
43.314,0,1.799
43.315,0,1.799
43.316,0,1.799
43.317,0,1.799
43.318,0,1.799
43.319,0,1.799
43.32,0,1.799
43.321,0,1.799
43.322,0,1.799
43.323,0,1.799
43.324,0,1.799
43.325,0,1.799
43.326,0,1.799
43.327,0,1.799
43.328,0,1.799
43.329,0,1.799
43.33,0,1.799
43.331,0,1.799
43.332,0,1.799
43.333,0,1.799
43.334,0,1.799
43.335,0,1.799
43.336,0,1.799
43.337,0,1.799
43.338,0,1.799
43.339,0,1.799
43.34,0,1.799
43.341,0,1.799
43.342,0,1.799
43.343,0,1.799
43.344,0,1.799
43.345,0,1.799
43.346,0,1.799
43.347,0,1.799
43.348,0,1.799
43.349,0,1.799
43.35,0,1.799
43.351,0,1.799
43.352,0,1.799
43.353,0,1.799
43.354,0,1.799
43.355,0,1.799
43.356,0,1.799
43.357,0,1.799
43.358,0,1.799
43.359,0,1.799
43.36,0,1.799
43.361,0,1.799
43.362,0,1.799
43.363,0,1.799
43.364,0,1.799
43.365,0,1.799
43.366,0,1.799
43.367,0,1.799
43.368,0,1.799
43.369,0,1.799
43.37,0,1.799
43.371,0,1.799
43.372,0,1.799
43.373,0,1.799
43.374,0,1.799
43.375,0,1.799
43.376,0,1.799
43.377,0,1.799
43.378,0,1.799
43.379,0,1.799
43.38,0,1.799
43.381,0,1.799
43.382,0,1.799
43.383,0,1.799
43.384,0,1.799
43.385,0,1.799
43.386,0,1.799
43.387,0,1.799
43.388,0,1.799
43.389,0,1.799
43.39,0,1.799
43.391,0,1.799
43.392,0,1.799
43.393,0,1.799
43.394,0,1.799
43.395,0,1.799
43.396,0,1.799
43.397,0,1.799
43.398,0,1.799
43.399,0,1.799
43.4,0,1.799
43.401,0,1.799
43.402,0,1.799
43.403,0,1.799
43.404,0,1.799
43.405,0,1.799
43.406,0,1.799
43.407,0,1.799
43.408,0,1.799
43.409,0,1.799
43.41,0,1.799
43.411,0,1.799
43.412,0,1.799
43.413,0,1.799
43.414,0,1.799
43.415,0,1.799
43.416,0,1.799
43.417,0,1.799
43.418,0,1.799
43.419,0,1.799
43.42,0,1.799
43.421,0,1.799
43.422,0,1.799
43.423,0,1.799
43.424,0,1.799
43.425,0,1.799
43.426,0,1.799
43.427,0,1.799
43.428,0,1.799
43.429,0,1.799
43.43,0,1.799
43.431,0,1.799
43.432,0,1.799
43.433,0,1.799
43.434,0,1.799
43.435,0,1.799
43.436,0,1.799
43.437,0,1.799
43.438,0,1.799
43.439,0,1.799
43.44,0,1.799
43.441,0,1.799
43.442,0,1.799
43.443,0,1.799
43.444,0,1.799
43.445,0,1.799
43.446,0,1.799
43.447,0,1.799
43.448,0,1.799
43.449,0,1.799
43.45,0,1.799
43.451,0,1.799
43.452,0,1.799
43.453,0,1.799
43.454,0,1.799
43.455,0,1.799
43.456,0,1.799
43.457,0,1.799
43.458,0,1.799
43.459,0,1.799
43.46,0,1.799
43.461,0,1.799
43.462,0,1.799
43.463,0,1.799
43.464,0,1.799
43.465,0,1.799
43.466,0,1.799
43.467,0,1.799
43.468,0,1.799
43.469,0,1.799
43.47,0,1.799
43.471,0,1.799
43.472,0,1.799
43.473,0,1.799
43.474,0,1.799
43.475,0,1.799
43.476,0,1.799
43.477,0,1.799
43.478,0,1.799
43.479,0,1.799
43.48,0,1.799
43.481,0,1.799
43.482,0,1.799
43.483,0,1.799
43.484,0,1.799
43.485,0,1.799
43.486,0,1.799
43.487,0,1.799
43.488,0,1.799
43.489,0,1.799
43.49,0,1.799
43.491,0,1.799
43.492,0,1.799
43.493,0,1.799
43.494,0,1.799
43.495,0,1.799
43.496,0,1.799
43.497,0,1.799
43.498,0,1.799
43.499,0,1.799
43.5,0,1.799
43.501,0,1.799
43.502,0,1.799
43.503,0,1.799
43.504,0,1.799
43.505,0,1.799
43.506,0,1.799
43.507,0,1.799
43.508,0,1.799
43.509,0,1.799
43.51,0,1.799
43.511,0,1.799
43.512,0,1.799
43.513,0,1.799
43.514,0,1.799
43.515,0,1.799
43.516,0,1.799
43.517,0,1.799
43.518,0,1.799
43.519,0,1.799
43.52,0,1.799
43.521,0,1.799
43.522,0,1.799
43.523,0,1.799
43.524,0,1.799
43.525,0,1.799
43.526,0,1.799
43.527,0,1.799
43.528,0,1.799
43.529,0,1.799
43.53,0,1.799
43.531,0,1.799
43.532,0,1.799
43.533,0,1.799
43.534,0,1.799
43.535,0,1.799
43.536,0,1.799
43.537,0,1.799
43.538,0,1.799
43.539,0,1.799
43.54,0,1.799
43.541,0,1.799
43.542,0,1.799
43.543,0,1.799
43.544,0,1.799
43.545,0,1.799
43.546,0,1.799
43.547,0,1.799
43.548,0,1.799
43.549,0,1.799
43.55,0,1.799
43.551,0,1.799
43.552,0,1.799
43.553,0,1.799
43.554,0,1.799
43.555,0,1.799
43.556,0,1.799
43.557,0,1.799
43.558,0,1.799
43.559,0,1.799
43.56,0,1.799
43.561,0,1.799
43.562,0,1.799
43.563,0,1.799
43.564,0,1.799
43.565,0,1.799
43.566,0,1.799
43.567,0,1.799
43.568,0,1.799
43.569,0,1.799
43.57,0,1.799
43.571,0,1.799
43.572,0,1.799
43.573,0,1.799
43.574,0,1.799
43.575,0,1.799
43.576,0,1.799
43.577,0,1.799
43.578,0,1.799
43.579,0,1.799
43.58,0,1.799
43.581,0,1.799
43.582,0,1.799
43.583,0,1.799
43.584,0,1.799
43.585,0,1.799
43.586,0,1.799
43.587,0,1.799
43.588,0,1.799
43.589,0,1.799
43.59,0,1.799
43.591,0,1.799
43.592,0,1.799
43.593,0,1.799
43.594,0,1.799
43.595,0,1.799
43.596,0,1.799
43.597,0,1.799
43.598,0,1.799
43.599,0,1.799
43.6,0,1.799
43.601,0,1.799
43.602,0,1.799
43.603,0,1.799
43.604,0,1.799
43.605,0,1.799
43.606,0,1.799
43.607,0,1.799
43.608,0,1.799
43.609,0,1.799
43.61,0,1.799
43.611,0,1.799
43.612,0,1.799
43.613,0,1.799
43.614,0,1.799
43.615,0,1.799
43.616,0,1.799
43.617,0,1.799
43.618,0,1.799
43.619,0,1.799
43.62,0,1.799
43.621,0,1.799
43.622,0,1.799
43.623,0,1.799
43.624,0,1.799
43.625,0,1.799
43.626,0,1.799
43.627,0,1.799
43.628,0,1.799
43.629,0,1.799
43.63,0,1.799
43.631,0,1.799
43.632,0,1.799
43.633,0,1.799
43.634,0,1.799
43.635,0,1.799
43.636,0,1.799
43.637,0,1.799
43.638,0,1.799
43.639,0,1.799
43.64,0,1.799
43.641,0,1.799
43.642,0,1.799
43.643,0,1.799
43.644,0,1.799
43.645,0,1.799
43.646,0,1.799
43.647,0,1.799
43.648,0,1.799
43.649,0,1.799
43.65,0,1.799
43.651,0,1.799
43.652,0,1.799
43.653,0,1.799
43.654,0,1.799
43.655,0,1.799
43.656,0,1.799
43.657,0,1.799
43.658,0,1.799
43.659,0,1.799
43.66,0,1.799
43.661,0,1.799
43.662,0,1.799
43.663,0,1.799
43.664,0,1.799
43.665,0,1.799
43.666,0,1.799
43.667,0,1.799
43.668,0,1.799
43.669,0,1.799
43.67,0,1.799
43.671,0,1.799
43.672,0,1.799
43.673,0,1.799
43.674,0,1.799
43.675,0,1.799
43.676,0,1.799
43.677,0,1.799
43.678,0,1.799
43.679,0,1.799
43.68,0,1.799
43.681,0,1.799
43.682,0,1.799
43.683,0,1.799
43.684,0,1.799
43.685,0,1.799
43.686,0,1.799
43.687,0,1.799
43.688,0,1.799
43.689,0,1.799
43.69,0,1.799
43.691,0,1.799
43.692,0,1.799
43.693,0,1.799
43.694,0,1.799
43.695,0,1.799
43.696,0,1.799
43.697,0,1.799
43.698,0,1.799
43.699,0,1.799
43.7,0,1.799
43.701,0,1.799
43.702,0,1.799
43.703,0,1.799
43.704,0,1.799
43.705,0,1.799
43.706,0,1.799
43.707,0,1.799
43.708,0,1.799
43.709,0,1.799
43.71,0,1.799
43.711,0,1.799
43.712,0,1.799
43.713,0,1.799
43.714,0,1.799
43.715,0,1.799
43.716,0,1.799
43.717,0,1.799
43.718,0,1.799
43.719,0,1.799
43.72,0,1.799
43.721,0,1.799
43.722,0,1.799
43.723,0,1.799
43.724,0,1.799
43.725,0,1.799
43.726,0,1.799
43.727,0,1.799
43.728,0,1.799
43.729,0,1.799
43.73,0,1.799
43.731,0,1.799
43.732,0,1.799
43.733,0,1.799
43.734,0,1.799
43.735,0,1.799
43.736,0,1.799
43.737,0,1.799
43.738,0,1.799
43.739,0,1.799
43.74,0,1.799
43.741,0,1.799
43.742,0,1.799
43.743,0,1.799
43.744,0,1.799
43.745,0,1.799
43.746,0,1.799
43.747,0,1.799
43.748,0,1.799
43.749,0,1.799
43.75,0,1.799
43.751,0,1.799
43.752,0,1.799
43.753,0,1.799
43.754,0,1.799
43.755,0,1.799
43.756,0,1.799
43.757,0,1.799
43.758,0,1.799
43.759,0,1.799
43.76,0,1.799
43.761,0,1.799
43.762,0,1.799
43.763,0,1.799
43.764,0,1.799
43.765,0,1.799
43.766,0,1.799
43.767,0,1.799
43.768,0,1.799
43.769,0,1.799
43.77,0,1.799
43.771,0,1.799
43.772,0,1.799
43.773,0,1.799
43.774,0,1.799
43.775,0,1.799
43.776,0,1.799
43.777,0,1.799
43.778,0,1.799
43.779,0,1.799
43.78,0,1.799
43.781,0,1.799
43.782,0,1.799
43.783,0,1.799
43.784,0,1.799
43.785,0,1.799
43.786,0,1.799
43.787,0,1.799
43.788,0,1.799
43.789,0,1.799
43.79,0,1.799
43.791,0,1.799
43.792,0,1.799
43.793,0,1.799
43.794,0,1.799
43.795,0,1.799
43.796,0,1.799
43.797,0,1.799
43.798,0,1.799
43.799,0,1.799
43.8,0,1.799
43.801,0,1.799
43.802,0,1.799
43.803,0,1.799
43.804,0,1.799
43.805,0,1.799
43.806,0,1.799
43.807,0,1.799
43.808,0,1.799
43.809,0,1.799
43.81,0,1.799
43.811,0,1.799
43.812,0,1.799
43.813,0,1.799
43.814,0,1.799
43.815,0,1.799
43.816,0,1.799
43.817,0,1.799
43.818,0,1.799
43.819,0,1.799
43.82,0,1.799
43.821,0,1.799
43.822,0,1.799
43.823,0,1.799
43.824,0,1.799
43.825,0,1.799
43.826,0,1.799
43.827,0,1.799
43.828,0,1.799
43.829,0,1.799
43.83,0,1.799
43.831,0,1.799
43.832,0,1.799
43.833,0,1.799
43.834,0,1.799
43.835,0,1.799
43.836,0,1.799
43.837,0,1.799
43.838,0,1.799
43.839,0,1.799
43.84,0,1.799
43.841,0,1.799
43.842,0,1.799
43.843,0,1.799
43.844,0,1.799
43.845,0,1.799
43.846,0,1.799
43.847,0,1.799
43.848,0,1.799
43.849,0,1.799
43.85,0,1.799
43.851,0,1.799
43.852,0,1.799
43.853,0,1.799
43.854,0,1.799
43.855,0,1.799
43.856,0,1.799
43.857,0,1.799
43.858,0,1.799
43.859,0,1.799
43.86,0,1.799
43.861,0,1.799
43.862,0,1.799
43.863,0,1.799
43.864,0,1.799
43.865,0,1.799
43.866,0,1.799
43.867,0,1.799
43.868,0,1.799
43.869,0,1.799
43.87,0,1.799
43.871,0,1.799
43.872,0,1.799
43.873,0,1.799
43.874,0,1.799
43.875,0,1.799
43.876,0,1.799
43.877,0,1.799
43.878,0,1.799
43.879,0,1.799
43.88,0,1.799
43.881,0,1.799
43.882,0,1.799
43.883,0,1.799
43.884,0,1.799
43.885,0,1.799
43.886,0,1.799
43.887,0,1.799
43.888,0,1.799
43.889,0,1.799
43.89,0,1.799
43.891,0,1.799
43.892,0,1.799
43.893,0,1.799
43.894,0,1.799
43.895,0,1.799
43.896,0,1.799
43.897,0,1.799
43.898,0,1.799
43.899,0,1.799
43.9,0,1.799
43.901,0,1.799
43.902,0,1.799
43.903,0,1.799
43.904,0,1.799
43.905,0,1.799
43.906,0,1.799
43.907,0,1.799
43.908,0,1.799
43.909,0,1.799
43.91,0,1.799
43.911,0,1.799
43.912,0,1.799
43.913,0,1.799
43.914,0,1.799
43.915,0,1.799
43.916,0,1.799
43.917,0,1.799
43.918,0,1.799
43.919,0,1.799
43.92,0,1.799
43.921,0,1.799
43.922,0,1.799
43.923,0,1.799
43.924,0,1.799
43.925,0,1.799
43.926,0,1.799
43.927,0,1.799
43.928,0,1.799
43.929,0,1.799
43.93,0,1.799
43.931,0,1.799
43.932,0,1.799
43.933,0,1.799
43.934,0,1.799
43.935,0,1.799
43.936,0,1.799
43.937,0,1.799
43.938,0,1.799
43.939,0,1.799
43.94,0,1.799
43.941,0,1.799
43.942,0,1.799
43.943,0,1.799
43.944,0,1.799
43.945,0,1.799
43.946,0,1.799
43.947,0,1.799
43.948,0,1.799
43.949,0,1.799
43.95,0,1.799
43.951,0,1.799
43.952,0,1.799
43.953,0,1.799
43.954,0,1.799
43.955,0,1.799
43.956,0,1.799
43.957,0,1.799
43.958,0,1.799
43.959,0,1.799
43.96,0,1.799
43.961,0,1.799
43.962,0,1.799
43.963,0,1.799
43.964,0,1.799
43.965,0,1.799
43.966,0,1.799
43.967,0,1.799
43.968,0,1.799
43.969,0,1.799
43.97,0,1.799
43.971,0,1.799
43.972,0,1.799
43.973,0,1.799
43.974,0,1.799
43.975,0,1.799
43.976,0,1.799
43.977,0,1.799
43.978,0,1.799
43.979,0,1.799
43.98,0,1.799
43.981,0,1.799
43.982,0,1.799
43.983,0,1.799
43.984,0,1.799
43.985,0,1.799
43.986,0,1.799
43.987,0,1.799
43.988,0,1.799
43.989,0,1.799
43.99,0,1.799
43.991,0,1.799
43.992,0,1.799
43.993,0,1.799
43.994,0,1.799
43.995,0,1.799
43.996,0,1.799
43.997,0,1.799
43.998,0,1.799
43.999,0,1.799
44,0.2,0.201000000000001
44.001,0.2,0.201000000000001
44.002,0.2,0.201000000000001
44.003,0.2,0.201000000000001
44.004,0.2,0.201000000000001
44.005,0.2,0.201000000000001
44.006,0.2,0.201000000000001
44.007,0.2,0.201000000000001
44.008,0.2,0.201000000000001
44.009,0.2,0.201000000000001
44.01,0.2,0.201000000000001
44.011,0.2,0.201000000000001
44.012,0.2,0.201000000000001
44.013,0.2,0.201000000000001
44.014,0.2,0.201000000000001
44.015,0.2,0.201000000000001
44.016,0.2,0.201000000000001
44.017,0.2,0.201000000000001
44.018,0.2,0.201000000000001
44.019,0.2,0.201000000000001
44.02,0.2,0.201000000000001
44.021,0.2,0.201000000000001
44.022,0.2,0.201000000000001
44.023,0.2,0.201000000000001
44.024,0.2,0.201000000000001
44.025,0.2,0.201000000000001
44.026,0.2,0.201000000000001
44.027,0.2,0.201000000000001
44.028,0.2,0.201000000000001
44.029,0.2,0.201000000000001
44.03,0.2,0.201000000000001
44.031,0.2,0.201000000000001
44.032,0.2,0.201000000000001
44.033,0.2,0.201000000000001
44.034,0.2,0.201000000000001
44.035,0.2,0.201000000000001
44.036,0.2,0.201000000000001
44.037,0.2,0.201000000000001
44.038,0.2,0.201000000000001
44.039,0.2,0.201000000000001
44.04,0.2,0.201000000000001
44.041,0.2,0.201000000000001
44.042,0.2,0.201000000000001
44.043,0.2,0.201000000000001
44.044,0.2,0.201000000000001
44.045,0.2,0.201000000000001
44.046,0.2,0.201000000000001
44.047,0.2,0.201000000000001
44.048,0.2,0.201000000000001
44.049,0.2,0.201000000000001
44.05,0.2,0.201000000000001
44.051,0.2,0.201000000000001
44.052,0.2,0.201000000000001
44.053,0.2,0.201000000000001
44.054,0.2,0.201000000000001
44.055,0.2,0.201000000000001
44.056,0.2,0.201000000000001
44.057,0.2,0.201000000000001
44.058,0.2,0.201000000000001
44.059,0.2,0.201000000000001
44.06,0.2,0.201000000000001
44.061,0.2,0.201000000000001
44.062,0.2,0.201000000000001
44.063,0.2,0.201000000000001
44.064,0.2,0.201000000000001
44.065,0.2,0.201000000000001
44.066,0.2,0.201000000000001
44.067,0.2,0.201000000000001
44.068,0.2,0.201000000000001
44.069,0.2,0.201000000000001
44.07,0.2,0.201000000000001
44.071,0.2,0.201000000000001
44.072,0.2,0.201000000000001
44.073,0.2,0.201000000000001
44.074,0.2,0.201000000000001
44.075,0.2,0.201000000000001
44.076,0.2,0.201000000000001
44.077,0.2,0.201000000000001
44.078,0.2,0.201000000000001
44.079,0.2,0.201000000000001
44.08,0.2,0.201000000000001
44.081,0.2,0.201000000000001
44.082,0.2,0.201000000000001
44.083,0.2,0.201000000000001
44.084,0.2,0.201000000000001
44.085,0.2,0.201000000000001
44.086,0.2,0.201000000000001
44.087,0.2,0.201000000000001
44.088,0.2,0.201000000000001
44.089,0.2,0.201000000000001
44.09,0.2,0.201000000000001
44.091,0.2,0.201000000000001
44.092,0.2,0.201000000000001
44.093,0.2,0.201000000000001
44.094,0.2,0.201000000000001
44.095,0.2,0.201000000000001
44.096,0.2,0.201000000000001
44.097,0.2,0.201000000000001
44.098,0.2,0.201000000000001
44.099,0.2,0.201000000000001
44.1,0.2,0.201000000000001
44.101,0.2,0.201000000000001
44.102,0.2,0.201000000000001
44.103,0.2,0.201000000000001
44.104,0.2,0.201000000000001
44.105,0.2,0.201000000000001
44.106,0.2,0.201000000000001
44.107,0.2,0.201000000000001
44.108,0.2,0.201000000000001
44.109,0.2,0.201000000000001
44.11,0.2,0.201000000000001
44.111,0.2,0.201000000000001
44.112,0.2,0.201000000000001
44.113,0.2,0.201000000000001
44.114,0.2,0.201000000000001
44.115,0.2,0.201000000000001
44.116,0.2,0.201000000000001
44.117,0.2,0.201000000000001
44.118,0.2,0.201000000000001
44.119,0.2,0.201000000000001
44.12,0.2,0.201000000000001
44.121,0.2,0.201000000000001
44.122,0.2,0.201000000000001
44.123,0.2,0.201000000000001
44.124,0.2,0.201000000000001
44.125,0.2,0.201000000000001
44.126,0.2,0.201000000000001
44.127,0.2,0.201000000000001
44.128,0.2,0.201000000000001
44.129,0.2,0.201000000000001
44.13,0.2,0.201000000000001
44.131,0.2,0.201000000000001
44.132,0.2,0.201000000000001
44.133,0.2,0.201000000000001
44.134,0.2,0.201000000000001
44.135,0.2,0.201000000000001
44.136,0.2,0.201000000000001
44.137,0.2,0.201000000000001
44.138,0.2,0.201000000000001
44.139,0.2,0.201000000000001
44.14,0.2,0.201000000000001
44.141,0.2,0.201000000000001
44.142,0.2,0.201000000000001
44.143,0.2,0.201000000000001
44.144,0.2,0.201000000000001
44.145,0.2,0.201000000000001
44.146,0.2,0.201000000000001
44.147,0.2,0.201000000000001
44.148,0.2,0.201000000000001
44.149,0.2,0.201000000000001
44.15,0.2,0.201000000000001
44.151,0.2,0.201000000000001
44.152,0.2,0.201000000000001
44.153,0.2,0.201000000000001
44.154,0.2,0.201000000000001
44.155,0.2,0.201000000000001
44.156,0.2,0.201000000000001
44.157,0.2,0.201000000000001
44.158,0.2,0.201000000000001
44.159,0.2,0.201000000000001
44.16,0.2,0.201000000000001
44.161,0.2,0.201000000000001
44.162,0.2,0.201000000000001
44.163,0.2,0.201000000000001
44.164,0.2,0.201000000000001
44.165,0.2,0.201000000000001
44.166,0.2,0.201000000000001
44.167,0.2,0.201000000000001
44.168,0.2,0.201000000000001
44.169,0.2,0.201000000000001
44.17,0.2,0.201000000000001
44.171,0.2,0.201000000000001
44.172,0.2,0.201000000000001
44.173,0.2,0.201000000000001
44.174,0.2,0.201000000000001
44.175,0.2,0.201000000000001
44.176,0.2,0.201000000000001
44.177,0.2,0.201000000000001
44.178,0.2,0.201000000000001
44.179,0.2,0.201000000000001
44.18,0.2,0.201000000000001
44.181,0.2,0.201000000000001
44.182,0.2,0.201000000000001
44.183,0.2,0.201000000000001
44.184,0.2,0.201000000000001
44.185,0.2,0.201000000000001
44.186,0.2,0.201000000000001
44.187,0.2,0.201000000000001
44.188,0.2,0.201000000000001
44.189,0.2,0.201000000000001
44.19,0.2,0.201000000000001
44.191,0.2,0.201000000000001
44.192,0.2,0.201000000000001
44.193,0.2,0.201000000000001
44.194,0.2,0.201000000000001
44.195,0.2,0.201000000000001
44.196,0.2,0.201000000000001
44.197,0.2,0.201000000000001
44.198,0.2,0.201000000000001
44.199,0.2,0.201000000000001
44.2,0.2,0.201000000000001
44.201,0,1.799
44.202,0,1.799
44.203,0,1.799
44.204,0,1.799
44.205,0,1.799
44.206,0,1.799
44.207,0,1.799
44.208,0,1.799
44.209,0,1.799
44.21,0,1.799
44.211,0,1.799
44.212,0,1.799
44.213,0,1.799
44.214,0,1.799
44.215,0,1.799
44.216,0,1.799
44.217,0,1.799
44.218,0,1.799
44.219,0,1.799
44.22,0,1.799
44.221,0,1.799
44.222,0,1.799
44.223,0,1.799
44.224,0,1.799
44.225,0,1.799
44.226,0,1.799
44.227,0,1.799
44.228,0,1.799
44.229,0,1.799
44.23,0,1.799
44.231,0,1.799
44.232,0,1.799
44.233,0,1.799
44.234,0,1.799
44.235,0,1.799
44.236,0,1.799
44.237,0,1.799
44.238,0,1.799
44.239,0,1.799
44.24,0,1.799
44.241,0,1.799
44.242,0,1.799
44.243,0,1.799
44.244,0,1.799
44.245,0,1.799
44.246,0,1.799
44.247,0,1.799
44.248,0,1.799
44.249,0,1.799
44.25,0,1.799
44.251,0,1.799
44.252,0,1.799
44.253,0,1.799
44.254,0,1.799
44.255,0,1.799
44.256,0,1.799
44.257,0,1.799
44.258,0,1.799
44.259,0,1.799
44.26,0,1.799
44.261,0,1.799
44.262,0,1.799
44.263,0,1.799
44.264,0,1.799
44.265,0,1.799
44.266,0,1.799
44.267,0,1.799
44.268,0,1.799
44.269,0,1.799
44.27,0,1.799
44.271,0,1.799
44.272,0,1.799
44.273,0,1.799
44.274,0,1.799
44.275,0,1.799
44.276,0,1.799
44.277,0,1.799
44.278,0,1.799
44.279,0,1.799
44.28,0,1.799
44.281,0,1.799
44.282,0,1.799
44.283,0,1.799
44.284,0,1.799
44.285,0,1.799
44.286,0,1.799
44.287,0,1.799
44.288,0,1.799
44.289,0,1.799
44.29,0,1.799
44.291,0,1.799
44.292,0,1.799
44.293,0,1.799
44.294,0,1.799
44.295,0,1.799
44.296,0,1.799
44.297,0,1.799
44.298,0,1.799
44.299,0,1.799
44.3,0,1.799
44.301,0,1.799
44.302,0,1.799
44.303,0,1.799
44.304,0,1.799
44.305,0,1.799
44.306,0,1.799
44.307,0,1.799
44.308,0,1.799
44.309,0,1.799
44.31,0,1.799
44.311,0,1.799
44.312,0,1.799
44.313,0,1.799
44.314,0,1.799
44.315,0,1.799
44.316,0,1.799
44.317,0,1.799
44.318,0,1.799
44.319,0,1.799
44.32,0,1.799
44.321,0,1.799
44.322,0,1.799
44.323,0,1.799
44.324,0,1.799
44.325,0,1.799
44.326,0,1.799
44.327,0,1.799
44.328,0,1.799
44.329,0,1.799
44.33,0,1.799
44.331,0,1.799
44.332,0,1.799
44.333,0,1.799
44.334,0,1.799
44.335,0,1.799
44.336,0,1.799
44.337,0,1.799
44.338,0,1.799
44.339,0,1.799
44.34,0,1.799
44.341,0,1.799
44.342,0,1.799
44.343,0,1.799
44.344,0,1.799
44.345,0,1.799
44.346,0,1.799
44.347,0,1.799
44.348,0,1.799
44.349,0,1.799
44.35,0,1.799
44.351,0,1.799
44.352,0,1.799
44.353,0,1.799
44.354,0,1.799
44.355,0,1.799
44.356,0,1.799
44.357,0,1.799
44.358,0,1.799
44.359,0,1.799
44.36,0,1.799
44.361,0,1.799
44.362,0,1.799
44.363,0,1.799
44.364,0,1.799
44.365,0,1.799
44.366,0,1.799
44.367,0,1.799
44.368,0,1.799
44.369,0,1.799
44.37,0,1.799
44.371,0,1.799
44.372,0,1.799
44.373,0,1.799
44.374,0,1.799
44.375,0,1.799
44.376,0,1.799
44.377,0,1.799
44.378,0,1.799
44.379,0,1.799
44.38,0,1.799
44.381,0,1.799
44.382,0,1.799
44.383,0,1.799
44.384,0,1.799
44.385,0,1.799
44.386,0,1.799
44.387,0,1.799
44.388,0,1.799
44.389,0,1.799
44.39,0,1.799
44.391,0,1.799
44.392,0,1.799
44.393,0,1.799
44.394,0,1.799
44.395,0,1.799
44.396,0,1.799
44.397,0,1.799
44.398,0,1.799
44.399,0,1.799
44.4,0,1.799
44.401,0,1.799
44.402,0,1.799
44.403,0,1.799
44.404,0,1.799
44.405,0,1.799
44.406,0,1.799
44.407,0,1.799
44.408,0,1.799
44.409,0,1.799
44.41,0,1.799
44.411,0,1.799
44.412,0,1.799
44.413,0,1.799
44.414,0,1.799
44.415,0,1.799
44.416,0,1.799
44.417,0,1.799
44.418,0,1.799
44.419,0,1.799
44.42,0,1.799
44.421,0,1.799
44.422,0,1.799
44.423,0,1.799
44.424,0,1.799
44.425,0,1.799
44.426,0,1.799
44.427,0,1.799
44.428,0,1.799
44.429,0,1.799
44.43,0,1.799
44.431,0,1.799
44.432,0,1.799
44.433,0,1.799
44.434,0,1.799
44.435,0,1.799
44.436,0,1.799
44.437,0,1.799
44.438,0,1.799
44.439,0,1.799
44.44,0,1.799
44.441,0,1.799
44.442,0,1.799
44.443,0,1.799
44.444,0,1.799
44.445,0,1.799
44.446,0,1.799
44.447,0,1.799
44.448,0,1.799
44.449,0,1.799
44.45,0,1.799
44.451,0,1.799
44.452,0,1.799
44.453,0,1.799
44.454,0,1.799
44.455,0,1.799
44.456,0,1.799
44.457,0,1.799
44.458,0,1.799
44.459,0,1.799
44.46,0,1.799
44.461,0,1.799
44.462,0,1.799
44.463,0,1.799
44.464,0,1.799
44.465,0,1.799
44.466,0,1.799
44.467,0,1.799
44.468,0,1.799
44.469,0,1.799
44.47,0,1.799
44.471,0,1.799
44.472,0,1.799
44.473,0,1.799
44.474,0,1.799
44.475,0,1.799
44.476,0,1.799
44.477,0,1.799
44.478,0,1.799
44.479,0,1.799
44.48,0,1.799
44.481,0,1.799
44.482,0,1.799
44.483,0,1.799
44.484,0,1.799
44.485,0,1.799
44.486,0,1.799
44.487,0,1.799
44.488,0,1.799
44.489,0,1.799
44.49,0,1.799
44.491,0,1.799
44.492,0,1.799
44.493,0,1.799
44.494,0,1.799
44.495,0,1.799
44.496,0,1.799
44.497,0,1.799
44.498,0,1.799
44.499,0,1.799
44.5,0,1.799
44.501,0,1.799
44.502,0,1.799
44.503,0,1.799
44.504,0,1.799
44.505,0,1.799
44.506,0,1.799
44.507,0,1.799
44.508,0,1.799
44.509,0,1.799
44.51,0,1.799
44.511,0,1.799
44.512,0,1.799
44.513,0,1.799
44.514,0,1.799
44.515,0,1.799
44.516,0,1.799
44.517,0,1.799
44.518,0,1.799
44.519,0,1.799
44.52,0,1.799
44.521,0,1.799
44.522,0,1.799
44.523,0,1.799
44.524,0,1.799
44.525,0,1.799
44.526,0,1.799
44.527,0,1.799
44.528,0,1.799
44.529,0,1.799
44.53,0,1.799
44.531,0,1.799
44.532,0,1.799
44.533,0,1.799
44.534,0,1.799
44.535,0,1.799
44.536,0,1.799
44.537,0,1.799
44.538,0,1.799
44.539,0,1.799
44.54,0,1.799
44.541,0,1.799
44.542,0,1.799
44.543,0,1.799
44.544,0,1.799
44.545,0,1.799
44.546,0,1.799
44.547,0,1.799
44.548,0,1.799
44.549,0,1.799
44.55,0,1.799
44.551,0,1.799
44.552,0,1.799
44.553,0,1.799
44.554,0,1.799
44.555,0,1.799
44.556,0,1.799
44.557,0,1.799
44.558,0,1.799
44.559,0,1.799
44.56,0,1.799
44.561,0,1.799
44.562,0,1.799
44.563,0,1.799
44.564,0,1.799
44.565,0,1.799
44.566,0,1.799
44.567,0,1.799
44.568,0,1.799
44.569,0,1.799
44.57,0,1.799
44.571,0,1.799
44.572,0,1.799
44.573,0,1.799
44.574,0,1.799
44.575,0,1.799
44.576,0,1.799
44.577,0,1.799
44.578,0,1.799
44.579,0,1.799
44.58,0,1.799
44.581,0,1.799
44.582,0,1.799
44.583,0,1.799
44.584,0,1.799
44.585,0,1.799
44.586,0,1.799
44.587,0,1.799
44.588,0,1.799
44.589,0,1.799
44.59,0,1.799
44.591,0,1.799
44.592,0,1.799
44.593,0,1.799
44.594,0,1.799
44.595,0,1.799
44.596,0,1.799
44.597,0,1.799
44.598,0,1.799
44.599,0,1.799
44.6,0,1.799
44.601,0,1.799
44.602,0,1.799
44.603,0,1.799
44.604,0,1.799
44.605,0,1.799
44.606,0,1.799
44.607,0,1.799
44.608,0,1.799
44.609,0,1.799
44.61,0,1.799
44.611,0,1.799
44.612,0,1.799
44.613,0,1.799
44.614,0,1.799
44.615,0,1.799
44.616,0,1.799
44.617,0,1.799
44.618,0,1.799
44.619,0,1.799
44.62,0,1.799
44.621,0,1.799
44.622,0,1.799
44.623,0,1.799
44.624,0,1.799
44.625,0,1.799
44.626,0,1.799
44.627,0,1.799
44.628,0,1.799
44.629,0,1.799
44.63,0,1.799
44.631,0,1.799
44.632,0,1.799
44.633,0,1.799
44.634,0,1.799
44.635,0,1.799
44.636,0,1.799
44.637,0,1.799
44.638,0,1.799
44.639,0,1.799
44.64,0,1.799
44.641,0,1.799
44.642,0,1.799
44.643,0,1.799
44.644,0,1.799
44.645,0,1.799
44.646,0,1.799
44.647,0,1.799
44.648,0,1.799
44.649,0,1.799
44.65,0,1.799
44.651,0,1.799
44.652,0,1.799
44.653,0,1.799
44.654,0,1.799
44.655,0,1.799
44.656,0,1.799
44.657,0,1.799
44.658,0,1.799
44.659,0,1.799
44.66,0,1.799
44.661,0,1.799
44.662,0,1.799
44.663,0,1.799
44.664,0,1.799
44.665,0,1.799
44.666,0,1.799
44.667,0,1.799
44.668,0,1.799
44.669,0,1.799
44.67,0,1.799
44.671,0,1.799
44.672,0,1.799
44.673,0,1.799
44.674,0,1.799
44.675,0,1.799
44.676,0,1.799
44.677,0,1.799
44.678,0,1.799
44.679,0,1.799
44.68,0,1.799
44.681,0,1.799
44.682,0,1.799
44.683,0,1.799
44.684,0,1.799
44.685,0,1.799
44.686,0,1.799
44.687,0,1.799
44.688,0,1.799
44.689,0,1.799
44.69,0,1.799
44.691,0,1.799
44.692,0,1.799
44.693,0,1.799
44.694,0,1.799
44.695,0,1.799
44.696,0,1.799
44.697,0,1.799
44.698,0,1.799
44.699,0,1.799
44.7,0,1.799
44.701,0,1.799
44.702,0,1.799
44.703,0,1.799
44.704,0,1.799
44.705,0,1.799
44.706,0,1.799
44.707,0,1.799
44.708,0,1.799
44.709,0,1.799
44.71,0,1.799
44.711,0,1.799
44.712,0,1.799
44.713,0,1.799
44.714,0,1.799
44.715,0,1.799
44.716,0,1.799
44.717,0,1.799
44.718,0,1.799
44.719,0,1.799
44.72,0,1.799
44.721,0,1.799
44.722,0,1.799
44.723,0,1.799
44.724,0,1.799
44.725,0,1.799
44.726,0,1.799
44.727,0,1.799
44.728,0,1.799
44.729,0,1.799
44.73,0,1.799
44.731,0,1.799
44.732,0,1.799
44.733,0,1.799
44.734,0,1.799
44.735,0,1.799
44.736,0,1.799
44.737,0,1.799
44.738,0,1.799
44.739,0,1.799
44.74,0,1.799
44.741,0,1.799
44.742,0,1.799
44.743,0,1.799
44.744,0,1.799
44.745,0,1.799
44.746,0,1.799
44.747,0,1.799
44.748,0,1.799
44.749,0,1.799
44.75,0,1.799
44.751,0,1.799
44.752,0,1.799
44.753,0,1.799
44.754,0,1.799
44.755,0,1.799
44.756,0,1.799
44.757,0,1.799
44.758,0,1.799
44.759,0,1.799
44.76,0,1.799
44.761,0,1.799
44.762,0,1.799
44.763,0,1.799
44.764,0,1.799
44.765,0,1.799
44.766,0,1.799
44.767,0,1.799
44.768,0,1.799
44.769,0,1.799
44.77,0,1.799
44.771,0,1.799
44.772,0,1.799
44.773,0,1.799
44.774,0,1.799
44.775,0,1.799
44.776,0,1.799
44.777,0,1.799
44.778,0,1.799
44.779,0,1.799
44.78,0,1.799
44.781,0,1.799
44.782,0,1.799
44.783,0,1.799
44.784,0,1.799
44.785,0,1.799
44.786,0,1.799
44.787,0,1.799
44.788,0,1.799
44.789,0,1.799
44.79,0,1.799
44.791,0,1.799
44.792,0,1.799
44.793,0,1.799
44.794,0,1.799
44.795,0,1.799
44.796,0,1.799
44.797,0,1.799
44.798,0,1.799
44.799,0,1.799
44.8,0,1.799
44.801,0,1.799
44.802,0,1.799
44.803,0,1.799
44.804,0,1.799
44.805,0,1.799
44.806,0,1.799
44.807,0,1.799
44.808,0,1.799
44.809,0,1.799
44.81,0,1.799
44.811,0,1.799
44.812,0,1.799
44.813,0,1.799
44.814,0,1.799
44.815,0,1.799
44.816,0,1.799
44.817,0,1.799
44.818,0,1.799
44.819,0,1.799
44.82,0,1.799
44.821,0,1.799
44.822,0,1.799
44.823,0,1.799
44.824,0,1.799
44.825,0,1.799
44.826,0,1.799
44.827,0,1.799
44.828,0,1.799
44.829,0,1.799
44.83,0,1.799
44.831,0,1.799
44.832,0,1.799
44.833,0,1.799
44.834,0,1.799
44.835,0,1.799
44.836,0,1.799
44.837,0,1.799
44.838,0,1.799
44.839,0,1.799
44.84,0,1.799
44.841,0,1.799
44.842,0,1.799
44.843,0,1.799
44.844,0,1.799
44.845,0,1.799
44.846,0,1.799
44.847,0,1.799
44.848,0,1.799
44.849,0,1.799
44.85,0,1.799
44.851,0,1.799
44.852,0,1.799
44.853,0,1.799
44.854,0,1.799
44.855,0,1.799
44.856,0,1.799
44.857,0,1.799
44.858,0,1.799
44.859,0,1.799
44.86,0,1.799
44.861,0,1.799
44.862,0,1.799
44.863,0,1.799
44.864,0,1.799
44.865,0,1.799
44.866,0,1.799
44.867,0,1.799
44.868,0,1.799
44.869,0,1.799
44.87,0,1.799
44.871,0,1.799
44.872,0,1.799
44.873,0,1.799
44.874,0,1.799
44.875,0,1.799
44.876,0,1.799
44.877,0,1.799
44.878,0,1.799
44.879,0,1.799
44.88,0,1.799
44.881,0,1.799
44.882,0,1.799
44.883,0,1.799
44.884,0,1.799
44.885,0,1.799
44.886,0,1.799
44.887,0,1.799
44.888,0,1.799
44.889,0,1.799
44.89,0,1.799
44.891,0,1.799
44.892,0,1.799
44.893,0,1.799
44.894,0,1.799
44.895,0,1.799
44.896,0,1.799
44.897,0,1.799
44.898,0,1.799
44.899,0,1.799
44.9,0,1.799
44.901,0,1.799
44.902,0,1.799
44.903,0,1.799
44.904,0,1.799
44.905,0,1.799
44.906,0,1.799
44.907,0,1.799
44.908,0,1.799
44.909,0,1.799
44.91,0,1.799
44.911,0,1.799
44.912,0,1.799
44.913,0,1.799
44.914,0,1.799
44.915,0,1.799
44.916,0,1.799
44.917,0,1.799
44.918,0,1.799
44.919,0,1.799
44.92,0,1.799
44.921,0,1.799
44.922,0,1.799
44.923,0,1.799
44.924,0,1.799
44.925,0,1.799
44.926,0,1.799
44.927,0,1.799
44.928,0,1.799
44.929,0,1.799
44.93,0,1.799
44.931,0,1.799
44.932,0,1.799
44.933,0,1.799
44.934,0,1.799
44.935,0,1.799
44.936,0,1.799
44.937,0,1.799
44.938,0,1.799
44.939,0,1.799
44.94,0,1.799
44.941,0,1.799
44.942,0,1.799
44.943,0,1.799
44.944,0,1.799
44.945,0,1.799
44.946,0,1.799
44.947,0,1.799
44.948,0,1.799
44.949,0,1.799
44.95,0,1.799
44.951,0,1.799
44.952,0,1.799
44.953,0,1.799
44.954,0,1.799
44.955,0,1.799
44.956,0,1.799
44.957,0,1.799
44.958,0,1.799
44.959,0,1.799
44.96,0,1.799
44.961,0,1.799
44.962,0,1.799
44.963,0,1.799
44.964,0,1.799
44.965,0,1.799
44.966,0,1.799
44.967,0,1.799
44.968,0,1.799
44.969,0,1.799
44.97,0,1.799
44.971,0,1.799
44.972,0,1.799
44.973,0,1.799
44.974,0,1.799
44.975,0,1.799
44.976,0,1.799
44.977,0,1.799
44.978,0,1.799
44.979,0,1.799
44.98,0,1.799
44.981,0,1.799
44.982,0,1.799
44.983,0,1.799
44.984,0,1.799
44.985,0,1.799
44.986,0,1.799
44.987,0,1.799
44.988,0,1.799
44.989,0,1.799
44.99,0,1.799
44.991,0,1.799
44.992,0,1.799
44.993,0,1.799
44.994,0,1.799
44.995,0,1.799
44.996,0,1.799
44.997,0,1.799
44.998,0,1.799
44.999,0,1.799
45,0,1.799
45.001,0,1.799
45.002,0,1.799
45.003,0,1.799
45.004,0,1.799
45.005,0,1.799
45.006,0,1.799
45.007,0,1.799
45.008,0,1.799
45.009,0,1.799
45.01,0,1.799
45.011,0,1.799
45.012,0,1.799
45.013,0,1.799
45.014,0,1.799
45.015,0,1.799
45.016,0,1.799
45.017,0,1.799
45.018,0,1.799
45.019,0,1.799
45.02,0,1.799
45.021,0,1.799
45.022,0,1.799
45.023,0,1.799
45.024,0,1.799
45.025,0,1.799
45.026,0,1.799
45.027,0,1.799
45.028,0,1.799
45.029,0,1.799
45.03,0,1.799
45.031,0,1.799
45.032,0,1.799
45.033,0,1.799
45.034,0,1.799
45.035,0,1.799
45.036,0,1.799
45.037,0,1.799
45.038,0,1.799
45.039,0,1.799
45.04,0,1.799
45.041,0,1.799
45.042,0,1.799
45.043,0,1.799
45.044,0,1.799
45.045,0,1.799
45.046,0,1.799
45.047,0,1.799
45.048,0,1.799
45.049,0,1.799
45.05,0,1.799
45.051,0,1.799
45.052,0,1.799
45.053,0,1.799
45.054,0,1.799
45.055,0,1.799
45.056,0,1.799
45.057,0,1.799
45.058,0,1.799
45.059,0,1.799
45.06,0,1.799
45.061,0,1.799
45.062,0,1.799
45.063,0,1.799
45.064,0,1.799
45.065,0,1.799
45.066,0,1.799
45.067,0,1.799
45.068,0,1.799
45.069,0,1.799
45.07,0,1.799
45.071,0,1.799
45.072,0,1.799
45.073,0,1.799
45.074,0,1.799
45.075,0,1.799
45.076,0,1.799
45.077,0,1.799
45.078,0,1.799
45.079,0,1.799
45.08,0,1.799
45.081,0,1.799
45.082,0,1.799
45.083,0,1.799
45.084,0,1.799
45.085,0,1.799
45.086,0,1.799
45.087,0,1.799
45.088,0,1.799
45.089,0,1.799
45.09,0,1.799
45.091,0,1.799
45.092,0,1.799
45.093,0,1.799
45.094,0,1.799
45.095,0,1.799
45.096,0,1.799
45.097,0,1.799
45.098,0,1.799
45.099,0,1.799
45.1,0,1.799
45.101,0,1.799
45.102,0,1.799
45.103,0,1.799
45.104,0,1.799
45.105,0,1.799
45.106,0,1.799
45.107,0,1.799
45.108,0,1.799
45.109,0,1.799
45.11,0,1.799
45.111,0,1.799
45.112,0,1.799
45.113,0,1.799
45.114,0,1.799
45.115,0,1.799
45.116,0,1.799
45.117,0,1.799
45.118,0,1.799
45.119,0,1.799
45.12,0,1.799
45.121,0,1.799
45.122,0,1.799
45.123,0,1.799
45.124,0,1.799
45.125,0,1.799
45.126,0,1.799
45.127,0,1.799
45.128,0,1.799
45.129,0,1.799
45.13,0,1.799
45.131,0,1.799
45.132,0,1.799
45.133,0,1.799
45.134,0,1.799
45.135,0,1.799
45.136,0,1.799
45.137,0,1.799
45.138,0,1.799
45.139,0,1.799
45.14,0,1.799
45.141,0,1.799
45.142,0,1.799
45.143,0,1.799
45.144,0,1.799
45.145,0,1.799
45.146,0,1.799
45.147,0,1.799
45.148,0,1.799
45.149,0,1.799
45.15,0,1.799
45.151,0,1.799
45.152,0,1.799
45.153,0,1.799
45.154,0,1.799
45.155,0,1.799
45.156,0,1.799
45.157,0,1.799
45.158,0,1.799
45.159,0,1.799
45.16,0,1.799
45.161,0,1.799
45.162,0,1.799
45.163,0,1.799
45.164,0,1.799
45.165,0,1.799
45.166,0,1.799
45.167,0,1.799
45.168,0,1.799
45.169,0,1.799
45.17,0,1.799
45.171,0,1.799
45.172,0,1.799
45.173,0,1.799
45.174,0,1.799
45.175,0,1.799
45.176,0,1.799
45.177,0,1.799
45.178,0,1.799
45.179,0,1.799
45.18,0,1.799
45.181,0,1.799
45.182,0,1.799
45.183,0,1.799
45.184,0,1.799
45.185,0,1.799
45.186,0,1.799
45.187,0,1.799
45.188,0,1.799
45.189,0,1.799
45.19,0,1.799
45.191,0,1.799
45.192,0,1.799
45.193,0,1.799
45.194,0,1.799
45.195,0,1.799
45.196,0,1.799
45.197,0,1.799
45.198,0,1.799
45.199,0,1.799
45.2,0,1.799
45.201,0,1.799
45.202,0,1.799
45.203,0,1.799
45.204,0,1.799
45.205,0,1.799
45.206,0,1.799
45.207,0,1.799
45.208,0,1.799
45.209,0,1.799
45.21,0,1.799
45.211,0,1.799
45.212,0,1.799
45.213,0,1.799
45.214,0,1.799
45.215,0,1.799
45.216,0,1.799
45.217,0,1.799
45.218,0,1.799
45.219,0,1.799
45.22,0,1.799
45.221,0,1.799
45.222,0,1.799
45.223,0,1.799
45.224,0,1.799
45.225,0,1.799
45.226,0,1.799
45.227,0,1.799
45.228,0,1.799
45.229,0,1.799
45.23,0,1.799
45.231,0,1.799
45.232,0,1.799
45.233,0,1.799
45.234,0,1.799
45.235,0,1.799
45.236,0,1.799
45.237,0,1.799
45.238,0,1.799
45.239,0,1.799
45.24,0,1.799
45.241,0,1.799
45.242,0,1.799
45.243,0,1.799
45.244,0,1.799
45.245,0,1.799
45.246,0,1.799
45.247,0,1.799
45.248,0,1.799
45.249,0,1.799
45.25,0,1.799
45.251,0,1.799
45.252,0,1.799
45.253,0,1.799
45.254,0,1.799
45.255,0,1.799
45.256,0,1.799
45.257,0,1.799
45.258,0,1.799
45.259,0,1.799
45.26,0,1.799
45.261,0,1.799
45.262,0,1.799
45.263,0,1.799
45.264,0,1.799
45.265,0,1.799
45.266,0,1.799
45.267,0,1.799
45.268,0,1.799
45.269,0,1.799
45.27,0,1.799
45.271,0,1.799
45.272,0,1.799
45.273,0,1.799
45.274,0,1.799
45.275,0,1.799
45.276,0,1.799
45.277,0,1.799
45.278,0,1.799
45.279,0,1.799
45.28,0,1.799
45.281,0,1.799
45.282,0,1.799
45.283,0,1.799
45.284,0,1.799
45.285,0,1.799
45.286,0,1.799
45.287,0,1.799
45.288,0,1.799
45.289,0,1.799
45.29,0,1.799
45.291,0,1.799
45.292,0,1.799
45.293,0,1.799
45.294,0,1.799
45.295,0,1.799
45.296,0,1.799
45.297,0,1.799
45.298,0,1.799
45.299,0,1.799
45.3,0,1.799
45.301,0,1.799
45.302,0,1.799
45.303,0,1.799
45.304,0,1.799
45.305,0,1.799
45.306,0,1.799
45.307,0,1.799
45.308,0,1.799
45.309,0,1.799
45.31,0,1.799
45.311,0,1.799
45.312,0,1.799
45.313,0,1.799
45.314,0,1.799
45.315,0,1.799
45.316,0,1.799
45.317,0,1.799
45.318,0,1.799
45.319,0,1.799
45.32,0,1.799
45.321,0,1.799
45.322,0,1.799
45.323,0,1.799
45.324,0,1.799
45.325,0,1.799
45.326,0,1.799
45.327,0,1.799
45.328,0,1.799
45.329,0,1.799
45.33,0,1.799
45.331,0,1.799
45.332,0,1.799
45.333,0,1.799
45.334,0,1.799
45.335,0,1.799
45.336,0,1.799
45.337,0,1.799
45.338,0,1.799
45.339,0,1.799
45.34,0,1.799
45.341,0,1.799
45.342,0,1.799
45.343,0,1.799
45.344,0,1.799
45.345,0,1.799
45.346,0,1.799
45.347,0,1.799
45.348,0,1.799
45.349,0,1.799
45.35,0,1.799
45.351,0,1.799
45.352,0,1.799
45.353,0,1.799
45.354,0,1.799
45.355,0,1.799
45.356,0,1.799
45.357,0,1.799
45.358,0,1.799
45.359,0,1.799
45.36,0,1.799
45.361,0,1.799
45.362,0,1.799
45.363,0,1.799
45.364,0,1.799
45.365,0,1.799
45.366,0,1.799
45.367,0,1.799
45.368,0,1.799
45.369,0,1.799
45.37,0,1.799
45.371,0,1.799
45.372,0,1.799
45.373,0,1.799
45.374,0,1.799
45.375,0,1.799
45.376,0,1.799
45.377,0,1.799
45.378,0,1.799
45.379,0,1.799
45.38,0,1.799
45.381,0,1.799
45.382,0,1.799
45.383,0,1.799
45.384,0,1.799
45.385,0,1.799
45.386,0,1.799
45.387,0,1.799
45.388,0,1.799
45.389,0,1.799
45.39,0,1.799
45.391,0,1.799
45.392,0,1.799
45.393,0,1.799
45.394,0,1.799
45.395,0,1.799
45.396,0,1.799
45.397,0,1.799
45.398,0,1.799
45.399,0,1.799
45.4,0,1.799
45.401,0,1.799
45.402,0,1.799
45.403,0,1.799
45.404,0,1.799
45.405,0,1.799
45.406,0,1.799
45.407,0,1.799
45.408,0,1.799
45.409,0,1.799
45.41,0,1.799
45.411,0,1.799
45.412,0,1.799
45.413,0,1.799
45.414,0,1.799
45.415,0,1.799
45.416,0,1.799
45.417,0,1.799
45.418,0,1.799
45.419,0,1.799
45.42,0,1.799
45.421,0,1.799
45.422,0,1.799
45.423,0,1.799
45.424,0,1.799
45.425,0,1.799
45.426,0,1.799
45.427,0,1.799
45.428,0,1.799
45.429,0,1.799
45.43,0,1.799
45.431,0,1.799
45.432,0,1.799
45.433,0,1.799
45.434,0,1.799
45.435,0,1.799
45.436,0,1.799
45.437,0,1.799
45.438,0,1.799
45.439,0,1.799
45.44,0,1.799
45.441,0,1.799
45.442,0,1.799
45.443,0,1.799
45.444,0,1.799
45.445,0,1.799
45.446,0,1.799
45.447,0,1.799
45.448,0,1.799
45.449,0,1.799
45.45,0,1.799
45.451,0,1.799
45.452,0,1.799
45.453,0,1.799
45.454,0,1.799
45.455,0,1.799
45.456,0,1.799
45.457,0,1.799
45.458,0,1.799
45.459,0,1.799
45.46,0,1.799
45.461,0,1.799
45.462,0,1.799
45.463,0,1.799
45.464,0,1.799
45.465,0,1.799
45.466,0,1.799
45.467,0,1.799
45.468,0,1.799
45.469,0,1.799
45.47,0,1.799
45.471,0,1.799
45.472,0,1.799
45.473,0,1.799
45.474,0,1.799
45.475,0,1.799
45.476,0,1.799
45.477,0,1.799
45.478,0,1.799
45.479,0,1.799
45.48,0,1.799
45.481,0,1.799
45.482,0,1.799
45.483,0,1.799
45.484,0,1.799
45.485,0,1.799
45.486,0,1.799
45.487,0,1.799
45.488,0,1.799
45.489,0,1.799
45.49,0,1.799
45.491,0,1.799
45.492,0,1.799
45.493,0,1.799
45.494,0,1.799
45.495,0,1.799
45.496,0,1.799
45.497,0,1.799
45.498,0,1.799
45.499,0,1.799
45.5,0,1.799
45.501,0,1.799
45.502,0,1.799
45.503,0,1.799
45.504,0,1.799
45.505,0,1.799
45.506,0,1.799
45.507,0,1.799
45.508,0,1.799
45.509,0,1.799
45.51,0,1.799
45.511,0,1.799
45.512,0,1.799
45.513,0,1.799
45.514,0,1.799
45.515,0,1.799
45.516,0,1.799
45.517,0,1.799
45.518,0,1.799
45.519,0,1.799
45.52,0,1.799
45.521,0,1.799
45.522,0,1.799
45.523,0,1.799
45.524,0,1.799
45.525,0,1.799
45.526,0,1.799
45.527,0,1.799
45.528,0,1.799
45.529,0,1.799
45.53,0,1.799
45.531,0,1.799
45.532,0,1.799
45.533,0,1.799
45.534,0,1.799
45.535,0,1.799
45.536,0,1.799
45.537,0,1.799
45.538,0,1.799
45.539,0,1.799
45.54,0,1.799
45.541,0,1.799
45.542,0,1.799
45.543,0,1.799
45.544,0,1.799
45.545,0,1.799
45.546,0,1.799
45.547,0,1.799
45.548,0,1.799
45.549,0,1.799
45.55,0,1.799
45.551,0,1.799
45.552,0,1.799
45.553,0,1.799
45.554,0,1.799
45.555,0,1.799
45.556,0,1.799
45.557,0,1.799
45.558,0,1.799
45.559,0,1.799
45.56,0,1.799
45.561,0,1.799
45.562,0,1.799
45.563,0,1.799
45.564,0,1.799
45.565,0,1.799
45.566,0,1.799
45.567,0,1.799
45.568,0,1.799
45.569,0,1.799
45.57,0,1.799
45.571,0,1.799
45.572,0,1.799
45.573,0,1.799
45.574,0,1.799
45.575,0,1.799
45.576,0,1.799
45.577,0,1.799
45.578,0,1.799
45.579,0,1.799
45.58,0,1.799
45.581,0,1.799
45.582,0,1.799
45.583,0,1.799
45.584,0,1.799
45.585,0,1.799
45.586,0,1.799
45.587,0,1.799
45.588,0,1.799
45.589,0,1.799
45.59,0,1.799
45.591,0,1.799
45.592,0,1.799
45.593,0,1.799
45.594,0,1.799
45.595,0,1.799
45.596,0,1.799
45.597,0,1.799
45.598,0,1.799
45.599,0,1.799
45.6,0,1.799
45.601,0,1.799
45.602,0,1.799
45.603,0,1.799
45.604,0,1.799
45.605,0,1.799
45.606,0,1.799
45.607,0,1.799
45.608,0,1.799
45.609,0,1.799
45.61,0,1.799
45.611,0,1.799
45.612,0,1.799
45.613,0,1.799
45.614,0,1.799
45.615,0,1.799
45.616,0,1.799
45.617,0,1.799
45.618,0,1.799
45.619,0,1.799
45.62,0,1.799
45.621,0,1.799
45.622,0,1.799
45.623,0,1.799
45.624,0,1.799
45.625,0,1.799
45.626,0,1.799
45.627,0,1.799
45.628,0,1.799
45.629,0,1.799
45.63,0,1.799
45.631,0,1.799
45.632,0,1.799
45.633,0,1.799
45.634,0,1.799
45.635,0,1.799
45.636,0,1.799
45.637,0,1.799
45.638,0,1.799
45.639,0,1.799
45.64,0,1.799
45.641,0,1.799
45.642,0,1.799
45.643,0,1.799
45.644,0,1.799
45.645,0,1.799
45.646,0,1.799
45.647,0,1.799
45.648,0,1.799
45.649,0,1.799
45.65,0,1.799
45.651,0,1.799
45.652,0,1.799
45.653,0,1.799
45.654,0,1.799
45.655,0,1.799
45.656,0,1.799
45.657,0,1.799
45.658,0,1.799
45.659,0,1.799
45.66,0,1.799
45.661,0,1.799
45.662,0,1.799
45.663,0,1.799
45.664,0,1.799
45.665,0,1.799
45.666,0,1.799
45.667,0,1.799
45.668,0,1.799
45.669,0,1.799
45.67,0,1.799
45.671,0,1.799
45.672,0,1.799
45.673,0,1.799
45.674,0,1.799
45.675,0,1.799
45.676,0,1.799
45.677,0,1.799
45.678,0,1.799
45.679,0,1.799
45.68,0,1.799
45.681,0,1.799
45.682,0,1.799
45.683,0,1.799
45.684,0,1.799
45.685,0,1.799
45.686,0,1.799
45.687,0,1.799
45.688,0,1.799
45.689,0,1.799
45.69,0,1.799
45.691,0,1.799
45.692,0,1.799
45.693,0,1.799
45.694,0,1.799
45.695,0,1.799
45.696,0,1.799
45.697,0,1.799
45.698,0,1.799
45.699,0,1.799
45.7,0,1.799
45.701,0,1.799
45.702,0,1.799
45.703,0,1.799
45.704,0,1.799
45.705,0,1.799
45.706,0,1.799
45.707,0,1.799
45.708,0,1.799
45.709,0,1.799
45.71,0,1.799
45.711,0,1.799
45.712,0,1.799
45.713,0,1.799
45.714,0,1.799
45.715,0,1.799
45.716,0,1.799
45.717,0,1.799
45.718,0,1.799
45.719,0,1.799
45.72,0,1.799
45.721,0,1.799
45.722,0,1.799
45.723,0,1.799
45.724,0,1.799
45.725,0,1.799
45.726,0,1.799
45.727,0,1.799
45.728,0,1.799
45.729,0,1.799
45.73,0,1.799
45.731,0,1.799
45.732,0,1.799
45.733,0,1.799
45.734,0,1.799
45.735,0,1.799
45.736,0,1.799
45.737,0,1.799
45.738,0,1.799
45.739,0,1.799
45.74,0,1.799
45.741,0,1.799
45.742,0,1.799
45.743,0,1.799
45.744,0,1.799
45.745,0,1.799
45.746,0,1.799
45.747,0,1.799
45.748,0,1.799
45.749,0,1.799
45.75,0,1.799
45.751,0,1.799
45.752,0,1.799
45.753,0,1.799
45.754,0,1.799
45.755,0,1.799
45.756,0,1.799
45.757,0,1.799
45.758,0,1.799
45.759,0,1.799
45.76,0,1.799
45.761,0,1.799
45.762,0,1.799
45.763,0,1.799
45.764,0,1.799
45.765,0,1.799
45.766,0,1.799
45.767,0,1.799
45.768,0,1.799
45.769,0,1.799
45.77,0,1.799
45.771,0,1.799
45.772,0,1.799
45.773,0,1.799
45.774,0,1.799
45.775,0,1.799
45.776,0,1.799
45.777,0,1.799
45.778,0,1.799
45.779,0,1.799
45.78,0,1.799
45.781,0,1.799
45.782,0,1.799
45.783,0,1.799
45.784,0,1.799
45.785,0,1.799
45.786,0,1.799
45.787,0,1.799
45.788,0,1.799
45.789,0,1.799
45.79,0,1.799
45.791,0,1.799
45.792,0,1.799
45.793,0,1.799
45.794,0,1.799
45.795,0,1.799
45.796,0,1.799
45.797,0,1.799
45.798,0,1.799
45.799,0,1.799
45.8,0,1.799
45.801,0,1.799
45.802,0,1.799
45.803,0,1.799
45.804,0,1.799
45.805,0,1.799
45.806,0,1.799
45.807,0,1.799
45.808,0,1.799
45.809,0,1.799
45.81,0,1.799
45.811,0,1.799
45.812,0,1.799
45.813,0,1.799
45.814,0,1.799
45.815,0,1.799
45.816,0,1.799
45.817,0,1.799
45.818,0,1.799
45.819,0,1.799
45.82,0,1.799
45.821,0,1.799
45.822,0,1.799
45.823,0,1.799
45.824,0,1.799
45.825,0,1.799
45.826,0,1.799
45.827,0,1.799
45.828,0,1.799
45.829,0,1.799
45.83,0,1.799
45.831,0,1.799
45.832,0,1.799
45.833,0,1.799
45.834,0,1.799
45.835,0,1.799
45.836,0,1.799
45.837,0,1.799
45.838,0,1.799
45.839,0,1.799
45.84,0,1.799
45.841,0,1.799
45.842,0,1.799
45.843,0,1.799
45.844,0,1.799
45.845,0,1.799
45.846,0,1.799
45.847,0,1.799
45.848,0,1.799
45.849,0,1.799
45.85,0,1.799
45.851,0,1.799
45.852,0,1.799
45.853,0,1.799
45.854,0,1.799
45.855,0,1.799
45.856,0,1.799
45.857,0,1.799
45.858,0,1.799
45.859,0,1.799
45.86,0,1.799
45.861,0,1.799
45.862,0,1.799
45.863,0,1.799
45.864,0,1.799
45.865,0,1.799
45.866,0,1.799
45.867,0,1.799
45.868,0,1.799
45.869,0,1.799
45.87,0,1.799
45.871,0,1.799
45.872,0,1.799
45.873,0,1.799
45.874,0,1.799
45.875,0,1.799
45.876,0,1.799
45.877,0,1.799
45.878,0,1.799
45.879,0,1.799
45.88,0,1.799
45.881,0,1.799
45.882,0,1.799
45.883,0,1.799
45.884,0,1.799
45.885,0,1.799
45.886,0,1.799
45.887,0,1.799
45.888,0,1.799
45.889,0,1.799
45.89,0,1.799
45.891,0,1.799
45.892,0,1.799
45.893,0,1.799
45.894,0,1.799
45.895,0,1.799
45.896,0,1.799
45.897,0,1.799
45.898,0,1.799
45.899,0,1.799
45.9,0,1.799
45.901,0,1.799
45.902,0,1.799
45.903,0,1.799
45.904,0,1.799
45.905,0,1.799
45.906,0,1.799
45.907,0,1.799
45.908,0,1.799
45.909,0,1.799
45.91,0,1.799
45.911,0,1.799
45.912,0,1.799
45.913,0,1.799
45.914,0,1.799
45.915,0,1.799
45.916,0,1.799
45.917,0,1.799
45.918,0,1.799
45.919,0,1.799
45.92,0,1.799
45.921,0,1.799
45.922,0,1.799
45.923,0,1.799
45.924,0,1.799
45.925,0,1.799
45.926,0,1.799
45.927,0,1.799
45.928,0,1.799
45.929,0,1.799
45.93,0,1.799
45.931,0,1.799
45.932,0,1.799
45.933,0,1.799
45.934,0,1.799
45.935,0,1.799
45.936,0,1.799
45.937,0,1.799
45.938,0,1.799
45.939,0,1.799
45.94,0,1.799
45.941,0,1.799
45.942,0,1.799
45.943,0,1.799
45.944,0,1.799
45.945,0,1.799
45.946,0,1.799
45.947,0,1.799
45.948,0,1.799
45.949,0,1.799
45.95,0,1.799
45.951,0,1.799
45.952,0,1.799
45.953,0,1.799
45.954,0,1.799
45.955,0,1.799
45.956,0,1.799
45.957,0,1.799
45.958,0,1.799
45.959,0,1.799
45.96,0,1.799
45.961,0,1.799
45.962,0,1.799
45.963,0,1.799
45.964,0,1.799
45.965,0,1.799
45.966,0,1.799
45.967,0,1.799
45.968,0,1.799
45.969,0,1.799
45.97,0,1.799
45.971,0,1.799
45.972,0,1.799
45.973,0,1.799
45.974,0,1.799
45.975,0,1.799
45.976,0,1.799
45.977,0,1.799
45.978,0,1.799
45.979,0,1.799
45.98,0,1.799
45.981,0,1.799
45.982,0,1.799
45.983,0,1.799
45.984,0,1.799
45.985,0,1.799
45.986,0,1.799
45.987,0,1.799
45.988,0,1.799
45.989,0,1.799
45.99,0,1.799
45.991,0,1.799
45.992,0,1.799
45.993,0,1.799
45.994,0,1.799
45.995,0,1.799
45.996,0,1.799
45.997,0,1.799
45.998,0,1.799
45.999,0,1.799
46,-0.2,0.201000000000001
46.001,-0.2,0.201000000000001
46.002,-0.2,0.201000000000001
46.003,-0.2,0.201000000000001
46.004,-0.2,0.201000000000001
46.005,-0.2,0.201000000000001
46.006,-0.2,0.201000000000001
46.007,-0.2,0.201000000000001
46.008,-0.2,0.201000000000001
46.009,-0.2,0.201000000000001
46.01,-0.2,0.201000000000001
46.011,-0.2,0.201000000000001
46.012,-0.2,0.201000000000001
46.013,-0.2,0.201000000000001
46.014,-0.2,0.201000000000001
46.015,-0.2,0.201000000000001
46.016,-0.2,0.201000000000001
46.017,-0.2,0.201000000000001
46.018,-0.2,0.201000000000001
46.019,-0.2,0.201000000000001
46.02,-0.2,0.201000000000001
46.021,-0.2,0.201000000000001
46.022,-0.2,0.201000000000001
46.023,-0.2,0.201000000000001
46.024,-0.2,0.201000000000001
46.025,-0.2,0.201000000000001
46.026,-0.2,0.201000000000001
46.027,-0.2,0.201000000000001
46.028,-0.2,0.201000000000001
46.029,-0.2,0.201000000000001
46.03,-0.2,0.201000000000001
46.031,-0.2,0.201000000000001
46.032,-0.2,0.201000000000001
46.033,-0.2,0.201000000000001
46.034,-0.2,0.201000000000001
46.035,-0.2,0.201000000000001
46.036,-0.2,0.201000000000001
46.037,-0.2,0.201000000000001
46.038,-0.2,0.201000000000001
46.039,-0.2,0.201000000000001
46.04,-0.2,0.201000000000001
46.041,-0.2,0.201000000000001
46.042,-0.2,0.201000000000001
46.043,-0.2,0.201000000000001
46.044,-0.2,0.201000000000001
46.045,-0.2,0.201000000000001
46.046,-0.2,0.201000000000001
46.047,-0.2,0.201000000000001
46.048,-0.2,0.201000000000001
46.049,-0.2,0.201000000000001
46.05,-0.2,0.201000000000001
46.051,-0.2,0.201000000000001
46.052,-0.2,0.201000000000001
46.053,-0.2,0.201000000000001
46.054,-0.2,0.201000000000001
46.055,-0.2,0.201000000000001
46.056,-0.2,0.201000000000001
46.057,-0.2,0.201000000000001
46.058,-0.2,0.201000000000001
46.059,-0.2,0.201000000000001
46.06,-0.2,0.201000000000001
46.061,-0.2,0.201000000000001
46.062,-0.2,0.201000000000001
46.063,-0.2,0.201000000000001
46.064,-0.2,0.201000000000001
46.065,-0.2,0.201000000000001
46.066,-0.2,0.201000000000001
46.067,-0.2,0.201000000000001
46.068,-0.2,0.201000000000001
46.069,-0.2,0.201000000000001
46.07,-0.2,0.201000000000001
46.071,-0.2,0.201000000000001
46.072,-0.2,0.201000000000001
46.073,-0.2,0.201000000000001
46.074,-0.2,0.201000000000001
46.075,-0.2,0.201000000000001
46.076,-0.2,0.201000000000001
46.077,-0.2,0.201000000000001
46.078,-0.2,0.201000000000001
46.079,-0.2,0.201000000000001
46.08,-0.2,0.201000000000001
46.081,-0.2,0.201000000000001
46.082,-0.2,0.201000000000001
46.083,-0.2,0.201000000000001
46.084,-0.2,0.201000000000001
46.085,-0.2,0.201000000000001
46.086,-0.2,0.201000000000001
46.087,-0.2,0.201000000000001
46.088,-0.2,0.201000000000001
46.089,-0.2,0.201000000000001
46.09,-0.2,0.201000000000001
46.091,-0.2,0.201000000000001
46.092,-0.2,0.201000000000001
46.093,-0.2,0.201000000000001
46.094,-0.2,0.201000000000001
46.095,-0.2,0.201000000000001
46.096,-0.2,0.201000000000001
46.097,-0.2,0.201000000000001
46.098,-0.2,0.201000000000001
46.099,-0.2,0.201000000000001
46.1,-0.2,0.201000000000001
46.101,-0.2,0.201000000000001
46.102,-0.2,0.201000000000001
46.103,-0.2,0.201000000000001
46.104,-0.2,0.201000000000001
46.105,-0.2,0.201000000000001
46.106,-0.2,0.201000000000001
46.107,-0.2,0.201000000000001
46.108,-0.2,0.201000000000001
46.109,-0.2,0.201000000000001
46.11,-0.2,0.201000000000001
46.111,-0.2,0.201000000000001
46.112,-0.2,0.201000000000001
46.113,-0.2,0.201000000000001
46.114,-0.2,0.201000000000001
46.115,-0.2,0.201000000000001
46.116,-0.2,0.201000000000001
46.117,-0.2,0.201000000000001
46.118,-0.2,0.201000000000001
46.119,-0.2,0.201000000000001
46.12,-0.2,0.201000000000001
46.121,-0.2,0.201000000000001
46.122,-0.2,0.201000000000001
46.123,-0.2,0.201000000000001
46.124,-0.2,0.201000000000001
46.125,-0.2,0.201000000000001
46.126,-0.2,0.201000000000001
46.127,-0.2,0.201000000000001
46.128,-0.2,0.201000000000001
46.129,-0.2,0.201000000000001
46.13,-0.2,0.201000000000001
46.131,-0.2,0.201000000000001
46.132,-0.2,0.201000000000001
46.133,-0.2,0.201000000000001
46.134,-0.2,0.201000000000001
46.135,-0.2,0.201000000000001
46.136,-0.2,0.201000000000001
46.137,-0.2,0.201000000000001
46.138,-0.2,0.201000000000001
46.139,-0.2,0.201000000000001
46.14,-0.2,0.201000000000001
46.141,-0.2,0.201000000000001
46.142,-0.2,0.201000000000001
46.143,-0.2,0.201000000000001
46.144,-0.2,0.201000000000001
46.145,-0.2,0.201000000000001
46.146,-0.2,0.201000000000001
46.147,-0.2,0.201000000000001
46.148,-0.2,0.201000000000001
46.149,-0.2,0.201000000000001
46.15,-0.2,0.201000000000001
46.151,-0.2,0.201000000000001
46.152,-0.2,0.201000000000001
46.153,-0.2,0.201000000000001
46.154,-0.2,0.201000000000001
46.155,-0.2,0.201000000000001
46.156,-0.2,0.201000000000001
46.157,-0.2,0.201000000000001
46.158,-0.2,0.201000000000001
46.159,-0.2,0.201000000000001
46.16,-0.2,0.201000000000001
46.161,-0.2,0.201000000000001
46.162,-0.2,0.201000000000001
46.163,-0.2,0.201000000000001
46.164,-0.2,0.201000000000001
46.165,-0.2,0.201000000000001
46.166,-0.2,0.201000000000001
46.167,-0.2,0.201000000000001
46.168,-0.2,0.201000000000001
46.169,-0.2,0.201000000000001
46.17,-0.2,0.201000000000001
46.171,-0.2,0.201000000000001
46.172,-0.2,0.201000000000001
46.173,-0.2,0.201000000000001
46.174,-0.2,0.201000000000001
46.175,-0.2,0.201000000000001
46.176,-0.2,0.201000000000001
46.177,-0.2,0.201000000000001
46.178,-0.2,0.201000000000001
46.179,-0.2,0.201000000000001
46.18,-0.2,0.201000000000001
46.181,-0.2,0.201000000000001
46.182,-0.2,0.201000000000001
46.183,-0.2,0.201000000000001
46.184,-0.2,0.201000000000001
46.185,-0.2,0.201000000000001
46.186,-0.2,0.201000000000001
46.187,-0.2,0.201000000000001
46.188,-0.2,0.201000000000001
46.189,-0.2,0.201000000000001
46.19,-0.2,0.201000000000001
46.191,-0.2,0.201000000000001
46.192,-0.2,0.201000000000001
46.193,-0.2,0.201000000000001
46.194,-0.2,0.201000000000001
46.195,-0.2,0.201000000000001
46.196,-0.2,0.201000000000001
46.197,-0.2,0.201000000000001
46.198,-0.2,0.201000000000001
46.199,-0.2,0.201000000000001
46.2,-0.2,0.201000000000001
46.201,0,2.79899999999999
46.202,0,2.79899999999999
46.203,0,2.79899999999999
46.204,0,2.79899999999999
46.205,0,2.79899999999999
46.206,0,2.79899999999999
46.207,0,2.79899999999999
46.208,0,2.79899999999999
46.209,0,2.79899999999999
46.21,0,2.79899999999999
46.211,0,2.79899999999999
46.212,0,2.79899999999999
46.213,0,2.79899999999999
46.214,0,2.79899999999999
46.215,0,2.79899999999999
46.216,0,2.79899999999999
46.217,0,2.79899999999999
46.218,0,2.79899999999999
46.219,0,2.79899999999999
46.22,0,2.79899999999999
46.221,0,2.79899999999999
46.222,0,2.79899999999999
46.223,0,2.79899999999999
46.224,0,2.79899999999999
46.225,0,2.79899999999999
46.226,0,2.79899999999999
46.227,0,2.79899999999999
46.228,0,2.79899999999999
46.229,0,2.79899999999999
46.23,0,2.79899999999999
46.231,0,2.79899999999999
46.232,0,2.79899999999999
46.233,0,2.79899999999999
46.234,0,2.79899999999999
46.235,0,2.79899999999999
46.236,0,2.79899999999999
46.237,0,2.79899999999999
46.238,0,2.79899999999999
46.239,0,2.79899999999999
46.24,0,2.79899999999999
46.241,0,2.79899999999999
46.242,0,2.79899999999999
46.243,0,2.79899999999999
46.244,0,2.79899999999999
46.245,0,2.79899999999999
46.246,0,2.79899999999999
46.247,0,2.79899999999999
46.248,0,2.79899999999999
46.249,0,2.79899999999999
46.25,0,2.79899999999999
46.251,0,2.79899999999999
46.252,0,2.79899999999999
46.253,0,2.79899999999999
46.254,0,2.79899999999999
46.255,0,2.79899999999999
46.256,0,2.79899999999999
46.257,0,2.79899999999999
46.258,0,2.79899999999999
46.259,0,2.79899999999999
46.26,0,2.79899999999999
46.261,0,2.79899999999999
46.262,0,2.79899999999999
46.263,0,2.79899999999999
46.264,0,2.79899999999999
46.265,0,2.79899999999999
46.266,0,2.79899999999999
46.267,0,2.79899999999999
46.268,0,2.79899999999999
46.269,0,2.79899999999999
46.27,0,2.79899999999999
46.271,0,2.79899999999999
46.272,0,2.79899999999999
46.273,0,2.79899999999999
46.274,0,2.79899999999999
46.275,0,2.79899999999999
46.276,0,2.79899999999999
46.277,0,2.79899999999999
46.278,0,2.79899999999999
46.279,0,2.79899999999999
46.28,0,2.79899999999999
46.281,0,2.79899999999999
46.282,0,2.79899999999999
46.283,0,2.79899999999999
46.284,0,2.79899999999999
46.285,0,2.79899999999999
46.286,0,2.79899999999999
46.287,0,2.79899999999999
46.288,0,2.79899999999999
46.289,0,2.79899999999999
46.29,0,2.79899999999999
46.291,0,2.79899999999999
46.292,0,2.79899999999999
46.293,0,2.79899999999999
46.294,0,2.79899999999999
46.295,0,2.79899999999999
46.296,0,2.79899999999999
46.297,0,2.79899999999999
46.298,0,2.79899999999999
46.299,0,2.79899999999999
46.3,0,2.79899999999999
46.301,0,2.79899999999999
46.302,0,2.79899999999999
46.303,0,2.79899999999999
46.304,0,2.79899999999999
46.305,0,2.79899999999999
46.306,0,2.79899999999999
46.307,0,2.79899999999999
46.308,0,2.79899999999999
46.309,0,2.79899999999999
46.31,0,2.79899999999999
46.311,0,2.79899999999999
46.312,0,2.79899999999999
46.313,0,2.79899999999999
46.314,0,2.79899999999999
46.315,0,2.79899999999999
46.316,0,2.79899999999999
46.317,0,2.79899999999999
46.318,0,2.79899999999999
46.319,0,2.79899999999999
46.32,0,2.79899999999999
46.321,0,2.79899999999999
46.322,0,2.79899999999999
46.323,0,2.79899999999999
46.324,0,2.79899999999999
46.325,0,2.79899999999999
46.326,0,2.79899999999999
46.327,0,2.79899999999999
46.328,0,2.79899999999999
46.329,0,2.79899999999999
46.33,0,2.79899999999999
46.331,0,2.79899999999999
46.332,0,2.79899999999999
46.333,0,2.79899999999999
46.334,0,2.79899999999999
46.335,0,2.79899999999999
46.336,0,2.79899999999999
46.337,0,2.79899999999999
46.338,0,2.79899999999999
46.339,0,2.79899999999999
46.34,0,2.79899999999999
46.341,0,2.79899999999999
46.342,0,2.79899999999999
46.343,0,2.79899999999999
46.344,0,2.79899999999999
46.345,0,2.79899999999999
46.346,0,2.79899999999999
46.347,0,2.79899999999999
46.348,0,2.79899999999999
46.349,0,2.79899999999999
46.35,0,2.79899999999999
46.351,0,2.79899999999999
46.352,0,2.79899999999999
46.353,0,2.79899999999999
46.354,0,2.79899999999999
46.355,0,2.79899999999999
46.356,0,2.79899999999999
46.357,0,2.79899999999999
46.358,0,2.79899999999999
46.359,0,2.79899999999999
46.36,0,2.79899999999999
46.361,0,2.79899999999999
46.362,0,2.79899999999999
46.363,0,2.79899999999999
46.364,0,2.79899999999999
46.365,0,2.79899999999999
46.366,0,2.79899999999999
46.367,0,2.79899999999999
46.368,0,2.79899999999999
46.369,0,2.79899999999999
46.37,0,2.79899999999999
46.371,0,2.79899999999999
46.372,0,2.79899999999999
46.373,0,2.79899999999999
46.374,0,2.79899999999999
46.375,0,2.79899999999999
46.376,0,2.79899999999999
46.377,0,2.79899999999999
46.378,0,2.79899999999999
46.379,0,2.79899999999999
46.38,0,2.79899999999999
46.381,0,2.79899999999999
46.382,0,2.79899999999999
46.383,0,2.79899999999999
46.384,0,2.79899999999999
46.385,0,2.79899999999999
46.386,0,2.79899999999999
46.387,0,2.79899999999999
46.388,0,2.79899999999999
46.389,0,2.79899999999999
46.39,0,2.79899999999999
46.391,0,2.79899999999999
46.392,0,2.79899999999999
46.393,0,2.79899999999999
46.394,0,2.79899999999999
46.395,0,2.79899999999999
46.396,0,2.79899999999999
46.397,0,2.79899999999999
46.398,0,2.79899999999999
46.399,0,2.79899999999999
46.4,0,2.79899999999999
46.401,0,2.79899999999999
46.402,0,2.79899999999999
46.403,0,2.79899999999999
46.404,0,2.79899999999999
46.405,0,2.79899999999999
46.406,0,2.79899999999999
46.407,0,2.79899999999999
46.408,0,2.79899999999999
46.409,0,2.79899999999999
46.41,0,2.79899999999999
46.411,0,2.79899999999999
46.412,0,2.79899999999999
46.413,0,2.79899999999999
46.414,0,2.79899999999999
46.415,0,2.79899999999999
46.416,0,2.79899999999999
46.417,0,2.79899999999999
46.418,0,2.79899999999999
46.419,0,2.79899999999999
46.42,0,2.79899999999999
46.421,0,2.79899999999999
46.422,0,2.79899999999999
46.423,0,2.79899999999999
46.424,0,2.79899999999999
46.425,0,2.79899999999999
46.426,0,2.79899999999999
46.427,0,2.79899999999999
46.428,0,2.79899999999999
46.429,0,2.79899999999999
46.43,0,2.79899999999999
46.431,0,2.79899999999999
46.432,0,2.79899999999999
46.433,0,2.79899999999999
46.434,0,2.79899999999999
46.435,0,2.79899999999999
46.436,0,2.79899999999999
46.437,0,2.79899999999999
46.438,0,2.79899999999999
46.439,0,2.79899999999999
46.44,0,2.79899999999999
46.441,0,2.79899999999999
46.442,0,2.79899999999999
46.443,0,2.79899999999999
46.444,0,2.79899999999999
46.445,0,2.79899999999999
46.446,0,2.79899999999999
46.447,0,2.79899999999999
46.448,0,2.79899999999999
46.449,0,2.79899999999999
46.45,0,2.79899999999999
46.451,0,2.79899999999999
46.452,0,2.79899999999999
46.453,0,2.79899999999999
46.454,0,2.79899999999999
46.455,0,2.79899999999999
46.456,0,2.79899999999999
46.457,0,2.79899999999999
46.458,0,2.79899999999999
46.459,0,2.79899999999999
46.46,0,2.79899999999999
46.461,0,2.79899999999999
46.462,0,2.79899999999999
46.463,0,2.79899999999999
46.464,0,2.79899999999999
46.465,0,2.79899999999999
46.466,0,2.79899999999999
46.467,0,2.79899999999999
46.468,0,2.79899999999999
46.469,0,2.79899999999999
46.47,0,2.79899999999999
46.471,0,2.79899999999999
46.472,0,2.79899999999999
46.473,0,2.79899999999999
46.474,0,2.79899999999999
46.475,0,2.79899999999999
46.476,0,2.79899999999999
46.477,0,2.79899999999999
46.478,0,2.79899999999999
46.479,0,2.79899999999999
46.48,0,2.79899999999999
46.481,0,2.79899999999999
46.482,0,2.79899999999999
46.483,0,2.79899999999999
46.484,0,2.79899999999999
46.485,0,2.79899999999999
46.486,0,2.79899999999999
46.487,0,2.79899999999999
46.488,0,2.79899999999999
46.489,0,2.79899999999999
46.49,0,2.79899999999999
46.491,0,2.79899999999999
46.492,0,2.79899999999999
46.493,0,2.79899999999999
46.494,0,2.79899999999999
46.495,0,2.79899999999999
46.496,0,2.79899999999999
46.497,0,2.79899999999999
46.498,0,2.79899999999999
46.499,0,2.79899999999999
46.5,0,2.79899999999999
46.501,0,2.79899999999999
46.502,0,2.79899999999999
46.503,0,2.79899999999999
46.504,0,2.79899999999999
46.505,0,2.79899999999999
46.506,0,2.79899999999999
46.507,0,2.79899999999999
46.508,0,2.79899999999999
46.509,0,2.79899999999999
46.51,0,2.79899999999999
46.511,0,2.79899999999999
46.512,0,2.79899999999999
46.513,0,2.79899999999999
46.514,0,2.79899999999999
46.515,0,2.79899999999999
46.516,0,2.79899999999999
46.517,0,2.79899999999999
46.518,0,2.79899999999999
46.519,0,2.79899999999999
46.52,0,2.79899999999999
46.521,0,2.79899999999999
46.522,0,2.79899999999999
46.523,0,2.79899999999999
46.524,0,2.79899999999999
46.525,0,2.79899999999999
46.526,0,2.79899999999999
46.527,0,2.79899999999999
46.528,0,2.79899999999999
46.529,0,2.79899999999999
46.53,0,2.79899999999999
46.531,0,2.79899999999999
46.532,0,2.79899999999999
46.533,0,2.79899999999999
46.534,0,2.79899999999999
46.535,0,2.79899999999999
46.536,0,2.79899999999999
46.537,0,2.79899999999999
46.538,0,2.79899999999999
46.539,0,2.79899999999999
46.54,0,2.79899999999999
46.541,0,2.79899999999999
46.542,0,2.79899999999999
46.543,0,2.79899999999999
46.544,0,2.79899999999999
46.545,0,2.79899999999999
46.546,0,2.79899999999999
46.547,0,2.79899999999999
46.548,0,2.79899999999999
46.549,0,2.79899999999999
46.55,0,2.79899999999999
46.551,0,2.79899999999999
46.552,0,2.79899999999999
46.553,0,2.79899999999999
46.554,0,2.79899999999999
46.555,0,2.79899999999999
46.556,0,2.79899999999999
46.557,0,2.79899999999999
46.558,0,2.79899999999999
46.559,0,2.79899999999999
46.56,0,2.79899999999999
46.561,0,2.79899999999999
46.562,0,2.79899999999999
46.563,0,2.79899999999999
46.564,0,2.79899999999999
46.565,0,2.79899999999999
46.566,0,2.79899999999999
46.567,0,2.79899999999999
46.568,0,2.79899999999999
46.569,0,2.79899999999999
46.57,0,2.79899999999999
46.571,0,2.79899999999999
46.572,0,2.79899999999999
46.573,0,2.79899999999999
46.574,0,2.79899999999999
46.575,0,2.79899999999999
46.576,0,2.79899999999999
46.577,0,2.79899999999999
46.578,0,2.79899999999999
46.579,0,2.79899999999999
46.58,0,2.79899999999999
46.581,0,2.79899999999999
46.582,0,2.79899999999999
46.583,0,2.79899999999999
46.584,0,2.79899999999999
46.585,0,2.79899999999999
46.586,0,2.79899999999999
46.587,0,2.79899999999999
46.588,0,2.79899999999999
46.589,0,2.79899999999999
46.59,0,2.79899999999999
46.591,0,2.79899999999999
46.592,0,2.79899999999999
46.593,0,2.79899999999999
46.594,0,2.79899999999999
46.595,0,2.79899999999999
46.596,0,2.79899999999999
46.597,0,2.79899999999999
46.598,0,2.79899999999999
46.599,0,2.79899999999999
46.6,0,2.79899999999999
46.601,0,2.79899999999999
46.602,0,2.79899999999999
46.603,0,2.79899999999999
46.604,0,2.79899999999999
46.605,0,2.79899999999999
46.606,0,2.79899999999999
46.607,0,2.79899999999999
46.608,0,2.79899999999999
46.609,0,2.79899999999999
46.61,0,2.79899999999999
46.611,0,2.79899999999999
46.612,0,2.79899999999999
46.613,0,2.79899999999999
46.614,0,2.79899999999999
46.615,0,2.79899999999999
46.616,0,2.79899999999999
46.617,0,2.79899999999999
46.618,0,2.79899999999999
46.619,0,2.79899999999999
46.62,0,2.79899999999999
46.621,0,2.79899999999999
46.622,0,2.79899999999999
46.623,0,2.79899999999999
46.624,0,2.79899999999999
46.625,0,2.79899999999999
46.626,0,2.79899999999999
46.627,0,2.79899999999999
46.628,0,2.79899999999999
46.629,0,2.79899999999999
46.63,0,2.79899999999999
46.631,0,2.79899999999999
46.632,0,2.79899999999999
46.633,0,2.79899999999999
46.634,0,2.79899999999999
46.635,0,2.79899999999999
46.636,0,2.79899999999999
46.637,0,2.79899999999999
46.638,0,2.79899999999999
46.639,0,2.79899999999999
46.64,0,2.79899999999999
46.641,0,2.79899999999999
46.642,0,2.79899999999999
46.643,0,2.79899999999999
46.644,0,2.79899999999999
46.645,0,2.79899999999999
46.646,0,2.79899999999999
46.647,0,2.79899999999999
46.648,0,2.79899999999999
46.649,0,2.79899999999999
46.65,0,2.79899999999999
46.651,0,2.79899999999999
46.652,0,2.79899999999999
46.653,0,2.79899999999999
46.654,0,2.79899999999999
46.655,0,2.79899999999999
46.656,0,2.79899999999999
46.657,0,2.79899999999999
46.658,0,2.79899999999999
46.659,0,2.79899999999999
46.66,0,2.79899999999999
46.661,0,2.79899999999999
46.662,0,2.79899999999999
46.663,0,2.79899999999999
46.664,0,2.79899999999999
46.665,0,2.79899999999999
46.666,0,2.79899999999999
46.667,0,2.79899999999999
46.668,0,2.79899999999999
46.669,0,2.79899999999999
46.67,0,2.79899999999999
46.671,0,2.79899999999999
46.672,0,2.79899999999999
46.673,0,2.79899999999999
46.674,0,2.79899999999999
46.675,0,2.79899999999999
46.676,0,2.79899999999999
46.677,0,2.79899999999999
46.678,0,2.79899999999999
46.679,0,2.79899999999999
46.68,0,2.79899999999999
46.681,0,2.79899999999999
46.682,0,2.79899999999999
46.683,0,2.79899999999999
46.684,0,2.79899999999999
46.685,0,2.79899999999999
46.686,0,2.79899999999999
46.687,0,2.79899999999999
46.688,0,2.79899999999999
46.689,0,2.79899999999999
46.69,0,2.79899999999999
46.691,0,2.79899999999999
46.692,0,2.79899999999999
46.693,0,2.79899999999999
46.694,0,2.79899999999999
46.695,0,2.79899999999999
46.696,0,2.79899999999999
46.697,0,2.79899999999999
46.698,0,2.79899999999999
46.699,0,2.79899999999999
46.7,0,2.79899999999999
46.701,0,2.79899999999999
46.702,0,2.79899999999999
46.703,0,2.79899999999999
46.704,0,2.79899999999999
46.705,0,2.79899999999999
46.706,0,2.79899999999999
46.707,0,2.79899999999999
46.708,0,2.79899999999999
46.709,0,2.79899999999999
46.71,0,2.79899999999999
46.711,0,2.79899999999999
46.712,0,2.79899999999999
46.713,0,2.79899999999999
46.714,0,2.79899999999999
46.715,0,2.79899999999999
46.716,0,2.79899999999999
46.717,0,2.79899999999999
46.718,0,2.79899999999999
46.719,0,2.79899999999999
46.72,0,2.79899999999999
46.721,0,2.79899999999999
46.722,0,2.79899999999999
46.723,0,2.79899999999999
46.724,0,2.79899999999999
46.725,0,2.79899999999999
46.726,0,2.79899999999999
46.727,0,2.79899999999999
46.728,0,2.79899999999999
46.729,0,2.79899999999999
46.73,0,2.79899999999999
46.731,0,2.79899999999999
46.732,0,2.79899999999999
46.733,0,2.79899999999999
46.734,0,2.79899999999999
46.735,0,2.79899999999999
46.736,0,2.79899999999999
46.737,0,2.79899999999999
46.738,0,2.79899999999999
46.739,0,2.79899999999999
46.74,0,2.79899999999999
46.741,0,2.79899999999999
46.742,0,2.79899999999999
46.743,0,2.79899999999999
46.744,0,2.79899999999999
46.745,0,2.79899999999999
46.746,0,2.79899999999999
46.747,0,2.79899999999999
46.748,0,2.79899999999999
46.749,0,2.79899999999999
46.75,0,2.79899999999999
46.751,0,2.79899999999999
46.752,0,2.79899999999999
46.753,0,2.79899999999999
46.754,0,2.79899999999999
46.755,0,2.79899999999999
46.756,0,2.79899999999999
46.757,0,2.79899999999999
46.758,0,2.79899999999999
46.759,0,2.79899999999999
46.76,0,2.79899999999999
46.761,0,2.79899999999999
46.762,0,2.79899999999999
46.763,0,2.79899999999999
46.764,0,2.79899999999999
46.765,0,2.79899999999999
46.766,0,2.79899999999999
46.767,0,2.79899999999999
46.768,0,2.79899999999999
46.769,0,2.79899999999999
46.77,0,2.79899999999999
46.771,0,2.79899999999999
46.772,0,2.79899999999999
46.773,0,2.79899999999999
46.774,0,2.79899999999999
46.775,0,2.79899999999999
46.776,0,2.79899999999999
46.777,0,2.79899999999999
46.778,0,2.79899999999999
46.779,0,2.79899999999999
46.78,0,2.79899999999999
46.781,0,2.79899999999999
46.782,0,2.79899999999999
46.783,0,2.79899999999999
46.784,0,2.79899999999999
46.785,0,2.79899999999999
46.786,0,2.79899999999999
46.787,0,2.79899999999999
46.788,0,2.79899999999999
46.789,0,2.79899999999999
46.79,0,2.79899999999999
46.791,0,2.79899999999999
46.792,0,2.79899999999999
46.793,0,2.79899999999999
46.794,0,2.79899999999999
46.795,0,2.79899999999999
46.796,0,2.79899999999999
46.797,0,2.79899999999999
46.798,0,2.79899999999999
46.799,0,2.79899999999999
46.8,0,2.79899999999999
46.801,0,2.79899999999999
46.802,0,2.79899999999999
46.803,0,2.79899999999999
46.804,0,2.79899999999999
46.805,0,2.79899999999999
46.806,0,2.79899999999999
46.807,0,2.79899999999999
46.808,0,2.79899999999999
46.809,0,2.79899999999999
46.81,0,2.79899999999999
46.811,0,2.79899999999999
46.812,0,2.79899999999999
46.813,0,2.79899999999999
46.814,0,2.79899999999999
46.815,0,2.79899999999999
46.816,0,2.79899999999999
46.817,0,2.79899999999999
46.818,0,2.79899999999999
46.819,0,2.79899999999999
46.82,0,2.79899999999999
46.821,0,2.79899999999999
46.822,0,2.79899999999999
46.823,0,2.79899999999999
46.824,0,2.79899999999999
46.825,0,2.79899999999999
46.826,0,2.79899999999999
46.827,0,2.79899999999999
46.828,0,2.79899999999999
46.829,0,2.79899999999999
46.83,0,2.79899999999999
46.831,0,2.79899999999999
46.832,0,2.79899999999999
46.833,0,2.79899999999999
46.834,0,2.79899999999999
46.835,0,2.79899999999999
46.836,0,2.79899999999999
46.837,0,2.79899999999999
46.838,0,2.79899999999999
46.839,0,2.79899999999999
46.84,0,2.79899999999999
46.841,0,2.79899999999999
46.842,0,2.79899999999999
46.843,0,2.79899999999999
46.844,0,2.79899999999999
46.845,0,2.79899999999999
46.846,0,2.79899999999999
46.847,0,2.79899999999999
46.848,0,2.79899999999999
46.849,0,2.79899999999999
46.85,0,2.79899999999999
46.851,0,2.79899999999999
46.852,0,2.79899999999999
46.853,0,2.79899999999999
46.854,0,2.79899999999999
46.855,0,2.79899999999999
46.856,0,2.79899999999999
46.857,0,2.79899999999999
46.858,0,2.79899999999999
46.859,0,2.79899999999999
46.86,0,2.79899999999999
46.861,0,2.79899999999999
46.862,0,2.79899999999999
46.863,0,2.79899999999999
46.864,0,2.79899999999999
46.865,0,2.79899999999999
46.866,0,2.79899999999999
46.867,0,2.79899999999999
46.868,0,2.79899999999999
46.869,0,2.79899999999999
46.87,0,2.79899999999999
46.871,0,2.79899999999999
46.872,0,2.79899999999999
46.873,0,2.79899999999999
46.874,0,2.79899999999999
46.875,0,2.79899999999999
46.876,0,2.79899999999999
46.877,0,2.79899999999999
46.878,0,2.79899999999999
46.879,0,2.79899999999999
46.88,0,2.79899999999999
46.881,0,2.79899999999999
46.882,0,2.79899999999999
46.883,0,2.79899999999999
46.884,0,2.79899999999999
46.885,0,2.79899999999999
46.886,0,2.79899999999999
46.887,0,2.79899999999999
46.888,0,2.79899999999999
46.889,0,2.79899999999999
46.89,0,2.79899999999999
46.891,0,2.79899999999999
46.892,0,2.79899999999999
46.893,0,2.79899999999999
46.894,0,2.79899999999999
46.895,0,2.79899999999999
46.896,0,2.79899999999999
46.897,0,2.79899999999999
46.898,0,2.79899999999999
46.899,0,2.79899999999999
46.9,0,2.79899999999999
46.901,0,2.79899999999999
46.902,0,2.79899999999999
46.903,0,2.79899999999999
46.904,0,2.79899999999999
46.905,0,2.79899999999999
46.906,0,2.79899999999999
46.907,0,2.79899999999999
46.908,0,2.79899999999999
46.909,0,2.79899999999999
46.91,0,2.79899999999999
46.911,0,2.79899999999999
46.912,0,2.79899999999999
46.913,0,2.79899999999999
46.914,0,2.79899999999999
46.915,0,2.79899999999999
46.916,0,2.79899999999999
46.917,0,2.79899999999999
46.918,0,2.79899999999999
46.919,0,2.79899999999999
46.92,0,2.79899999999999
46.921,0,2.79899999999999
46.922,0,2.79899999999999
46.923,0,2.79899999999999
46.924,0,2.79899999999999
46.925,0,2.79899999999999
46.926,0,2.79899999999999
46.927,0,2.79899999999999
46.928,0,2.79899999999999
46.929,0,2.79899999999999
46.93,0,2.79899999999999
46.931,0,2.79899999999999
46.932,0,2.79899999999999
46.933,0,2.79899999999999
46.934,0,2.79899999999999
46.935,0,2.79899999999999
46.936,0,2.79899999999999
46.937,0,2.79899999999999
46.938,0,2.79899999999999
46.939,0,2.79899999999999
46.94,0,2.79899999999999
46.941,0,2.79899999999999
46.942,0,2.79899999999999
46.943,0,2.79899999999999
46.944,0,2.79899999999999
46.945,0,2.79899999999999
46.946,0,2.79899999999999
46.947,0,2.79899999999999
46.948,0,2.79899999999999
46.949,0,2.79899999999999
46.95,0,2.79899999999999
46.951,0,2.79899999999999
46.952,0,2.79899999999999
46.953,0,2.79899999999999
46.954,0,2.79899999999999
46.955,0,2.79899999999999
46.956,0,2.79899999999999
46.957,0,2.79899999999999
46.958,0,2.79899999999999
46.959,0,2.79899999999999
46.96,0,2.79899999999999
46.961,0,2.79899999999999
46.962,0,2.79899999999999
46.963,0,2.79899999999999
46.964,0,2.79899999999999
46.965,0,2.79899999999999
46.966,0,2.79899999999999
46.967,0,2.79899999999999
46.968,0,2.79899999999999
46.969,0,2.79899999999999
46.97,0,2.79899999999999
46.971,0,2.79899999999999
46.972,0,2.79899999999999
46.973,0,2.79899999999999
46.974,0,2.79899999999999
46.975,0,2.79899999999999
46.976,0,2.79899999999999
46.977,0,2.79899999999999
46.978,0,2.79899999999999
46.979,0,2.79899999999999
46.98,0,2.79899999999999
46.981,0,2.79899999999999
46.982,0,2.79899999999999
46.983,0,2.79899999999999
46.984,0,2.79899999999999
46.985,0,2.79899999999999
46.986,0,2.79899999999999
46.987,0,2.79899999999999
46.988,0,2.79899999999999
46.989,0,2.79899999999999
46.99,0,2.79899999999999
46.991,0,2.79899999999999
46.992,0,2.79899999999999
46.993,0,2.79899999999999
46.994,0,2.79899999999999
46.995,0,2.79899999999999
46.996,0,2.79899999999999
46.997,0,2.79899999999999
46.998,0,2.79899999999999
46.999,0,2.79899999999999
47,0,2.79899999999999
47.001,0,2.79899999999999
47.002,0,2.79899999999999
47.003,0,2.79899999999999
47.004,0,2.79899999999999
47.005,0,2.79899999999999
47.006,0,2.79899999999999
47.007,0,2.79899999999999
47.008,0,2.79899999999999
47.009,0,2.79899999999999
47.01,0,2.79899999999999
47.011,0,2.79899999999999
47.012,0,2.79899999999999
47.013,0,2.79899999999999
47.014,0,2.79899999999999
47.015,0,2.79899999999999
47.016,0,2.79899999999999
47.017,0,2.79899999999999
47.018,0,2.79899999999999
47.019,0,2.79899999999999
47.02,0,2.79899999999999
47.021,0,2.79899999999999
47.022,0,2.79899999999999
47.023,0,2.79899999999999
47.024,0,2.79899999999999
47.025,0,2.79899999999999
47.026,0,2.79899999999999
47.027,0,2.79899999999999
47.028,0,2.79899999999999
47.029,0,2.79899999999999
47.03,0,2.79899999999999
47.031,0,2.79899999999999
47.032,0,2.79899999999999
47.033,0,2.79899999999999
47.034,0,2.79899999999999
47.035,0,2.79899999999999
47.036,0,2.79899999999999
47.037,0,2.79899999999999
47.038,0,2.79899999999999
47.039,0,2.79899999999999
47.04,0,2.79899999999999
47.041,0,2.79899999999999
47.042,0,2.79899999999999
47.043,0,2.79899999999999
47.044,0,2.79899999999999
47.045,0,2.79899999999999
47.046,0,2.79899999999999
47.047,0,2.79899999999999
47.048,0,2.79899999999999
47.049,0,2.79899999999999
47.05,0,2.79899999999999
47.051,0,2.79899999999999
47.052,0,2.79899999999999
47.053,0,2.79899999999999
47.054,0,2.79899999999999
47.055,0,2.79899999999999
47.056,0,2.79899999999999
47.057,0,2.79899999999999
47.058,0,2.79899999999999
47.059,0,2.79899999999999
47.06,0,2.79899999999999
47.061,0,2.79899999999999
47.062,0,2.79899999999999
47.063,0,2.79899999999999
47.064,0,2.79899999999999
47.065,0,2.79899999999999
47.066,0,2.79899999999999
47.067,0,2.79899999999999
47.068,0,2.79899999999999
47.069,0,2.79899999999999
47.07,0,2.79899999999999
47.071,0,2.79899999999999
47.072,0,2.79899999999999
47.073,0,2.79899999999999
47.074,0,2.79899999999999
47.075,0,2.79899999999999
47.076,0,2.79899999999999
47.077,0,2.79899999999999
47.078,0,2.79899999999999
47.079,0,2.79899999999999
47.08,0,2.79899999999999
47.081,0,2.79899999999999
47.082,0,2.79899999999999
47.083,0,2.79899999999999
47.084,0,2.79899999999999
47.085,0,2.79899999999999
47.086,0,2.79899999999999
47.087,0,2.79899999999999
47.088,0,2.79899999999999
47.089,0,2.79899999999999
47.09,0,2.79899999999999
47.091,0,2.79899999999999
47.092,0,2.79899999999999
47.093,0,2.79899999999999
47.094,0,2.79899999999999
47.095,0,2.79899999999999
47.096,0,2.79899999999999
47.097,0,2.79899999999999
47.098,0,2.79899999999999
47.099,0,2.79899999999999
47.1,0,2.79899999999999
47.101,0,2.79899999999999
47.102,0,2.79899999999999
47.103,0,2.79899999999999
47.104,0,2.79899999999999
47.105,0,2.79899999999999
47.106,0,2.79899999999999
47.107,0,2.79899999999999
47.108,0,2.79899999999999
47.109,0,2.79899999999999
47.11,0,2.79899999999999
47.111,0,2.79899999999999
47.112,0,2.79899999999999
47.113,0,2.79899999999999
47.114,0,2.79899999999999
47.115,0,2.79899999999999
47.116,0,2.79899999999999
47.117,0,2.79899999999999
47.118,0,2.79899999999999
47.119,0,2.79899999999999
47.12,0,2.79899999999999
47.121,0,2.79899999999999
47.122,0,2.79899999999999
47.123,0,2.79899999999999
47.124,0,2.79899999999999
47.125,0,2.79899999999999
47.126,0,2.79899999999999
47.127,0,2.79899999999999
47.128,0,2.79899999999999
47.129,0,2.79899999999999
47.13,0,2.79899999999999
47.131,0,2.79899999999999
47.132,0,2.79899999999999
47.133,0,2.79899999999999
47.134,0,2.79899999999999
47.135,0,2.79899999999999
47.136,0,2.79899999999999
47.137,0,2.79899999999999
47.138,0,2.79899999999999
47.139,0,2.79899999999999
47.14,0,2.79899999999999
47.141,0,2.79899999999999
47.142,0,2.79899999999999
47.143,0,2.79899999999999
47.144,0,2.79899999999999
47.145,0,2.79899999999999
47.146,0,2.79899999999999
47.147,0,2.79899999999999
47.148,0,2.79899999999999
47.149,0,2.79899999999999
47.15,0,2.79899999999999
47.151,0,2.79899999999999
47.152,0,2.79899999999999
47.153,0,2.79899999999999
47.154,0,2.79899999999999
47.155,0,2.79899999999999
47.156,0,2.79899999999999
47.157,0,2.79899999999999
47.158,0,2.79899999999999
47.159,0,2.79899999999999
47.16,0,2.79899999999999
47.161,0,2.79899999999999
47.162,0,2.79899999999999
47.163,0,2.79899999999999
47.164,0,2.79899999999999
47.165,0,2.79899999999999
47.166,0,2.79899999999999
47.167,0,2.79899999999999
47.168,0,2.79899999999999
47.169,0,2.79899999999999
47.17,0,2.79899999999999
47.171,0,2.79899999999999
47.172,0,2.79899999999999
47.173,0,2.79899999999999
47.174,0,2.79899999999999
47.175,0,2.79899999999999
47.176,0,2.79899999999999
47.177,0,2.79899999999999
47.178,0,2.79899999999999
47.179,0,2.79899999999999
47.18,0,2.79899999999999
47.181,0,2.79899999999999
47.182,0,2.79899999999999
47.183,0,2.79899999999999
47.184,0,2.79899999999999
47.185,0,2.79899999999999
47.186,0,2.79899999999999
47.187,0,2.79899999999999
47.188,0,2.79899999999999
47.189,0,2.79899999999999
47.19,0,2.79899999999999
47.191,0,2.79899999999999
47.192,0,2.79899999999999
47.193,0,2.79899999999999
47.194,0,2.79899999999999
47.195,0,2.79899999999999
47.196,0,2.79899999999999
47.197,0,2.79899999999999
47.198,0,2.79899999999999
47.199,0,2.79899999999999
47.2,0,2.79899999999999
47.201,0,2.79899999999999
47.202,0,2.79899999999999
47.203,0,2.79899999999999
47.204,0,2.79899999999999
47.205,0,2.79899999999999
47.206,0,2.79899999999999
47.207,0,2.79899999999999
47.208,0,2.79899999999999
47.209,0,2.79899999999999
47.21,0,2.79899999999999
47.211,0,2.79899999999999
47.212,0,2.79899999999999
47.213,0,2.79899999999999
47.214,0,2.79899999999999
47.215,0,2.79899999999999
47.216,0,2.79899999999999
47.217,0,2.79899999999999
47.218,0,2.79899999999999
47.219,0,2.79899999999999
47.22,0,2.79899999999999
47.221,0,2.79899999999999
47.222,0,2.79899999999999
47.223,0,2.79899999999999
47.224,0,2.79899999999999
47.225,0,2.79899999999999
47.226,0,2.79899999999999
47.227,0,2.79899999999999
47.228,0,2.79899999999999
47.229,0,2.79899999999999
47.23,0,2.79899999999999
47.231,0,2.79899999999999
47.232,0,2.79899999999999
47.233,0,2.79899999999999
47.234,0,2.79899999999999
47.235,0,2.79899999999999
47.236,0,2.79899999999999
47.237,0,2.79899999999999
47.238,0,2.79899999999999
47.239,0,2.79899999999999
47.24,0,2.79899999999999
47.241,0,2.79899999999999
47.242,0,2.79899999999999
47.243,0,2.79899999999999
47.244,0,2.79899999999999
47.245,0,2.79899999999999
47.246,0,2.79899999999999
47.247,0,2.79899999999999
47.248,0,2.79899999999999
47.249,0,2.79899999999999
47.25,0,2.79899999999999
47.251,0,2.79899999999999
47.252,0,2.79899999999999
47.253,0,2.79899999999999
47.254,0,2.79899999999999
47.255,0,2.79899999999999
47.256,0,2.79899999999999
47.257,0,2.79899999999999
47.258,0,2.79899999999999
47.259,0,2.79899999999999
47.26,0,2.79899999999999
47.261,0,2.79899999999999
47.262,0,2.79899999999999
47.263,0,2.79899999999999
47.264,0,2.79899999999999
47.265,0,2.79899999999999
47.266,0,2.79899999999999
47.267,0,2.79899999999999
47.268,0,2.79899999999999
47.269,0,2.79899999999999
47.27,0,2.79899999999999
47.271,0,2.79899999999999
47.272,0,2.79899999999999
47.273,0,2.79899999999999
47.274,0,2.79899999999999
47.275,0,2.79899999999999
47.276,0,2.79899999999999
47.277,0,2.79899999999999
47.278,0,2.79899999999999
47.279,0,2.79899999999999
47.28,0,2.79899999999999
47.281,0,2.79899999999999
47.282,0,2.79899999999999
47.283,0,2.79899999999999
47.284,0,2.79899999999999
47.285,0,2.79899999999999
47.286,0,2.79899999999999
47.287,0,2.79899999999999
47.288,0,2.79899999999999
47.289,0,2.79899999999999
47.29,0,2.79899999999999
47.291,0,2.79899999999999
47.292,0,2.79899999999999
47.293,0,2.79899999999999
47.294,0,2.79899999999999
47.295,0,2.79899999999999
47.296,0,2.79899999999999
47.297,0,2.79899999999999
47.298,0,2.79899999999999
47.299,0,2.79899999999999
47.3,0,2.79899999999999
47.301,0,2.79899999999999
47.302,0,2.79899999999999
47.303,0,2.79899999999999
47.304,0,2.79899999999999
47.305,0,2.79899999999999
47.306,0,2.79899999999999
47.307,0,2.79899999999999
47.308,0,2.79899999999999
47.309,0,2.79899999999999
47.31,0,2.79899999999999
47.311,0,2.79899999999999
47.312,0,2.79899999999999
47.313,0,2.79899999999999
47.314,0,2.79899999999999
47.315,0,2.79899999999999
47.316,0,2.79899999999999
47.317,0,2.79899999999999
47.318,0,2.79899999999999
47.319,0,2.79899999999999
47.32,0,2.79899999999999
47.321,0,2.79899999999999
47.322,0,2.79899999999999
47.323,0,2.79899999999999
47.324,0,2.79899999999999
47.325,0,2.79899999999999
47.326,0,2.79899999999999
47.327,0,2.79899999999999
47.328,0,2.79899999999999
47.329,0,2.79899999999999
47.33,0,2.79899999999999
47.331,0,2.79899999999999
47.332,0,2.79899999999999
47.333,0,2.79899999999999
47.334,0,2.79899999999999
47.335,0,2.79899999999999
47.336,0,2.79899999999999
47.337,0,2.79899999999999
47.338,0,2.79899999999999
47.339,0,2.79899999999999
47.34,0,2.79899999999999
47.341,0,2.79899999999999
47.342,0,2.79899999999999
47.343,0,2.79899999999999
47.344,0,2.79899999999999
47.345,0,2.79899999999999
47.346,0,2.79899999999999
47.347,0,2.79899999999999
47.348,0,2.79899999999999
47.349,0,2.79899999999999
47.35,0,2.79899999999999
47.351,0,2.79899999999999
47.352,0,2.79899999999999
47.353,0,2.79899999999999
47.354,0,2.79899999999999
47.355,0,2.79899999999999
47.356,0,2.79899999999999
47.357,0,2.79899999999999
47.358,0,2.79899999999999
47.359,0,2.79899999999999
47.36,0,2.79899999999999
47.361,0,2.79899999999999
47.362,0,2.79899999999999
47.363,0,2.79899999999999
47.364,0,2.79899999999999
47.365,0,2.79899999999999
47.366,0,2.79899999999999
47.367,0,2.79899999999999
47.368,0,2.79899999999999
47.369,0,2.79899999999999
47.37,0,2.79899999999999
47.371,0,2.79899999999999
47.372,0,2.79899999999999
47.373,0,2.79899999999999
47.374,0,2.79899999999999
47.375,0,2.79899999999999
47.376,0,2.79899999999999
47.377,0,2.79899999999999
47.378,0,2.79899999999999
47.379,0,2.79899999999999
47.38,0,2.79899999999999
47.381,0,2.79899999999999
47.382,0,2.79899999999999
47.383,0,2.79899999999999
47.384,0,2.79899999999999
47.385,0,2.79899999999999
47.386,0,2.79899999999999
47.387,0,2.79899999999999
47.388,0,2.79899999999999
47.389,0,2.79899999999999
47.39,0,2.79899999999999
47.391,0,2.79899999999999
47.392,0,2.79899999999999
47.393,0,2.79899999999999
47.394,0,2.79899999999999
47.395,0,2.79899999999999
47.396,0,2.79899999999999
47.397,0,2.79899999999999
47.398,0,2.79899999999999
47.399,0,2.79899999999999
47.4,0,2.79899999999999
47.401,0,2.79899999999999
47.402,0,2.79899999999999
47.403,0,2.79899999999999
47.404,0,2.79899999999999
47.405,0,2.79899999999999
47.406,0,2.79899999999999
47.407,0,2.79899999999999
47.408,0,2.79899999999999
47.409,0,2.79899999999999
47.41,0,2.79899999999999
47.411,0,2.79899999999999
47.412,0,2.79899999999999
47.413,0,2.79899999999999
47.414,0,2.79899999999999
47.415,0,2.79899999999999
47.416,0,2.79899999999999
47.417,0,2.79899999999999
47.418,0,2.79899999999999
47.419,0,2.79899999999999
47.42,0,2.79899999999999
47.421,0,2.79899999999999
47.422,0,2.79899999999999
47.423,0,2.79899999999999
47.424,0,2.79899999999999
47.425,0,2.79899999999999
47.426,0,2.79899999999999
47.427,0,2.79899999999999
47.428,0,2.79899999999999
47.429,0,2.79899999999999
47.43,0,2.79899999999999
47.431,0,2.79899999999999
47.432,0,2.79899999999999
47.433,0,2.79899999999999
47.434,0,2.79899999999999
47.435,0,2.79899999999999
47.436,0,2.79899999999999
47.437,0,2.79899999999999
47.438,0,2.79899999999999
47.439,0,2.79899999999999
47.44,0,2.79899999999999
47.441,0,2.79899999999999
47.442,0,2.79899999999999
47.443,0,2.79899999999999
47.444,0,2.79899999999999
47.445,0,2.79899999999999
47.446,0,2.79899999999999
47.447,0,2.79899999999999
47.448,0,2.79899999999999
47.449,0,2.79899999999999
47.45,0,2.79899999999999
47.451,0,2.79899999999999
47.452,0,2.79899999999999
47.453,0,2.79899999999999
47.454,0,2.79899999999999
47.455,0,2.79899999999999
47.456,0,2.79899999999999
47.457,0,2.79899999999999
47.458,0,2.79899999999999
47.459,0,2.79899999999999
47.46,0,2.79899999999999
47.461,0,2.79899999999999
47.462,0,2.79899999999999
47.463,0,2.79899999999999
47.464,0,2.79899999999999
47.465,0,2.79899999999999
47.466,0,2.79899999999999
47.467,0,2.79899999999999
47.468,0,2.79899999999999
47.469,0,2.79899999999999
47.47,0,2.79899999999999
47.471,0,2.79899999999999
47.472,0,2.79899999999999
47.473,0,2.79899999999999
47.474,0,2.79899999999999
47.475,0,2.79899999999999
47.476,0,2.79899999999999
47.477,0,2.79899999999999
47.478,0,2.79899999999999
47.479,0,2.79899999999999
47.48,0,2.79899999999999
47.481,0,2.79899999999999
47.482,0,2.79899999999999
47.483,0,2.79899999999999
47.484,0,2.79899999999999
47.485,0,2.79899999999999
47.486,0,2.79899999999999
47.487,0,2.79899999999999
47.488,0,2.79899999999999
47.489,0,2.79899999999999
47.49,0,2.79899999999999
47.491,0,2.79899999999999
47.492,0,2.79899999999999
47.493,0,2.79899999999999
47.494,0,2.79899999999999
47.495,0,2.79899999999999
47.496,0,2.79899999999999
47.497,0,2.79899999999999
47.498,0,2.79899999999999
47.499,0,2.79899999999999
47.5,0,2.79899999999999
47.501,0,2.79899999999999
47.502,0,2.79899999999999
47.503,0,2.79899999999999
47.504,0,2.79899999999999
47.505,0,2.79899999999999
47.506,0,2.79899999999999
47.507,0,2.79899999999999
47.508,0,2.79899999999999
47.509,0,2.79899999999999
47.51,0,2.79899999999999
47.511,0,2.79899999999999
47.512,0,2.79899999999999
47.513,0,2.79899999999999
47.514,0,2.79899999999999
47.515,0,2.79899999999999
47.516,0,2.79899999999999
47.517,0,2.79899999999999
47.518,0,2.79899999999999
47.519,0,2.79899999999999
47.52,0,2.79899999999999
47.521,0,2.79899999999999
47.522,0,2.79899999999999
47.523,0,2.79899999999999
47.524,0,2.79899999999999
47.525,0,2.79899999999999
47.526,0,2.79899999999999
47.527,0,2.79899999999999
47.528,0,2.79899999999999
47.529,0,2.79899999999999
47.53,0,2.79899999999999
47.531,0,2.79899999999999
47.532,0,2.79899999999999
47.533,0,2.79899999999999
47.534,0,2.79899999999999
47.535,0,2.79899999999999
47.536,0,2.79899999999999
47.537,0,2.79899999999999
47.538,0,2.79899999999999
47.539,0,2.79899999999999
47.54,0,2.79899999999999
47.541,0,2.79899999999999
47.542,0,2.79899999999999
47.543,0,2.79899999999999
47.544,0,2.79899999999999
47.545,0,2.79899999999999
47.546,0,2.79899999999999
47.547,0,2.79899999999999
47.548,0,2.79899999999999
47.549,0,2.79899999999999
47.55,0,2.79899999999999
47.551,0,2.79899999999999
47.552,0,2.79899999999999
47.553,0,2.79899999999999
47.554,0,2.79899999999999
47.555,0,2.79899999999999
47.556,0,2.79899999999999
47.557,0,2.79899999999999
47.558,0,2.79899999999999
47.559,0,2.79899999999999
47.56,0,2.79899999999999
47.561,0,2.79899999999999
47.562,0,2.79899999999999
47.563,0,2.79899999999999
47.564,0,2.79899999999999
47.565,0,2.79899999999999
47.566,0,2.79899999999999
47.567,0,2.79899999999999
47.568,0,2.79899999999999
47.569,0,2.79899999999999
47.57,0,2.79899999999999
47.571,0,2.79899999999999
47.572,0,2.79899999999999
47.573,0,2.79899999999999
47.574,0,2.79899999999999
47.575,0,2.79899999999999
47.576,0,2.79899999999999
47.577,0,2.79899999999999
47.578,0,2.79899999999999
47.579,0,2.79899999999999
47.58,0,2.79899999999999
47.581,0,2.79899999999999
47.582,0,2.79899999999999
47.583,0,2.79899999999999
47.584,0,2.79899999999999
47.585,0,2.79899999999999
47.586,0,2.79899999999999
47.587,0,2.79899999999999
47.588,0,2.79899999999999
47.589,0,2.79899999999999
47.59,0,2.79899999999999
47.591,0,2.79899999999999
47.592,0,2.79899999999999
47.593,0,2.79899999999999
47.594,0,2.79899999999999
47.595,0,2.79899999999999
47.596,0,2.79899999999999
47.597,0,2.79899999999999
47.598,0,2.79899999999999
47.599,0,2.79899999999999
47.6,0,2.79899999999999
47.601,0,2.79899999999999
47.602,0,2.79899999999999
47.603,0,2.79899999999999
47.604,0,2.79899999999999
47.605,0,2.79899999999999
47.606,0,2.79899999999999
47.607,0,2.79899999999999
47.608,0,2.79899999999999
47.609,0,2.79899999999999
47.61,0,2.79899999999999
47.611,0,2.79899999999999
47.612,0,2.79899999999999
47.613,0,2.79899999999999
47.614,0,2.79899999999999
47.615,0,2.79899999999999
47.616,0,2.79899999999999
47.617,0,2.79899999999999
47.618,0,2.79899999999999
47.619,0,2.79899999999999
47.62,0,2.79899999999999
47.621,0,2.79899999999999
47.622,0,2.79899999999999
47.623,0,2.79899999999999
47.624,0,2.79899999999999
47.625,0,2.79899999999999
47.626,0,2.79899999999999
47.627,0,2.79899999999999
47.628,0,2.79899999999999
47.629,0,2.79899999999999
47.63,0,2.79899999999999
47.631,0,2.79899999999999
47.632,0,2.79899999999999
47.633,0,2.79899999999999
47.634,0,2.79899999999999
47.635,0,2.79899999999999
47.636,0,2.79899999999999
47.637,0,2.79899999999999
47.638,0,2.79899999999999
47.639,0,2.79899999999999
47.64,0,2.79899999999999
47.641,0,2.79899999999999
47.642,0,2.79899999999999
47.643,0,2.79899999999999
47.644,0,2.79899999999999
47.645,0,2.79899999999999
47.646,0,2.79899999999999
47.647,0,2.79899999999999
47.648,0,2.79899999999999
47.649,0,2.79899999999999
47.65,0,2.79899999999999
47.651,0,2.79899999999999
47.652,0,2.79899999999999
47.653,0,2.79899999999999
47.654,0,2.79899999999999
47.655,0,2.79899999999999
47.656,0,2.79899999999999
47.657,0,2.79899999999999
47.658,0,2.79899999999999
47.659,0,2.79899999999999
47.66,0,2.79899999999999
47.661,0,2.79899999999999
47.662,0,2.79899999999999
47.663,0,2.79899999999999
47.664,0,2.79899999999999
47.665,0,2.79899999999999
47.666,0,2.79899999999999
47.667,0,2.79899999999999
47.668,0,2.79899999999999
47.669,0,2.79899999999999
47.67,0,2.79899999999999
47.671,0,2.79899999999999
47.672,0,2.79899999999999
47.673,0,2.79899999999999
47.674,0,2.79899999999999
47.675,0,2.79899999999999
47.676,0,2.79899999999999
47.677,0,2.79899999999999
47.678,0,2.79899999999999
47.679,0,2.79899999999999
47.68,0,2.79899999999999
47.681,0,2.79899999999999
47.682,0,2.79899999999999
47.683,0,2.79899999999999
47.684,0,2.79899999999999
47.685,0,2.79899999999999
47.686,0,2.79899999999999
47.687,0,2.79899999999999
47.688,0,2.79899999999999
47.689,0,2.79899999999999
47.69,0,2.79899999999999
47.691,0,2.79899999999999
47.692,0,2.79899999999999
47.693,0,2.79899999999999
47.694,0,2.79899999999999
47.695,0,2.79899999999999
47.696,0,2.79899999999999
47.697,0,2.79899999999999
47.698,0,2.79899999999999
47.699,0,2.79899999999999
47.7,0,2.79899999999999
47.701,0,2.79899999999999
47.702,0,2.79899999999999
47.703,0,2.79899999999999
47.704,0,2.79899999999999
47.705,0,2.79899999999999
47.706,0,2.79899999999999
47.707,0,2.79899999999999
47.708,0,2.79899999999999
47.709,0,2.79899999999999
47.71,0,2.79899999999999
47.711,0,2.79899999999999
47.712,0,2.79899999999999
47.713,0,2.79899999999999
47.714,0,2.79899999999999
47.715,0,2.79899999999999
47.716,0,2.79899999999999
47.717,0,2.79899999999999
47.718,0,2.79899999999999
47.719,0,2.79899999999999
47.72,0,2.79899999999999
47.721,0,2.79899999999999
47.722,0,2.79899999999999
47.723,0,2.79899999999999
47.724,0,2.79899999999999
47.725,0,2.79899999999999
47.726,0,2.79899999999999
47.727,0,2.79899999999999
47.728,0,2.79899999999999
47.729,0,2.79899999999999
47.73,0,2.79899999999999
47.731,0,2.79899999999999
47.732,0,2.79899999999999
47.733,0,2.79899999999999
47.734,0,2.79899999999999
47.735,0,2.79899999999999
47.736,0,2.79899999999999
47.737,0,2.79899999999999
47.738,0,2.79899999999999
47.739,0,2.79899999999999
47.74,0,2.79899999999999
47.741,0,2.79899999999999
47.742,0,2.79899999999999
47.743,0,2.79899999999999
47.744,0,2.79899999999999
47.745,0,2.79899999999999
47.746,0,2.79899999999999
47.747,0,2.79899999999999
47.748,0,2.79899999999999
47.749,0,2.79899999999999
47.75,0,2.79899999999999
47.751,0,2.79899999999999
47.752,0,2.79899999999999
47.753,0,2.79899999999999
47.754,0,2.79899999999999
47.755,0,2.79899999999999
47.756,0,2.79899999999999
47.757,0,2.79899999999999
47.758,0,2.79899999999999
47.759,0,2.79899999999999
47.76,0,2.79899999999999
47.761,0,2.79899999999999
47.762,0,2.79899999999999
47.763,0,2.79899999999999
47.764,0,2.79899999999999
47.765,0,2.79899999999999
47.766,0,2.79899999999999
47.767,0,2.79899999999999
47.768,0,2.79899999999999
47.769,0,2.79899999999999
47.77,0,2.79899999999999
47.771,0,2.79899999999999
47.772,0,2.79899999999999
47.773,0,2.79899999999999
47.774,0,2.79899999999999
47.775,0,2.79899999999999
47.776,0,2.79899999999999
47.777,0,2.79899999999999
47.778,0,2.79899999999999
47.779,0,2.79899999999999
47.78,0,2.79899999999999
47.781,0,2.79899999999999
47.782,0,2.79899999999999
47.783,0,2.79899999999999
47.784,0,2.79899999999999
47.785,0,2.79899999999999
47.786,0,2.79899999999999
47.787,0,2.79899999999999
47.788,0,2.79899999999999
47.789,0,2.79899999999999
47.79,0,2.79899999999999
47.791,0,2.79899999999999
47.792,0,2.79899999999999
47.793,0,2.79899999999999
47.794,0,2.79899999999999
47.795,0,2.79899999999999
47.796,0,2.79899999999999
47.797,0,2.79899999999999
47.798,0,2.79899999999999
47.799,0,2.79899999999999
47.8,0,2.79899999999999
47.801,0,2.79899999999999
47.802,0,2.79899999999999
47.803,0,2.79899999999999
47.804,0,2.79899999999999
47.805,0,2.79899999999999
47.806,0,2.79899999999999
47.807,0,2.79899999999999
47.808,0,2.79899999999999
47.809,0,2.79899999999999
47.81,0,2.79899999999999
47.811,0,2.79899999999999
47.812,0,2.79899999999999
47.813,0,2.79899999999999
47.814,0,2.79899999999999
47.815,0,2.79899999999999
47.816,0,2.79899999999999
47.817,0,2.79899999999999
47.818,0,2.79899999999999
47.819,0,2.79899999999999
47.82,0,2.79899999999999
47.821,0,2.79899999999999
47.822,0,2.79899999999999
47.823,0,2.79899999999999
47.824,0,2.79899999999999
47.825,0,2.79899999999999
47.826,0,2.79899999999999
47.827,0,2.79899999999999
47.828,0,2.79899999999999
47.829,0,2.79899999999999
47.83,0,2.79899999999999
47.831,0,2.79899999999999
47.832,0,2.79899999999999
47.833,0,2.79899999999999
47.834,0,2.79899999999999
47.835,0,2.79899999999999
47.836,0,2.79899999999999
47.837,0,2.79899999999999
47.838,0,2.79899999999999
47.839,0,2.79899999999999
47.84,0,2.79899999999999
47.841,0,2.79899999999999
47.842,0,2.79899999999999
47.843,0,2.79899999999999
47.844,0,2.79899999999999
47.845,0,2.79899999999999
47.846,0,2.79899999999999
47.847,0,2.79899999999999
47.848,0,2.79899999999999
47.849,0,2.79899999999999
47.85,0,2.79899999999999
47.851,0,2.79899999999999
47.852,0,2.79899999999999
47.853,0,2.79899999999999
47.854,0,2.79899999999999
47.855,0,2.79899999999999
47.856,0,2.79899999999999
47.857,0,2.79899999999999
47.858,0,2.79899999999999
47.859,0,2.79899999999999
47.86,0,2.79899999999999
47.861,0,2.79899999999999
47.862,0,2.79899999999999
47.863,0,2.79899999999999
47.864,0,2.79899999999999
47.865,0,2.79899999999999
47.866,0,2.79899999999999
47.867,0,2.79899999999999
47.868,0,2.79899999999999
47.869,0,2.79899999999999
47.87,0,2.79899999999999
47.871,0,2.79899999999999
47.872,0,2.79899999999999
47.873,0,2.79899999999999
47.874,0,2.79899999999999
47.875,0,2.79899999999999
47.876,0,2.79899999999999
47.877,0,2.79899999999999
47.878,0,2.79899999999999
47.879,0,2.79899999999999
47.88,0,2.79899999999999
47.881,0,2.79899999999999
47.882,0,2.79899999999999
47.883,0,2.79899999999999
47.884,0,2.79899999999999
47.885,0,2.79899999999999
47.886,0,2.79899999999999
47.887,0,2.79899999999999
47.888,0,2.79899999999999
47.889,0,2.79899999999999
47.89,0,2.79899999999999
47.891,0,2.79899999999999
47.892,0,2.79899999999999
47.893,0,2.79899999999999
47.894,0,2.79899999999999
47.895,0,2.79899999999999
47.896,0,2.79899999999999
47.897,0,2.79899999999999
47.898,0,2.79899999999999
47.899,0,2.79899999999999
47.9,0,2.79899999999999
47.901,0,2.79899999999999
47.902,0,2.79899999999999
47.903,0,2.79899999999999
47.904,0,2.79899999999999
47.905,0,2.79899999999999
47.906,0,2.79899999999999
47.907,0,2.79899999999999
47.908,0,2.79899999999999
47.909,0,2.79899999999999
47.91,0,2.79899999999999
47.911,0,2.79899999999999
47.912,0,2.79899999999999
47.913,0,2.79899999999999
47.914,0,2.79899999999999
47.915,0,2.79899999999999
47.916,0,2.79899999999999
47.917,0,2.79899999999999
47.918,0,2.79899999999999
47.919,0,2.79899999999999
47.92,0,2.79899999999999
47.921,0,2.79899999999999
47.922,0,2.79899999999999
47.923,0,2.79899999999999
47.924,0,2.79899999999999
47.925,0,2.79899999999999
47.926,0,2.79899999999999
47.927,0,2.79899999999999
47.928,0,2.79899999999999
47.929,0,2.79899999999999
47.93,0,2.79899999999999
47.931,0,2.79899999999999
47.932,0,2.79899999999999
47.933,0,2.79899999999999
47.934,0,2.79899999999999
47.935,0,2.79899999999999
47.936,0,2.79899999999999
47.937,0,2.79899999999999
47.938,0,2.79899999999999
47.939,0,2.79899999999999
47.94,0,2.79899999999999
47.941,0,2.79899999999999
47.942,0,2.79899999999999
47.943,0,2.79899999999999
47.944,0,2.79899999999999
47.945,0,2.79899999999999
47.946,0,2.79899999999999
47.947,0,2.79899999999999
47.948,0,2.79899999999999
47.949,0,2.79899999999999
47.95,0,2.79899999999999
47.951,0,2.79899999999999
47.952,0,2.79899999999999
47.953,0,2.79899999999999
47.954,0,2.79899999999999
47.955,0,2.79899999999999
47.956,0,2.79899999999999
47.957,0,2.79899999999999
47.958,0,2.79899999999999
47.959,0,2.79899999999999
47.96,0,2.79899999999999
47.961,0,2.79899999999999
47.962,0,2.79899999999999
47.963,0,2.79899999999999
47.964,0,2.79899999999999
47.965,0,2.79899999999999
47.966,0,2.79899999999999
47.967,0,2.79899999999999
47.968,0,2.79899999999999
47.969,0,2.79899999999999
47.97,0,2.79899999999999
47.971,0,2.79899999999999
47.972,0,2.79899999999999
47.973,0,2.79899999999999
47.974,0,2.79899999999999
47.975,0,2.79899999999999
47.976,0,2.79899999999999
47.977,0,2.79899999999999
47.978,0,2.79899999999999
47.979,0,2.79899999999999
47.98,0,2.79899999999999
47.981,0,2.79899999999999
47.982,0,2.79899999999999
47.983,0,2.79899999999999
47.984,0,2.79899999999999
47.985,0,2.79899999999999
47.986,0,2.79899999999999
47.987,0,2.79899999999999
47.988,0,2.79899999999999
47.989,0,2.79899999999999
47.99,0,2.79899999999999
47.991,0,2.79899999999999
47.992,0,2.79899999999999
47.993,0,2.79899999999999
47.994,0,2.79899999999999
47.995,0,2.79899999999999
47.996,0,2.79899999999999
47.997,0,2.79899999999999
47.998,0,2.79899999999999
47.999,0,2.79899999999999
48,0,2.79899999999999
48.001,0,2.79899999999999
48.002,0,2.79899999999999
48.003,0,2.79899999999999
48.004,0,2.79899999999999
48.005,0,2.79899999999999
48.006,0,2.79899999999999
48.007,0,2.79899999999999
48.008,0,2.79899999999999
48.009,0,2.79899999999999
48.01,0,2.79899999999999
48.011,0,2.79899999999999
48.012,0,2.79899999999999
48.013,0,2.79899999999999
48.014,0,2.79899999999999
48.015,0,2.79899999999999
48.016,0,2.79899999999999
48.017,0,2.79899999999999
48.018,0,2.79899999999999
48.019,0,2.79899999999999
48.02,0,2.79899999999999
48.021,0,2.79899999999999
48.022,0,2.79899999999999
48.023,0,2.79899999999999
48.024,0,2.79899999999999
48.025,0,2.79899999999999
48.026,0,2.79899999999999
48.027,0,2.79899999999999
48.028,0,2.79899999999999
48.029,0,2.79899999999999
48.03,0,2.79899999999999
48.031,0,2.79899999999999
48.032,0,2.79899999999999
48.033,0,2.79899999999999
48.034,0,2.79899999999999
48.035,0,2.79899999999999
48.036,0,2.79899999999999
48.037,0,2.79899999999999
48.038,0,2.79899999999999
48.039,0,2.79899999999999
48.04,0,2.79899999999999
48.041,0,2.79899999999999
48.042,0,2.79899999999999
48.043,0,2.79899999999999
48.044,0,2.79899999999999
48.045,0,2.79899999999999
48.046,0,2.79899999999999
48.047,0,2.79899999999999
48.048,0,2.79899999999999
48.049,0,2.79899999999999
48.05,0,2.79899999999999
48.051,0,2.79899999999999
48.052,0,2.79899999999999
48.053,0,2.79899999999999
48.054,0,2.79899999999999
48.055,0,2.79899999999999
48.056,0,2.79899999999999
48.057,0,2.79899999999999
48.058,0,2.79899999999999
48.059,0,2.79899999999999
48.06,0,2.79899999999999
48.061,0,2.79899999999999
48.062,0,2.79899999999999
48.063,0,2.79899999999999
48.064,0,2.79899999999999
48.065,0,2.79899999999999
48.066,0,2.79899999999999
48.067,0,2.79899999999999
48.068,0,2.79899999999999
48.069,0,2.79899999999999
48.07,0,2.79899999999999
48.071,0,2.79899999999999
48.072,0,2.79899999999999
48.073,0,2.79899999999999
48.074,0,2.79899999999999
48.075,0,2.79899999999999
48.076,0,2.79899999999999
48.077,0,2.79899999999999
48.078,0,2.79899999999999
48.079,0,2.79899999999999
48.08,0,2.79899999999999
48.081,0,2.79899999999999
48.082,0,2.79899999999999
48.083,0,2.79899999999999
48.084,0,2.79899999999999
48.085,0,2.79899999999999
48.086,0,2.79899999999999
48.087,0,2.79899999999999
48.088,0,2.79899999999999
48.089,0,2.79899999999999
48.09,0,2.79899999999999
48.091,0,2.79899999999999
48.092,0,2.79899999999999
48.093,0,2.79899999999999
48.094,0,2.79899999999999
48.095,0,2.79899999999999
48.096,0,2.79899999999999
48.097,0,2.79899999999999
48.098,0,2.79899999999999
48.099,0,2.79899999999999
48.1,0,2.79899999999999
48.101,0,2.79899999999999
48.102,0,2.79899999999999
48.103,0,2.79899999999999
48.104,0,2.79899999999999
48.105,0,2.79899999999999
48.106,0,2.79899999999999
48.107,0,2.79899999999999
48.108,0,2.79899999999999
48.109,0,2.79899999999999
48.11,0,2.79899999999999
48.111,0,2.79899999999999
48.112,0,2.79899999999999
48.113,0,2.79899999999999
48.114,0,2.79899999999999
48.115,0,2.79899999999999
48.116,0,2.79899999999999
48.117,0,2.79899999999999
48.118,0,2.79899999999999
48.119,0,2.79899999999999
48.12,0,2.79899999999999
48.121,0,2.79899999999999
48.122,0,2.79899999999999
48.123,0,2.79899999999999
48.124,0,2.79899999999999
48.125,0,2.79899999999999
48.126,0,2.79899999999999
48.127,0,2.79899999999999
48.128,0,2.79899999999999
48.129,0,2.79899999999999
48.13,0,2.79899999999999
48.131,0,2.79899999999999
48.132,0,2.79899999999999
48.133,0,2.79899999999999
48.134,0,2.79899999999999
48.135,0,2.79899999999999
48.136,0,2.79899999999999
48.137,0,2.79899999999999
48.138,0,2.79899999999999
48.139,0,2.79899999999999
48.14,0,2.79899999999999
48.141,0,2.79899999999999
48.142,0,2.79899999999999
48.143,0,2.79899999999999
48.144,0,2.79899999999999
48.145,0,2.79899999999999
48.146,0,2.79899999999999
48.147,0,2.79899999999999
48.148,0,2.79899999999999
48.149,0,2.79899999999999
48.15,0,2.79899999999999
48.151,0,2.79899999999999
48.152,0,2.79899999999999
48.153,0,2.79899999999999
48.154,0,2.79899999999999
48.155,0,2.79899999999999
48.156,0,2.79899999999999
48.157,0,2.79899999999999
48.158,0,2.79899999999999
48.159,0,2.79899999999999
48.16,0,2.79899999999999
48.161,0,2.79899999999999
48.162,0,2.79899999999999
48.163,0,2.79899999999999
48.164,0,2.79899999999999
48.165,0,2.79899999999999
48.166,0,2.79899999999999
48.167,0,2.79899999999999
48.168,0,2.79899999999999
48.169,0,2.79899999999999
48.17,0,2.79899999999999
48.171,0,2.79899999999999
48.172,0,2.79899999999999
48.173,0,2.79899999999999
48.174,0,2.79899999999999
48.175,0,2.79899999999999
48.176,0,2.79899999999999
48.177,0,2.79899999999999
48.178,0,2.79899999999999
48.179,0,2.79899999999999
48.18,0,2.79899999999999
48.181,0,2.79899999999999
48.182,0,2.79899999999999
48.183,0,2.79899999999999
48.184,0,2.79899999999999
48.185,0,2.79899999999999
48.186,0,2.79899999999999
48.187,0,2.79899999999999
48.188,0,2.79899999999999
48.189,0,2.79899999999999
48.19,0,2.79899999999999
48.191,0,2.79899999999999
48.192,0,2.79899999999999
48.193,0,2.79899999999999
48.194,0,2.79899999999999
48.195,0,2.79899999999999
48.196,0,2.79899999999999
48.197,0,2.79899999999999
48.198,0,2.79899999999999
48.199,0,2.79899999999999
48.2,0,2.79899999999999
48.201,0,2.79899999999999
48.202,0,2.79899999999999
48.203,0,2.79899999999999
48.204,0,2.79899999999999
48.205,0,2.79899999999999
48.206,0,2.79899999999999
48.207,0,2.79899999999999
48.208,0,2.79899999999999
48.209,0,2.79899999999999
48.21,0,2.79899999999999
48.211,0,2.79899999999999
48.212,0,2.79899999999999
48.213,0,2.79899999999999
48.214,0,2.79899999999999
48.215,0,2.79899999999999
48.216,0,2.79899999999999
48.217,0,2.79899999999999
48.218,0,2.79899999999999
48.219,0,2.79899999999999
48.22,0,2.79899999999999
48.221,0,2.79899999999999
48.222,0,2.79899999999999
48.223,0,2.79899999999999
48.224,0,2.79899999999999
48.225,0,2.79899999999999
48.226,0,2.79899999999999
48.227,0,2.79899999999999
48.228,0,2.79899999999999
48.229,0,2.79899999999999
48.23,0,2.79899999999999
48.231,0,2.79899999999999
48.232,0,2.79899999999999
48.233,0,2.79899999999999
48.234,0,2.79899999999999
48.235,0,2.79899999999999
48.236,0,2.79899999999999
48.237,0,2.79899999999999
48.238,0,2.79899999999999
48.239,0,2.79899999999999
48.24,0,2.79899999999999
48.241,0,2.79899999999999
48.242,0,2.79899999999999
48.243,0,2.79899999999999
48.244,0,2.79899999999999
48.245,0,2.79899999999999
48.246,0,2.79899999999999
48.247,0,2.79899999999999
48.248,0,2.79899999999999
48.249,0,2.79899999999999
48.25,0,2.79899999999999
48.251,0,2.79899999999999
48.252,0,2.79899999999999
48.253,0,2.79899999999999
48.254,0,2.79899999999999
48.255,0,2.79899999999999
48.256,0,2.79899999999999
48.257,0,2.79899999999999
48.258,0,2.79899999999999
48.259,0,2.79899999999999
48.26,0,2.79899999999999
48.261,0,2.79899999999999
48.262,0,2.79899999999999
48.263,0,2.79899999999999
48.264,0,2.79899999999999
48.265,0,2.79899999999999
48.266,0,2.79899999999999
48.267,0,2.79899999999999
48.268,0,2.79899999999999
48.269,0,2.79899999999999
48.27,0,2.79899999999999
48.271,0,2.79899999999999
48.272,0,2.79899999999999
48.273,0,2.79899999999999
48.274,0,2.79899999999999
48.275,0,2.79899999999999
48.276,0,2.79899999999999
48.277,0,2.79899999999999
48.278,0,2.79899999999999
48.279,0,2.79899999999999
48.28,0,2.79899999999999
48.281,0,2.79899999999999
48.282,0,2.79899999999999
48.283,0,2.79899999999999
48.284,0,2.79899999999999
48.285,0,2.79899999999999
48.286,0,2.79899999999999
48.287,0,2.79899999999999
48.288,0,2.79899999999999
48.289,0,2.79899999999999
48.29,0,2.79899999999999
48.291,0,2.79899999999999
48.292,0,2.79899999999999
48.293,0,2.79899999999999
48.294,0,2.79899999999999
48.295,0,2.79899999999999
48.296,0,2.79899999999999
48.297,0,2.79899999999999
48.298,0,2.79899999999999
48.299,0,2.79899999999999
48.3,0,2.79899999999999
48.301,0,2.79899999999999
48.302,0,2.79899999999999
48.303,0,2.79899999999999
48.304,0,2.79899999999999
48.305,0,2.79899999999999
48.306,0,2.79899999999999
48.307,0,2.79899999999999
48.308,0,2.79899999999999
48.309,0,2.79899999999999
48.31,0,2.79899999999999
48.311,0,2.79899999999999
48.312,0,2.79899999999999
48.313,0,2.79899999999999
48.314,0,2.79899999999999
48.315,0,2.79899999999999
48.316,0,2.79899999999999
48.317,0,2.79899999999999
48.318,0,2.79899999999999
48.319,0,2.79899999999999
48.32,0,2.79899999999999
48.321,0,2.79899999999999
48.322,0,2.79899999999999
48.323,0,2.79899999999999
48.324,0,2.79899999999999
48.325,0,2.79899999999999
48.326,0,2.79899999999999
48.327,0,2.79899999999999
48.328,0,2.79899999999999
48.329,0,2.79899999999999
48.33,0,2.79899999999999
48.331,0,2.79899999999999
48.332,0,2.79899999999999
48.333,0,2.79899999999999
48.334,0,2.79899999999999
48.335,0,2.79899999999999
48.336,0,2.79899999999999
48.337,0,2.79899999999999
48.338,0,2.79899999999999
48.339,0,2.79899999999999
48.34,0,2.79899999999999
48.341,0,2.79899999999999
48.342,0,2.79899999999999
48.343,0,2.79899999999999
48.344,0,2.79899999999999
48.345,0,2.79899999999999
48.346,0,2.79899999999999
48.347,0,2.79899999999999
48.348,0,2.79899999999999
48.349,0,2.79899999999999
48.35,0,2.79899999999999
48.351,0,2.79899999999999
48.352,0,2.79899999999999
48.353,0,2.79899999999999
48.354,0,2.79899999999999
48.355,0,2.79899999999999
48.356,0,2.79899999999999
48.357,0,2.79899999999999
48.358,0,2.79899999999999
48.359,0,2.79899999999999
48.36,0,2.79899999999999
48.361,0,2.79899999999999
48.362,0,2.79899999999999
48.363,0,2.79899999999999
48.364,0,2.79899999999999
48.365,0,2.79899999999999
48.366,0,2.79899999999999
48.367,0,2.79899999999999
48.368,0,2.79899999999999
48.369,0,2.79899999999999
48.37,0,2.79899999999999
48.371,0,2.79899999999999
48.372,0,2.79899999999999
48.373,0,2.79899999999999
48.374,0,2.79899999999999
48.375,0,2.79899999999999
48.376,0,2.79899999999999
48.377,0,2.79899999999999
48.378,0,2.79899999999999
48.379,0,2.79899999999999
48.38,0,2.79899999999999
48.381,0,2.79899999999999
48.382,0,2.79899999999999
48.383,0,2.79899999999999
48.384,0,2.79899999999999
48.385,0,2.79899999999999
48.386,0,2.79899999999999
48.387,0,2.79899999999999
48.388,0,2.79899999999999
48.389,0,2.79899999999999
48.39,0,2.79899999999999
48.391,0,2.79899999999999
48.392,0,2.79899999999999
48.393,0,2.79899999999999
48.394,0,2.79899999999999
48.395,0,2.79899999999999
48.396,0,2.79899999999999
48.397,0,2.79899999999999
48.398,0,2.79899999999999
48.399,0,2.79899999999999
48.4,0,2.79899999999999
48.401,0,2.79899999999999
48.402,0,2.79899999999999
48.403,0,2.79899999999999
48.404,0,2.79899999999999
48.405,0,2.79899999999999
48.406,0,2.79899999999999
48.407,0,2.79899999999999
48.408,0,2.79899999999999
48.409,0,2.79899999999999
48.41,0,2.79899999999999
48.411,0,2.79899999999999
48.412,0,2.79899999999999
48.413,0,2.79899999999999
48.414,0,2.79899999999999
48.415,0,2.79899999999999
48.416,0,2.79899999999999
48.417,0,2.79899999999999
48.418,0,2.79899999999999
48.419,0,2.79899999999999
48.42,0,2.79899999999999
48.421,0,2.79899999999999
48.422,0,2.79899999999999
48.423,0,2.79899999999999
48.424,0,2.79899999999999
48.425,0,2.79899999999999
48.426,0,2.79899999999999
48.427,0,2.79899999999999
48.428,0,2.79899999999999
48.429,0,2.79899999999999
48.43,0,2.79899999999999
48.431,0,2.79899999999999
48.432,0,2.79899999999999
48.433,0,2.79899999999999
48.434,0,2.79899999999999
48.435,0,2.79899999999999
48.436,0,2.79899999999999
48.437,0,2.79899999999999
48.438,0,2.79899999999999
48.439,0,2.79899999999999
48.44,0,2.79899999999999
48.441,0,2.79899999999999
48.442,0,2.79899999999999
48.443,0,2.79899999999999
48.444,0,2.79899999999999
48.445,0,2.79899999999999
48.446,0,2.79899999999999
48.447,0,2.79899999999999
48.448,0,2.79899999999999
48.449,0,2.79899999999999
48.45,0,2.79899999999999
48.451,0,2.79899999999999
48.452,0,2.79899999999999
48.453,0,2.79899999999999
48.454,0,2.79899999999999
48.455,0,2.79899999999999
48.456,0,2.79899999999999
48.457,0,2.79899999999999
48.458,0,2.79899999999999
48.459,0,2.79899999999999
48.46,0,2.79899999999999
48.461,0,2.79899999999999
48.462,0,2.79899999999999
48.463,0,2.79899999999999
48.464,0,2.79899999999999
48.465,0,2.79899999999999
48.466,0,2.79899999999999
48.467,0,2.79899999999999
48.468,0,2.79899999999999
48.469,0,2.79899999999999
48.47,0,2.79899999999999
48.471,0,2.79899999999999
48.472,0,2.79899999999999
48.473,0,2.79899999999999
48.474,0,2.79899999999999
48.475,0,2.79899999999999
48.476,0,2.79899999999999
48.477,0,2.79899999999999
48.478,0,2.79899999999999
48.479,0,2.79899999999999
48.48,0,2.79899999999999
48.481,0,2.79899999999999
48.482,0,2.79899999999999
48.483,0,2.79899999999999
48.484,0,2.79899999999999
48.485,0,2.79899999999999
48.486,0,2.79899999999999
48.487,0,2.79899999999999
48.488,0,2.79899999999999
48.489,0,2.79899999999999
48.49,0,2.79899999999999
48.491,0,2.79899999999999
48.492,0,2.79899999999999
48.493,0,2.79899999999999
48.494,0,2.79899999999999
48.495,0,2.79899999999999
48.496,0,2.79899999999999
48.497,0,2.79899999999999
48.498,0,2.79899999999999
48.499,0,2.79899999999999
48.5,0,2.79899999999999
48.501,0,2.79899999999999
48.502,0,2.79899999999999
48.503,0,2.79899999999999
48.504,0,2.79899999999999
48.505,0,2.79899999999999
48.506,0,2.79899999999999
48.507,0,2.79899999999999
48.508,0,2.79899999999999
48.509,0,2.79899999999999
48.51,0,2.79899999999999
48.511,0,2.79899999999999
48.512,0,2.79899999999999
48.513,0,2.79899999999999
48.514,0,2.79899999999999
48.515,0,2.79899999999999
48.516,0,2.79899999999999
48.517,0,2.79899999999999
48.518,0,2.79899999999999
48.519,0,2.79899999999999
48.52,0,2.79899999999999
48.521,0,2.79899999999999
48.522,0,2.79899999999999
48.523,0,2.79899999999999
48.524,0,2.79899999999999
48.525,0,2.79899999999999
48.526,0,2.79899999999999
48.527,0,2.79899999999999
48.528,0,2.79899999999999
48.529,0,2.79899999999999
48.53,0,2.79899999999999
48.531,0,2.79899999999999
48.532,0,2.79899999999999
48.533,0,2.79899999999999
48.534,0,2.79899999999999
48.535,0,2.79899999999999
48.536,0,2.79899999999999
48.537,0,2.79899999999999
48.538,0,2.79899999999999
48.539,0,2.79899999999999
48.54,0,2.79899999999999
48.541,0,2.79899999999999
48.542,0,2.79899999999999
48.543,0,2.79899999999999
48.544,0,2.79899999999999
48.545,0,2.79899999999999
48.546,0,2.79899999999999
48.547,0,2.79899999999999
48.548,0,2.79899999999999
48.549,0,2.79899999999999
48.55,0,2.79899999999999
48.551,0,2.79899999999999
48.552,0,2.79899999999999
48.553,0,2.79899999999999
48.554,0,2.79899999999999
48.555,0,2.79899999999999
48.556,0,2.79899999999999
48.557,0,2.79899999999999
48.558,0,2.79899999999999
48.559,0,2.79899999999999
48.56,0,2.79899999999999
48.561,0,2.79899999999999
48.562,0,2.79899999999999
48.563,0,2.79899999999999
48.564,0,2.79899999999999
48.565,0,2.79899999999999
48.566,0,2.79899999999999
48.567,0,2.79899999999999
48.568,0,2.79899999999999
48.569,0,2.79899999999999
48.57,0,2.79899999999999
48.571,0,2.79899999999999
48.572,0,2.79899999999999
48.573,0,2.79899999999999
48.574,0,2.79899999999999
48.575,0,2.79899999999999
48.576,0,2.79899999999999
48.577,0,2.79899999999999
48.578,0,2.79899999999999
48.579,0,2.79899999999999
48.58,0,2.79899999999999
48.581,0,2.79899999999999
48.582,0,2.79899999999999
48.583,0,2.79899999999999
48.584,0,2.79899999999999
48.585,0,2.79899999999999
48.586,0,2.79899999999999
48.587,0,2.79899999999999
48.588,0,2.79899999999999
48.589,0,2.79899999999999
48.59,0,2.79899999999999
48.591,0,2.79899999999999
48.592,0,2.79899999999999
48.593,0,2.79899999999999
48.594,0,2.79899999999999
48.595,0,2.79899999999999
48.596,0,2.79899999999999
48.597,0,2.79899999999999
48.598,0,2.79899999999999
48.599,0,2.79899999999999
48.6,0,2.79899999999999
48.601,0,2.79899999999999
48.602,0,2.79899999999999
48.603,0,2.79899999999999
48.604,0,2.79899999999999
48.605,0,2.79899999999999
48.606,0,2.79899999999999
48.607,0,2.79899999999999
48.608,0,2.79899999999999
48.609,0,2.79899999999999
48.61,0,2.79899999999999
48.611,0,2.79899999999999
48.612,0,2.79899999999999
48.613,0,2.79899999999999
48.614,0,2.79899999999999
48.615,0,2.79899999999999
48.616,0,2.79899999999999
48.617,0,2.79899999999999
48.618,0,2.79899999999999
48.619,0,2.79899999999999
48.62,0,2.79899999999999
48.621,0,2.79899999999999
48.622,0,2.79899999999999
48.623,0,2.79899999999999
48.624,0,2.79899999999999
48.625,0,2.79899999999999
48.626,0,2.79899999999999
48.627,0,2.79899999999999
48.628,0,2.79899999999999
48.629,0,2.79899999999999
48.63,0,2.79899999999999
48.631,0,2.79899999999999
48.632,0,2.79899999999999
48.633,0,2.79899999999999
48.634,0,2.79899999999999
48.635,0,2.79899999999999
48.636,0,2.79899999999999
48.637,0,2.79899999999999
48.638,0,2.79899999999999
48.639,0,2.79899999999999
48.64,0,2.79899999999999
48.641,0,2.79899999999999
48.642,0,2.79899999999999
48.643,0,2.79899999999999
48.644,0,2.79899999999999
48.645,0,2.79899999999999
48.646,0,2.79899999999999
48.647,0,2.79899999999999
48.648,0,2.79899999999999
48.649,0,2.79899999999999
48.65,0,2.79899999999999
48.651,0,2.79899999999999
48.652,0,2.79899999999999
48.653,0,2.79899999999999
48.654,0,2.79899999999999
48.655,0,2.79899999999999
48.656,0,2.79899999999999
48.657,0,2.79899999999999
48.658,0,2.79899999999999
48.659,0,2.79899999999999
48.66,0,2.79899999999999
48.661,0,2.79899999999999
48.662,0,2.79899999999999
48.663,0,2.79899999999999
48.664,0,2.79899999999999
48.665,0,2.79899999999999
48.666,0,2.79899999999999
48.667,0,2.79899999999999
48.668,0,2.79899999999999
48.669,0,2.79899999999999
48.67,0,2.79899999999999
48.671,0,2.79899999999999
48.672,0,2.79899999999999
48.673,0,2.79899999999999
48.674,0,2.79899999999999
48.675,0,2.79899999999999
48.676,0,2.79899999999999
48.677,0,2.79899999999999
48.678,0,2.79899999999999
48.679,0,2.79899999999999
48.68,0,2.79899999999999
48.681,0,2.79899999999999
48.682,0,2.79899999999999
48.683,0,2.79899999999999
48.684,0,2.79899999999999
48.685,0,2.79899999999999
48.686,0,2.79899999999999
48.687,0,2.79899999999999
48.688,0,2.79899999999999
48.689,0,2.79899999999999
48.69,0,2.79899999999999
48.691,0,2.79899999999999
48.692,0,2.79899999999999
48.693,0,2.79899999999999
48.694,0,2.79899999999999
48.695,0,2.79899999999999
48.696,0,2.79899999999999
48.697,0,2.79899999999999
48.698,0,2.79899999999999
48.699,0,2.79899999999999
48.7,0,2.79899999999999
48.701,0,2.79899999999999
48.702,0,2.79899999999999
48.703,0,2.79899999999999
48.704,0,2.79899999999999
48.705,0,2.79899999999999
48.706,0,2.79899999999999
48.707,0,2.79899999999999
48.708,0,2.79899999999999
48.709,0,2.79899999999999
48.71,0,2.79899999999999
48.711,0,2.79899999999999
48.712,0,2.79899999999999
48.713,0,2.79899999999999
48.714,0,2.79899999999999
48.715,0,2.79899999999999
48.716,0,2.79899999999999
48.717,0,2.79899999999999
48.718,0,2.79899999999999
48.719,0,2.79899999999999
48.72,0,2.79899999999999
48.721,0,2.79899999999999
48.722,0,2.79899999999999
48.723,0,2.79899999999999
48.724,0,2.79899999999999
48.725,0,2.79899999999999
48.726,0,2.79899999999999
48.727,0,2.79899999999999
48.728,0,2.79899999999999
48.729,0,2.79899999999999
48.73,0,2.79899999999999
48.731,0,2.79899999999999
48.732,0,2.79899999999999
48.733,0,2.79899999999999
48.734,0,2.79899999999999
48.735,0,2.79899999999999
48.736,0,2.79899999999999
48.737,0,2.79899999999999
48.738,0,2.79899999999999
48.739,0,2.79899999999999
48.74,0,2.79899999999999
48.741,0,2.79899999999999
48.742,0,2.79899999999999
48.743,0,2.79899999999999
48.744,0,2.79899999999999
48.745,0,2.79899999999999
48.746,0,2.79899999999999
48.747,0,2.79899999999999
48.748,0,2.79899999999999
48.749,0,2.79899999999999
48.75,0,2.79899999999999
48.751,0,2.79899999999999
48.752,0,2.79899999999999
48.753,0,2.79899999999999
48.754,0,2.79899999999999
48.755,0,2.79899999999999
48.756,0,2.79899999999999
48.757,0,2.79899999999999
48.758,0,2.79899999999999
48.759,0,2.79899999999999
48.76,0,2.79899999999999
48.761,0,2.79899999999999
48.762,0,2.79899999999999
48.763,0,2.79899999999999
48.764,0,2.79899999999999
48.765,0,2.79899999999999
48.766,0,2.79899999999999
48.767,0,2.79899999999999
48.768,0,2.79899999999999
48.769,0,2.79899999999999
48.77,0,2.79899999999999
48.771,0,2.79899999999999
48.772,0,2.79899999999999
48.773,0,2.79899999999999
48.774,0,2.79899999999999
48.775,0,2.79899999999999
48.776,0,2.79899999999999
48.777,0,2.79899999999999
48.778,0,2.79899999999999
48.779,0,2.79899999999999
48.78,0,2.79899999999999
48.781,0,2.79899999999999
48.782,0,2.79899999999999
48.783,0,2.79899999999999
48.784,0,2.79899999999999
48.785,0,2.79899999999999
48.786,0,2.79899999999999
48.787,0,2.79899999999999
48.788,0,2.79899999999999
48.789,0,2.79899999999999
48.79,0,2.79899999999999
48.791,0,2.79899999999999
48.792,0,2.79899999999999
48.793,0,2.79899999999999
48.794,0,2.79899999999999
48.795,0,2.79899999999999
48.796,0,2.79899999999999
48.797,0,2.79899999999999
48.798,0,2.79899999999999
48.799,0,2.79899999999999
48.8,0,2.79899999999999
48.801,0,2.79899999999999
48.802,0,2.79899999999999
48.803,0,2.79899999999999
48.804,0,2.79899999999999
48.805,0,2.79899999999999
48.806,0,2.79899999999999
48.807,0,2.79899999999999
48.808,0,2.79899999999999
48.809,0,2.79899999999999
48.81,0,2.79899999999999
48.811,0,2.79899999999999
48.812,0,2.79899999999999
48.813,0,2.79899999999999
48.814,0,2.79899999999999
48.815,0,2.79899999999999
48.816,0,2.79899999999999
48.817,0,2.79899999999999
48.818,0,2.79899999999999
48.819,0,2.79899999999999
48.82,0,2.79899999999999
48.821,0,2.79899999999999
48.822,0,2.79899999999999
48.823,0,2.79899999999999
48.824,0,2.79899999999999
48.825,0,2.79899999999999
48.826,0,2.79899999999999
48.827,0,2.79899999999999
48.828,0,2.79899999999999
48.829,0,2.79899999999999
48.83,0,2.79899999999999
48.831,0,2.79899999999999
48.832,0,2.79899999999999
48.833,0,2.79899999999999
48.834,0,2.79899999999999
48.835,0,2.79899999999999
48.836,0,2.79899999999999
48.837,0,2.79899999999999
48.838,0,2.79899999999999
48.839,0,2.79899999999999
48.84,0,2.79899999999999
48.841,0,2.79899999999999
48.842,0,2.79899999999999
48.843,0,2.79899999999999
48.844,0,2.79899999999999
48.845,0,2.79899999999999
48.846,0,2.79899999999999
48.847,0,2.79899999999999
48.848,0,2.79899999999999
48.849,0,2.79899999999999
48.85,0,2.79899999999999
48.851,0,2.79899999999999
48.852,0,2.79899999999999
48.853,0,2.79899999999999
48.854,0,2.79899999999999
48.855,0,2.79899999999999
48.856,0,2.79899999999999
48.857,0,2.79899999999999
48.858,0,2.79899999999999
48.859,0,2.79899999999999
48.86,0,2.79899999999999
48.861,0,2.79899999999999
48.862,0,2.79899999999999
48.863,0,2.79899999999999
48.864,0,2.79899999999999
48.865,0,2.79899999999999
48.866,0,2.79899999999999
48.867,0,2.79899999999999
48.868,0,2.79899999999999
48.869,0,2.79899999999999
48.87,0,2.79899999999999
48.871,0,2.79899999999999
48.872,0,2.79899999999999
48.873,0,2.79899999999999
48.874,0,2.79899999999999
48.875,0,2.79899999999999
48.876,0,2.79899999999999
48.877,0,2.79899999999999
48.878,0,2.79899999999999
48.879,0,2.79899999999999
48.88,0,2.79899999999999
48.881,0,2.79899999999999
48.882,0,2.79899999999999
48.883,0,2.79899999999999
48.884,0,2.79899999999999
48.885,0,2.79899999999999
48.886,0,2.79899999999999
48.887,0,2.79899999999999
48.888,0,2.79899999999999
48.889,0,2.79899999999999
48.89,0,2.79899999999999
48.891,0,2.79899999999999
48.892,0,2.79899999999999
48.893,0,2.79899999999999
48.894,0,2.79899999999999
48.895,0,2.79899999999999
48.896,0,2.79899999999999
48.897,0,2.79899999999999
48.898,0,2.79899999999999
48.899,0,2.79899999999999
48.9,0,2.79899999999999
48.901,0,2.79899999999999
48.902,0,2.79899999999999
48.903,0,2.79899999999999
48.904,0,2.79899999999999
48.905,0,2.79899999999999
48.906,0,2.79899999999999
48.907,0,2.79899999999999
48.908,0,2.79899999999999
48.909,0,2.79899999999999
48.91,0,2.79899999999999
48.911,0,2.79899999999999
48.912,0,2.79899999999999
48.913,0,2.79899999999999
48.914,0,2.79899999999999
48.915,0,2.79899999999999
48.916,0,2.79899999999999
48.917,0,2.79899999999999
48.918,0,2.79899999999999
48.919,0,2.79899999999999
48.92,0,2.79899999999999
48.921,0,2.79899999999999
48.922,0,2.79899999999999
48.923,0,2.79899999999999
48.924,0,2.79899999999999
48.925,0,2.79899999999999
48.926,0,2.79899999999999
48.927,0,2.79899999999999
48.928,0,2.79899999999999
48.929,0,2.79899999999999
48.93,0,2.79899999999999
48.931,0,2.79899999999999
48.932,0,2.79899999999999
48.933,0,2.79899999999999
48.934,0,2.79899999999999
48.935,0,2.79899999999999
48.936,0,2.79899999999999
48.937,0,2.79899999999999
48.938,0,2.79899999999999
48.939,0,2.79899999999999
48.94,0,2.79899999999999
48.941,0,2.79899999999999
48.942,0,2.79899999999999
48.943,0,2.79899999999999
48.944,0,2.79899999999999
48.945,0,2.79899999999999
48.946,0,2.79899999999999
48.947,0,2.79899999999999
48.948,0,2.79899999999999
48.949,0,2.79899999999999
48.95,0,2.79899999999999
48.951,0,2.79899999999999
48.952,0,2.79899999999999
48.953,0,2.79899999999999
48.954,0,2.79899999999999
48.955,0,2.79899999999999
48.956,0,2.79899999999999
48.957,0,2.79899999999999
48.958,0,2.79899999999999
48.959,0,2.79899999999999
48.96,0,2.79899999999999
48.961,0,2.79899999999999
48.962,0,2.79899999999999
48.963,0,2.79899999999999
48.964,0,2.79899999999999
48.965,0,2.79899999999999
48.966,0,2.79899999999999
48.967,0,2.79899999999999
48.968,0,2.79899999999999
48.969,0,2.79899999999999
48.97,0,2.79899999999999
48.971,0,2.79899999999999
48.972,0,2.79899999999999
48.973,0,2.79899999999999
48.974,0,2.79899999999999
48.975,0,2.79899999999999
48.976,0,2.79899999999999
48.977,0,2.79899999999999
48.978,0,2.79899999999999
48.979,0,2.79899999999999
48.98,0,2.79899999999999
48.981,0,2.79899999999999
48.982,0,2.79899999999999
48.983,0,2.79899999999999
48.984,0,2.79899999999999
48.985,0,2.79899999999999
48.986,0,2.79899999999999
48.987,0,2.79899999999999
48.988,0,2.79899999999999
48.989,0,2.79899999999999
48.99,0,2.79899999999999
48.991,0,2.79899999999999
48.992,0,2.79899999999999
48.993,0,2.79899999999999
48.994,0,2.79899999999999
48.995,0,2.79899999999999
48.996,0,2.79899999999999
48.997,0,2.79899999999999
48.998,0,2.79899999999999
48.999,0,2.79899999999999
49,-0.2,0.301000000000002
49.001,-0.2,0.301000000000002
49.002,-0.2,0.301000000000002
49.003,-0.2,0.301000000000002
49.004,-0.2,0.301000000000002
49.005,-0.2,0.301000000000002
49.006,-0.2,0.301000000000002
49.007,-0.2,0.301000000000002
49.008,-0.2,0.301000000000002
49.009,-0.2,0.301000000000002
49.01,-0.2,0.301000000000002
49.011,-0.2,0.301000000000002
49.012,-0.2,0.301000000000002
49.013,-0.2,0.301000000000002
49.014,-0.2,0.301000000000002
49.015,-0.2,0.301000000000002
49.016,-0.2,0.301000000000002
49.017,-0.2,0.301000000000002
49.018,-0.2,0.301000000000002
49.019,-0.2,0.301000000000002
49.02,-0.2,0.301000000000002
49.021,-0.2,0.301000000000002
49.022,-0.2,0.301000000000002
49.023,-0.2,0.301000000000002
49.024,-0.2,0.301000000000002
49.025,-0.2,0.301000000000002
49.026,-0.2,0.301000000000002
49.027,-0.2,0.301000000000002
49.028,-0.2,0.301000000000002
49.029,-0.2,0.301000000000002
49.03,-0.2,0.301000000000002
49.031,-0.2,0.301000000000002
49.032,-0.2,0.301000000000002
49.033,-0.2,0.301000000000002
49.034,-0.2,0.301000000000002
49.035,-0.2,0.301000000000002
49.036,-0.2,0.301000000000002
49.037,-0.2,0.301000000000002
49.038,-0.2,0.301000000000002
49.039,-0.2,0.301000000000002
49.04,-0.2,0.301000000000002
49.041,-0.2,0.301000000000002
49.042,-0.2,0.301000000000002
49.043,-0.2,0.301000000000002
49.044,-0.2,0.301000000000002
49.045,-0.2,0.301000000000002
49.046,-0.2,0.301000000000002
49.047,-0.2,0.301000000000002
49.048,-0.2,0.301000000000002
49.049,-0.2,0.301000000000002
49.05,-0.2,0.301000000000002
49.051,-0.2,0.301000000000002
49.052,-0.2,0.301000000000002
49.053,-0.2,0.301000000000002
49.054,-0.2,0.301000000000002
49.055,-0.2,0.301000000000002
49.056,-0.2,0.301000000000002
49.057,-0.2,0.301000000000002
49.058,-0.2,0.301000000000002
49.059,-0.2,0.301000000000002
49.06,-0.2,0.301000000000002
49.061,-0.2,0.301000000000002
49.062,-0.2,0.301000000000002
49.063,-0.2,0.301000000000002
49.064,-0.2,0.301000000000002
49.065,-0.2,0.301000000000002
49.066,-0.2,0.301000000000002
49.067,-0.2,0.301000000000002
49.068,-0.2,0.301000000000002
49.069,-0.2,0.301000000000002
49.07,-0.2,0.301000000000002
49.071,-0.2,0.301000000000002
49.072,-0.2,0.301000000000002
49.073,-0.2,0.301000000000002
49.074,-0.2,0.301000000000002
49.075,-0.2,0.301000000000002
49.076,-0.2,0.301000000000002
49.077,-0.2,0.301000000000002
49.078,-0.2,0.301000000000002
49.079,-0.2,0.301000000000002
49.08,-0.2,0.301000000000002
49.081,-0.2,0.301000000000002
49.082,-0.2,0.301000000000002
49.083,-0.2,0.301000000000002
49.084,-0.2,0.301000000000002
49.085,-0.2,0.301000000000002
49.086,-0.2,0.301000000000002
49.087,-0.2,0.301000000000002
49.088,-0.2,0.301000000000002
49.089,-0.2,0.301000000000002
49.09,-0.2,0.301000000000002
49.091,-0.2,0.301000000000002
49.092,-0.2,0.301000000000002
49.093,-0.2,0.301000000000002
49.094,-0.2,0.301000000000002
49.095,-0.2,0.301000000000002
49.096,-0.2,0.301000000000002
49.097,-0.2,0.301000000000002
49.098,-0.2,0.301000000000002
49.099,-0.2,0.301000000000002
49.1,-0.2,0.301000000000002
49.101,-0.2,0.301000000000002
49.102,-0.2,0.301000000000002
49.103,-0.2,0.301000000000002
49.104,-0.2,0.301000000000002
49.105,-0.2,0.301000000000002
49.106,-0.2,0.301000000000002
49.107,-0.2,0.301000000000002
49.108,-0.2,0.301000000000002
49.109,-0.2,0.301000000000002
49.11,-0.2,0.301000000000002
49.111,-0.2,0.301000000000002
49.112,-0.2,0.301000000000002
49.113,-0.2,0.301000000000002
49.114,-0.2,0.301000000000002
49.115,-0.2,0.301000000000002
49.116,-0.2,0.301000000000002
49.117,-0.2,0.301000000000002
49.118,-0.2,0.301000000000002
49.119,-0.2,0.301000000000002
49.12,-0.2,0.301000000000002
49.121,-0.2,0.301000000000002
49.122,-0.2,0.301000000000002
49.123,-0.2,0.301000000000002
49.124,-0.2,0.301000000000002
49.125,-0.2,0.301000000000002
49.126,-0.2,0.301000000000002
49.127,-0.2,0.301000000000002
49.128,-0.2,0.301000000000002
49.129,-0.2,0.301000000000002
49.13,-0.2,0.301000000000002
49.131,-0.2,0.301000000000002
49.132,-0.2,0.301000000000002
49.133,-0.2,0.301000000000002
49.134,-0.2,0.301000000000002
49.135,-0.2,0.301000000000002
49.136,-0.2,0.301000000000002
49.137,-0.2,0.301000000000002
49.138,-0.2,0.301000000000002
49.139,-0.2,0.301000000000002
49.14,-0.2,0.301000000000002
49.141,-0.2,0.301000000000002
49.142,-0.2,0.301000000000002
49.143,-0.2,0.301000000000002
49.144,-0.2,0.301000000000002
49.145,-0.2,0.301000000000002
49.146,-0.2,0.301000000000002
49.147,-0.2,0.301000000000002
49.148,-0.2,0.301000000000002
49.149,-0.2,0.301000000000002
49.15,-0.2,0.301000000000002
49.151,-0.2,0.301000000000002
49.152,-0.2,0.301000000000002
49.153,-0.2,0.301000000000002
49.154,-0.2,0.301000000000002
49.155,-0.2,0.301000000000002
49.156,-0.2,0.301000000000002
49.157,-0.2,0.301000000000002
49.158,-0.2,0.301000000000002
49.159,-0.2,0.301000000000002
49.16,-0.2,0.301000000000002
49.161,-0.2,0.301000000000002
49.162,-0.2,0.301000000000002
49.163,-0.2,0.301000000000002
49.164,-0.2,0.301000000000002
49.165,-0.2,0.301000000000002
49.166,-0.2,0.301000000000002
49.167,-0.2,0.301000000000002
49.168,-0.2,0.301000000000002
49.169,-0.2,0.301000000000002
49.17,-0.2,0.301000000000002
49.171,-0.2,0.301000000000002
49.172,-0.2,0.301000000000002
49.173,-0.2,0.301000000000002
49.174,-0.2,0.301000000000002
49.175,-0.2,0.301000000000002
49.176,-0.2,0.301000000000002
49.177,-0.2,0.301000000000002
49.178,-0.2,0.301000000000002
49.179,-0.2,0.301000000000002
49.18,-0.2,0.301000000000002
49.181,-0.2,0.301000000000002
49.182,-0.2,0.301000000000002
49.183,-0.2,0.301000000000002
49.184,-0.2,0.301000000000002
49.185,-0.2,0.301000000000002
49.186,-0.2,0.301000000000002
49.187,-0.2,0.301000000000002
49.188,-0.2,0.301000000000002
49.189,-0.2,0.301000000000002
49.19,-0.2,0.301000000000002
49.191,-0.2,0.301000000000002
49.192,-0.2,0.301000000000002
49.193,-0.2,0.301000000000002
49.194,-0.2,0.301000000000002
49.195,-0.2,0.301000000000002
49.196,-0.2,0.301000000000002
49.197,-0.2,0.301000000000002
49.198,-0.2,0.301000000000002
49.199,-0.2,0.301000000000002
49.2,-0.2,0.301000000000002
49.201,-0.2,0.301000000000002
49.202,-0.2,0.301000000000002
49.203,-0.2,0.301000000000002
49.204,-0.2,0.301000000000002
49.205,-0.2,0.301000000000002
49.206,-0.2,0.301000000000002
49.207,-0.2,0.301000000000002
49.208,-0.2,0.301000000000002
49.209,-0.2,0.301000000000002
49.21,-0.2,0.301000000000002
49.211,-0.2,0.301000000000002
49.212,-0.2,0.301000000000002
49.213,-0.2,0.301000000000002
49.214,-0.2,0.301000000000002
49.215,-0.2,0.301000000000002
49.216,-0.2,0.301000000000002
49.217,-0.2,0.301000000000002
49.218,-0.2,0.301000000000002
49.219,-0.2,0.301000000000002
49.22,-0.2,0.301000000000002
49.221,-0.2,0.301000000000002
49.222,-0.2,0.301000000000002
49.223,-0.2,0.301000000000002
49.224,-0.2,0.301000000000002
49.225,-0.2,0.301000000000002
49.226,-0.2,0.301000000000002
49.227,-0.2,0.301000000000002
49.228,-0.2,0.301000000000002
49.229,-0.2,0.301000000000002
49.23,-0.2,0.301000000000002
49.231,-0.2,0.301000000000002
49.232,-0.2,0.301000000000002
49.233,-0.2,0.301000000000002
49.234,-0.2,0.301000000000002
49.235,-0.2,0.301000000000002
49.236,-0.2,0.301000000000002
49.237,-0.2,0.301000000000002
49.238,-0.2,0.301000000000002
49.239,-0.2,0.301000000000002
49.24,-0.2,0.301000000000002
49.241,-0.2,0.301000000000002
49.242,-0.2,0.301000000000002
49.243,-0.2,0.301000000000002
49.244,-0.2,0.301000000000002
49.245,-0.2,0.301000000000002
49.246,-0.2,0.301000000000002
49.247,-0.2,0.301000000000002
49.248,-0.2,0.301000000000002
49.249,-0.2,0.301000000000002
49.25,-0.2,0.301000000000002
49.251,-0.2,0.301000000000002
49.252,-0.2,0.301000000000002
49.253,-0.2,0.301000000000002
49.254,-0.2,0.301000000000002
49.255,-0.2,0.301000000000002
49.256,-0.2,0.301000000000002
49.257,-0.2,0.301000000000002
49.258,-0.2,0.301000000000002
49.259,-0.2,0.301000000000002
49.26,-0.2,0.301000000000002
49.261,-0.2,0.301000000000002
49.262,-0.2,0.301000000000002
49.263,-0.2,0.301000000000002
49.264,-0.2,0.301000000000002
49.265,-0.2,0.301000000000002
49.266,-0.2,0.301000000000002
49.267,-0.2,0.301000000000002
49.268,-0.2,0.301000000000002
49.269,-0.2,0.301000000000002
49.27,-0.2,0.301000000000002
49.271,-0.2,0.301000000000002
49.272,-0.2,0.301000000000002
49.273,-0.2,0.301000000000002
49.274,-0.2,0.301000000000002
49.275,-0.2,0.301000000000002
49.276,-0.2,0.301000000000002
49.277,-0.2,0.301000000000002
49.278,-0.2,0.301000000000002
49.279,-0.2,0.301000000000002
49.28,-0.2,0.301000000000002
49.281,-0.2,0.301000000000002
49.282,-0.2,0.301000000000002
49.283,-0.2,0.301000000000002
49.284,-0.2,0.301000000000002
49.285,-0.2,0.301000000000002
49.286,-0.2,0.301000000000002
49.287,-0.2,0.301000000000002
49.288,-0.2,0.301000000000002
49.289,-0.2,0.301000000000002
49.29,-0.2,0.301000000000002
49.291,-0.2,0.301000000000002
49.292,-0.2,0.301000000000002
49.293,-0.2,0.301000000000002
49.294,-0.2,0.301000000000002
49.295,-0.2,0.301000000000002
49.296,-0.2,0.301000000000002
49.297,-0.2,0.301000000000002
49.298,-0.2,0.301000000000002
49.299,-0.2,0.301000000000002
49.3,-0.2,0.301000000000002
49.301,0,1.699
49.302,0,1.699
49.303,0,1.699
49.304,0,1.699
49.305,0,1.699
49.306,0,1.699
49.307,0,1.699
49.308,0,1.699
49.309,0,1.699
49.31,0,1.699
49.311,0,1.699
49.312,0,1.699
49.313,0,1.699
49.314,0,1.699
49.315,0,1.699
49.316,0,1.699
49.317,0,1.699
49.318,0,1.699
49.319,0,1.699
49.32,0,1.699
49.321,0,1.699
49.322,0,1.699
49.323,0,1.699
49.324,0,1.699
49.325,0,1.699
49.326,0,1.699
49.327,0,1.699
49.328,0,1.699
49.329,0,1.699
49.33,0,1.699
49.331,0,1.699
49.332,0,1.699
49.333,0,1.699
49.334,0,1.699
49.335,0,1.699
49.336,0,1.699
49.337,0,1.699
49.338,0,1.699
49.339,0,1.699
49.34,0,1.699
49.341,0,1.699
49.342,0,1.699
49.343,0,1.699
49.344,0,1.699
49.345,0,1.699
49.346,0,1.699
49.347,0,1.699
49.348,0,1.699
49.349,0,1.699
49.35,0,1.699
49.351,0,1.699
49.352,0,1.699
49.353,0,1.699
49.354,0,1.699
49.355,0,1.699
49.356,0,1.699
49.357,0,1.699
49.358,0,1.699
49.359,0,1.699
49.36,0,1.699
49.361,0,1.699
49.362,0,1.699
49.363,0,1.699
49.364,0,1.699
49.365,0,1.699
49.366,0,1.699
49.367,0,1.699
49.368,0,1.699
49.369,0,1.699
49.37,0,1.699
49.371,0,1.699
49.372,0,1.699
49.373,0,1.699
49.374,0,1.699
49.375,0,1.699
49.376,0,1.699
49.377,0,1.699
49.378,0,1.699
49.379,0,1.699
49.38,0,1.699
49.381,0,1.699
49.382,0,1.699
49.383,0,1.699
49.384,0,1.699
49.385,0,1.699
49.386,0,1.699
49.387,0,1.699
49.388,0,1.699
49.389,0,1.699
49.39,0,1.699
49.391,0,1.699
49.392,0,1.699
49.393,0,1.699
49.394,0,1.699
49.395,0,1.699
49.396,0,1.699
49.397,0,1.699
49.398,0,1.699
49.399,0,1.699
49.4,0,1.699
49.401,0,1.699
49.402,0,1.699
49.403,0,1.699
49.404,0,1.699
49.405,0,1.699
49.406,0,1.699
49.407,0,1.699
49.408,0,1.699
49.409,0,1.699
49.41,0,1.699
49.411,0,1.699
49.412,0,1.699
49.413,0,1.699
49.414,0,1.699
49.415,0,1.699
49.416,0,1.699
49.417,0,1.699
49.418,0,1.699
49.419,0,1.699
49.42,0,1.699
49.421,0,1.699
49.422,0,1.699
49.423,0,1.699
49.424,0,1.699
49.425,0,1.699
49.426,0,1.699
49.427,0,1.699
49.428,0,1.699
49.429,0,1.699
49.43,0,1.699
49.431,0,1.699
49.432,0,1.699
49.433,0,1.699
49.434,0,1.699
49.435,0,1.699
49.436,0,1.699
49.437,0,1.699
49.438,0,1.699
49.439,0,1.699
49.44,0,1.699
49.441,0,1.699
49.442,0,1.699
49.443,0,1.699
49.444,0,1.699
49.445,0,1.699
49.446,0,1.699
49.447,0,1.699
49.448,0,1.699
49.449,0,1.699
49.45,0,1.699
49.451,0,1.699
49.452,0,1.699
49.453,0,1.699
49.454,0,1.699
49.455,0,1.699
49.456,0,1.699
49.457,0,1.699
49.458,0,1.699
49.459,0,1.699
49.46,0,1.699
49.461,0,1.699
49.462,0,1.699
49.463,0,1.699
49.464,0,1.699
49.465,0,1.699
49.466,0,1.699
49.467,0,1.699
49.468,0,1.699
49.469,0,1.699
49.47,0,1.699
49.471,0,1.699
49.472,0,1.699
49.473,0,1.699
49.474,0,1.699
49.475,0,1.699
49.476,0,1.699
49.477,0,1.699
49.478,0,1.699
49.479,0,1.699
49.48,0,1.699
49.481,0,1.699
49.482,0,1.699
49.483,0,1.699
49.484,0,1.699
49.485,0,1.699
49.486,0,1.699
49.487,0,1.699
49.488,0,1.699
49.489,0,1.699
49.49,0,1.699
49.491,0,1.699
49.492,0,1.699
49.493,0,1.699
49.494,0,1.699
49.495,0,1.699
49.496,0,1.699
49.497,0,1.699
49.498,0,1.699
49.499,0,1.699
49.5,0,1.699
49.501,0,1.699
49.502,0,1.699
49.503,0,1.699
49.504,0,1.699
49.505,0,1.699
49.506,0,1.699
49.507,0,1.699
49.508,0,1.699
49.509,0,1.699
49.51,0,1.699
49.511,0,1.699
49.512,0,1.699
49.513,0,1.699
49.514,0,1.699
49.515,0,1.699
49.516,0,1.699
49.517,0,1.699
49.518,0,1.699
49.519,0,1.699
49.52,0,1.699
49.521,0,1.699
49.522,0,1.699
49.523,0,1.699
49.524,0,1.699
49.525,0,1.699
49.526,0,1.699
49.527,0,1.699
49.528,0,1.699
49.529,0,1.699
49.53,0,1.699
49.531,0,1.699
49.532,0,1.699
49.533,0,1.699
49.534,0,1.699
49.535,0,1.699
49.536,0,1.699
49.537,0,1.699
49.538,0,1.699
49.539,0,1.699
49.54,0,1.699
49.541,0,1.699
49.542,0,1.699
49.543,0,1.699
49.544,0,1.699
49.545,0,1.699
49.546,0,1.699
49.547,0,1.699
49.548,0,1.699
49.549,0,1.699
49.55,0,1.699
49.551,0,1.699
49.552,0,1.699
49.553,0,1.699
49.554,0,1.699
49.555,0,1.699
49.556,0,1.699
49.557,0,1.699
49.558,0,1.699
49.559,0,1.699
49.56,0,1.699
49.561,0,1.699
49.562,0,1.699
49.563,0,1.699
49.564,0,1.699
49.565,0,1.699
49.566,0,1.699
49.567,0,1.699
49.568,0,1.699
49.569,0,1.699
49.57,0,1.699
49.571,0,1.699
49.572,0,1.699
49.573,0,1.699
49.574,0,1.699
49.575,0,1.699
49.576,0,1.699
49.577,0,1.699
49.578,0,1.699
49.579,0,1.699
49.58,0,1.699
49.581,0,1.699
49.582,0,1.699
49.583,0,1.699
49.584,0,1.699
49.585,0,1.699
49.586,0,1.699
49.587,0,1.699
49.588,0,1.699
49.589,0,1.699
49.59,0,1.699
49.591,0,1.699
49.592,0,1.699
49.593,0,1.699
49.594,0,1.699
49.595,0,1.699
49.596,0,1.699
49.597,0,1.699
49.598,0,1.699
49.599,0,1.699
49.6,0,1.699
49.601,0,1.699
49.602,0,1.699
49.603,0,1.699
49.604,0,1.699
49.605,0,1.699
49.606,0,1.699
49.607,0,1.699
49.608,0,1.699
49.609,0,1.699
49.61,0,1.699
49.611,0,1.699
49.612,0,1.699
49.613,0,1.699
49.614,0,1.699
49.615,0,1.699
49.616,0,1.699
49.617,0,1.699
49.618,0,1.699
49.619,0,1.699
49.62,0,1.699
49.621,0,1.699
49.622,0,1.699
49.623,0,1.699
49.624,0,1.699
49.625,0,1.699
49.626,0,1.699
49.627,0,1.699
49.628,0,1.699
49.629,0,1.699
49.63,0,1.699
49.631,0,1.699
49.632,0,1.699
49.633,0,1.699
49.634,0,1.699
49.635,0,1.699
49.636,0,1.699
49.637,0,1.699
49.638,0,1.699
49.639,0,1.699
49.64,0,1.699
49.641,0,1.699
49.642,0,1.699
49.643,0,1.699
49.644,0,1.699
49.645,0,1.699
49.646,0,1.699
49.647,0,1.699
49.648,0,1.699
49.649,0,1.699
49.65,0,1.699
49.651,0,1.699
49.652,0,1.699
49.653,0,1.699
49.654,0,1.699
49.655,0,1.699
49.656,0,1.699
49.657,0,1.699
49.658,0,1.699
49.659,0,1.699
49.66,0,1.699
49.661,0,1.699
49.662,0,1.699
49.663,0,1.699
49.664,0,1.699
49.665,0,1.699
49.666,0,1.699
49.667,0,1.699
49.668,0,1.699
49.669,0,1.699
49.67,0,1.699
49.671,0,1.699
49.672,0,1.699
49.673,0,1.699
49.674,0,1.699
49.675,0,1.699
49.676,0,1.699
49.677,0,1.699
49.678,0,1.699
49.679,0,1.699
49.68,0,1.699
49.681,0,1.699
49.682,0,1.699
49.683,0,1.699
49.684,0,1.699
49.685,0,1.699
49.686,0,1.699
49.687,0,1.699
49.688,0,1.699
49.689,0,1.699
49.69,0,1.699
49.691,0,1.699
49.692,0,1.699
49.693,0,1.699
49.694,0,1.699
49.695,0,1.699
49.696,0,1.699
49.697,0,1.699
49.698,0,1.699
49.699,0,1.699
49.7,0,1.699
49.701,0,1.699
49.702,0,1.699
49.703,0,1.699
49.704,0,1.699
49.705,0,1.699
49.706,0,1.699
49.707,0,1.699
49.708,0,1.699
49.709,0,1.699
49.71,0,1.699
49.711,0,1.699
49.712,0,1.699
49.713,0,1.699
49.714,0,1.699
49.715,0,1.699
49.716,0,1.699
49.717,0,1.699
49.718,0,1.699
49.719,0,1.699
49.72,0,1.699
49.721,0,1.699
49.722,0,1.699
49.723,0,1.699
49.724,0,1.699
49.725,0,1.699
49.726,0,1.699
49.727,0,1.699
49.728,0,1.699
49.729,0,1.699
49.73,0,1.699
49.731,0,1.699
49.732,0,1.699
49.733,0,1.699
49.734,0,1.699
49.735,0,1.699
49.736,0,1.699
49.737,0,1.699
49.738,0,1.699
49.739,0,1.699
49.74,0,1.699
49.741,0,1.699
49.742,0,1.699
49.743,0,1.699
49.744,0,1.699
49.745,0,1.699
49.746,0,1.699
49.747,0,1.699
49.748,0,1.699
49.749,0,1.699
49.75,0,1.699
49.751,0,1.699
49.752,0,1.699
49.753,0,1.699
49.754,0,1.699
49.755,0,1.699
49.756,0,1.699
49.757,0,1.699
49.758,0,1.699
49.759,0,1.699
49.76,0,1.699
49.761,0,1.699
49.762,0,1.699
49.763,0,1.699
49.764,0,1.699
49.765,0,1.699
49.766,0,1.699
49.767,0,1.699
49.768,0,1.699
49.769,0,1.699
49.77,0,1.699
49.771,0,1.699
49.772,0,1.699
49.773,0,1.699
49.774,0,1.699
49.775,0,1.699
49.776,0,1.699
49.777,0,1.699
49.778,0,1.699
49.779,0,1.699
49.78,0,1.699
49.781,0,1.699
49.782,0,1.699
49.783,0,1.699
49.784,0,1.699
49.785,0,1.699
49.786,0,1.699
49.787,0,1.699
49.788,0,1.699
49.789,0,1.699
49.79,0,1.699
49.791,0,1.699
49.792,0,1.699
49.793,0,1.699
49.794,0,1.699
49.795,0,1.699
49.796,0,1.699
49.797,0,1.699
49.798,0,1.699
49.799,0,1.699
49.8,0,1.699
49.801,0,1.699
49.802,0,1.699
49.803,0,1.699
49.804,0,1.699
49.805,0,1.699
49.806,0,1.699
49.807,0,1.699
49.808,0,1.699
49.809,0,1.699
49.81,0,1.699
49.811,0,1.699
49.812,0,1.699
49.813,0,1.699
49.814,0,1.699
49.815,0,1.699
49.816,0,1.699
49.817,0,1.699
49.818,0,1.699
49.819,0,1.699
49.82,0,1.699
49.821,0,1.699
49.822,0,1.699
49.823,0,1.699
49.824,0,1.699
49.825,0,1.699
49.826,0,1.699
49.827,0,1.699
49.828,0,1.699
49.829,0,1.699
49.83,0,1.699
49.831,0,1.699
49.832,0,1.699
49.833,0,1.699
49.834,0,1.699
49.835,0,1.699
49.836,0,1.699
49.837,0,1.699
49.838,0,1.699
49.839,0,1.699
49.84,0,1.699
49.841,0,1.699
49.842,0,1.699
49.843,0,1.699
49.844,0,1.699
49.845,0,1.699
49.846,0,1.699
49.847,0,1.699
49.848,0,1.699
49.849,0,1.699
49.85,0,1.699
49.851,0,1.699
49.852,0,1.699
49.853,0,1.699
49.854,0,1.699
49.855,0,1.699
49.856,0,1.699
49.857,0,1.699
49.858,0,1.699
49.859,0,1.699
49.86,0,1.699
49.861,0,1.699
49.862,0,1.699
49.863,0,1.699
49.864,0,1.699
49.865,0,1.699
49.866,0,1.699
49.867,0,1.699
49.868,0,1.699
49.869,0,1.699
49.87,0,1.699
49.871,0,1.699
49.872,0,1.699
49.873,0,1.699
49.874,0,1.699
49.875,0,1.699
49.876,0,1.699
49.877,0,1.699
49.878,0,1.699
49.879,0,1.699
49.88,0,1.699
49.881,0,1.699
49.882,0,1.699
49.883,0,1.699
49.884,0,1.699
49.885,0,1.699
49.886,0,1.699
49.887,0,1.699
49.888,0,1.699
49.889,0,1.699
49.89,0,1.699
49.891,0,1.699
49.892,0,1.699
49.893,0,1.699
49.894,0,1.699
49.895,0,1.699
49.896,0,1.699
49.897,0,1.699
49.898,0,1.699
49.899,0,1.699
49.9,0,1.699
49.901,0,1.699
49.902,0,1.699
49.903,0,1.699
49.904,0,1.699
49.905,0,1.699
49.906,0,1.699
49.907,0,1.699
49.908,0,1.699
49.909,0,1.699
49.91,0,1.699
49.911,0,1.699
49.912,0,1.699
49.913,0,1.699
49.914,0,1.699
49.915,0,1.699
49.916,0,1.699
49.917,0,1.699
49.918,0,1.699
49.919,0,1.699
49.92,0,1.699
49.921,0,1.699
49.922,0,1.699
49.923,0,1.699
49.924,0,1.699
49.925,0,1.699
49.926,0,1.699
49.927,0,1.699
49.928,0,1.699
49.929,0,1.699
49.93,0,1.699
49.931,0,1.699
49.932,0,1.699
49.933,0,1.699
49.934,0,1.699
49.935,0,1.699
49.936,0,1.699
49.937,0,1.699
49.938,0,1.699
49.939,0,1.699
49.94,0,1.699
49.941,0,1.699
49.942,0,1.699
49.943,0,1.699
49.944,0,1.699
49.945,0,1.699
49.946,0,1.699
49.947,0,1.699
49.948,0,1.699
49.949,0,1.699
49.95,0,1.699
49.951,0,1.699
49.952,0,1.699
49.953,0,1.699
49.954,0,1.699
49.955,0,1.699
49.956,0,1.699
49.957,0,1.699
49.958,0,1.699
49.959,0,1.699
49.96,0,1.699
49.961,0,1.699
49.962,0,1.699
49.963,0,1.699
49.964,0,1.699
49.965,0,1.699
49.966,0,1.699
49.967,0,1.699
49.968,0,1.699
49.969,0,1.699
49.97,0,1.699
49.971,0,1.699
49.972,0,1.699
49.973,0,1.699
49.974,0,1.699
49.975,0,1.699
49.976,0,1.699
49.977,0,1.699
49.978,0,1.699
49.979,0,1.699
49.98,0,1.699
49.981,0,1.699
49.982,0,1.699
49.983,0,1.699
49.984,0,1.699
49.985,0,1.699
49.986,0,1.699
49.987,0,1.699
49.988,0,1.699
49.989,0,1.699
49.99,0,1.699
49.991,0,1.699
49.992,0,1.699
49.993,0,1.699
49.994,0,1.699
49.995,0,1.699
49.996,0,1.699
49.997,0,1.699
49.998,0,1.699
49.999,0,1.699
50,0,1.699
50.001,0,1.699
50.002,0,1.699
50.003,0,1.699
50.004,0,1.699
50.005,0,1.699
50.006,0,1.699
50.007,0,1.699
50.008,0,1.699
50.009,0,1.699
50.01,0,1.699
50.011,0,1.699
50.012,0,1.699
50.013,0,1.699
50.014,0,1.699
50.015,0,1.699
50.016,0,1.699
50.017,0,1.699
50.018,0,1.699
50.019,0,1.699
50.02,0,1.699
50.021,0,1.699
50.022,0,1.699
50.023,0,1.699
50.024,0,1.699
50.025,0,1.699
50.026,0,1.699
50.027,0,1.699
50.028,0,1.699
50.029,0,1.699
50.03,0,1.699
50.031,0,1.699
50.032,0,1.699
50.033,0,1.699
50.034,0,1.699
50.035,0,1.699
50.036,0,1.699
50.037,0,1.699
50.038,0,1.699
50.039,0,1.699
50.04,0,1.699
50.041,0,1.699
50.042,0,1.699
50.043,0,1.699
50.044,0,1.699
50.045,0,1.699
50.046,0,1.699
50.047,0,1.699
50.048,0,1.699
50.049,0,1.699
50.05,0,1.699
50.051,0,1.699
50.052,0,1.699
50.053,0,1.699
50.054,0,1.699
50.055,0,1.699
50.056,0,1.699
50.057,0,1.699
50.058,0,1.699
50.059,0,1.699
50.06,0,1.699
50.061,0,1.699
50.062,0,1.699
50.063,0,1.699
50.064,0,1.699
50.065,0,1.699
50.066,0,1.699
50.067,0,1.699
50.068,0,1.699
50.069,0,1.699
50.07,0,1.699
50.071,0,1.699
50.072,0,1.699
50.073,0,1.699
50.074,0,1.699
50.075,0,1.699
50.076,0,1.699
50.077,0,1.699
50.078,0,1.699
50.079,0,1.699
50.08,0,1.699
50.081,0,1.699
50.082,0,1.699
50.083,0,1.699
50.084,0,1.699
50.085,0,1.699
50.086,0,1.699
50.087,0,1.699
50.088,0,1.699
50.089,0,1.699
50.09,0,1.699
50.091,0,1.699
50.092,0,1.699
50.093,0,1.699
50.094,0,1.699
50.095,0,1.699
50.096,0,1.699
50.097,0,1.699
50.098,0,1.699
50.099,0,1.699
50.1,0,1.699
50.101,0,1.699
50.102,0,1.699
50.103,0,1.699
50.104,0,1.699
50.105,0,1.699
50.106,0,1.699
50.107,0,1.699
50.108,0,1.699
50.109,0,1.699
50.11,0,1.699
50.111,0,1.699
50.112,0,1.699
50.113,0,1.699
50.114,0,1.699
50.115,0,1.699
50.116,0,1.699
50.117,0,1.699
50.118,0,1.699
50.119,0,1.699
50.12,0,1.699
50.121,0,1.699
50.122,0,1.699
50.123,0,1.699
50.124,0,1.699
50.125,0,1.699
50.126,0,1.699
50.127,0,1.699
50.128,0,1.699
50.129,0,1.699
50.13,0,1.699
50.131,0,1.699
50.132,0,1.699
50.133,0,1.699
50.134,0,1.699
50.135,0,1.699
50.136,0,1.699
50.137,0,1.699
50.138,0,1.699
50.139,0,1.699
50.14,0,1.699
50.141,0,1.699
50.142,0,1.699
50.143,0,1.699
50.144,0,1.699
50.145,0,1.699
50.146,0,1.699
50.147,0,1.699
50.148,0,1.699
50.149,0,1.699
50.15,0,1.699
50.151,0,1.699
50.152,0,1.699
50.153,0,1.699
50.154,0,1.699
50.155,0,1.699
50.156,0,1.699
50.157,0,1.699
50.158,0,1.699
50.159,0,1.699
50.16,0,1.699
50.161,0,1.699
50.162,0,1.699
50.163,0,1.699
50.164,0,1.699
50.165,0,1.699
50.166,0,1.699
50.167,0,1.699
50.168,0,1.699
50.169,0,1.699
50.17,0,1.699
50.171,0,1.699
50.172,0,1.699
50.173,0,1.699
50.174,0,1.699
50.175,0,1.699
50.176,0,1.699
50.177,0,1.699
50.178,0,1.699
50.179,0,1.699
50.18,0,1.699
50.181,0,1.699
50.182,0,1.699
50.183,0,1.699
50.184,0,1.699
50.185,0,1.699
50.186,0,1.699
50.187,0,1.699
50.188,0,1.699
50.189,0,1.699
50.19,0,1.699
50.191,0,1.699
50.192,0,1.699
50.193,0,1.699
50.194,0,1.699
50.195,0,1.699
50.196,0,1.699
50.197,0,1.699
50.198,0,1.699
50.199,0,1.699
50.2,0,1.699
50.201,0,1.699
50.202,0,1.699
50.203,0,1.699
50.204,0,1.699
50.205,0,1.699
50.206,0,1.699
50.207,0,1.699
50.208,0,1.699
50.209,0,1.699
50.21,0,1.699
50.211,0,1.699
50.212,0,1.699
50.213,0,1.699
50.214,0,1.699
50.215,0,1.699
50.216,0,1.699
50.217,0,1.699
50.218,0,1.699
50.219,0,1.699
50.22,0,1.699
50.221,0,1.699
50.222,0,1.699
50.223,0,1.699
50.224,0,1.699
50.225,0,1.699
50.226,0,1.699
50.227,0,1.699
50.228,0,1.699
50.229,0,1.699
50.23,0,1.699
50.231,0,1.699
50.232,0,1.699
50.233,0,1.699
50.234,0,1.699
50.235,0,1.699
50.236,0,1.699
50.237,0,1.699
50.238,0,1.699
50.239,0,1.699
50.24,0,1.699
50.241,0,1.699
50.242,0,1.699
50.243,0,1.699
50.244,0,1.699
50.245,0,1.699
50.246,0,1.699
50.247,0,1.699
50.248,0,1.699
50.249,0,1.699
50.25,0,1.699
50.251,0,1.699
50.252,0,1.699
50.253,0,1.699
50.254,0,1.699
50.255,0,1.699
50.256,0,1.699
50.257,0,1.699
50.258,0,1.699
50.259,0,1.699
50.26,0,1.699
50.261,0,1.699
50.262,0,1.699
50.263,0,1.699
50.264,0,1.699
50.265,0,1.699
50.266,0,1.699
50.267,0,1.699
50.268,0,1.699
50.269,0,1.699
50.27,0,1.699
50.271,0,1.699
50.272,0,1.699
50.273,0,1.699
50.274,0,1.699
50.275,0,1.699
50.276,0,1.699
50.277,0,1.699
50.278,0,1.699
50.279,0,1.699
50.28,0,1.699
50.281,0,1.699
50.282,0,1.699
50.283,0,1.699
50.284,0,1.699
50.285,0,1.699
50.286,0,1.699
50.287,0,1.699
50.288,0,1.699
50.289,0,1.699
50.29,0,1.699
50.291,0,1.699
50.292,0,1.699
50.293,0,1.699
50.294,0,1.699
50.295,0,1.699
50.296,0,1.699
50.297,0,1.699
50.298,0,1.699
50.299,0,1.699
50.3,0,1.699
50.301,0,1.699
50.302,0,1.699
50.303,0,1.699
50.304,0,1.699
50.305,0,1.699
50.306,0,1.699
50.307,0,1.699
50.308,0,1.699
50.309,0,1.699
50.31,0,1.699
50.311,0,1.699
50.312,0,1.699
50.313,0,1.699
50.314,0,1.699
50.315,0,1.699
50.316,0,1.699
50.317,0,1.699
50.318,0,1.699
50.319,0,1.699
50.32,0,1.699
50.321,0,1.699
50.322,0,1.699
50.323,0,1.699
50.324,0,1.699
50.325,0,1.699
50.326,0,1.699
50.327,0,1.699
50.328,0,1.699
50.329,0,1.699
50.33,0,1.699
50.331,0,1.699
50.332,0,1.699
50.333,0,1.699
50.334,0,1.699
50.335,0,1.699
50.336,0,1.699
50.337,0,1.699
50.338,0,1.699
50.339,0,1.699
50.34,0,1.699
50.341,0,1.699
50.342,0,1.699
50.343,0,1.699
50.344,0,1.699
50.345,0,1.699
50.346,0,1.699
50.347,0,1.699
50.348,0,1.699
50.349,0,1.699
50.35,0,1.699
50.351,0,1.699
50.352,0,1.699
50.353,0,1.699
50.354,0,1.699
50.355,0,1.699
50.356,0,1.699
50.357,0,1.699
50.358,0,1.699
50.359,0,1.699
50.36,0,1.699
50.361,0,1.699
50.362,0,1.699
50.363,0,1.699
50.364,0,1.699
50.365,0,1.699
50.366,0,1.699
50.367,0,1.699
50.368,0,1.699
50.369,0,1.699
50.37,0,1.699
50.371,0,1.699
50.372,0,1.699
50.373,0,1.699
50.374,0,1.699
50.375,0,1.699
50.376,0,1.699
50.377,0,1.699
50.378,0,1.699
50.379,0,1.699
50.38,0,1.699
50.381,0,1.699
50.382,0,1.699
50.383,0,1.699
50.384,0,1.699
50.385,0,1.699
50.386,0,1.699
50.387,0,1.699
50.388,0,1.699
50.389,0,1.699
50.39,0,1.699
50.391,0,1.699
50.392,0,1.699
50.393,0,1.699
50.394,0,1.699
50.395,0,1.699
50.396,0,1.699
50.397,0,1.699
50.398,0,1.699
50.399,0,1.699
50.4,0,1.699
50.401,0,1.699
50.402,0,1.699
50.403,0,1.699
50.404,0,1.699
50.405,0,1.699
50.406,0,1.699
50.407,0,1.699
50.408,0,1.699
50.409,0,1.699
50.41,0,1.699
50.411,0,1.699
50.412,0,1.699
50.413,0,1.699
50.414,0,1.699
50.415,0,1.699
50.416,0,1.699
50.417,0,1.699
50.418,0,1.699
50.419,0,1.699
50.42,0,1.699
50.421,0,1.699
50.422,0,1.699
50.423,0,1.699
50.424,0,1.699
50.425,0,1.699
50.426,0,1.699
50.427,0,1.699
50.428,0,1.699
50.429,0,1.699
50.43,0,1.699
50.431,0,1.699
50.432,0,1.699
50.433,0,1.699
50.434,0,1.699
50.435,0,1.699
50.436,0,1.699
50.437,0,1.699
50.438,0,1.699
50.439,0,1.699
50.44,0,1.699
50.441,0,1.699
50.442,0,1.699
50.443,0,1.699
50.444,0,1.699
50.445,0,1.699
50.446,0,1.699
50.447,0,1.699
50.448,0,1.699
50.449,0,1.699
50.45,0,1.699
50.451,0,1.699
50.452,0,1.699
50.453,0,1.699
50.454,0,1.699
50.455,0,1.699
50.456,0,1.699
50.457,0,1.699
50.458,0,1.699
50.459,0,1.699
50.46,0,1.699
50.461,0,1.699
50.462,0,1.699
50.463,0,1.699
50.464,0,1.699
50.465,0,1.699
50.466,0,1.699
50.467,0,1.699
50.468,0,1.699
50.469,0,1.699
50.47,0,1.699
50.471,0,1.699
50.472,0,1.699
50.473,0,1.699
50.474,0,1.699
50.475,0,1.699
50.476,0,1.699
50.477,0,1.699
50.478,0,1.699
50.479,0,1.699
50.48,0,1.699
50.481,0,1.699
50.482,0,1.699
50.483,0,1.699
50.484,0,1.699
50.485,0,1.699
50.486,0,1.699
50.487,0,1.699
50.488,0,1.699
50.489,0,1.699
50.49,0,1.699
50.491,0,1.699
50.492,0,1.699
50.493,0,1.699
50.494,0,1.699
50.495,0,1.699
50.496,0,1.699
50.497,0,1.699
50.498,0,1.699
50.499,0,1.699
50.5,0,1.699
50.501,0,1.699
50.502,0,1.699
50.503,0,1.699
50.504,0,1.699
50.505,0,1.699
50.506,0,1.699
50.507,0,1.699
50.508,0,1.699
50.509,0,1.699
50.51,0,1.699
50.511,0,1.699
50.512,0,1.699
50.513,0,1.699
50.514,0,1.699
50.515,0,1.699
50.516,0,1.699
50.517,0,1.699
50.518,0,1.699
50.519,0,1.699
50.52,0,1.699
50.521,0,1.699
50.522,0,1.699
50.523,0,1.699
50.524,0,1.699
50.525,0,1.699
50.526,0,1.699
50.527,0,1.699
50.528,0,1.699
50.529,0,1.699
50.53,0,1.699
50.531,0,1.699
50.532,0,1.699
50.533,0,1.699
50.534,0,1.699
50.535,0,1.699
50.536,0,1.699
50.537,0,1.699
50.538,0,1.699
50.539,0,1.699
50.54,0,1.699
50.541,0,1.699
50.542,0,1.699
50.543,0,1.699
50.544,0,1.699
50.545,0,1.699
50.546,0,1.699
50.547,0,1.699
50.548,0,1.699
50.549,0,1.699
50.55,0,1.699
50.551,0,1.699
50.552,0,1.699
50.553,0,1.699
50.554,0,1.699
50.555,0,1.699
50.556,0,1.699
50.557,0,1.699
50.558,0,1.699
50.559,0,1.699
50.56,0,1.699
50.561,0,1.699
50.562,0,1.699
50.563,0,1.699
50.564,0,1.699
50.565,0,1.699
50.566,0,1.699
50.567,0,1.699
50.568,0,1.699
50.569,0,1.699
50.57,0,1.699
50.571,0,1.699
50.572,0,1.699
50.573,0,1.699
50.574,0,1.699
50.575,0,1.699
50.576,0,1.699
50.577,0,1.699
50.578,0,1.699
50.579,0,1.699
50.58,0,1.699
50.581,0,1.699
50.582,0,1.699
50.583,0,1.699
50.584,0,1.699
50.585,0,1.699
50.586,0,1.699
50.587,0,1.699
50.588,0,1.699
50.589,0,1.699
50.59,0,1.699
50.591,0,1.699
50.592,0,1.699
50.593,0,1.699
50.594,0,1.699
50.595,0,1.699
50.596,0,1.699
50.597,0,1.699
50.598,0,1.699
50.599,0,1.699
50.6,0,1.699
50.601,0,1.699
50.602,0,1.699
50.603,0,1.699
50.604,0,1.699
50.605,0,1.699
50.606,0,1.699
50.607,0,1.699
50.608,0,1.699
50.609,0,1.699
50.61,0,1.699
50.611,0,1.699
50.612,0,1.699
50.613,0,1.699
50.614,0,1.699
50.615,0,1.699
50.616,0,1.699
50.617,0,1.699
50.618,0,1.699
50.619,0,1.699
50.62,0,1.699
50.621,0,1.699
50.622,0,1.699
50.623,0,1.699
50.624,0,1.699
50.625,0,1.699
50.626,0,1.699
50.627,0,1.699
50.628,0,1.699
50.629,0,1.699
50.63,0,1.699
50.631,0,1.699
50.632,0,1.699
50.633,0,1.699
50.634,0,1.699
50.635,0,1.699
50.636,0,1.699
50.637,0,1.699
50.638,0,1.699
50.639,0,1.699
50.64,0,1.699
50.641,0,1.699
50.642,0,1.699
50.643,0,1.699
50.644,0,1.699
50.645,0,1.699
50.646,0,1.699
50.647,0,1.699
50.648,0,1.699
50.649,0,1.699
50.65,0,1.699
50.651,0,1.699
50.652,0,1.699
50.653,0,1.699
50.654,0,1.699
50.655,0,1.699
50.656,0,1.699
50.657,0,1.699
50.658,0,1.699
50.659,0,1.699
50.66,0,1.699
50.661,0,1.699
50.662,0,1.699
50.663,0,1.699
50.664,0,1.699
50.665,0,1.699
50.666,0,1.699
50.667,0,1.699
50.668,0,1.699
50.669,0,1.699
50.67,0,1.699
50.671,0,1.699
50.672,0,1.699
50.673,0,1.699
50.674,0,1.699
50.675,0,1.699
50.676,0,1.699
50.677,0,1.699
50.678,0,1.699
50.679,0,1.699
50.68,0,1.699
50.681,0,1.699
50.682,0,1.699
50.683,0,1.699
50.684,0,1.699
50.685,0,1.699
50.686,0,1.699
50.687,0,1.699
50.688,0,1.699
50.689,0,1.699
50.69,0,1.699
50.691,0,1.699
50.692,0,1.699
50.693,0,1.699
50.694,0,1.699
50.695,0,1.699
50.696,0,1.699
50.697,0,1.699
50.698,0,1.699
50.699,0,1.699
50.7,0,1.699
50.701,0,1.699
50.702,0,1.699
50.703,0,1.699
50.704,0,1.699
50.705,0,1.699
50.706,0,1.699
50.707,0,1.699
50.708,0,1.699
50.709,0,1.699
50.71,0,1.699
50.711,0,1.699
50.712,0,1.699
50.713,0,1.699
50.714,0,1.699
50.715,0,1.699
50.716,0,1.699
50.717,0,1.699
50.718,0,1.699
50.719,0,1.699
50.72,0,1.699
50.721,0,1.699
50.722,0,1.699
50.723,0,1.699
50.724,0,1.699
50.725,0,1.699
50.726,0,1.699
50.727,0,1.699
50.728,0,1.699
50.729,0,1.699
50.73,0,1.699
50.731,0,1.699
50.732,0,1.699
50.733,0,1.699
50.734,0,1.699
50.735,0,1.699
50.736,0,1.699
50.737,0,1.699
50.738,0,1.699
50.739,0,1.699
50.74,0,1.699
50.741,0,1.699
50.742,0,1.699
50.743,0,1.699
50.744,0,1.699
50.745,0,1.699
50.746,0,1.699
50.747,0,1.699
50.748,0,1.699
50.749,0,1.699
50.75,0,1.699
50.751,0,1.699
50.752,0,1.699
50.753,0,1.699
50.754,0,1.699
50.755,0,1.699
50.756,0,1.699
50.757,0,1.699
50.758,0,1.699
50.759,0,1.699
50.76,0,1.699
50.761,0,1.699
50.762,0,1.699
50.763,0,1.699
50.764,0,1.699
50.765,0,1.699
50.766,0,1.699
50.767,0,1.699
50.768,0,1.699
50.769,0,1.699
50.77,0,1.699
50.771,0,1.699
50.772,0,1.699
50.773,0,1.699
50.774,0,1.699
50.775,0,1.699
50.776,0,1.699
50.777,0,1.699
50.778,0,1.699
50.779,0,1.699
50.78,0,1.699
50.781,0,1.699
50.782,0,1.699
50.783,0,1.699
50.784,0,1.699
50.785,0,1.699
50.786,0,1.699
50.787,0,1.699
50.788,0,1.699
50.789,0,1.699
50.79,0,1.699
50.791,0,1.699
50.792,0,1.699
50.793,0,1.699
50.794,0,1.699
50.795,0,1.699
50.796,0,1.699
50.797,0,1.699
50.798,0,1.699
50.799,0,1.699
50.8,0,1.699
50.801,0,1.699
50.802,0,1.699
50.803,0,1.699
50.804,0,1.699
50.805,0,1.699
50.806,0,1.699
50.807,0,1.699
50.808,0,1.699
50.809,0,1.699
50.81,0,1.699
50.811,0,1.699
50.812,0,1.699
50.813,0,1.699
50.814,0,1.699
50.815,0,1.699
50.816,0,1.699
50.817,0,1.699
50.818,0,1.699
50.819,0,1.699
50.82,0,1.699
50.821,0,1.699
50.822,0,1.699
50.823,0,1.699
50.824,0,1.699
50.825,0,1.699
50.826,0,1.699
50.827,0,1.699
50.828,0,1.699
50.829,0,1.699
50.83,0,1.699
50.831,0,1.699
50.832,0,1.699
50.833,0,1.699
50.834,0,1.699
50.835,0,1.699
50.836,0,1.699
50.837,0,1.699
50.838,0,1.699
50.839,0,1.699
50.84,0,1.699
50.841,0,1.699
50.842,0,1.699
50.843,0,1.699
50.844,0,1.699
50.845,0,1.699
50.846,0,1.699
50.847,0,1.699
50.848,0,1.699
50.849,0,1.699
50.85,0,1.699
50.851,0,1.699
50.852,0,1.699
50.853,0,1.699
50.854,0,1.699
50.855,0,1.699
50.856,0,1.699
50.857,0,1.699
50.858,0,1.699
50.859,0,1.699
50.86,0,1.699
50.861,0,1.699
50.862,0,1.699
50.863,0,1.699
50.864,0,1.699
50.865,0,1.699
50.866,0,1.699
50.867,0,1.699
50.868,0,1.699
50.869,0,1.699
50.87,0,1.699
50.871,0,1.699
50.872,0,1.699
50.873,0,1.699
50.874,0,1.699
50.875,0,1.699
50.876,0,1.699
50.877,0,1.699
50.878,0,1.699
50.879,0,1.699
50.88,0,1.699
50.881,0,1.699
50.882,0,1.699
50.883,0,1.699
50.884,0,1.699
50.885,0,1.699
50.886,0,1.699
50.887,0,1.699
50.888,0,1.699
50.889,0,1.699
50.89,0,1.699
50.891,0,1.699
50.892,0,1.699
50.893,0,1.699
50.894,0,1.699
50.895,0,1.699
50.896,0,1.699
50.897,0,1.699
50.898,0,1.699
50.899,0,1.699
50.9,0,1.699
50.901,0,1.699
50.902,0,1.699
50.903,0,1.699
50.904,0,1.699
50.905,0,1.699
50.906,0,1.699
50.907,0,1.699
50.908,0,1.699
50.909,0,1.699
50.91,0,1.699
50.911,0,1.699
50.912,0,1.699
50.913,0,1.699
50.914,0,1.699
50.915,0,1.699
50.916,0,1.699
50.917,0,1.699
50.918,0,1.699
50.919,0,1.699
50.92,0,1.699
50.921,0,1.699
50.922,0,1.699
50.923,0,1.699
50.924,0,1.699
50.925,0,1.699
50.926,0,1.699
50.927,0,1.699
50.928,0,1.699
50.929,0,1.699
50.93,0,1.699
50.931,0,1.699
50.932,0,1.699
50.933,0,1.699
50.934,0,1.699
50.935,0,1.699
50.936,0,1.699
50.937,0,1.699
50.938,0,1.699
50.939,0,1.699
50.94,0,1.699
50.941,0,1.699
50.942,0,1.699
50.943,0,1.699
50.944,0,1.699
50.945,0,1.699
50.946,0,1.699
50.947,0,1.699
50.948,0,1.699
50.949,0,1.699
50.95,0,1.699
50.951,0,1.699
50.952,0,1.699
50.953,0,1.699
50.954,0,1.699
50.955,0,1.699
50.956,0,1.699
50.957,0,1.699
50.958,0,1.699
50.959,0,1.699
50.96,0,1.699
50.961,0,1.699
50.962,0,1.699
50.963,0,1.699
50.964,0,1.699
50.965,0,1.699
50.966,0,1.699
50.967,0,1.699
50.968,0,1.699
50.969,0,1.699
50.97,0,1.699
50.971,0,1.699
50.972,0,1.699
50.973,0,1.699
50.974,0,1.699
50.975,0,1.699
50.976,0,1.699
50.977,0,1.699
50.978,0,1.699
50.979,0,1.699
50.98,0,1.699
50.981,0,1.699
50.982,0,1.699
50.983,0,1.699
50.984,0,1.699
50.985,0,1.699
50.986,0,1.699
50.987,0,1.699
50.988,0,1.699
50.989,0,1.699
50.99,0,1.699
50.991,0,1.699
50.992,0,1.699
50.993,0,1.699
50.994,0,1.699
50.995,0,1.699
50.996,0,1.699
50.997,0,1.699
50.998,0,1.699
50.999,0,1.699
51,0.2,0.301000000000002
51.001,0.2,0.301000000000002
51.002,0.2,0.301000000000002
51.003,0.2,0.301000000000002
51.004,0.2,0.301000000000002
51.005,0.2,0.301000000000002
51.006,0.2,0.301000000000002
51.007,0.2,0.301000000000002
51.008,0.2,0.301000000000002
51.009,0.2,0.301000000000002
51.01,0.2,0.301000000000002
51.011,0.2,0.301000000000002
51.012,0.2,0.301000000000002
51.013,0.2,0.301000000000002
51.014,0.2,0.301000000000002
51.015,0.2,0.301000000000002
51.016,0.2,0.301000000000002
51.017,0.2,0.301000000000002
51.018,0.2,0.301000000000002
51.019,0.2,0.301000000000002
51.02,0.2,0.301000000000002
51.021,0.2,0.301000000000002
51.022,0.2,0.301000000000002
51.023,0.2,0.301000000000002
51.024,0.2,0.301000000000002
51.025,0.2,0.301000000000002
51.026,0.2,0.301000000000002
51.027,0.2,0.301000000000002
51.028,0.2,0.301000000000002
51.029,0.2,0.301000000000002
51.03,0.2,0.301000000000002
51.031,0.2,0.301000000000002
51.032,0.2,0.301000000000002
51.033,0.2,0.301000000000002
51.034,0.2,0.301000000000002
51.035,0.2,0.301000000000002
51.036,0.2,0.301000000000002
51.037,0.2,0.301000000000002
51.038,0.2,0.301000000000002
51.039,0.2,0.301000000000002
51.04,0.2,0.301000000000002
51.041,0.2,0.301000000000002
51.042,0.2,0.301000000000002
51.043,0.2,0.301000000000002
51.044,0.2,0.301000000000002
51.045,0.2,0.301000000000002
51.046,0.2,0.301000000000002
51.047,0.2,0.301000000000002
51.048,0.2,0.301000000000002
51.049,0.2,0.301000000000002
51.05,0.2,0.301000000000002
51.051,0.2,0.301000000000002
51.052,0.2,0.301000000000002
51.053,0.2,0.301000000000002
51.054,0.2,0.301000000000002
51.055,0.2,0.301000000000002
51.056,0.2,0.301000000000002
51.057,0.2,0.301000000000002
51.058,0.2,0.301000000000002
51.059,0.2,0.301000000000002
51.06,0.2,0.301000000000002
51.061,0.2,0.301000000000002
51.062,0.2,0.301000000000002
51.063,0.2,0.301000000000002
51.064,0.2,0.301000000000002
51.065,0.2,0.301000000000002
51.066,0.2,0.301000000000002
51.067,0.2,0.301000000000002
51.068,0.2,0.301000000000002
51.069,0.2,0.301000000000002
51.07,0.2,0.301000000000002
51.071,0.2,0.301000000000002
51.072,0.2,0.301000000000002
51.073,0.2,0.301000000000002
51.074,0.2,0.301000000000002
51.075,0.2,0.301000000000002
51.076,0.2,0.301000000000002
51.077,0.2,0.301000000000002
51.078,0.2,0.301000000000002
51.079,0.2,0.301000000000002
51.08,0.2,0.301000000000002
51.081,0.2,0.301000000000002
51.082,0.2,0.301000000000002
51.083,0.2,0.301000000000002
51.084,0.2,0.301000000000002
51.085,0.2,0.301000000000002
51.086,0.2,0.301000000000002
51.087,0.2,0.301000000000002
51.088,0.2,0.301000000000002
51.089,0.2,0.301000000000002
51.09,0.2,0.301000000000002
51.091,0.2,0.301000000000002
51.092,0.2,0.301000000000002
51.093,0.2,0.301000000000002
51.094,0.2,0.301000000000002
51.095,0.2,0.301000000000002
51.096,0.2,0.301000000000002
51.097,0.2,0.301000000000002
51.098,0.2,0.301000000000002
51.099,0.2,0.301000000000002
51.1,0.2,0.301000000000002
51.101,0.2,0.301000000000002
51.102,0.2,0.301000000000002
51.103,0.2,0.301000000000002
51.104,0.2,0.301000000000002
51.105,0.2,0.301000000000002
51.106,0.2,0.301000000000002
51.107,0.2,0.301000000000002
51.108,0.2,0.301000000000002
51.109,0.2,0.301000000000002
51.11,0.2,0.301000000000002
51.111,0.2,0.301000000000002
51.112,0.2,0.301000000000002
51.113,0.2,0.301000000000002
51.114,0.2,0.301000000000002
51.115,0.2,0.301000000000002
51.116,0.2,0.301000000000002
51.117,0.2,0.301000000000002
51.118,0.2,0.301000000000002
51.119,0.2,0.301000000000002
51.12,0.2,0.301000000000002
51.121,0.2,0.301000000000002
51.122,0.2,0.301000000000002
51.123,0.2,0.301000000000002
51.124,0.2,0.301000000000002
51.125,0.2,0.301000000000002
51.126,0.2,0.301000000000002
51.127,0.2,0.301000000000002
51.128,0.2,0.301000000000002
51.129,0.2,0.301000000000002
51.13,0.2,0.301000000000002
51.131,0.2,0.301000000000002
51.132,0.2,0.301000000000002
51.133,0.2,0.301000000000002
51.134,0.2,0.301000000000002
51.135,0.2,0.301000000000002
51.136,0.2,0.301000000000002
51.137,0.2,0.301000000000002
51.138,0.2,0.301000000000002
51.139,0.2,0.301000000000002
51.14,0.2,0.301000000000002
51.141,0.2,0.301000000000002
51.142,0.2,0.301000000000002
51.143,0.2,0.301000000000002
51.144,0.2,0.301000000000002
51.145,0.2,0.301000000000002
51.146,0.2,0.301000000000002
51.147,0.2,0.301000000000002
51.148,0.2,0.301000000000002
51.149,0.2,0.301000000000002
51.15,0.2,0.301000000000002
51.151,0.2,0.301000000000002
51.152,0.2,0.301000000000002
51.153,0.2,0.301000000000002
51.154,0.2,0.301000000000002
51.155,0.2,0.301000000000002
51.156,0.2,0.301000000000002
51.157,0.2,0.301000000000002
51.158,0.2,0.301000000000002
51.159,0.2,0.301000000000002
51.16,0.2,0.301000000000002
51.161,0.2,0.301000000000002
51.162,0.2,0.301000000000002
51.163,0.2,0.301000000000002
51.164,0.2,0.301000000000002
51.165,0.2,0.301000000000002
51.166,0.2,0.301000000000002
51.167,0.2,0.301000000000002
51.168,0.2,0.301000000000002
51.169,0.2,0.301000000000002
51.17,0.2,0.301000000000002
51.171,0.2,0.301000000000002
51.172,0.2,0.301000000000002
51.173,0.2,0.301000000000002
51.174,0.2,0.301000000000002
51.175,0.2,0.301000000000002
51.176,0.2,0.301000000000002
51.177,0.2,0.301000000000002
51.178,0.2,0.301000000000002
51.179,0.2,0.301000000000002
51.18,0.2,0.301000000000002
51.181,0.2,0.301000000000002
51.182,0.2,0.301000000000002
51.183,0.2,0.301000000000002
51.184,0.2,0.301000000000002
51.185,0.2,0.301000000000002
51.186,0.2,0.301000000000002
51.187,0.2,0.301000000000002
51.188,0.2,0.301000000000002
51.189,0.2,0.301000000000002
51.19,0.2,0.301000000000002
51.191,0.2,0.301000000000002
51.192,0.2,0.301000000000002
51.193,0.2,0.301000000000002
51.194,0.2,0.301000000000002
51.195,0.2,0.301000000000002
51.196,0.2,0.301000000000002
51.197,0.2,0.301000000000002
51.198,0.2,0.301000000000002
51.199,0.2,0.301000000000002
51.2,0.2,0.301000000000002
51.201,0.2,0.301000000000002
51.202,0.2,0.301000000000002
51.203,0.2,0.301000000000002
51.204,0.2,0.301000000000002
51.205,0.2,0.301000000000002
51.206,0.2,0.301000000000002
51.207,0.2,0.301000000000002
51.208,0.2,0.301000000000002
51.209,0.2,0.301000000000002
51.21,0.2,0.301000000000002
51.211,0.2,0.301000000000002
51.212,0.2,0.301000000000002
51.213,0.2,0.301000000000002
51.214,0.2,0.301000000000002
51.215,0.2,0.301000000000002
51.216,0.2,0.301000000000002
51.217,0.2,0.301000000000002
51.218,0.2,0.301000000000002
51.219,0.2,0.301000000000002
51.22,0.2,0.301000000000002
51.221,0.2,0.301000000000002
51.222,0.2,0.301000000000002
51.223,0.2,0.301000000000002
51.224,0.2,0.301000000000002
51.225,0.2,0.301000000000002
51.226,0.2,0.301000000000002
51.227,0.2,0.301000000000002
51.228,0.2,0.301000000000002
51.229,0.2,0.301000000000002
51.23,0.2,0.301000000000002
51.231,0.2,0.301000000000002
51.232,0.2,0.301000000000002
51.233,0.2,0.301000000000002
51.234,0.2,0.301000000000002
51.235,0.2,0.301000000000002
51.236,0.2,0.301000000000002
51.237,0.2,0.301000000000002
51.238,0.2,0.301000000000002
51.239,0.2,0.301000000000002
51.24,0.2,0.301000000000002
51.241,0.2,0.301000000000002
51.242,0.2,0.301000000000002
51.243,0.2,0.301000000000002
51.244,0.2,0.301000000000002
51.245,0.2,0.301000000000002
51.246,0.2,0.301000000000002
51.247,0.2,0.301000000000002
51.248,0.2,0.301000000000002
51.249,0.2,0.301000000000002
51.25,0.2,0.301000000000002
51.251,0.2,0.301000000000002
51.252,0.2,0.301000000000002
51.253,0.2,0.301000000000002
51.254,0.2,0.301000000000002
51.255,0.2,0.301000000000002
51.256,0.2,0.301000000000002
51.257,0.2,0.301000000000002
51.258,0.2,0.301000000000002
51.259,0.2,0.301000000000002
51.26,0.2,0.301000000000002
51.261,0.2,0.301000000000002
51.262,0.2,0.301000000000002
51.263,0.2,0.301000000000002
51.264,0.2,0.301000000000002
51.265,0.2,0.301000000000002
51.266,0.2,0.301000000000002
51.267,0.2,0.301000000000002
51.268,0.2,0.301000000000002
51.269,0.2,0.301000000000002
51.27,0.2,0.301000000000002
51.271,0.2,0.301000000000002
51.272,0.2,0.301000000000002
51.273,0.2,0.301000000000002
51.274,0.2,0.301000000000002
51.275,0.2,0.301000000000002
51.276,0.2,0.301000000000002
51.277,0.2,0.301000000000002
51.278,0.2,0.301000000000002
51.279,0.2,0.301000000000002
51.28,0.2,0.301000000000002
51.281,0.2,0.301000000000002
51.282,0.2,0.301000000000002
51.283,0.2,0.301000000000002
51.284,0.2,0.301000000000002
51.285,0.2,0.301000000000002
51.286,0.2,0.301000000000002
51.287,0.2,0.301000000000002
51.288,0.2,0.301000000000002
51.289,0.2,0.301000000000002
51.29,0.2,0.301000000000002
51.291,0.2,0.301000000000002
51.292,0.2,0.301000000000002
51.293,0.2,0.301000000000002
51.294,0.2,0.301000000000002
51.295,0.2,0.301000000000002
51.296,0.2,0.301000000000002
51.297,0.2,0.301000000000002
51.298,0.2,0.301000000000002
51.299,0.2,0.301000000000002
51.3,0.2,0.301000000000002
51.301,0,2.699
51.302,0,2.699
51.303,0,2.699
51.304,0,2.699
51.305,0,2.699
51.306,0,2.699
51.307,0,2.699
51.308,0,2.699
51.309,0,2.699
51.31,0,2.699
51.311,0,2.699
51.312,0,2.699
51.313,0,2.699
51.314,0,2.699
51.315,0,2.699
51.316,0,2.699
51.317,0,2.699
51.318,0,2.699
51.319,0,2.699
51.32,0,2.699
51.321,0,2.699
51.322,0,2.699
51.323,0,2.699
51.324,0,2.699
51.325,0,2.699
51.326,0,2.699
51.327,0,2.699
51.328,0,2.699
51.329,0,2.699
51.33,0,2.699
51.331,0,2.699
51.332,0,2.699
51.333,0,2.699
51.334,0,2.699
51.335,0,2.699
51.336,0,2.699
51.337,0,2.699
51.338,0,2.699
51.339,0,2.699
51.34,0,2.699
51.341,0,2.699
51.342,0,2.699
51.343,0,2.699
51.344,0,2.699
51.345,0,2.699
51.346,0,2.699
51.347,0,2.699
51.348,0,2.699
51.349,0,2.699
51.35,0,2.699
51.351,0,2.699
51.352,0,2.699
51.353,0,2.699
51.354,0,2.699
51.355,0,2.699
51.356,0,2.699
51.357,0,2.699
51.358,0,2.699
51.359,0,2.699
51.36,0,2.699
51.361,0,2.699
51.362,0,2.699
51.363,0,2.699
51.364,0,2.699
51.365,0,2.699
51.366,0,2.699
51.367,0,2.699
51.368,0,2.699
51.369,0,2.699
51.37,0,2.699
51.371,0,2.699
51.372,0,2.699
51.373,0,2.699
51.374,0,2.699
51.375,0,2.699
51.376,0,2.699
51.377,0,2.699
51.378,0,2.699
51.379,0,2.699
51.38,0,2.699
51.381,0,2.699
51.382,0,2.699
51.383,0,2.699
51.384,0,2.699
51.385,0,2.699
51.386,0,2.699
51.387,0,2.699
51.388,0,2.699
51.389,0,2.699
51.39,0,2.699
51.391,0,2.699
51.392,0,2.699
51.393,0,2.699
51.394,0,2.699
51.395,0,2.699
51.396,0,2.699
51.397,0,2.699
51.398,0,2.699
51.399,0,2.699
51.4,0,2.699
51.401,0,2.699
51.402,0,2.699
51.403,0,2.699
51.404,0,2.699
51.405,0,2.699
51.406,0,2.699
51.407,0,2.699
51.408,0,2.699
51.409,0,2.699
51.41,0,2.699
51.411,0,2.699
51.412,0,2.699
51.413,0,2.699
51.414,0,2.699
51.415,0,2.699
51.416,0,2.699
51.417,0,2.699
51.418,0,2.699
51.419,0,2.699
51.42,0,2.699
51.421,0,2.699
51.422,0,2.699
51.423,0,2.699
51.424,0,2.699
51.425,0,2.699
51.426,0,2.699
51.427,0,2.699
51.428,0,2.699
51.429,0,2.699
51.43,0,2.699
51.431,0,2.699
51.432,0,2.699
51.433,0,2.699
51.434,0,2.699
51.435,0,2.699
51.436,0,2.699
51.437,0,2.699
51.438,0,2.699
51.439,0,2.699
51.44,0,2.699
51.441,0,2.699
51.442,0,2.699
51.443,0,2.699
51.444,0,2.699
51.445,0,2.699
51.446,0,2.699
51.447,0,2.699
51.448,0,2.699
51.449,0,2.699
51.45,0,2.699
51.451,0,2.699
51.452,0,2.699
51.453,0,2.699
51.454,0,2.699
51.455,0,2.699
51.456,0,2.699
51.457,0,2.699
51.458,0,2.699
51.459,0,2.699
51.46,0,2.699
51.461,0,2.699
51.462,0,2.699
51.463,0,2.699
51.464,0,2.699
51.465,0,2.699
51.466,0,2.699
51.467,0,2.699
51.468,0,2.699
51.469,0,2.699
51.47,0,2.699
51.471,0,2.699
51.472,0,2.699
51.473,0,2.699
51.474,0,2.699
51.475,0,2.699
51.476,0,2.699
51.477,0,2.699
51.478,0,2.699
51.479,0,2.699
51.48,0,2.699
51.481,0,2.699
51.482,0,2.699
51.483,0,2.699
51.484,0,2.699
51.485,0,2.699
51.486,0,2.699
51.487,0,2.699
51.488,0,2.699
51.489,0,2.699
51.49,0,2.699
51.491,0,2.699
51.492,0,2.699
51.493,0,2.699
51.494,0,2.699
51.495,0,2.699
51.496,0,2.699
51.497,0,2.699
51.498,0,2.699
51.499,0,2.699
51.5,0,2.699
51.501,0,2.699
51.502,0,2.699
51.503,0,2.699
51.504,0,2.699
51.505,0,2.699
51.506,0,2.699
51.507,0,2.699
51.508,0,2.699
51.509,0,2.699
51.51,0,2.699
51.511,0,2.699
51.512,0,2.699
51.513,0,2.699
51.514,0,2.699
51.515,0,2.699
51.516,0,2.699
51.517,0,2.699
51.518,0,2.699
51.519,0,2.699
51.52,0,2.699
51.521,0,2.699
51.522,0,2.699
51.523,0,2.699
51.524,0,2.699
51.525,0,2.699
51.526,0,2.699
51.527,0,2.699
51.528,0,2.699
51.529,0,2.699
51.53,0,2.699
51.531,0,2.699
51.532,0,2.699
51.533,0,2.699
51.534,0,2.699
51.535,0,2.699
51.536,0,2.699
51.537,0,2.699
51.538,0,2.699
51.539,0,2.699
51.54,0,2.699
51.541,0,2.699
51.542,0,2.699
51.543,0,2.699
51.544,0,2.699
51.545,0,2.699
51.546,0,2.699
51.547,0,2.699
51.548,0,2.699
51.549,0,2.699
51.55,0,2.699
51.551,0,2.699
51.552,0,2.699
51.553,0,2.699
51.554,0,2.699
51.555,0,2.699
51.556,0,2.699
51.557,0,2.699
51.558,0,2.699
51.559,0,2.699
51.56,0,2.699
51.561,0,2.699
51.562,0,2.699
51.563,0,2.699
51.564,0,2.699
51.565,0,2.699
51.566,0,2.699
51.567,0,2.699
51.568,0,2.699
51.569,0,2.699
51.57,0,2.699
51.571,0,2.699
51.572,0,2.699
51.573,0,2.699
51.574,0,2.699
51.575,0,2.699
51.576,0,2.699
51.577,0,2.699
51.578,0,2.699
51.579,0,2.699
51.58,0,2.699
51.581,0,2.699
51.582,0,2.699
51.583,0,2.699
51.584,0,2.699
51.585,0,2.699
51.586,0,2.699
51.587,0,2.699
51.588,0,2.699
51.589,0,2.699
51.59,0,2.699
51.591,0,2.699
51.592,0,2.699
51.593,0,2.699
51.594,0,2.699
51.595,0,2.699
51.596,0,2.699
51.597,0,2.699
51.598,0,2.699
51.599,0,2.699
51.6,0,2.699
51.601,0,2.699
51.602,0,2.699
51.603,0,2.699
51.604,0,2.699
51.605,0,2.699
51.606,0,2.699
51.607,0,2.699
51.608,0,2.699
51.609,0,2.699
51.61,0,2.699
51.611,0,2.699
51.612,0,2.699
51.613,0,2.699
51.614,0,2.699
51.615,0,2.699
51.616,0,2.699
51.617,0,2.699
51.618,0,2.699
51.619,0,2.699
51.62,0,2.699
51.621,0,2.699
51.622,0,2.699
51.623,0,2.699
51.624,0,2.699
51.625,0,2.699
51.626,0,2.699
51.627,0,2.699
51.628,0,2.699
51.629,0,2.699
51.63,0,2.699
51.631,0,2.699
51.632,0,2.699
51.633,0,2.699
51.634,0,2.699
51.635,0,2.699
51.636,0,2.699
51.637,0,2.699
51.638,0,2.699
51.639,0,2.699
51.64,0,2.699
51.641,0,2.699
51.642,0,2.699
51.643,0,2.699
51.644,0,2.699
51.645,0,2.699
51.646,0,2.699
51.647,0,2.699
51.648,0,2.699
51.649,0,2.699
51.65,0,2.699
51.651,0,2.699
51.652,0,2.699
51.653,0,2.699
51.654,0,2.699
51.655,0,2.699
51.656,0,2.699
51.657,0,2.699
51.658,0,2.699
51.659,0,2.699
51.66,0,2.699
51.661,0,2.699
51.662,0,2.699
51.663,0,2.699
51.664,0,2.699
51.665,0,2.699
51.666,0,2.699
51.667,0,2.699
51.668,0,2.699
51.669,0,2.699
51.67,0,2.699
51.671,0,2.699
51.672,0,2.699
51.673,0,2.699
51.674,0,2.699
51.675,0,2.699
51.676,0,2.699
51.677,0,2.699
51.678,0,2.699
51.679,0,2.699
51.68,0,2.699
51.681,0,2.699
51.682,0,2.699
51.683,0,2.699
51.684,0,2.699
51.685,0,2.699
51.686,0,2.699
51.687,0,2.699
51.688,0,2.699
51.689,0,2.699
51.69,0,2.699
51.691,0,2.699
51.692,0,2.699
51.693,0,2.699
51.694,0,2.699
51.695,0,2.699
51.696,0,2.699
51.697,0,2.699
51.698,0,2.699
51.699,0,2.699
51.7,0,2.699
51.701,0,2.699
51.702,0,2.699
51.703,0,2.699
51.704,0,2.699
51.705,0,2.699
51.706,0,2.699
51.707,0,2.699
51.708,0,2.699
51.709,0,2.699
51.71,0,2.699
51.711,0,2.699
51.712,0,2.699
51.713,0,2.699
51.714,0,2.699
51.715,0,2.699
51.716,0,2.699
51.717,0,2.699
51.718,0,2.699
51.719,0,2.699
51.72,0,2.699
51.721,0,2.699
51.722,0,2.699
51.723,0,2.699
51.724,0,2.699
51.725,0,2.699
51.726,0,2.699
51.727,0,2.699
51.728,0,2.699
51.729,0,2.699
51.73,0,2.699
51.731,0,2.699
51.732,0,2.699
51.733,0,2.699
51.734,0,2.699
51.735,0,2.699
51.736,0,2.699
51.737,0,2.699
51.738,0,2.699
51.739,0,2.699
51.74,0,2.699
51.741,0,2.699
51.742,0,2.699
51.743,0,2.699
51.744,0,2.699
51.745,0,2.699
51.746,0,2.699
51.747,0,2.699
51.748,0,2.699
51.749,0,2.699
51.75,0,2.699
51.751,0,2.699
51.752,0,2.699
51.753,0,2.699
51.754,0,2.699
51.755,0,2.699
51.756,0,2.699
51.757,0,2.699
51.758,0,2.699
51.759,0,2.699
51.76,0,2.699
51.761,0,2.699
51.762,0,2.699
51.763,0,2.699
51.764,0,2.699
51.765,0,2.699
51.766,0,2.699
51.767,0,2.699
51.768,0,2.699
51.769,0,2.699
51.77,0,2.699
51.771,0,2.699
51.772,0,2.699
51.773,0,2.699
51.774,0,2.699
51.775,0,2.699
51.776,0,2.699
51.777,0,2.699
51.778,0,2.699
51.779,0,2.699
51.78,0,2.699
51.781,0,2.699
51.782,0,2.699
51.783,0,2.699
51.784,0,2.699
51.785,0,2.699
51.786,0,2.699
51.787,0,2.699
51.788,0,2.699
51.789,0,2.699
51.79,0,2.699
51.791,0,2.699
51.792,0,2.699
51.793,0,2.699
51.794,0,2.699
51.795,0,2.699
51.796,0,2.699
51.797,0,2.699
51.798,0,2.699
51.799,0,2.699
51.8,0,2.699
51.801,0,2.699
51.802,0,2.699
51.803,0,2.699
51.804,0,2.699
51.805,0,2.699
51.806,0,2.699
51.807,0,2.699
51.808,0,2.699
51.809,0,2.699
51.81,0,2.699
51.811,0,2.699
51.812,0,2.699
51.813,0,2.699
51.814,0,2.699
51.815,0,2.699
51.816,0,2.699
51.817,0,2.699
51.818,0,2.699
51.819,0,2.699
51.82,0,2.699
51.821,0,2.699
51.822,0,2.699
51.823,0,2.699
51.824,0,2.699
51.825,0,2.699
51.826,0,2.699
51.827,0,2.699
51.828,0,2.699
51.829,0,2.699
51.83,0,2.699
51.831,0,2.699
51.832,0,2.699
51.833,0,2.699
51.834,0,2.699
51.835,0,2.699
51.836,0,2.699
51.837,0,2.699
51.838,0,2.699
51.839,0,2.699
51.84,0,2.699
51.841,0,2.699
51.842,0,2.699
51.843,0,2.699
51.844,0,2.699
51.845,0,2.699
51.846,0,2.699
51.847,0,2.699
51.848,0,2.699
51.849,0,2.699
51.85,0,2.699
51.851,0,2.699
51.852,0,2.699
51.853,0,2.699
51.854,0,2.699
51.855,0,2.699
51.856,0,2.699
51.857,0,2.699
51.858,0,2.699
51.859,0,2.699
51.86,0,2.699
51.861,0,2.699
51.862,0,2.699
51.863,0,2.699
51.864,0,2.699
51.865,0,2.699
51.866,0,2.699
51.867,0,2.699
51.868,0,2.699
51.869,0,2.699
51.87,0,2.699
51.871,0,2.699
51.872,0,2.699
51.873,0,2.699
51.874,0,2.699
51.875,0,2.699
51.876,0,2.699
51.877,0,2.699
51.878,0,2.699
51.879,0,2.699
51.88,0,2.699
51.881,0,2.699
51.882,0,2.699
51.883,0,2.699
51.884,0,2.699
51.885,0,2.699
51.886,0,2.699
51.887,0,2.699
51.888,0,2.699
51.889,0,2.699
51.89,0,2.699
51.891,0,2.699
51.892,0,2.699
51.893,0,2.699
51.894,0,2.699
51.895,0,2.699
51.896,0,2.699
51.897,0,2.699
51.898,0,2.699
51.899,0,2.699
51.9,0,2.699
51.901,0,2.699
51.902,0,2.699
51.903,0,2.699
51.904,0,2.699
51.905,0,2.699
51.906,0,2.699
51.907,0,2.699
51.908,0,2.699
51.909,0,2.699
51.91,0,2.699
51.911,0,2.699
51.912,0,2.699
51.913,0,2.699
51.914,0,2.699
51.915,0,2.699
51.916,0,2.699
51.917,0,2.699
51.918,0,2.699
51.919,0,2.699
51.92,0,2.699
51.921,0,2.699
51.922,0,2.699
51.923,0,2.699
51.924,0,2.699
51.925,0,2.699
51.926,0,2.699
51.927,0,2.699
51.928,0,2.699
51.929,0,2.699
51.93,0,2.699
51.931,0,2.699
51.932,0,2.699
51.933,0,2.699
51.934,0,2.699
51.935,0,2.699
51.936,0,2.699
51.937,0,2.699
51.938,0,2.699
51.939,0,2.699
51.94,0,2.699
51.941,0,2.699
51.942,0,2.699
51.943,0,2.699
51.944,0,2.699
51.945,0,2.699
51.946,0,2.699
51.947,0,2.699
51.948,0,2.699
51.949,0,2.699
51.95,0,2.699
51.951,0,2.699
51.952,0,2.699
51.953,0,2.699
51.954,0,2.699
51.955,0,2.699
51.956,0,2.699
51.957,0,2.699
51.958,0,2.699
51.959,0,2.699
51.96,0,2.699
51.961,0,2.699
51.962,0,2.699
51.963,0,2.699
51.964,0,2.699
51.965,0,2.699
51.966,0,2.699
51.967,0,2.699
51.968,0,2.699
51.969,0,2.699
51.97,0,2.699
51.971,0,2.699
51.972,0,2.699
51.973,0,2.699
51.974,0,2.699
51.975,0,2.699
51.976,0,2.699
51.977,0,2.699
51.978,0,2.699
51.979,0,2.699
51.98,0,2.699
51.981,0,2.699
51.982,0,2.699
51.983,0,2.699
51.984,0,2.699
51.985,0,2.699
51.986,0,2.699
51.987,0,2.699
51.988,0,2.699
51.989,0,2.699
51.99,0,2.699
51.991,0,2.699
51.992,0,2.699
51.993,0,2.699
51.994,0,2.699
51.995,0,2.699
51.996,0,2.699
51.997,0,2.699
51.998,0,2.699
51.999,0,2.699
52,0,2.699
52.001,0,2.699
52.002,0,2.699
52.003,0,2.699
52.004,0,2.699
52.005,0,2.699
52.006,0,2.699
52.007,0,2.699
52.008,0,2.699
52.009,0,2.699
52.01,0,2.699
52.011,0,2.699
52.012,0,2.699
52.013,0,2.699
52.014,0,2.699
52.015,0,2.699
52.016,0,2.699
52.017,0,2.699
52.018,0,2.699
52.019,0,2.699
52.02,0,2.699
52.021,0,2.699
52.022,0,2.699
52.023,0,2.699
52.024,0,2.699
52.025,0,2.699
52.026,0,2.699
52.027,0,2.699
52.028,0,2.699
52.029,0,2.699
52.03,0,2.699
52.031,0,2.699
52.032,0,2.699
52.033,0,2.699
52.034,0,2.699
52.035,0,2.699
52.036,0,2.699
52.037,0,2.699
52.038,0,2.699
52.039,0,2.699
52.04,0,2.699
52.041,0,2.699
52.042,0,2.699
52.043,0,2.699
52.044,0,2.699
52.045,0,2.699
52.046,0,2.699
52.047,0,2.699
52.048,0,2.699
52.049,0,2.699
52.05,0,2.699
52.051,0,2.699
52.052,0,2.699
52.053,0,2.699
52.054,0,2.699
52.055,0,2.699
52.056,0,2.699
52.057,0,2.699
52.058,0,2.699
52.059,0,2.699
52.06,0,2.699
52.061,0,2.699
52.062,0,2.699
52.063,0,2.699
52.064,0,2.699
52.065,0,2.699
52.066,0,2.699
52.067,0,2.699
52.068,0,2.699
52.069,0,2.699
52.07,0,2.699
52.071,0,2.699
52.072,0,2.699
52.073,0,2.699
52.074,0,2.699
52.075,0,2.699
52.076,0,2.699
52.077,0,2.699
52.078,0,2.699
52.079,0,2.699
52.08,0,2.699
52.081,0,2.699
52.082,0,2.699
52.083,0,2.699
52.084,0,2.699
52.085,0,2.699
52.086,0,2.699
52.087,0,2.699
52.088,0,2.699
52.089,0,2.699
52.09,0,2.699
52.091,0,2.699
52.092,0,2.699
52.093,0,2.699
52.094,0,2.699
52.095,0,2.699
52.096,0,2.699
52.097,0,2.699
52.098,0,2.699
52.099,0,2.699
52.1,0,2.699
52.101,0,2.699
52.102,0,2.699
52.103,0,2.699
52.104,0,2.699
52.105,0,2.699
52.106,0,2.699
52.107,0,2.699
52.108,0,2.699
52.109,0,2.699
52.11,0,2.699
52.111,0,2.699
52.112,0,2.699
52.113,0,2.699
52.114,0,2.699
52.115,0,2.699
52.116,0,2.699
52.117,0,2.699
52.118,0,2.699
52.119,0,2.699
52.12,0,2.699
52.121,0,2.699
52.122,0,2.699
52.123,0,2.699
52.124,0,2.699
52.125,0,2.699
52.126,0,2.699
52.127,0,2.699
52.128,0,2.699
52.129,0,2.699
52.13,0,2.699
52.131,0,2.699
52.132,0,2.699
52.133,0,2.699
52.134,0,2.699
52.135,0,2.699
52.136,0,2.699
52.137,0,2.699
52.138,0,2.699
52.139,0,2.699
52.14,0,2.699
52.141,0,2.699
52.142,0,2.699
52.143,0,2.699
52.144,0,2.699
52.145,0,2.699
52.146,0,2.699
52.147,0,2.699
52.148,0,2.699
52.149,0,2.699
52.15,0,2.699
52.151,0,2.699
52.152,0,2.699
52.153,0,2.699
52.154,0,2.699
52.155,0,2.699
52.156,0,2.699
52.157,0,2.699
52.158,0,2.699
52.159,0,2.699
52.16,0,2.699
52.161,0,2.699
52.162,0,2.699
52.163,0,2.699
52.164,0,2.699
52.165,0,2.699
52.166,0,2.699
52.167,0,2.699
52.168,0,2.699
52.169,0,2.699
52.17,0,2.699
52.171,0,2.699
52.172,0,2.699
52.173,0,2.699
52.174,0,2.699
52.175,0,2.699
52.176,0,2.699
52.177,0,2.699
52.178,0,2.699
52.179,0,2.699
52.18,0,2.699
52.181,0,2.699
52.182,0,2.699
52.183,0,2.699
52.184,0,2.699
52.185,0,2.699
52.186,0,2.699
52.187,0,2.699
52.188,0,2.699
52.189,0,2.699
52.19,0,2.699
52.191,0,2.699
52.192,0,2.699
52.193,0,2.699
52.194,0,2.699
52.195,0,2.699
52.196,0,2.699
52.197,0,2.699
52.198,0,2.699
52.199,0,2.699
52.2,0,2.699
52.201,0,2.699
52.202,0,2.699
52.203,0,2.699
52.204,0,2.699
52.205,0,2.699
52.206,0,2.699
52.207,0,2.699
52.208,0,2.699
52.209,0,2.699
52.21,0,2.699
52.211,0,2.699
52.212,0,2.699
52.213,0,2.699
52.214,0,2.699
52.215,0,2.699
52.216,0,2.699
52.217,0,2.699
52.218,0,2.699
52.219,0,2.699
52.22,0,2.699
52.221,0,2.699
52.222,0,2.699
52.223,0,2.699
52.224,0,2.699
52.225,0,2.699
52.226,0,2.699
52.227,0,2.699
52.228,0,2.699
52.229,0,2.699
52.23,0,2.699
52.231,0,2.699
52.232,0,2.699
52.233,0,2.699
52.234,0,2.699
52.235,0,2.699
52.236,0,2.699
52.237,0,2.699
52.238,0,2.699
52.239,0,2.699
52.24,0,2.699
52.241,0,2.699
52.242,0,2.699
52.243,0,2.699
52.244,0,2.699
52.245,0,2.699
52.246,0,2.699
52.247,0,2.699
52.248,0,2.699
52.249,0,2.699
52.25,0,2.699
52.251,0,2.699
52.252,0,2.699
52.253,0,2.699
52.254,0,2.699
52.255,0,2.699
52.256,0,2.699
52.257,0,2.699
52.258,0,2.699
52.259,0,2.699
52.26,0,2.699
52.261,0,2.699
52.262,0,2.699
52.263,0,2.699
52.264,0,2.699
52.265,0,2.699
52.266,0,2.699
52.267,0,2.699
52.268,0,2.699
52.269,0,2.699
52.27,0,2.699
52.271,0,2.699
52.272,0,2.699
52.273,0,2.699
52.274,0,2.699
52.275,0,2.699
52.276,0,2.699
52.277,0,2.699
52.278,0,2.699
52.279,0,2.699
52.28,0,2.699
52.281,0,2.699
52.282,0,2.699
52.283,0,2.699
52.284,0,2.699
52.285,0,2.699
52.286,0,2.699
52.287,0,2.699
52.288,0,2.699
52.289,0,2.699
52.29,0,2.699
52.291,0,2.699
52.292,0,2.699
52.293,0,2.699
52.294,0,2.699
52.295,0,2.699
52.296,0,2.699
52.297,0,2.699
52.298,0,2.699
52.299,0,2.699
52.3,0,2.699
52.301,0,2.699
52.302,0,2.699
52.303,0,2.699
52.304,0,2.699
52.305,0,2.699
52.306,0,2.699
52.307,0,2.699
52.308,0,2.699
52.309,0,2.699
52.31,0,2.699
52.311,0,2.699
52.312,0,2.699
52.313,0,2.699
52.314,0,2.699
52.315,0,2.699
52.316,0,2.699
52.317,0,2.699
52.318,0,2.699
52.319,0,2.699
52.32,0,2.699
52.321,0,2.699
52.322,0,2.699
52.323,0,2.699
52.324,0,2.699
52.325,0,2.699
52.326,0,2.699
52.327,0,2.699
52.328,0,2.699
52.329,0,2.699
52.33,0,2.699
52.331,0,2.699
52.332,0,2.699
52.333,0,2.699
52.334,0,2.699
52.335,0,2.699
52.336,0,2.699
52.337,0,2.699
52.338,0,2.699
52.339,0,2.699
52.34,0,2.699
52.341,0,2.699
52.342,0,2.699
52.343,0,2.699
52.344,0,2.699
52.345,0,2.699
52.346,0,2.699
52.347,0,2.699
52.348,0,2.699
52.349,0,2.699
52.35,0,2.699
52.351,0,2.699
52.352,0,2.699
52.353,0,2.699
52.354,0,2.699
52.355,0,2.699
52.356,0,2.699
52.357,0,2.699
52.358,0,2.699
52.359,0,2.699
52.36,0,2.699
52.361,0,2.699
52.362,0,2.699
52.363,0,2.699
52.364,0,2.699
52.365,0,2.699
52.366,0,2.699
52.367,0,2.699
52.368,0,2.699
52.369,0,2.699
52.37,0,2.699
52.371,0,2.699
52.372,0,2.699
52.373,0,2.699
52.374,0,2.699
52.375,0,2.699
52.376,0,2.699
52.377,0,2.699
52.378,0,2.699
52.379,0,2.699
52.38,0,2.699
52.381,0,2.699
52.382,0,2.699
52.383,0,2.699
52.384,0,2.699
52.385,0,2.699
52.386,0,2.699
52.387,0,2.699
52.388,0,2.699
52.389,0,2.699
52.39,0,2.699
52.391,0,2.699
52.392,0,2.699
52.393,0,2.699
52.394,0,2.699
52.395,0,2.699
52.396,0,2.699
52.397,0,2.699
52.398,0,2.699
52.399,0,2.699
52.4,0,2.699
52.401,0,2.699
52.402,0,2.699
52.403,0,2.699
52.404,0,2.699
52.405,0,2.699
52.406,0,2.699
52.407,0,2.699
52.408,0,2.699
52.409,0,2.699
52.41,0,2.699
52.411,0,2.699
52.412,0,2.699
52.413,0,2.699
52.414,0,2.699
52.415,0,2.699
52.416,0,2.699
52.417,0,2.699
52.418,0,2.699
52.419,0,2.699
52.42,0,2.699
52.421,0,2.699
52.422,0,2.699
52.423,0,2.699
52.424,0,2.699
52.425,0,2.699
52.426,0,2.699
52.427,0,2.699
52.428,0,2.699
52.429,0,2.699
52.43,0,2.699
52.431,0,2.699
52.432,0,2.699
52.433,0,2.699
52.434,0,2.699
52.435,0,2.699
52.436,0,2.699
52.437,0,2.699
52.438,0,2.699
52.439,0,2.699
52.44,0,2.699
52.441,0,2.699
52.442,0,2.699
52.443,0,2.699
52.444,0,2.699
52.445,0,2.699
52.446,0,2.699
52.447,0,2.699
52.448,0,2.699
52.449,0,2.699
52.45,0,2.699
52.451,0,2.699
52.452,0,2.699
52.453,0,2.699
52.454,0,2.699
52.455,0,2.699
52.456,0,2.699
52.457,0,2.699
52.458,0,2.699
52.459,0,2.699
52.46,0,2.699
52.461,0,2.699
52.462,0,2.699
52.463,0,2.699
52.464,0,2.699
52.465,0,2.699
52.466,0,2.699
52.467,0,2.699
52.468,0,2.699
52.469,0,2.699
52.47,0,2.699
52.471,0,2.699
52.472,0,2.699
52.473,0,2.699
52.474,0,2.699
52.475,0,2.699
52.476,0,2.699
52.477,0,2.699
52.478,0,2.699
52.479,0,2.699
52.48,0,2.699
52.481,0,2.699
52.482,0,2.699
52.483,0,2.699
52.484,0,2.699
52.485,0,2.699
52.486,0,2.699
52.487,0,2.699
52.488,0,2.699
52.489,0,2.699
52.49,0,2.699
52.491,0,2.699
52.492,0,2.699
52.493,0,2.699
52.494,0,2.699
52.495,0,2.699
52.496,0,2.699
52.497,0,2.699
52.498,0,2.699
52.499,0,2.699
52.5,0,2.699
52.501,0,2.699
52.502,0,2.699
52.503,0,2.699
52.504,0,2.699
52.505,0,2.699
52.506,0,2.699
52.507,0,2.699
52.508,0,2.699
52.509,0,2.699
52.51,0,2.699
52.511,0,2.699
52.512,0,2.699
52.513,0,2.699
52.514,0,2.699
52.515,0,2.699
52.516,0,2.699
52.517,0,2.699
52.518,0,2.699
52.519,0,2.699
52.52,0,2.699
52.521,0,2.699
52.522,0,2.699
52.523,0,2.699
52.524,0,2.699
52.525,0,2.699
52.526,0,2.699
52.527,0,2.699
52.528,0,2.699
52.529,0,2.699
52.53,0,2.699
52.531,0,2.699
52.532,0,2.699
52.533,0,2.699
52.534,0,2.699
52.535,0,2.699
52.536,0,2.699
52.537,0,2.699
52.538,0,2.699
52.539,0,2.699
52.54,0,2.699
52.541,0,2.699
52.542,0,2.699
52.543,0,2.699
52.544,0,2.699
52.545,0,2.699
52.546,0,2.699
52.547,0,2.699
52.548,0,2.699
52.549,0,2.699
52.55,0,2.699
52.551,0,2.699
52.552,0,2.699
52.553,0,2.699
52.554,0,2.699
52.555,0,2.699
52.556,0,2.699
52.557,0,2.699
52.558,0,2.699
52.559,0,2.699
52.56,0,2.699
52.561,0,2.699
52.562,0,2.699
52.563,0,2.699
52.564,0,2.699
52.565,0,2.699
52.566,0,2.699
52.567,0,2.699
52.568,0,2.699
52.569,0,2.699
52.57,0,2.699
52.571,0,2.699
52.572,0,2.699
52.573,0,2.699
52.574,0,2.699
52.575,0,2.699
52.576,0,2.699
52.577,0,2.699
52.578,0,2.699
52.579,0,2.699
52.58,0,2.699
52.581,0,2.699
52.582,0,2.699
52.583,0,2.699
52.584,0,2.699
52.585,0,2.699
52.586,0,2.699
52.587,0,2.699
52.588,0,2.699
52.589,0,2.699
52.59,0,2.699
52.591,0,2.699
52.592,0,2.699
52.593,0,2.699
52.594,0,2.699
52.595,0,2.699
52.596,0,2.699
52.597,0,2.699
52.598,0,2.699
52.599,0,2.699
52.6,0,2.699
52.601,0,2.699
52.602,0,2.699
52.603,0,2.699
52.604,0,2.699
52.605,0,2.699
52.606,0,2.699
52.607,0,2.699
52.608,0,2.699
52.609,0,2.699
52.61,0,2.699
52.611,0,2.699
52.612,0,2.699
52.613,0,2.699
52.614,0,2.699
52.615,0,2.699
52.616,0,2.699
52.617,0,2.699
52.618,0,2.699
52.619,0,2.699
52.62,0,2.699
52.621,0,2.699
52.622,0,2.699
52.623,0,2.699
52.624,0,2.699
52.625,0,2.699
52.626,0,2.699
52.627,0,2.699
52.628,0,2.699
52.629,0,2.699
52.63,0,2.699
52.631,0,2.699
52.632,0,2.699
52.633,0,2.699
52.634,0,2.699
52.635,0,2.699
52.636,0,2.699
52.637,0,2.699
52.638,0,2.699
52.639,0,2.699
52.64,0,2.699
52.641,0,2.699
52.642,0,2.699
52.643,0,2.699
52.644,0,2.699
52.645,0,2.699
52.646,0,2.699
52.647,0,2.699
52.648,0,2.699
52.649,0,2.699
52.65,0,2.699
52.651,0,2.699
52.652,0,2.699
52.653,0,2.699
52.654,0,2.699
52.655,0,2.699
52.656,0,2.699
52.657,0,2.699
52.658,0,2.699
52.659,0,2.699
52.66,0,2.699
52.661,0,2.699
52.662,0,2.699
52.663,0,2.699
52.664,0,2.699
52.665,0,2.699
52.666,0,2.699
52.667,0,2.699
52.668,0,2.699
52.669,0,2.699
52.67,0,2.699
52.671,0,2.699
52.672,0,2.699
52.673,0,2.699
52.674,0,2.699
52.675,0,2.699
52.676,0,2.699
52.677,0,2.699
52.678,0,2.699
52.679,0,2.699
52.68,0,2.699
52.681,0,2.699
52.682,0,2.699
52.683,0,2.699
52.684,0,2.699
52.685,0,2.699
52.686,0,2.699
52.687,0,2.699
52.688,0,2.699
52.689,0,2.699
52.69,0,2.699
52.691,0,2.699
52.692,0,2.699
52.693,0,2.699
52.694,0,2.699
52.695,0,2.699
52.696,0,2.699
52.697,0,2.699
52.698,0,2.699
52.699,0,2.699
52.7,0,2.699
52.701,0,2.699
52.702,0,2.699
52.703,0,2.699
52.704,0,2.699
52.705,0,2.699
52.706,0,2.699
52.707,0,2.699
52.708,0,2.699
52.709,0,2.699
52.71,0,2.699
52.711,0,2.699
52.712,0,2.699
52.713,0,2.699
52.714,0,2.699
52.715,0,2.699
52.716,0,2.699
52.717,0,2.699
52.718,0,2.699
52.719,0,2.699
52.72,0,2.699
52.721,0,2.699
52.722,0,2.699
52.723,0,2.699
52.724,0,2.699
52.725,0,2.699
52.726,0,2.699
52.727,0,2.699
52.728,0,2.699
52.729,0,2.699
52.73,0,2.699
52.731,0,2.699
52.732,0,2.699
52.733,0,2.699
52.734,0,2.699
52.735,0,2.699
52.736,0,2.699
52.737,0,2.699
52.738,0,2.699
52.739,0,2.699
52.74,0,2.699
52.741,0,2.699
52.742,0,2.699
52.743,0,2.699
52.744,0,2.699
52.745,0,2.699
52.746,0,2.699
52.747,0,2.699
52.748,0,2.699
52.749,0,2.699
52.75,0,2.699
52.751,0,2.699
52.752,0,2.699
52.753,0,2.699
52.754,0,2.699
52.755,0,2.699
52.756,0,2.699
52.757,0,2.699
52.758,0,2.699
52.759,0,2.699
52.76,0,2.699
52.761,0,2.699
52.762,0,2.699
52.763,0,2.699
52.764,0,2.699
52.765,0,2.699
52.766,0,2.699
52.767,0,2.699
52.768,0,2.699
52.769,0,2.699
52.77,0,2.699
52.771,0,2.699
52.772,0,2.699
52.773,0,2.699
52.774,0,2.699
52.775,0,2.699
52.776,0,2.699
52.777,0,2.699
52.778,0,2.699
52.779,0,2.699
52.78,0,2.699
52.781,0,2.699
52.782,0,2.699
52.783,0,2.699
52.784,0,2.699
52.785,0,2.699
52.786,0,2.699
52.787,0,2.699
52.788,0,2.699
52.789,0,2.699
52.79,0,2.699
52.791,0,2.699
52.792,0,2.699
52.793,0,2.699
52.794,0,2.699
52.795,0,2.699
52.796,0,2.699
52.797,0,2.699
52.798,0,2.699
52.799,0,2.699
52.8,0,2.699
52.801,0,2.699
52.802,0,2.699
52.803,0,2.699
52.804,0,2.699
52.805,0,2.699
52.806,0,2.699
52.807,0,2.699
52.808,0,2.699
52.809,0,2.699
52.81,0,2.699
52.811,0,2.699
52.812,0,2.699
52.813,0,2.699
52.814,0,2.699
52.815,0,2.699
52.816,0,2.699
52.817,0,2.699
52.818,0,2.699
52.819,0,2.699
52.82,0,2.699
52.821,0,2.699
52.822,0,2.699
52.823,0,2.699
52.824,0,2.699
52.825,0,2.699
52.826,0,2.699
52.827,0,2.699
52.828,0,2.699
52.829,0,2.699
52.83,0,2.699
52.831,0,2.699
52.832,0,2.699
52.833,0,2.699
52.834,0,2.699
52.835,0,2.699
52.836,0,2.699
52.837,0,2.699
52.838,0,2.699
52.839,0,2.699
52.84,0,2.699
52.841,0,2.699
52.842,0,2.699
52.843,0,2.699
52.844,0,2.699
52.845,0,2.699
52.846,0,2.699
52.847,0,2.699
52.848,0,2.699
52.849,0,2.699
52.85,0,2.699
52.851,0,2.699
52.852,0,2.699
52.853,0,2.699
52.854,0,2.699
52.855,0,2.699
52.856,0,2.699
52.857,0,2.699
52.858,0,2.699
52.859,0,2.699
52.86,0,2.699
52.861,0,2.699
52.862,0,2.699
52.863,0,2.699
52.864,0,2.699
52.865,0,2.699
52.866,0,2.699
52.867,0,2.699
52.868,0,2.699
52.869,0,2.699
52.87,0,2.699
52.871,0,2.699
52.872,0,2.699
52.873,0,2.699
52.874,0,2.699
52.875,0,2.699
52.876,0,2.699
52.877,0,2.699
52.878,0,2.699
52.879,0,2.699
52.88,0,2.699
52.881,0,2.699
52.882,0,2.699
52.883,0,2.699
52.884,0,2.699
52.885,0,2.699
52.886,0,2.699
52.887,0,2.699
52.888,0,2.699
52.889,0,2.699
52.89,0,2.699
52.891,0,2.699
52.892,0,2.699
52.893,0,2.699
52.894,0,2.699
52.895,0,2.699
52.896,0,2.699
52.897,0,2.699
52.898,0,2.699
52.899,0,2.699
52.9,0,2.699
52.901,0,2.699
52.902,0,2.699
52.903,0,2.699
52.904,0,2.699
52.905,0,2.699
52.906,0,2.699
52.907,0,2.699
52.908,0,2.699
52.909,0,2.699
52.91,0,2.699
52.911,0,2.699
52.912,0,2.699
52.913,0,2.699
52.914,0,2.699
52.915,0,2.699
52.916,0,2.699
52.917,0,2.699
52.918,0,2.699
52.919,0,2.699
52.92,0,2.699
52.921,0,2.699
52.922,0,2.699
52.923,0,2.699
52.924,0,2.699
52.925,0,2.699
52.926,0,2.699
52.927,0,2.699
52.928,0,2.699
52.929,0,2.699
52.93,0,2.699
52.931,0,2.699
52.932,0,2.699
52.933,0,2.699
52.934,0,2.699
52.935,0,2.699
52.936,0,2.699
52.937,0,2.699
52.938,0,2.699
52.939,0,2.699
52.94,0,2.699
52.941,0,2.699
52.942,0,2.699
52.943,0,2.699
52.944,0,2.699
52.945,0,2.699
52.946,0,2.699
52.947,0,2.699
52.948,0,2.699
52.949,0,2.699
52.95,0,2.699
52.951,0,2.699
52.952,0,2.699
52.953,0,2.699
52.954,0,2.699
52.955,0,2.699
52.956,0,2.699
52.957,0,2.699
52.958,0,2.699
52.959,0,2.699
52.96,0,2.699
52.961,0,2.699
52.962,0,2.699
52.963,0,2.699
52.964,0,2.699
52.965,0,2.699
52.966,0,2.699
52.967,0,2.699
52.968,0,2.699
52.969,0,2.699
52.97,0,2.699
52.971,0,2.699
52.972,0,2.699
52.973,0,2.699
52.974,0,2.699
52.975,0,2.699
52.976,0,2.699
52.977,0,2.699
52.978,0,2.699
52.979,0,2.699
52.98,0,2.699
52.981,0,2.699
52.982,0,2.699
52.983,0,2.699
52.984,0,2.699
52.985,0,2.699
52.986,0,2.699
52.987,0,2.699
52.988,0,2.699
52.989,0,2.699
52.99,0,2.699
52.991,0,2.699
52.992,0,2.699
52.993,0,2.699
52.994,0,2.699
52.995,0,2.699
52.996,0,2.699
52.997,0,2.699
52.998,0,2.699
52.999,0,2.699
53,0,2.699
53.001,0,2.699
53.002,0,2.699
53.003,0,2.699
53.004,0,2.699
53.005,0,2.699
53.006,0,2.699
53.007,0,2.699
53.008,0,2.699
53.009,0,2.699
53.01,0,2.699
53.011,0,2.699
53.012,0,2.699
53.013,0,2.699
53.014,0,2.699
53.015,0,2.699
53.016,0,2.699
53.017,0,2.699
53.018,0,2.699
53.019,0,2.699
53.02,0,2.699
53.021,0,2.699
53.022,0,2.699
53.023,0,2.699
53.024,0,2.699
53.025,0,2.699
53.026,0,2.699
53.027,0,2.699
53.028,0,2.699
53.029,0,2.699
53.03,0,2.699
53.031,0,2.699
53.032,0,2.699
53.033,0,2.699
53.034,0,2.699
53.035,0,2.699
53.036,0,2.699
53.037,0,2.699
53.038,0,2.699
53.039,0,2.699
53.04,0,2.699
53.041,0,2.699
53.042,0,2.699
53.043,0,2.699
53.044,0,2.699
53.045,0,2.699
53.046,0,2.699
53.047,0,2.699
53.048,0,2.699
53.049,0,2.699
53.05,0,2.699
53.051,0,2.699
53.052,0,2.699
53.053,0,2.699
53.054,0,2.699
53.055,0,2.699
53.056,0,2.699
53.057,0,2.699
53.058,0,2.699
53.059,0,2.699
53.06,0,2.699
53.061,0,2.699
53.062,0,2.699
53.063,0,2.699
53.064,0,2.699
53.065,0,2.699
53.066,0,2.699
53.067,0,2.699
53.068,0,2.699
53.069,0,2.699
53.07,0,2.699
53.071,0,2.699
53.072,0,2.699
53.073,0,2.699
53.074,0,2.699
53.075,0,2.699
53.076,0,2.699
53.077,0,2.699
53.078,0,2.699
53.079,0,2.699
53.08,0,2.699
53.081,0,2.699
53.082,0,2.699
53.083,0,2.699
53.084,0,2.699
53.085,0,2.699
53.086,0,2.699
53.087,0,2.699
53.088,0,2.699
53.089,0,2.699
53.09,0,2.699
53.091,0,2.699
53.092,0,2.699
53.093,0,2.699
53.094,0,2.699
53.095,0,2.699
53.096,0,2.699
53.097,0,2.699
53.098,0,2.699
53.099,0,2.699
53.1,0,2.699
53.101,0,2.699
53.102,0,2.699
53.103,0,2.699
53.104,0,2.699
53.105,0,2.699
53.106,0,2.699
53.107,0,2.699
53.108,0,2.699
53.109,0,2.699
53.11,0,2.699
53.111,0,2.699
53.112,0,2.699
53.113,0,2.699
53.114,0,2.699
53.115,0,2.699
53.116,0,2.699
53.117,0,2.699
53.118,0,2.699
53.119,0,2.699
53.12,0,2.699
53.121,0,2.699
53.122,0,2.699
53.123,0,2.699
53.124,0,2.699
53.125,0,2.699
53.126,0,2.699
53.127,0,2.699
53.128,0,2.699
53.129,0,2.699
53.13,0,2.699
53.131,0,2.699
53.132,0,2.699
53.133,0,2.699
53.134,0,2.699
53.135,0,2.699
53.136,0,2.699
53.137,0,2.699
53.138,0,2.699
53.139,0,2.699
53.14,0,2.699
53.141,0,2.699
53.142,0,2.699
53.143,0,2.699
53.144,0,2.699
53.145,0,2.699
53.146,0,2.699
53.147,0,2.699
53.148,0,2.699
53.149,0,2.699
53.15,0,2.699
53.151,0,2.699
53.152,0,2.699
53.153,0,2.699
53.154,0,2.699
53.155,0,2.699
53.156,0,2.699
53.157,0,2.699
53.158,0,2.699
53.159,0,2.699
53.16,0,2.699
53.161,0,2.699
53.162,0,2.699
53.163,0,2.699
53.164,0,2.699
53.165,0,2.699
53.166,0,2.699
53.167,0,2.699
53.168,0,2.699
53.169,0,2.699
53.17,0,2.699
53.171,0,2.699
53.172,0,2.699
53.173,0,2.699
53.174,0,2.699
53.175,0,2.699
53.176,0,2.699
53.177,0,2.699
53.178,0,2.699
53.179,0,2.699
53.18,0,2.699
53.181,0,2.699
53.182,0,2.699
53.183,0,2.699
53.184,0,2.699
53.185,0,2.699
53.186,0,2.699
53.187,0,2.699
53.188,0,2.699
53.189,0,2.699
53.19,0,2.699
53.191,0,2.699
53.192,0,2.699
53.193,0,2.699
53.194,0,2.699
53.195,0,2.699
53.196,0,2.699
53.197,0,2.699
53.198,0,2.699
53.199,0,2.699
53.2,0,2.699
53.201,0,2.699
53.202,0,2.699
53.203,0,2.699
53.204,0,2.699
53.205,0,2.699
53.206,0,2.699
53.207,0,2.699
53.208,0,2.699
53.209,0,2.699
53.21,0,2.699
53.211,0,2.699
53.212,0,2.699
53.213,0,2.699
53.214,0,2.699
53.215,0,2.699
53.216,0,2.699
53.217,0,2.699
53.218,0,2.699
53.219,0,2.699
53.22,0,2.699
53.221,0,2.699
53.222,0,2.699
53.223,0,2.699
53.224,0,2.699
53.225,0,2.699
53.226,0,2.699
53.227,0,2.699
53.228,0,2.699
53.229,0,2.699
53.23,0,2.699
53.231,0,2.699
53.232,0,2.699
53.233,0,2.699
53.234,0,2.699
53.235,0,2.699
53.236,0,2.699
53.237,0,2.699
53.238,0,2.699
53.239,0,2.699
53.24,0,2.699
53.241,0,2.699
53.242,0,2.699
53.243,0,2.699
53.244,0,2.699
53.245,0,2.699
53.246,0,2.699
53.247,0,2.699
53.248,0,2.699
53.249,0,2.699
53.25,0,2.699
53.251,0,2.699
53.252,0,2.699
53.253,0,2.699
53.254,0,2.699
53.255,0,2.699
53.256,0,2.699
53.257,0,2.699
53.258,0,2.699
53.259,0,2.699
53.26,0,2.699
53.261,0,2.699
53.262,0,2.699
53.263,0,2.699
53.264,0,2.699
53.265,0,2.699
53.266,0,2.699
53.267,0,2.699
53.268,0,2.699
53.269,0,2.699
53.27,0,2.699
53.271,0,2.699
53.272,0,2.699
53.273,0,2.699
53.274,0,2.699
53.275,0,2.699
53.276,0,2.699
53.277,0,2.699
53.278,0,2.699
53.279,0,2.699
53.28,0,2.699
53.281,0,2.699
53.282,0,2.699
53.283,0,2.699
53.284,0,2.699
53.285,0,2.699
53.286,0,2.699
53.287,0,2.699
53.288,0,2.699
53.289,0,2.699
53.29,0,2.699
53.291,0,2.699
53.292,0,2.699
53.293,0,2.699
53.294,0,2.699
53.295,0,2.699
53.296,0,2.699
53.297,0,2.699
53.298,0,2.699
53.299,0,2.699
53.3,0,2.699
53.301,0,2.699
53.302,0,2.699
53.303,0,2.699
53.304,0,2.699
53.305,0,2.699
53.306,0,2.699
53.307,0,2.699
53.308,0,2.699
53.309,0,2.699
53.31,0,2.699
53.311,0,2.699
53.312,0,2.699
53.313,0,2.699
53.314,0,2.699
53.315,0,2.699
53.316,0,2.699
53.317,0,2.699
53.318,0,2.699
53.319,0,2.699
53.32,0,2.699
53.321,0,2.699
53.322,0,2.699
53.323,0,2.699
53.324,0,2.699
53.325,0,2.699
53.326,0,2.699
53.327,0,2.699
53.328,0,2.699
53.329,0,2.699
53.33,0,2.699
53.331,0,2.699
53.332,0,2.699
53.333,0,2.699
53.334,0,2.699
53.335,0,2.699
53.336,0,2.699
53.337,0,2.699
53.338,0,2.699
53.339,0,2.699
53.34,0,2.699
53.341,0,2.699
53.342,0,2.699
53.343,0,2.699
53.344,0,2.699
53.345,0,2.699
53.346,0,2.699
53.347,0,2.699
53.348,0,2.699
53.349,0,2.699
53.35,0,2.699
53.351,0,2.699
53.352,0,2.699
53.353,0,2.699
53.354,0,2.699
53.355,0,2.699
53.356,0,2.699
53.357,0,2.699
53.358,0,2.699
53.359,0,2.699
53.36,0,2.699
53.361,0,2.699
53.362,0,2.699
53.363,0,2.699
53.364,0,2.699
53.365,0,2.699
53.366,0,2.699
53.367,0,2.699
53.368,0,2.699
53.369,0,2.699
53.37,0,2.699
53.371,0,2.699
53.372,0,2.699
53.373,0,2.699
53.374,0,2.699
53.375,0,2.699
53.376,0,2.699
53.377,0,2.699
53.378,0,2.699
53.379,0,2.699
53.38,0,2.699
53.381,0,2.699
53.382,0,2.699
53.383,0,2.699
53.384,0,2.699
53.385,0,2.699
53.386,0,2.699
53.387,0,2.699
53.388,0,2.699
53.389,0,2.699
53.39,0,2.699
53.391,0,2.699
53.392,0,2.699
53.393,0,2.699
53.394,0,2.699
53.395,0,2.699
53.396,0,2.699
53.397,0,2.699
53.398,0,2.699
53.399,0,2.699
53.4,0,2.699
53.401,0,2.699
53.402,0,2.699
53.403,0,2.699
53.404,0,2.699
53.405,0,2.699
53.406,0,2.699
53.407,0,2.699
53.408,0,2.699
53.409,0,2.699
53.41,0,2.699
53.411,0,2.699
53.412,0,2.699
53.413,0,2.699
53.414,0,2.699
53.415,0,2.699
53.416,0,2.699
53.417,0,2.699
53.418,0,2.699
53.419,0,2.699
53.42,0,2.699
53.421,0,2.699
53.422,0,2.699
53.423,0,2.699
53.424,0,2.699
53.425,0,2.699
53.426,0,2.699
53.427,0,2.699
53.428,0,2.699
53.429,0,2.699
53.43,0,2.699
53.431,0,2.699
53.432,0,2.699
53.433,0,2.699
53.434,0,2.699
53.435,0,2.699
53.436,0,2.699
53.437,0,2.699
53.438,0,2.699
53.439,0,2.699
53.44,0,2.699
53.441,0,2.699
53.442,0,2.699
53.443,0,2.699
53.444,0,2.699
53.445,0,2.699
53.446,0,2.699
53.447,0,2.699
53.448,0,2.699
53.449,0,2.699
53.45,0,2.699
53.451,0,2.699
53.452,0,2.699
53.453,0,2.699
53.454,0,2.699
53.455,0,2.699
53.456,0,2.699
53.457,0,2.699
53.458,0,2.699
53.459,0,2.699
53.46,0,2.699
53.461,0,2.699
53.462,0,2.699
53.463,0,2.699
53.464,0,2.699
53.465,0,2.699
53.466,0,2.699
53.467,0,2.699
53.468,0,2.699
53.469,0,2.699
53.47,0,2.699
53.471,0,2.699
53.472,0,2.699
53.473,0,2.699
53.474,0,2.699
53.475,0,2.699
53.476,0,2.699
53.477,0,2.699
53.478,0,2.699
53.479,0,2.699
53.48,0,2.699
53.481,0,2.699
53.482,0,2.699
53.483,0,2.699
53.484,0,2.699
53.485,0,2.699
53.486,0,2.699
53.487,0,2.699
53.488,0,2.699
53.489,0,2.699
53.49,0,2.699
53.491,0,2.699
53.492,0,2.699
53.493,0,2.699
53.494,0,2.699
53.495,0,2.699
53.496,0,2.699
53.497,0,2.699
53.498,0,2.699
53.499,0,2.699
53.5,0,2.699
53.501,0,2.699
53.502,0,2.699
53.503,0,2.699
53.504,0,2.699
53.505,0,2.699
53.506,0,2.699
53.507,0,2.699
53.508,0,2.699
53.509,0,2.699
53.51,0,2.699
53.511,0,2.699
53.512,0,2.699
53.513,0,2.699
53.514,0,2.699
53.515,0,2.699
53.516,0,2.699
53.517,0,2.699
53.518,0,2.699
53.519,0,2.699
53.52,0,2.699
53.521,0,2.699
53.522,0,2.699
53.523,0,2.699
53.524,0,2.699
53.525,0,2.699
53.526,0,2.699
53.527,0,2.699
53.528,0,2.699
53.529,0,2.699
53.53,0,2.699
53.531,0,2.699
53.532,0,2.699
53.533,0,2.699
53.534,0,2.699
53.535,0,2.699
53.536,0,2.699
53.537,0,2.699
53.538,0,2.699
53.539,0,2.699
53.54,0,2.699
53.541,0,2.699
53.542,0,2.699
53.543,0,2.699
53.544,0,2.699
53.545,0,2.699
53.546,0,2.699
53.547,0,2.699
53.548,0,2.699
53.549,0,2.699
53.55,0,2.699
53.551,0,2.699
53.552,0,2.699
53.553,0,2.699
53.554,0,2.699
53.555,0,2.699
53.556,0,2.699
53.557,0,2.699
53.558,0,2.699
53.559,0,2.699
53.56,0,2.699
53.561,0,2.699
53.562,0,2.699
53.563,0,2.699
53.564,0,2.699
53.565,0,2.699
53.566,0,2.699
53.567,0,2.699
53.568,0,2.699
53.569,0,2.699
53.57,0,2.699
53.571,0,2.699
53.572,0,2.699
53.573,0,2.699
53.574,0,2.699
53.575,0,2.699
53.576,0,2.699
53.577,0,2.699
53.578,0,2.699
53.579,0,2.699
53.58,0,2.699
53.581,0,2.699
53.582,0,2.699
53.583,0,2.699
53.584,0,2.699
53.585,0,2.699
53.586,0,2.699
53.587,0,2.699
53.588,0,2.699
53.589,0,2.699
53.59,0,2.699
53.591,0,2.699
53.592,0,2.699
53.593,0,2.699
53.594,0,2.699
53.595,0,2.699
53.596,0,2.699
53.597,0,2.699
53.598,0,2.699
53.599,0,2.699
53.6,0,2.699
53.601,0,2.699
53.602,0,2.699
53.603,0,2.699
53.604,0,2.699
53.605,0,2.699
53.606,0,2.699
53.607,0,2.699
53.608,0,2.699
53.609,0,2.699
53.61,0,2.699
53.611,0,2.699
53.612,0,2.699
53.613,0,2.699
53.614,0,2.699
53.615,0,2.699
53.616,0,2.699
53.617,0,2.699
53.618,0,2.699
53.619,0,2.699
53.62,0,2.699
53.621,0,2.699
53.622,0,2.699
53.623,0,2.699
53.624,0,2.699
53.625,0,2.699
53.626,0,2.699
53.627,0,2.699
53.628,0,2.699
53.629,0,2.699
53.63,0,2.699
53.631,0,2.699
53.632,0,2.699
53.633,0,2.699
53.634,0,2.699
53.635,0,2.699
53.636,0,2.699
53.637,0,2.699
53.638,0,2.699
53.639,0,2.699
53.64,0,2.699
53.641,0,2.699
53.642,0,2.699
53.643,0,2.699
53.644,0,2.699
53.645,0,2.699
53.646,0,2.699
53.647,0,2.699
53.648,0,2.699
53.649,0,2.699
53.65,0,2.699
53.651,0,2.699
53.652,0,2.699
53.653,0,2.699
53.654,0,2.699
53.655,0,2.699
53.656,0,2.699
53.657,0,2.699
53.658,0,2.699
53.659,0,2.699
53.66,0,2.699
53.661,0,2.699
53.662,0,2.699
53.663,0,2.699
53.664,0,2.699
53.665,0,2.699
53.666,0,2.699
53.667,0,2.699
53.668,0,2.699
53.669,0,2.699
53.67,0,2.699
53.671,0,2.699
53.672,0,2.699
53.673,0,2.699
53.674,0,2.699
53.675,0,2.699
53.676,0,2.699
53.677,0,2.699
53.678,0,2.699
53.679,0,2.699
53.68,0,2.699
53.681,0,2.699
53.682,0,2.699
53.683,0,2.699
53.684,0,2.699
53.685,0,2.699
53.686,0,2.699
53.687,0,2.699
53.688,0,2.699
53.689,0,2.699
53.69,0,2.699
53.691,0,2.699
53.692,0,2.699
53.693,0,2.699
53.694,0,2.699
53.695,0,2.699
53.696,0,2.699
53.697,0,2.699
53.698,0,2.699
53.699,0,2.699
53.7,0,2.699
53.701,0,2.699
53.702,0,2.699
53.703,0,2.699
53.704,0,2.699
53.705,0,2.699
53.706,0,2.699
53.707,0,2.699
53.708,0,2.699
53.709,0,2.699
53.71,0,2.699
53.711,0,2.699
53.712,0,2.699
53.713,0,2.699
53.714,0,2.699
53.715,0,2.699
53.716,0,2.699
53.717,0,2.699
53.718,0,2.699
53.719,0,2.699
53.72,0,2.699
53.721,0,2.699
53.722,0,2.699
53.723,0,2.699
53.724,0,2.699
53.725,0,2.699
53.726,0,2.699
53.727,0,2.699
53.728,0,2.699
53.729,0,2.699
53.73,0,2.699
53.731,0,2.699
53.732,0,2.699
53.733,0,2.699
53.734,0,2.699
53.735,0,2.699
53.736,0,2.699
53.737,0,2.699
53.738,0,2.699
53.739,0,2.699
53.74,0,2.699
53.741,0,2.699
53.742,0,2.699
53.743,0,2.699
53.744,0,2.699
53.745,0,2.699
53.746,0,2.699
53.747,0,2.699
53.748,0,2.699
53.749,0,2.699
53.75,0,2.699
53.751,0,2.699
53.752,0,2.699
53.753,0,2.699
53.754,0,2.699
53.755,0,2.699
53.756,0,2.699
53.757,0,2.699
53.758,0,2.699
53.759,0,2.699
53.76,0,2.699
53.761,0,2.699
53.762,0,2.699
53.763,0,2.699
53.764,0,2.699
53.765,0,2.699
53.766,0,2.699
53.767,0,2.699
53.768,0,2.699
53.769,0,2.699
53.77,0,2.699
53.771,0,2.699
53.772,0,2.699
53.773,0,2.699
53.774,0,2.699
53.775,0,2.699
53.776,0,2.699
53.777,0,2.699
53.778,0,2.699
53.779,0,2.699
53.78,0,2.699
53.781,0,2.699
53.782,0,2.699
53.783,0,2.699
53.784,0,2.699
53.785,0,2.699
53.786,0,2.699
53.787,0,2.699
53.788,0,2.699
53.789,0,2.699
53.79,0,2.699
53.791,0,2.699
53.792,0,2.699
53.793,0,2.699
53.794,0,2.699
53.795,0,2.699
53.796,0,2.699
53.797,0,2.699
53.798,0,2.699
53.799,0,2.699
53.8,0,2.699
53.801,0,2.699
53.802,0,2.699
53.803,0,2.699
53.804,0,2.699
53.805,0,2.699
53.806,0,2.699
53.807,0,2.699
53.808,0,2.699
53.809,0,2.699
53.81,0,2.699
53.811,0,2.699
53.812,0,2.699
53.813,0,2.699
53.814,0,2.699
53.815,0,2.699
53.816,0,2.699
53.817,0,2.699
53.818,0,2.699
53.819,0,2.699
53.82,0,2.699
53.821,0,2.699
53.822,0,2.699
53.823,0,2.699
53.824,0,2.699
53.825,0,2.699
53.826,0,2.699
53.827,0,2.699
53.828,0,2.699
53.829,0,2.699
53.83,0,2.699
53.831,0,2.699
53.832,0,2.699
53.833,0,2.699
53.834,0,2.699
53.835,0,2.699
53.836,0,2.699
53.837,0,2.699
53.838,0,2.699
53.839,0,2.699
53.84,0,2.699
53.841,0,2.699
53.842,0,2.699
53.843,0,2.699
53.844,0,2.699
53.845,0,2.699
53.846,0,2.699
53.847,0,2.699
53.848,0,2.699
53.849,0,2.699
53.85,0,2.699
53.851,0,2.699
53.852,0,2.699
53.853,0,2.699
53.854,0,2.699
53.855,0,2.699
53.856,0,2.699
53.857,0,2.699
53.858,0,2.699
53.859,0,2.699
53.86,0,2.699
53.861,0,2.699
53.862,0,2.699
53.863,0,2.699
53.864,0,2.699
53.865,0,2.699
53.866,0,2.699
53.867,0,2.699
53.868,0,2.699
53.869,0,2.699
53.87,0,2.699
53.871,0,2.699
53.872,0,2.699
53.873,0,2.699
53.874,0,2.699
53.875,0,2.699
53.876,0,2.699
53.877,0,2.699
53.878,0,2.699
53.879,0,2.699
53.88,0,2.699
53.881,0,2.699
53.882,0,2.699
53.883,0,2.699
53.884,0,2.699
53.885,0,2.699
53.886,0,2.699
53.887,0,2.699
53.888,0,2.699
53.889,0,2.699
53.89,0,2.699
53.891,0,2.699
53.892,0,2.699
53.893,0,2.699
53.894,0,2.699
53.895,0,2.699
53.896,0,2.699
53.897,0,2.699
53.898,0,2.699
53.899,0,2.699
53.9,0,2.699
53.901,0,2.699
53.902,0,2.699
53.903,0,2.699
53.904,0,2.699
53.905,0,2.699
53.906,0,2.699
53.907,0,2.699
53.908,0,2.699
53.909,0,2.699
53.91,0,2.699
53.911,0,2.699
53.912,0,2.699
53.913,0,2.699
53.914,0,2.699
53.915,0,2.699
53.916,0,2.699
53.917,0,2.699
53.918,0,2.699
53.919,0,2.699
53.92,0,2.699
53.921,0,2.699
53.922,0,2.699
53.923,0,2.699
53.924,0,2.699
53.925,0,2.699
53.926,0,2.699
53.927,0,2.699
53.928,0,2.699
53.929,0,2.699
53.93,0,2.699
53.931,0,2.699
53.932,0,2.699
53.933,0,2.699
53.934,0,2.699
53.935,0,2.699
53.936,0,2.699
53.937,0,2.699
53.938,0,2.699
53.939,0,2.699
53.94,0,2.699
53.941,0,2.699
53.942,0,2.699
53.943,0,2.699
53.944,0,2.699
53.945,0,2.699
53.946,0,2.699
53.947,0,2.699
53.948,0,2.699
53.949,0,2.699
53.95,0,2.699
53.951,0,2.699
53.952,0,2.699
53.953,0,2.699
53.954,0,2.699
53.955,0,2.699
53.956,0,2.699
53.957,0,2.699
53.958,0,2.699
53.959,0,2.699
53.96,0,2.699
53.961,0,2.699
53.962,0,2.699
53.963,0,2.699
53.964,0,2.699
53.965,0,2.699
53.966,0,2.699
53.967,0,2.699
53.968,0,2.699
53.969,0,2.699
53.97,0,2.699
53.971,0,2.699
53.972,0,2.699
53.973,0,2.699
53.974,0,2.699
53.975,0,2.699
53.976,0,2.699
53.977,0,2.699
53.978,0,2.699
53.979,0,2.699
53.98,0,2.699
53.981,0,2.699
53.982,0,2.699
53.983,0,2.699
53.984,0,2.699
53.985,0,2.699
53.986,0,2.699
53.987,0,2.699
53.988,0,2.699
53.989,0,2.699
53.99,0,2.699
53.991,0,2.699
53.992,0,2.699
53.993,0,2.699
53.994,0,2.699
53.995,0,2.699
53.996,0,2.699
53.997,0,2.699
53.998,0,2.699
53.999,0,2.699
54,0.2,0.401000000000003
54.001,0.2,0.401000000000003
54.002,0.2,0.401000000000003
54.003,0.2,0.401000000000003
54.004,0.2,0.401000000000003
54.005,0.2,0.401000000000003
54.006,0.2,0.401000000000003
54.007,0.2,0.401000000000003
54.008,0.2,0.401000000000003
54.009,0.2,0.401000000000003
54.01,0.2,0.401000000000003
54.011,0.2,0.401000000000003
54.012,0.2,0.401000000000003
54.013,0.2,0.401000000000003
54.014,0.2,0.401000000000003
54.015,0.2,0.401000000000003
54.016,0.2,0.401000000000003
54.017,0.2,0.401000000000003
54.018,0.2,0.401000000000003
54.019,0.2,0.401000000000003
54.02,0.2,0.401000000000003
54.021,0.2,0.401000000000003
54.022,0.2,0.401000000000003
54.023,0.2,0.401000000000003
54.024,0.2,0.401000000000003
54.025,0.2,0.401000000000003
54.026,0.2,0.401000000000003
54.027,0.2,0.401000000000003
54.028,0.2,0.401000000000003
54.029,0.2,0.401000000000003
54.03,0.2,0.401000000000003
54.031,0.2,0.401000000000003
54.032,0.2,0.401000000000003
54.033,0.2,0.401000000000003
54.034,0.2,0.401000000000003
54.035,0.2,0.401000000000003
54.036,0.2,0.401000000000003
54.037,0.2,0.401000000000003
54.038,0.2,0.401000000000003
54.039,0.2,0.401000000000003
54.04,0.2,0.401000000000003
54.041,0.2,0.401000000000003
54.042,0.2,0.401000000000003
54.043,0.2,0.401000000000003
54.044,0.2,0.401000000000003
54.045,0.2,0.401000000000003
54.046,0.2,0.401000000000003
54.047,0.2,0.401000000000003
54.048,0.2,0.401000000000003
54.049,0.2,0.401000000000003
54.05,0.2,0.401000000000003
54.051,0.2,0.401000000000003
54.052,0.2,0.401000000000003
54.053,0.2,0.401000000000003
54.054,0.2,0.401000000000003
54.055,0.2,0.401000000000003
54.056,0.2,0.401000000000003
54.057,0.2,0.401000000000003
54.058,0.2,0.401000000000003
54.059,0.2,0.401000000000003
54.06,0.2,0.401000000000003
54.061,0.2,0.401000000000003
54.062,0.2,0.401000000000003
54.063,0.2,0.401000000000003
54.064,0.2,0.401000000000003
54.065,0.2,0.401000000000003
54.066,0.2,0.401000000000003
54.067,0.2,0.401000000000003
54.068,0.2,0.401000000000003
54.069,0.2,0.401000000000003
54.07,0.2,0.401000000000003
54.071,0.2,0.401000000000003
54.072,0.2,0.401000000000003
54.073,0.2,0.401000000000003
54.074,0.2,0.401000000000003
54.075,0.2,0.401000000000003
54.076,0.2,0.401000000000003
54.077,0.2,0.401000000000003
54.078,0.2,0.401000000000003
54.079,0.2,0.401000000000003
54.08,0.2,0.401000000000003
54.081,0.2,0.401000000000003
54.082,0.2,0.401000000000003
54.083,0.2,0.401000000000003
54.084,0.2,0.401000000000003
54.085,0.2,0.401000000000003
54.086,0.2,0.401000000000003
54.087,0.2,0.401000000000003
54.088,0.2,0.401000000000003
54.089,0.2,0.401000000000003
54.09,0.2,0.401000000000003
54.091,0.2,0.401000000000003
54.092,0.2,0.401000000000003
54.093,0.2,0.401000000000003
54.094,0.2,0.401000000000003
54.095,0.2,0.401000000000003
54.096,0.2,0.401000000000003
54.097,0.2,0.401000000000003
54.098,0.2,0.401000000000003
54.099,0.2,0.401000000000003
54.1,0.2,0.401000000000003
54.101,0.2,0.401000000000003
54.102,0.2,0.401000000000003
54.103,0.2,0.401000000000003
54.104,0.2,0.401000000000003
54.105,0.2,0.401000000000003
54.106,0.2,0.401000000000003
54.107,0.2,0.401000000000003
54.108,0.2,0.401000000000003
54.109,0.2,0.401000000000003
54.11,0.2,0.401000000000003
54.111,0.2,0.401000000000003
54.112,0.2,0.401000000000003
54.113,0.2,0.401000000000003
54.114,0.2,0.401000000000003
54.115,0.2,0.401000000000003
54.116,0.2,0.401000000000003
54.117,0.2,0.401000000000003
54.118,0.2,0.401000000000003
54.119,0.2,0.401000000000003
54.12,0.2,0.401000000000003
54.121,0.2,0.401000000000003
54.122,0.2,0.401000000000003
54.123,0.2,0.401000000000003
54.124,0.2,0.401000000000003
54.125,0.2,0.401000000000003
54.126,0.2,0.401000000000003
54.127,0.2,0.401000000000003
54.128,0.2,0.401000000000003
54.129,0.2,0.401000000000003
54.13,0.2,0.401000000000003
54.131,0.2,0.401000000000003
54.132,0.2,0.401000000000003
54.133,0.2,0.401000000000003
54.134,0.2,0.401000000000003
54.135,0.2,0.401000000000003
54.136,0.2,0.401000000000003
54.137,0.2,0.401000000000003
54.138,0.2,0.401000000000003
54.139,0.2,0.401000000000003
54.14,0.2,0.401000000000003
54.141,0.2,0.401000000000003
54.142,0.2,0.401000000000003
54.143,0.2,0.401000000000003
54.144,0.2,0.401000000000003
54.145,0.2,0.401000000000003
54.146,0.2,0.401000000000003
54.147,0.2,0.401000000000003
54.148,0.2,0.401000000000003
54.149,0.2,0.401000000000003
54.15,0.2,0.401000000000003
54.151,0.2,0.401000000000003
54.152,0.2,0.401000000000003
54.153,0.2,0.401000000000003
54.154,0.2,0.401000000000003
54.155,0.2,0.401000000000003
54.156,0.2,0.401000000000003
54.157,0.2,0.401000000000003
54.158,0.2,0.401000000000003
54.159,0.2,0.401000000000003
54.16,0.2,0.401000000000003
54.161,0.2,0.401000000000003
54.162,0.2,0.401000000000003
54.163,0.2,0.401000000000003
54.164,0.2,0.401000000000003
54.165,0.2,0.401000000000003
54.166,0.2,0.401000000000003
54.167,0.2,0.401000000000003
54.168,0.2,0.401000000000003
54.169,0.2,0.401000000000003
54.17,0.2,0.401000000000003
54.171,0.2,0.401000000000003
54.172,0.2,0.401000000000003
54.173,0.2,0.401000000000003
54.174,0.2,0.401000000000003
54.175,0.2,0.401000000000003
54.176,0.2,0.401000000000003
54.177,0.2,0.401000000000003
54.178,0.2,0.401000000000003
54.179,0.2,0.401000000000003
54.18,0.2,0.401000000000003
54.181,0.2,0.401000000000003
54.182,0.2,0.401000000000003
54.183,0.2,0.401000000000003
54.184,0.2,0.401000000000003
54.185,0.2,0.401000000000003
54.186,0.2,0.401000000000003
54.187,0.2,0.401000000000003
54.188,0.2,0.401000000000003
54.189,0.2,0.401000000000003
54.19,0.2,0.401000000000003
54.191,0.2,0.401000000000003
54.192,0.2,0.401000000000003
54.193,0.2,0.401000000000003
54.194,0.2,0.401000000000003
54.195,0.2,0.401000000000003
54.196,0.2,0.401000000000003
54.197,0.2,0.401000000000003
54.198,0.2,0.401000000000003
54.199,0.2,0.401000000000003
54.2,0.2,0.401000000000003
54.201,0.2,0.401000000000003
54.202,0.2,0.401000000000003
54.203,0.2,0.401000000000003
54.204,0.2,0.401000000000003
54.205,0.2,0.401000000000003
54.206,0.2,0.401000000000003
54.207,0.2,0.401000000000003
54.208,0.2,0.401000000000003
54.209,0.2,0.401000000000003
54.21,0.2,0.401000000000003
54.211,0.2,0.401000000000003
54.212,0.2,0.401000000000003
54.213,0.2,0.401000000000003
54.214,0.2,0.401000000000003
54.215,0.2,0.401000000000003
54.216,0.2,0.401000000000003
54.217,0.2,0.401000000000003
54.218,0.2,0.401000000000003
54.219,0.2,0.401000000000003
54.22,0.2,0.401000000000003
54.221,0.2,0.401000000000003
54.222,0.2,0.401000000000003
54.223,0.2,0.401000000000003
54.224,0.2,0.401000000000003
54.225,0.2,0.401000000000003
54.226,0.2,0.401000000000003
54.227,0.2,0.401000000000003
54.228,0.2,0.401000000000003
54.229,0.2,0.401000000000003
54.23,0.2,0.401000000000003
54.231,0.2,0.401000000000003
54.232,0.2,0.401000000000003
54.233,0.2,0.401000000000003
54.234,0.2,0.401000000000003
54.235,0.2,0.401000000000003
54.236,0.2,0.401000000000003
54.237,0.2,0.401000000000003
54.238,0.2,0.401000000000003
54.239,0.2,0.401000000000003
54.24,0.2,0.401000000000003
54.241,0.2,0.401000000000003
54.242,0.2,0.401000000000003
54.243,0.2,0.401000000000003
54.244,0.2,0.401000000000003
54.245,0.2,0.401000000000003
54.246,0.2,0.401000000000003
54.247,0.2,0.401000000000003
54.248,0.2,0.401000000000003
54.249,0.2,0.401000000000003
54.25,0.2,0.401000000000003
54.251,0.2,0.401000000000003
54.252,0.2,0.401000000000003
54.253,0.2,0.401000000000003
54.254,0.2,0.401000000000003
54.255,0.2,0.401000000000003
54.256,0.2,0.401000000000003
54.257,0.2,0.401000000000003
54.258,0.2,0.401000000000003
54.259,0.2,0.401000000000003
54.26,0.2,0.401000000000003
54.261,0.2,0.401000000000003
54.262,0.2,0.401000000000003
54.263,0.2,0.401000000000003
54.264,0.2,0.401000000000003
54.265,0.2,0.401000000000003
54.266,0.2,0.401000000000003
54.267,0.2,0.401000000000003
54.268,0.2,0.401000000000003
54.269,0.2,0.401000000000003
54.27,0.2,0.401000000000003
54.271,0.2,0.401000000000003
54.272,0.2,0.401000000000003
54.273,0.2,0.401000000000003
54.274,0.2,0.401000000000003
54.275,0.2,0.401000000000003
54.276,0.2,0.401000000000003
54.277,0.2,0.401000000000003
54.278,0.2,0.401000000000003
54.279,0.2,0.401000000000003
54.28,0.2,0.401000000000003
54.281,0.2,0.401000000000003
54.282,0.2,0.401000000000003
54.283,0.2,0.401000000000003
54.284,0.2,0.401000000000003
54.285,0.2,0.401000000000003
54.286,0.2,0.401000000000003
54.287,0.2,0.401000000000003
54.288,0.2,0.401000000000003
54.289,0.2,0.401000000000003
54.29,0.2,0.401000000000003
54.291,0.2,0.401000000000003
54.292,0.2,0.401000000000003
54.293,0.2,0.401000000000003
54.294,0.2,0.401000000000003
54.295,0.2,0.401000000000003
54.296,0.2,0.401000000000003
54.297,0.2,0.401000000000003
54.298,0.2,0.401000000000003
54.299,0.2,0.401000000000003
54.3,0.2,0.401000000000003
54.301,0.2,0.401000000000003
54.302,0.2,0.401000000000003
54.303,0.2,0.401000000000003
54.304,0.2,0.401000000000003
54.305,0.2,0.401000000000003
54.306,0.2,0.401000000000003
54.307,0.2,0.401000000000003
54.308,0.2,0.401000000000003
54.309,0.2,0.401000000000003
54.31,0.2,0.401000000000003
54.311,0.2,0.401000000000003
54.312,0.2,0.401000000000003
54.313,0.2,0.401000000000003
54.314,0.2,0.401000000000003
54.315,0.2,0.401000000000003
54.316,0.2,0.401000000000003
54.317,0.2,0.401000000000003
54.318,0.2,0.401000000000003
54.319,0.2,0.401000000000003
54.32,0.2,0.401000000000003
54.321,0.2,0.401000000000003
54.322,0.2,0.401000000000003
54.323,0.2,0.401000000000003
54.324,0.2,0.401000000000003
54.325,0.2,0.401000000000003
54.326,0.2,0.401000000000003
54.327,0.2,0.401000000000003
54.328,0.2,0.401000000000003
54.329,0.2,0.401000000000003
54.33,0.2,0.401000000000003
54.331,0.2,0.401000000000003
54.332,0.2,0.401000000000003
54.333,0.2,0.401000000000003
54.334,0.2,0.401000000000003
54.335,0.2,0.401000000000003
54.336,0.2,0.401000000000003
54.337,0.2,0.401000000000003
54.338,0.2,0.401000000000003
54.339,0.2,0.401000000000003
54.34,0.2,0.401000000000003
54.341,0.2,0.401000000000003
54.342,0.2,0.401000000000003
54.343,0.2,0.401000000000003
54.344,0.2,0.401000000000003
54.345,0.2,0.401000000000003
54.346,0.2,0.401000000000003
54.347,0.2,0.401000000000003
54.348,0.2,0.401000000000003
54.349,0.2,0.401000000000003
54.35,0.2,0.401000000000003
54.351,0.2,0.401000000000003
54.352,0.2,0.401000000000003
54.353,0.2,0.401000000000003
54.354,0.2,0.401000000000003
54.355,0.2,0.401000000000003
54.356,0.2,0.401000000000003
54.357,0.2,0.401000000000003
54.358,0.2,0.401000000000003
54.359,0.2,0.401000000000003
54.36,0.2,0.401000000000003
54.361,0.2,0.401000000000003
54.362,0.2,0.401000000000003
54.363,0.2,0.401000000000003
54.364,0.2,0.401000000000003
54.365,0.2,0.401000000000003
54.366,0.2,0.401000000000003
54.367,0.2,0.401000000000003
54.368,0.2,0.401000000000003
54.369,0.2,0.401000000000003
54.37,0.2,0.401000000000003
54.371,0.2,0.401000000000003
54.372,0.2,0.401000000000003
54.373,0.2,0.401000000000003
54.374,0.2,0.401000000000003
54.375,0.2,0.401000000000003
54.376,0.2,0.401000000000003
54.377,0.2,0.401000000000003
54.378,0.2,0.401000000000003
54.379,0.2,0.401000000000003
54.38,0.2,0.401000000000003
54.381,0.2,0.401000000000003
54.382,0.2,0.401000000000003
54.383,0.2,0.401000000000003
54.384,0.2,0.401000000000003
54.385,0.2,0.401000000000003
54.386,0.2,0.401000000000003
54.387,0.2,0.401000000000003
54.388,0.2,0.401000000000003
54.389,0.2,0.401000000000003
54.39,0.2,0.401000000000003
54.391,0.2,0.401000000000003
54.392,0.2,0.401000000000003
54.393,0.2,0.401000000000003
54.394,0.2,0.401000000000003
54.395,0.2,0.401000000000003
54.396,0.2,0.401000000000003
54.397,0.2,0.401000000000003
54.398,0.2,0.401000000000003
54.399,0.2,0.401000000000003
54.4,0.2,0.401000000000003
54.401,0,2.599
54.402,0,2.599
54.403,0,2.599
54.404,0,2.599
54.405,0,2.599
54.406,0,2.599
54.407,0,2.599
54.408,0,2.599
54.409,0,2.599
54.41,0,2.599
54.411,0,2.599
54.412,0,2.599
54.413,0,2.599
54.414,0,2.599
54.415,0,2.599
54.416,0,2.599
54.417,0,2.599
54.418,0,2.599
54.419,0,2.599
54.42,0,2.599
54.421,0,2.599
54.422,0,2.599
54.423,0,2.599
54.424,0,2.599
54.425,0,2.599
54.426,0,2.599
54.427,0,2.599
54.428,0,2.599
54.429,0,2.599
54.43,0,2.599
54.431,0,2.599
54.432,0,2.599
54.433,0,2.599
54.434,0,2.599
54.435,0,2.599
54.436,0,2.599
54.437,0,2.599
54.438,0,2.599
54.439,0,2.599
54.44,0,2.599
54.441,0,2.599
54.442,0,2.599
54.443,0,2.599
54.444,0,2.599
54.445,0,2.599
54.446,0,2.599
54.447,0,2.599
54.448,0,2.599
54.449,0,2.599
54.45,0,2.599
54.451,0,2.599
54.452,0,2.599
54.453,0,2.599
54.454,0,2.599
54.455,0,2.599
54.456,0,2.599
54.457,0,2.599
54.458,0,2.599
54.459,0,2.599
54.46,0,2.599
54.461,0,2.599
54.462,0,2.599
54.463,0,2.599
54.464,0,2.599
54.465,0,2.599
54.466,0,2.599
54.467,0,2.599
54.468,0,2.599
54.469,0,2.599
54.47,0,2.599
54.471,0,2.599
54.472,0,2.599
54.473,0,2.599
54.474,0,2.599
54.475,0,2.599
54.476,0,2.599
54.477,0,2.599
54.478,0,2.599
54.479,0,2.599
54.48,0,2.599
54.481,0,2.599
54.482,0,2.599
54.483,0,2.599
54.484,0,2.599
54.485,0,2.599
54.486,0,2.599
54.487,0,2.599
54.488,0,2.599
54.489,0,2.599
54.49,0,2.599
54.491,0,2.599
54.492,0,2.599
54.493,0,2.599
54.494,0,2.599
54.495,0,2.599
54.496,0,2.599
54.497,0,2.599
54.498,0,2.599
54.499,0,2.599
54.5,0,2.599
54.501,0,2.599
54.502,0,2.599
54.503,0,2.599
54.504,0,2.599
54.505,0,2.599
54.506,0,2.599
54.507,0,2.599
54.508,0,2.599
54.509,0,2.599
54.51,0,2.599
54.511,0,2.599
54.512,0,2.599
54.513,0,2.599
54.514,0,2.599
54.515,0,2.599
54.516,0,2.599
54.517,0,2.599
54.518,0,2.599
54.519,0,2.599
54.52,0,2.599
54.521,0,2.599
54.522,0,2.599
54.523,0,2.599
54.524,0,2.599
54.525,0,2.599
54.526,0,2.599
54.527,0,2.599
54.528,0,2.599
54.529,0,2.599
54.53,0,2.599
54.531,0,2.599
54.532,0,2.599
54.533,0,2.599
54.534,0,2.599
54.535,0,2.599
54.536,0,2.599
54.537,0,2.599
54.538,0,2.599
54.539,0,2.599
54.54,0,2.599
54.541,0,2.599
54.542,0,2.599
54.543,0,2.599
54.544,0,2.599
54.545,0,2.599
54.546,0,2.599
54.547,0,2.599
54.548,0,2.599
54.549,0,2.599
54.55,0,2.599
54.551,0,2.599
54.552,0,2.599
54.553,0,2.599
54.554,0,2.599
54.555,0,2.599
54.556,0,2.599
54.557,0,2.599
54.558,0,2.599
54.559,0,2.599
54.56,0,2.599
54.561,0,2.599
54.562,0,2.599
54.563,0,2.599
54.564,0,2.599
54.565,0,2.599
54.566,0,2.599
54.567,0,2.599
54.568,0,2.599
54.569,0,2.599
54.57,0,2.599
54.571,0,2.599
54.572,0,2.599
54.573,0,2.599
54.574,0,2.599
54.575,0,2.599
54.576,0,2.599
54.577,0,2.599
54.578,0,2.599
54.579,0,2.599
54.58,0,2.599
54.581,0,2.599
54.582,0,2.599
54.583,0,2.599
54.584,0,2.599
54.585,0,2.599
54.586,0,2.599
54.587,0,2.599
54.588,0,2.599
54.589,0,2.599
54.59,0,2.599
54.591,0,2.599
54.592,0,2.599
54.593,0,2.599
54.594,0,2.599
54.595,0,2.599
54.596,0,2.599
54.597,0,2.599
54.598,0,2.599
54.599,0,2.599
54.6,0,2.599
54.601,0,2.599
54.602,0,2.599
54.603,0,2.599
54.604,0,2.599
54.605,0,2.599
54.606,0,2.599
54.607,0,2.599
54.608,0,2.599
54.609,0,2.599
54.61,0,2.599
54.611,0,2.599
54.612,0,2.599
54.613,0,2.599
54.614,0,2.599
54.615,0,2.599
54.616,0,2.599
54.617,0,2.599
54.618,0,2.599
54.619,0,2.599
54.62,0,2.599
54.621,0,2.599
54.622,0,2.599
54.623,0,2.599
54.624,0,2.599
54.625,0,2.599
54.626,0,2.599
54.627,0,2.599
54.628,0,2.599
54.629,0,2.599
54.63,0,2.599
54.631,0,2.599
54.632,0,2.599
54.633,0,2.599
54.634,0,2.599
54.635,0,2.599
54.636,0,2.599
54.637,0,2.599
54.638,0,2.599
54.639,0,2.599
54.64,0,2.599
54.641,0,2.599
54.642,0,2.599
54.643,0,2.599
54.644,0,2.599
54.645,0,2.599
54.646,0,2.599
54.647,0,2.599
54.648,0,2.599
54.649,0,2.599
54.65,0,2.599
54.651,0,2.599
54.652,0,2.599
54.653,0,2.599
54.654,0,2.599
54.655,0,2.599
54.656,0,2.599
54.657,0,2.599
54.658,0,2.599
54.659,0,2.599
54.66,0,2.599
54.661,0,2.599
54.662,0,2.599
54.663,0,2.599
54.664,0,2.599
54.665,0,2.599
54.666,0,2.599
54.667,0,2.599
54.668,0,2.599
54.669,0,2.599
54.67,0,2.599
54.671,0,2.599
54.672,0,2.599
54.673,0,2.599
54.674,0,2.599
54.675,0,2.599
54.676,0,2.599
54.677,0,2.599
54.678,0,2.599
54.679,0,2.599
54.68,0,2.599
54.681,0,2.599
54.682,0,2.599
54.683,0,2.599
54.684,0,2.599
54.685,0,2.599
54.686,0,2.599
54.687,0,2.599
54.688,0,2.599
54.689,0,2.599
54.69,0,2.599
54.691,0,2.599
54.692,0,2.599
54.693,0,2.599
54.694,0,2.599
54.695,0,2.599
54.696,0,2.599
54.697,0,2.599
54.698,0,2.599
54.699,0,2.599
54.7,0,2.599
54.701,0,2.599
54.702,0,2.599
54.703,0,2.599
54.704,0,2.599
54.705,0,2.599
54.706,0,2.599
54.707,0,2.599
54.708,0,2.599
54.709,0,2.599
54.71,0,2.599
54.711,0,2.599
54.712,0,2.599
54.713,0,2.599
54.714,0,2.599
54.715,0,2.599
54.716,0,2.599
54.717,0,2.599
54.718,0,2.599
54.719,0,2.599
54.72,0,2.599
54.721,0,2.599
54.722,0,2.599
54.723,0,2.599
54.724,0,2.599
54.725,0,2.599
54.726,0,2.599
54.727,0,2.599
54.728,0,2.599
54.729,0,2.599
54.73,0,2.599
54.731,0,2.599
54.732,0,2.599
54.733,0,2.599
54.734,0,2.599
54.735,0,2.599
54.736,0,2.599
54.737,0,2.599
54.738,0,2.599
54.739,0,2.599
54.74,0,2.599
54.741,0,2.599
54.742,0,2.599
54.743,0,2.599
54.744,0,2.599
54.745,0,2.599
54.746,0,2.599
54.747,0,2.599
54.748,0,2.599
54.749,0,2.599
54.75,0,2.599
54.751,0,2.599
54.752,0,2.599
54.753,0,2.599
54.754,0,2.599
54.755,0,2.599
54.756,0,2.599
54.757,0,2.599
54.758,0,2.599
54.759,0,2.599
54.76,0,2.599
54.761,0,2.599
54.762,0,2.599
54.763,0,2.599
54.764,0,2.599
54.765,0,2.599
54.766,0,2.599
54.767,0,2.599
54.768,0,2.599
54.769,0,2.599
54.77,0,2.599
54.771,0,2.599
54.772,0,2.599
54.773,0,2.599
54.774,0,2.599
54.775,0,2.599
54.776,0,2.599
54.777,0,2.599
54.778,0,2.599
54.779,0,2.599
54.78,0,2.599
54.781,0,2.599
54.782,0,2.599
54.783,0,2.599
54.784,0,2.599
54.785,0,2.599
54.786,0,2.599
54.787,0,2.599
54.788,0,2.599
54.789,0,2.599
54.79,0,2.599
54.791,0,2.599
54.792,0,2.599
54.793,0,2.599
54.794,0,2.599
54.795,0,2.599
54.796,0,2.599
54.797,0,2.599
54.798,0,2.599
54.799,0,2.599
54.8,0,2.599
54.801,0,2.599
54.802,0,2.599
54.803,0,2.599
54.804,0,2.599
54.805,0,2.599
54.806,0,2.599
54.807,0,2.599
54.808,0,2.599
54.809,0,2.599
54.81,0,2.599
54.811,0,2.599
54.812,0,2.599
54.813,0,2.599
54.814,0,2.599
54.815,0,2.599
54.816,0,2.599
54.817,0,2.599
54.818,0,2.599
54.819,0,2.599
54.82,0,2.599
54.821,0,2.599
54.822,0,2.599
54.823,0,2.599
54.824,0,2.599
54.825,0,2.599
54.826,0,2.599
54.827,0,2.599
54.828,0,2.599
54.829,0,2.599
54.83,0,2.599
54.831,0,2.599
54.832,0,2.599
54.833,0,2.599
54.834,0,2.599
54.835,0,2.599
54.836,0,2.599
54.837,0,2.599
54.838,0,2.599
54.839,0,2.599
54.84,0,2.599
54.841,0,2.599
54.842,0,2.599
54.843,0,2.599
54.844,0,2.599
54.845,0,2.599
54.846,0,2.599
54.847,0,2.599
54.848,0,2.599
54.849,0,2.599
54.85,0,2.599
54.851,0,2.599
54.852,0,2.599
54.853,0,2.599
54.854,0,2.599
54.855,0,2.599
54.856,0,2.599
54.857,0,2.599
54.858,0,2.599
54.859,0,2.599
54.86,0,2.599
54.861,0,2.599
54.862,0,2.599
54.863,0,2.599
54.864,0,2.599
54.865,0,2.599
54.866,0,2.599
54.867,0,2.599
54.868,0,2.599
54.869,0,2.599
54.87,0,2.599
54.871,0,2.599
54.872,0,2.599
54.873,0,2.599
54.874,0,2.599
54.875,0,2.599
54.876,0,2.599
54.877,0,2.599
54.878,0,2.599
54.879,0,2.599
54.88,0,2.599
54.881,0,2.599
54.882,0,2.599
54.883,0,2.599
54.884,0,2.599
54.885,0,2.599
54.886,0,2.599
54.887,0,2.599
54.888,0,2.599
54.889,0,2.599
54.89,0,2.599
54.891,0,2.599
54.892,0,2.599
54.893,0,2.599
54.894,0,2.599
54.895,0,2.599
54.896,0,2.599
54.897,0,2.599
54.898,0,2.599
54.899,0,2.599
54.9,0,2.599
54.901,0,2.599
54.902,0,2.599
54.903,0,2.599
54.904,0,2.599
54.905,0,2.599
54.906,0,2.599
54.907,0,2.599
54.908,0,2.599
54.909,0,2.599
54.91,0,2.599
54.911,0,2.599
54.912,0,2.599
54.913,0,2.599
54.914,0,2.599
54.915,0,2.599
54.916,0,2.599
54.917,0,2.599
54.918,0,2.599
54.919,0,2.599
54.92,0,2.599
54.921,0,2.599
54.922,0,2.599
54.923,0,2.599
54.924,0,2.599
54.925,0,2.599
54.926,0,2.599
54.927,0,2.599
54.928,0,2.599
54.929,0,2.599
54.93,0,2.599
54.931,0,2.599
54.932,0,2.599
54.933,0,2.599
54.934,0,2.599
54.935,0,2.599
54.936,0,2.599
54.937,0,2.599
54.938,0,2.599
54.939,0,2.599
54.94,0,2.599
54.941,0,2.599
54.942,0,2.599
54.943,0,2.599
54.944,0,2.599
54.945,0,2.599
54.946,0,2.599
54.947,0,2.599
54.948,0,2.599
54.949,0,2.599
54.95,0,2.599
54.951,0,2.599
54.952,0,2.599
54.953,0,2.599
54.954,0,2.599
54.955,0,2.599
54.956,0,2.599
54.957,0,2.599
54.958,0,2.599
54.959,0,2.599
54.96,0,2.599
54.961,0,2.599
54.962,0,2.599
54.963,0,2.599
54.964,0,2.599
54.965,0,2.599
54.966,0,2.599
54.967,0,2.599
54.968,0,2.599
54.969,0,2.599
54.97,0,2.599
54.971,0,2.599
54.972,0,2.599
54.973,0,2.599
54.974,0,2.599
54.975,0,2.599
54.976,0,2.599
54.977,0,2.599
54.978,0,2.599
54.979,0,2.599
54.98,0,2.599
54.981,0,2.599
54.982,0,2.599
54.983,0,2.599
54.984,0,2.599
54.985,0,2.599
54.986,0,2.599
54.987,0,2.599
54.988,0,2.599
54.989,0,2.599
54.99,0,2.599
54.991,0,2.599
54.992,0,2.599
54.993,0,2.599
54.994,0,2.599
54.995,0,2.599
54.996,0,2.599
54.997,0,2.599
54.998,0,2.599
54.999,0,2.599
55,0,2.599
55.001,0,2.599
55.002,0,2.599
55.003,0,2.599
55.004,0,2.599
55.005,0,2.599
55.006,0,2.599
55.007,0,2.599
55.008,0,2.599
55.009,0,2.599
55.01,0,2.599
55.011,0,2.599
55.012,0,2.599
55.013,0,2.599
55.014,0,2.599
55.015,0,2.599
55.016,0,2.599
55.017,0,2.599
55.018,0,2.599
55.019,0,2.599
55.02,0,2.599
55.021,0,2.599
55.022,0,2.599
55.023,0,2.599
55.024,0,2.599
55.025,0,2.599
55.026,0,2.599
55.027,0,2.599
55.028,0,2.599
55.029,0,2.599
55.03,0,2.599
55.031,0,2.599
55.032,0,2.599
55.033,0,2.599
55.034,0,2.599
55.035,0,2.599
55.036,0,2.599
55.037,0,2.599
55.038,0,2.599
55.039,0,2.599
55.04,0,2.599
55.041,0,2.599
55.042,0,2.599
55.043,0,2.599
55.044,0,2.599
55.045,0,2.599
55.046,0,2.599
55.047,0,2.599
55.048,0,2.599
55.049,0,2.599
55.05,0,2.599
55.051,0,2.599
55.052,0,2.599
55.053,0,2.599
55.054,0,2.599
55.055,0,2.599
55.056,0,2.599
55.057,0,2.599
55.058,0,2.599
55.059,0,2.599
55.06,0,2.599
55.061,0,2.599
55.062,0,2.599
55.063,0,2.599
55.064,0,2.599
55.065,0,2.599
55.066,0,2.599
55.067,0,2.599
55.068,0,2.599
55.069,0,2.599
55.07,0,2.599
55.071,0,2.599
55.072,0,2.599
55.073,0,2.599
55.074,0,2.599
55.075,0,2.599
55.076,0,2.599
55.077,0,2.599
55.078,0,2.599
55.079,0,2.599
55.08,0,2.599
55.081,0,2.599
55.082,0,2.599
55.083,0,2.599
55.084,0,2.599
55.085,0,2.599
55.086,0,2.599
55.087,0,2.599
55.088,0,2.599
55.089,0,2.599
55.09,0,2.599
55.091,0,2.599
55.092,0,2.599
55.093,0,2.599
55.094,0,2.599
55.095,0,2.599
55.096,0,2.599
55.097,0,2.599
55.098,0,2.599
55.099,0,2.599
55.1,0,2.599
55.101,0,2.599
55.102,0,2.599
55.103,0,2.599
55.104,0,2.599
55.105,0,2.599
55.106,0,2.599
55.107,0,2.599
55.108,0,2.599
55.109,0,2.599
55.11,0,2.599
55.111,0,2.599
55.112,0,2.599
55.113,0,2.599
55.114,0,2.599
55.115,0,2.599
55.116,0,2.599
55.117,0,2.599
55.118,0,2.599
55.119,0,2.599
55.12,0,2.599
55.121,0,2.599
55.122,0,2.599
55.123,0,2.599
55.124,0,2.599
55.125,0,2.599
55.126,0,2.599
55.127,0,2.599
55.128,0,2.599
55.129,0,2.599
55.13,0,2.599
55.131,0,2.599
55.132,0,2.599
55.133,0,2.599
55.134,0,2.599
55.135,0,2.599
55.136,0,2.599
55.137,0,2.599
55.138,0,2.599
55.139,0,2.599
55.14,0,2.599
55.141,0,2.599
55.142,0,2.599
55.143,0,2.599
55.144,0,2.599
55.145,0,2.599
55.146,0,2.599
55.147,0,2.599
55.148,0,2.599
55.149,0,2.599
55.15,0,2.599
55.151,0,2.599
55.152,0,2.599
55.153,0,2.599
55.154,0,2.599
55.155,0,2.599
55.156,0,2.599
55.157,0,2.599
55.158,0,2.599
55.159,0,2.599
55.16,0,2.599
55.161,0,2.599
55.162,0,2.599
55.163,0,2.599
55.164,0,2.599
55.165,0,2.599
55.166,0,2.599
55.167,0,2.599
55.168,0,2.599
55.169,0,2.599
55.17,0,2.599
55.171,0,2.599
55.172,0,2.599
55.173,0,2.599
55.174,0,2.599
55.175,0,2.599
55.176,0,2.599
55.177,0,2.599
55.178,0,2.599
55.179,0,2.599
55.18,0,2.599
55.181,0,2.599
55.182,0,2.599
55.183,0,2.599
55.184,0,2.599
55.185,0,2.599
55.186,0,2.599
55.187,0,2.599
55.188,0,2.599
55.189,0,2.599
55.19,0,2.599
55.191,0,2.599
55.192,0,2.599
55.193,0,2.599
55.194,0,2.599
55.195,0,2.599
55.196,0,2.599
55.197,0,2.599
55.198,0,2.599
55.199,0,2.599
55.2,0,2.599
55.201,0,2.599
55.202,0,2.599
55.203,0,2.599
55.204,0,2.599
55.205,0,2.599
55.206,0,2.599
55.207,0,2.599
55.208,0,2.599
55.209,0,2.599
55.21,0,2.599
55.211,0,2.599
55.212,0,2.599
55.213,0,2.599
55.214,0,2.599
55.215,0,2.599
55.216,0,2.599
55.217,0,2.599
55.218,0,2.599
55.219,0,2.599
55.22,0,2.599
55.221,0,2.599
55.222,0,2.599
55.223,0,2.599
55.224,0,2.599
55.225,0,2.599
55.226,0,2.599
55.227,0,2.599
55.228,0,2.599
55.229,0,2.599
55.23,0,2.599
55.231,0,2.599
55.232,0,2.599
55.233,0,2.599
55.234,0,2.599
55.235,0,2.599
55.236,0,2.599
55.237,0,2.599
55.238,0,2.599
55.239,0,2.599
55.24,0,2.599
55.241,0,2.599
55.242,0,2.599
55.243,0,2.599
55.244,0,2.599
55.245,0,2.599
55.246,0,2.599
55.247,0,2.599
55.248,0,2.599
55.249,0,2.599
55.25,0,2.599
55.251,0,2.599
55.252,0,2.599
55.253,0,2.599
55.254,0,2.599
55.255,0,2.599
55.256,0,2.599
55.257,0,2.599
55.258,0,2.599
55.259,0,2.599
55.26,0,2.599
55.261,0,2.599
55.262,0,2.599
55.263,0,2.599
55.264,0,2.599
55.265,0,2.599
55.266,0,2.599
55.267,0,2.599
55.268,0,2.599
55.269,0,2.599
55.27,0,2.599
55.271,0,2.599
55.272,0,2.599
55.273,0,2.599
55.274,0,2.599
55.275,0,2.599
55.276,0,2.599
55.277,0,2.599
55.278,0,2.599
55.279,0,2.599
55.28,0,2.599
55.281,0,2.599
55.282,0,2.599
55.283,0,2.599
55.284,0,2.599
55.285,0,2.599
55.286,0,2.599
55.287,0,2.599
55.288,0,2.599
55.289,0,2.599
55.29,0,2.599
55.291,0,2.599
55.292,0,2.599
55.293,0,2.599
55.294,0,2.599
55.295,0,2.599
55.296,0,2.599
55.297,0,2.599
55.298,0,2.599
55.299,0,2.599
55.3,0,2.599
55.301,0,2.599
55.302,0,2.599
55.303,0,2.599
55.304,0,2.599
55.305,0,2.599
55.306,0,2.599
55.307,0,2.599
55.308,0,2.599
55.309,0,2.599
55.31,0,2.599
55.311,0,2.599
55.312,0,2.599
55.313,0,2.599
55.314,0,2.599
55.315,0,2.599
55.316,0,2.599
55.317,0,2.599
55.318,0,2.599
55.319,0,2.599
55.32,0,2.599
55.321,0,2.599
55.322,0,2.599
55.323,0,2.599
55.324,0,2.599
55.325,0,2.599
55.326,0,2.599
55.327,0,2.599
55.328,0,2.599
55.329,0,2.599
55.33,0,2.599
55.331,0,2.599
55.332,0,2.599
55.333,0,2.599
55.334,0,2.599
55.335,0,2.599
55.336,0,2.599
55.337,0,2.599
55.338,0,2.599
55.339,0,2.599
55.34,0,2.599
55.341,0,2.599
55.342,0,2.599
55.343,0,2.599
55.344,0,2.599
55.345,0,2.599
55.346,0,2.599
55.347,0,2.599
55.348,0,2.599
55.349,0,2.599
55.35,0,2.599
55.351,0,2.599
55.352,0,2.599
55.353,0,2.599
55.354,0,2.599
55.355,0,2.599
55.356,0,2.599
55.357,0,2.599
55.358,0,2.599
55.359,0,2.599
55.36,0,2.599
55.361,0,2.599
55.362,0,2.599
55.363,0,2.599
55.364,0,2.599
55.365,0,2.599
55.366,0,2.599
55.367,0,2.599
55.368,0,2.599
55.369,0,2.599
55.37,0,2.599
55.371,0,2.599
55.372,0,2.599
55.373,0,2.599
55.374,0,2.599
55.375,0,2.599
55.376,0,2.599
55.377,0,2.599
55.378,0,2.599
55.379,0,2.599
55.38,0,2.599
55.381,0,2.599
55.382,0,2.599
55.383,0,2.599
55.384,0,2.599
55.385,0,2.599
55.386,0,2.599
55.387,0,2.599
55.388,0,2.599
55.389,0,2.599
55.39,0,2.599
55.391,0,2.599
55.392,0,2.599
55.393,0,2.599
55.394,0,2.599
55.395,0,2.599
55.396,0,2.599
55.397,0,2.599
55.398,0,2.599
55.399,0,2.599
55.4,0,2.599
55.401,0,2.599
55.402,0,2.599
55.403,0,2.599
55.404,0,2.599
55.405,0,2.599
55.406,0,2.599
55.407,0,2.599
55.408,0,2.599
55.409,0,2.599
55.41,0,2.599
55.411,0,2.599
55.412,0,2.599
55.413,0,2.599
55.414,0,2.599
55.415,0,2.599
55.416,0,2.599
55.417,0,2.599
55.418,0,2.599
55.419,0,2.599
55.42,0,2.599
55.421,0,2.599
55.422,0,2.599
55.423,0,2.599
55.424,0,2.599
55.425,0,2.599
55.426,0,2.599
55.427,0,2.599
55.428,0,2.599
55.429,0,2.599
55.43,0,2.599
55.431,0,2.599
55.432,0,2.599
55.433,0,2.599
55.434,0,2.599
55.435,0,2.599
55.436,0,2.599
55.437,0,2.599
55.438,0,2.599
55.439,0,2.599
55.44,0,2.599
55.441,0,2.599
55.442,0,2.599
55.443,0,2.599
55.444,0,2.599
55.445,0,2.599
55.446,0,2.599
55.447,0,2.599
55.448,0,2.599
55.449,0,2.599
55.45,0,2.599
55.451,0,2.599
55.452,0,2.599
55.453,0,2.599
55.454,0,2.599
55.455,0,2.599
55.456,0,2.599
55.457,0,2.599
55.458,0,2.599
55.459,0,2.599
55.46,0,2.599
55.461,0,2.599
55.462,0,2.599
55.463,0,2.599
55.464,0,2.599
55.465,0,2.599
55.466,0,2.599
55.467,0,2.599
55.468,0,2.599
55.469,0,2.599
55.47,0,2.599
55.471,0,2.599
55.472,0,2.599
55.473,0,2.599
55.474,0,2.599
55.475,0,2.599
55.476,0,2.599
55.477,0,2.599
55.478,0,2.599
55.479,0,2.599
55.48,0,2.599
55.481,0,2.599
55.482,0,2.599
55.483,0,2.599
55.484,0,2.599
55.485,0,2.599
55.486,0,2.599
55.487,0,2.599
55.488,0,2.599
55.489,0,2.599
55.49,0,2.599
55.491,0,2.599
55.492,0,2.599
55.493,0,2.599
55.494,0,2.599
55.495,0,2.599
55.496,0,2.599
55.497,0,2.599
55.498,0,2.599
55.499,0,2.599
55.5,0,2.599
55.501,0,2.599
55.502,0,2.599
55.503,0,2.599
55.504,0,2.599
55.505,0,2.599
55.506,0,2.599
55.507,0,2.599
55.508,0,2.599
55.509,0,2.599
55.51,0,2.599
55.511,0,2.599
55.512,0,2.599
55.513,0,2.599
55.514,0,2.599
55.515,0,2.599
55.516,0,2.599
55.517,0,2.599
55.518,0,2.599
55.519,0,2.599
55.52,0,2.599
55.521,0,2.599
55.522,0,2.599
55.523,0,2.599
55.524,0,2.599
55.525,0,2.599
55.526,0,2.599
55.527,0,2.599
55.528,0,2.599
55.529,0,2.599
55.53,0,2.599
55.531,0,2.599
55.532,0,2.599
55.533,0,2.599
55.534,0,2.599
55.535,0,2.599
55.536,0,2.599
55.537,0,2.599
55.538,0,2.599
55.539,0,2.599
55.54,0,2.599
55.541,0,2.599
55.542,0,2.599
55.543,0,2.599
55.544,0,2.599
55.545,0,2.599
55.546,0,2.599
55.547,0,2.599
55.548,0,2.599
55.549,0,2.599
55.55,0,2.599
55.551,0,2.599
55.552,0,2.599
55.553,0,2.599
55.554,0,2.599
55.555,0,2.599
55.556,0,2.599
55.557,0,2.599
55.558,0,2.599
55.559,0,2.599
55.56,0,2.599
55.561,0,2.599
55.562,0,2.599
55.563,0,2.599
55.564,0,2.599
55.565,0,2.599
55.566,0,2.599
55.567,0,2.599
55.568,0,2.599
55.569,0,2.599
55.57,0,2.599
55.571,0,2.599
55.572,0,2.599
55.573,0,2.599
55.574,0,2.599
55.575,0,2.599
55.576,0,2.599
55.577,0,2.599
55.578,0,2.599
55.579,0,2.599
55.58,0,2.599
55.581,0,2.599
55.582,0,2.599
55.583,0,2.599
55.584,0,2.599
55.585,0,2.599
55.586,0,2.599
55.587,0,2.599
55.588,0,2.599
55.589,0,2.599
55.59,0,2.599
55.591,0,2.599
55.592,0,2.599
55.593,0,2.599
55.594,0,2.599
55.595,0,2.599
55.596,0,2.599
55.597,0,2.599
55.598,0,2.599
55.599,0,2.599
55.6,0,2.599
55.601,0,2.599
55.602,0,2.599
55.603,0,2.599
55.604,0,2.599
55.605,0,2.599
55.606,0,2.599
55.607,0,2.599
55.608,0,2.599
55.609,0,2.599
55.61,0,2.599
55.611,0,2.599
55.612,0,2.599
55.613,0,2.599
55.614,0,2.599
55.615,0,2.599
55.616,0,2.599
55.617,0,2.599
55.618,0,2.599
55.619,0,2.599
55.62,0,2.599
55.621,0,2.599
55.622,0,2.599
55.623,0,2.599
55.624,0,2.599
55.625,0,2.599
55.626,0,2.599
55.627,0,2.599
55.628,0,2.599
55.629,0,2.599
55.63,0,2.599
55.631,0,2.599
55.632,0,2.599
55.633,0,2.599
55.634,0,2.599
55.635,0,2.599
55.636,0,2.599
55.637,0,2.599
55.638,0,2.599
55.639,0,2.599
55.64,0,2.599
55.641,0,2.599
55.642,0,2.599
55.643,0,2.599
55.644,0,2.599
55.645,0,2.599
55.646,0,2.599
55.647,0,2.599
55.648,0,2.599
55.649,0,2.599
55.65,0,2.599
55.651,0,2.599
55.652,0,2.599
55.653,0,2.599
55.654,0,2.599
55.655,0,2.599
55.656,0,2.599
55.657,0,2.599
55.658,0,2.599
55.659,0,2.599
55.66,0,2.599
55.661,0,2.599
55.662,0,2.599
55.663,0,2.599
55.664,0,2.599
55.665,0,2.599
55.666,0,2.599
55.667,0,2.599
55.668,0,2.599
55.669,0,2.599
55.67,0,2.599
55.671,0,2.599
55.672,0,2.599
55.673,0,2.599
55.674,0,2.599
55.675,0,2.599
55.676,0,2.599
55.677,0,2.599
55.678,0,2.599
55.679,0,2.599
55.68,0,2.599
55.681,0,2.599
55.682,0,2.599
55.683,0,2.599
55.684,0,2.599
55.685,0,2.599
55.686,0,2.599
55.687,0,2.599
55.688,0,2.599
55.689,0,2.599
55.69,0,2.599
55.691,0,2.599
55.692,0,2.599
55.693,0,2.599
55.694,0,2.599
55.695,0,2.599
55.696,0,2.599
55.697,0,2.599
55.698,0,2.599
55.699,0,2.599
55.7,0,2.599
55.701,0,2.599
55.702,0,2.599
55.703,0,2.599
55.704,0,2.599
55.705,0,2.599
55.706,0,2.599
55.707,0,2.599
55.708,0,2.599
55.709,0,2.599
55.71,0,2.599
55.711,0,2.599
55.712,0,2.599
55.713,0,2.599
55.714,0,2.599
55.715,0,2.599
55.716,0,2.599
55.717,0,2.599
55.718,0,2.599
55.719,0,2.599
55.72,0,2.599
55.721,0,2.599
55.722,0,2.599
55.723,0,2.599
55.724,0,2.599
55.725,0,2.599
55.726,0,2.599
55.727,0,2.599
55.728,0,2.599
55.729,0,2.599
55.73,0,2.599
55.731,0,2.599
55.732,0,2.599
55.733,0,2.599
55.734,0,2.599
55.735,0,2.599
55.736,0,2.599
55.737,0,2.599
55.738,0,2.599
55.739,0,2.599
55.74,0,2.599
55.741,0,2.599
55.742,0,2.599
55.743,0,2.599
55.744,0,2.599
55.745,0,2.599
55.746,0,2.599
55.747,0,2.599
55.748,0,2.599
55.749,0,2.599
55.75,0,2.599
55.751,0,2.599
55.752,0,2.599
55.753,0,2.599
55.754,0,2.599
55.755,0,2.599
55.756,0,2.599
55.757,0,2.599
55.758,0,2.599
55.759,0,2.599
55.76,0,2.599
55.761,0,2.599
55.762,0,2.599
55.763,0,2.599
55.764,0,2.599
55.765,0,2.599
55.766,0,2.599
55.767,0,2.599
55.768,0,2.599
55.769,0,2.599
55.77,0,2.599
55.771,0,2.599
55.772,0,2.599
55.773,0,2.599
55.774,0,2.599
55.775,0,2.599
55.776,0,2.599
55.777,0,2.599
55.778,0,2.599
55.779,0,2.599
55.78,0,2.599
55.781,0,2.599
55.782,0,2.599
55.783,0,2.599
55.784,0,2.599
55.785,0,2.599
55.786,0,2.599
55.787,0,2.599
55.788,0,2.599
55.789,0,2.599
55.79,0,2.599
55.791,0,2.599
55.792,0,2.599
55.793,0,2.599
55.794,0,2.599
55.795,0,2.599
55.796,0,2.599
55.797,0,2.599
55.798,0,2.599
55.799,0,2.599
55.8,0,2.599
55.801,0,2.599
55.802,0,2.599
55.803,0,2.599
55.804,0,2.599
55.805,0,2.599
55.806,0,2.599
55.807,0,2.599
55.808,0,2.599
55.809,0,2.599
55.81,0,2.599
55.811,0,2.599
55.812,0,2.599
55.813,0,2.599
55.814,0,2.599
55.815,0,2.599
55.816,0,2.599
55.817,0,2.599
55.818,0,2.599
55.819,0,2.599
55.82,0,2.599
55.821,0,2.599
55.822,0,2.599
55.823,0,2.599
55.824,0,2.599
55.825,0,2.599
55.826,0,2.599
55.827,0,2.599
55.828,0,2.599
55.829,0,2.599
55.83,0,2.599
55.831,0,2.599
55.832,0,2.599
55.833,0,2.599
55.834,0,2.599
55.835,0,2.599
55.836,0,2.599
55.837,0,2.599
55.838,0,2.599
55.839,0,2.599
55.84,0,2.599
55.841,0,2.599
55.842,0,2.599
55.843,0,2.599
55.844,0,2.599
55.845,0,2.599
55.846,0,2.599
55.847,0,2.599
55.848,0,2.599
55.849,0,2.599
55.85,0,2.599
55.851,0,2.599
55.852,0,2.599
55.853,0,2.599
55.854,0,2.599
55.855,0,2.599
55.856,0,2.599
55.857,0,2.599
55.858,0,2.599
55.859,0,2.599
55.86,0,2.599
55.861,0,2.599
55.862,0,2.599
55.863,0,2.599
55.864,0,2.599
55.865,0,2.599
55.866,0,2.599
55.867,0,2.599
55.868,0,2.599
55.869,0,2.599
55.87,0,2.599
55.871,0,2.599
55.872,0,2.599
55.873,0,2.599
55.874,0,2.599
55.875,0,2.599
55.876,0,2.599
55.877,0,2.599
55.878,0,2.599
55.879,0,2.599
55.88,0,2.599
55.881,0,2.599
55.882,0,2.599
55.883,0,2.599
55.884,0,2.599
55.885,0,2.599
55.886,0,2.599
55.887,0,2.599
55.888,0,2.599
55.889,0,2.599
55.89,0,2.599
55.891,0,2.599
55.892,0,2.599
55.893,0,2.599
55.894,0,2.599
55.895,0,2.599
55.896,0,2.599
55.897,0,2.599
55.898,0,2.599
55.899,0,2.599
55.9,0,2.599
55.901,0,2.599
55.902,0,2.599
55.903,0,2.599
55.904,0,2.599
55.905,0,2.599
55.906,0,2.599
55.907,0,2.599
55.908,0,2.599
55.909,0,2.599
55.91,0,2.599
55.911,0,2.599
55.912,0,2.599
55.913,0,2.599
55.914,0,2.599
55.915,0,2.599
55.916,0,2.599
55.917,0,2.599
55.918,0,2.599
55.919,0,2.599
55.92,0,2.599
55.921,0,2.599
55.922,0,2.599
55.923,0,2.599
55.924,0,2.599
55.925,0,2.599
55.926,0,2.599
55.927,0,2.599
55.928,0,2.599
55.929,0,2.599
55.93,0,2.599
55.931,0,2.599
55.932,0,2.599
55.933,0,2.599
55.934,0,2.599
55.935,0,2.599
55.936,0,2.599
55.937,0,2.599
55.938,0,2.599
55.939,0,2.599
55.94,0,2.599
55.941,0,2.599
55.942,0,2.599
55.943,0,2.599
55.944,0,2.599
55.945,0,2.599
55.946,0,2.599
55.947,0,2.599
55.948,0,2.599
55.949,0,2.599
55.95,0,2.599
55.951,0,2.599
55.952,0,2.599
55.953,0,2.599
55.954,0,2.599
55.955,0,2.599
55.956,0,2.599
55.957,0,2.599
55.958,0,2.599
55.959,0,2.599
55.96,0,2.599
55.961,0,2.599
55.962,0,2.599
55.963,0,2.599
55.964,0,2.599
55.965,0,2.599
55.966,0,2.599
55.967,0,2.599
55.968,0,2.599
55.969,0,2.599
55.97,0,2.599
55.971,0,2.599
55.972,0,2.599
55.973,0,2.599
55.974,0,2.599
55.975,0,2.599
55.976,0,2.599
55.977,0,2.599
55.978,0,2.599
55.979,0,2.599
55.98,0,2.599
55.981,0,2.599
55.982,0,2.599
55.983,0,2.599
55.984,0,2.599
55.985,0,2.599
55.986,0,2.599
55.987,0,2.599
55.988,0,2.599
55.989,0,2.599
55.99,0,2.599
55.991,0,2.599
55.992,0,2.599
55.993,0,2.599
55.994,0,2.599
55.995,0,2.599
55.996,0,2.599
55.997,0,2.599
55.998,0,2.599
55.999,0,2.599
56,0,2.599
56.001,0,2.599
56.002,0,2.599
56.003,0,2.599
56.004,0,2.599
56.005,0,2.599
56.006,0,2.599
56.007,0,2.599
56.008,0,2.599
56.009,0,2.599
56.01,0,2.599
56.011,0,2.599
56.012,0,2.599
56.013,0,2.599
56.014,0,2.599
56.015,0,2.599
56.016,0,2.599
56.017,0,2.599
56.018,0,2.599
56.019,0,2.599
56.02,0,2.599
56.021,0,2.599
56.022,0,2.599
56.023,0,2.599
56.024,0,2.599
56.025,0,2.599
56.026,0,2.599
56.027,0,2.599
56.028,0,2.599
56.029,0,2.599
56.03,0,2.599
56.031,0,2.599
56.032,0,2.599
56.033,0,2.599
56.034,0,2.599
56.035,0,2.599
56.036,0,2.599
56.037,0,2.599
56.038,0,2.599
56.039,0,2.599
56.04,0,2.599
56.041,0,2.599
56.042,0,2.599
56.043,0,2.599
56.044,0,2.599
56.045,0,2.599
56.046,0,2.599
56.047,0,2.599
56.048,0,2.599
56.049,0,2.599
56.05,0,2.599
56.051,0,2.599
56.052,0,2.599
56.053,0,2.599
56.054,0,2.599
56.055,0,2.599
56.056,0,2.599
56.057,0,2.599
56.058,0,2.599
56.059,0,2.599
56.06,0,2.599
56.061,0,2.599
56.062,0,2.599
56.063,0,2.599
56.064,0,2.599
56.065,0,2.599
56.066,0,2.599
56.067,0,2.599
56.068,0,2.599
56.069,0,2.599
56.07,0,2.599
56.071,0,2.599
56.072,0,2.599
56.073,0,2.599
56.074,0,2.599
56.075,0,2.599
56.076,0,2.599
56.077,0,2.599
56.078,0,2.599
56.079,0,2.599
56.08,0,2.599
56.081,0,2.599
56.082,0,2.599
56.083,0,2.599
56.084,0,2.599
56.085,0,2.599
56.086,0,2.599
56.087,0,2.599
56.088,0,2.599
56.089,0,2.599
56.09,0,2.599
56.091,0,2.599
56.092,0,2.599
56.093,0,2.599
56.094,0,2.599
56.095,0,2.599
56.096,0,2.599
56.097,0,2.599
56.098,0,2.599
56.099,0,2.599
56.1,0,2.599
56.101,0,2.599
56.102,0,2.599
56.103,0,2.599
56.104,0,2.599
56.105,0,2.599
56.106,0,2.599
56.107,0,2.599
56.108,0,2.599
56.109,0,2.599
56.11,0,2.599
56.111,0,2.599
56.112,0,2.599
56.113,0,2.599
56.114,0,2.599
56.115,0,2.599
56.116,0,2.599
56.117,0,2.599
56.118,0,2.599
56.119,0,2.599
56.12,0,2.599
56.121,0,2.599
56.122,0,2.599
56.123,0,2.599
56.124,0,2.599
56.125,0,2.599
56.126,0,2.599
56.127,0,2.599
56.128,0,2.599
56.129,0,2.599
56.13,0,2.599
56.131,0,2.599
56.132,0,2.599
56.133,0,2.599
56.134,0,2.599
56.135,0,2.599
56.136,0,2.599
56.137,0,2.599
56.138,0,2.599
56.139,0,2.599
56.14,0,2.599
56.141,0,2.599
56.142,0,2.599
56.143,0,2.599
56.144,0,2.599
56.145,0,2.599
56.146,0,2.599
56.147,0,2.599
56.148,0,2.599
56.149,0,2.599
56.15,0,2.599
56.151,0,2.599
56.152,0,2.599
56.153,0,2.599
56.154,0,2.599
56.155,0,2.599
56.156,0,2.599
56.157,0,2.599
56.158,0,2.599
56.159,0,2.599
56.16,0,2.599
56.161,0,2.599
56.162,0,2.599
56.163,0,2.599
56.164,0,2.599
56.165,0,2.599
56.166,0,2.599
56.167,0,2.599
56.168,0,2.599
56.169,0,2.599
56.17,0,2.599
56.171,0,2.599
56.172,0,2.599
56.173,0,2.599
56.174,0,2.599
56.175,0,2.599
56.176,0,2.599
56.177,0,2.599
56.178,0,2.599
56.179,0,2.599
56.18,0,2.599
56.181,0,2.599
56.182,0,2.599
56.183,0,2.599
56.184,0,2.599
56.185,0,2.599
56.186,0,2.599
56.187,0,2.599
56.188,0,2.599
56.189,0,2.599
56.19,0,2.599
56.191,0,2.599
56.192,0,2.599
56.193,0,2.599
56.194,0,2.599
56.195,0,2.599
56.196,0,2.599
56.197,0,2.599
56.198,0,2.599
56.199,0,2.599
56.2,0,2.599
56.201,0,2.599
56.202,0,2.599
56.203,0,2.599
56.204,0,2.599
56.205,0,2.599
56.206,0,2.599
56.207,0,2.599
56.208,0,2.599
56.209,0,2.599
56.21,0,2.599
56.211,0,2.599
56.212,0,2.599
56.213,0,2.599
56.214,0,2.599
56.215,0,2.599
56.216,0,2.599
56.217,0,2.599
56.218,0,2.599
56.219,0,2.599
56.22,0,2.599
56.221,0,2.599
56.222,0,2.599
56.223,0,2.599
56.224,0,2.599
56.225,0,2.599
56.226,0,2.599
56.227,0,2.599
56.228,0,2.599
56.229,0,2.599
56.23,0,2.599
56.231,0,2.599
56.232,0,2.599
56.233,0,2.599
56.234,0,2.599
56.235,0,2.599
56.236,0,2.599
56.237,0,2.599
56.238,0,2.599
56.239,0,2.599
56.24,0,2.599
56.241,0,2.599
56.242,0,2.599
56.243,0,2.599
56.244,0,2.599
56.245,0,2.599
56.246,0,2.599
56.247,0,2.599
56.248,0,2.599
56.249,0,2.599
56.25,0,2.599
56.251,0,2.599
56.252,0,2.599
56.253,0,2.599
56.254,0,2.599
56.255,0,2.599
56.256,0,2.599
56.257,0,2.599
56.258,0,2.599
56.259,0,2.599
56.26,0,2.599
56.261,0,2.599
56.262,0,2.599
56.263,0,2.599
56.264,0,2.599
56.265,0,2.599
56.266,0,2.599
56.267,0,2.599
56.268,0,2.599
56.269,0,2.599
56.27,0,2.599
56.271,0,2.599
56.272,0,2.599
56.273,0,2.599
56.274,0,2.599
56.275,0,2.599
56.276,0,2.599
56.277,0,2.599
56.278,0,2.599
56.279,0,2.599
56.28,0,2.599
56.281,0,2.599
56.282,0,2.599
56.283,0,2.599
56.284,0,2.599
56.285,0,2.599
56.286,0,2.599
56.287,0,2.599
56.288,0,2.599
56.289,0,2.599
56.29,0,2.599
56.291,0,2.599
56.292,0,2.599
56.293,0,2.599
56.294,0,2.599
56.295,0,2.599
56.296,0,2.599
56.297,0,2.599
56.298,0,2.599
56.299,0,2.599
56.3,0,2.599
56.301,0,2.599
56.302,0,2.599
56.303,0,2.599
56.304,0,2.599
56.305,0,2.599
56.306,0,2.599
56.307,0,2.599
56.308,0,2.599
56.309,0,2.599
56.31,0,2.599
56.311,0,2.599
56.312,0,2.599
56.313,0,2.599
56.314,0,2.599
56.315,0,2.599
56.316,0,2.599
56.317,0,2.599
56.318,0,2.599
56.319,0,2.599
56.32,0,2.599
56.321,0,2.599
56.322,0,2.599
56.323,0,2.599
56.324,0,2.599
56.325,0,2.599
56.326,0,2.599
56.327,0,2.599
56.328,0,2.599
56.329,0,2.599
56.33,0,2.599
56.331,0,2.599
56.332,0,2.599
56.333,0,2.599
56.334,0,2.599
56.335,0,2.599
56.336,0,2.599
56.337,0,2.599
56.338,0,2.599
56.339,0,2.599
56.34,0,2.599
56.341,0,2.599
56.342,0,2.599
56.343,0,2.599
56.344,0,2.599
56.345,0,2.599
56.346,0,2.599
56.347,0,2.599
56.348,0,2.599
56.349,0,2.599
56.35,0,2.599
56.351,0,2.599
56.352,0,2.599
56.353,0,2.599
56.354,0,2.599
56.355,0,2.599
56.356,0,2.599
56.357,0,2.599
56.358,0,2.599
56.359,0,2.599
56.36,0,2.599
56.361,0,2.599
56.362,0,2.599
56.363,0,2.599
56.364,0,2.599
56.365,0,2.599
56.366,0,2.599
56.367,0,2.599
56.368,0,2.599
56.369,0,2.599
56.37,0,2.599
56.371,0,2.599
56.372,0,2.599
56.373,0,2.599
56.374,0,2.599
56.375,0,2.599
56.376,0,2.599
56.377,0,2.599
56.378,0,2.599
56.379,0,2.599
56.38,0,2.599
56.381,0,2.599
56.382,0,2.599
56.383,0,2.599
56.384,0,2.599
56.385,0,2.599
56.386,0,2.599
56.387,0,2.599
56.388,0,2.599
56.389,0,2.599
56.39,0,2.599
56.391,0,2.599
56.392,0,2.599
56.393,0,2.599
56.394,0,2.599
56.395,0,2.599
56.396,0,2.599
56.397,0,2.599
56.398,0,2.599
56.399,0,2.599
56.4,0,2.599
56.401,0,2.599
56.402,0,2.599
56.403,0,2.599
56.404,0,2.599
56.405,0,2.599
56.406,0,2.599
56.407,0,2.599
56.408,0,2.599
56.409,0,2.599
56.41,0,2.599
56.411,0,2.599
56.412,0,2.599
56.413,0,2.599
56.414,0,2.599
56.415,0,2.599
56.416,0,2.599
56.417,0,2.599
56.418,0,2.599
56.419,0,2.599
56.42,0,2.599
56.421,0,2.599
56.422,0,2.599
56.423,0,2.599
56.424,0,2.599
56.425,0,2.599
56.426,0,2.599
56.427,0,2.599
56.428,0,2.599
56.429,0,2.599
56.43,0,2.599
56.431,0,2.599
56.432,0,2.599
56.433,0,2.599
56.434,0,2.599
56.435,0,2.599
56.436,0,2.599
56.437,0,2.599
56.438,0,2.599
56.439,0,2.599
56.44,0,2.599
56.441,0,2.599
56.442,0,2.599
56.443,0,2.599
56.444,0,2.599
56.445,0,2.599
56.446,0,2.599
56.447,0,2.599
56.448,0,2.599
56.449,0,2.599
56.45,0,2.599
56.451,0,2.599
56.452,0,2.599
56.453,0,2.599
56.454,0,2.599
56.455,0,2.599
56.456,0,2.599
56.457,0,2.599
56.458,0,2.599
56.459,0,2.599
56.46,0,2.599
56.461,0,2.599
56.462,0,2.599
56.463,0,2.599
56.464,0,2.599
56.465,0,2.599
56.466,0,2.599
56.467,0,2.599
56.468,0,2.599
56.469,0,2.599
56.47,0,2.599
56.471,0,2.599
56.472,0,2.599
56.473,0,2.599
56.474,0,2.599
56.475,0,2.599
56.476,0,2.599
56.477,0,2.599
56.478,0,2.599
56.479,0,2.599
56.48,0,2.599
56.481,0,2.599
56.482,0,2.599
56.483,0,2.599
56.484,0,2.599
56.485,0,2.599
56.486,0,2.599
56.487,0,2.599
56.488,0,2.599
56.489,0,2.599
56.49,0,2.599
56.491,0,2.599
56.492,0,2.599
56.493,0,2.599
56.494,0,2.599
56.495,0,2.599
56.496,0,2.599
56.497,0,2.599
56.498,0,2.599
56.499,0,2.599
56.5,0,2.599
56.501,0,2.599
56.502,0,2.599
56.503,0,2.599
56.504,0,2.599
56.505,0,2.599
56.506,0,2.599
56.507,0,2.599
56.508,0,2.599
56.509,0,2.599
56.51,0,2.599
56.511,0,2.599
56.512,0,2.599
56.513,0,2.599
56.514,0,2.599
56.515,0,2.599
56.516,0,2.599
56.517,0,2.599
56.518,0,2.599
56.519,0,2.599
56.52,0,2.599
56.521,0,2.599
56.522,0,2.599
56.523,0,2.599
56.524,0,2.599
56.525,0,2.599
56.526,0,2.599
56.527,0,2.599
56.528,0,2.599
56.529,0,2.599
56.53,0,2.599
56.531,0,2.599
56.532,0,2.599
56.533,0,2.599
56.534,0,2.599
56.535,0,2.599
56.536,0,2.599
56.537,0,2.599
56.538,0,2.599
56.539,0,2.599
56.54,0,2.599
56.541,0,2.599
56.542,0,2.599
56.543,0,2.599
56.544,0,2.599
56.545,0,2.599
56.546,0,2.599
56.547,0,2.599
56.548,0,2.599
56.549,0,2.599
56.55,0,2.599
56.551,0,2.599
56.552,0,2.599
56.553,0,2.599
56.554,0,2.599
56.555,0,2.599
56.556,0,2.599
56.557,0,2.599
56.558,0,2.599
56.559,0,2.599
56.56,0,2.599
56.561,0,2.599
56.562,0,2.599
56.563,0,2.599
56.564,0,2.599
56.565,0,2.599
56.566,0,2.599
56.567,0,2.599
56.568,0,2.599
56.569,0,2.599
56.57,0,2.599
56.571,0,2.599
56.572,0,2.599
56.573,0,2.599
56.574,0,2.599
56.575,0,2.599
56.576,0,2.599
56.577,0,2.599
56.578,0,2.599
56.579,0,2.599
56.58,0,2.599
56.581,0,2.599
56.582,0,2.599
56.583,0,2.599
56.584,0,2.599
56.585,0,2.599
56.586,0,2.599
56.587,0,2.599
56.588,0,2.599
56.589,0,2.599
56.59,0,2.599
56.591,0,2.599
56.592,0,2.599
56.593,0,2.599
56.594,0,2.599
56.595,0,2.599
56.596,0,2.599
56.597,0,2.599
56.598,0,2.599
56.599,0,2.599
56.6,0,2.599
56.601,0,2.599
56.602,0,2.599
56.603,0,2.599
56.604,0,2.599
56.605,0,2.599
56.606,0,2.599
56.607,0,2.599
56.608,0,2.599
56.609,0,2.599
56.61,0,2.599
56.611,0,2.599
56.612,0,2.599
56.613,0,2.599
56.614,0,2.599
56.615,0,2.599
56.616,0,2.599
56.617,0,2.599
56.618,0,2.599
56.619,0,2.599
56.62,0,2.599
56.621,0,2.599
56.622,0,2.599
56.623,0,2.599
56.624,0,2.599
56.625,0,2.599
56.626,0,2.599
56.627,0,2.599
56.628,0,2.599
56.629,0,2.599
56.63,0,2.599
56.631,0,2.599
56.632,0,2.599
56.633,0,2.599
56.634,0,2.599
56.635,0,2.599
56.636,0,2.599
56.637,0,2.599
56.638,0,2.599
56.639,0,2.599
56.64,0,2.599
56.641,0,2.599
56.642,0,2.599
56.643,0,2.599
56.644,0,2.599
56.645,0,2.599
56.646,0,2.599
56.647,0,2.599
56.648,0,2.599
56.649,0,2.599
56.65,0,2.599
56.651,0,2.599
56.652,0,2.599
56.653,0,2.599
56.654,0,2.599
56.655,0,2.599
56.656,0,2.599
56.657,0,2.599
56.658,0,2.599
56.659,0,2.599
56.66,0,2.599
56.661,0,2.599
56.662,0,2.599
56.663,0,2.599
56.664,0,2.599
56.665,0,2.599
56.666,0,2.599
56.667,0,2.599
56.668,0,2.599
56.669,0,2.599
56.67,0,2.599
56.671,0,2.599
56.672,0,2.599
56.673,0,2.599
56.674,0,2.599
56.675,0,2.599
56.676,0,2.599
56.677,0,2.599
56.678,0,2.599
56.679,0,2.599
56.68,0,2.599
56.681,0,2.599
56.682,0,2.599
56.683,0,2.599
56.684,0,2.599
56.685,0,2.599
56.686,0,2.599
56.687,0,2.599
56.688,0,2.599
56.689,0,2.599
56.69,0,2.599
56.691,0,2.599
56.692,0,2.599
56.693,0,2.599
56.694,0,2.599
56.695,0,2.599
56.696,0,2.599
56.697,0,2.599
56.698,0,2.599
56.699,0,2.599
56.7,0,2.599
56.701,0,2.599
56.702,0,2.599
56.703,0,2.599
56.704,0,2.599
56.705,0,2.599
56.706,0,2.599
56.707,0,2.599
56.708,0,2.599
56.709,0,2.599
56.71,0,2.599
56.711,0,2.599
56.712,0,2.599
56.713,0,2.599
56.714,0,2.599
56.715,0,2.599
56.716,0,2.599
56.717,0,2.599
56.718,0,2.599
56.719,0,2.599
56.72,0,2.599
56.721,0,2.599
56.722,0,2.599
56.723,0,2.599
56.724,0,2.599
56.725,0,2.599
56.726,0,2.599
56.727,0,2.599
56.728,0,2.599
56.729,0,2.599
56.73,0,2.599
56.731,0,2.599
56.732,0,2.599
56.733,0,2.599
56.734,0,2.599
56.735,0,2.599
56.736,0,2.599
56.737,0,2.599
56.738,0,2.599
56.739,0,2.599
56.74,0,2.599
56.741,0,2.599
56.742,0,2.599
56.743,0,2.599
56.744,0,2.599
56.745,0,2.599
56.746,0,2.599
56.747,0,2.599
56.748,0,2.599
56.749,0,2.599
56.75,0,2.599
56.751,0,2.599
56.752,0,2.599
56.753,0,2.599
56.754,0,2.599
56.755,0,2.599
56.756,0,2.599
56.757,0,2.599
56.758,0,2.599
56.759,0,2.599
56.76,0,2.599
56.761,0,2.599
56.762,0,2.599
56.763,0,2.599
56.764,0,2.599
56.765,0,2.599
56.766,0,2.599
56.767,0,2.599
56.768,0,2.599
56.769,0,2.599
56.77,0,2.599
56.771,0,2.599
56.772,0,2.599
56.773,0,2.599
56.774,0,2.599
56.775,0,2.599
56.776,0,2.599
56.777,0,2.599
56.778,0,2.599
56.779,0,2.599
56.78,0,2.599
56.781,0,2.599
56.782,0,2.599
56.783,0,2.599
56.784,0,2.599
56.785,0,2.599
56.786,0,2.599
56.787,0,2.599
56.788,0,2.599
56.789,0,2.599
56.79,0,2.599
56.791,0,2.599
56.792,0,2.599
56.793,0,2.599
56.794,0,2.599
56.795,0,2.599
56.796,0,2.599
56.797,0,2.599
56.798,0,2.599
56.799,0,2.599
56.8,0,2.599
56.801,0,2.599
56.802,0,2.599
56.803,0,2.599
56.804,0,2.599
56.805,0,2.599
56.806,0,2.599
56.807,0,2.599
56.808,0,2.599
56.809,0,2.599
56.81,0,2.599
56.811,0,2.599
56.812,0,2.599
56.813,0,2.599
56.814,0,2.599
56.815,0,2.599
56.816,0,2.599
56.817,0,2.599
56.818,0,2.599
56.819,0,2.599
56.82,0,2.599
56.821,0,2.599
56.822,0,2.599
56.823,0,2.599
56.824,0,2.599
56.825,0,2.599
56.826,0,2.599
56.827,0,2.599
56.828,0,2.599
56.829,0,2.599
56.83,0,2.599
56.831,0,2.599
56.832,0,2.599
56.833,0,2.599
56.834,0,2.599
56.835,0,2.599
56.836,0,2.599
56.837,0,2.599
56.838,0,2.599
56.839,0,2.599
56.84,0,2.599
56.841,0,2.599
56.842,0,2.599
56.843,0,2.599
56.844,0,2.599
56.845,0,2.599
56.846,0,2.599
56.847,0,2.599
56.848,0,2.599
56.849,0,2.599
56.85,0,2.599
56.851,0,2.599
56.852,0,2.599
56.853,0,2.599
56.854,0,2.599
56.855,0,2.599
56.856,0,2.599
56.857,0,2.599
56.858,0,2.599
56.859,0,2.599
56.86,0,2.599
56.861,0,2.599
56.862,0,2.599
56.863,0,2.599
56.864,0,2.599
56.865,0,2.599
56.866,0,2.599
56.867,0,2.599
56.868,0,2.599
56.869,0,2.599
56.87,0,2.599
56.871,0,2.599
56.872,0,2.599
56.873,0,2.599
56.874,0,2.599
56.875,0,2.599
56.876,0,2.599
56.877,0,2.599
56.878,0,2.599
56.879,0,2.599
56.88,0,2.599
56.881,0,2.599
56.882,0,2.599
56.883,0,2.599
56.884,0,2.599
56.885,0,2.599
56.886,0,2.599
56.887,0,2.599
56.888,0,2.599
56.889,0,2.599
56.89,0,2.599
56.891,0,2.599
56.892,0,2.599
56.893,0,2.599
56.894,0,2.599
56.895,0,2.599
56.896,0,2.599
56.897,0,2.599
56.898,0,2.599
56.899,0,2.599
56.9,0,2.599
56.901,0,2.599
56.902,0,2.599
56.903,0,2.599
56.904,0,2.599
56.905,0,2.599
56.906,0,2.599
56.907,0,2.599
56.908,0,2.599
56.909,0,2.599
56.91,0,2.599
56.911,0,2.599
56.912,0,2.599
56.913,0,2.599
56.914,0,2.599
56.915,0,2.599
56.916,0,2.599
56.917,0,2.599
56.918,0,2.599
56.919,0,2.599
56.92,0,2.599
56.921,0,2.599
56.922,0,2.599
56.923,0,2.599
56.924,0,2.599
56.925,0,2.599
56.926,0,2.599
56.927,0,2.599
56.928,0,2.599
56.929,0,2.599
56.93,0,2.599
56.931,0,2.599
56.932,0,2.599
56.933,0,2.599
56.934,0,2.599
56.935,0,2.599
56.936,0,2.599
56.937,0,2.599
56.938,0,2.599
56.939,0,2.599
56.94,0,2.599
56.941,0,2.599
56.942,0,2.599
56.943,0,2.599
56.944,0,2.599
56.945,0,2.599
56.946,0,2.599
56.947,0,2.599
56.948,0,2.599
56.949,0,2.599
56.95,0,2.599
56.951,0,2.599
56.952,0,2.599
56.953,0,2.599
56.954,0,2.599
56.955,0,2.599
56.956,0,2.599
56.957,0,2.599
56.958,0,2.599
56.959,0,2.599
56.96,0,2.599
56.961,0,2.599
56.962,0,2.599
56.963,0,2.599
56.964,0,2.599
56.965,0,2.599
56.966,0,2.599
56.967,0,2.599
56.968,0,2.599
56.969,0,2.599
56.97,0,2.599
56.971,0,2.599
56.972,0,2.599
56.973,0,2.599
56.974,0,2.599
56.975,0,2.599
56.976,0,2.599
56.977,0,2.599
56.978,0,2.599
56.979,0,2.599
56.98,0,2.599
56.981,0,2.599
56.982,0,2.599
56.983,0,2.599
56.984,0,2.599
56.985,0,2.599
56.986,0,2.599
56.987,0,2.599
56.988,0,2.599
56.989,0,2.599
56.99,0,2.599
56.991,0,2.599
56.992,0,2.599
56.993,0,2.599
56.994,0,2.599
56.995,0,2.599
56.996,0,2.599
56.997,0,2.599
56.998,0,2.599
56.999,0,2.599
57,-0.2,0.401000000000003
57.001,-0.2,0.401000000000003
57.002,-0.2,0.401000000000003
57.003,-0.2,0.401000000000003
57.004,-0.2,0.401000000000003
57.005,-0.2,0.401000000000003
57.006,-0.2,0.401000000000003
57.007,-0.2,0.401000000000003
57.008,-0.2,0.401000000000003
57.009,-0.2,0.401000000000003
57.01,-0.2,0.401000000000003
57.011,-0.2,0.401000000000003
57.012,-0.2,0.401000000000003
57.013,-0.2,0.401000000000003
57.014,-0.2,0.401000000000003
57.015,-0.2,0.401000000000003
57.016,-0.2,0.401000000000003
57.017,-0.2,0.401000000000003
57.018,-0.2,0.401000000000003
57.019,-0.2,0.401000000000003
57.02,-0.2,0.401000000000003
57.021,-0.2,0.401000000000003
57.022,-0.2,0.401000000000003
57.023,-0.2,0.401000000000003
57.024,-0.2,0.401000000000003
57.025,-0.2,0.401000000000003
57.026,-0.2,0.401000000000003
57.027,-0.2,0.401000000000003
57.028,-0.2,0.401000000000003
57.029,-0.2,0.401000000000003
57.03,-0.2,0.401000000000003
57.031,-0.2,0.401000000000003
57.032,-0.2,0.401000000000003
57.033,-0.2,0.401000000000003
57.034,-0.2,0.401000000000003
57.035,-0.2,0.401000000000003
57.036,-0.2,0.401000000000003
57.037,-0.2,0.401000000000003
57.038,-0.2,0.401000000000003
57.039,-0.2,0.401000000000003
57.04,-0.2,0.401000000000003
57.041,-0.2,0.401000000000003
57.042,-0.2,0.401000000000003
57.043,-0.2,0.401000000000003
57.044,-0.2,0.401000000000003
57.045,-0.2,0.401000000000003
57.046,-0.2,0.401000000000003
57.047,-0.2,0.401000000000003
57.048,-0.2,0.401000000000003
57.049,-0.2,0.401000000000003
57.05,-0.2,0.401000000000003
57.051,-0.2,0.401000000000003
57.052,-0.2,0.401000000000003
57.053,-0.2,0.401000000000003
57.054,-0.2,0.401000000000003
57.055,-0.2,0.401000000000003
57.056,-0.2,0.401000000000003
57.057,-0.2,0.401000000000003
57.058,-0.2,0.401000000000003
57.059,-0.2,0.401000000000003
57.06,-0.2,0.401000000000003
57.061,-0.2,0.401000000000003
57.062,-0.2,0.401000000000003
57.063,-0.2,0.401000000000003
57.064,-0.2,0.401000000000003
57.065,-0.2,0.401000000000003
57.066,-0.2,0.401000000000003
57.067,-0.2,0.401000000000003
57.068,-0.2,0.401000000000003
57.069,-0.2,0.401000000000003
57.07,-0.2,0.401000000000003
57.071,-0.2,0.401000000000003
57.072,-0.2,0.401000000000003
57.073,-0.2,0.401000000000003
57.074,-0.2,0.401000000000003
57.075,-0.2,0.401000000000003
57.076,-0.2,0.401000000000003
57.077,-0.2,0.401000000000003
57.078,-0.2,0.401000000000003
57.079,-0.2,0.401000000000003
57.08,-0.2,0.401000000000003
57.081,-0.2,0.401000000000003
57.082,-0.2,0.401000000000003
57.083,-0.2,0.401000000000003
57.084,-0.2,0.401000000000003
57.085,-0.2,0.401000000000003
57.086,-0.2,0.401000000000003
57.087,-0.2,0.401000000000003
57.088,-0.2,0.401000000000003
57.089,-0.2,0.401000000000003
57.09,-0.2,0.401000000000003
57.091,-0.2,0.401000000000003
57.092,-0.2,0.401000000000003
57.093,-0.2,0.401000000000003
57.094,-0.2,0.401000000000003
57.095,-0.2,0.401000000000003
57.096,-0.2,0.401000000000003
57.097,-0.2,0.401000000000003
57.098,-0.2,0.401000000000003
57.099,-0.2,0.401000000000003
57.1,-0.2,0.401000000000003
57.101,-0.2,0.401000000000003
57.102,-0.2,0.401000000000003
57.103,-0.2,0.401000000000003
57.104,-0.2,0.401000000000003
57.105,-0.2,0.401000000000003
57.106,-0.2,0.401000000000003
57.107,-0.2,0.401000000000003
57.108,-0.2,0.401000000000003
57.109,-0.2,0.401000000000003
57.11,-0.2,0.401000000000003
57.111,-0.2,0.401000000000003
57.112,-0.2,0.401000000000003
57.113,-0.2,0.401000000000003
57.114,-0.2,0.401000000000003
57.115,-0.2,0.401000000000003
57.116,-0.2,0.401000000000003
57.117,-0.2,0.401000000000003
57.118,-0.2,0.401000000000003
57.119,-0.2,0.401000000000003
57.12,-0.2,0.401000000000003
57.121,-0.2,0.401000000000003
57.122,-0.2,0.401000000000003
57.123,-0.2,0.401000000000003
57.124,-0.2,0.401000000000003
57.125,-0.2,0.401000000000003
57.126,-0.2,0.401000000000003
57.127,-0.2,0.401000000000003
57.128,-0.2,0.401000000000003
57.129,-0.2,0.401000000000003
57.13,-0.2,0.401000000000003
57.131,-0.2,0.401000000000003
57.132,-0.2,0.401000000000003
57.133,-0.2,0.401000000000003
57.134,-0.2,0.401000000000003
57.135,-0.2,0.401000000000003
57.136,-0.2,0.401000000000003
57.137,-0.2,0.401000000000003
57.138,-0.2,0.401000000000003
57.139,-0.2,0.401000000000003
57.14,-0.2,0.401000000000003
57.141,-0.2,0.401000000000003
57.142,-0.2,0.401000000000003
57.143,-0.2,0.401000000000003
57.144,-0.2,0.401000000000003
57.145,-0.2,0.401000000000003
57.146,-0.2,0.401000000000003
57.147,-0.2,0.401000000000003
57.148,-0.2,0.401000000000003
57.149,-0.2,0.401000000000003
57.15,-0.2,0.401000000000003
57.151,-0.2,0.401000000000003
57.152,-0.2,0.401000000000003
57.153,-0.2,0.401000000000003
57.154,-0.2,0.401000000000003
57.155,-0.2,0.401000000000003
57.156,-0.2,0.401000000000003
57.157,-0.2,0.401000000000003
57.158,-0.2,0.401000000000003
57.159,-0.2,0.401000000000003
57.16,-0.2,0.401000000000003
57.161,-0.2,0.401000000000003
57.162,-0.2,0.401000000000003
57.163,-0.2,0.401000000000003
57.164,-0.2,0.401000000000003
57.165,-0.2,0.401000000000003
57.166,-0.2,0.401000000000003
57.167,-0.2,0.401000000000003
57.168,-0.2,0.401000000000003
57.169,-0.2,0.401000000000003
57.17,-0.2,0.401000000000003
57.171,-0.2,0.401000000000003
57.172,-0.2,0.401000000000003
57.173,-0.2,0.401000000000003
57.174,-0.2,0.401000000000003
57.175,-0.2,0.401000000000003
57.176,-0.2,0.401000000000003
57.177,-0.2,0.401000000000003
57.178,-0.2,0.401000000000003
57.179,-0.2,0.401000000000003
57.18,-0.2,0.401000000000003
57.181,-0.2,0.401000000000003
57.182,-0.2,0.401000000000003
57.183,-0.2,0.401000000000003
57.184,-0.2,0.401000000000003
57.185,-0.2,0.401000000000003
57.186,-0.2,0.401000000000003
57.187,-0.2,0.401000000000003
57.188,-0.2,0.401000000000003
57.189,-0.2,0.401000000000003
57.19,-0.2,0.401000000000003
57.191,-0.2,0.401000000000003
57.192,-0.2,0.401000000000003
57.193,-0.2,0.401000000000003
57.194,-0.2,0.401000000000003
57.195,-0.2,0.401000000000003
57.196,-0.2,0.401000000000003
57.197,-0.2,0.401000000000003
57.198,-0.2,0.401000000000003
57.199,-0.2,0.401000000000003
57.2,-0.2,0.401000000000003
57.201,-0.2,0.401000000000003
57.202,-0.2,0.401000000000003
57.203,-0.2,0.401000000000003
57.204,-0.2,0.401000000000003
57.205,-0.2,0.401000000000003
57.206,-0.2,0.401000000000003
57.207,-0.2,0.401000000000003
57.208,-0.2,0.401000000000003
57.209,-0.2,0.401000000000003
57.21,-0.2,0.401000000000003
57.211,-0.2,0.401000000000003
57.212,-0.2,0.401000000000003
57.213,-0.2,0.401000000000003
57.214,-0.2,0.401000000000003
57.215,-0.2,0.401000000000003
57.216,-0.2,0.401000000000003
57.217,-0.2,0.401000000000003
57.218,-0.2,0.401000000000003
57.219,-0.2,0.401000000000003
57.22,-0.2,0.401000000000003
57.221,-0.2,0.401000000000003
57.222,-0.2,0.401000000000003
57.223,-0.2,0.401000000000003
57.224,-0.2,0.401000000000003
57.225,-0.2,0.401000000000003
57.226,-0.2,0.401000000000003
57.227,-0.2,0.401000000000003
57.228,-0.2,0.401000000000003
57.229,-0.2,0.401000000000003
57.23,-0.2,0.401000000000003
57.231,-0.2,0.401000000000003
57.232,-0.2,0.401000000000003
57.233,-0.2,0.401000000000003
57.234,-0.2,0.401000000000003
57.235,-0.2,0.401000000000003
57.236,-0.2,0.401000000000003
57.237,-0.2,0.401000000000003
57.238,-0.2,0.401000000000003
57.239,-0.2,0.401000000000003
57.24,-0.2,0.401000000000003
57.241,-0.2,0.401000000000003
57.242,-0.2,0.401000000000003
57.243,-0.2,0.401000000000003
57.244,-0.2,0.401000000000003
57.245,-0.2,0.401000000000003
57.246,-0.2,0.401000000000003
57.247,-0.2,0.401000000000003
57.248,-0.2,0.401000000000003
57.249,-0.2,0.401000000000003
57.25,-0.2,0.401000000000003
57.251,-0.2,0.401000000000003
57.252,-0.2,0.401000000000003
57.253,-0.2,0.401000000000003
57.254,-0.2,0.401000000000003
57.255,-0.2,0.401000000000003
57.256,-0.2,0.401000000000003
57.257,-0.2,0.401000000000003
57.258,-0.2,0.401000000000003
57.259,-0.2,0.401000000000003
57.26,-0.2,0.401000000000003
57.261,-0.2,0.401000000000003
57.262,-0.2,0.401000000000003
57.263,-0.2,0.401000000000003
57.264,-0.2,0.401000000000003
57.265,-0.2,0.401000000000003
57.266,-0.2,0.401000000000003
57.267,-0.2,0.401000000000003
57.268,-0.2,0.401000000000003
57.269,-0.2,0.401000000000003
57.27,-0.2,0.401000000000003
57.271,-0.2,0.401000000000003
57.272,-0.2,0.401000000000003
57.273,-0.2,0.401000000000003
57.274,-0.2,0.401000000000003
57.275,-0.2,0.401000000000003
57.276,-0.2,0.401000000000003
57.277,-0.2,0.401000000000003
57.278,-0.2,0.401000000000003
57.279,-0.2,0.401000000000003
57.28,-0.2,0.401000000000003
57.281,-0.2,0.401000000000003
57.282,-0.2,0.401000000000003
57.283,-0.2,0.401000000000003
57.284,-0.2,0.401000000000003
57.285,-0.2,0.401000000000003
57.286,-0.2,0.401000000000003
57.287,-0.2,0.401000000000003
57.288,-0.2,0.401000000000003
57.289,-0.2,0.401000000000003
57.29,-0.2,0.401000000000003
57.291,-0.2,0.401000000000003
57.292,-0.2,0.401000000000003
57.293,-0.2,0.401000000000003
57.294,-0.2,0.401000000000003
57.295,-0.2,0.401000000000003
57.296,-0.2,0.401000000000003
57.297,-0.2,0.401000000000003
57.298,-0.2,0.401000000000003
57.299,-0.2,0.401000000000003
57.3,-0.2,0.401000000000003
57.301,-0.2,0.401000000000003
57.302,-0.2,0.401000000000003
57.303,-0.2,0.401000000000003
57.304,-0.2,0.401000000000003
57.305,-0.2,0.401000000000003
57.306,-0.2,0.401000000000003
57.307,-0.2,0.401000000000003
57.308,-0.2,0.401000000000003
57.309,-0.2,0.401000000000003
57.31,-0.2,0.401000000000003
57.311,-0.2,0.401000000000003
57.312,-0.2,0.401000000000003
57.313,-0.2,0.401000000000003
57.314,-0.2,0.401000000000003
57.315,-0.2,0.401000000000003
57.316,-0.2,0.401000000000003
57.317,-0.2,0.401000000000003
57.318,-0.2,0.401000000000003
57.319,-0.2,0.401000000000003
57.32,-0.2,0.401000000000003
57.321,-0.2,0.401000000000003
57.322,-0.2,0.401000000000003
57.323,-0.2,0.401000000000003
57.324,-0.2,0.401000000000003
57.325,-0.2,0.401000000000003
57.326,-0.2,0.401000000000003
57.327,-0.2,0.401000000000003
57.328,-0.2,0.401000000000003
57.329,-0.2,0.401000000000003
57.33,-0.2,0.401000000000003
57.331,-0.2,0.401000000000003
57.332,-0.2,0.401000000000003
57.333,-0.2,0.401000000000003
57.334,-0.2,0.401000000000003
57.335,-0.2,0.401000000000003
57.336,-0.2,0.401000000000003
57.337,-0.2,0.401000000000003
57.338,-0.2,0.401000000000003
57.339,-0.2,0.401000000000003
57.34,-0.2,0.401000000000003
57.341,-0.2,0.401000000000003
57.342,-0.2,0.401000000000003
57.343,-0.2,0.401000000000003
57.344,-0.2,0.401000000000003
57.345,-0.2,0.401000000000003
57.346,-0.2,0.401000000000003
57.347,-0.2,0.401000000000003
57.348,-0.2,0.401000000000003
57.349,-0.2,0.401000000000003
57.35,-0.2,0.401000000000003
57.351,-0.2,0.401000000000003
57.352,-0.2,0.401000000000003
57.353,-0.2,0.401000000000003
57.354,-0.2,0.401000000000003
57.355,-0.2,0.401000000000003
57.356,-0.2,0.401000000000003
57.357,-0.2,0.401000000000003
57.358,-0.2,0.401000000000003
57.359,-0.2,0.401000000000003
57.36,-0.2,0.401000000000003
57.361,-0.2,0.401000000000003
57.362,-0.2,0.401000000000003
57.363,-0.2,0.401000000000003
57.364,-0.2,0.401000000000003
57.365,-0.2,0.401000000000003
57.366,-0.2,0.401000000000003
57.367,-0.2,0.401000000000003
57.368,-0.2,0.401000000000003
57.369,-0.2,0.401000000000003
57.37,-0.2,0.401000000000003
57.371,-0.2,0.401000000000003
57.372,-0.2,0.401000000000003
57.373,-0.2,0.401000000000003
57.374,-0.2,0.401000000000003
57.375,-0.2,0.401000000000003
57.376,-0.2,0.401000000000003
57.377,-0.2,0.401000000000003
57.378,-0.2,0.401000000000003
57.379,-0.2,0.401000000000003
57.38,-0.2,0.401000000000003
57.381,-0.2,0.401000000000003
57.382,-0.2,0.401000000000003
57.383,-0.2,0.401000000000003
57.384,-0.2,0.401000000000003
57.385,-0.2,0.401000000000003
57.386,-0.2,0.401000000000003
57.387,-0.2,0.401000000000003
57.388,-0.2,0.401000000000003
57.389,-0.2,0.401000000000003
57.39,-0.2,0.401000000000003
57.391,-0.2,0.401000000000003
57.392,-0.2,0.401000000000003
57.393,-0.2,0.401000000000003
57.394,-0.2,0.401000000000003
57.395,-0.2,0.401000000000003
57.396,-0.2,0.401000000000003
57.397,-0.2,0.401000000000003
57.398,-0.2,0.401000000000003
57.399,-0.2,0.401000000000003
57.4,-0.2,0.401000000000003
