0,0,10.999
0.001,0,10.999
0.002,0,10.999
0.003,0,10.999
0.004,0,10.999
0.005,0,10.999
0.006,0,10.999
0.007,0,10.999
0.008,0,10.999
0.009,0,10.999
0.01,0,10.999
0.011,0,10.999
0.012,0,10.999
0.013,0,10.999
0.014,0,10.999
0.015,0,10.999
0.016,0,10.999
0.017,0,10.999
0.018,0,10.999
0.019,0,10.999
0.02,0,10.999
0.021,0,10.999
0.022,0,10.999
0.023,0,10.999
0.024,0,10.999
0.025,0,10.999
0.026,0,10.999
0.027,0,10.999
0.028,0,10.999
0.029,0,10.999
0.03,0,10.999
0.031,0,10.999
0.032,0,10.999
0.033,0,10.999
0.034,0,10.999
0.035,0,10.999
0.036,0,10.999
0.037,0,10.999
0.038,0,10.999
0.039,0,10.999
0.04,0,10.999
0.041,0,10.999
0.042,0,10.999
0.043,0,10.999
0.044,0,10.999
0.045,0,10.999
0.046,0,10.999
0.047,0,10.999
0.048,0,10.999
0.049,0,10.999
0.05,0,10.999
0.051,0,10.999
0.052,0,10.999
0.053,0,10.999
0.054,0,10.999
0.055,0,10.999
0.056,0,10.999
0.057,0,10.999
0.058,0,10.999
0.059,0,10.999
0.06,0,10.999
0.061,0,10.999
0.062,0,10.999
0.063,0,10.999
0.064,0,10.999
0.065,0,10.999
0.066,0,10.999
0.067,0,10.999
0.068,0,10.999
0.069,0,10.999
0.07,0,10.999
0.071,0,10.999
0.072,0,10.999
0.073,0,10.999
0.074,0,10.999
0.075,0,10.999
0.076,0,10.999
0.077,0,10.999
0.078,0,10.999
0.079,0,10.999
0.08,0,10.999
0.081,0,10.999
0.082,0,10.999
0.083,0,10.999
0.084,0,10.999
0.085,0,10.999
0.086,0,10.999
0.087,0,10.999
0.088,0,10.999
0.089,0,10.999
0.09,0,10.999
0.091,0,10.999
0.092,0,10.999
0.093,0,10.999
0.094,0,10.999
0.095,0,10.999
0.096,0,10.999
0.097,0,10.999
0.098,0,10.999
0.099,0,10.999
0.1,0,10.999
0.101,0,10.999
0.102,0,10.999
0.103,0,10.999
0.104,0,10.999
0.105,0,10.999
0.106,0,10.999
0.107,0,10.999
0.108,0,10.999
0.109,0,10.999
0.11,0,10.999
0.111,0,10.999
0.112,0,10.999
0.113,0,10.999
0.114,0,10.999
0.115,0,10.999
0.116,0,10.999
0.117,0,10.999
0.118,0,10.999
0.119,0,10.999
0.12,0,10.999
0.121,0,10.999
0.122,0,10.999
0.123,0,10.999
0.124,0,10.999
0.125,0,10.999
0.126,0,10.999
0.127,0,10.999
0.128,0,10.999
0.129,0,10.999
0.13,0,10.999
0.131,0,10.999
0.132,0,10.999
0.133,0,10.999
0.134,0,10.999
0.135,0,10.999
0.136,0,10.999
0.137,0,10.999
0.138,0,10.999
0.139,0,10.999
0.14,0,10.999
0.141,0,10.999
0.142,0,10.999
0.143,0,10.999
0.144,0,10.999
0.145,0,10.999
0.146,0,10.999
0.147,0,10.999
0.148,0,10.999
0.149,0,10.999
0.15,0,10.999
0.151,0,10.999
0.152,0,10.999
0.153,0,10.999
0.154,0,10.999
0.155,0,10.999
0.156,0,10.999
0.157,0,10.999
0.158,0,10.999
0.159,0,10.999
0.16,0,10.999
0.161,0,10.999
0.162,0,10.999
0.163,0,10.999
0.164,0,10.999
0.165,0,10.999
0.166,0,10.999
0.167,0,10.999
0.168,0,10.999
0.169,0,10.999
0.17,0,10.999
0.171,0,10.999
0.172,0,10.999
0.173,0,10.999
0.174,0,10.999
0.175,0,10.999
0.176,0,10.999
0.177,0,10.999
0.178,0,10.999
0.179,0,10.999
0.18,0,10.999
0.181,0,10.999
0.182,0,10.999
0.183,0,10.999
0.184,0,10.999
0.185,0,10.999
0.186,0,10.999
0.187,0,10.999
0.188,0,10.999
0.189,0,10.999
0.19,0,10.999
0.191,0,10.999
0.192,0,10.999
0.193,0,10.999
0.194,0,10.999
0.195,0,10.999
0.196,0,10.999
0.197,0,10.999
0.198,0,10.999
0.199,0,10.999
0.2,0,10.999
0.201,0,10.999
0.202,0,10.999
0.203,0,10.999
0.204,0,10.999
0.205,0,10.999
0.206,0,10.999
0.207,0,10.999
0.208,0,10.999
0.209,0,10.999
0.21,0,10.999
0.211,0,10.999
0.212,0,10.999
0.213,0,10.999
0.214,0,10.999
0.215,0,10.999
0.216,0,10.999
0.217,0,10.999
0.218,0,10.999
0.219,0,10.999
0.22,0,10.999
0.221,0,10.999
0.222,0,10.999
0.223,0,10.999
0.224,0,10.999
0.225,0,10.999
0.226,0,10.999
0.227,0,10.999
0.228,0,10.999
0.229,0,10.999
0.23,0,10.999
0.231,0,10.999
0.232,0,10.999
0.233,0,10.999
0.234,0,10.999
0.235,0,10.999
0.236,0,10.999
0.237,0,10.999
0.238,0,10.999
0.239,0,10.999
0.24,0,10.999
0.241,0,10.999
0.242,0,10.999
0.243,0,10.999
0.244,0,10.999
0.245,0,10.999
0.246,0,10.999
0.247,0,10.999
0.248,0,10.999
0.249,0,10.999
0.25,0,10.999
0.251,0,10.999
0.252,0,10.999
0.253,0,10.999
0.254,0,10.999
0.255,0,10.999
0.256,0,10.999
0.257,0,10.999
0.258,0,10.999
0.259,0,10.999
0.26,0,10.999
0.261,0,10.999
0.262,0,10.999
0.263,0,10.999
0.264,0,10.999
0.265,0,10.999
0.266,0,10.999
0.267,0,10.999
0.268,0,10.999
0.269,0,10.999
0.27,0,10.999
0.271,0,10.999
0.272,0,10.999
0.273,0,10.999
0.274,0,10.999
0.275,0,10.999
0.276,0,10.999
0.277,0,10.999
0.278,0,10.999
0.279,0,10.999
0.28,0,10.999
0.281,0,10.999
0.282,0,10.999
0.283,0,10.999
0.284,0,10.999
0.285,0,10.999
0.286,0,10.999
0.287,0,10.999
0.288,0,10.999
0.289,0,10.999
0.29,0,10.999
0.291,0,10.999
0.292,0,10.999
0.293,0,10.999
0.294,0,10.999
0.295,0,10.999
0.296,0,10.999
0.297,0,10.999
0.298,0,10.999
0.299,0,10.999
0.3,0,10.999
0.301,0,10.999
0.302,0,10.999
0.303,0,10.999
0.304,0,10.999
0.305,0,10.999
0.306,0,10.999
0.307,0,10.999
0.308,0,10.999
0.309,0,10.999
0.31,0,10.999
0.311,0,10.999
0.312,0,10.999
0.313,0,10.999
0.314,0,10.999
0.315,0,10.999
0.316,0,10.999
0.317,0,10.999
0.318,0,10.999
0.319,0,10.999
0.32,0,10.999
0.321,0,10.999
0.322,0,10.999
0.323,0,10.999
0.324,0,10.999
0.325,0,10.999
0.326,0,10.999
0.327,0,10.999
0.328,0,10.999
0.329,0,10.999
0.33,0,10.999
0.331,0,10.999
0.332,0,10.999
0.333,0,10.999
0.334,0,10.999
0.335,0,10.999
0.336,0,10.999
0.337,0,10.999
0.338,0,10.999
0.339,0,10.999
0.34,0,10.999
0.341,0,10.999
0.342,0,10.999
0.343,0,10.999
0.344,0,10.999
0.345,0,10.999
0.346,0,10.999
0.347,0,10.999
0.348,0,10.999
0.349,0,10.999
0.35,0,10.999
0.351,0,10.999
0.352,0,10.999
0.353,0,10.999
0.354,0,10.999
0.355,0,10.999
0.356,0,10.999
0.357,0,10.999
0.358,0,10.999
0.359,0,10.999
0.36,0,10.999
0.361,0,10.999
0.362,0,10.999
0.363,0,10.999
0.364,0,10.999
0.365,0,10.999
0.366,0,10.999
0.367,0,10.999
0.368,0,10.999
0.369,0,10.999
0.37,0,10.999
0.371,0,10.999
0.372,0,10.999
0.373,0,10.999
0.374,0,10.999
0.375,0,10.999
0.376,0,10.999
0.377,0,10.999
0.378,0,10.999
0.379,0,10.999
0.38,0,10.999
0.381,0,10.999
0.382,0,10.999
0.383,0,10.999
0.384,0,10.999
0.385,0,10.999
0.386,0,10.999
0.387,0,10.999
0.388,0,10.999
0.389,0,10.999
0.39,0,10.999
0.391,0,10.999
0.392,0,10.999
0.393,0,10.999
0.394,0,10.999
0.395,0,10.999
0.396,0,10.999
0.397,0,10.999
0.398,0,10.999
0.399,0,10.999
0.4,0,10.999
0.401,0,10.999
0.402,0,10.999
0.403,0,10.999
0.404,0,10.999
0.405,0,10.999
0.406,0,10.999
0.407,0,10.999
0.408,0,10.999
0.409,0,10.999
0.41,0,10.999
0.411,0,10.999
0.412,0,10.999
0.413,0,10.999
0.414,0,10.999
0.415,0,10.999
0.416,0,10.999
0.417,0,10.999
0.418,0,10.999
0.419,0,10.999
0.42,0,10.999
0.421,0,10.999
0.422,0,10.999
0.423,0,10.999
0.424,0,10.999
0.425,0,10.999
0.426,0,10.999
0.427,0,10.999
0.428,0,10.999
0.429,0,10.999
0.43,0,10.999
0.431,0,10.999
0.432,0,10.999
0.433,0,10.999
0.434,0,10.999
0.435,0,10.999
0.436,0,10.999
0.437,0,10.999
0.438,0,10.999
0.439,0,10.999
0.44,0,10.999
0.441,0,10.999
0.442,0,10.999
0.443,0,10.999
0.444,0,10.999
0.445,0,10.999
0.446,0,10.999
0.447,0,10.999
0.448,0,10.999
0.449,0,10.999
0.45,0,10.999
0.451,0,10.999
0.452,0,10.999
0.453,0,10.999
0.454,0,10.999
0.455,0,10.999
0.456,0,10.999
0.457,0,10.999
0.458,0,10.999
0.459,0,10.999
0.46,0,10.999
0.461,0,10.999
0.462,0,10.999
0.463,0,10.999
0.464,0,10.999
0.465,0,10.999
0.466,0,10.999
0.467,0,10.999
0.468,0,10.999
0.469,0,10.999
0.47,0,10.999
0.471,0,10.999
0.472,0,10.999
0.473,0,10.999
0.474,0,10.999
0.475,0,10.999
0.476,0,10.999
0.477,0,10.999
0.478,0,10.999
0.479,0,10.999
0.48,0,10.999
0.481,0,10.999
0.482,0,10.999
0.483,0,10.999
0.484,0,10.999
0.485,0,10.999
0.486,0,10.999
0.487,0,10.999
0.488,0,10.999
0.489,0,10.999
0.49,0,10.999
0.491,0,10.999
0.492,0,10.999
0.493,0,10.999
0.494,0,10.999
0.495,0,10.999
0.496,0,10.999
0.497,0,10.999
0.498,0,10.999
0.499,0,10.999
0.5,0,10.999
0.501,0,10.999
0.502,0,10.999
0.503,0,10.999
0.504,0,10.999
0.505,0,10.999
0.506,0,10.999
0.507,0,10.999
0.508,0,10.999
0.509,0,10.999
0.51,0,10.999
0.511,0,10.999
0.512,0,10.999
0.513,0,10.999
0.514,0,10.999
0.515,0,10.999
0.516,0,10.999
0.517,0,10.999
0.518,0,10.999
0.519,0,10.999
0.52,0,10.999
0.521,0,10.999
0.522,0,10.999
0.523,0,10.999
0.524,0,10.999
0.525,0,10.999
0.526,0,10.999
0.527,0,10.999
0.528,0,10.999
0.529,0,10.999
0.53,0,10.999
0.531,0,10.999
0.532,0,10.999
0.533,0,10.999
0.534,0,10.999
0.535,0,10.999
0.536,0,10.999
0.537,0,10.999
0.538,0,10.999
0.539,0,10.999
0.54,0,10.999
0.541,0,10.999
0.542,0,10.999
0.543,0,10.999
0.544,0,10.999
0.545,0,10.999
0.546,0,10.999
0.547,0,10.999
0.548,0,10.999
0.549,0,10.999
0.55,0,10.999
0.551,0,10.999
0.552,0,10.999
0.553,0,10.999
0.554,0,10.999
0.555,0,10.999
0.556,0,10.999
0.557,0,10.999
0.558,0,10.999
0.559,0,10.999
0.56,0,10.999
0.561,0,10.999
0.562,0,10.999
0.563,0,10.999
0.564,0,10.999
0.565,0,10.999
0.566,0,10.999
0.567,0,10.999
0.568,0,10.999
0.569,0,10.999
0.57,0,10.999
0.571,0,10.999
0.572,0,10.999
0.573,0,10.999
0.574,0,10.999
0.575,0,10.999
0.576,0,10.999
0.577,0,10.999
0.578,0,10.999
0.579,0,10.999
0.58,0,10.999
0.581,0,10.999
0.582,0,10.999
0.583,0,10.999
0.584,0,10.999
0.585,0,10.999
0.586,0,10.999
0.587,0,10.999
0.588,0,10.999
0.589,0,10.999
0.59,0,10.999
0.591,0,10.999
0.592,0,10.999
0.593,0,10.999
0.594,0,10.999
0.595,0,10.999
0.596,0,10.999
0.597,0,10.999
0.598,0,10.999
0.599,0,10.999
0.6,0,10.999
0.601,0,10.999
0.602,0,10.999
0.603,0,10.999
0.604,0,10.999
0.605,0,10.999
0.606,0,10.999
0.607,0,10.999
0.608,0,10.999
0.609,0,10.999
0.61,0,10.999
0.611,0,10.999
0.612,0,10.999
0.613,0,10.999
0.614,0,10.999
0.615,0,10.999
0.616,0,10.999
0.617,0,10.999
0.618,0,10.999
0.619,0,10.999
0.62,0,10.999
0.621,0,10.999
0.622,0,10.999
0.623,0,10.999
0.624,0,10.999
0.625,0,10.999
0.626,0,10.999
0.627,0,10.999
0.628,0,10.999
0.629,0,10.999
0.63,0,10.999
0.631,0,10.999
0.632,0,10.999
0.633,0,10.999
0.634,0,10.999
0.635,0,10.999
0.636,0,10.999
0.637,0,10.999
0.638,0,10.999
0.639,0,10.999
0.64,0,10.999
0.641,0,10.999
0.642,0,10.999
0.643,0,10.999
0.644,0,10.999
0.645,0,10.999
0.646,0,10.999
0.647,0,10.999
0.648,0,10.999
0.649,0,10.999
0.65,0,10.999
0.651,0,10.999
0.652,0,10.999
0.653,0,10.999
0.654,0,10.999
0.655,0,10.999
0.656,0,10.999
0.657,0,10.999
0.658,0,10.999
0.659,0,10.999
0.66,0,10.999
0.661,0,10.999
0.662,0,10.999
0.663,0,10.999
0.664,0,10.999
0.665,0,10.999
0.666,0,10.999
0.667,0,10.999
0.668,0,10.999
0.669,0,10.999
0.67,0,10.999
0.671,0,10.999
0.672,0,10.999
0.673,0,10.999
0.674,0,10.999
0.675,0,10.999
0.676,0,10.999
0.677,0,10.999
0.678,0,10.999
0.679,0,10.999
0.68,0,10.999
0.681,0,10.999
0.682,0,10.999
0.683,0,10.999
0.684,0,10.999
0.685,0,10.999
0.686,0,10.999
0.687,0,10.999
0.688,0,10.999
0.689,0,10.999
0.69,0,10.999
0.691,0,10.999
0.692,0,10.999
0.693,0,10.999
0.694,0,10.999
0.695,0,10.999
0.696,0,10.999
0.697,0,10.999
0.698,0,10.999
0.699,0,10.999
0.7,0,10.999
0.701,0,10.999
0.702,0,10.999
0.703,0,10.999
0.704,0,10.999
0.705,0,10.999
0.706,0,10.999
0.707,0,10.999
0.708,0,10.999
0.709,0,10.999
0.71,0,10.999
0.711,0,10.999
0.712,0,10.999
0.713,0,10.999
0.714,0,10.999
0.715,0,10.999
0.716,0,10.999
0.717,0,10.999
0.718,0,10.999
0.719,0,10.999
0.72,0,10.999
0.721,0,10.999
0.722,0,10.999
0.723,0,10.999
0.724,0,10.999
0.725,0,10.999
0.726,0,10.999
0.727,0,10.999
0.728,0,10.999
0.729,0,10.999
0.73,0,10.999
0.731,0,10.999
0.732,0,10.999
0.733,0,10.999
0.734,0,10.999
0.735,0,10.999
0.736,0,10.999
0.737,0,10.999
0.738,0,10.999
0.739,0,10.999
0.74,0,10.999
0.741,0,10.999
0.742,0,10.999
0.743,0,10.999
0.744,0,10.999
0.745,0,10.999
0.746,0,10.999
0.747,0,10.999
0.748,0,10.999
0.749,0,10.999
0.75,0,10.999
0.751,0,10.999
0.752,0,10.999
0.753,0,10.999
0.754,0,10.999
0.755,0,10.999
0.756,0,10.999
0.757,0,10.999
0.758,0,10.999
0.759,0,10.999
0.76,0,10.999
0.761,0,10.999
0.762,0,10.999
0.763,0,10.999
0.764,0,10.999
0.765,0,10.999
0.766,0,10.999
0.767,0,10.999
0.768,0,10.999
0.769,0,10.999
0.77,0,10.999
0.771,0,10.999
0.772,0,10.999
0.773,0,10.999
0.774,0,10.999
0.775,0,10.999
0.776,0,10.999
0.777,0,10.999
0.778,0,10.999
0.779,0,10.999
0.78,0,10.999
0.781,0,10.999
0.782,0,10.999
0.783,0,10.999
0.784,0,10.999
0.785,0,10.999
0.786,0,10.999
0.787,0,10.999
0.788,0,10.999
0.789,0,10.999
0.79,0,10.999
0.791,0,10.999
0.792,0,10.999
0.793,0,10.999
0.794,0,10.999
0.795,0,10.999
0.796,0,10.999
0.797,0,10.999
0.798,0,10.999
0.799,0,10.999
0.8,0,10.999
0.801,0,10.999
0.802,0,10.999
0.803,0,10.999
0.804,0,10.999
0.805,0,10.999
0.806,0,10.999
0.807,0,10.999
0.808,0,10.999
0.809,0,10.999
0.81,0,10.999
0.811,0,10.999
0.812,0,10.999
0.813,0,10.999
0.814,0,10.999
0.815,0,10.999
0.816,0,10.999
0.817,0,10.999
0.818,0,10.999
0.819,0,10.999
0.82,0,10.999
0.821,0,10.999
0.822,0,10.999
0.823,0,10.999
0.824,0,10.999
0.825,0,10.999
0.826,0,10.999
0.827,0,10.999
0.828,0,10.999
0.829,0,10.999
0.83,0,10.999
0.831,0,10.999
0.832,0,10.999
0.833,0,10.999
0.834,0,10.999
0.835,0,10.999
0.836,0,10.999
0.837,0,10.999
0.838,0,10.999
0.839,0,10.999
0.84,0,10.999
0.841,0,10.999
0.842,0,10.999
0.843,0,10.999
0.844,0,10.999
0.845,0,10.999
0.846,0,10.999
0.847,0,10.999
0.848,0,10.999
0.849,0,10.999
0.85,0,10.999
0.851,0,10.999
0.852,0,10.999
0.853,0,10.999
0.854,0,10.999
0.855,0,10.999
0.856,0,10.999
0.857,0,10.999
0.858,0,10.999
0.859,0,10.999
0.86,0,10.999
0.861,0,10.999
0.862,0,10.999
0.863,0,10.999
0.864,0,10.999
0.865,0,10.999
0.866,0,10.999
0.867,0,10.999
0.868,0,10.999
0.869,0,10.999
0.87,0,10.999
0.871,0,10.999
0.872,0,10.999
0.873,0,10.999
0.874,0,10.999
0.875,0,10.999
0.876,0,10.999
0.877,0,10.999
0.878,0,10.999
0.879,0,10.999
0.88,0,10.999
0.881,0,10.999
0.882,0,10.999
0.883,0,10.999
0.884,0,10.999
0.885,0,10.999
0.886,0,10.999
0.887,0,10.999
0.888,0,10.999
0.889,0,10.999
0.89,0,10.999
0.891,0,10.999
0.892,0,10.999
0.893,0,10.999
0.894,0,10.999
0.895,0,10.999
0.896,0,10.999
0.897,0,10.999
0.898,0,10.999
0.899,0,10.999
0.9,0,10.999
0.901,0,10.999
0.902,0,10.999
0.903,0,10.999
0.904,0,10.999
0.905,0,10.999
0.906,0,10.999
0.907,0,10.999
0.908,0,10.999
0.909,0,10.999
0.91,0,10.999
0.911,0,10.999
0.912,0,10.999
0.913,0,10.999
0.914,0,10.999
0.915,0,10.999
0.916,0,10.999
0.917,0,10.999
0.918,0,10.999
0.919,0,10.999
0.92,0,10.999
0.921,0,10.999
0.922,0,10.999
0.923,0,10.999
0.924,0,10.999
0.925,0,10.999
0.926,0,10.999
0.927,0,10.999
0.928,0,10.999
0.929,0,10.999
0.93,0,10.999
0.931,0,10.999
0.932,0,10.999
0.933,0,10.999
0.934,0,10.999
0.935,0,10.999
0.936,0,10.999
0.937,0,10.999
0.938,0,10.999
0.939,0,10.999
0.94,0,10.999
0.941,0,10.999
0.942,0,10.999
0.943,0,10.999
0.944,0,10.999
0.945,0,10.999
0.946,0,10.999
0.947,0,10.999
0.948,0,10.999
0.949,0,10.999
0.95,0,10.999
0.951,0,10.999
0.952,0,10.999
0.953,0,10.999
0.954,0,10.999
0.955,0,10.999
0.956,0,10.999
0.957,0,10.999
0.958,0,10.999
0.959,0,10.999
0.96,0,10.999
0.961,0,10.999
0.962,0,10.999
0.963,0,10.999
0.964,0,10.999
0.965,0,10.999
0.966,0,10.999
0.967,0,10.999
0.968,0,10.999
0.969,0,10.999
0.97,0,10.999
0.971,0,10.999
0.972,0,10.999
0.973,0,10.999
0.974,0,10.999
0.975,0,10.999
0.976,0,10.999
0.977,0,10.999
0.978,0,10.999
0.979,0,10.999
0.98,0,10.999
0.981,0,10.999
0.982,0,10.999
0.983,0,10.999
0.984,0,10.999
0.985,0,10.999
0.986,0,10.999
0.987,0,10.999
0.988,0,10.999
0.989,0,10.999
0.99,0,10.999
0.991,0,10.999
0.992,0,10.999
0.993,0,10.999
0.994,0,10.999
0.995,0,10.999
0.996,0,10.999
0.997,0,10.999
0.998,0,10.999
0.999,0,10.999
1,0,10.999
1.001,0,10.999
1.002,0,10.999
1.003,0,10.999
1.004,0,10.999
1.005,0,10.999
1.006,0,10.999
1.007,0,10.999
1.008,0,10.999
1.009,0,10.999
1.01,0,10.999
1.011,0,10.999
1.012,0,10.999
1.013,0,10.999
1.014,0,10.999
1.015,0,10.999
1.016,0,10.999
1.017,0,10.999
1.018,0,10.999
1.019,0,10.999
1.02,0,10.999
1.021,0,10.999
1.022,0,10.999
1.023,0,10.999
1.024,0,10.999
1.025,0,10.999
1.026,0,10.999
1.027,0,10.999
1.028,0,10.999
1.029,0,10.999
1.03,0,10.999
1.031,0,10.999
1.032,0,10.999
1.033,0,10.999
1.034,0,10.999
1.035,0,10.999
1.036,0,10.999
1.037,0,10.999
1.038,0,10.999
1.039,0,10.999
1.04,0,10.999
1.041,0,10.999
1.042,0,10.999
1.043,0,10.999
1.044,0,10.999
1.045,0,10.999
1.046,0,10.999
1.047,0,10.999
1.048,0,10.999
1.049,0,10.999
1.05,0,10.999
1.051,0,10.999
1.052,0,10.999
1.053,0,10.999
1.054,0,10.999
1.055,0,10.999
1.056,0,10.999
1.057,0,10.999
1.058,0,10.999
1.059,0,10.999
1.06,0,10.999
1.061,0,10.999
1.062,0,10.999
1.063,0,10.999
1.064,0,10.999
1.065,0,10.999
1.066,0,10.999
1.067,0,10.999
1.068,0,10.999
1.069,0,10.999
1.07,0,10.999
1.071,0,10.999
1.072,0,10.999
1.073,0,10.999
1.074,0,10.999
1.075,0,10.999
1.076,0,10.999
1.077,0,10.999
1.078,0,10.999
1.079,0,10.999
1.08,0,10.999
1.081,0,10.999
1.082,0,10.999
1.083,0,10.999
1.084,0,10.999
1.085,0,10.999
1.086,0,10.999
1.087,0,10.999
1.088,0,10.999
1.089,0,10.999
1.09,0,10.999
1.091,0,10.999
1.092,0,10.999
1.093,0,10.999
1.094,0,10.999
1.095,0,10.999
1.096,0,10.999
1.097,0,10.999
1.098,0,10.999
1.099,0,10.999
1.1,0,10.999
1.101,0,10.999
1.102,0,10.999
1.103,0,10.999
1.104,0,10.999
1.105,0,10.999
1.106,0,10.999
1.107,0,10.999
1.108,0,10.999
1.109,0,10.999
1.11,0,10.999
1.111,0,10.999
1.112,0,10.999
1.113,0,10.999
1.114,0,10.999
1.115,0,10.999
1.116,0,10.999
1.117,0,10.999
1.118,0,10.999
1.119,0,10.999
1.12,0,10.999
1.121,0,10.999
1.122,0,10.999
1.123,0,10.999
1.124,0,10.999
1.125,0,10.999
1.126,0,10.999
1.127,0,10.999
1.128,0,10.999
1.129,0,10.999
1.13,0,10.999
1.131,0,10.999
1.132,0,10.999
1.133,0,10.999
1.134,0,10.999
1.135,0,10.999
1.136,0,10.999
1.137,0,10.999
1.138,0,10.999
1.139,0,10.999
1.14,0,10.999
1.141,0,10.999
1.142,0,10.999
1.143,0,10.999
1.144,0,10.999
1.145,0,10.999
1.146,0,10.999
1.147,0,10.999
1.148,0,10.999
1.149,0,10.999
1.15,0,10.999
1.151,0,10.999
1.152,0,10.999
1.153,0,10.999
1.154,0,10.999
1.155,0,10.999
1.156,0,10.999
1.157,0,10.999
1.158,0,10.999
1.159,0,10.999
1.16,0,10.999
1.161,0,10.999
1.162,0,10.999
1.163,0,10.999
1.164,0,10.999
1.165,0,10.999
1.166,0,10.999
1.167,0,10.999
1.168,0,10.999
1.169,0,10.999
1.17,0,10.999
1.171,0,10.999
1.172,0,10.999
1.173,0,10.999
1.174,0,10.999
1.175,0,10.999
1.176,0,10.999
1.177,0,10.999
1.178,0,10.999
1.179,0,10.999
1.18,0,10.999
1.181,0,10.999
1.182,0,10.999
1.183,0,10.999
1.184,0,10.999
1.185,0,10.999
1.186,0,10.999
1.187,0,10.999
1.188,0,10.999
1.189,0,10.999
1.19,0,10.999
1.191,0,10.999
1.192,0,10.999
1.193,0,10.999
1.194,0,10.999
1.195,0,10.999
1.196,0,10.999
1.197,0,10.999
1.198,0,10.999
1.199,0,10.999
1.2,0,10.999
1.201,0,10.999
1.202,0,10.999
1.203,0,10.999
1.204,0,10.999
1.205,0,10.999
1.206,0,10.999
1.207,0,10.999
1.208,0,10.999
1.209,0,10.999
1.21,0,10.999
1.211,0,10.999
1.212,0,10.999
1.213,0,10.999
1.214,0,10.999
1.215,0,10.999
1.216,0,10.999
1.217,0,10.999
1.218,0,10.999
1.219,0,10.999
1.22,0,10.999
1.221,0,10.999
1.222,0,10.999
1.223,0,10.999
1.224,0,10.999
1.225,0,10.999
1.226,0,10.999
1.227,0,10.999
1.228,0,10.999
1.229,0,10.999
1.23,0,10.999
1.231,0,10.999
1.232,0,10.999
1.233,0,10.999
1.234,0,10.999
1.235,0,10.999
1.236,0,10.999
1.237,0,10.999
1.238,0,10.999
1.239,0,10.999
1.24,0,10.999
1.241,0,10.999
1.242,0,10.999
1.243,0,10.999
1.244,0,10.999
1.245,0,10.999
1.246,0,10.999
1.247,0,10.999
1.248,0,10.999
1.249,0,10.999
1.25,0,10.999
1.251,0,10.999
1.252,0,10.999
1.253,0,10.999
1.254,0,10.999
1.255,0,10.999
1.256,0,10.999
1.257,0,10.999
1.258,0,10.999
1.259,0,10.999
1.26,0,10.999
1.261,0,10.999
1.262,0,10.999
1.263,0,10.999
1.264,0,10.999
1.265,0,10.999
1.266,0,10.999
1.267,0,10.999
1.268,0,10.999
1.269,0,10.999
1.27,0,10.999
1.271,0,10.999
1.272,0,10.999
1.273,0,10.999
1.274,0,10.999
1.275,0,10.999
1.276,0,10.999
1.277,0,10.999
1.278,0,10.999
1.279,0,10.999
1.28,0,10.999
1.281,0,10.999
1.282,0,10.999
1.283,0,10.999
1.284,0,10.999
1.285,0,10.999
1.286,0,10.999
1.287,0,10.999
1.288,0,10.999
1.289,0,10.999
1.29,0,10.999
1.291,0,10.999
1.292,0,10.999
1.293,0,10.999
1.294,0,10.999
1.295,0,10.999
1.296,0,10.999
1.297,0,10.999
1.298,0,10.999
1.299,0,10.999
1.3,0,10.999
1.301,0,10.999
1.302,0,10.999
1.303,0,10.999
1.304,0,10.999
1.305,0,10.999
1.306,0,10.999
1.307,0,10.999
1.308,0,10.999
1.309,0,10.999
1.31,0,10.999
1.311,0,10.999
1.312,0,10.999
1.313,0,10.999
1.314,0,10.999
1.315,0,10.999
1.316,0,10.999
1.317,0,10.999
1.318,0,10.999
1.319,0,10.999
1.32,0,10.999
1.321,0,10.999
1.322,0,10.999
1.323,0,10.999
1.324,0,10.999
1.325,0,10.999
1.326,0,10.999
1.327,0,10.999
1.328,0,10.999
1.329,0,10.999
1.33,0,10.999
1.331,0,10.999
1.332,0,10.999
1.333,0,10.999
1.334,0,10.999
1.335,0,10.999
1.336,0,10.999
1.337,0,10.999
1.338,0,10.999
1.339,0,10.999
1.34,0,10.999
1.341,0,10.999
1.342,0,10.999
1.343,0,10.999
1.344,0,10.999
1.345,0,10.999
1.346,0,10.999
1.347,0,10.999
1.348,0,10.999
1.349,0,10.999
1.35,0,10.999
1.351,0,10.999
1.352,0,10.999
1.353,0,10.999
1.354,0,10.999
1.355,0,10.999
1.356,0,10.999
1.357,0,10.999
1.358,0,10.999
1.359,0,10.999
1.36,0,10.999
1.361,0,10.999
1.362,0,10.999
1.363,0,10.999
1.364,0,10.999
1.365,0,10.999
1.366,0,10.999
1.367,0,10.999
1.368,0,10.999
1.369,0,10.999
1.37,0,10.999
1.371,0,10.999
1.372,0,10.999
1.373,0,10.999
1.374,0,10.999
1.375,0,10.999
1.376,0,10.999
1.377,0,10.999
1.378,0,10.999
1.379,0,10.999
1.38,0,10.999
1.381,0,10.999
1.382,0,10.999
1.383,0,10.999
1.384,0,10.999
1.385,0,10.999
1.386,0,10.999
1.387,0,10.999
1.388,0,10.999
1.389,0,10.999
1.39,0,10.999
1.391,0,10.999
1.392,0,10.999
1.393,0,10.999
1.394,0,10.999
1.395,0,10.999
1.396,0,10.999
1.397,0,10.999
1.398,0,10.999
1.399,0,10.999
1.4,0,10.999
1.401,0,10.999
1.402,0,10.999
1.403,0,10.999
1.404,0,10.999
1.405,0,10.999
1.406,0,10.999
1.407,0,10.999
1.408,0,10.999
1.409,0,10.999
1.41,0,10.999
1.411,0,10.999
1.412,0,10.999
1.413,0,10.999
1.414,0,10.999
1.415,0,10.999
1.416,0,10.999
1.417,0,10.999
1.418,0,10.999
1.419,0,10.999
1.42,0,10.999
1.421,0,10.999
1.422,0,10.999
1.423,0,10.999
1.424,0,10.999
1.425,0,10.999
1.426,0,10.999
1.427,0,10.999
1.428,0,10.999
1.429,0,10.999
1.43,0,10.999
1.431,0,10.999
1.432,0,10.999
1.433,0,10.999
1.434,0,10.999
1.435,0,10.999
1.436,0,10.999
1.437,0,10.999
1.438,0,10.999
1.439,0,10.999
1.44,0,10.999
1.441,0,10.999
1.442,0,10.999
1.443,0,10.999
1.444,0,10.999
1.445,0,10.999
1.446,0,10.999
1.447,0,10.999
1.448,0,10.999
1.449,0,10.999
1.45,0,10.999
1.451,0,10.999
1.452,0,10.999
1.453,0,10.999
1.454,0,10.999
1.455,0,10.999
1.456,0,10.999
1.457,0,10.999
1.458,0,10.999
1.459,0,10.999
1.46,0,10.999
1.461,0,10.999
1.462,0,10.999
1.463,0,10.999
1.464,0,10.999
1.465,0,10.999
1.466,0,10.999
1.467,0,10.999
1.468,0,10.999
1.469,0,10.999
1.47,0,10.999
1.471,0,10.999
1.472,0,10.999
1.473,0,10.999
1.474,0,10.999
1.475,0,10.999
1.476,0,10.999
1.477,0,10.999
1.478,0,10.999
1.479,0,10.999
1.48,0,10.999
1.481,0,10.999
1.482,0,10.999
1.483,0,10.999
1.484,0,10.999
1.485,0,10.999
1.486,0,10.999
1.487,0,10.999
1.488,0,10.999
1.489,0,10.999
1.49,0,10.999
1.491,0,10.999
1.492,0,10.999
1.493,0,10.999
1.494,0,10.999
1.495,0,10.999
1.496,0,10.999
1.497,0,10.999
1.498,0,10.999
1.499,0,10.999
1.5,0,10.999
1.501,0,10.999
1.502,0,10.999
1.503,0,10.999
1.504,0,10.999
1.505,0,10.999
1.506,0,10.999
1.507,0,10.999
1.508,0,10.999
1.509,0,10.999
1.51,0,10.999
1.511,0,10.999
1.512,0,10.999
1.513,0,10.999
1.514,0,10.999
1.515,0,10.999
1.516,0,10.999
1.517,0,10.999
1.518,0,10.999
1.519,0,10.999
1.52,0,10.999
1.521,0,10.999
1.522,0,10.999
1.523,0,10.999
1.524,0,10.999
1.525,0,10.999
1.526,0,10.999
1.527,0,10.999
1.528,0,10.999
1.529,0,10.999
1.53,0,10.999
1.531,0,10.999
1.532,0,10.999
1.533,0,10.999
1.534,0,10.999
1.535,0,10.999
1.536,0,10.999
1.537,0,10.999
1.538,0,10.999
1.539,0,10.999
1.54,0,10.999
1.541,0,10.999
1.542,0,10.999
1.543,0,10.999
1.544,0,10.999
1.545,0,10.999
1.546,0,10.999
1.547,0,10.999
1.548,0,10.999
1.549,0,10.999
1.55,0,10.999
1.551,0,10.999
1.552,0,10.999
1.553,0,10.999
1.554,0,10.999
1.555,0,10.999
1.556,0,10.999
1.557,0,10.999
1.558,0,10.999
1.559,0,10.999
1.56,0,10.999
1.561,0,10.999
1.562,0,10.999
1.563,0,10.999
1.564,0,10.999
1.565,0,10.999
1.566,0,10.999
1.567,0,10.999
1.568,0,10.999
1.569,0,10.999
1.57,0,10.999
1.571,0,10.999
1.572,0,10.999
1.573,0,10.999
1.574,0,10.999
1.575,0,10.999
1.576,0,10.999
1.577,0,10.999
1.578,0,10.999
1.579,0,10.999
1.58,0,10.999
1.581,0,10.999
1.582,0,10.999
1.583,0,10.999
1.584,0,10.999
1.585,0,10.999
1.586,0,10.999
1.587,0,10.999
1.588,0,10.999
1.589,0,10.999
1.59,0,10.999
1.591,0,10.999
1.592,0,10.999
1.593,0,10.999
1.594,0,10.999
1.595,0,10.999
1.596,0,10.999
1.597,0,10.999
1.598,0,10.999
1.599,0,10.999
1.6,0,10.999
1.601,0,10.999
1.602,0,10.999
1.603,0,10.999
1.604,0,10.999
1.605,0,10.999
1.606,0,10.999
1.607,0,10.999
1.608,0,10.999
1.609,0,10.999
1.61,0,10.999
1.611,0,10.999
1.612,0,10.999
1.613,0,10.999
1.614,0,10.999
1.615,0,10.999
1.616,0,10.999
1.617,0,10.999
1.618,0,10.999
1.619,0,10.999
1.62,0,10.999
1.621,0,10.999
1.622,0,10.999
1.623,0,10.999
1.624,0,10.999
1.625,0,10.999
1.626,0,10.999
1.627,0,10.999
1.628,0,10.999
1.629,0,10.999
1.63,0,10.999
1.631,0,10.999
1.632,0,10.999
1.633,0,10.999
1.634,0,10.999
1.635,0,10.999
1.636,0,10.999
1.637,0,10.999
1.638,0,10.999
1.639,0,10.999
1.64,0,10.999
1.641,0,10.999
1.642,0,10.999
1.643,0,10.999
1.644,0,10.999
1.645,0,10.999
1.646,0,10.999
1.647,0,10.999
1.648,0,10.999
1.649,0,10.999
1.65,0,10.999
1.651,0,10.999
1.652,0,10.999
1.653,0,10.999
1.654,0,10.999
1.655,0,10.999
1.656,0,10.999
1.657,0,10.999
1.658,0,10.999
1.659,0,10.999
1.66,0,10.999
1.661,0,10.999
1.662,0,10.999
1.663,0,10.999
1.664,0,10.999
1.665,0,10.999
1.666,0,10.999
1.667,0,10.999
1.668,0,10.999
1.669,0,10.999
1.67,0,10.999
1.671,0,10.999
1.672,0,10.999
1.673,0,10.999
1.674,0,10.999
1.675,0,10.999
1.676,0,10.999
1.677,0,10.999
1.678,0,10.999
1.679,0,10.999
1.68,0,10.999
1.681,0,10.999
1.682,0,10.999
1.683,0,10.999
1.684,0,10.999
1.685,0,10.999
1.686,0,10.999
1.687,0,10.999
1.688,0,10.999
1.689,0,10.999
1.69,0,10.999
1.691,0,10.999
1.692,0,10.999
1.693,0,10.999
1.694,0,10.999
1.695,0,10.999
1.696,0,10.999
1.697,0,10.999
1.698,0,10.999
1.699,0,10.999
1.7,0,10.999
1.701,0,10.999
1.702,0,10.999
1.703,0,10.999
1.704,0,10.999
1.705,0,10.999
1.706,0,10.999
1.707,0,10.999
1.708,0,10.999
1.709,0,10.999
1.71,0,10.999
1.711,0,10.999
1.712,0,10.999
1.713,0,10.999
1.714,0,10.999
1.715,0,10.999
1.716,0,10.999
1.717,0,10.999
1.718,0,10.999
1.719,0,10.999
1.72,0,10.999
1.721,0,10.999
1.722,0,10.999
1.723,0,10.999
1.724,0,10.999
1.725,0,10.999
1.726,0,10.999
1.727,0,10.999
1.728,0,10.999
1.729,0,10.999
1.73,0,10.999
1.731,0,10.999
1.732,0,10.999
1.733,0,10.999
1.734,0,10.999
1.735,0,10.999
1.736,0,10.999
1.737,0,10.999
1.738,0,10.999
1.739,0,10.999
1.74,0,10.999
1.741,0,10.999
1.742,0,10.999
1.743,0,10.999
1.744,0,10.999
1.745,0,10.999
1.746,0,10.999
1.747,0,10.999
1.748,0,10.999
1.749,0,10.999
1.75,0,10.999
1.751,0,10.999
1.752,0,10.999
1.753,0,10.999
1.754,0,10.999
1.755,0,10.999
1.756,0,10.999
1.757,0,10.999
1.758,0,10.999
1.759,0,10.999
1.76,0,10.999
1.761,0,10.999
1.762,0,10.999
1.763,0,10.999
1.764,0,10.999
1.765,0,10.999
1.766,0,10.999
1.767,0,10.999
1.768,0,10.999
1.769,0,10.999
1.77,0,10.999
1.771,0,10.999
1.772,0,10.999
1.773,0,10.999
1.774,0,10.999
1.775,0,10.999
1.776,0,10.999
1.777,0,10.999
1.778,0,10.999
1.779,0,10.999
1.78,0,10.999
1.781,0,10.999
1.782,0,10.999
1.783,0,10.999
1.784,0,10.999
1.785,0,10.999
1.786,0,10.999
1.787,0,10.999
1.788,0,10.999
1.789,0,10.999
1.79,0,10.999
1.791,0,10.999
1.792,0,10.999
1.793,0,10.999
1.794,0,10.999
1.795,0,10.999
1.796,0,10.999
1.797,0,10.999
1.798,0,10.999
1.799,0,10.999
1.8,0,10.999
1.801,0,10.999
1.802,0,10.999
1.803,0,10.999
1.804,0,10.999
1.805,0,10.999
1.806,0,10.999
1.807,0,10.999
1.808,0,10.999
1.809,0,10.999
1.81,0,10.999
1.811,0,10.999
1.812,0,10.999
1.813,0,10.999
1.814,0,10.999
1.815,0,10.999
1.816,0,10.999
1.817,0,10.999
1.818,0,10.999
1.819,0,10.999
1.82,0,10.999
1.821,0,10.999
1.822,0,10.999
1.823,0,10.999
1.824,0,10.999
1.825,0,10.999
1.826,0,10.999
1.827,0,10.999
1.828,0,10.999
1.829,0,10.999
1.83,0,10.999
1.831,0,10.999
1.832,0,10.999
1.833,0,10.999
1.834,0,10.999
1.835,0,10.999
1.836,0,10.999
1.837,0,10.999
1.838,0,10.999
1.839,0,10.999
1.84,0,10.999
1.841,0,10.999
1.842,0,10.999
1.843,0,10.999
1.844,0,10.999
1.845,0,10.999
1.846,0,10.999
1.847,0,10.999
1.848,0,10.999
1.849,0,10.999
1.85,0,10.999
1.851,0,10.999
1.852,0,10.999
1.853,0,10.999
1.854,0,10.999
1.855,0,10.999
1.856,0,10.999
1.857,0,10.999
1.858,0,10.999
1.859,0,10.999
1.86,0,10.999
1.861,0,10.999
1.862,0,10.999
1.863,0,10.999
1.864,0,10.999
1.865,0,10.999
1.866,0,10.999
1.867,0,10.999
1.868,0,10.999
1.869,0,10.999
1.87,0,10.999
1.871,0,10.999
1.872,0,10.999
1.873,0,10.999
1.874,0,10.999
1.875,0,10.999
1.876,0,10.999
1.877,0,10.999
1.878,0,10.999
1.879,0,10.999
1.88,0,10.999
1.881,0,10.999
1.882,0,10.999
1.883,0,10.999
1.884,0,10.999
1.885,0,10.999
1.886,0,10.999
1.887,0,10.999
1.888,0,10.999
1.889,0,10.999
1.89,0,10.999
1.891,0,10.999
1.892,0,10.999
1.893,0,10.999
1.894,0,10.999
1.895,0,10.999
1.896,0,10.999
1.897,0,10.999
1.898,0,10.999
1.899,0,10.999
1.9,0,10.999
1.901,0,10.999
1.902,0,10.999
1.903,0,10.999
1.904,0,10.999
1.905,0,10.999
1.906,0,10.999
1.907,0,10.999
1.908,0,10.999
1.909,0,10.999
1.91,0,10.999
1.911,0,10.999
1.912,0,10.999
1.913,0,10.999
1.914,0,10.999
1.915,0,10.999
1.916,0,10.999
1.917,0,10.999
1.918,0,10.999
1.919,0,10.999
1.92,0,10.999
1.921,0,10.999
1.922,0,10.999
1.923,0,10.999
1.924,0,10.999
1.925,0,10.999
1.926,0,10.999
1.927,0,10.999
1.928,0,10.999
1.929,0,10.999
1.93,0,10.999
1.931,0,10.999
1.932,0,10.999
1.933,0,10.999
1.934,0,10.999
1.935,0,10.999
1.936,0,10.999
1.937,0,10.999
1.938,0,10.999
1.939,0,10.999
1.94,0,10.999
1.941,0,10.999
1.942,0,10.999
1.943,0,10.999
1.944,0,10.999
1.945,0,10.999
1.946,0,10.999
1.947,0,10.999
1.948,0,10.999
1.949,0,10.999
1.95,0,10.999
1.951,0,10.999
1.952,0,10.999
1.953,0,10.999
1.954,0,10.999
1.955,0,10.999
1.956,0,10.999
1.957,0,10.999
1.958,0,10.999
1.959,0,10.999
1.96,0,10.999
1.961,0,10.999
1.962,0,10.999
1.963,0,10.999
1.964,0,10.999
1.965,0,10.999
1.966,0,10.999
1.967,0,10.999
1.968,0,10.999
1.969,0,10.999
1.97,0,10.999
1.971,0,10.999
1.972,0,10.999
1.973,0,10.999
1.974,0,10.999
1.975,0,10.999
1.976,0,10.999
1.977,0,10.999
1.978,0,10.999
1.979,0,10.999
1.98,0,10.999
1.981,0,10.999
1.982,0,10.999
1.983,0,10.999
1.984,0,10.999
1.985,0,10.999
1.986,0,10.999
1.987,0,10.999
1.988,0,10.999
1.989,0,10.999
1.99,0,10.999
1.991,0,10.999
1.992,0,10.999
1.993,0,10.999
1.994,0,10.999
1.995,0,10.999
1.996,0,10.999
1.997,0,10.999
1.998,0,10.999
1.999,0,10.999
2,0,10.999
2.001,0,10.999
2.002,0,10.999
2.003,0,10.999
2.004,0,10.999
2.005,0,10.999
2.006,0,10.999
2.007,0,10.999
2.008,0,10.999
2.009,0,10.999
2.01,0,10.999
2.011,0,10.999
2.012,0,10.999
2.013,0,10.999
2.014,0,10.999
2.015,0,10.999
2.016,0,10.999
2.017,0,10.999
2.018,0,10.999
2.019,0,10.999
2.02,0,10.999
2.021,0,10.999
2.022,0,10.999
2.023,0,10.999
2.024,0,10.999
2.025,0,10.999
2.026,0,10.999
2.027,0,10.999
2.028,0,10.999
2.029,0,10.999
2.03,0,10.999
2.031,0,10.999
2.032,0,10.999
2.033,0,10.999
2.034,0,10.999
2.035,0,10.999
2.036,0,10.999
2.037,0,10.999
2.038,0,10.999
2.039,0,10.999
2.04,0,10.999
2.041,0,10.999
2.042,0,10.999
2.043,0,10.999
2.044,0,10.999
2.045,0,10.999
2.046,0,10.999
2.047,0,10.999
2.048,0,10.999
2.049,0,10.999
2.05,0,10.999
2.051,0,10.999
2.052,0,10.999
2.053,0,10.999
2.054,0,10.999
2.055,0,10.999
2.056,0,10.999
2.057,0,10.999
2.058,0,10.999
2.059,0,10.999
2.06,0,10.999
2.061,0,10.999
2.062,0,10.999
2.063,0,10.999
2.064,0,10.999
2.065,0,10.999
2.066,0,10.999
2.067,0,10.999
2.068,0,10.999
2.069,0,10.999
2.07,0,10.999
2.071,0,10.999
2.072,0,10.999
2.073,0,10.999
2.074,0,10.999
2.075,0,10.999
2.076,0,10.999
2.077,0,10.999
2.078,0,10.999
2.079,0,10.999
2.08,0,10.999
2.081,0,10.999
2.082,0,10.999
2.083,0,10.999
2.084,0,10.999
2.085,0,10.999
2.086,0,10.999
2.087,0,10.999
2.088,0,10.999
2.089,0,10.999
2.09,0,10.999
2.091,0,10.999
2.092,0,10.999
2.093,0,10.999
2.094,0,10.999
2.095,0,10.999
2.096,0,10.999
2.097,0,10.999
2.098,0,10.999
2.099,0,10.999
2.1,0,10.999
2.101,0,10.999
2.102,0,10.999
2.103,0,10.999
2.104,0,10.999
2.105,0,10.999
2.106,0,10.999
2.107,0,10.999
2.108,0,10.999
2.109,0,10.999
2.11,0,10.999
2.111,0,10.999
2.112,0,10.999
2.113,0,10.999
2.114,0,10.999
2.115,0,10.999
2.116,0,10.999
2.117,0,10.999
2.118,0,10.999
2.119,0,10.999
2.12,0,10.999
2.121,0,10.999
2.122,0,10.999
2.123,0,10.999
2.124,0,10.999
2.125,0,10.999
2.126,0,10.999
2.127,0,10.999
2.128,0,10.999
2.129,0,10.999
2.13,0,10.999
2.131,0,10.999
2.132,0,10.999
2.133,0,10.999
2.134,0,10.999
2.135,0,10.999
2.136,0,10.999
2.137,0,10.999
2.138,0,10.999
2.139,0,10.999
2.14,0,10.999
2.141,0,10.999
2.142,0,10.999
2.143,0,10.999
2.144,0,10.999
2.145,0,10.999
2.146,0,10.999
2.147,0,10.999
2.148,0,10.999
2.149,0,10.999
2.15,0,10.999
2.151,0,10.999
2.152,0,10.999
2.153,0,10.999
2.154,0,10.999
2.155,0,10.999
2.156,0,10.999
2.157,0,10.999
2.158,0,10.999
2.159,0,10.999
2.16,0,10.999
2.161,0,10.999
2.162,0,10.999
2.163,0,10.999
2.164,0,10.999
2.165,0,10.999
2.166,0,10.999
2.167,0,10.999
2.168,0,10.999
2.169,0,10.999
2.17,0,10.999
2.171,0,10.999
2.172,0,10.999
2.173,0,10.999
2.174,0,10.999
2.175,0,10.999
2.176,0,10.999
2.177,0,10.999
2.178,0,10.999
2.179,0,10.999
2.18,0,10.999
2.181,0,10.999
2.182,0,10.999
2.183,0,10.999
2.184,0,10.999
2.185,0,10.999
2.186,0,10.999
2.187,0,10.999
2.188,0,10.999
2.189,0,10.999
2.19,0,10.999
2.191,0,10.999
2.192,0,10.999
2.193,0,10.999
2.194,0,10.999
2.195,0,10.999
2.196,0,10.999
2.197,0,10.999
2.198,0,10.999
2.199,0,10.999
2.2,0,10.999
2.201,0,10.999
2.202,0,10.999
2.203,0,10.999
2.204,0,10.999
2.205,0,10.999
2.206,0,10.999
2.207,0,10.999
2.208,0,10.999
2.209,0,10.999
2.21,0,10.999
2.211,0,10.999
2.212,0,10.999
2.213,0,10.999
2.214,0,10.999
2.215,0,10.999
2.216,0,10.999
2.217,0,10.999
2.218,0,10.999
2.219,0,10.999
2.22,0,10.999
2.221,0,10.999
2.222,0,10.999
2.223,0,10.999
2.224,0,10.999
2.225,0,10.999
2.226,0,10.999
2.227,0,10.999
2.228,0,10.999
2.229,0,10.999
2.23,0,10.999
2.231,0,10.999
2.232,0,10.999
2.233,0,10.999
2.234,0,10.999
2.235,0,10.999
2.236,0,10.999
2.237,0,10.999
2.238,0,10.999
2.239,0,10.999
2.24,0,10.999
2.241,0,10.999
2.242,0,10.999
2.243,0,10.999
2.244,0,10.999
2.245,0,10.999
2.246,0,10.999
2.247,0,10.999
2.248,0,10.999
2.249,0,10.999
2.25,0,10.999
2.251,0,10.999
2.252,0,10.999
2.253,0,10.999
2.254,0,10.999
2.255,0,10.999
2.256,0,10.999
2.257,0,10.999
2.258,0,10.999
2.259,0,10.999
2.26,0,10.999
2.261,0,10.999
2.262,0,10.999
2.263,0,10.999
2.264,0,10.999
2.265,0,10.999
2.266,0,10.999
2.267,0,10.999
2.268,0,10.999
2.269,0,10.999
2.27,0,10.999
2.271,0,10.999
2.272,0,10.999
2.273,0,10.999
2.274,0,10.999
2.275,0,10.999
2.276,0,10.999
2.277,0,10.999
2.278,0,10.999
2.279,0,10.999
2.28,0,10.999
2.281,0,10.999
2.282,0,10.999
2.283,0,10.999
2.284,0,10.999
2.285,0,10.999
2.286,0,10.999
2.287,0,10.999
2.288,0,10.999
2.289,0,10.999
2.29,0,10.999
2.291,0,10.999
2.292,0,10.999
2.293,0,10.999
2.294,0,10.999
2.295,0,10.999
2.296,0,10.999
2.297,0,10.999
2.298,0,10.999
2.299,0,10.999
2.3,0,10.999
2.301,0,10.999
2.302,0,10.999
2.303,0,10.999
2.304,0,10.999
2.305,0,10.999
2.306,0,10.999
2.307,0,10.999
2.308,0,10.999
2.309,0,10.999
2.31,0,10.999
2.311,0,10.999
2.312,0,10.999
2.313,0,10.999
2.314,0,10.999
2.315,0,10.999
2.316,0,10.999
2.317,0,10.999
2.318,0,10.999
2.319,0,10.999
2.32,0,10.999
2.321,0,10.999
2.322,0,10.999
2.323,0,10.999
2.324,0,10.999
2.325,0,10.999
2.326,0,10.999
2.327,0,10.999
2.328,0,10.999
2.329,0,10.999
2.33,0,10.999
2.331,0,10.999
2.332,0,10.999
2.333,0,10.999
2.334,0,10.999
2.335,0,10.999
2.336,0,10.999
2.337,0,10.999
2.338,0,10.999
2.339,0,10.999
2.34,0,10.999
2.341,0,10.999
2.342,0,10.999
2.343,0,10.999
2.344,0,10.999
2.345,0,10.999
2.346,0,10.999
2.347,0,10.999
2.348,0,10.999
2.349,0,10.999
2.35,0,10.999
2.351,0,10.999
2.352,0,10.999
2.353,0,10.999
2.354,0,10.999
2.355,0,10.999
2.356,0,10.999
2.357,0,10.999
2.358,0,10.999
2.359,0,10.999
2.36,0,10.999
2.361,0,10.999
2.362,0,10.999
2.363,0,10.999
2.364,0,10.999
2.365,0,10.999
2.366,0,10.999
2.367,0,10.999
2.368,0,10.999
2.369,0,10.999
2.37,0,10.999
2.371,0,10.999
2.372,0,10.999
2.373,0,10.999
2.374,0,10.999
2.375,0,10.999
2.376,0,10.999
2.377,0,10.999
2.378,0,10.999
2.379,0,10.999
2.38,0,10.999
2.381,0,10.999
2.382,0,10.999
2.383,0,10.999
2.384,0,10.999
2.385,0,10.999
2.386,0,10.999
2.387,0,10.999
2.388,0,10.999
2.389,0,10.999
2.39,0,10.999
2.391,0,10.999
2.392,0,10.999
2.393,0,10.999
2.394,0,10.999
2.395,0,10.999
2.396,0,10.999
2.397,0,10.999
2.398,0,10.999
2.399,0,10.999
2.4,0,10.999
2.401,0,10.999
2.402,0,10.999
2.403,0,10.999
2.404,0,10.999
2.405,0,10.999
2.406,0,10.999
2.407,0,10.999
2.408,0,10.999
2.409,0,10.999
2.41,0,10.999
2.411,0,10.999
2.412,0,10.999
2.413,0,10.999
2.414,0,10.999
2.415,0,10.999
2.416,0,10.999
2.417,0,10.999
2.418,0,10.999
2.419,0,10.999
2.42,0,10.999
2.421,0,10.999
2.422,0,10.999
2.423,0,10.999
2.424,0,10.999
2.425,0,10.999
2.426,0,10.999
2.427,0,10.999
2.428,0,10.999
2.429,0,10.999
2.43,0,10.999
2.431,0,10.999
2.432,0,10.999
2.433,0,10.999
2.434,0,10.999
2.435,0,10.999
2.436,0,10.999
2.437,0,10.999
2.438,0,10.999
2.439,0,10.999
2.44,0,10.999
2.441,0,10.999
2.442,0,10.999
2.443,0,10.999
2.444,0,10.999
2.445,0,10.999
2.446,0,10.999
2.447,0,10.999
2.448,0,10.999
2.449,0,10.999
2.45,0,10.999
2.451,0,10.999
2.452,0,10.999
2.453,0,10.999
2.454,0,10.999
2.455,0,10.999
2.456,0,10.999
2.457,0,10.999
2.458,0,10.999
2.459,0,10.999
2.46,0,10.999
2.461,0,10.999
2.462,0,10.999
2.463,0,10.999
2.464,0,10.999
2.465,0,10.999
2.466,0,10.999
2.467,0,10.999
2.468,0,10.999
2.469,0,10.999
2.47,0,10.999
2.471,0,10.999
2.472,0,10.999
2.473,0,10.999
2.474,0,10.999
2.475,0,10.999
2.476,0,10.999
2.477,0,10.999
2.478,0,10.999
2.479,0,10.999
2.48,0,10.999
2.481,0,10.999
2.482,0,10.999
2.483,0,10.999
2.484,0,10.999
2.485,0,10.999
2.486,0,10.999
2.487,0,10.999
2.488,0,10.999
2.489,0,10.999
2.49,0,10.999
2.491,0,10.999
2.492,0,10.999
2.493,0,10.999
2.494,0,10.999
2.495,0,10.999
2.496,0,10.999
2.497,0,10.999
2.498,0,10.999
2.499,0,10.999
2.5,0,10.999
2.501,0,10.999
2.502,0,10.999
2.503,0,10.999
2.504,0,10.999
2.505,0,10.999
2.506,0,10.999
2.507,0,10.999
2.508,0,10.999
2.509,0,10.999
2.51,0,10.999
2.511,0,10.999
2.512,0,10.999
2.513,0,10.999
2.514,0,10.999
2.515,0,10.999
2.516,0,10.999
2.517,0,10.999
2.518,0,10.999
2.519,0,10.999
2.52,0,10.999
2.521,0,10.999
2.522,0,10.999
2.523,0,10.999
2.524,0,10.999
2.525,0,10.999
2.526,0,10.999
2.527,0,10.999
2.528,0,10.999
2.529,0,10.999
2.53,0,10.999
2.531,0,10.999
2.532,0,10.999
2.533,0,10.999
2.534,0,10.999
2.535,0,10.999
2.536,0,10.999
2.537,0,10.999
2.538,0,10.999
2.539,0,10.999
2.54,0,10.999
2.541,0,10.999
2.542,0,10.999
2.543,0,10.999
2.544,0,10.999
2.545,0,10.999
2.546,0,10.999
2.547,0,10.999
2.548,0,10.999
2.549,0,10.999
2.55,0,10.999
2.551,0,10.999
2.552,0,10.999
2.553,0,10.999
2.554,0,10.999
2.555,0,10.999
2.556,0,10.999
2.557,0,10.999
2.558,0,10.999
2.559,0,10.999
2.56,0,10.999
2.561,0,10.999
2.562,0,10.999
2.563,0,10.999
2.564,0,10.999
2.565,0,10.999
2.566,0,10.999
2.567,0,10.999
2.568,0,10.999
2.569,0,10.999
2.57,0,10.999
2.571,0,10.999
2.572,0,10.999
2.573,0,10.999
2.574,0,10.999
2.575,0,10.999
2.576,0,10.999
2.577,0,10.999
2.578,0,10.999
2.579,0,10.999
2.58,0,10.999
2.581,0,10.999
2.582,0,10.999
2.583,0,10.999
2.584,0,10.999
2.585,0,10.999
2.586,0,10.999
2.587,0,10.999
2.588,0,10.999
2.589,0,10.999
2.59,0,10.999
2.591,0,10.999
2.592,0,10.999
2.593,0,10.999
2.594,0,10.999
2.595,0,10.999
2.596,0,10.999
2.597,0,10.999
2.598,0,10.999
2.599,0,10.999
2.6,0,10.999
2.601,0,10.999
2.602,0,10.999
2.603,0,10.999
2.604,0,10.999
2.605,0,10.999
2.606,0,10.999
2.607,0,10.999
2.608,0,10.999
2.609,0,10.999
2.61,0,10.999
2.611,0,10.999
2.612,0,10.999
2.613,0,10.999
2.614,0,10.999
2.615,0,10.999
2.616,0,10.999
2.617,0,10.999
2.618,0,10.999
2.619,0,10.999
2.62,0,10.999
2.621,0,10.999
2.622,0,10.999
2.623,0,10.999
2.624,0,10.999
2.625,0,10.999
2.626,0,10.999
2.627,0,10.999
2.628,0,10.999
2.629,0,10.999
2.63,0,10.999
2.631,0,10.999
2.632,0,10.999
2.633,0,10.999
2.634,0,10.999
2.635,0,10.999
2.636,0,10.999
2.637,0,10.999
2.638,0,10.999
2.639,0,10.999
2.64,0,10.999
2.641,0,10.999
2.642,0,10.999
2.643,0,10.999
2.644,0,10.999
2.645,0,10.999
2.646,0,10.999
2.647,0,10.999
2.648,0,10.999
2.649,0,10.999
2.65,0,10.999
2.651,0,10.999
2.652,0,10.999
2.653,0,10.999
2.654,0,10.999
2.655,0,10.999
2.656,0,10.999
2.657,0,10.999
2.658,0,10.999
2.659,0,10.999
2.66,0,10.999
2.661,0,10.999
2.662,0,10.999
2.663,0,10.999
2.664,0,10.999
2.665,0,10.999
2.666,0,10.999
2.667,0,10.999
2.668,0,10.999
2.669,0,10.999
2.67,0,10.999
2.671,0,10.999
2.672,0,10.999
2.673,0,10.999
2.674,0,10.999
2.675,0,10.999
2.676,0,10.999
2.677,0,10.999
2.678,0,10.999
2.679,0,10.999
2.68,0,10.999
2.681,0,10.999
2.682,0,10.999
2.683,0,10.999
2.684,0,10.999
2.685,0,10.999
2.686,0,10.999
2.687,0,10.999
2.688,0,10.999
2.689,0,10.999
2.69,0,10.999
2.691,0,10.999
2.692,0,10.999
2.693,0,10.999
2.694,0,10.999
2.695,0,10.999
2.696,0,10.999
2.697,0,10.999
2.698,0,10.999
2.699,0,10.999
2.7,0,10.999
2.701,0,10.999
2.702,0,10.999
2.703,0,10.999
2.704,0,10.999
2.705,0,10.999
2.706,0,10.999
2.707,0,10.999
2.708,0,10.999
2.709,0,10.999
2.71,0,10.999
2.711,0,10.999
2.712,0,10.999
2.713,0,10.999
2.714,0,10.999
2.715,0,10.999
2.716,0,10.999
2.717,0,10.999
2.718,0,10.999
2.719,0,10.999
2.72,0,10.999
2.721,0,10.999
2.722,0,10.999
2.723,0,10.999
2.724,0,10.999
2.725,0,10.999
2.726,0,10.999
2.727,0,10.999
2.728,0,10.999
2.729,0,10.999
2.73,0,10.999
2.731,0,10.999
2.732,0,10.999
2.733,0,10.999
2.734,0,10.999
2.735,0,10.999
2.736,0,10.999
2.737,0,10.999
2.738,0,10.999
2.739,0,10.999
2.74,0,10.999
2.741,0,10.999
2.742,0,10.999
2.743,0,10.999
2.744,0,10.999
2.745,0,10.999
2.746,0,10.999
2.747,0,10.999
2.748,0,10.999
2.749,0,10.999
2.75,0,10.999
2.751,0,10.999
2.752,0,10.999
2.753,0,10.999
2.754,0,10.999
2.755,0,10.999
2.756,0,10.999
2.757,0,10.999
2.758,0,10.999
2.759,0,10.999
2.76,0,10.999
2.761,0,10.999
2.762,0,10.999
2.763,0,10.999
2.764,0,10.999
2.765,0,10.999
2.766,0,10.999
2.767,0,10.999
2.768,0,10.999
2.769,0,10.999
2.77,0,10.999
2.771,0,10.999
2.772,0,10.999
2.773,0,10.999
2.774,0,10.999
2.775,0,10.999
2.776,0,10.999
2.777,0,10.999
2.778,0,10.999
2.779,0,10.999
2.78,0,10.999
2.781,0,10.999
2.782,0,10.999
2.783,0,10.999
2.784,0,10.999
2.785,0,10.999
2.786,0,10.999
2.787,0,10.999
2.788,0,10.999
2.789,0,10.999
2.79,0,10.999
2.791,0,10.999
2.792,0,10.999
2.793,0,10.999
2.794,0,10.999
2.795,0,10.999
2.796,0,10.999
2.797,0,10.999
2.798,0,10.999
2.799,0,10.999
2.8,0,10.999
2.801,0,10.999
2.802,0,10.999
2.803,0,10.999
2.804,0,10.999
2.805,0,10.999
2.806,0,10.999
2.807,0,10.999
2.808,0,10.999
2.809,0,10.999
2.81,0,10.999
2.811,0,10.999
2.812,0,10.999
2.813,0,10.999
2.814,0,10.999
2.815,0,10.999
2.816,0,10.999
2.817,0,10.999
2.818,0,10.999
2.819,0,10.999
2.82,0,10.999
2.821,0,10.999
2.822,0,10.999
2.823,0,10.999
2.824,0,10.999
2.825,0,10.999
2.826,0,10.999
2.827,0,10.999
2.828,0,10.999
2.829,0,10.999
2.83,0,10.999
2.831,0,10.999
2.832,0,10.999
2.833,0,10.999
2.834,0,10.999
2.835,0,10.999
2.836,0,10.999
2.837,0,10.999
2.838,0,10.999
2.839,0,10.999
2.84,0,10.999
2.841,0,10.999
2.842,0,10.999
2.843,0,10.999
2.844,0,10.999
2.845,0,10.999
2.846,0,10.999
2.847,0,10.999
2.848,0,10.999
2.849,0,10.999
2.85,0,10.999
2.851,0,10.999
2.852,0,10.999
2.853,0,10.999
2.854,0,10.999
2.855,0,10.999
2.856,0,10.999
2.857,0,10.999
2.858,0,10.999
2.859,0,10.999
2.86,0,10.999
2.861,0,10.999
2.862,0,10.999
2.863,0,10.999
2.864,0,10.999
2.865,0,10.999
2.866,0,10.999
2.867,0,10.999
2.868,0,10.999
2.869,0,10.999
2.87,0,10.999
2.871,0,10.999
2.872,0,10.999
2.873,0,10.999
2.874,0,10.999
2.875,0,10.999
2.876,0,10.999
2.877,0,10.999
2.878,0,10.999
2.879,0,10.999
2.88,0,10.999
2.881,0,10.999
2.882,0,10.999
2.883,0,10.999
2.884,0,10.999
2.885,0,10.999
2.886,0,10.999
2.887,0,10.999
2.888,0,10.999
2.889,0,10.999
2.89,0,10.999
2.891,0,10.999
2.892,0,10.999
2.893,0,10.999
2.894,0,10.999
2.895,0,10.999
2.896,0,10.999
2.897,0,10.999
2.898,0,10.999
2.899,0,10.999
2.9,0,10.999
2.901,0,10.999
2.902,0,10.999
2.903,0,10.999
2.904,0,10.999
2.905,0,10.999
2.906,0,10.999
2.907,0,10.999
2.908,0,10.999
2.909,0,10.999
2.91,0,10.999
2.911,0,10.999
2.912,0,10.999
2.913,0,10.999
2.914,0,10.999
2.915,0,10.999
2.916,0,10.999
2.917,0,10.999
2.918,0,10.999
2.919,0,10.999
2.92,0,10.999
2.921,0,10.999
2.922,0,10.999
2.923,0,10.999
2.924,0,10.999
2.925,0,10.999
2.926,0,10.999
2.927,0,10.999
2.928,0,10.999
2.929,0,10.999
2.93,0,10.999
2.931,0,10.999
2.932,0,10.999
2.933,0,10.999
2.934,0,10.999
2.935,0,10.999
2.936,0,10.999
2.937,0,10.999
2.938,0,10.999
2.939,0,10.999
2.94,0,10.999
2.941,0,10.999
2.942,0,10.999
2.943,0,10.999
2.944,0,10.999
2.945,0,10.999
2.946,0,10.999
2.947,0,10.999
2.948,0,10.999
2.949,0,10.999
2.95,0,10.999
2.951,0,10.999
2.952,0,10.999
2.953,0,10.999
2.954,0,10.999
2.955,0,10.999
2.956,0,10.999
2.957,0,10.999
2.958,0,10.999
2.959,0,10.999
2.96,0,10.999
2.961,0,10.999
2.962,0,10.999
2.963,0,10.999
2.964,0,10.999
2.965,0,10.999
2.966,0,10.999
2.967,0,10.999
2.968,0,10.999
2.969,0,10.999
2.97,0,10.999
2.971,0,10.999
2.972,0,10.999
2.973,0,10.999
2.974,0,10.999
2.975,0,10.999
2.976,0,10.999
2.977,0,10.999
2.978,0,10.999
2.979,0,10.999
2.98,0,10.999
2.981,0,10.999
2.982,0,10.999
2.983,0,10.999
2.984,0,10.999
2.985,0,10.999
2.986,0,10.999
2.987,0,10.999
2.988,0,10.999
2.989,0,10.999
2.99,0,10.999
2.991,0,10.999
2.992,0,10.999
2.993,0,10.999
2.994,0,10.999
2.995,0,10.999
2.996,0,10.999
2.997,0,10.999
2.998,0,10.999
2.999,0,10.999
3,0,10.999
3.001,0,10.999
3.002,0,10.999
3.003,0,10.999
3.004,0,10.999
3.005,0,10.999
3.006,0,10.999
3.007,0,10.999
3.008,0,10.999
3.009,0,10.999
3.01,0,10.999
3.011,0,10.999
3.012,0,10.999
3.013,0,10.999
3.014,0,10.999
3.015,0,10.999
3.016,0,10.999
3.017,0,10.999
3.018,0,10.999
3.019,0,10.999
3.02,0,10.999
3.021,0,10.999
3.022,0,10.999
3.023,0,10.999
3.024,0,10.999
3.025,0,10.999
3.026,0,10.999
3.027,0,10.999
3.028,0,10.999
3.029,0,10.999
3.03,0,10.999
3.031,0,10.999
3.032,0,10.999
3.033,0,10.999
3.034,0,10.999
3.035,0,10.999
3.036,0,10.999
3.037,0,10.999
3.038,0,10.999
3.039,0,10.999
3.04,0,10.999
3.041,0,10.999
3.042,0,10.999
3.043,0,10.999
3.044,0,10.999
3.045,0,10.999
3.046,0,10.999
3.047,0,10.999
3.048,0,10.999
3.049,0,10.999
3.05,0,10.999
3.051,0,10.999
3.052,0,10.999
3.053,0,10.999
3.054,0,10.999
3.055,0,10.999
3.056,0,10.999
3.057,0,10.999
3.058,0,10.999
3.059,0,10.999
3.06,0,10.999
3.061,0,10.999
3.062,0,10.999
3.063,0,10.999
3.064,0,10.999
3.065,0,10.999
3.066,0,10.999
3.067,0,10.999
3.068,0,10.999
3.069,0,10.999
3.07,0,10.999
3.071,0,10.999
3.072,0,10.999
3.073,0,10.999
3.074,0,10.999
3.075,0,10.999
3.076,0,10.999
3.077,0,10.999
3.078,0,10.999
3.079,0,10.999
3.08,0,10.999
3.081,0,10.999
3.082,0,10.999
3.083,0,10.999
3.084,0,10.999
3.085,0,10.999
3.086,0,10.999
3.087,0,10.999
3.088,0,10.999
3.089,0,10.999
3.09,0,10.999
3.091,0,10.999
3.092,0,10.999
3.093,0,10.999
3.094,0,10.999
3.095,0,10.999
3.096,0,10.999
3.097,0,10.999
3.098,0,10.999
3.099,0,10.999
3.1,0,10.999
3.101,0,10.999
3.102,0,10.999
3.103,0,10.999
3.104,0,10.999
3.105,0,10.999
3.106,0,10.999
3.107,0,10.999
3.108,0,10.999
3.109,0,10.999
3.11,0,10.999
3.111,0,10.999
3.112,0,10.999
3.113,0,10.999
3.114,0,10.999
3.115,0,10.999
3.116,0,10.999
3.117,0,10.999
3.118,0,10.999
3.119,0,10.999
3.12,0,10.999
3.121,0,10.999
3.122,0,10.999
3.123,0,10.999
3.124,0,10.999
3.125,0,10.999
3.126,0,10.999
3.127,0,10.999
3.128,0,10.999
3.129,0,10.999
3.13,0,10.999
3.131,0,10.999
3.132,0,10.999
3.133,0,10.999
3.134,0,10.999
3.135,0,10.999
3.136,0,10.999
3.137,0,10.999
3.138,0,10.999
3.139,0,10.999
3.14,0,10.999
3.141,0,10.999
3.142,0,10.999
3.143,0,10.999
3.144,0,10.999
3.145,0,10.999
3.146,0,10.999
3.147,0,10.999
3.148,0,10.999
3.149,0,10.999
3.15,0,10.999
3.151,0,10.999
3.152,0,10.999
3.153,0,10.999
3.154,0,10.999
3.155,0,10.999
3.156,0,10.999
3.157,0,10.999
3.158,0,10.999
3.159,0,10.999
3.16,0,10.999
3.161,0,10.999
3.162,0,10.999
3.163,0,10.999
3.164,0,10.999
3.165,0,10.999
3.166,0,10.999
3.167,0,10.999
3.168,0,10.999
3.169,0,10.999
3.17,0,10.999
3.171,0,10.999
3.172,0,10.999
3.173,0,10.999
3.174,0,10.999
3.175,0,10.999
3.176,0,10.999
3.177,0,10.999
3.178,0,10.999
3.179,0,10.999
3.18,0,10.999
3.181,0,10.999
3.182,0,10.999
3.183,0,10.999
3.184,0,10.999
3.185,0,10.999
3.186,0,10.999
3.187,0,10.999
3.188,0,10.999
3.189,0,10.999
3.19,0,10.999
3.191,0,10.999
3.192,0,10.999
3.193,0,10.999
3.194,0,10.999
3.195,0,10.999
3.196,0,10.999
3.197,0,10.999
3.198,0,10.999
3.199,0,10.999
3.2,0,10.999
3.201,0,10.999
3.202,0,10.999
3.203,0,10.999
3.204,0,10.999
3.205,0,10.999
3.206,0,10.999
3.207,0,10.999
3.208,0,10.999
3.209,0,10.999
3.21,0,10.999
3.211,0,10.999
3.212,0,10.999
3.213,0,10.999
3.214,0,10.999
3.215,0,10.999
3.216,0,10.999
3.217,0,10.999
3.218,0,10.999
3.219,0,10.999
3.22,0,10.999
3.221,0,10.999
3.222,0,10.999
3.223,0,10.999
3.224,0,10.999
3.225,0,10.999
3.226,0,10.999
3.227,0,10.999
3.228,0,10.999
3.229,0,10.999
3.23,0,10.999
3.231,0,10.999
3.232,0,10.999
3.233,0,10.999
3.234,0,10.999
3.235,0,10.999
3.236,0,10.999
3.237,0,10.999
3.238,0,10.999
3.239,0,10.999
3.24,0,10.999
3.241,0,10.999
3.242,0,10.999
3.243,0,10.999
3.244,0,10.999
3.245,0,10.999
3.246,0,10.999
3.247,0,10.999
3.248,0,10.999
3.249,0,10.999
3.25,0,10.999
3.251,0,10.999
3.252,0,10.999
3.253,0,10.999
3.254,0,10.999
3.255,0,10.999
3.256,0,10.999
3.257,0,10.999
3.258,0,10.999
3.259,0,10.999
3.26,0,10.999
3.261,0,10.999
3.262,0,10.999
3.263,0,10.999
3.264,0,10.999
3.265,0,10.999
3.266,0,10.999
3.267,0,10.999
3.268,0,10.999
3.269,0,10.999
3.27,0,10.999
3.271,0,10.999
3.272,0,10.999
3.273,0,10.999
3.274,0,10.999
3.275,0,10.999
3.276,0,10.999
3.277,0,10.999
3.278,0,10.999
3.279,0,10.999
3.28,0,10.999
3.281,0,10.999
3.282,0,10.999
3.283,0,10.999
3.284,0,10.999
3.285,0,10.999
3.286,0,10.999
3.287,0,10.999
3.288,0,10.999
3.289,0,10.999
3.29,0,10.999
3.291,0,10.999
3.292,0,10.999
3.293,0,10.999
3.294,0,10.999
3.295,0,10.999
3.296,0,10.999
3.297,0,10.999
3.298,0,10.999
3.299,0,10.999
3.3,0,10.999
3.301,0,10.999
3.302,0,10.999
3.303,0,10.999
3.304,0,10.999
3.305,0,10.999
3.306,0,10.999
3.307,0,10.999
3.308,0,10.999
3.309,0,10.999
3.31,0,10.999
3.311,0,10.999
3.312,0,10.999
3.313,0,10.999
3.314,0,10.999
3.315,0,10.999
3.316,0,10.999
3.317,0,10.999
3.318,0,10.999
3.319,0,10.999
3.32,0,10.999
3.321,0,10.999
3.322,0,10.999
3.323,0,10.999
3.324,0,10.999
3.325,0,10.999
3.326,0,10.999
3.327,0,10.999
3.328,0,10.999
3.329,0,10.999
3.33,0,10.999
3.331,0,10.999
3.332,0,10.999
3.333,0,10.999
3.334,0,10.999
3.335,0,10.999
3.336,0,10.999
3.337,0,10.999
3.338,0,10.999
3.339,0,10.999
3.34,0,10.999
3.341,0,10.999
3.342,0,10.999
3.343,0,10.999
3.344,0,10.999
3.345,0,10.999
3.346,0,10.999
3.347,0,10.999
3.348,0,10.999
3.349,0,10.999
3.35,0,10.999
3.351,0,10.999
3.352,0,10.999
3.353,0,10.999
3.354,0,10.999
3.355,0,10.999
3.356,0,10.999
3.357,0,10.999
3.358,0,10.999
3.359,0,10.999
3.36,0,10.999
3.361,0,10.999
3.362,0,10.999
3.363,0,10.999
3.364,0,10.999
3.365,0,10.999
3.366,0,10.999
3.367,0,10.999
3.368,0,10.999
3.369,0,10.999
3.37,0,10.999
3.371,0,10.999
3.372,0,10.999
3.373,0,10.999
3.374,0,10.999
3.375,0,10.999
3.376,0,10.999
3.377,0,10.999
3.378,0,10.999
3.379,0,10.999
3.38,0,10.999
3.381,0,10.999
3.382,0,10.999
3.383,0,10.999
3.384,0,10.999
3.385,0,10.999
3.386,0,10.999
3.387,0,10.999
3.388,0,10.999
3.389,0,10.999
3.39,0,10.999
3.391,0,10.999
3.392,0,10.999
3.393,0,10.999
3.394,0,10.999
3.395,0,10.999
3.396,0,10.999
3.397,0,10.999
3.398,0,10.999
3.399,0,10.999
3.4,0,10.999
3.401,0,10.999
3.402,0,10.999
3.403,0,10.999
3.404,0,10.999
3.405,0,10.999
3.406,0,10.999
3.407,0,10.999
3.408,0,10.999
3.409,0,10.999
3.41,0,10.999
3.411,0,10.999
3.412,0,10.999
3.413,0,10.999
3.414,0,10.999
3.415,0,10.999
3.416,0,10.999
3.417,0,10.999
3.418,0,10.999
3.419,0,10.999
3.42,0,10.999
3.421,0,10.999
3.422,0,10.999
3.423,0,10.999
3.424,0,10.999
3.425,0,10.999
3.426,0,10.999
3.427,0,10.999
3.428,0,10.999
3.429,0,10.999
3.43,0,10.999
3.431,0,10.999
3.432,0,10.999
3.433,0,10.999
3.434,0,10.999
3.435,0,10.999
3.436,0,10.999
3.437,0,10.999
3.438,0,10.999
3.439,0,10.999
3.44,0,10.999
3.441,0,10.999
3.442,0,10.999
3.443,0,10.999
3.444,0,10.999
3.445,0,10.999
3.446,0,10.999
3.447,0,10.999
3.448,0,10.999
3.449,0,10.999
3.45,0,10.999
3.451,0,10.999
3.452,0,10.999
3.453,0,10.999
3.454,0,10.999
3.455,0,10.999
3.456,0,10.999
3.457,0,10.999
3.458,0,10.999
3.459,0,10.999
3.46,0,10.999
3.461,0,10.999
3.462,0,10.999
3.463,0,10.999
3.464,0,10.999
3.465,0,10.999
3.466,0,10.999
3.467,0,10.999
3.468,0,10.999
3.469,0,10.999
3.47,0,10.999
3.471,0,10.999
3.472,0,10.999
3.473,0,10.999
3.474,0,10.999
3.475,0,10.999
3.476,0,10.999
3.477,0,10.999
3.478,0,10.999
3.479,0,10.999
3.48,0,10.999
3.481,0,10.999
3.482,0,10.999
3.483,0,10.999
3.484,0,10.999
3.485,0,10.999
3.486,0,10.999
3.487,0,10.999
3.488,0,10.999
3.489,0,10.999
3.49,0,10.999
3.491,0,10.999
3.492,0,10.999
3.493,0,10.999
3.494,0,10.999
3.495,0,10.999
3.496,0,10.999
3.497,0,10.999
3.498,0,10.999
3.499,0,10.999
3.5,0,10.999
3.501,0,10.999
3.502,0,10.999
3.503,0,10.999
3.504,0,10.999
3.505,0,10.999
3.506,0,10.999
3.507,0,10.999
3.508,0,10.999
3.509,0,10.999
3.51,0,10.999
3.511,0,10.999
3.512,0,10.999
3.513,0,10.999
3.514,0,10.999
3.515,0,10.999
3.516,0,10.999
3.517,0,10.999
3.518,0,10.999
3.519,0,10.999
3.52,0,10.999
3.521,0,10.999
3.522,0,10.999
3.523,0,10.999
3.524,0,10.999
3.525,0,10.999
3.526,0,10.999
3.527,0,10.999
3.528,0,10.999
3.529,0,10.999
3.53,0,10.999
3.531,0,10.999
3.532,0,10.999
3.533,0,10.999
3.534,0,10.999
3.535,0,10.999
3.536,0,10.999
3.537,0,10.999
3.538,0,10.999
3.539,0,10.999
3.54,0,10.999
3.541,0,10.999
3.542,0,10.999
3.543,0,10.999
3.544,0,10.999
3.545,0,10.999
3.546,0,10.999
3.547,0,10.999
3.548,0,10.999
3.549,0,10.999
3.55,0,10.999
3.551,0,10.999
3.552,0,10.999
3.553,0,10.999
3.554,0,10.999
3.555,0,10.999
3.556,0,10.999
3.557,0,10.999
3.558,0,10.999
3.559,0,10.999
3.56,0,10.999
3.561,0,10.999
3.562,0,10.999
3.563,0,10.999
3.564,0,10.999
3.565,0,10.999
3.566,0,10.999
3.567,0,10.999
3.568,0,10.999
3.569,0,10.999
3.57,0,10.999
3.571,0,10.999
3.572,0,10.999
3.573,0,10.999
3.574,0,10.999
3.575,0,10.999
3.576,0,10.999
3.577,0,10.999
3.578,0,10.999
3.579,0,10.999
3.58,0,10.999
3.581,0,10.999
3.582,0,10.999
3.583,0,10.999
3.584,0,10.999
3.585,0,10.999
3.586,0,10.999
3.587,0,10.999
3.588,0,10.999
3.589,0,10.999
3.59,0,10.999
3.591,0,10.999
3.592,0,10.999
3.593,0,10.999
3.594,0,10.999
3.595,0,10.999
3.596,0,10.999
3.597,0,10.999
3.598,0,10.999
3.599,0,10.999
3.6,0,10.999
3.601,0,10.999
3.602,0,10.999
3.603,0,10.999
3.604,0,10.999
3.605,0,10.999
3.606,0,10.999
3.607,0,10.999
3.608,0,10.999
3.609,0,10.999
3.61,0,10.999
3.611,0,10.999
3.612,0,10.999
3.613,0,10.999
3.614,0,10.999
3.615,0,10.999
3.616,0,10.999
3.617,0,10.999
3.618,0,10.999
3.619,0,10.999
3.62,0,10.999
3.621,0,10.999
3.622,0,10.999
3.623,0,10.999
3.624,0,10.999
3.625,0,10.999
3.626,0,10.999
3.627,0,10.999
3.628,0,10.999
3.629,0,10.999
3.63,0,10.999
3.631,0,10.999
3.632,0,10.999
3.633,0,10.999
3.634,0,10.999
3.635,0,10.999
3.636,0,10.999
3.637,0,10.999
3.638,0,10.999
3.639,0,10.999
3.64,0,10.999
3.641,0,10.999
3.642,0,10.999
3.643,0,10.999
3.644,0,10.999
3.645,0,10.999
3.646,0,10.999
3.647,0,10.999
3.648,0,10.999
3.649,0,10.999
3.65,0,10.999
3.651,0,10.999
3.652,0,10.999
3.653,0,10.999
3.654,0,10.999
3.655,0,10.999
3.656,0,10.999
3.657,0,10.999
3.658,0,10.999
3.659,0,10.999
3.66,0,10.999
3.661,0,10.999
3.662,0,10.999
3.663,0,10.999
3.664,0,10.999
3.665,0,10.999
3.666,0,10.999
3.667,0,10.999
3.668,0,10.999
3.669,0,10.999
3.67,0,10.999
3.671,0,10.999
3.672,0,10.999
3.673,0,10.999
3.674,0,10.999
3.675,0,10.999
3.676,0,10.999
3.677,0,10.999
3.678,0,10.999
3.679,0,10.999
3.68,0,10.999
3.681,0,10.999
3.682,0,10.999
3.683,0,10.999
3.684,0,10.999
3.685,0,10.999
3.686,0,10.999
3.687,0,10.999
3.688,0,10.999
3.689,0,10.999
3.69,0,10.999
3.691,0,10.999
3.692,0,10.999
3.693,0,10.999
3.694,0,10.999
3.695,0,10.999
3.696,0,10.999
3.697,0,10.999
3.698,0,10.999
3.699,0,10.999
3.7,0,10.999
3.701,0,10.999
3.702,0,10.999
3.703,0,10.999
3.704,0,10.999
3.705,0,10.999
3.706,0,10.999
3.707,0,10.999
3.708,0,10.999
3.709,0,10.999
3.71,0,10.999
3.711,0,10.999
3.712,0,10.999
3.713,0,10.999
3.714,0,10.999
3.715,0,10.999
3.716,0,10.999
3.717,0,10.999
3.718,0,10.999
3.719,0,10.999
3.72,0,10.999
3.721,0,10.999
3.722,0,10.999
3.723,0,10.999
3.724,0,10.999
3.725,0,10.999
3.726,0,10.999
3.727,0,10.999
3.728,0,10.999
3.729,0,10.999
3.73,0,10.999
3.731,0,10.999
3.732,0,10.999
3.733,0,10.999
3.734,0,10.999
3.735,0,10.999
3.736,0,10.999
3.737,0,10.999
3.738,0,10.999
3.739,0,10.999
3.74,0,10.999
3.741,0,10.999
3.742,0,10.999
3.743,0,10.999
3.744,0,10.999
3.745,0,10.999
3.746,0,10.999
3.747,0,10.999
3.748,0,10.999
3.749,0,10.999
3.75,0,10.999
3.751,0,10.999
3.752,0,10.999
3.753,0,10.999
3.754,0,10.999
3.755,0,10.999
3.756,0,10.999
3.757,0,10.999
3.758,0,10.999
3.759,0,10.999
3.76,0,10.999
3.761,0,10.999
3.762,0,10.999
3.763,0,10.999
3.764,0,10.999
3.765,0,10.999
3.766,0,10.999
3.767,0,10.999
3.768,0,10.999
3.769,0,10.999
3.77,0,10.999
3.771,0,10.999
3.772,0,10.999
3.773,0,10.999
3.774,0,10.999
3.775,0,10.999
3.776,0,10.999
3.777,0,10.999
3.778,0,10.999
3.779,0,10.999
3.78,0,10.999
3.781,0,10.999
3.782,0,10.999
3.783,0,10.999
3.784,0,10.999
3.785,0,10.999
3.786,0,10.999
3.787,0,10.999
3.788,0,10.999
3.789,0,10.999
3.79,0,10.999
3.791,0,10.999
3.792,0,10.999
3.793,0,10.999
3.794,0,10.999
3.795,0,10.999
3.796,0,10.999
3.797,0,10.999
3.798,0,10.999
3.799,0,10.999
3.8,0,10.999
3.801,0,10.999
3.802,0,10.999
3.803,0,10.999
3.804,0,10.999
3.805,0,10.999
3.806,0,10.999
3.807,0,10.999
3.808,0,10.999
3.809,0,10.999
3.81,0,10.999
3.811,0,10.999
3.812,0,10.999
3.813,0,10.999
3.814,0,10.999
3.815,0,10.999
3.816,0,10.999
3.817,0,10.999
3.818,0,10.999
3.819,0,10.999
3.82,0,10.999
3.821,0,10.999
3.822,0,10.999
3.823,0,10.999
3.824,0,10.999
3.825,0,10.999
3.826,0,10.999
3.827,0,10.999
3.828,0,10.999
3.829,0,10.999
3.83,0,10.999
3.831,0,10.999
3.832,0,10.999
3.833,0,10.999
3.834,0,10.999
3.835,0,10.999
3.836,0,10.999
3.837,0,10.999
3.838,0,10.999
3.839,0,10.999
3.84,0,10.999
3.841,0,10.999
3.842,0,10.999
3.843,0,10.999
3.844,0,10.999
3.845,0,10.999
3.846,0,10.999
3.847,0,10.999
3.848,0,10.999
3.849,0,10.999
3.85,0,10.999
3.851,0,10.999
3.852,0,10.999
3.853,0,10.999
3.854,0,10.999
3.855,0,10.999
3.856,0,10.999
3.857,0,10.999
3.858,0,10.999
3.859,0,10.999
3.86,0,10.999
3.861,0,10.999
3.862,0,10.999
3.863,0,10.999
3.864,0,10.999
3.865,0,10.999
3.866,0,10.999
3.867,0,10.999
3.868,0,10.999
3.869,0,10.999
3.87,0,10.999
3.871,0,10.999
3.872,0,10.999
3.873,0,10.999
3.874,0,10.999
3.875,0,10.999
3.876,0,10.999
3.877,0,10.999
3.878,0,10.999
3.879,0,10.999
3.88,0,10.999
3.881,0,10.999
3.882,0,10.999
3.883,0,10.999
3.884,0,10.999
3.885,0,10.999
3.886,0,10.999
3.887,0,10.999
3.888,0,10.999
3.889,0,10.999
3.89,0,10.999
3.891,0,10.999
3.892,0,10.999
3.893,0,10.999
3.894,0,10.999
3.895,0,10.999
3.896,0,10.999
3.897,0,10.999
3.898,0,10.999
3.899,0,10.999
3.9,0,10.999
3.901,0,10.999
3.902,0,10.999
3.903,0,10.999
3.904,0,10.999
3.905,0,10.999
3.906,0,10.999
3.907,0,10.999
3.908,0,10.999
3.909,0,10.999
3.91,0,10.999
3.911,0,10.999
3.912,0,10.999
3.913,0,10.999
3.914,0,10.999
3.915,0,10.999
3.916,0,10.999
3.917,0,10.999
3.918,0,10.999
3.919,0,10.999
3.92,0,10.999
3.921,0,10.999
3.922,0,10.999
3.923,0,10.999
3.924,0,10.999
3.925,0,10.999
3.926,0,10.999
3.927,0,10.999
3.928,0,10.999
3.929,0,10.999
3.93,0,10.999
3.931,0,10.999
3.932,0,10.999
3.933,0,10.999
3.934,0,10.999
3.935,0,10.999
3.936,0,10.999
3.937,0,10.999
3.938,0,10.999
3.939,0,10.999
3.94,0,10.999
3.941,0,10.999
3.942,0,10.999
3.943,0,10.999
3.944,0,10.999
3.945,0,10.999
3.946,0,10.999
3.947,0,10.999
3.948,0,10.999
3.949,0,10.999
3.95,0,10.999
3.951,0,10.999
3.952,0,10.999
3.953,0,10.999
3.954,0,10.999
3.955,0,10.999
3.956,0,10.999
3.957,0,10.999
3.958,0,10.999
3.959,0,10.999
3.96,0,10.999
3.961,0,10.999
3.962,0,10.999
3.963,0,10.999
3.964,0,10.999
3.965,0,10.999
3.966,0,10.999
3.967,0,10.999
3.968,0,10.999
3.969,0,10.999
3.97,0,10.999
3.971,0,10.999
3.972,0,10.999
3.973,0,10.999
3.974,0,10.999
3.975,0,10.999
3.976,0,10.999
3.977,0,10.999
3.978,0,10.999
3.979,0,10.999
3.98,0,10.999
3.981,0,10.999
3.982,0,10.999
3.983,0,10.999
3.984,0,10.999
3.985,0,10.999
3.986,0,10.999
3.987,0,10.999
3.988,0,10.999
3.989,0,10.999
3.99,0,10.999
3.991,0,10.999
3.992,0,10.999
3.993,0,10.999
3.994,0,10.999
3.995,0,10.999
3.996,0,10.999
3.997,0,10.999
3.998,0,10.999
3.999,0,10.999
4,0,10.999
4.001,0,10.999
4.002,0,10.999
4.003,0,10.999
4.004,0,10.999
4.005,0,10.999
4.006,0,10.999
4.007,0,10.999
4.008,0,10.999
4.009,0,10.999
4.01,0,10.999
4.011,0,10.999
4.012,0,10.999
4.013,0,10.999
4.014,0,10.999
4.015,0,10.999
4.016,0,10.999
4.017,0,10.999
4.018,0,10.999
4.019,0,10.999
4.02,0,10.999
4.021,0,10.999
4.022,0,10.999
4.023,0,10.999
4.024,0,10.999
4.025,0,10.999
4.026,0,10.999
4.027,0,10.999
4.028,0,10.999
4.029,0,10.999
4.03,0,10.999
4.031,0,10.999
4.032,0,10.999
4.033,0,10.999
4.034,0,10.999
4.035,0,10.999
4.036,0,10.999
4.037,0,10.999
4.038,0,10.999
4.039,0,10.999
4.04,0,10.999
4.041,0,10.999
4.042,0,10.999
4.043,0,10.999
4.044,0,10.999
4.045,0,10.999
4.046,0,10.999
4.047,0,10.999
4.048,0,10.999
4.049,0,10.999
4.05,0,10.999
4.051,0,10.999
4.052,0,10.999
4.053,0,10.999
4.054,0,10.999
4.055,0,10.999
4.056,0,10.999
4.057,0,10.999
4.058,0,10.999
4.059,0,10.999
4.06,0,10.999
4.061,0,10.999
4.062,0,10.999
4.063,0,10.999
4.064,0,10.999
4.065,0,10.999
4.066,0,10.999
4.067,0,10.999
4.068,0,10.999
4.069,0,10.999
4.07,0,10.999
4.071,0,10.999
4.072,0,10.999
4.073,0,10.999
4.074,0,10.999
4.075,0,10.999
4.076,0,10.999
4.077,0,10.999
4.078,0,10.999
4.079,0,10.999
4.08,0,10.999
4.081,0,10.999
4.082,0,10.999
4.083,0,10.999
4.084,0,10.999
4.085,0,10.999
4.086,0,10.999
4.087,0,10.999
4.088,0,10.999
4.089,0,10.999
4.09,0,10.999
4.091,0,10.999
4.092,0,10.999
4.093,0,10.999
4.094,0,10.999
4.095,0,10.999
4.096,0,10.999
4.097,0,10.999
4.098,0,10.999
4.099,0,10.999
4.1,0,10.999
4.101,0,10.999
4.102,0,10.999
4.103,0,10.999
4.104,0,10.999
4.105,0,10.999
4.106,0,10.999
4.107,0,10.999
4.108,0,10.999
4.109,0,10.999
4.11,0,10.999
4.111,0,10.999
4.112,0,10.999
4.113,0,10.999
4.114,0,10.999
4.115,0,10.999
4.116,0,10.999
4.117,0,10.999
4.118,0,10.999
4.119,0,10.999
4.12,0,10.999
4.121,0,10.999
4.122,0,10.999
4.123,0,10.999
4.124,0,10.999
4.125,0,10.999
4.126,0,10.999
4.127,0,10.999
4.128,0,10.999
4.129,0,10.999
4.13,0,10.999
4.131,0,10.999
4.132,0,10.999
4.133,0,10.999
4.134,0,10.999
4.135,0,10.999
4.136,0,10.999
4.137,0,10.999
4.138,0,10.999
4.139,0,10.999
4.14,0,10.999
4.141,0,10.999
4.142,0,10.999
4.143,0,10.999
4.144,0,10.999
4.145,0,10.999
4.146,0,10.999
4.147,0,10.999
4.148,0,10.999
4.149,0,10.999
4.15,0,10.999
4.151,0,10.999
4.152,0,10.999
4.153,0,10.999
4.154,0,10.999
4.155,0,10.999
4.156,0,10.999
4.157,0,10.999
4.158,0,10.999
4.159,0,10.999
4.16,0,10.999
4.161,0,10.999
4.162,0,10.999
4.163,0,10.999
4.164,0,10.999
4.165,0,10.999
4.166,0,10.999
4.167,0,10.999
4.168,0,10.999
4.169,0,10.999
4.17,0,10.999
4.171,0,10.999
4.172,0,10.999
4.173,0,10.999
4.174,0,10.999
4.175,0,10.999
4.176,0,10.999
4.177,0,10.999
4.178,0,10.999
4.179,0,10.999
4.18,0,10.999
4.181,0,10.999
4.182,0,10.999
4.183,0,10.999
4.184,0,10.999
4.185,0,10.999
4.186,0,10.999
4.187,0,10.999
4.188,0,10.999
4.189,0,10.999
4.19,0,10.999
4.191,0,10.999
4.192,0,10.999
4.193,0,10.999
4.194,0,10.999
4.195,0,10.999
4.196,0,10.999
4.197,0,10.999
4.198,0,10.999
4.199,0,10.999
4.2,0,10.999
4.201,0,10.999
4.202,0,10.999
4.203,0,10.999
4.204,0,10.999
4.205,0,10.999
4.206,0,10.999
4.207,0,10.999
4.208,0,10.999
4.209,0,10.999
4.21,0,10.999
4.211,0,10.999
4.212,0,10.999
4.213,0,10.999
4.214,0,10.999
4.215,0,10.999
4.216,0,10.999
4.217,0,10.999
4.218,0,10.999
4.219,0,10.999
4.22,0,10.999
4.221,0,10.999
4.222,0,10.999
4.223,0,10.999
4.224,0,10.999
4.225,0,10.999
4.226,0,10.999
4.227,0,10.999
4.228,0,10.999
4.229,0,10.999
4.23,0,10.999
4.231,0,10.999
4.232,0,10.999
4.233,0,10.999
4.234,0,10.999
4.235,0,10.999
4.236,0,10.999
4.237,0,10.999
4.238,0,10.999
4.239,0,10.999
4.24,0,10.999
4.241,0,10.999
4.242,0,10.999
4.243,0,10.999
4.244,0,10.999
4.245,0,10.999
4.246,0,10.999
4.247,0,10.999
4.248,0,10.999
4.249,0,10.999
4.25,0,10.999
4.251,0,10.999
4.252,0,10.999
4.253,0,10.999
4.254,0,10.999
4.255,0,10.999
4.256,0,10.999
4.257,0,10.999
4.258,0,10.999
4.259,0,10.999
4.26,0,10.999
4.261,0,10.999
4.262,0,10.999
4.263,0,10.999
4.264,0,10.999
4.265,0,10.999
4.266,0,10.999
4.267,0,10.999
4.268,0,10.999
4.269,0,10.999
4.27,0,10.999
4.271,0,10.999
4.272,0,10.999
4.273,0,10.999
4.274,0,10.999
4.275,0,10.999
4.276,0,10.999
4.277,0,10.999
4.278,0,10.999
4.279,0,10.999
4.28,0,10.999
4.281,0,10.999
4.282,0,10.999
4.283,0,10.999
4.284,0,10.999
4.285,0,10.999
4.286,0,10.999
4.287,0,10.999
4.288,0,10.999
4.289,0,10.999
4.29,0,10.999
4.291,0,10.999
4.292,0,10.999
4.293,0,10.999
4.294,0,10.999
4.295,0,10.999
4.296,0,10.999
4.297,0,10.999
4.298,0,10.999
4.299,0,10.999
4.3,0,10.999
4.301,0,10.999
4.302,0,10.999
4.303,0,10.999
4.304,0,10.999
4.305,0,10.999
4.306,0,10.999
4.307,0,10.999
4.308,0,10.999
4.309,0,10.999
4.31,0,10.999
4.311,0,10.999
4.312,0,10.999
4.313,0,10.999
4.314,0,10.999
4.315,0,10.999
4.316,0,10.999
4.317,0,10.999
4.318,0,10.999
4.319,0,10.999
4.32,0,10.999
4.321,0,10.999
4.322,0,10.999
4.323,0,10.999
4.324,0,10.999
4.325,0,10.999
4.326,0,10.999
4.327,0,10.999
4.328,0,10.999
4.329,0,10.999
4.33,0,10.999
4.331,0,10.999
4.332,0,10.999
4.333,0,10.999
4.334,0,10.999
4.335,0,10.999
4.336,0,10.999
4.337,0,10.999
4.338,0,10.999
4.339,0,10.999
4.34,0,10.999
4.341,0,10.999
4.342,0,10.999
4.343,0,10.999
4.344,0,10.999
4.345,0,10.999
4.346,0,10.999
4.347,0,10.999
4.348,0,10.999
4.349,0,10.999
4.35,0,10.999
4.351,0,10.999
4.352,0,10.999
4.353,0,10.999
4.354,0,10.999
4.355,0,10.999
4.356,0,10.999
4.357,0,10.999
4.358,0,10.999
4.359,0,10.999
4.36,0,10.999
4.361,0,10.999
4.362,0,10.999
4.363,0,10.999
4.364,0,10.999
4.365,0,10.999
4.366,0,10.999
4.367,0,10.999
4.368,0,10.999
4.369,0,10.999
4.37,0,10.999
4.371,0,10.999
4.372,0,10.999
4.373,0,10.999
4.374,0,10.999
4.375,0,10.999
4.376,0,10.999
4.377,0,10.999
4.378,0,10.999
4.379,0,10.999
4.38,0,10.999
4.381,0,10.999
4.382,0,10.999
4.383,0,10.999
4.384,0,10.999
4.385,0,10.999
4.386,0,10.999
4.387,0,10.999
4.388,0,10.999
4.389,0,10.999
4.39,0,10.999
4.391,0,10.999
4.392,0,10.999
4.393,0,10.999
4.394,0,10.999
4.395,0,10.999
4.396,0,10.999
4.397,0,10.999
4.398,0,10.999
4.399,0,10.999
4.4,0,10.999
4.401,0,10.999
4.402,0,10.999
4.403,0,10.999
4.404,0,10.999
4.405,0,10.999
4.406,0,10.999
4.407,0,10.999
4.408,0,10.999
4.409,0,10.999
4.41,0,10.999
4.411,0,10.999
4.412,0,10.999
4.413,0,10.999
4.414,0,10.999
4.415,0,10.999
4.416,0,10.999
4.417,0,10.999
4.418,0,10.999
4.419,0,10.999
4.42,0,10.999
4.421,0,10.999
4.422,0,10.999
4.423,0,10.999
4.424,0,10.999
4.425,0,10.999
4.426,0,10.999
4.427,0,10.999
4.428,0,10.999
4.429,0,10.999
4.43,0,10.999
4.431,0,10.999
4.432,0,10.999
4.433,0,10.999
4.434,0,10.999
4.435,0,10.999
4.436,0,10.999
4.437,0,10.999
4.438,0,10.999
4.439,0,10.999
4.44,0,10.999
4.441,0,10.999
4.442,0,10.999
4.443,0,10.999
4.444,0,10.999
4.445,0,10.999
4.446,0,10.999
4.447,0,10.999
4.448,0,10.999
4.449,0,10.999
4.45,0,10.999
4.451,0,10.999
4.452,0,10.999
4.453,0,10.999
4.454,0,10.999
4.455,0,10.999
4.456,0,10.999
4.457,0,10.999
4.458,0,10.999
4.459,0,10.999
4.46,0,10.999
4.461,0,10.999
4.462,0,10.999
4.463,0,10.999
4.464,0,10.999
4.465,0,10.999
4.466,0,10.999
4.467,0,10.999
4.468,0,10.999
4.469,0,10.999
4.47,0,10.999
4.471,0,10.999
4.472,0,10.999
4.473,0,10.999
4.474,0,10.999
4.475,0,10.999
4.476,0,10.999
4.477,0,10.999
4.478,0,10.999
4.479,0,10.999
4.48,0,10.999
4.481,0,10.999
4.482,0,10.999
4.483,0,10.999
4.484,0,10.999
4.485,0,10.999
4.486,0,10.999
4.487,0,10.999
4.488,0,10.999
4.489,0,10.999
4.49,0,10.999
4.491,0,10.999
4.492,0,10.999
4.493,0,10.999
4.494,0,10.999
4.495,0,10.999
4.496,0,10.999
4.497,0,10.999
4.498,0,10.999
4.499,0,10.999
4.5,0,10.999
4.501,0,10.999
4.502,0,10.999
4.503,0,10.999
4.504,0,10.999
4.505,0,10.999
4.506,0,10.999
4.507,0,10.999
4.508,0,10.999
4.509,0,10.999
4.51,0,10.999
4.511,0,10.999
4.512,0,10.999
4.513,0,10.999
4.514,0,10.999
4.515,0,10.999
4.516,0,10.999
4.517,0,10.999
4.518,0,10.999
4.519,0,10.999
4.52,0,10.999
4.521,0,10.999
4.522,0,10.999
4.523,0,10.999
4.524,0,10.999
4.525,0,10.999
4.526,0,10.999
4.527,0,10.999
4.528,0,10.999
4.529,0,10.999
4.53,0,10.999
4.531,0,10.999
4.532,0,10.999
4.533,0,10.999
4.534,0,10.999
4.535,0,10.999
4.536,0,10.999
4.537,0,10.999
4.538,0,10.999
4.539,0,10.999
4.54,0,10.999
4.541,0,10.999
4.542,0,10.999
4.543,0,10.999
4.544,0,10.999
4.545,0,10.999
4.546,0,10.999
4.547,0,10.999
4.548,0,10.999
4.549,0,10.999
4.55,0,10.999
4.551,0,10.999
4.552,0,10.999
4.553,0,10.999
4.554,0,10.999
4.555,0,10.999
4.556,0,10.999
4.557,0,10.999
4.558,0,10.999
4.559,0,10.999
4.56,0,10.999
4.561,0,10.999
4.562,0,10.999
4.563,0,10.999
4.564,0,10.999
4.565,0,10.999
4.566,0,10.999
4.567,0,10.999
4.568,0,10.999
4.569,0,10.999
4.57,0,10.999
4.571,0,10.999
4.572,0,10.999
4.573,0,10.999
4.574,0,10.999
4.575,0,10.999
4.576,0,10.999
4.577,0,10.999
4.578,0,10.999
4.579,0,10.999
4.58,0,10.999
4.581,0,10.999
4.582,0,10.999
4.583,0,10.999
4.584,0,10.999
4.585,0,10.999
4.586,0,10.999
4.587,0,10.999
4.588,0,10.999
4.589,0,10.999
4.59,0,10.999
4.591,0,10.999
4.592,0,10.999
4.593,0,10.999
4.594,0,10.999
4.595,0,10.999
4.596,0,10.999
4.597,0,10.999
4.598,0,10.999
4.599,0,10.999
4.6,0,10.999
4.601,0,10.999
4.602,0,10.999
4.603,0,10.999
4.604,0,10.999
4.605,0,10.999
4.606,0,10.999
4.607,0,10.999
4.608,0,10.999
4.609,0,10.999
4.61,0,10.999
4.611,0,10.999
4.612,0,10.999
4.613,0,10.999
4.614,0,10.999
4.615,0,10.999
4.616,0,10.999
4.617,0,10.999
4.618,0,10.999
4.619,0,10.999
4.62,0,10.999
4.621,0,10.999
4.622,0,10.999
4.623,0,10.999
4.624,0,10.999
4.625,0,10.999
4.626,0,10.999
4.627,0,10.999
4.628,0,10.999
4.629,0,10.999
4.63,0,10.999
4.631,0,10.999
4.632,0,10.999
4.633,0,10.999
4.634,0,10.999
4.635,0,10.999
4.636,0,10.999
4.637,0,10.999
4.638,0,10.999
4.639,0,10.999
4.64,0,10.999
4.641,0,10.999
4.642,0,10.999
4.643,0,10.999
4.644,0,10.999
4.645,0,10.999
4.646,0,10.999
4.647,0,10.999
4.648,0,10.999
4.649,0,10.999
4.65,0,10.999
4.651,0,10.999
4.652,0,10.999
4.653,0,10.999
4.654,0,10.999
4.655,0,10.999
4.656,0,10.999
4.657,0,10.999
4.658,0,10.999
4.659,0,10.999
4.66,0,10.999
4.661,0,10.999
4.662,0,10.999
4.663,0,10.999
4.664,0,10.999
4.665,0,10.999
4.666,0,10.999
4.667,0,10.999
4.668,0,10.999
4.669,0,10.999
4.67,0,10.999
4.671,0,10.999
4.672,0,10.999
4.673,0,10.999
4.674,0,10.999
4.675,0,10.999
4.676,0,10.999
4.677,0,10.999
4.678,0,10.999
4.679,0,10.999
4.68,0,10.999
4.681,0,10.999
4.682,0,10.999
4.683,0,10.999
4.684,0,10.999
4.685,0,10.999
4.686,0,10.999
4.687,0,10.999
4.688,0,10.999
4.689,0,10.999
4.69,0,10.999
4.691,0,10.999
4.692,0,10.999
4.693,0,10.999
4.694,0,10.999
4.695,0,10.999
4.696,0,10.999
4.697,0,10.999
4.698,0,10.999
4.699,0,10.999
4.7,0,10.999
4.701,0,10.999
4.702,0,10.999
4.703,0,10.999
4.704,0,10.999
4.705,0,10.999
4.706,0,10.999
4.707,0,10.999
4.708,0,10.999
4.709,0,10.999
4.71,0,10.999
4.711,0,10.999
4.712,0,10.999
4.713,0,10.999
4.714,0,10.999
4.715,0,10.999
4.716,0,10.999
4.717,0,10.999
4.718,0,10.999
4.719,0,10.999
4.72,0,10.999
4.721,0,10.999
4.722,0,10.999
4.723,0,10.999
4.724,0,10.999
4.725,0,10.999
4.726,0,10.999
4.727,0,10.999
4.728,0,10.999
4.729,0,10.999
4.73,0,10.999
4.731,0,10.999
4.732,0,10.999
4.733,0,10.999
4.734,0,10.999
4.735,0,10.999
4.736,0,10.999
4.737,0,10.999
4.738,0,10.999
4.739,0,10.999
4.74,0,10.999
4.741,0,10.999
4.742,0,10.999
4.743,0,10.999
4.744,0,10.999
4.745,0,10.999
4.746,0,10.999
4.747,0,10.999
4.748,0,10.999
4.749,0,10.999
4.75,0,10.999
4.751,0,10.999
4.752,0,10.999
4.753,0,10.999
4.754,0,10.999
4.755,0,10.999
4.756,0,10.999
4.757,0,10.999
4.758,0,10.999
4.759,0,10.999
4.76,0,10.999
4.761,0,10.999
4.762,0,10.999
4.763,0,10.999
4.764,0,10.999
4.765,0,10.999
4.766,0,10.999
4.767,0,10.999
4.768,0,10.999
4.769,0,10.999
4.77,0,10.999
4.771,0,10.999
4.772,0,10.999
4.773,0,10.999
4.774,0,10.999
4.775,0,10.999
4.776,0,10.999
4.777,0,10.999
4.778,0,10.999
4.779,0,10.999
4.78,0,10.999
4.781,0,10.999
4.782,0,10.999
4.783,0,10.999
4.784,0,10.999
4.785,0,10.999
4.786,0,10.999
4.787,0,10.999
4.788,0,10.999
4.789,0,10.999
4.79,0,10.999
4.791,0,10.999
4.792,0,10.999
4.793,0,10.999
4.794,0,10.999
4.795,0,10.999
4.796,0,10.999
4.797,0,10.999
4.798,0,10.999
4.799,0,10.999
4.8,0,10.999
4.801,0,10.999
4.802,0,10.999
4.803,0,10.999
4.804,0,10.999
4.805,0,10.999
4.806,0,10.999
4.807,0,10.999
4.808,0,10.999
4.809,0,10.999
4.81,0,10.999
4.811,0,10.999
4.812,0,10.999
4.813,0,10.999
4.814,0,10.999
4.815,0,10.999
4.816,0,10.999
4.817,0,10.999
4.818,0,10.999
4.819,0,10.999
4.82,0,10.999
4.821,0,10.999
4.822,0,10.999
4.823,0,10.999
4.824,0,10.999
4.825,0,10.999
4.826,0,10.999
4.827,0,10.999
4.828,0,10.999
4.829,0,10.999
4.83,0,10.999
4.831,0,10.999
4.832,0,10.999
4.833,0,10.999
4.834,0,10.999
4.835,0,10.999
4.836,0,10.999
4.837,0,10.999
4.838,0,10.999
4.839,0,10.999
4.84,0,10.999
4.841,0,10.999
4.842,0,10.999
4.843,0,10.999
4.844,0,10.999
4.845,0,10.999
4.846,0,10.999
4.847,0,10.999
4.848,0,10.999
4.849,0,10.999
4.85,0,10.999
4.851,0,10.999
4.852,0,10.999
4.853,0,10.999
4.854,0,10.999
4.855,0,10.999
4.856,0,10.999
4.857,0,10.999
4.858,0,10.999
4.859,0,10.999
4.86,0,10.999
4.861,0,10.999
4.862,0,10.999
4.863,0,10.999
4.864,0,10.999
4.865,0,10.999
4.866,0,10.999
4.867,0,10.999
4.868,0,10.999
4.869,0,10.999
4.87,0,10.999
4.871,0,10.999
4.872,0,10.999
4.873,0,10.999
4.874,0,10.999
4.875,0,10.999
4.876,0,10.999
4.877,0,10.999
4.878,0,10.999
4.879,0,10.999
4.88,0,10.999
4.881,0,10.999
4.882,0,10.999
4.883,0,10.999
4.884,0,10.999
4.885,0,10.999
4.886,0,10.999
4.887,0,10.999
4.888,0,10.999
4.889,0,10.999
4.89,0,10.999
4.891,0,10.999
4.892,0,10.999
4.893,0,10.999
4.894,0,10.999
4.895,0,10.999
4.896,0,10.999
4.897,0,10.999
4.898,0,10.999
4.899,0,10.999
4.9,0,10.999
4.901,0,10.999
4.902,0,10.999
4.903,0,10.999
4.904,0,10.999
4.905,0,10.999
4.906,0,10.999
4.907,0,10.999
4.908,0,10.999
4.909,0,10.999
4.91,0,10.999
4.911,0,10.999
4.912,0,10.999
4.913,0,10.999
4.914,0,10.999
4.915,0,10.999
4.916,0,10.999
4.917,0,10.999
4.918,0,10.999
4.919,0,10.999
4.92,0,10.999
4.921,0,10.999
4.922,0,10.999
4.923,0,10.999
4.924,0,10.999
4.925,0,10.999
4.926,0,10.999
4.927,0,10.999
4.928,0,10.999
4.929,0,10.999
4.93,0,10.999
4.931,0,10.999
4.932,0,10.999
4.933,0,10.999
4.934,0,10.999
4.935,0,10.999
4.936,0,10.999
4.937,0,10.999
4.938,0,10.999
4.939,0,10.999
4.94,0,10.999
4.941,0,10.999
4.942,0,10.999
4.943,0,10.999
4.944,0,10.999
4.945,0,10.999
4.946,0,10.999
4.947,0,10.999
4.948,0,10.999
4.949,0,10.999
4.95,0,10.999
4.951,0,10.999
4.952,0,10.999
4.953,0,10.999
4.954,0,10.999
4.955,0,10.999
4.956,0,10.999
4.957,0,10.999
4.958,0,10.999
4.959,0,10.999
4.96,0,10.999
4.961,0,10.999
4.962,0,10.999
4.963,0,10.999
4.964,0,10.999
4.965,0,10.999
4.966,0,10.999
4.967,0,10.999
4.968,0,10.999
4.969,0,10.999
4.97,0,10.999
4.971,0,10.999
4.972,0,10.999
4.973,0,10.999
4.974,0,10.999
4.975,0,10.999
4.976,0,10.999
4.977,0,10.999
4.978,0,10.999
4.979,0,10.999
4.98,0,10.999
4.981,0,10.999
4.982,0,10.999
4.983,0,10.999
4.984,0,10.999
4.985,0,10.999
4.986,0,10.999
4.987,0,10.999
4.988,0,10.999
4.989,0,10.999
4.99,0,10.999
4.991,0,10.999
4.992,0,10.999
4.993,0,10.999
4.994,0,10.999
4.995,0,10.999
4.996,0,10.999
4.997,0,10.999
4.998,0,10.999
4.999,0,10.999
5,0,10.999
5.001,0,10.999
5.002,0,10.999
5.003,0,10.999
5.004,0,10.999
5.005,0,10.999
5.006,0,10.999
5.007,0,10.999
5.008,0,10.999
5.009,0,10.999
5.01,0,10.999
5.011,0,10.999
5.012,0,10.999
5.013,0,10.999
5.014,0,10.999
5.015,0,10.999
5.016,0,10.999
5.017,0,10.999
5.018,0,10.999
5.019,0,10.999
5.02,0,10.999
5.021,0,10.999
5.022,0,10.999
5.023,0,10.999
5.024,0,10.999
5.025,0,10.999
5.026,0,10.999
5.027,0,10.999
5.028,0,10.999
5.029,0,10.999
5.03,0,10.999
5.031,0,10.999
5.032,0,10.999
5.033,0,10.999
5.034,0,10.999
5.035,0,10.999
5.036,0,10.999
5.037,0,10.999
5.038,0,10.999
5.039,0,10.999
5.04,0,10.999
5.041,0,10.999
5.042,0,10.999
5.043,0,10.999
5.044,0,10.999
5.045,0,10.999
5.046,0,10.999
5.047,0,10.999
5.048,0,10.999
5.049,0,10.999
5.05,0,10.999
5.051,0,10.999
5.052,0,10.999
5.053,0,10.999
5.054,0,10.999
5.055,0,10.999
5.056,0,10.999
5.057,0,10.999
5.058,0,10.999
5.059,0,10.999
5.06,0,10.999
5.061,0,10.999
5.062,0,10.999
5.063,0,10.999
5.064,0,10.999
5.065,0,10.999
5.066,0,10.999
5.067,0,10.999
5.068,0,10.999
5.069,0,10.999
5.07,0,10.999
5.071,0,10.999
5.072,0,10.999
5.073,0,10.999
5.074,0,10.999
5.075,0,10.999
5.076,0,10.999
5.077,0,10.999
5.078,0,10.999
5.079,0,10.999
5.08,0,10.999
5.081,0,10.999
5.082,0,10.999
5.083,0,10.999
5.084,0,10.999
5.085,0,10.999
5.086,0,10.999
5.087,0,10.999
5.088,0,10.999
5.089,0,10.999
5.09,0,10.999
5.091,0,10.999
5.092,0,10.999
5.093,0,10.999
5.094,0,10.999
5.095,0,10.999
5.096,0,10.999
5.097,0,10.999
5.098,0,10.999
5.099,0,10.999
5.1,0,10.999
5.101,0,10.999
5.102,0,10.999
5.103,0,10.999
5.104,0,10.999
5.105,0,10.999
5.106,0,10.999
5.107,0,10.999
5.108,0,10.999
5.109,0,10.999
5.11,0,10.999
5.111,0,10.999
5.112,0,10.999
5.113,0,10.999
5.114,0,10.999
5.115,0,10.999
5.116,0,10.999
5.117,0,10.999
5.118,0,10.999
5.119,0,10.999
5.12,0,10.999
5.121,0,10.999
5.122,0,10.999
5.123,0,10.999
5.124,0,10.999
5.125,0,10.999
5.126,0,10.999
5.127,0,10.999
5.128,0,10.999
5.129,0,10.999
5.13,0,10.999
5.131,0,10.999
5.132,0,10.999
5.133,0,10.999
5.134,0,10.999
5.135,0,10.999
5.136,0,10.999
5.137,0,10.999
5.138,0,10.999
5.139,0,10.999
5.14,0,10.999
5.141,0,10.999
5.142,0,10.999
5.143,0,10.999
5.144,0,10.999
5.145,0,10.999
5.146,0,10.999
5.147,0,10.999
5.148,0,10.999
5.149,0,10.999
5.15,0,10.999
5.151,0,10.999
5.152,0,10.999
5.153,0,10.999
5.154,0,10.999
5.155,0,10.999
5.156,0,10.999
5.157,0,10.999
5.158,0,10.999
5.159,0,10.999
5.16,0,10.999
5.161,0,10.999
5.162,0,10.999
5.163,0,10.999
5.164,0,10.999
5.165,0,10.999
5.166,0,10.999
5.167,0,10.999
5.168,0,10.999
5.169,0,10.999
5.17,0,10.999
5.171,0,10.999
5.172,0,10.999
5.173,0,10.999
5.174,0,10.999
5.175,0,10.999
5.176,0,10.999
5.177,0,10.999
5.178,0,10.999
5.179,0,10.999
5.18,0,10.999
5.181,0,10.999
5.182,0,10.999
5.183,0,10.999
5.184,0,10.999
5.185,0,10.999
5.186,0,10.999
5.187,0,10.999
5.188,0,10.999
5.189,0,10.999
5.19,0,10.999
5.191,0,10.999
5.192,0,10.999
5.193,0,10.999
5.194,0,10.999
5.195,0,10.999
5.196,0,10.999
5.197,0,10.999
5.198,0,10.999
5.199,0,10.999
5.2,0,10.999
5.201,0,10.999
5.202,0,10.999
5.203,0,10.999
5.204,0,10.999
5.205,0,10.999
5.206,0,10.999
5.207,0,10.999
5.208,0,10.999
5.209,0,10.999
5.21,0,10.999
5.211,0,10.999
5.212,0,10.999
5.213,0,10.999
5.214,0,10.999
5.215,0,10.999
5.216,0,10.999
5.217,0,10.999
5.218,0,10.999
5.219,0,10.999
5.22,0,10.999
5.221,0,10.999
5.222,0,10.999
5.223,0,10.999
5.224,0,10.999
5.225,0,10.999
5.226,0,10.999
5.227,0,10.999
5.228,0,10.999
5.229,0,10.999
5.23,0,10.999
5.231,0,10.999
5.232,0,10.999
5.233,0,10.999
5.234,0,10.999
5.235,0,10.999
5.236,0,10.999
5.237,0,10.999
5.238,0,10.999
5.239,0,10.999
5.24,0,10.999
5.241,0,10.999
5.242,0,10.999
5.243,0,10.999
5.244,0,10.999
5.245,0,10.999
5.246,0,10.999
5.247,0,10.999
5.248,0,10.999
5.249,0,10.999
5.25,0,10.999
5.251,0,10.999
5.252,0,10.999
5.253,0,10.999
5.254,0,10.999
5.255,0,10.999
5.256,0,10.999
5.257,0,10.999
5.258,0,10.999
5.259,0,10.999
5.26,0,10.999
5.261,0,10.999
5.262,0,10.999
5.263,0,10.999
5.264,0,10.999
5.265,0,10.999
5.266,0,10.999
5.267,0,10.999
5.268,0,10.999
5.269,0,10.999
5.27,0,10.999
5.271,0,10.999
5.272,0,10.999
5.273,0,10.999
5.274,0,10.999
5.275,0,10.999
5.276,0,10.999
5.277,0,10.999
5.278,0,10.999
5.279,0,10.999
5.28,0,10.999
5.281,0,10.999
5.282,0,10.999
5.283,0,10.999
5.284,0,10.999
5.285,0,10.999
5.286,0,10.999
5.287,0,10.999
5.288,0,10.999
5.289,0,10.999
5.29,0,10.999
5.291,0,10.999
5.292,0,10.999
5.293,0,10.999
5.294,0,10.999
5.295,0,10.999
5.296,0,10.999
5.297,0,10.999
5.298,0,10.999
5.299,0,10.999
5.3,0,10.999
5.301,0,10.999
5.302,0,10.999
5.303,0,10.999
5.304,0,10.999
5.305,0,10.999
5.306,0,10.999
5.307,0,10.999
5.308,0,10.999
5.309,0,10.999
5.31,0,10.999
5.311,0,10.999
5.312,0,10.999
5.313,0,10.999
5.314,0,10.999
5.315,0,10.999
5.316,0,10.999
5.317,0,10.999
5.318,0,10.999
5.319,0,10.999
5.32,0,10.999
5.321,0,10.999
5.322,0,10.999
5.323,0,10.999
5.324,0,10.999
5.325,0,10.999
5.326,0,10.999
5.327,0,10.999
5.328,0,10.999
5.329,0,10.999
5.33,0,10.999
5.331,0,10.999
5.332,0,10.999
5.333,0,10.999
5.334,0,10.999
5.335,0,10.999
5.336,0,10.999
5.337,0,10.999
5.338,0,10.999
5.339,0,10.999
5.34,0,10.999
5.341,0,10.999
5.342,0,10.999
5.343,0,10.999
5.344,0,10.999
5.345,0,10.999
5.346,0,10.999
5.347,0,10.999
5.348,0,10.999
5.349,0,10.999
5.35,0,10.999
5.351,0,10.999
5.352,0,10.999
5.353,0,10.999
5.354,0,10.999
5.355,0,10.999
5.356,0,10.999
5.357,0,10.999
5.358,0,10.999
5.359,0,10.999
5.36,0,10.999
5.361,0,10.999
5.362,0,10.999
5.363,0,10.999
5.364,0,10.999
5.365,0,10.999
5.366,0,10.999
5.367,0,10.999
5.368,0,10.999
5.369,0,10.999
5.37,0,10.999
5.371,0,10.999
5.372,0,10.999
5.373,0,10.999
5.374,0,10.999
5.375,0,10.999
5.376,0,10.999
5.377,0,10.999
5.378,0,10.999
5.379,0,10.999
5.38,0,10.999
5.381,0,10.999
5.382,0,10.999
5.383,0,10.999
5.384,0,10.999
5.385,0,10.999
5.386,0,10.999
5.387,0,10.999
5.388,0,10.999
5.389,0,10.999
5.39,0,10.999
5.391,0,10.999
5.392,0,10.999
5.393,0,10.999
5.394,0,10.999
5.395,0,10.999
5.396,0,10.999
5.397,0,10.999
5.398,0,10.999
5.399,0,10.999
5.4,0,10.999
5.401,0,10.999
5.402,0,10.999
5.403,0,10.999
5.404,0,10.999
5.405,0,10.999
5.406,0,10.999
5.407,0,10.999
5.408,0,10.999
5.409,0,10.999
5.41,0,10.999
5.411,0,10.999
5.412,0,10.999
5.413,0,10.999
5.414,0,10.999
5.415,0,10.999
5.416,0,10.999
5.417,0,10.999
5.418,0,10.999
5.419,0,10.999
5.42,0,10.999
5.421,0,10.999
5.422,0,10.999
5.423,0,10.999
5.424,0,10.999
5.425,0,10.999
5.426,0,10.999
5.427,0,10.999
5.428,0,10.999
5.429,0,10.999
5.43,0,10.999
5.431,0,10.999
5.432,0,10.999
5.433,0,10.999
5.434,0,10.999
5.435,0,10.999
5.436,0,10.999
5.437,0,10.999
5.438,0,10.999
5.439,0,10.999
5.44,0,10.999
5.441,0,10.999
5.442,0,10.999
5.443,0,10.999
5.444,0,10.999
5.445,0,10.999
5.446,0,10.999
5.447,0,10.999
5.448,0,10.999
5.449,0,10.999
5.45,0,10.999
5.451,0,10.999
5.452,0,10.999
5.453,0,10.999
5.454,0,10.999
5.455,0,10.999
5.456,0,10.999
5.457,0,10.999
5.458,0,10.999
5.459,0,10.999
5.46,0,10.999
5.461,0,10.999
5.462,0,10.999
5.463,0,10.999
5.464,0,10.999
5.465,0,10.999
5.466,0,10.999
5.467,0,10.999
5.468,0,10.999
5.469,0,10.999
5.47,0,10.999
5.471,0,10.999
5.472,0,10.999
5.473,0,10.999
5.474,0,10.999
5.475,0,10.999
5.476,0,10.999
5.477,0,10.999
5.478,0,10.999
5.479,0,10.999
5.48,0,10.999
5.481,0,10.999
5.482,0,10.999
5.483,0,10.999
5.484,0,10.999
5.485,0,10.999
5.486,0,10.999
5.487,0,10.999
5.488,0,10.999
5.489,0,10.999
5.49,0,10.999
5.491,0,10.999
5.492,0,10.999
5.493,0,10.999
5.494,0,10.999
5.495,0,10.999
5.496,0,10.999
5.497,0,10.999
5.498,0,10.999
5.499,0,10.999
5.5,0,10.999
5.501,0,10.999
5.502,0,10.999
5.503,0,10.999
5.504,0,10.999
5.505,0,10.999
5.506,0,10.999
5.507,0,10.999
5.508,0,10.999
5.509,0,10.999
5.51,0,10.999
5.511,0,10.999
5.512,0,10.999
5.513,0,10.999
5.514,0,10.999
5.515,0,10.999
5.516,0,10.999
5.517,0,10.999
5.518,0,10.999
5.519,0,10.999
5.52,0,10.999
5.521,0,10.999
5.522,0,10.999
5.523,0,10.999
5.524,0,10.999
5.525,0,10.999
5.526,0,10.999
5.527,0,10.999
5.528,0,10.999
5.529,0,10.999
5.53,0,10.999
5.531,0,10.999
5.532,0,10.999
5.533,0,10.999
5.534,0,10.999
5.535,0,10.999
5.536,0,10.999
5.537,0,10.999
5.538,0,10.999
5.539,0,10.999
5.54,0,10.999
5.541,0,10.999
5.542,0,10.999
5.543,0,10.999
5.544,0,10.999
5.545,0,10.999
5.546,0,10.999
5.547,0,10.999
5.548,0,10.999
5.549,0,10.999
5.55,0,10.999
5.551,0,10.999
5.552,0,10.999
5.553,0,10.999
5.554,0,10.999
5.555,0,10.999
5.556,0,10.999
5.557,0,10.999
5.558,0,10.999
5.559,0,10.999
5.56,0,10.999
5.561,0,10.999
5.562,0,10.999
5.563,0,10.999
5.564,0,10.999
5.565,0,10.999
5.566,0,10.999
5.567,0,10.999
5.568,0,10.999
5.569,0,10.999
5.57,0,10.999
5.571,0,10.999
5.572,0,10.999
5.573,0,10.999
5.574,0,10.999
5.575,0,10.999
5.576,0,10.999
5.577,0,10.999
5.578,0,10.999
5.579,0,10.999
5.58,0,10.999
5.581,0,10.999
5.582,0,10.999
5.583,0,10.999
5.584,0,10.999
5.585,0,10.999
5.586,0,10.999
5.587,0,10.999
5.588,0,10.999
5.589,0,10.999
5.59,0,10.999
5.591,0,10.999
5.592,0,10.999
5.593,0,10.999
5.594,0,10.999
5.595,0,10.999
5.596,0,10.999
5.597,0,10.999
5.598,0,10.999
5.599,0,10.999
5.6,0,10.999
5.601,0,10.999
5.602,0,10.999
5.603,0,10.999
5.604,0,10.999
5.605,0,10.999
5.606,0,10.999
5.607,0,10.999
5.608,0,10.999
5.609,0,10.999
5.61,0,10.999
5.611,0,10.999
5.612,0,10.999
5.613,0,10.999
5.614,0,10.999
5.615,0,10.999
5.616,0,10.999
5.617,0,10.999
5.618,0,10.999
5.619,0,10.999
5.62,0,10.999
5.621,0,10.999
5.622,0,10.999
5.623,0,10.999
5.624,0,10.999
5.625,0,10.999
5.626,0,10.999
5.627,0,10.999
5.628,0,10.999
5.629,0,10.999
5.63,0,10.999
5.631,0,10.999
5.632,0,10.999
5.633,0,10.999
5.634,0,10.999
5.635,0,10.999
5.636,0,10.999
5.637,0,10.999
5.638,0,10.999
5.639,0,10.999
5.64,0,10.999
5.641,0,10.999
5.642,0,10.999
5.643,0,10.999
5.644,0,10.999
5.645,0,10.999
5.646,0,10.999
5.647,0,10.999
5.648,0,10.999
5.649,0,10.999
5.65,0,10.999
5.651,0,10.999
5.652,0,10.999
5.653,0,10.999
5.654,0,10.999
5.655,0,10.999
5.656,0,10.999
5.657,0,10.999
5.658,0,10.999
5.659,0,10.999
5.66,0,10.999
5.661,0,10.999
5.662,0,10.999
5.663,0,10.999
5.664,0,10.999
5.665,0,10.999
5.666,0,10.999
5.667,0,10.999
5.668,0,10.999
5.669,0,10.999
5.67,0,10.999
5.671,0,10.999
5.672,0,10.999
5.673,0,10.999
5.674,0,10.999
5.675,0,10.999
5.676,0,10.999
5.677,0,10.999
5.678,0,10.999
5.679,0,10.999
5.68,0,10.999
5.681,0,10.999
5.682,0,10.999
5.683,0,10.999
5.684,0,10.999
5.685,0,10.999
5.686,0,10.999
5.687,0,10.999
5.688,0,10.999
5.689,0,10.999
5.69,0,10.999
5.691,0,10.999
5.692,0,10.999
5.693,0,10.999
5.694,0,10.999
5.695,0,10.999
5.696,0,10.999
5.697,0,10.999
5.698,0,10.999
5.699,0,10.999
5.7,0,10.999
5.701,0,10.999
5.702,0,10.999
5.703,0,10.999
5.704,0,10.999
5.705,0,10.999
5.706,0,10.999
5.707,0,10.999
5.708,0,10.999
5.709,0,10.999
5.71,0,10.999
5.711,0,10.999
5.712,0,10.999
5.713,0,10.999
5.714,0,10.999
5.715,0,10.999
5.716,0,10.999
5.717,0,10.999
5.718,0,10.999
5.719,0,10.999
5.72,0,10.999
5.721,0,10.999
5.722,0,10.999
5.723,0,10.999
5.724,0,10.999
5.725,0,10.999
5.726,0,10.999
5.727,0,10.999
5.728,0,10.999
5.729,0,10.999
5.73,0,10.999
5.731,0,10.999
5.732,0,10.999
5.733,0,10.999
5.734,0,10.999
5.735,0,10.999
5.736,0,10.999
5.737,0,10.999
5.738,0,10.999
5.739,0,10.999
5.74,0,10.999
5.741,0,10.999
5.742,0,10.999
5.743,0,10.999
5.744,0,10.999
5.745,0,10.999
5.746,0,10.999
5.747,0,10.999
5.748,0,10.999
5.749,0,10.999
5.75,0,10.999
5.751,0,10.999
5.752,0,10.999
5.753,0,10.999
5.754,0,10.999
5.755,0,10.999
5.756,0,10.999
5.757,0,10.999
5.758,0,10.999
5.759,0,10.999
5.76,0,10.999
5.761,0,10.999
5.762,0,10.999
5.763,0,10.999
5.764,0,10.999
5.765,0,10.999
5.766,0,10.999
5.767,0,10.999
5.768,0,10.999
5.769,0,10.999
5.77,0,10.999
5.771,0,10.999
5.772,0,10.999
5.773,0,10.999
5.774,0,10.999
5.775,0,10.999
5.776,0,10.999
5.777,0,10.999
5.778,0,10.999
5.779,0,10.999
5.78,0,10.999
5.781,0,10.999
5.782,0,10.999
5.783,0,10.999
5.784,0,10.999
5.785,0,10.999
5.786,0,10.999
5.787,0,10.999
5.788,0,10.999
5.789,0,10.999
5.79,0,10.999
5.791,0,10.999
5.792,0,10.999
5.793,0,10.999
5.794,0,10.999
5.795,0,10.999
5.796,0,10.999
5.797,0,10.999
5.798,0,10.999
5.799,0,10.999
5.8,0,10.999
5.801,0,10.999
5.802,0,10.999
5.803,0,10.999
5.804,0,10.999
5.805,0,10.999
5.806,0,10.999
5.807,0,10.999
5.808,0,10.999
5.809,0,10.999
5.81,0,10.999
5.811,0,10.999
5.812,0,10.999
5.813,0,10.999
5.814,0,10.999
5.815,0,10.999
5.816,0,10.999
5.817,0,10.999
5.818,0,10.999
5.819,0,10.999
5.82,0,10.999
5.821,0,10.999
5.822,0,10.999
5.823,0,10.999
5.824,0,10.999
5.825,0,10.999
5.826,0,10.999
5.827,0,10.999
5.828,0,10.999
5.829,0,10.999
5.83,0,10.999
5.831,0,10.999
5.832,0,10.999
5.833,0,10.999
5.834,0,10.999
5.835,0,10.999
5.836,0,10.999
5.837,0,10.999
5.838,0,10.999
5.839,0,10.999
5.84,0,10.999
5.841,0,10.999
5.842,0,10.999
5.843,0,10.999
5.844,0,10.999
5.845,0,10.999
5.846,0,10.999
5.847,0,10.999
5.848,0,10.999
5.849,0,10.999
5.85,0,10.999
5.851,0,10.999
5.852,0,10.999
5.853,0,10.999
5.854,0,10.999
5.855,0,10.999
5.856,0,10.999
5.857,0,10.999
5.858,0,10.999
5.859,0,10.999
5.86,0,10.999
5.861,0,10.999
5.862,0,10.999
5.863,0,10.999
5.864,0,10.999
5.865,0,10.999
5.866,0,10.999
5.867,0,10.999
5.868,0,10.999
5.869,0,10.999
5.87,0,10.999
5.871,0,10.999
5.872,0,10.999
5.873,0,10.999
5.874,0,10.999
5.875,0,10.999
5.876,0,10.999
5.877,0,10.999
5.878,0,10.999
5.879,0,10.999
5.88,0,10.999
5.881,0,10.999
5.882,0,10.999
5.883,0,10.999
5.884,0,10.999
5.885,0,10.999
5.886,0,10.999
5.887,0,10.999
5.888,0,10.999
5.889,0,10.999
5.89,0,10.999
5.891,0,10.999
5.892,0,10.999
5.893,0,10.999
5.894,0,10.999
5.895,0,10.999
5.896,0,10.999
5.897,0,10.999
5.898,0,10.999
5.899,0,10.999
5.9,0,10.999
5.901,0,10.999
5.902,0,10.999
5.903,0,10.999
5.904,0,10.999
5.905,0,10.999
5.906,0,10.999
5.907,0,10.999
5.908,0,10.999
5.909,0,10.999
5.91,0,10.999
5.911,0,10.999
5.912,0,10.999
5.913,0,10.999
5.914,0,10.999
5.915,0,10.999
5.916,0,10.999
5.917,0,10.999
5.918,0,10.999
5.919,0,10.999
5.92,0,10.999
5.921,0,10.999
5.922,0,10.999
5.923,0,10.999
5.924,0,10.999
5.925,0,10.999
5.926,0,10.999
5.927,0,10.999
5.928,0,10.999
5.929,0,10.999
5.93,0,10.999
5.931,0,10.999
5.932,0,10.999
5.933,0,10.999
5.934,0,10.999
5.935,0,10.999
5.936,0,10.999
5.937,0,10.999
5.938,0,10.999
5.939,0,10.999
5.94,0,10.999
5.941,0,10.999
5.942,0,10.999
5.943,0,10.999
5.944,0,10.999
5.945,0,10.999
5.946,0,10.999
5.947,0,10.999
5.948,0,10.999
5.949,0,10.999
5.95,0,10.999
5.951,0,10.999
5.952,0,10.999
5.953,0,10.999
5.954,0,10.999
5.955,0,10.999
5.956,0,10.999
5.957,0,10.999
5.958,0,10.999
5.959,0,10.999
5.96,0,10.999
5.961,0,10.999
5.962,0,10.999
5.963,0,10.999
5.964,0,10.999
5.965,0,10.999
5.966,0,10.999
5.967,0,10.999
5.968,0,10.999
5.969,0,10.999
5.97,0,10.999
5.971,0,10.999
5.972,0,10.999
5.973,0,10.999
5.974,0,10.999
5.975,0,10.999
5.976,0,10.999
5.977,0,10.999
5.978,0,10.999
5.979,0,10.999
5.98,0,10.999
5.981,0,10.999
5.982,0,10.999
5.983,0,10.999
5.984,0,10.999
5.985,0,10.999
5.986,0,10.999
5.987,0,10.999
5.988,0,10.999
5.989,0,10.999
5.99,0,10.999
5.991,0,10.999
5.992,0,10.999
5.993,0,10.999
5.994,0,10.999
5.995,0,10.999
5.996,0,10.999
5.997,0,10.999
5.998,0,10.999
5.999,0,10.999
6,0,10.999
6.001,0,10.999
6.002,0,10.999
6.003,0,10.999
6.004,0,10.999
6.005,0,10.999
6.006,0,10.999
6.007,0,10.999
6.008,0,10.999
6.009,0,10.999
6.01,0,10.999
6.011,0,10.999
6.012,0,10.999
6.013,0,10.999
6.014,0,10.999
6.015,0,10.999
6.016,0,10.999
6.017,0,10.999
6.018,0,10.999
6.019,0,10.999
6.02,0,10.999
6.021,0,10.999
6.022,0,10.999
6.023,0,10.999
6.024,0,10.999
6.025,0,10.999
6.026,0,10.999
6.027,0,10.999
6.028,0,10.999
6.029,0,10.999
6.03,0,10.999
6.031,0,10.999
6.032,0,10.999
6.033,0,10.999
6.034,0,10.999
6.035,0,10.999
6.036,0,10.999
6.037,0,10.999
6.038,0,10.999
6.039,0,10.999
6.04,0,10.999
6.041,0,10.999
6.042,0,10.999
6.043,0,10.999
6.044,0,10.999
6.045,0,10.999
6.046,0,10.999
6.047,0,10.999
6.048,0,10.999
6.049,0,10.999
6.05,0,10.999
6.051,0,10.999
6.052,0,10.999
6.053,0,10.999
6.054,0,10.999
6.055,0,10.999
6.056,0,10.999
6.057,0,10.999
6.058,0,10.999
6.059,0,10.999
6.06,0,10.999
6.061,0,10.999
6.062,0,10.999
6.063,0,10.999
6.064,0,10.999
6.065,0,10.999
6.066,0,10.999
6.067,0,10.999
6.068,0,10.999
6.069,0,10.999
6.07,0,10.999
6.071,0,10.999
6.072,0,10.999
6.073,0,10.999
6.074,0,10.999
6.075,0,10.999
6.076,0,10.999
6.077,0,10.999
6.078,0,10.999
6.079,0,10.999
6.08,0,10.999
6.081,0,10.999
6.082,0,10.999
6.083,0,10.999
6.084,0,10.999
6.085,0,10.999
6.086,0,10.999
6.087,0,10.999
6.088,0,10.999
6.089,0,10.999
6.09,0,10.999
6.091,0,10.999
6.092,0,10.999
6.093,0,10.999
6.094,0,10.999
6.095,0,10.999
6.096,0,10.999
6.097,0,10.999
6.098,0,10.999
6.099,0,10.999
6.1,0,10.999
6.101,0,10.999
6.102,0,10.999
6.103,0,10.999
6.104,0,10.999
6.105,0,10.999
6.106,0,10.999
6.107,0,10.999
6.108,0,10.999
6.109,0,10.999
6.11,0,10.999
6.111,0,10.999
6.112,0,10.999
6.113,0,10.999
6.114,0,10.999
6.115,0,10.999
6.116,0,10.999
6.117,0,10.999
6.118,0,10.999
6.119,0,10.999
6.12,0,10.999
6.121,0,10.999
6.122,0,10.999
6.123,0,10.999
6.124,0,10.999
6.125,0,10.999
6.126,0,10.999
6.127,0,10.999
6.128,0,10.999
6.129,0,10.999
6.13,0,10.999
6.131,0,10.999
6.132,0,10.999
6.133,0,10.999
6.134,0,10.999
6.135,0,10.999
6.136,0,10.999
6.137,0,10.999
6.138,0,10.999
6.139,0,10.999
6.14,0,10.999
6.141,0,10.999
6.142,0,10.999
6.143,0,10.999
6.144,0,10.999
6.145,0,10.999
6.146,0,10.999
6.147,0,10.999
6.148,0,10.999
6.149,0,10.999
6.15,0,10.999
6.151,0,10.999
6.152,0,10.999
6.153,0,10.999
6.154,0,10.999
6.155,0,10.999
6.156,0,10.999
6.157,0,10.999
6.158,0,10.999
6.159,0,10.999
6.16,0,10.999
6.161,0,10.999
6.162,0,10.999
6.163,0,10.999
6.164,0,10.999
6.165,0,10.999
6.166,0,10.999
6.167,0,10.999
6.168,0,10.999
6.169,0,10.999
6.17,0,10.999
6.171,0,10.999
6.172,0,10.999
6.173,0,10.999
6.174,0,10.999
6.175,0,10.999
6.176,0,10.999
6.177,0,10.999
6.178,0,10.999
6.179,0,10.999
6.18,0,10.999
6.181,0,10.999
6.182,0,10.999
6.183,0,10.999
6.184,0,10.999
6.185,0,10.999
6.186,0,10.999
6.187,0,10.999
6.188,0,10.999
6.189,0,10.999
6.19,0,10.999
6.191,0,10.999
6.192,0,10.999
6.193,0,10.999
6.194,0,10.999
6.195,0,10.999
6.196,0,10.999
6.197,0,10.999
6.198,0,10.999
6.199,0,10.999
6.2,0,10.999
6.201,0,10.999
6.202,0,10.999
6.203,0,10.999
6.204,0,10.999
6.205,0,10.999
6.206,0,10.999
6.207,0,10.999
6.208,0,10.999
6.209,0,10.999
6.21,0,10.999
6.211,0,10.999
6.212,0,10.999
6.213,0,10.999
6.214,0,10.999
6.215,0,10.999
6.216,0,10.999
6.217,0,10.999
6.218,0,10.999
6.219,0,10.999
6.22,0,10.999
6.221,0,10.999
6.222,0,10.999
6.223,0,10.999
6.224,0,10.999
6.225,0,10.999
6.226,0,10.999
6.227,0,10.999
6.228,0,10.999
6.229,0,10.999
6.23,0,10.999
6.231,0,10.999
6.232,0,10.999
6.233,0,10.999
6.234,0,10.999
6.235,0,10.999
6.236,0,10.999
6.237,0,10.999
6.238,0,10.999
6.239,0,10.999
6.24,0,10.999
6.241,0,10.999
6.242,0,10.999
6.243,0,10.999
6.244,0,10.999
6.245,0,10.999
6.246,0,10.999
6.247,0,10.999
6.248,0,10.999
6.249,0,10.999
6.25,0,10.999
6.251,0,10.999
6.252,0,10.999
6.253,0,10.999
6.254,0,10.999
6.255,0,10.999
6.256,0,10.999
6.257,0,10.999
6.258,0,10.999
6.259,0,10.999
6.26,0,10.999
6.261,0,10.999
6.262,0,10.999
6.263,0,10.999
6.264,0,10.999
6.265,0,10.999
6.266,0,10.999
6.267,0,10.999
6.268,0,10.999
6.269,0,10.999
6.27,0,10.999
6.271,0,10.999
6.272,0,10.999
6.273,0,10.999
6.274,0,10.999
6.275,0,10.999
6.276,0,10.999
6.277,0,10.999
6.278,0,10.999
6.279,0,10.999
6.28,0,10.999
6.281,0,10.999
6.282,0,10.999
6.283,0,10.999
6.284,0,10.999
6.285,0,10.999
6.286,0,10.999
6.287,0,10.999
6.288,0,10.999
6.289,0,10.999
6.29,0,10.999
6.291,0,10.999
6.292,0,10.999
6.293,0,10.999
6.294,0,10.999
6.295,0,10.999
6.296,0,10.999
6.297,0,10.999
6.298,0,10.999
6.299,0,10.999
6.3,0,10.999
6.301,0,10.999
6.302,0,10.999
6.303,0,10.999
6.304,0,10.999
6.305,0,10.999
6.306,0,10.999
6.307,0,10.999
6.308,0,10.999
6.309,0,10.999
6.31,0,10.999
6.311,0,10.999
6.312,0,10.999
6.313,0,10.999
6.314,0,10.999
6.315,0,10.999
6.316,0,10.999
6.317,0,10.999
6.318,0,10.999
6.319,0,10.999
6.32,0,10.999
6.321,0,10.999
6.322,0,10.999
6.323,0,10.999
6.324,0,10.999
6.325,0,10.999
6.326,0,10.999
6.327,0,10.999
6.328,0,10.999
6.329,0,10.999
6.33,0,10.999
6.331,0,10.999
6.332,0,10.999
6.333,0,10.999
6.334,0,10.999
6.335,0,10.999
6.336,0,10.999
6.337,0,10.999
6.338,0,10.999
6.339,0,10.999
6.34,0,10.999
6.341,0,10.999
6.342,0,10.999
6.343,0,10.999
6.344,0,10.999
6.345,0,10.999
6.346,0,10.999
6.347,0,10.999
6.348,0,10.999
6.349,0,10.999
6.35,0,10.999
6.351,0,10.999
6.352,0,10.999
6.353,0,10.999
6.354,0,10.999
6.355,0,10.999
6.356,0,10.999
6.357,0,10.999
6.358,0,10.999
6.359,0,10.999
6.36,0,10.999
6.361,0,10.999
6.362,0,10.999
6.363,0,10.999
6.364,0,10.999
6.365,0,10.999
6.366,0,10.999
6.367,0,10.999
6.368,0,10.999
6.369,0,10.999
6.37,0,10.999
6.371,0,10.999
6.372,0,10.999
6.373,0,10.999
6.374,0,10.999
6.375,0,10.999
6.376,0,10.999
6.377,0,10.999
6.378,0,10.999
6.379,0,10.999
6.38,0,10.999
6.381,0,10.999
6.382,0,10.999
6.383,0,10.999
6.384,0,10.999
6.385,0,10.999
6.386,0,10.999
6.387,0,10.999
6.388,0,10.999
6.389,0,10.999
6.39,0,10.999
6.391,0,10.999
6.392,0,10.999
6.393,0,10.999
6.394,0,10.999
6.395,0,10.999
6.396,0,10.999
6.397,0,10.999
6.398,0,10.999
6.399,0,10.999
6.4,0,10.999
6.401,0,10.999
6.402,0,10.999
6.403,0,10.999
6.404,0,10.999
6.405,0,10.999
6.406,0,10.999
6.407,0,10.999
6.408,0,10.999
6.409,0,10.999
6.41,0,10.999
6.411,0,10.999
6.412,0,10.999
6.413,0,10.999
6.414,0,10.999
6.415,0,10.999
6.416,0,10.999
6.417,0,10.999
6.418,0,10.999
6.419,0,10.999
6.42,0,10.999
6.421,0,10.999
6.422,0,10.999
6.423,0,10.999
6.424,0,10.999
6.425,0,10.999
6.426,0,10.999
6.427,0,10.999
6.428,0,10.999
6.429,0,10.999
6.43,0,10.999
6.431,0,10.999
6.432,0,10.999
6.433,0,10.999
6.434,0,10.999
6.435,0,10.999
6.436,0,10.999
6.437,0,10.999
6.438,0,10.999
6.439,0,10.999
6.44,0,10.999
6.441,0,10.999
6.442,0,10.999
6.443,0,10.999
6.444,0,10.999
6.445,0,10.999
6.446,0,10.999
6.447,0,10.999
6.448,0,10.999
6.449,0,10.999
6.45,0,10.999
6.451,0,10.999
6.452,0,10.999
6.453,0,10.999
6.454,0,10.999
6.455,0,10.999
6.456,0,10.999
6.457,0,10.999
6.458,0,10.999
6.459,0,10.999
6.46,0,10.999
6.461,0,10.999
6.462,0,10.999
6.463,0,10.999
6.464,0,10.999
6.465,0,10.999
6.466,0,10.999
6.467,0,10.999
6.468,0,10.999
6.469,0,10.999
6.47,0,10.999
6.471,0,10.999
6.472,0,10.999
6.473,0,10.999
6.474,0,10.999
6.475,0,10.999
6.476,0,10.999
6.477,0,10.999
6.478,0,10.999
6.479,0,10.999
6.48,0,10.999
6.481,0,10.999
6.482,0,10.999
6.483,0,10.999
6.484,0,10.999
6.485,0,10.999
6.486,0,10.999
6.487,0,10.999
6.488,0,10.999
6.489,0,10.999
6.49,0,10.999
6.491,0,10.999
6.492,0,10.999
6.493,0,10.999
6.494,0,10.999
6.495,0,10.999
6.496,0,10.999
6.497,0,10.999
6.498,0,10.999
6.499,0,10.999
6.5,0,10.999
6.501,0,10.999
6.502,0,10.999
6.503,0,10.999
6.504,0,10.999
6.505,0,10.999
6.506,0,10.999
6.507,0,10.999
6.508,0,10.999
6.509,0,10.999
6.51,0,10.999
6.511,0,10.999
6.512,0,10.999
6.513,0,10.999
6.514,0,10.999
6.515,0,10.999
6.516,0,10.999
6.517,0,10.999
6.518,0,10.999
6.519,0,10.999
6.52,0,10.999
6.521,0,10.999
6.522,0,10.999
6.523,0,10.999
6.524,0,10.999
6.525,0,10.999
6.526,0,10.999
6.527,0,10.999
6.528,0,10.999
6.529,0,10.999
6.53,0,10.999
6.531,0,10.999
6.532,0,10.999
6.533,0,10.999
6.534,0,10.999
6.535,0,10.999
6.536,0,10.999
6.537,0,10.999
6.538,0,10.999
6.539,0,10.999
6.54,0,10.999
6.541,0,10.999
6.542,0,10.999
6.543,0,10.999
6.544,0,10.999
6.545,0,10.999
6.546,0,10.999
6.547,0,10.999
6.548,0,10.999
6.549,0,10.999
6.55,0,10.999
6.551,0,10.999
6.552,0,10.999
6.553,0,10.999
6.554,0,10.999
6.555,0,10.999
6.556,0,10.999
6.557,0,10.999
6.558,0,10.999
6.559,0,10.999
6.56,0,10.999
6.561,0,10.999
6.562,0,10.999
6.563,0,10.999
6.564,0,10.999
6.565,0,10.999
6.566,0,10.999
6.567,0,10.999
6.568,0,10.999
6.569,0,10.999
6.57,0,10.999
6.571,0,10.999
6.572,0,10.999
6.573,0,10.999
6.574,0,10.999
6.575,0,10.999
6.576,0,10.999
6.577,0,10.999
6.578,0,10.999
6.579,0,10.999
6.58,0,10.999
6.581,0,10.999
6.582,0,10.999
6.583,0,10.999
6.584,0,10.999
6.585,0,10.999
6.586,0,10.999
6.587,0,10.999
6.588,0,10.999
6.589,0,10.999
6.59,0,10.999
6.591,0,10.999
6.592,0,10.999
6.593,0,10.999
6.594,0,10.999
6.595,0,10.999
6.596,0,10.999
6.597,0,10.999
6.598,0,10.999
6.599,0,10.999
6.6,0,10.999
6.601,0,10.999
6.602,0,10.999
6.603,0,10.999
6.604,0,10.999
6.605,0,10.999
6.606,0,10.999
6.607,0,10.999
6.608,0,10.999
6.609,0,10.999
6.61,0,10.999
6.611,0,10.999
6.612,0,10.999
6.613,0,10.999
6.614,0,10.999
6.615,0,10.999
6.616,0,10.999
6.617,0,10.999
6.618,0,10.999
6.619,0,10.999
6.62,0,10.999
6.621,0,10.999
6.622,0,10.999
6.623,0,10.999
6.624,0,10.999
6.625,0,10.999
6.626,0,10.999
6.627,0,10.999
6.628,0,10.999
6.629,0,10.999
6.63,0,10.999
6.631,0,10.999
6.632,0,10.999
6.633,0,10.999
6.634,0,10.999
6.635,0,10.999
6.636,0,10.999
6.637,0,10.999
6.638,0,10.999
6.639,0,10.999
6.64,0,10.999
6.641,0,10.999
6.642,0,10.999
6.643,0,10.999
6.644,0,10.999
6.645,0,10.999
6.646,0,10.999
6.647,0,10.999
6.648,0,10.999
6.649,0,10.999
6.65,0,10.999
6.651,0,10.999
6.652,0,10.999
6.653,0,10.999
6.654,0,10.999
6.655,0,10.999
6.656,0,10.999
6.657,0,10.999
6.658,0,10.999
6.659,0,10.999
6.66,0,10.999
6.661,0,10.999
6.662,0,10.999
6.663,0,10.999
6.664,0,10.999
6.665,0,10.999
6.666,0,10.999
6.667,0,10.999
6.668,0,10.999
6.669,0,10.999
6.67,0,10.999
6.671,0,10.999
6.672,0,10.999
6.673,0,10.999
6.674,0,10.999
6.675,0,10.999
6.676,0,10.999
6.677,0,10.999
6.678,0,10.999
6.679,0,10.999
6.68,0,10.999
6.681,0,10.999
6.682,0,10.999
6.683,0,10.999
6.684,0,10.999
6.685,0,10.999
6.686,0,10.999
6.687,0,10.999
6.688,0,10.999
6.689,0,10.999
6.69,0,10.999
6.691,0,10.999
6.692,0,10.999
6.693,0,10.999
6.694,0,10.999
6.695,0,10.999
6.696,0,10.999
6.697,0,10.999
6.698,0,10.999
6.699,0,10.999
6.7,0,10.999
6.701,0,10.999
6.702,0,10.999
6.703,0,10.999
6.704,0,10.999
6.705,0,10.999
6.706,0,10.999
6.707,0,10.999
6.708,0,10.999
6.709,0,10.999
6.71,0,10.999
6.711,0,10.999
6.712,0,10.999
6.713,0,10.999
6.714,0,10.999
6.715,0,10.999
6.716,0,10.999
6.717,0,10.999
6.718,0,10.999
6.719,0,10.999
6.72,0,10.999
6.721,0,10.999
6.722,0,10.999
6.723,0,10.999
6.724,0,10.999
6.725,0,10.999
6.726,0,10.999
6.727,0,10.999
6.728,0,10.999
6.729,0,10.999
6.73,0,10.999
6.731,0,10.999
6.732,0,10.999
6.733,0,10.999
6.734,0,10.999
6.735,0,10.999
6.736,0,10.999
6.737,0,10.999
6.738,0,10.999
6.739,0,10.999
6.74,0,10.999
6.741,0,10.999
6.742,0,10.999
6.743,0,10.999
6.744,0,10.999
6.745,0,10.999
6.746,0,10.999
6.747,0,10.999
6.748,0,10.999
6.749,0,10.999
6.75,0,10.999
6.751,0,10.999
6.752,0,10.999
6.753,0,10.999
6.754,0,10.999
6.755,0,10.999
6.756,0,10.999
6.757,0,10.999
6.758,0,10.999
6.759,0,10.999
6.76,0,10.999
6.761,0,10.999
6.762,0,10.999
6.763,0,10.999
6.764,0,10.999
6.765,0,10.999
6.766,0,10.999
6.767,0,10.999
6.768,0,10.999
6.769,0,10.999
6.77,0,10.999
6.771,0,10.999
6.772,0,10.999
6.773,0,10.999
6.774,0,10.999
6.775,0,10.999
6.776,0,10.999
6.777,0,10.999
6.778,0,10.999
6.779,0,10.999
6.78,0,10.999
6.781,0,10.999
6.782,0,10.999
6.783,0,10.999
6.784,0,10.999
6.785,0,10.999
6.786,0,10.999
6.787,0,10.999
6.788,0,10.999
6.789,0,10.999
6.79,0,10.999
6.791,0,10.999
6.792,0,10.999
6.793,0,10.999
6.794,0,10.999
6.795,0,10.999
6.796,0,10.999
6.797,0,10.999
6.798,0,10.999
6.799,0,10.999
6.8,0,10.999
6.801,0,10.999
6.802,0,10.999
6.803,0,10.999
6.804,0,10.999
6.805,0,10.999
6.806,0,10.999
6.807,0,10.999
6.808,0,10.999
6.809,0,10.999
6.81,0,10.999
6.811,0,10.999
6.812,0,10.999
6.813,0,10.999
6.814,0,10.999
6.815,0,10.999
6.816,0,10.999
6.817,0,10.999
6.818,0,10.999
6.819,0,10.999
6.82,0,10.999
6.821,0,10.999
6.822,0,10.999
6.823,0,10.999
6.824,0,10.999
6.825,0,10.999
6.826,0,10.999
6.827,0,10.999
6.828,0,10.999
6.829,0,10.999
6.83,0,10.999
6.831,0,10.999
6.832,0,10.999
6.833,0,10.999
6.834,0,10.999
6.835,0,10.999
6.836,0,10.999
6.837,0,10.999
6.838,0,10.999
6.839,0,10.999
6.84,0,10.999
6.841,0,10.999
6.842,0,10.999
6.843,0,10.999
6.844,0,10.999
6.845,0,10.999
6.846,0,10.999
6.847,0,10.999
6.848,0,10.999
6.849,0,10.999
6.85,0,10.999
6.851,0,10.999
6.852,0,10.999
6.853,0,10.999
6.854,0,10.999
6.855,0,10.999
6.856,0,10.999
6.857,0,10.999
6.858,0,10.999
6.859,0,10.999
6.86,0,10.999
6.861,0,10.999
6.862,0,10.999
6.863,0,10.999
6.864,0,10.999
6.865,0,10.999
6.866,0,10.999
6.867,0,10.999
6.868,0,10.999
6.869,0,10.999
6.87,0,10.999
6.871,0,10.999
6.872,0,10.999
6.873,0,10.999
6.874,0,10.999
6.875,0,10.999
6.876,0,10.999
6.877,0,10.999
6.878,0,10.999
6.879,0,10.999
6.88,0,10.999
6.881,0,10.999
6.882,0,10.999
6.883,0,10.999
6.884,0,10.999
6.885,0,10.999
6.886,0,10.999
6.887,0,10.999
6.888,0,10.999
6.889,0,10.999
6.89,0,10.999
6.891,0,10.999
6.892,0,10.999
6.893,0,10.999
6.894,0,10.999
6.895,0,10.999
6.896,0,10.999
6.897,0,10.999
6.898,0,10.999
6.899,0,10.999
6.9,0,10.999
6.901,0,10.999
6.902,0,10.999
6.903,0,10.999
6.904,0,10.999
6.905,0,10.999
6.906,0,10.999
6.907,0,10.999
6.908,0,10.999
6.909,0,10.999
6.91,0,10.999
6.911,0,10.999
6.912,0,10.999
6.913,0,10.999
6.914,0,10.999
6.915,0,10.999
6.916,0,10.999
6.917,0,10.999
6.918,0,10.999
6.919,0,10.999
6.92,0,10.999
6.921,0,10.999
6.922,0,10.999
6.923,0,10.999
6.924,0,10.999
6.925,0,10.999
6.926,0,10.999
6.927,0,10.999
6.928,0,10.999
6.929,0,10.999
6.93,0,10.999
6.931,0,10.999
6.932,0,10.999
6.933,0,10.999
6.934,0,10.999
6.935,0,10.999
6.936,0,10.999
6.937,0,10.999
6.938,0,10.999
6.939,0,10.999
6.94,0,10.999
6.941,0,10.999
6.942,0,10.999
6.943,0,10.999
6.944,0,10.999
6.945,0,10.999
6.946,0,10.999
6.947,0,10.999
6.948,0,10.999
6.949,0,10.999
6.95,0,10.999
6.951,0,10.999
6.952,0,10.999
6.953,0,10.999
6.954,0,10.999
6.955,0,10.999
6.956,0,10.999
6.957,0,10.999
6.958,0,10.999
6.959,0,10.999
6.96,0,10.999
6.961,0,10.999
6.962,0,10.999
6.963,0,10.999
6.964,0,10.999
6.965,0,10.999
6.966,0,10.999
6.967,0,10.999
6.968,0,10.999
6.969,0,10.999
6.97,0,10.999
6.971,0,10.999
6.972,0,10.999
6.973,0,10.999
6.974,0,10.999
6.975,0,10.999
6.976,0,10.999
6.977,0,10.999
6.978,0,10.999
6.979,0,10.999
6.98,0,10.999
6.981,0,10.999
6.982,0,10.999
6.983,0,10.999
6.984,0,10.999
6.985,0,10.999
6.986,0,10.999
6.987,0,10.999
6.988,0,10.999
6.989,0,10.999
6.99,0,10.999
6.991,0,10.999
6.992,0,10.999
6.993,0,10.999
6.994,0,10.999
6.995,0,10.999
6.996,0,10.999
6.997,0,10.999
6.998,0,10.999
6.999,0,10.999
7,0,10.999
7.001,0,10.999
7.002,0,10.999
7.003,0,10.999
7.004,0,10.999
7.005,0,10.999
7.006,0,10.999
7.007,0,10.999
7.008,0,10.999
7.009,0,10.999
7.01,0,10.999
7.011,0,10.999
7.012,0,10.999
7.013,0,10.999
7.014,0,10.999
7.015,0,10.999
7.016,0,10.999
7.017,0,10.999
7.018,0,10.999
7.019,0,10.999
7.02,0,10.999
7.021,0,10.999
7.022,0,10.999
7.023,0,10.999
7.024,0,10.999
7.025,0,10.999
7.026,0,10.999
7.027,0,10.999
7.028,0,10.999
7.029,0,10.999
7.03,0,10.999
7.031,0,10.999
7.032,0,10.999
7.033,0,10.999
7.034,0,10.999
7.035,0,10.999
7.036,0,10.999
7.037,0,10.999
7.038,0,10.999
7.039,0,10.999
7.04,0,10.999
7.041,0,10.999
7.042,0,10.999
7.043,0,10.999
7.044,0,10.999
7.045,0,10.999
7.046,0,10.999
7.047,0,10.999
7.048,0,10.999
7.049,0,10.999
7.05,0,10.999
7.051,0,10.999
7.052,0,10.999
7.053,0,10.999
7.054,0,10.999
7.055,0,10.999
7.056,0,10.999
7.057,0,10.999
7.058,0,10.999
7.059,0,10.999
7.06,0,10.999
7.061,0,10.999
7.062,0,10.999
7.063,0,10.999
7.064,0,10.999
7.065,0,10.999
7.066,0,10.999
7.067,0,10.999
7.068,0,10.999
7.069,0,10.999
7.07,0,10.999
7.071,0,10.999
7.072,0,10.999
7.073,0,10.999
7.074,0,10.999
7.075,0,10.999
7.076,0,10.999
7.077,0,10.999
7.078,0,10.999
7.079,0,10.999
7.08,0,10.999
7.081,0,10.999
7.082,0,10.999
7.083,0,10.999
7.084,0,10.999
7.085,0,10.999
7.086,0,10.999
7.087,0,10.999
7.088,0,10.999
7.089,0,10.999
7.09,0,10.999
7.091,0,10.999
7.092,0,10.999
7.093,0,10.999
7.094,0,10.999
7.095,0,10.999
7.096,0,10.999
7.097,0,10.999
7.098,0,10.999
7.099,0,10.999
7.1,0,10.999
7.101,0,10.999
7.102,0,10.999
7.103,0,10.999
7.104,0,10.999
7.105,0,10.999
7.106,0,10.999
7.107,0,10.999
7.108,0,10.999
7.109,0,10.999
7.11,0,10.999
7.111,0,10.999
7.112,0,10.999
7.113,0,10.999
7.114,0,10.999
7.115,0,10.999
7.116,0,10.999
7.117,0,10.999
7.118,0,10.999
7.119,0,10.999
7.12,0,10.999
7.121,0,10.999
7.122,0,10.999
7.123,0,10.999
7.124,0,10.999
7.125,0,10.999
7.126,0,10.999
7.127,0,10.999
7.128,0,10.999
7.129,0,10.999
7.13,0,10.999
7.131,0,10.999
7.132,0,10.999
7.133,0,10.999
7.134,0,10.999
7.135,0,10.999
7.136,0,10.999
7.137,0,10.999
7.138,0,10.999
7.139,0,10.999
7.14,0,10.999
7.141,0,10.999
7.142,0,10.999
7.143,0,10.999
7.144,0,10.999
7.145,0,10.999
7.146,0,10.999
7.147,0,10.999
7.148,0,10.999
7.149,0,10.999
7.15,0,10.999
7.151,0,10.999
7.152,0,10.999
7.153,0,10.999
7.154,0,10.999
7.155,0,10.999
7.156,0,10.999
7.157,0,10.999
7.158,0,10.999
7.159,0,10.999
7.16,0,10.999
7.161,0,10.999
7.162,0,10.999
7.163,0,10.999
7.164,0,10.999
7.165,0,10.999
7.166,0,10.999
7.167,0,10.999
7.168,0,10.999
7.169,0,10.999
7.17,0,10.999
7.171,0,10.999
7.172,0,10.999
7.173,0,10.999
7.174,0,10.999
7.175,0,10.999
7.176,0,10.999
7.177,0,10.999
7.178,0,10.999
7.179,0,10.999
7.18,0,10.999
7.181,0,10.999
7.182,0,10.999
7.183,0,10.999
7.184,0,10.999
7.185,0,10.999
7.186,0,10.999
7.187,0,10.999
7.188,0,10.999
7.189,0,10.999
7.19,0,10.999
7.191,0,10.999
7.192,0,10.999
7.193,0,10.999
7.194,0,10.999
7.195,0,10.999
7.196,0,10.999
7.197,0,10.999
7.198,0,10.999
7.199,0,10.999
7.2,0,10.999
7.201,0,10.999
7.202,0,10.999
7.203,0,10.999
7.204,0,10.999
7.205,0,10.999
7.206,0,10.999
7.207,0,10.999
7.208,0,10.999
7.209,0,10.999
7.21,0,10.999
7.211,0,10.999
7.212,0,10.999
7.213,0,10.999
7.214,0,10.999
7.215,0,10.999
7.216,0,10.999
7.217,0,10.999
7.218,0,10.999
7.219,0,10.999
7.22,0,10.999
7.221,0,10.999
7.222,0,10.999
7.223,0,10.999
7.224,0,10.999
7.225,0,10.999
7.226,0,10.999
7.227,0,10.999
7.228,0,10.999
7.229,0,10.999
7.23,0,10.999
7.231,0,10.999
7.232,0,10.999
7.233,0,10.999
7.234,0,10.999
7.235,0,10.999
7.236,0,10.999
7.237,0,10.999
7.238,0,10.999
7.239,0,10.999
7.24,0,10.999
7.241,0,10.999
7.242,0,10.999
7.243,0,10.999
7.244,0,10.999
7.245,0,10.999
7.246,0,10.999
7.247,0,10.999
7.248,0,10.999
7.249,0,10.999
7.25,0,10.999
7.251,0,10.999
7.252,0,10.999
7.253,0,10.999
7.254,0,10.999
7.255,0,10.999
7.256,0,10.999
7.257,0,10.999
7.258,0,10.999
7.259,0,10.999
7.26,0,10.999
7.261,0,10.999
7.262,0,10.999
7.263,0,10.999
7.264,0,10.999
7.265,0,10.999
7.266,0,10.999
7.267,0,10.999
7.268,0,10.999
7.269,0,10.999
7.27,0,10.999
7.271,0,10.999
7.272,0,10.999
7.273,0,10.999
7.274,0,10.999
7.275,0,10.999
7.276,0,10.999
7.277,0,10.999
7.278,0,10.999
7.279,0,10.999
7.28,0,10.999
7.281,0,10.999
7.282,0,10.999
7.283,0,10.999
7.284,0,10.999
7.285,0,10.999
7.286,0,10.999
7.287,0,10.999
7.288,0,10.999
7.289,0,10.999
7.29,0,10.999
7.291,0,10.999
7.292,0,10.999
7.293,0,10.999
7.294,0,10.999
7.295,0,10.999
7.296,0,10.999
7.297,0,10.999
7.298,0,10.999
7.299,0,10.999
7.3,0,10.999
7.301,0,10.999
7.302,0,10.999
7.303,0,10.999
7.304,0,10.999
7.305,0,10.999
7.306,0,10.999
7.307,0,10.999
7.308,0,10.999
7.309,0,10.999
7.31,0,10.999
7.311,0,10.999
7.312,0,10.999
7.313,0,10.999
7.314,0,10.999
7.315,0,10.999
7.316,0,10.999
7.317,0,10.999
7.318,0,10.999
7.319,0,10.999
7.32,0,10.999
7.321,0,10.999
7.322,0,10.999
7.323,0,10.999
7.324,0,10.999
7.325,0,10.999
7.326,0,10.999
7.327,0,10.999
7.328,0,10.999
7.329,0,10.999
7.33,0,10.999
7.331,0,10.999
7.332,0,10.999
7.333,0,10.999
7.334,0,10.999
7.335,0,10.999
7.336,0,10.999
7.337,0,10.999
7.338,0,10.999
7.339,0,10.999
7.34,0,10.999
7.341,0,10.999
7.342,0,10.999
7.343,0,10.999
7.344,0,10.999
7.345,0,10.999
7.346,0,10.999
7.347,0,10.999
7.348,0,10.999
7.349,0,10.999
7.35,0,10.999
7.351,0,10.999
7.352,0,10.999
7.353,0,10.999
7.354,0,10.999
7.355,0,10.999
7.356,0,10.999
7.357,0,10.999
7.358,0,10.999
7.359,0,10.999
7.36,0,10.999
7.361,0,10.999
7.362,0,10.999
7.363,0,10.999
7.364,0,10.999
7.365,0,10.999
7.366,0,10.999
7.367,0,10.999
7.368,0,10.999
7.369,0,10.999
7.37,0,10.999
7.371,0,10.999
7.372,0,10.999
7.373,0,10.999
7.374,0,10.999
7.375,0,10.999
7.376,0,10.999
7.377,0,10.999
7.378,0,10.999
7.379,0,10.999
7.38,0,10.999
7.381,0,10.999
7.382,0,10.999
7.383,0,10.999
7.384,0,10.999
7.385,0,10.999
7.386,0,10.999
7.387,0,10.999
7.388,0,10.999
7.389,0,10.999
7.39,0,10.999
7.391,0,10.999
7.392,0,10.999
7.393,0,10.999
7.394,0,10.999
7.395,0,10.999
7.396,0,10.999
7.397,0,10.999
7.398,0,10.999
7.399,0,10.999
7.4,0,10.999
7.401,0,10.999
7.402,0,10.999
7.403,0,10.999
7.404,0,10.999
7.405,0,10.999
7.406,0,10.999
7.407,0,10.999
7.408,0,10.999
7.409,0,10.999
7.41,0,10.999
7.411,0,10.999
7.412,0,10.999
7.413,0,10.999
7.414,0,10.999
7.415,0,10.999
7.416,0,10.999
7.417,0,10.999
7.418,0,10.999
7.419,0,10.999
7.42,0,10.999
7.421,0,10.999
7.422,0,10.999
7.423,0,10.999
7.424,0,10.999
7.425,0,10.999
7.426,0,10.999
7.427,0,10.999
7.428,0,10.999
7.429,0,10.999
7.43,0,10.999
7.431,0,10.999
7.432,0,10.999
7.433,0,10.999
7.434,0,10.999
7.435,0,10.999
7.436,0,10.999
7.437,0,10.999
7.438,0,10.999
7.439,0,10.999
7.44,0,10.999
7.441,0,10.999
7.442,0,10.999
7.443,0,10.999
7.444,0,10.999
7.445,0,10.999
7.446,0,10.999
7.447,0,10.999
7.448,0,10.999
7.449,0,10.999
7.45,0,10.999
7.451,0,10.999
7.452,0,10.999
7.453,0,10.999
7.454,0,10.999
7.455,0,10.999
7.456,0,10.999
7.457,0,10.999
7.458,0,10.999
7.459,0,10.999
7.46,0,10.999
7.461,0,10.999
7.462,0,10.999
7.463,0,10.999
7.464,0,10.999
7.465,0,10.999
7.466,0,10.999
7.467,0,10.999
7.468,0,10.999
7.469,0,10.999
7.47,0,10.999
7.471,0,10.999
7.472,0,10.999
7.473,0,10.999
7.474,0,10.999
7.475,0,10.999
7.476,0,10.999
7.477,0,10.999
7.478,0,10.999
7.479,0,10.999
7.48,0,10.999
7.481,0,10.999
7.482,0,10.999
7.483,0,10.999
7.484,0,10.999
7.485,0,10.999
7.486,0,10.999
7.487,0,10.999
7.488,0,10.999
7.489,0,10.999
7.49,0,10.999
7.491,0,10.999
7.492,0,10.999
7.493,0,10.999
7.494,0,10.999
7.495,0,10.999
7.496,0,10.999
7.497,0,10.999
7.498,0,10.999
7.499,0,10.999
7.5,0,10.999
7.501,0,10.999
7.502,0,10.999
7.503,0,10.999
7.504,0,10.999
7.505,0,10.999
7.506,0,10.999
7.507,0,10.999
7.508,0,10.999
7.509,0,10.999
7.51,0,10.999
7.511,0,10.999
7.512,0,10.999
7.513,0,10.999
7.514,0,10.999
7.515,0,10.999
7.516,0,10.999
7.517,0,10.999
7.518,0,10.999
7.519,0,10.999
7.52,0,10.999
7.521,0,10.999
7.522,0,10.999
7.523,0,10.999
7.524,0,10.999
7.525,0,10.999
7.526,0,10.999
7.527,0,10.999
7.528,0,10.999
7.529,0,10.999
7.53,0,10.999
7.531,0,10.999
7.532,0,10.999
7.533,0,10.999
7.534,0,10.999
7.535,0,10.999
7.536,0,10.999
7.537,0,10.999
7.538,0,10.999
7.539,0,10.999
7.54,0,10.999
7.541,0,10.999
7.542,0,10.999
7.543,0,10.999
7.544,0,10.999
7.545,0,10.999
7.546,0,10.999
7.547,0,10.999
7.548,0,10.999
7.549,0,10.999
7.55,0,10.999
7.551,0,10.999
7.552,0,10.999
7.553,0,10.999
7.554,0,10.999
7.555,0,10.999
7.556,0,10.999
7.557,0,10.999
7.558,0,10.999
7.559,0,10.999
7.56,0,10.999
7.561,0,10.999
7.562,0,10.999
7.563,0,10.999
7.564,0,10.999
7.565,0,10.999
7.566,0,10.999
7.567,0,10.999
7.568,0,10.999
7.569,0,10.999
7.57,0,10.999
7.571,0,10.999
7.572,0,10.999
7.573,0,10.999
7.574,0,10.999
7.575,0,10.999
7.576,0,10.999
7.577,0,10.999
7.578,0,10.999
7.579,0,10.999
7.58,0,10.999
7.581,0,10.999
7.582,0,10.999
7.583,0,10.999
7.584,0,10.999
7.585,0,10.999
7.586,0,10.999
7.587,0,10.999
7.588,0,10.999
7.589,0,10.999
7.59,0,10.999
7.591,0,10.999
7.592,0,10.999
7.593,0,10.999
7.594,0,10.999
7.595,0,10.999
7.596,0,10.999
7.597,0,10.999
7.598,0,10.999
7.599,0,10.999
7.6,0,10.999
7.601,0,10.999
7.602,0,10.999
7.603,0,10.999
7.604,0,10.999
7.605,0,10.999
7.606,0,10.999
7.607,0,10.999
7.608,0,10.999
7.609,0,10.999
7.61,0,10.999
7.611,0,10.999
7.612,0,10.999
7.613,0,10.999
7.614,0,10.999
7.615,0,10.999
7.616,0,10.999
7.617,0,10.999
7.618,0,10.999
7.619,0,10.999
7.62,0,10.999
7.621,0,10.999
7.622,0,10.999
7.623,0,10.999
7.624,0,10.999
7.625,0,10.999
7.626,0,10.999
7.627,0,10.999
7.628,0,10.999
7.629,0,10.999
7.63,0,10.999
7.631,0,10.999
7.632,0,10.999
7.633,0,10.999
7.634,0,10.999
7.635,0,10.999
7.636,0,10.999
7.637,0,10.999
7.638,0,10.999
7.639,0,10.999
7.64,0,10.999
7.641,0,10.999
7.642,0,10.999
7.643,0,10.999
7.644,0,10.999
7.645,0,10.999
7.646,0,10.999
7.647,0,10.999
7.648,0,10.999
7.649,0,10.999
7.65,0,10.999
7.651,0,10.999
7.652,0,10.999
7.653,0,10.999
7.654,0,10.999
7.655,0,10.999
7.656,0,10.999
7.657,0,10.999
7.658,0,10.999
7.659,0,10.999
7.66,0,10.999
7.661,0,10.999
7.662,0,10.999
7.663,0,10.999
7.664,0,10.999
7.665,0,10.999
7.666,0,10.999
7.667,0,10.999
7.668,0,10.999
7.669,0,10.999
7.67,0,10.999
7.671,0,10.999
7.672,0,10.999
7.673,0,10.999
7.674,0,10.999
7.675,0,10.999
7.676,0,10.999
7.677,0,10.999
7.678,0,10.999
7.679,0,10.999
7.68,0,10.999
7.681,0,10.999
7.682,0,10.999
7.683,0,10.999
7.684,0,10.999
7.685,0,10.999
7.686,0,10.999
7.687,0,10.999
7.688,0,10.999
7.689,0,10.999
7.69,0,10.999
7.691,0,10.999
7.692,0,10.999
7.693,0,10.999
7.694,0,10.999
7.695,0,10.999
7.696,0,10.999
7.697,0,10.999
7.698,0,10.999
7.699,0,10.999
7.7,0,10.999
7.701,0,10.999
7.702,0,10.999
7.703,0,10.999
7.704,0,10.999
7.705,0,10.999
7.706,0,10.999
7.707,0,10.999
7.708,0,10.999
7.709,0,10.999
7.71,0,10.999
7.711,0,10.999
7.712,0,10.999
7.713,0,10.999
7.714,0,10.999
7.715,0,10.999
7.716,0,10.999
7.717,0,10.999
7.718,0,10.999
7.719,0,10.999
7.72,0,10.999
7.721,0,10.999
7.722,0,10.999
7.723,0,10.999
7.724,0,10.999
7.725,0,10.999
7.726,0,10.999
7.727,0,10.999
7.728,0,10.999
7.729,0,10.999
7.73,0,10.999
7.731,0,10.999
7.732,0,10.999
7.733,0,10.999
7.734,0,10.999
7.735,0,10.999
7.736,0,10.999
7.737,0,10.999
7.738,0,10.999
7.739,0,10.999
7.74,0,10.999
7.741,0,10.999
7.742,0,10.999
7.743,0,10.999
7.744,0,10.999
7.745,0,10.999
7.746,0,10.999
7.747,0,10.999
7.748,0,10.999
7.749,0,10.999
7.75,0,10.999
7.751,0,10.999
7.752,0,10.999
7.753,0,10.999
7.754,0,10.999
7.755,0,10.999
7.756,0,10.999
7.757,0,10.999
7.758,0,10.999
7.759,0,10.999
7.76,0,10.999
7.761,0,10.999
7.762,0,10.999
7.763,0,10.999
7.764,0,10.999
7.765,0,10.999
7.766,0,10.999
7.767,0,10.999
7.768,0,10.999
7.769,0,10.999
7.77,0,10.999
7.771,0,10.999
7.772,0,10.999
7.773,0,10.999
7.774,0,10.999
7.775,0,10.999
7.776,0,10.999
7.777,0,10.999
7.778,0,10.999
7.779,0,10.999
7.78,0,10.999
7.781,0,10.999
7.782,0,10.999
7.783,0,10.999
7.784,0,10.999
7.785,0,10.999
7.786,0,10.999
7.787,0,10.999
7.788,0,10.999
7.789,0,10.999
7.79,0,10.999
7.791,0,10.999
7.792,0,10.999
7.793,0,10.999
7.794,0,10.999
7.795,0,10.999
7.796,0,10.999
7.797,0,10.999
7.798,0,10.999
7.799,0,10.999
7.8,0,10.999
7.801,0,10.999
7.802,0,10.999
7.803,0,10.999
7.804,0,10.999
7.805,0,10.999
7.806,0,10.999
7.807,0,10.999
7.808,0,10.999
7.809,0,10.999
7.81,0,10.999
7.811,0,10.999
7.812,0,10.999
7.813,0,10.999
7.814,0,10.999
7.815,0,10.999
7.816,0,10.999
7.817,0,10.999
7.818,0,10.999
7.819,0,10.999
7.82,0,10.999
7.821,0,10.999
7.822,0,10.999
7.823,0,10.999
7.824,0,10.999
7.825,0,10.999
7.826,0,10.999
7.827,0,10.999
7.828,0,10.999
7.829,0,10.999
7.83,0,10.999
7.831,0,10.999
7.832,0,10.999
7.833,0,10.999
7.834,0,10.999
7.835,0,10.999
7.836,0,10.999
7.837,0,10.999
7.838,0,10.999
7.839,0,10.999
7.84,0,10.999
7.841,0,10.999
7.842,0,10.999
7.843,0,10.999
7.844,0,10.999
7.845,0,10.999
7.846,0,10.999
7.847,0,10.999
7.848,0,10.999
7.849,0,10.999
7.85,0,10.999
7.851,0,10.999
7.852,0,10.999
7.853,0,10.999
7.854,0,10.999
7.855,0,10.999
7.856,0,10.999
7.857,0,10.999
7.858,0,10.999
7.859,0,10.999
7.86,0,10.999
7.861,0,10.999
7.862,0,10.999
7.863,0,10.999
7.864,0,10.999
7.865,0,10.999
7.866,0,10.999
7.867,0,10.999
7.868,0,10.999
7.869,0,10.999
7.87,0,10.999
7.871,0,10.999
7.872,0,10.999
7.873,0,10.999
7.874,0,10.999
7.875,0,10.999
7.876,0,10.999
7.877,0,10.999
7.878,0,10.999
7.879,0,10.999
7.88,0,10.999
7.881,0,10.999
7.882,0,10.999
7.883,0,10.999
7.884,0,10.999
7.885,0,10.999
7.886,0,10.999
7.887,0,10.999
7.888,0,10.999
7.889,0,10.999
7.89,0,10.999
7.891,0,10.999
7.892,0,10.999
7.893,0,10.999
7.894,0,10.999
7.895,0,10.999
7.896,0,10.999
7.897,0,10.999
7.898,0,10.999
7.899,0,10.999
7.9,0,10.999
7.901,0,10.999
7.902,0,10.999
7.903,0,10.999
7.904,0,10.999
7.905,0,10.999
7.906,0,10.999
7.907,0,10.999
7.908,0,10.999
7.909,0,10.999
7.91,0,10.999
7.911,0,10.999
7.912,0,10.999
7.913,0,10.999
7.914,0,10.999
7.915,0,10.999
7.916,0,10.999
7.917,0,10.999
7.918,0,10.999
7.919,0,10.999
7.92,0,10.999
7.921,0,10.999
7.922,0,10.999
7.923,0,10.999
7.924,0,10.999
7.925,0,10.999
7.926,0,10.999
7.927,0,10.999
7.928,0,10.999
7.929,0,10.999
7.93,0,10.999
7.931,0,10.999
7.932,0,10.999
7.933,0,10.999
7.934,0,10.999
7.935,0,10.999
7.936,0,10.999
7.937,0,10.999
7.938,0,10.999
7.939,0,10.999
7.94,0,10.999
7.941,0,10.999
7.942,0,10.999
7.943,0,10.999
7.944,0,10.999
7.945,0,10.999
7.946,0,10.999
7.947,0,10.999
7.948,0,10.999
7.949,0,10.999
7.95,0,10.999
7.951,0,10.999
7.952,0,10.999
7.953,0,10.999
7.954,0,10.999
7.955,0,10.999
7.956,0,10.999
7.957,0,10.999
7.958,0,10.999
7.959,0,10.999
7.96,0,10.999
7.961,0,10.999
7.962,0,10.999
7.963,0,10.999
7.964,0,10.999
7.965,0,10.999
7.966,0,10.999
7.967,0,10.999
7.968,0,10.999
7.969,0,10.999
7.97,0,10.999
7.971,0,10.999
7.972,0,10.999
7.973,0,10.999
7.974,0,10.999
7.975,0,10.999
7.976,0,10.999
7.977,0,10.999
7.978,0,10.999
7.979,0,10.999
7.98,0,10.999
7.981,0,10.999
7.982,0,10.999
7.983,0,10.999
7.984,0,10.999
7.985,0,10.999
7.986,0,10.999
7.987,0,10.999
7.988,0,10.999
7.989,0,10.999
7.99,0,10.999
7.991,0,10.999
7.992,0,10.999
7.993,0,10.999
7.994,0,10.999
7.995,0,10.999
7.996,0,10.999
7.997,0,10.999
7.998,0,10.999
7.999,0,10.999
8,0,10.999
8.001,0,10.999
8.002,0,10.999
8.003,0,10.999
8.004,0,10.999
8.005,0,10.999
8.006,0,10.999
8.007,0,10.999
8.008,0,10.999
8.009,0,10.999
8.01,0,10.999
8.011,0,10.999
8.012,0,10.999
8.013,0,10.999
8.014,0,10.999
8.015,0,10.999
8.016,0,10.999
8.017,0,10.999
8.018,0,10.999
8.019,0,10.999
8.02,0,10.999
8.021,0,10.999
8.022,0,10.999
8.023,0,10.999
8.024,0,10.999
8.025,0,10.999
8.026,0,10.999
8.027,0,10.999
8.028,0,10.999
8.029,0,10.999
8.03,0,10.999
8.031,0,10.999
8.032,0,10.999
8.033,0,10.999
8.034,0,10.999
8.035,0,10.999
8.036,0,10.999
8.037,0,10.999
8.038,0,10.999
8.039,0,10.999
8.04,0,10.999
8.041,0,10.999
8.042,0,10.999
8.043,0,10.999
8.044,0,10.999
8.045,0,10.999
8.046,0,10.999
8.047,0,10.999
8.048,0,10.999
8.049,0,10.999
8.05,0,10.999
8.051,0,10.999
8.052,0,10.999
8.053,0,10.999
8.054,0,10.999
8.055,0,10.999
8.056,0,10.999
8.057,0,10.999
8.058,0,10.999
8.059,0,10.999
8.06,0,10.999
8.061,0,10.999
8.062,0,10.999
8.063,0,10.999
8.064,0,10.999
8.065,0,10.999
8.066,0,10.999
8.067,0,10.999
8.068,0,10.999
8.069,0,10.999
8.07,0,10.999
8.071,0,10.999
8.072,0,10.999
8.073,0,10.999
8.074,0,10.999
8.075,0,10.999
8.076,0,10.999
8.077,0,10.999
8.078,0,10.999
8.079,0,10.999
8.08,0,10.999
8.081,0,10.999
8.082,0,10.999
8.083,0,10.999
8.084,0,10.999
8.085,0,10.999
8.086,0,10.999
8.087,0,10.999
8.088,0,10.999
8.089,0,10.999
8.09,0,10.999
8.091,0,10.999
8.092,0,10.999
8.093,0,10.999
8.094,0,10.999
8.095,0,10.999
8.096,0,10.999
8.097,0,10.999
8.098,0,10.999
8.099,0,10.999
8.1,0,10.999
8.101,0,10.999
8.102,0,10.999
8.103,0,10.999
8.104,0,10.999
8.105,0,10.999
8.106,0,10.999
8.107,0,10.999
8.108,0,10.999
8.109,0,10.999
8.11,0,10.999
8.111,0,10.999
8.112,0,10.999
8.113,0,10.999
8.114,0,10.999
8.115,0,10.999
8.116,0,10.999
8.117,0,10.999
8.118,0,10.999
8.119,0,10.999
8.12,0,10.999
8.121,0,10.999
8.122,0,10.999
8.123,0,10.999
8.124,0,10.999
8.125,0,10.999
8.126,0,10.999
8.127,0,10.999
8.128,0,10.999
8.129,0,10.999
8.13,0,10.999
8.131,0,10.999
8.132,0,10.999
8.133,0,10.999
8.134,0,10.999
8.135,0,10.999
8.136,0,10.999
8.137,0,10.999
8.138,0,10.999
8.139,0,10.999
8.14,0,10.999
8.141,0,10.999
8.142,0,10.999
8.143,0,10.999
8.144,0,10.999
8.145,0,10.999
8.146,0,10.999
8.147,0,10.999
8.148,0,10.999
8.149,0,10.999
8.15,0,10.999
8.151,0,10.999
8.152,0,10.999
8.153,0,10.999
8.154,0,10.999
8.155,0,10.999
8.156,0,10.999
8.157,0,10.999
8.158,0,10.999
8.159,0,10.999
8.16,0,10.999
8.161,0,10.999
8.162,0,10.999
8.163,0,10.999
8.164,0,10.999
8.165,0,10.999
8.166,0,10.999
8.167,0,10.999
8.168,0,10.999
8.169,0,10.999
8.17,0,10.999
8.171,0,10.999
8.172,0,10.999
8.173,0,10.999
8.174,0,10.999
8.175,0,10.999
8.176,0,10.999
8.177,0,10.999
8.178,0,10.999
8.179,0,10.999
8.18,0,10.999
8.181,0,10.999
8.182,0,10.999
8.183,0,10.999
8.184,0,10.999
8.185,0,10.999
8.186,0,10.999
8.187,0,10.999
8.188,0,10.999
8.189,0,10.999
8.19,0,10.999
8.191,0,10.999
8.192,0,10.999
8.193,0,10.999
8.194,0,10.999
8.195,0,10.999
8.196,0,10.999
8.197,0,10.999
8.198,0,10.999
8.199,0,10.999
8.2,0,10.999
8.201,0,10.999
8.202,0,10.999
8.203,0,10.999
8.204,0,10.999
8.205,0,10.999
8.206,0,10.999
8.207,0,10.999
8.208,0,10.999
8.209,0,10.999
8.21,0,10.999
8.211,0,10.999
8.212,0,10.999
8.213,0,10.999
8.214,0,10.999
8.215,0,10.999
8.216,0,10.999
8.217,0,10.999
8.218,0,10.999
8.219,0,10.999
8.22,0,10.999
8.221,0,10.999
8.222,0,10.999
8.223,0,10.999
8.224,0,10.999
8.225,0,10.999
8.226,0,10.999
8.227,0,10.999
8.228,0,10.999
8.229,0,10.999
8.23,0,10.999
8.231,0,10.999
8.232,0,10.999
8.233,0,10.999
8.234,0,10.999
8.235,0,10.999
8.236,0,10.999
8.237,0,10.999
8.238,0,10.999
8.239,0,10.999
8.24,0,10.999
8.241,0,10.999
8.242,0,10.999
8.243,0,10.999
8.244,0,10.999
8.245,0,10.999
8.246,0,10.999
8.247,0,10.999
8.248,0,10.999
8.249,0,10.999
8.25,0,10.999
8.251,0,10.999
8.252,0,10.999
8.253,0,10.999
8.254,0,10.999
8.255,0,10.999
8.256,0,10.999
8.257,0,10.999
8.258,0,10.999
8.259,0,10.999
8.26,0,10.999
8.261,0,10.999
8.262,0,10.999
8.263,0,10.999
8.264,0,10.999
8.265,0,10.999
8.266,0,10.999
8.267,0,10.999
8.268,0,10.999
8.269,0,10.999
8.27,0,10.999
8.271,0,10.999
8.272,0,10.999
8.273,0,10.999
8.274,0,10.999
8.275,0,10.999
8.276,0,10.999
8.277,0,10.999
8.278,0,10.999
8.279,0,10.999
8.28,0,10.999
8.281,0,10.999
8.282,0,10.999
8.283,0,10.999
8.284,0,10.999
8.285,0,10.999
8.286,0,10.999
8.287,0,10.999
8.288,0,10.999
8.289,0,10.999
8.29,0,10.999
8.291,0,10.999
8.292,0,10.999
8.293,0,10.999
8.294,0,10.999
8.295,0,10.999
8.296,0,10.999
8.297,0,10.999
8.298,0,10.999
8.299,0,10.999
8.3,0,10.999
8.301,0,10.999
8.302,0,10.999
8.303,0,10.999
8.304,0,10.999
8.305,0,10.999
8.306,0,10.999
8.307,0,10.999
8.308,0,10.999
8.309,0,10.999
8.31,0,10.999
8.311,0,10.999
8.312,0,10.999
8.313,0,10.999
8.314,0,10.999
8.315,0,10.999
8.316,0,10.999
8.317,0,10.999
8.318,0,10.999
8.319,0,10.999
8.32,0,10.999
8.321,0,10.999
8.322,0,10.999
8.323,0,10.999
8.324,0,10.999
8.325,0,10.999
8.326,0,10.999
8.327,0,10.999
8.328,0,10.999
8.329,0,10.999
8.33,0,10.999
8.331,0,10.999
8.332,0,10.999
8.333,0,10.999
8.334,0,10.999
8.335,0,10.999
8.336,0,10.999
8.337,0,10.999
8.338,0,10.999
8.339,0,10.999
8.34,0,10.999
8.341,0,10.999
8.342,0,10.999
8.343,0,10.999
8.344,0,10.999
8.345,0,10.999
8.346,0,10.999
8.347,0,10.999
8.348,0,10.999
8.349,0,10.999
8.35,0,10.999
8.351,0,10.999
8.352,0,10.999
8.353,0,10.999
8.354,0,10.999
8.355,0,10.999
8.356,0,10.999
8.357,0,10.999
8.358,0,10.999
8.359,0,10.999
8.36,0,10.999
8.361,0,10.999
8.362,0,10.999
8.363,0,10.999
8.364,0,10.999
8.365,0,10.999
8.366,0,10.999
8.367,0,10.999
8.368,0,10.999
8.369,0,10.999
8.37,0,10.999
8.371,0,10.999
8.372,0,10.999
8.373,0,10.999
8.374,0,10.999
8.375,0,10.999
8.376,0,10.999
8.377,0,10.999
8.378,0,10.999
8.379,0,10.999
8.38,0,10.999
8.381,0,10.999
8.382,0,10.999
8.383,0,10.999
8.384,0,10.999
8.385,0,10.999
8.386,0,10.999
8.387,0,10.999
8.388,0,10.999
8.389,0,10.999
8.39,0,10.999
8.391,0,10.999
8.392,0,10.999
8.393,0,10.999
8.394,0,10.999
8.395,0,10.999
8.396,0,10.999
8.397,0,10.999
8.398,0,10.999
8.399,0,10.999
8.4,0,10.999
8.401,0,10.999
8.402,0,10.999
8.403,0,10.999
8.404,0,10.999
8.405,0,10.999
8.406,0,10.999
8.407,0,10.999
8.408,0,10.999
8.409,0,10.999
8.41,0,10.999
8.411,0,10.999
8.412,0,10.999
8.413,0,10.999
8.414,0,10.999
8.415,0,10.999
8.416,0,10.999
8.417,0,10.999
8.418,0,10.999
8.419,0,10.999
8.42,0,10.999
8.421,0,10.999
8.422,0,10.999
8.423,0,10.999
8.424,0,10.999
8.425,0,10.999
8.426,0,10.999
8.427,0,10.999
8.428,0,10.999
8.429,0,10.999
8.43,0,10.999
8.431,0,10.999
8.432,0,10.999
8.433,0,10.999
8.434,0,10.999
8.435,0,10.999
8.436,0,10.999
8.437,0,10.999
8.438,0,10.999
8.439,0,10.999
8.44,0,10.999
8.441,0,10.999
8.442,0,10.999
8.443,0,10.999
8.444,0,10.999
8.445,0,10.999
8.446,0,10.999
8.447,0,10.999
8.448,0,10.999
8.449,0,10.999
8.45,0,10.999
8.451,0,10.999
8.452,0,10.999
8.453,0,10.999
8.454,0,10.999
8.455,0,10.999
8.456,0,10.999
8.457,0,10.999
8.458,0,10.999
8.459,0,10.999
8.46,0,10.999
8.461,0,10.999
8.462,0,10.999
8.463,0,10.999
8.464,0,10.999
8.465,0,10.999
8.466,0,10.999
8.467,0,10.999
8.468,0,10.999
8.469,0,10.999
8.47,0,10.999
8.471,0,10.999
8.472,0,10.999
8.473,0,10.999
8.474,0,10.999
8.475,0,10.999
8.476,0,10.999
8.477,0,10.999
8.478,0,10.999
8.479,0,10.999
8.48,0,10.999
8.481,0,10.999
8.482,0,10.999
8.483,0,10.999
8.484,0,10.999
8.485,0,10.999
8.486,0,10.999
8.487,0,10.999
8.488,0,10.999
8.489,0,10.999
8.49,0,10.999
8.491,0,10.999
8.492,0,10.999
8.493,0,10.999
8.494,0,10.999
8.495,0,10.999
8.496,0,10.999
8.497,0,10.999
8.498,0,10.999
8.499,0,10.999
8.5,0,10.999
8.501,0,10.999
8.502,0,10.999
8.503,0,10.999
8.504,0,10.999
8.505,0,10.999
8.506,0,10.999
8.507,0,10.999
8.508,0,10.999
8.509,0,10.999
8.51,0,10.999
8.511,0,10.999
8.512,0,10.999
8.513,0,10.999
8.514,0,10.999
8.515,0,10.999
8.516,0,10.999
8.517,0,10.999
8.518,0,10.999
8.519,0,10.999
8.52,0,10.999
8.521,0,10.999
8.522,0,10.999
8.523,0,10.999
8.524,0,10.999
8.525,0,10.999
8.526,0,10.999
8.527,0,10.999
8.528,0,10.999
8.529,0,10.999
8.53,0,10.999
8.531,0,10.999
8.532,0,10.999
8.533,0,10.999
8.534,0,10.999
8.535,0,10.999
8.536,0,10.999
8.537,0,10.999
8.538,0,10.999
8.539,0,10.999
8.54,0,10.999
8.541,0,10.999
8.542,0,10.999
8.543,0,10.999
8.544,0,10.999
8.545,0,10.999
8.546,0,10.999
8.547,0,10.999
8.548,0,10.999
8.549,0,10.999
8.55,0,10.999
8.551,0,10.999
8.552,0,10.999
8.553,0,10.999
8.554,0,10.999
8.555,0,10.999
8.556,0,10.999
8.557,0,10.999
8.558,0,10.999
8.559,0,10.999
8.56,0,10.999
8.561,0,10.999
8.562,0,10.999
8.563,0,10.999
8.564,0,10.999
8.565,0,10.999
8.566,0,10.999
8.567,0,10.999
8.568,0,10.999
8.569,0,10.999
8.57,0,10.999
8.571,0,10.999
8.572,0,10.999
8.573,0,10.999
8.574,0,10.999
8.575,0,10.999
8.576,0,10.999
8.577,0,10.999
8.578,0,10.999
8.579,0,10.999
8.58,0,10.999
8.581,0,10.999
8.582,0,10.999
8.583,0,10.999
8.584,0,10.999
8.585,0,10.999
8.586,0,10.999
8.587,0,10.999
8.588,0,10.999
8.589,0,10.999
8.59,0,10.999
8.591,0,10.999
8.592,0,10.999
8.593,0,10.999
8.594,0,10.999
8.595,0,10.999
8.596,0,10.999
8.597,0,10.999
8.598,0,10.999
8.599,0,10.999
8.6,0,10.999
8.601,0,10.999
8.602,0,10.999
8.603,0,10.999
8.604,0,10.999
8.605,0,10.999
8.606,0,10.999
8.607,0,10.999
8.608,0,10.999
8.609,0,10.999
8.61,0,10.999
8.611,0,10.999
8.612,0,10.999
8.613,0,10.999
8.614,0,10.999
8.615,0,10.999
8.616,0,10.999
8.617,0,10.999
8.618,0,10.999
8.619,0,10.999
8.62,0,10.999
8.621,0,10.999
8.622,0,10.999
8.623,0,10.999
8.624,0,10.999
8.625,0,10.999
8.626,0,10.999
8.627,0,10.999
8.628,0,10.999
8.629,0,10.999
8.63,0,10.999
8.631,0,10.999
8.632,0,10.999
8.633,0,10.999
8.634,0,10.999
8.635,0,10.999
8.636,0,10.999
8.637,0,10.999
8.638,0,10.999
8.639,0,10.999
8.64,0,10.999
8.641,0,10.999
8.642,0,10.999
8.643,0,10.999
8.644,0,10.999
8.645,0,10.999
8.646,0,10.999
8.647,0,10.999
8.648,0,10.999
8.649,0,10.999
8.65,0,10.999
8.651,0,10.999
8.652,0,10.999
8.653,0,10.999
8.654,0,10.999
8.655,0,10.999
8.656,0,10.999
8.657,0,10.999
8.658,0,10.999
8.659,0,10.999
8.66,0,10.999
8.661,0,10.999
8.662,0,10.999
8.663,0,10.999
8.664,0,10.999
8.665,0,10.999
8.666,0,10.999
8.667,0,10.999
8.668,0,10.999
8.669,0,10.999
8.67,0,10.999
8.671,0,10.999
8.672,0,10.999
8.673,0,10.999
8.674,0,10.999
8.675,0,10.999
8.676,0,10.999
8.677,0,10.999
8.678,0,10.999
8.679,0,10.999
8.68,0,10.999
8.681,0,10.999
8.682,0,10.999
8.683,0,10.999
8.684,0,10.999
8.685,0,10.999
8.686,0,10.999
8.687,0,10.999
8.688,0,10.999
8.689,0,10.999
8.69,0,10.999
8.691,0,10.999
8.692,0,10.999
8.693,0,10.999
8.694,0,10.999
8.695,0,10.999
8.696,0,10.999
8.697,0,10.999
8.698,0,10.999
8.699,0,10.999
8.7,0,10.999
8.701,0,10.999
8.702,0,10.999
8.703,0,10.999
8.704,0,10.999
8.705,0,10.999
8.706,0,10.999
8.707,0,10.999
8.708,0,10.999
8.709,0,10.999
8.71,0,10.999
8.711,0,10.999
8.712,0,10.999
8.713,0,10.999
8.714,0,10.999
8.715,0,10.999
8.716,0,10.999
8.717,0,10.999
8.718,0,10.999
8.719,0,10.999
8.72,0,10.999
8.721,0,10.999
8.722,0,10.999
8.723,0,10.999
8.724,0,10.999
8.725,0,10.999
8.726,0,10.999
8.727,0,10.999
8.728,0,10.999
8.729,0,10.999
8.73,0,10.999
8.731,0,10.999
8.732,0,10.999
8.733,0,10.999
8.734,0,10.999
8.735,0,10.999
8.736,0,10.999
8.737,0,10.999
8.738,0,10.999
8.739,0,10.999
8.74,0,10.999
8.741,0,10.999
8.742,0,10.999
8.743,0,10.999
8.744,0,10.999
8.745,0,10.999
8.746,0,10.999
8.747,0,10.999
8.748,0,10.999
8.749,0,10.999
8.75,0,10.999
8.751,0,10.999
8.752,0,10.999
8.753,0,10.999
8.754,0,10.999
8.755,0,10.999
8.756,0,10.999
8.757,0,10.999
8.758,0,10.999
8.759,0,10.999
8.76,0,10.999
8.761,0,10.999
8.762,0,10.999
8.763,0,10.999
8.764,0,10.999
8.765,0,10.999
8.766,0,10.999
8.767,0,10.999
8.768,0,10.999
8.769,0,10.999
8.77,0,10.999
8.771,0,10.999
8.772,0,10.999
8.773,0,10.999
8.774,0,10.999
8.775,0,10.999
8.776,0,10.999
8.777,0,10.999
8.778,0,10.999
8.779,0,10.999
8.78,0,10.999
8.781,0,10.999
8.782,0,10.999
8.783,0,10.999
8.784,0,10.999
8.785,0,10.999
8.786,0,10.999
8.787,0,10.999
8.788,0,10.999
8.789,0,10.999
8.79,0,10.999
8.791,0,10.999
8.792,0,10.999
8.793,0,10.999
8.794,0,10.999
8.795,0,10.999
8.796,0,10.999
8.797,0,10.999
8.798,0,10.999
8.799,0,10.999
8.8,0,10.999
8.801,0,10.999
8.802,0,10.999
8.803,0,10.999
8.804,0,10.999
8.805,0,10.999
8.806,0,10.999
8.807,0,10.999
8.808,0,10.999
8.809,0,10.999
8.81,0,10.999
8.811,0,10.999
8.812,0,10.999
8.813,0,10.999
8.814,0,10.999
8.815,0,10.999
8.816,0,10.999
8.817,0,10.999
8.818,0,10.999
8.819,0,10.999
8.82,0,10.999
8.821,0,10.999
8.822,0,10.999
8.823,0,10.999
8.824,0,10.999
8.825,0,10.999
8.826,0,10.999
8.827,0,10.999
8.828,0,10.999
8.829,0,10.999
8.83,0,10.999
8.831,0,10.999
8.832,0,10.999
8.833,0,10.999
8.834,0,10.999
8.835,0,10.999
8.836,0,10.999
8.837,0,10.999
8.838,0,10.999
8.839,0,10.999
8.84,0,10.999
8.841,0,10.999
8.842,0,10.999
8.843,0,10.999
8.844,0,10.999
8.845,0,10.999
8.846,0,10.999
8.847,0,10.999
8.848,0,10.999
8.849,0,10.999
8.85,0,10.999
8.851,0,10.999
8.852,0,10.999
8.853,0,10.999
8.854,0,10.999
8.855,0,10.999
8.856,0,10.999
8.857,0,10.999
8.858,0,10.999
8.859,0,10.999
8.86,0,10.999
8.861,0,10.999
8.862,0,10.999
8.863,0,10.999
8.864,0,10.999
8.865,0,10.999
8.866,0,10.999
8.867,0,10.999
8.868,0,10.999
8.869,0,10.999
8.87,0,10.999
8.871,0,10.999
8.872,0,10.999
8.873,0,10.999
8.874,0,10.999
8.875,0,10.999
8.876,0,10.999
8.877,0,10.999
8.878,0,10.999
8.879,0,10.999
8.88,0,10.999
8.881,0,10.999
8.882,0,10.999
8.883,0,10.999
8.884,0,10.999
8.885,0,10.999
8.886,0,10.999
8.887,0,10.999
8.888,0,10.999
8.889,0,10.999
8.89,0,10.999
8.891,0,10.999
8.892,0,10.999
8.893,0,10.999
8.894,0,10.999
8.895,0,10.999
8.896,0,10.999
8.897,0,10.999
8.898,0,10.999
8.899,0,10.999
8.9,0,10.999
8.901,0,10.999
8.902,0,10.999
8.903,0,10.999
8.904,0,10.999
8.905,0,10.999
8.906,0,10.999
8.907,0,10.999
8.908,0,10.999
8.909,0,10.999
8.91,0,10.999
8.911,0,10.999
8.912,0,10.999
8.913,0,10.999
8.914,0,10.999
8.915,0,10.999
8.916,0,10.999
8.917,0,10.999
8.918,0,10.999
8.919,0,10.999
8.92,0,10.999
8.921,0,10.999
8.922,0,10.999
8.923,0,10.999
8.924,0,10.999
8.925,0,10.999
8.926,0,10.999
8.927,0,10.999
8.928,0,10.999
8.929,0,10.999
8.93,0,10.999
8.931,0,10.999
8.932,0,10.999
8.933,0,10.999
8.934,0,10.999
8.935,0,10.999
8.936,0,10.999
8.937,0,10.999
8.938,0,10.999
8.939,0,10.999
8.94,0,10.999
8.941,0,10.999
8.942,0,10.999
8.943,0,10.999
8.944,0,10.999
8.945,0,10.999
8.946,0,10.999
8.947,0,10.999
8.948,0,10.999
8.949,0,10.999
8.95,0,10.999
8.951,0,10.999
8.952,0,10.999
8.953,0,10.999
8.954,0,10.999
8.955,0,10.999
8.956,0,10.999
8.957,0,10.999
8.958,0,10.999
8.959,0,10.999
8.96,0,10.999
8.961,0,10.999
8.962,0,10.999
8.963,0,10.999
8.964,0,10.999
8.965,0,10.999
8.966,0,10.999
8.967,0,10.999
8.968,0,10.999
8.969,0,10.999
8.97,0,10.999
8.971,0,10.999
8.972,0,10.999
8.973,0,10.999
8.974,0,10.999
8.975,0,10.999
8.976,0,10.999
8.977,0,10.999
8.978,0,10.999
8.979,0,10.999
8.98,0,10.999
8.981,0,10.999
8.982,0,10.999
8.983,0,10.999
8.984,0,10.999
8.985,0,10.999
8.986,0,10.999
8.987,0,10.999
8.988,0,10.999
8.989,0,10.999
8.99,0,10.999
8.991,0,10.999
8.992,0,10.999
8.993,0,10.999
8.994,0,10.999
8.995,0,10.999
8.996,0,10.999
8.997,0,10.999
8.998,0,10.999
8.999,0,10.999
9,0,10.999
9.001,0,10.999
9.002,0,10.999
9.003,0,10.999
9.004,0,10.999
9.005,0,10.999
9.006,0,10.999
9.007,0,10.999
9.008,0,10.999
9.009,0,10.999
9.01,0,10.999
9.011,0,10.999
9.012,0,10.999
9.013,0,10.999
9.014,0,10.999
9.015,0,10.999
9.016,0,10.999
9.017,0,10.999
9.018,0,10.999
9.019,0,10.999
9.02,0,10.999
9.021,0,10.999
9.022,0,10.999
9.023,0,10.999
9.024,0,10.999
9.025,0,10.999
9.026,0,10.999
9.027,0,10.999
9.028,0,10.999
9.029,0,10.999
9.03,0,10.999
9.031,0,10.999
9.032,0,10.999
9.033,0,10.999
9.034,0,10.999
9.035,0,10.999
9.036,0,10.999
9.037,0,10.999
9.038,0,10.999
9.039,0,10.999
9.04,0,10.999
9.041,0,10.999
9.042,0,10.999
9.043,0,10.999
9.044,0,10.999
9.045,0,10.999
9.046,0,10.999
9.047,0,10.999
9.048,0,10.999
9.049,0,10.999
9.05,0,10.999
9.051,0,10.999
9.052,0,10.999
9.053,0,10.999
9.054,0,10.999
9.055,0,10.999
9.056,0,10.999
9.057,0,10.999
9.058,0,10.999
9.059,0,10.999
9.06,0,10.999
9.061,0,10.999
9.062,0,10.999
9.063,0,10.999
9.064,0,10.999
9.065,0,10.999
9.066,0,10.999
9.067,0,10.999
9.068,0,10.999
9.069,0,10.999
9.07,0,10.999
9.071,0,10.999
9.072,0,10.999
9.073,0,10.999
9.074,0,10.999
9.075,0,10.999
9.076,0,10.999
9.077,0,10.999
9.078,0,10.999
9.079,0,10.999
9.08,0,10.999
9.081,0,10.999
9.082,0,10.999
9.083,0,10.999
9.084,0,10.999
9.085,0,10.999
9.086,0,10.999
9.087,0,10.999
9.088,0,10.999
9.089,0,10.999
9.09,0,10.999
9.091,0,10.999
9.092,0,10.999
9.093,0,10.999
9.094,0,10.999
9.095,0,10.999
9.096,0,10.999
9.097,0,10.999
9.098,0,10.999
9.099,0,10.999
9.1,0,10.999
9.101,0,10.999
9.102,0,10.999
9.103,0,10.999
9.104,0,10.999
9.105,0,10.999
9.106,0,10.999
9.107,0,10.999
9.108,0,10.999
9.109,0,10.999
9.11,0,10.999
9.111,0,10.999
9.112,0,10.999
9.113,0,10.999
9.114,0,10.999
9.115,0,10.999
9.116,0,10.999
9.117,0,10.999
9.118,0,10.999
9.119,0,10.999
9.12,0,10.999
9.121,0,10.999
9.122,0,10.999
9.123,0,10.999
9.124,0,10.999
9.125,0,10.999
9.126,0,10.999
9.127,0,10.999
9.128,0,10.999
9.129,0,10.999
9.13,0,10.999
9.131,0,10.999
9.132,0,10.999
9.133,0,10.999
9.134,0,10.999
9.135,0,10.999
9.136,0,10.999
9.137,0,10.999
9.138,0,10.999
9.139,0,10.999
9.14,0,10.999
9.141,0,10.999
9.142,0,10.999
9.143,0,10.999
9.144,0,10.999
9.145,0,10.999
9.146,0,10.999
9.147,0,10.999
9.148,0,10.999
9.149,0,10.999
9.15,0,10.999
9.151,0,10.999
9.152,0,10.999
9.153,0,10.999
9.154,0,10.999
9.155,0,10.999
9.156,0,10.999
9.157,0,10.999
9.158,0,10.999
9.159,0,10.999
9.16,0,10.999
9.161,0,10.999
9.162,0,10.999
9.163,0,10.999
9.164,0,10.999
9.165,0,10.999
9.166,0,10.999
9.167,0,10.999
9.168,0,10.999
9.169,0,10.999
9.17,0,10.999
9.171,0,10.999
9.172,0,10.999
9.173,0,10.999
9.174,0,10.999
9.175,0,10.999
9.176,0,10.999
9.177,0,10.999
9.178,0,10.999
9.179,0,10.999
9.18,0,10.999
9.181,0,10.999
9.182,0,10.999
9.183,0,10.999
9.184,0,10.999
9.185,0,10.999
9.186,0,10.999
9.187,0,10.999
9.188,0,10.999
9.189,0,10.999
9.19,0,10.999
9.191,0,10.999
9.192,0,10.999
9.193,0,10.999
9.194,0,10.999
9.195,0,10.999
9.196,0,10.999
9.197,0,10.999
9.198,0,10.999
9.199,0,10.999
9.2,0,10.999
9.201,0,10.999
9.202,0,10.999
9.203,0,10.999
9.204,0,10.999
9.205,0,10.999
9.206,0,10.999
9.207,0,10.999
9.208,0,10.999
9.209,0,10.999
9.21,0,10.999
9.211,0,10.999
9.212,0,10.999
9.213,0,10.999
9.214,0,10.999
9.215,0,10.999
9.216,0,10.999
9.217,0,10.999
9.218,0,10.999
9.219,0,10.999
9.22,0,10.999
9.221,0,10.999
9.222,0,10.999
9.223,0,10.999
9.224,0,10.999
9.225,0,10.999
9.226,0,10.999
9.227,0,10.999
9.228,0,10.999
9.229,0,10.999
9.23,0,10.999
9.231,0,10.999
9.232,0,10.999
9.233,0,10.999
9.234,0,10.999
9.235,0,10.999
9.236,0,10.999
9.237,0,10.999
9.238,0,10.999
9.239,0,10.999
9.24,0,10.999
9.241,0,10.999
9.242,0,10.999
9.243,0,10.999
9.244,0,10.999
9.245,0,10.999
9.246,0,10.999
9.247,0,10.999
9.248,0,10.999
9.249,0,10.999
9.25,0,10.999
9.251,0,10.999
9.252,0,10.999
9.253,0,10.999
9.254,0,10.999
9.255,0,10.999
9.256,0,10.999
9.257,0,10.999
9.258,0,10.999
9.259,0,10.999
9.26,0,10.999
9.261,0,10.999
9.262,0,10.999
9.263,0,10.999
9.264,0,10.999
9.265,0,10.999
9.266,0,10.999
9.267,0,10.999
9.268,0,10.999
9.269,0,10.999
9.27,0,10.999
9.271,0,10.999
9.272,0,10.999
9.273,0,10.999
9.274,0,10.999
9.275,0,10.999
9.276,0,10.999
9.277,0,10.999
9.278,0,10.999
9.279,0,10.999
9.28,0,10.999
9.281,0,10.999
9.282,0,10.999
9.283,0,10.999
9.284,0,10.999
9.285,0,10.999
9.286,0,10.999
9.287,0,10.999
9.288,0,10.999
9.289,0,10.999
9.29,0,10.999
9.291,0,10.999
9.292,0,10.999
9.293,0,10.999
9.294,0,10.999
9.295,0,10.999
9.296,0,10.999
9.297,0,10.999
9.298,0,10.999
9.299,0,10.999
9.3,0,10.999
9.301,0,10.999
9.302,0,10.999
9.303,0,10.999
9.304,0,10.999
9.305,0,10.999
9.306,0,10.999
9.307,0,10.999
9.308,0,10.999
9.309,0,10.999
9.31,0,10.999
9.311,0,10.999
9.312,0,10.999
9.313,0,10.999
9.314,0,10.999
9.315,0,10.999
9.316,0,10.999
9.317,0,10.999
9.318,0,10.999
9.319,0,10.999
9.32,0,10.999
9.321,0,10.999
9.322,0,10.999
9.323,0,10.999
9.324,0,10.999
9.325,0,10.999
9.326,0,10.999
9.327,0,10.999
9.328,0,10.999
9.329,0,10.999
9.33,0,10.999
9.331,0,10.999
9.332,0,10.999
9.333,0,10.999
9.334,0,10.999
9.335,0,10.999
9.336,0,10.999
9.337,0,10.999
9.338,0,10.999
9.339,0,10.999
9.34,0,10.999
9.341,0,10.999
9.342,0,10.999
9.343,0,10.999
9.344,0,10.999
9.345,0,10.999
9.346,0,10.999
9.347,0,10.999
9.348,0,10.999
9.349,0,10.999
9.35,0,10.999
9.351,0,10.999
9.352,0,10.999
9.353,0,10.999
9.354,0,10.999
9.355,0,10.999
9.356,0,10.999
9.357,0,10.999
9.358,0,10.999
9.359,0,10.999
9.36,0,10.999
9.361,0,10.999
9.362,0,10.999
9.363,0,10.999
9.364,0,10.999
9.365,0,10.999
9.366,0,10.999
9.367,0,10.999
9.368,0,10.999
9.369,0,10.999
9.37,0,10.999
9.371,0,10.999
9.372,0,10.999
9.373,0,10.999
9.374,0,10.999
9.375,0,10.999
9.376,0,10.999
9.377,0,10.999
9.378,0,10.999
9.379,0,10.999
9.38,0,10.999
9.381,0,10.999
9.382,0,10.999
9.383,0,10.999
9.384,0,10.999
9.385,0,10.999
9.386,0,10.999
9.387,0,10.999
9.388,0,10.999
9.389,0,10.999
9.39,0,10.999
9.391,0,10.999
9.392,0,10.999
9.393,0,10.999
9.394,0,10.999
9.395,0,10.999
9.396,0,10.999
9.397,0,10.999
9.398,0,10.999
9.399,0,10.999
9.4,0,10.999
9.401,0,10.999
9.402,0,10.999
9.403,0,10.999
9.404,0,10.999
9.405,0,10.999
9.406,0,10.999
9.407,0,10.999
9.408,0,10.999
9.409,0,10.999
9.41,0,10.999
9.411,0,10.999
9.412,0,10.999
9.413,0,10.999
9.414,0,10.999
9.415,0,10.999
9.416,0,10.999
9.417,0,10.999
9.418,0,10.999
9.419,0,10.999
9.42,0,10.999
9.421,0,10.999
9.422,0,10.999
9.423,0,10.999
9.424,0,10.999
9.425,0,10.999
9.426,0,10.999
9.427,0,10.999
9.428,0,10.999
9.429,0,10.999
9.43,0,10.999
9.431,0,10.999
9.432,0,10.999
9.433,0,10.999
9.434,0,10.999
9.435,0,10.999
9.436,0,10.999
9.437,0,10.999
9.438,0,10.999
9.439,0,10.999
9.44,0,10.999
9.441,0,10.999
9.442,0,10.999
9.443,0,10.999
9.444,0,10.999
9.445,0,10.999
9.446,0,10.999
9.447,0,10.999
9.448,0,10.999
9.449,0,10.999
9.45,0,10.999
9.451,0,10.999
9.452,0,10.999
9.453,0,10.999
9.454,0,10.999
9.455,0,10.999
9.456,0,10.999
9.457,0,10.999
9.458,0,10.999
9.459,0,10.999
9.46,0,10.999
9.461,0,10.999
9.462,0,10.999
9.463,0,10.999
9.464,0,10.999
9.465,0,10.999
9.466,0,10.999
9.467,0,10.999
9.468,0,10.999
9.469,0,10.999
9.47,0,10.999
9.471,0,10.999
9.472,0,10.999
9.473,0,10.999
9.474,0,10.999
9.475,0,10.999
9.476,0,10.999
9.477,0,10.999
9.478,0,10.999
9.479,0,10.999
9.48,0,10.999
9.481,0,10.999
9.482,0,10.999
9.483,0,10.999
9.484,0,10.999
9.485,0,10.999
9.486,0,10.999
9.487,0,10.999
9.488,0,10.999
9.489,0,10.999
9.49,0,10.999
9.491,0,10.999
9.492,0,10.999
9.493,0,10.999
9.494,0,10.999
9.495,0,10.999
9.496,0,10.999
9.497,0,10.999
9.498,0,10.999
9.499,0,10.999
9.5,0,10.999
9.501,0,10.999
9.502,0,10.999
9.503,0,10.999
9.504,0,10.999
9.505,0,10.999
9.506,0,10.999
9.507,0,10.999
9.508,0,10.999
9.509,0,10.999
9.51,0,10.999
9.511,0,10.999
9.512,0,10.999
9.513,0,10.999
9.514,0,10.999
9.515,0,10.999
9.516,0,10.999
9.517,0,10.999
9.518,0,10.999
9.519,0,10.999
9.52,0,10.999
9.521,0,10.999
9.522,0,10.999
9.523,0,10.999
9.524,0,10.999
9.525,0,10.999
9.526,0,10.999
9.527,0,10.999
9.528,0,10.999
9.529,0,10.999
9.53,0,10.999
9.531,0,10.999
9.532,0,10.999
9.533,0,10.999
9.534,0,10.999
9.535,0,10.999
9.536,0,10.999
9.537,0,10.999
9.538,0,10.999
9.539,0,10.999
9.54,0,10.999
9.541,0,10.999
9.542,0,10.999
9.543,0,10.999
9.544,0,10.999
9.545,0,10.999
9.546,0,10.999
9.547,0,10.999
9.548,0,10.999
9.549,0,10.999
9.55,0,10.999
9.551,0,10.999
9.552,0,10.999
9.553,0,10.999
9.554,0,10.999
9.555,0,10.999
9.556,0,10.999
9.557,0,10.999
9.558,0,10.999
9.559,0,10.999
9.56,0,10.999
9.561,0,10.999
9.562,0,10.999
9.563,0,10.999
9.564,0,10.999
9.565,0,10.999
9.566,0,10.999
9.567,0,10.999
9.568,0,10.999
9.569,0,10.999
9.57,0,10.999
9.571,0,10.999
9.572,0,10.999
9.573,0,10.999
9.574,0,10.999
9.575,0,10.999
9.576,0,10.999
9.577,0,10.999
9.578,0,10.999
9.579,0,10.999
9.58,0,10.999
9.581,0,10.999
9.582,0,10.999
9.583,0,10.999
9.584,0,10.999
9.585,0,10.999
9.586,0,10.999
9.587,0,10.999
9.588,0,10.999
9.589,0,10.999
9.59,0,10.999
9.591,0,10.999
9.592,0,10.999
9.593,0,10.999
9.594,0,10.999
9.595,0,10.999
9.596,0,10.999
9.597,0,10.999
9.598,0,10.999
9.599,0,10.999
9.6,0,10.999
9.601,0,10.999
9.602,0,10.999
9.603,0,10.999
9.604,0,10.999
9.605,0,10.999
9.606,0,10.999
9.607,0,10.999
9.608,0,10.999
9.609,0,10.999
9.61,0,10.999
9.611,0,10.999
9.612,0,10.999
9.613,0,10.999
9.614,0,10.999
9.615,0,10.999
9.616,0,10.999
9.617,0,10.999
9.618,0,10.999
9.619,0,10.999
9.62,0,10.999
9.621,0,10.999
9.622,0,10.999
9.623,0,10.999
9.624,0,10.999
9.625,0,10.999
9.626,0,10.999
9.627,0,10.999
9.628,0,10.999
9.629,0,10.999
9.63,0,10.999
9.631,0,10.999
9.632,0,10.999
9.633,0,10.999
9.634,0,10.999
9.635,0,10.999
9.636,0,10.999
9.637,0,10.999
9.638,0,10.999
9.639,0,10.999
9.64,0,10.999
9.641,0,10.999
9.642,0,10.999
9.643,0,10.999
9.644,0,10.999
9.645,0,10.999
9.646,0,10.999
9.647,0,10.999
9.648,0,10.999
9.649,0,10.999
9.65,0,10.999
9.651,0,10.999
9.652,0,10.999
9.653,0,10.999
9.654,0,10.999
9.655,0,10.999
9.656,0,10.999
9.657,0,10.999
9.658,0,10.999
9.659,0,10.999
9.66,0,10.999
9.661,0,10.999
9.662,0,10.999
9.663,0,10.999
9.664,0,10.999
9.665,0,10.999
9.666,0,10.999
9.667,0,10.999
9.668,0,10.999
9.669,0,10.999
9.67,0,10.999
9.671,0,10.999
9.672,0,10.999
9.673,0,10.999
9.674,0,10.999
9.675,0,10.999
9.676,0,10.999
9.677,0,10.999
9.678,0,10.999
9.679,0,10.999
9.68,0,10.999
9.681,0,10.999
9.682,0,10.999
9.683,0,10.999
9.684,0,10.999
9.685,0,10.999
9.686,0,10.999
9.687,0,10.999
9.688,0,10.999
9.689,0,10.999
9.69,0,10.999
9.691,0,10.999
9.692,0,10.999
9.693,0,10.999
9.694,0,10.999
9.695,0,10.999
9.696,0,10.999
9.697,0,10.999
9.698,0,10.999
9.699,0,10.999
9.7,0,10.999
9.701,0,10.999
9.702,0,10.999
9.703,0,10.999
9.704,0,10.999
9.705,0,10.999
9.706,0,10.999
9.707,0,10.999
9.708,0,10.999
9.709,0,10.999
9.71,0,10.999
9.711,0,10.999
9.712,0,10.999
9.713,0,10.999
9.714,0,10.999
9.715,0,10.999
9.716,0,10.999
9.717,0,10.999
9.718,0,10.999
9.719,0,10.999
9.72,0,10.999
9.721,0,10.999
9.722,0,10.999
9.723,0,10.999
9.724,0,10.999
9.725,0,10.999
9.726,0,10.999
9.727,0,10.999
9.728,0,10.999
9.729,0,10.999
9.73,0,10.999
9.731,0,10.999
9.732,0,10.999
9.733,0,10.999
9.734,0,10.999
9.735,0,10.999
9.736,0,10.999
9.737,0,10.999
9.738,0,10.999
9.739,0,10.999
9.74,0,10.999
9.741,0,10.999
9.742,0,10.999
9.743,0,10.999
9.744,0,10.999
9.745,0,10.999
9.746,0,10.999
9.747,0,10.999
9.748,0,10.999
9.749,0,10.999
9.75,0,10.999
9.751,0,10.999
9.752,0,10.999
9.753,0,10.999
9.754,0,10.999
9.755,0,10.999
9.756,0,10.999
9.757,0,10.999
9.758,0,10.999
9.759,0,10.999
9.76,0,10.999
9.761,0,10.999
9.762,0,10.999
9.763,0,10.999
9.764,0,10.999
9.765,0,10.999
9.766,0,10.999
9.767,0,10.999
9.768,0,10.999
9.769,0,10.999
9.77,0,10.999
9.771,0,10.999
9.772,0,10.999
9.773,0,10.999
9.774,0,10.999
9.775,0,10.999
9.776,0,10.999
9.777,0,10.999
9.778,0,10.999
9.779,0,10.999
9.78,0,10.999
9.781,0,10.999
9.782,0,10.999
9.783,0,10.999
9.784,0,10.999
9.785,0,10.999
9.786,0,10.999
9.787,0,10.999
9.788,0,10.999
9.789,0,10.999
9.79,0,10.999
9.791,0,10.999
9.792,0,10.999
9.793,0,10.999
9.794,0,10.999
9.795,0,10.999
9.796,0,10.999
9.797,0,10.999
9.798,0,10.999
9.799,0,10.999
9.8,0,10.999
9.801,0,10.999
9.802,0,10.999
9.803,0,10.999
9.804,0,10.999
9.805,0,10.999
9.806,0,10.999
9.807,0,10.999
9.808,0,10.999
9.809,0,10.999
9.81,0,10.999
9.811,0,10.999
9.812,0,10.999
9.813,0,10.999
9.814,0,10.999
9.815,0,10.999
9.816,0,10.999
9.817,0,10.999
9.818,0,10.999
9.819,0,10.999
9.82,0,10.999
9.821,0,10.999
9.822,0,10.999
9.823,0,10.999
9.824,0,10.999
9.825,0,10.999
9.826,0,10.999
9.827,0,10.999
9.828,0,10.999
9.829,0,10.999
9.83,0,10.999
9.831,0,10.999
9.832,0,10.999
9.833,0,10.999
9.834,0,10.999
9.835,0,10.999
9.836,0,10.999
9.837,0,10.999
9.838,0,10.999
9.839,0,10.999
9.84,0,10.999
9.841,0,10.999
9.842,0,10.999
9.843,0,10.999
9.844,0,10.999
9.845,0,10.999
9.846,0,10.999
9.847,0,10.999
9.848,0,10.999
9.849,0,10.999
9.85,0,10.999
9.851,0,10.999
9.852,0,10.999
9.853,0,10.999
9.854,0,10.999
9.855,0,10.999
9.856,0,10.999
9.857,0,10.999
9.858,0,10.999
9.859,0,10.999
9.86,0,10.999
9.861,0,10.999
9.862,0,10.999
9.863,0,10.999
9.864,0,10.999
9.865,0,10.999
9.866,0,10.999
9.867,0,10.999
9.868,0,10.999
9.869,0,10.999
9.87,0,10.999
9.871,0,10.999
9.872,0,10.999
9.873,0,10.999
9.874,0,10.999
9.875,0,10.999
9.876,0,10.999
9.877,0,10.999
9.878,0,10.999
9.879,0,10.999
9.88,0,10.999
9.881,0,10.999
9.882,0,10.999
9.883,0,10.999
9.884,0,10.999
9.885,0,10.999
9.886,0,10.999
9.887,0,10.999
9.888,0,10.999
9.889,0,10.999
9.89,0,10.999
9.891,0,10.999
9.892,0,10.999
9.893,0,10.999
9.894,0,10.999
9.895,0,10.999
9.896,0,10.999
9.897,0,10.999
9.898,0,10.999
9.899,0,10.999
9.9,0,10.999
9.901,0,10.999
9.902,0,10.999
9.903,0,10.999
9.904,0,10.999
9.905,0,10.999
9.906,0,10.999
9.907,0,10.999
9.908,0,10.999
9.909,0,10.999
9.91,0,10.999
9.911,0,10.999
9.912,0,10.999
9.913,0,10.999
9.914,0,10.999
9.915,0,10.999
9.916,0,10.999
9.917,0,10.999
9.918,0,10.999
9.919,0,10.999
9.92,0,10.999
9.921,0,10.999
9.922,0,10.999
9.923,0,10.999
9.924,0,10.999
9.925,0,10.999
9.926,0,10.999
9.927,0,10.999
9.928,0,10.999
9.929,0,10.999
9.93,0,10.999
9.931,0,10.999
9.932,0,10.999
9.933,0,10.999
9.934,0,10.999
9.935,0,10.999
9.936,0,10.999
9.937,0,10.999
9.938,0,10.999
9.939,0,10.999
9.94,0,10.999
9.941,0,10.999
9.942,0,10.999
9.943,0,10.999
9.944,0,10.999
9.945,0,10.999
9.946,0,10.999
9.947,0,10.999
9.948,0,10.999
9.949,0,10.999
9.95,0,10.999
9.951,0,10.999
9.952,0,10.999
9.953,0,10.999
9.954,0,10.999
9.955,0,10.999
9.956,0,10.999
9.957,0,10.999
9.958,0,10.999
9.959,0,10.999
9.96,0,10.999
9.961,0,10.999
9.962,0,10.999
9.963,0,10.999
9.964,0,10.999
9.965,0,10.999
9.966,0,10.999
9.967,0,10.999
9.968,0,10.999
9.969,0,10.999
9.97,0,10.999
9.971,0,10.999
9.972,0,10.999
9.973,0,10.999
9.974,0,10.999
9.975,0,10.999
9.976,0,10.999
9.977,0,10.999
9.978,0,10.999
9.979,0,10.999
9.98,0,10.999
9.981,0,10.999
9.982,0,10.999
9.983,0,10.999
9.984,0,10.999
9.985,0,10.999
9.986,0,10.999
9.987,0,10.999
9.988,0,10.999
9.989,0,10.999
9.99,0,10.999
9.991,0,10.999
9.992,0,10.999
9.993,0,10.999
9.994,0,10.999
9.995,0,10.999
9.996,0,10.999
9.997,0,10.999
9.998,0,10.999
9.999,0,10.999
10,0,10.999
10.001,0,10.999
10.002,0,10.999
10.003,0,10.999
10.004,0,10.999
10.005,0,10.999
10.006,0,10.999
10.007,0,10.999
10.008,0,10.999
10.009,0,10.999
10.01,0,10.999
10.011,0,10.999
10.012,0,10.999
10.013,0,10.999
10.014,0,10.999
10.015,0,10.999
10.016,0,10.999
10.017,0,10.999
10.018,0,10.999
10.019,0,10.999
10.02,0,10.999
10.021,0,10.999
10.022,0,10.999
10.023,0,10.999
10.024,0,10.999
10.025,0,10.999
10.026,0,10.999
10.027,0,10.999
10.028,0,10.999
10.029,0,10.999
10.03,0,10.999
10.031,0,10.999
10.032,0,10.999
10.033,0,10.999
10.034,0,10.999
10.035,0,10.999
10.036,0,10.999
10.037,0,10.999
10.038,0,10.999
10.039,0,10.999
10.04,0,10.999
10.041,0,10.999
10.042,0,10.999
10.043,0,10.999
10.044,0,10.999
10.045,0,10.999
10.046,0,10.999
10.047,0,10.999
10.048,0,10.999
10.049,0,10.999
10.05,0,10.999
10.051,0,10.999
10.052,0,10.999
10.053,0,10.999
10.054,0,10.999
10.055,0,10.999
10.056,0,10.999
10.057,0,10.999
10.058,0,10.999
10.059,0,10.999
10.06,0,10.999
10.061,0,10.999
10.062,0,10.999
10.063,0,10.999
10.064,0,10.999
10.065,0,10.999
10.066,0,10.999
10.067,0,10.999
10.068,0,10.999
10.069,0,10.999
10.07,0,10.999
10.071,0,10.999
10.072,0,10.999
10.073,0,10.999
10.074,0,10.999
10.075,0,10.999
10.076,0,10.999
10.077,0,10.999
10.078,0,10.999
10.079,0,10.999
10.08,0,10.999
10.081,0,10.999
10.082,0,10.999
10.083,0,10.999
10.084,0,10.999
10.085,0,10.999
10.086,0,10.999
10.087,0,10.999
10.088,0,10.999
10.089,0,10.999
10.09,0,10.999
10.091,0,10.999
10.092,0,10.999
10.093,0,10.999
10.094,0,10.999
10.095,0,10.999
10.096,0,10.999
10.097,0,10.999
10.098,0,10.999
10.099,0,10.999
10.1,0,10.999
10.101,0,10.999
10.102,0,10.999
10.103,0,10.999
10.104,0,10.999
10.105,0,10.999
10.106,0,10.999
10.107,0,10.999
10.108,0,10.999
10.109,0,10.999
10.11,0,10.999
10.111,0,10.999
10.112,0,10.999
10.113,0,10.999
10.114,0,10.999
10.115,0,10.999
10.116,0,10.999
10.117,0,10.999
10.118,0,10.999
10.119,0,10.999
10.12,0,10.999
10.121,0,10.999
10.122,0,10.999
10.123,0,10.999
10.124,0,10.999
10.125,0,10.999
10.126,0,10.999
10.127,0,10.999
10.128,0,10.999
10.129,0,10.999
10.13,0,10.999
10.131,0,10.999
10.132,0,10.999
10.133,0,10.999
10.134,0,10.999
10.135,0,10.999
10.136,0,10.999
10.137,0,10.999
10.138,0,10.999
10.139,0,10.999
10.14,0,10.999
10.141,0,10.999
10.142,0,10.999
10.143,0,10.999
10.144,0,10.999
10.145,0,10.999
10.146,0,10.999
10.147,0,10.999
10.148,0,10.999
10.149,0,10.999
10.15,0,10.999
10.151,0,10.999
10.152,0,10.999
10.153,0,10.999
10.154,0,10.999
10.155,0,10.999
10.156,0,10.999
10.157,0,10.999
10.158,0,10.999
10.159,0,10.999
10.16,0,10.999
10.161,0,10.999
10.162,0,10.999
10.163,0,10.999
10.164,0,10.999
10.165,0,10.999
10.166,0,10.999
10.167,0,10.999
10.168,0,10.999
10.169,0,10.999
10.17,0,10.999
10.171,0,10.999
10.172,0,10.999
10.173,0,10.999
10.174,0,10.999
10.175,0,10.999
10.176,0,10.999
10.177,0,10.999
10.178,0,10.999
10.179,0,10.999
10.18,0,10.999
10.181,0,10.999
10.182,0,10.999
10.183,0,10.999
10.184,0,10.999
10.185,0,10.999
10.186,0,10.999
10.187,0,10.999
10.188,0,10.999
10.189,0,10.999
10.19,0,10.999
10.191,0,10.999
10.192,0,10.999
10.193,0,10.999
10.194,0,10.999
10.195,0,10.999
10.196,0,10.999
10.197,0,10.999
10.198,0,10.999
10.199,0,10.999
10.2,0,10.999
10.201,0,10.999
10.202,0,10.999
10.203,0,10.999
10.204,0,10.999
10.205,0,10.999
10.206,0,10.999
10.207,0,10.999
10.208,0,10.999
10.209,0,10.999
10.21,0,10.999
10.211,0,10.999
10.212,0,10.999
10.213,0,10.999
10.214,0,10.999
10.215,0,10.999
10.216,0,10.999
10.217,0,10.999
10.218,0,10.999
10.219,0,10.999
10.22,0,10.999
10.221,0,10.999
10.222,0,10.999
10.223,0,10.999
10.224,0,10.999
10.225,0,10.999
10.226,0,10.999
10.227,0,10.999
10.228,0,10.999
10.229,0,10.999
10.23,0,10.999
10.231,0,10.999
10.232,0,10.999
10.233,0,10.999
10.234,0,10.999
10.235,0,10.999
10.236,0,10.999
10.237,0,10.999
10.238,0,10.999
10.239,0,10.999
10.24,0,10.999
10.241,0,10.999
10.242,0,10.999
10.243,0,10.999
10.244,0,10.999
10.245,0,10.999
10.246,0,10.999
10.247,0,10.999
10.248,0,10.999
10.249,0,10.999
10.25,0,10.999
10.251,0,10.999
10.252,0,10.999
10.253,0,10.999
10.254,0,10.999
10.255,0,10.999
10.256,0,10.999
10.257,0,10.999
10.258,0,10.999
10.259,0,10.999
10.26,0,10.999
10.261,0,10.999
10.262,0,10.999
10.263,0,10.999
10.264,0,10.999
10.265,0,10.999
10.266,0,10.999
10.267,0,10.999
10.268,0,10.999
10.269,0,10.999
10.27,0,10.999
10.271,0,10.999
10.272,0,10.999
10.273,0,10.999
10.274,0,10.999
10.275,0,10.999
10.276,0,10.999
10.277,0,10.999
10.278,0,10.999
10.279,0,10.999
10.28,0,10.999
10.281,0,10.999
10.282,0,10.999
10.283,0,10.999
10.284,0,10.999
10.285,0,10.999
10.286,0,10.999
10.287,0,10.999
10.288,0,10.999
10.289,0,10.999
10.29,0,10.999
10.291,0,10.999
10.292,0,10.999
10.293,0,10.999
10.294,0,10.999
10.295,0,10.999
10.296,0,10.999
10.297,0,10.999
10.298,0,10.999
10.299,0,10.999
10.3,0,10.999
10.301,0,10.999
10.302,0,10.999
10.303,0,10.999
10.304,0,10.999
10.305,0,10.999
10.306,0,10.999
10.307,0,10.999
10.308,0,10.999
10.309,0,10.999
10.31,0,10.999
10.311,0,10.999
10.312,0,10.999
10.313,0,10.999
10.314,0,10.999
10.315,0,10.999
10.316,0,10.999
10.317,0,10.999
10.318,0,10.999
10.319,0,10.999
10.32,0,10.999
10.321,0,10.999
10.322,0,10.999
10.323,0,10.999
10.324,0,10.999
10.325,0,10.999
10.326,0,10.999
10.327,0,10.999
10.328,0,10.999
10.329,0,10.999
10.33,0,10.999
10.331,0,10.999
10.332,0,10.999
10.333,0,10.999
10.334,0,10.999
10.335,0,10.999
10.336,0,10.999
10.337,0,10.999
10.338,0,10.999
10.339,0,10.999
10.34,0,10.999
10.341,0,10.999
10.342,0,10.999
10.343,0,10.999
10.344,0,10.999
10.345,0,10.999
10.346,0,10.999
10.347,0,10.999
10.348,0,10.999
10.349,0,10.999
10.35,0,10.999
10.351,0,10.999
10.352,0,10.999
10.353,0,10.999
10.354,0,10.999
10.355,0,10.999
10.356,0,10.999
10.357,0,10.999
10.358,0,10.999
10.359,0,10.999
10.36,0,10.999
10.361,0,10.999
10.362,0,10.999
10.363,0,10.999
10.364,0,10.999
10.365,0,10.999
10.366,0,10.999
10.367,0,10.999
10.368,0,10.999
10.369,0,10.999
10.37,0,10.999
10.371,0,10.999
10.372,0,10.999
10.373,0,10.999
10.374,0,10.999
10.375,0,10.999
10.376,0,10.999
10.377,0,10.999
10.378,0,10.999
10.379,0,10.999
10.38,0,10.999
10.381,0,10.999
10.382,0,10.999
10.383,0,10.999
10.384,0,10.999
10.385,0,10.999
10.386,0,10.999
10.387,0,10.999
10.388,0,10.999
10.389,0,10.999
10.39,0,10.999
10.391,0,10.999
10.392,0,10.999
10.393,0,10.999
10.394,0,10.999
10.395,0,10.999
10.396,0,10.999
10.397,0,10.999
10.398,0,10.999
10.399,0,10.999
10.4,0,10.999
10.401,0,10.999
10.402,0,10.999
10.403,0,10.999
10.404,0,10.999
10.405,0,10.999
10.406,0,10.999
10.407,0,10.999
10.408,0,10.999
10.409,0,10.999
10.41,0,10.999
10.411,0,10.999
10.412,0,10.999
10.413,0,10.999
10.414,0,10.999
10.415,0,10.999
10.416,0,10.999
10.417,0,10.999
10.418,0,10.999
10.419,0,10.999
10.42,0,10.999
10.421,0,10.999
10.422,0,10.999
10.423,0,10.999
10.424,0,10.999
10.425,0,10.999
10.426,0,10.999
10.427,0,10.999
10.428,0,10.999
10.429,0,10.999
10.43,0,10.999
10.431,0,10.999
10.432,0,10.999
10.433,0,10.999
10.434,0,10.999
10.435,0,10.999
10.436,0,10.999
10.437,0,10.999
10.438,0,10.999
10.439,0,10.999
10.44,0,10.999
10.441,0,10.999
10.442,0,10.999
10.443,0,10.999
10.444,0,10.999
10.445,0,10.999
10.446,0,10.999
10.447,0,10.999
10.448,0,10.999
10.449,0,10.999
10.45,0,10.999
10.451,0,10.999
10.452,0,10.999
10.453,0,10.999
10.454,0,10.999
10.455,0,10.999
10.456,0,10.999
10.457,0,10.999
10.458,0,10.999
10.459,0,10.999
10.46,0,10.999
10.461,0,10.999
10.462,0,10.999
10.463,0,10.999
10.464,0,10.999
10.465,0,10.999
10.466,0,10.999
10.467,0,10.999
10.468,0,10.999
10.469,0,10.999
10.47,0,10.999
10.471,0,10.999
10.472,0,10.999
10.473,0,10.999
10.474,0,10.999
10.475,0,10.999
10.476,0,10.999
10.477,0,10.999
10.478,0,10.999
10.479,0,10.999
10.48,0,10.999
10.481,0,10.999
10.482,0,10.999
10.483,0,10.999
10.484,0,10.999
10.485,0,10.999
10.486,0,10.999
10.487,0,10.999
10.488,0,10.999
10.489,0,10.999
10.49,0,10.999
10.491,0,10.999
10.492,0,10.999
10.493,0,10.999
10.494,0,10.999
10.495,0,10.999
10.496,0,10.999
10.497,0,10.999
10.498,0,10.999
10.499,0,10.999
10.5,0,10.999
10.501,0,10.999
10.502,0,10.999
10.503,0,10.999
10.504,0,10.999
10.505,0,10.999
10.506,0,10.999
10.507,0,10.999
10.508,0,10.999
10.509,0,10.999
10.51,0,10.999
10.511,0,10.999
10.512,0,10.999
10.513,0,10.999
10.514,0,10.999
10.515,0,10.999
10.516,0,10.999
10.517,0,10.999
10.518,0,10.999
10.519,0,10.999
10.52,0,10.999
10.521,0,10.999
10.522,0,10.999
10.523,0,10.999
10.524,0,10.999
10.525,0,10.999
10.526,0,10.999
10.527,0,10.999
10.528,0,10.999
10.529,0,10.999
10.53,0,10.999
10.531,0,10.999
10.532,0,10.999
10.533,0,10.999
10.534,0,10.999
10.535,0,10.999
10.536,0,10.999
10.537,0,10.999
10.538,0,10.999
10.539,0,10.999
10.54,0,10.999
10.541,0,10.999
10.542,0,10.999
10.543,0,10.999
10.544,0,10.999
10.545,0,10.999
10.546,0,10.999
10.547,0,10.999
10.548,0,10.999
10.549,0,10.999
10.55,0,10.999
10.551,0,10.999
10.552,0,10.999
10.553,0,10.999
10.554,0,10.999
10.555,0,10.999
10.556,0,10.999
10.557,0,10.999
10.558,0,10.999
10.559,0,10.999
10.56,0,10.999
10.561,0,10.999
10.562,0,10.999
10.563,0,10.999
10.564,0,10.999
10.565,0,10.999
10.566,0,10.999
10.567,0,10.999
10.568,0,10.999
10.569,0,10.999
10.57,0,10.999
10.571,0,10.999
10.572,0,10.999
10.573,0,10.999
10.574,0,10.999
10.575,0,10.999
10.576,0,10.999
10.577,0,10.999
10.578,0,10.999
10.579,0,10.999
10.58,0,10.999
10.581,0,10.999
10.582,0,10.999
10.583,0,10.999
10.584,0,10.999
10.585,0,10.999
10.586,0,10.999
10.587,0,10.999
10.588,0,10.999
10.589,0,10.999
10.59,0,10.999
10.591,0,10.999
10.592,0,10.999
10.593,0,10.999
10.594,0,10.999
10.595,0,10.999
10.596,0,10.999
10.597,0,10.999
10.598,0,10.999
10.599,0,10.999
10.6,0,10.999
10.601,0,10.999
10.602,0,10.999
10.603,0,10.999
10.604,0,10.999
10.605,0,10.999
10.606,0,10.999
10.607,0,10.999
10.608,0,10.999
10.609,0,10.999
10.61,0,10.999
10.611,0,10.999
10.612,0,10.999
10.613,0,10.999
10.614,0,10.999
10.615,0,10.999
10.616,0,10.999
10.617,0,10.999
10.618,0,10.999
10.619,0,10.999
10.62,0,10.999
10.621,0,10.999
10.622,0,10.999
10.623,0,10.999
10.624,0,10.999
10.625,0,10.999
10.626,0,10.999
10.627,0,10.999
10.628,0,10.999
10.629,0,10.999
10.63,0,10.999
10.631,0,10.999
10.632,0,10.999
10.633,0,10.999
10.634,0,10.999
10.635,0,10.999
10.636,0,10.999
10.637,0,10.999
10.638,0,10.999
10.639,0,10.999
10.64,0,10.999
10.641,0,10.999
10.642,0,10.999
10.643,0,10.999
10.644,0,10.999
10.645,0,10.999
10.646,0,10.999
10.647,0,10.999
10.648,0,10.999
10.649,0,10.999
10.65,0,10.999
10.651,0,10.999
10.652,0,10.999
10.653,0,10.999
10.654,0,10.999
10.655,0,10.999
10.656,0,10.999
10.657,0,10.999
10.658,0,10.999
10.659,0,10.999
10.66,0,10.999
10.661,0,10.999
10.662,0,10.999
10.663,0,10.999
10.664,0,10.999
10.665,0,10.999
10.666,0,10.999
10.667,0,10.999
10.668,0,10.999
10.669,0,10.999
10.67,0,10.999
10.671,0,10.999
10.672,0,10.999
10.673,0,10.999
10.674,0,10.999
10.675,0,10.999
10.676,0,10.999
10.677,0,10.999
10.678,0,10.999
10.679,0,10.999
10.68,0,10.999
10.681,0,10.999
10.682,0,10.999
10.683,0,10.999
10.684,0,10.999
10.685,0,10.999
10.686,0,10.999
10.687,0,10.999
10.688,0,10.999
10.689,0,10.999
10.69,0,10.999
10.691,0,10.999
10.692,0,10.999
10.693,0,10.999
10.694,0,10.999
10.695,0,10.999
10.696,0,10.999
10.697,0,10.999
10.698,0,10.999
10.699,0,10.999
10.7,0,10.999
10.701,0,10.999
10.702,0,10.999
10.703,0,10.999
10.704,0,10.999
10.705,0,10.999
10.706,0,10.999
10.707,0,10.999
10.708,0,10.999
10.709,0,10.999
10.71,0,10.999
10.711,0,10.999
10.712,0,10.999
10.713,0,10.999
10.714,0,10.999
10.715,0,10.999
10.716,0,10.999
10.717,0,10.999
10.718,0,10.999
10.719,0,10.999
10.72,0,10.999
10.721,0,10.999
10.722,0,10.999
10.723,0,10.999
10.724,0,10.999
10.725,0,10.999
10.726,0,10.999
10.727,0,10.999
10.728,0,10.999
10.729,0,10.999
10.73,0,10.999
10.731,0,10.999
10.732,0,10.999
10.733,0,10.999
10.734,0,10.999
10.735,0,10.999
10.736,0,10.999
10.737,0,10.999
10.738,0,10.999
10.739,0,10.999
10.74,0,10.999
10.741,0,10.999
10.742,0,10.999
10.743,0,10.999
10.744,0,10.999
10.745,0,10.999
10.746,0,10.999
10.747,0,10.999
10.748,0,10.999
10.749,0,10.999
10.75,0,10.999
10.751,0,10.999
10.752,0,10.999
10.753,0,10.999
10.754,0,10.999
10.755,0,10.999
10.756,0,10.999
10.757,0,10.999
10.758,0,10.999
10.759,0,10.999
10.76,0,10.999
10.761,0,10.999
10.762,0,10.999
10.763,0,10.999
10.764,0,10.999
10.765,0,10.999
10.766,0,10.999
10.767,0,10.999
10.768,0,10.999
10.769,0,10.999
10.77,0,10.999
10.771,0,10.999
10.772,0,10.999
10.773,0,10.999
10.774,0,10.999
10.775,0,10.999
10.776,0,10.999
10.777,0,10.999
10.778,0,10.999
10.779,0,10.999
10.78,0,10.999
10.781,0,10.999
10.782,0,10.999
10.783,0,10.999
10.784,0,10.999
10.785,0,10.999
10.786,0,10.999
10.787,0,10.999
10.788,0,10.999
10.789,0,10.999
10.79,0,10.999
10.791,0,10.999
10.792,0,10.999
10.793,0,10.999
10.794,0,10.999
10.795,0,10.999
10.796,0,10.999
10.797,0,10.999
10.798,0,10.999
10.799,0,10.999
10.8,0,10.999
10.801,0,10.999
10.802,0,10.999
10.803,0,10.999
10.804,0,10.999
10.805,0,10.999
10.806,0,10.999
10.807,0,10.999
10.808,0,10.999
10.809,0,10.999
10.81,0,10.999
10.811,0,10.999
10.812,0,10.999
10.813,0,10.999
10.814,0,10.999
10.815,0,10.999
10.816,0,10.999
10.817,0,10.999
10.818,0,10.999
10.819,0,10.999
10.82,0,10.999
10.821,0,10.999
10.822,0,10.999
10.823,0,10.999
10.824,0,10.999
10.825,0,10.999
10.826,0,10.999
10.827,0,10.999
10.828,0,10.999
10.829,0,10.999
10.83,0,10.999
10.831,0,10.999
10.832,0,10.999
10.833,0,10.999
10.834,0,10.999
10.835,0,10.999
10.836,0,10.999
10.837,0,10.999
10.838,0,10.999
10.839,0,10.999
10.84,0,10.999
10.841,0,10.999
10.842,0,10.999
10.843,0,10.999
10.844,0,10.999
10.845,0,10.999
10.846,0,10.999
10.847,0,10.999
10.848,0,10.999
10.849,0,10.999
10.85,0,10.999
10.851,0,10.999
10.852,0,10.999
10.853,0,10.999
10.854,0,10.999
10.855,0,10.999
10.856,0,10.999
10.857,0,10.999
10.858,0,10.999
10.859,0,10.999
10.86,0,10.999
10.861,0,10.999
10.862,0,10.999
10.863,0,10.999
10.864,0,10.999
10.865,0,10.999
10.866,0,10.999
10.867,0,10.999
10.868,0,10.999
10.869,0,10.999
10.87,0,10.999
10.871,0,10.999
10.872,0,10.999
10.873,0,10.999
10.874,0,10.999
10.875,0,10.999
10.876,0,10.999
10.877,0,10.999
10.878,0,10.999
10.879,0,10.999
10.88,0,10.999
10.881,0,10.999
10.882,0,10.999
10.883,0,10.999
10.884,0,10.999
10.885,0,10.999
10.886,0,10.999
10.887,0,10.999
10.888,0,10.999
10.889,0,10.999
10.89,0,10.999
10.891,0,10.999
10.892,0,10.999
10.893,0,10.999
10.894,0,10.999
10.895,0,10.999
10.896,0,10.999
10.897,0,10.999
10.898,0,10.999
10.899,0,10.999
10.9,0,10.999
10.901,0,10.999
10.902,0,10.999
10.903,0,10.999
10.904,0,10.999
10.905,0,10.999
10.906,0,10.999
10.907,0,10.999
10.908,0,10.999
10.909,0,10.999
10.91,0,10.999
10.911,0,10.999
10.912,0,10.999
10.913,0,10.999
10.914,0,10.999
10.915,0,10.999
10.916,0,10.999
10.917,0,10.999
10.918,0,10.999
10.919,0,10.999
10.92,0,10.999
10.921,0,10.999
10.922,0,10.999
10.923,0,10.999
10.924,0,10.999
10.925,0,10.999
10.926,0,10.999
10.927,0,10.999
10.928,0,10.999
10.929,0,10.999
10.93,0,10.999
10.931,0,10.999
10.932,0,10.999
10.933,0,10.999
10.934,0,10.999
10.935,0,10.999
10.936,0,10.999
10.937,0,10.999
10.938,0,10.999
10.939,0,10.999
10.94,0,10.999
10.941,0,10.999
10.942,0,10.999
10.943,0,10.999
10.944,0,10.999
10.945,0,10.999
10.946,0,10.999
10.947,0,10.999
10.948,0,10.999
10.949,0,10.999
10.95,0,10.999
10.951,0,10.999
10.952,0,10.999
10.953,0,10.999
10.954,0,10.999
10.955,0,10.999
10.956,0,10.999
10.957,0,10.999
10.958,0,10.999
10.959,0,10.999
10.96,0,10.999
10.961,0,10.999
10.962,0,10.999
10.963,0,10.999
10.964,0,10.999
10.965,0,10.999
10.966,0,10.999
10.967,0,10.999
10.968,0,10.999
10.969,0,10.999
10.97,0,10.999
10.971,0,10.999
10.972,0,10.999
10.973,0,10.999
10.974,0,10.999
10.975,0,10.999
10.976,0,10.999
10.977,0,10.999
10.978,0,10.999
10.979,0,10.999
10.98,0,10.999
10.981,0,10.999
10.982,0,10.999
10.983,0,10.999
10.984,0,10.999
10.985,0,10.999
10.986,0,10.999
10.987,0,10.999
10.988,0,10.999
10.989,0,10.999
10.99,0,10.999
10.991,0,10.999
10.992,0,10.999
10.993,0,10.999
10.994,0,10.999
10.995,0,10.999
10.996,0,10.999
10.997,0,10.999
10.998,0,10.999
10.999,0,10.999
11,0.2,0.201000000000001
11.001,0.2,0.201000000000001
11.002,0.2,0.201000000000001
11.003,0.2,0.201000000000001
11.004,0.2,0.201000000000001
11.005,0.2,0.201000000000001
11.006,0.2,0.201000000000001
11.007,0.2,0.201000000000001
11.008,0.2,0.201000000000001
11.009,0.2,0.201000000000001
11.01,0.2,0.201000000000001
11.011,0.2,0.201000000000001
11.012,0.2,0.201000000000001
11.013,0.2,0.201000000000001
11.014,0.2,0.201000000000001
11.015,0.2,0.201000000000001
11.016,0.2,0.201000000000001
11.017,0.2,0.201000000000001
11.018,0.2,0.201000000000001
11.019,0.2,0.201000000000001
11.02,0.2,0.201000000000001
11.021,0.2,0.201000000000001
11.022,0.2,0.201000000000001
11.023,0.2,0.201000000000001
11.024,0.2,0.201000000000001
11.025,0.2,0.201000000000001
11.026,0.2,0.201000000000001
11.027,0.2,0.201000000000001
11.028,0.2,0.201000000000001
11.029,0.2,0.201000000000001
11.03,0.2,0.201000000000001
11.031,0.2,0.201000000000001
11.032,0.2,0.201000000000001
11.033,0.2,0.201000000000001
11.034,0.2,0.201000000000001
11.035,0.2,0.201000000000001
11.036,0.2,0.201000000000001
11.037,0.2,0.201000000000001
11.038,0.2,0.201000000000001
11.039,0.2,0.201000000000001
11.04,0.2,0.201000000000001
11.041,0.2,0.201000000000001
11.042,0.2,0.201000000000001
11.043,0.2,0.201000000000001
11.044,0.2,0.201000000000001
11.045,0.2,0.201000000000001
11.046,0.2,0.201000000000001
11.047,0.2,0.201000000000001
11.048,0.2,0.201000000000001
11.049,0.2,0.201000000000001
11.05,0.2,0.201000000000001
11.051,0.2,0.201000000000001
11.052,0.2,0.201000000000001
11.053,0.2,0.201000000000001
11.054,0.2,0.201000000000001
11.055,0.2,0.201000000000001
11.056,0.2,0.201000000000001
11.057,0.2,0.201000000000001
11.058,0.2,0.201000000000001
11.059,0.2,0.201000000000001
11.06,0.2,0.201000000000001
11.061,0.2,0.201000000000001
11.062,0.2,0.201000000000001
11.063,0.2,0.201000000000001
11.064,0.2,0.201000000000001
11.065,0.2,0.201000000000001
11.066,0.2,0.201000000000001
11.067,0.2,0.201000000000001
11.068,0.2,0.201000000000001
11.069,0.2,0.201000000000001
11.07,0.2,0.201000000000001
11.071,0.2,0.201000000000001
11.072,0.2,0.201000000000001
11.073,0.2,0.201000000000001
11.074,0.2,0.201000000000001
11.075,0.2,0.201000000000001
11.076,0.2,0.201000000000001
11.077,0.2,0.201000000000001
11.078,0.2,0.201000000000001
11.079,0.2,0.201000000000001
11.08,0.2,0.201000000000001
11.081,0.2,0.201000000000001
11.082,0.2,0.201000000000001
11.083,0.2,0.201000000000001
11.084,0.2,0.201000000000001
11.085,0.2,0.201000000000001
11.086,0.2,0.201000000000001
11.087,0.2,0.201000000000001
11.088,0.2,0.201000000000001
11.089,0.2,0.201000000000001
11.09,0.2,0.201000000000001
11.091,0.2,0.201000000000001
11.092,0.2,0.201000000000001
11.093,0.2,0.201000000000001
11.094,0.2,0.201000000000001
11.095,0.2,0.201000000000001
11.096,0.2,0.201000000000001
11.097,0.2,0.201000000000001
11.098,0.2,0.201000000000001
11.099,0.2,0.201000000000001
11.1,0.2,0.201000000000001
11.101,0.2,0.201000000000001
11.102,0.2,0.201000000000001
11.103,0.2,0.201000000000001
11.104,0.2,0.201000000000001
11.105,0.2,0.201000000000001
11.106,0.2,0.201000000000001
11.107,0.2,0.201000000000001
11.108,0.2,0.201000000000001
11.109,0.2,0.201000000000001
11.11,0.2,0.201000000000001
11.111,0.2,0.201000000000001
11.112,0.2,0.201000000000001
11.113,0.2,0.201000000000001
11.114,0.2,0.201000000000001
11.115,0.2,0.201000000000001
11.116,0.2,0.201000000000001
11.117,0.2,0.201000000000001
11.118,0.2,0.201000000000001
11.119,0.2,0.201000000000001
11.12,0.2,0.201000000000001
11.121,0.2,0.201000000000001
11.122,0.2,0.201000000000001
11.123,0.2,0.201000000000001
11.124,0.2,0.201000000000001
11.125,0.2,0.201000000000001
11.126,0.2,0.201000000000001
11.127,0.2,0.201000000000001
11.128,0.2,0.201000000000001
11.129,0.2,0.201000000000001
11.13,0.2,0.201000000000001
11.131,0.2,0.201000000000001
11.132,0.2,0.201000000000001
11.133,0.2,0.201000000000001
11.134,0.2,0.201000000000001
11.135,0.2,0.201000000000001
11.136,0.2,0.201000000000001
11.137,0.2,0.201000000000001
11.138,0.2,0.201000000000001
11.139,0.2,0.201000000000001
11.14,0.2,0.201000000000001
11.141,0.2,0.201000000000001
11.142,0.2,0.201000000000001
11.143,0.2,0.201000000000001
11.144,0.2,0.201000000000001
11.145,0.2,0.201000000000001
11.146,0.2,0.201000000000001
11.147,0.2,0.201000000000001
11.148,0.2,0.201000000000001
11.149,0.2,0.201000000000001
11.15,0.2,0.201000000000001
11.151,0.2,0.201000000000001
11.152,0.2,0.201000000000001
11.153,0.2,0.201000000000001
11.154,0.2,0.201000000000001
11.155,0.2,0.201000000000001
11.156,0.2,0.201000000000001
11.157,0.2,0.201000000000001
11.158,0.2,0.201000000000001
11.159,0.2,0.201000000000001
11.16,0.2,0.201000000000001
11.161,0.2,0.201000000000001
11.162,0.2,0.201000000000001
11.163,0.2,0.201000000000001
11.164,0.2,0.201000000000001
11.165,0.2,0.201000000000001
11.166,0.2,0.201000000000001
11.167,0.2,0.201000000000001
11.168,0.2,0.201000000000001
11.169,0.2,0.201000000000001
11.17,0.2,0.201000000000001
11.171,0.2,0.201000000000001
11.172,0.2,0.201000000000001
11.173,0.2,0.201000000000001
11.174,0.2,0.201000000000001
11.175,0.2,0.201000000000001
11.176,0.2,0.201000000000001
11.177,0.2,0.201000000000001
11.178,0.2,0.201000000000001
11.179,0.2,0.201000000000001
11.18,0.2,0.201000000000001
11.181,0.2,0.201000000000001
11.182,0.2,0.201000000000001
11.183,0.2,0.201000000000001
11.184,0.2,0.201000000000001
11.185,0.2,0.201000000000001
11.186,0.2,0.201000000000001
11.187,0.2,0.201000000000001
11.188,0.2,0.201000000000001
11.189,0.2,0.201000000000001
11.19,0.2,0.201000000000001
11.191,0.2,0.201000000000001
11.192,0.2,0.201000000000001
11.193,0.2,0.201000000000001
11.194,0.2,0.201000000000001
11.195,0.2,0.201000000000001
11.196,0.2,0.201000000000001
11.197,0.2,0.201000000000001
11.198,0.2,0.201000000000001
11.199,0.2,0.201000000000001
11.2,0.2,0.201000000000001
11.201,0,1.799
11.202,0,1.799
11.203,0,1.799
11.204,0,1.799
11.205,0,1.799
11.206,0,1.799
11.207,0,1.799
11.208,0,1.799
11.209,0,1.799
11.21,0,1.799
11.211,0,1.799
11.212,0,1.799
11.213,0,1.799
11.214,0,1.799
11.215,0,1.799
11.216,0,1.799
11.217,0,1.799
11.218,0,1.799
11.219,0,1.799
11.22,0,1.799
11.221,0,1.799
11.222,0,1.799
11.223,0,1.799
11.224,0,1.799
11.225,0,1.799
11.226,0,1.799
11.227,0,1.799
11.228,0,1.799
11.229,0,1.799
11.23,0,1.799
11.231,0,1.799
11.232,0,1.799
11.233,0,1.799
11.234,0,1.799
11.235,0,1.799
11.236,0,1.799
11.237,0,1.799
11.238,0,1.799
11.239,0,1.799
11.24,0,1.799
11.241,0,1.799
11.242,0,1.799
11.243,0,1.799
11.244,0,1.799
11.245,0,1.799
11.246,0,1.799
11.247,0,1.799
11.248,0,1.799
11.249,0,1.799
11.25,0,1.799
11.251,0,1.799
11.252,0,1.799
11.253,0,1.799
11.254,0,1.799
11.255,0,1.799
11.256,0,1.799
11.257,0,1.799
11.258,0,1.799
11.259,0,1.799
11.26,0,1.799
11.261,0,1.799
11.262,0,1.799
11.263,0,1.799
11.264,0,1.799
11.265,0,1.799
11.266,0,1.799
11.267,0,1.799
11.268,0,1.799
11.269,0,1.799
11.27,0,1.799
11.271,0,1.799
11.272,0,1.799
11.273,0,1.799
11.274,0,1.799
11.275,0,1.799
11.276,0,1.799
11.277,0,1.799
11.278,0,1.799
11.279,0,1.799
11.28,0,1.799
11.281,0,1.799
11.282,0,1.799
11.283,0,1.799
11.284,0,1.799
11.285,0,1.799
11.286,0,1.799
11.287,0,1.799
11.288,0,1.799
11.289,0,1.799
11.29,0,1.799
11.291,0,1.799
11.292,0,1.799
11.293,0,1.799
11.294,0,1.799
11.295,0,1.799
11.296,0,1.799
11.297,0,1.799
11.298,0,1.799
11.299,0,1.799
11.3,0,1.799
11.301,0,1.799
11.302,0,1.799
11.303,0,1.799
11.304,0,1.799
11.305,0,1.799
11.306,0,1.799
11.307,0,1.799
11.308,0,1.799
11.309,0,1.799
11.31,0,1.799
11.311,0,1.799
11.312,0,1.799
11.313,0,1.799
11.314,0,1.799
11.315,0,1.799
11.316,0,1.799
11.317,0,1.799
11.318,0,1.799
11.319,0,1.799
11.32,0,1.799
11.321,0,1.799
11.322,0,1.799
11.323,0,1.799
11.324,0,1.799
11.325,0,1.799
11.326,0,1.799
11.327,0,1.799
11.328,0,1.799
11.329,0,1.799
11.33,0,1.799
11.331,0,1.799
11.332,0,1.799
11.333,0,1.799
11.334,0,1.799
11.335,0,1.799
11.336,0,1.799
11.337,0,1.799
11.338,0,1.799
11.339,0,1.799
11.34,0,1.799
11.341,0,1.799
11.342,0,1.799
11.343,0,1.799
11.344,0,1.799
11.345,0,1.799
11.346,0,1.799
11.347,0,1.799
11.348,0,1.799
11.349,0,1.799
11.35,0,1.799
11.351,0,1.799
11.352,0,1.799
11.353,0,1.799
11.354,0,1.799
11.355,0,1.799
11.356,0,1.799
11.357,0,1.799
11.358,0,1.799
11.359,0,1.799
11.36,0,1.799
11.361,0,1.799
11.362,0,1.799
11.363,0,1.799
11.364,0,1.799
11.365,0,1.799
11.366,0,1.799
11.367,0,1.799
11.368,0,1.799
11.369,0,1.799
11.37,0,1.799
11.371,0,1.799
11.372,0,1.799
11.373,0,1.799
11.374,0,1.799
11.375,0,1.799
11.376,0,1.799
11.377,0,1.799
11.378,0,1.799
11.379,0,1.799
11.38,0,1.799
11.381,0,1.799
11.382,0,1.799
11.383,0,1.799
11.384,0,1.799
11.385,0,1.799
11.386,0,1.799
11.387,0,1.799
11.388,0,1.799
11.389,0,1.799
11.39,0,1.799
11.391,0,1.799
11.392,0,1.799
11.393,0,1.799
11.394,0,1.799
11.395,0,1.799
11.396,0,1.799
11.397,0,1.799
11.398,0,1.799
11.399,0,1.799
11.4,0,1.799
11.401,0,1.799
11.402,0,1.799
11.403,0,1.799
11.404,0,1.799
11.405,0,1.799
11.406,0,1.799
11.407,0,1.799
11.408,0,1.799
11.409,0,1.799
11.41,0,1.799
11.411,0,1.799
11.412,0,1.799
11.413,0,1.799
11.414,0,1.799
11.415,0,1.799
11.416,0,1.799
11.417,0,1.799
11.418,0,1.799
11.419,0,1.799
11.42,0,1.799
11.421,0,1.799
11.422,0,1.799
11.423,0,1.799
11.424,0,1.799
11.425,0,1.799
11.426,0,1.799
11.427,0,1.799
11.428,0,1.799
11.429,0,1.799
11.43,0,1.799
11.431,0,1.799
11.432,0,1.799
11.433,0,1.799
11.434,0,1.799
11.435,0,1.799
11.436,0,1.799
11.437,0,1.799
11.438,0,1.799
11.439,0,1.799
11.44,0,1.799
11.441,0,1.799
11.442,0,1.799
11.443,0,1.799
11.444,0,1.799
11.445,0,1.799
11.446,0,1.799
11.447,0,1.799
11.448,0,1.799
11.449,0,1.799
11.45,0,1.799
11.451,0,1.799
11.452,0,1.799
11.453,0,1.799
11.454,0,1.799
11.455,0,1.799
11.456,0,1.799
11.457,0,1.799
11.458,0,1.799
11.459,0,1.799
11.46,0,1.799
11.461,0,1.799
11.462,0,1.799
11.463,0,1.799
11.464,0,1.799
11.465,0,1.799
11.466,0,1.799
11.467,0,1.799
11.468,0,1.799
11.469,0,1.799
11.47,0,1.799
11.471,0,1.799
11.472,0,1.799
11.473,0,1.799
11.474,0,1.799
11.475,0,1.799
11.476,0,1.799
11.477,0,1.799
11.478,0,1.799
11.479,0,1.799
11.48,0,1.799
11.481,0,1.799
11.482,0,1.799
11.483,0,1.799
11.484,0,1.799
11.485,0,1.799
11.486,0,1.799
11.487,0,1.799
11.488,0,1.799
11.489,0,1.799
11.49,0,1.799
11.491,0,1.799
11.492,0,1.799
11.493,0,1.799
11.494,0,1.799
11.495,0,1.799
11.496,0,1.799
11.497,0,1.799
11.498,0,1.799
11.499,0,1.799
11.5,0,1.799
11.501,0,1.799
11.502,0,1.799
11.503,0,1.799
11.504,0,1.799
11.505,0,1.799
11.506,0,1.799
11.507,0,1.799
11.508,0,1.799
11.509,0,1.799
11.51,0,1.799
11.511,0,1.799
11.512,0,1.799
11.513,0,1.799
11.514,0,1.799
11.515,0,1.799
11.516,0,1.799
11.517,0,1.799
11.518,0,1.799
11.519,0,1.799
11.52,0,1.799
11.521,0,1.799
11.522,0,1.799
11.523,0,1.799
11.524,0,1.799
11.525,0,1.799
11.526,0,1.799
11.527,0,1.799
11.528,0,1.799
11.529,0,1.799
11.53,0,1.799
11.531,0,1.799
11.532,0,1.799
11.533,0,1.799
11.534,0,1.799
11.535,0,1.799
11.536,0,1.799
11.537,0,1.799
11.538,0,1.799
11.539,0,1.799
11.54,0,1.799
11.541,0,1.799
11.542,0,1.799
11.543,0,1.799
11.544,0,1.799
11.545,0,1.799
11.546,0,1.799
11.547,0,1.799
11.548,0,1.799
11.549,0,1.799
11.55,0,1.799
11.551,0,1.799
11.552,0,1.799
11.553,0,1.799
11.554,0,1.799
11.555,0,1.799
11.556,0,1.799
11.557,0,1.799
11.558,0,1.799
11.559,0,1.799
11.56,0,1.799
11.561,0,1.799
11.562,0,1.799
11.563,0,1.799
11.564,0,1.799
11.565,0,1.799
11.566,0,1.799
11.567,0,1.799
11.568,0,1.799
11.569,0,1.799
11.57,0,1.799
11.571,0,1.799
11.572,0,1.799
11.573,0,1.799
11.574,0,1.799
11.575,0,1.799
11.576,0,1.799
11.577,0,1.799
11.578,0,1.799
11.579,0,1.799
11.58,0,1.799
11.581,0,1.799
11.582,0,1.799
11.583,0,1.799
11.584,0,1.799
11.585,0,1.799
11.586,0,1.799
11.587,0,1.799
11.588,0,1.799
11.589,0,1.799
11.59,0,1.799
11.591,0,1.799
11.592,0,1.799
11.593,0,1.799
11.594,0,1.799
11.595,0,1.799
11.596,0,1.799
11.597,0,1.799
11.598,0,1.799
11.599,0,1.799
11.6,0,1.799
11.601,0,1.799
11.602,0,1.799
11.603,0,1.799
11.604,0,1.799
11.605,0,1.799
11.606,0,1.799
11.607,0,1.799
11.608,0,1.799
11.609,0,1.799
11.61,0,1.799
11.611,0,1.799
11.612,0,1.799
11.613,0,1.799
11.614,0,1.799
11.615,0,1.799
11.616,0,1.799
11.617,0,1.799
11.618,0,1.799
11.619,0,1.799
11.62,0,1.799
11.621,0,1.799
11.622,0,1.799
11.623,0,1.799
11.624,0,1.799
11.625,0,1.799
11.626,0,1.799
11.627,0,1.799
11.628,0,1.799
11.629,0,1.799
11.63,0,1.799
11.631,0,1.799
11.632,0,1.799
11.633,0,1.799
11.634,0,1.799
11.635,0,1.799
11.636,0,1.799
11.637,0,1.799
11.638,0,1.799
11.639,0,1.799
11.64,0,1.799
11.641,0,1.799
11.642,0,1.799
11.643,0,1.799
11.644,0,1.799
11.645,0,1.799
11.646,0,1.799
11.647,0,1.799
11.648,0,1.799
11.649,0,1.799
11.65,0,1.799
11.651,0,1.799
11.652,0,1.799
11.653,0,1.799
11.654,0,1.799
11.655,0,1.799
11.656,0,1.799
11.657,0,1.799
11.658,0,1.799
11.659,0,1.799
11.66,0,1.799
11.661,0,1.799
11.662,0,1.799
11.663,0,1.799
11.664,0,1.799
11.665,0,1.799
11.666,0,1.799
11.667,0,1.799
11.668,0,1.799
11.669,0,1.799
11.67,0,1.799
11.671,0,1.799
11.672,0,1.799
11.673,0,1.799
11.674,0,1.799
11.675,0,1.799
11.676,0,1.799
11.677,0,1.799
11.678,0,1.799
11.679,0,1.799
11.68,0,1.799
11.681,0,1.799
11.682,0,1.799
11.683,0,1.799
11.684,0,1.799
11.685,0,1.799
11.686,0,1.799
11.687,0,1.799
11.688,0,1.799
11.689,0,1.799
11.69,0,1.799
11.691,0,1.799
11.692,0,1.799
11.693,0,1.799
11.694,0,1.799
11.695,0,1.799
11.696,0,1.799
11.697,0,1.799
11.698,0,1.799
11.699,0,1.799
11.7,0,1.799
11.701,0,1.799
11.702,0,1.799
11.703,0,1.799
11.704,0,1.799
11.705,0,1.799
11.706,0,1.799
11.707,0,1.799
11.708,0,1.799
11.709,0,1.799
11.71,0,1.799
11.711,0,1.799
11.712,0,1.799
11.713,0,1.799
11.714,0,1.799
11.715,0,1.799
11.716,0,1.799
11.717,0,1.799
11.718,0,1.799
11.719,0,1.799
11.72,0,1.799
11.721,0,1.799
11.722,0,1.799
11.723,0,1.799
11.724,0,1.799
11.725,0,1.799
11.726,0,1.799
11.727,0,1.799
11.728,0,1.799
11.729,0,1.799
11.73,0,1.799
11.731,0,1.799
11.732,0,1.799
11.733,0,1.799
11.734,0,1.799
11.735,0,1.799
11.736,0,1.799
11.737,0,1.799
11.738,0,1.799
11.739,0,1.799
11.74,0,1.799
11.741,0,1.799
11.742,0,1.799
11.743,0,1.799
11.744,0,1.799
11.745,0,1.799
11.746,0,1.799
11.747,0,1.799
11.748,0,1.799
11.749,0,1.799
11.75,0,1.799
11.751,0,1.799
11.752,0,1.799
11.753,0,1.799
11.754,0,1.799
11.755,0,1.799
11.756,0,1.799
11.757,0,1.799
11.758,0,1.799
11.759,0,1.799
11.76,0,1.799
11.761,0,1.799
11.762,0,1.799
11.763,0,1.799
11.764,0,1.799
11.765,0,1.799
11.766,0,1.799
11.767,0,1.799
11.768,0,1.799
11.769,0,1.799
11.77,0,1.799
11.771,0,1.799
11.772,0,1.799
11.773,0,1.799
11.774,0,1.799
11.775,0,1.799
11.776,0,1.799
11.777,0,1.799
11.778,0,1.799
11.779,0,1.799
11.78,0,1.799
11.781,0,1.799
11.782,0,1.799
11.783,0,1.799
11.784,0,1.799
11.785,0,1.799
11.786,0,1.799
11.787,0,1.799
11.788,0,1.799
11.789,0,1.799
11.79,0,1.799
11.791,0,1.799
11.792,0,1.799
11.793,0,1.799
11.794,0,1.799
11.795,0,1.799
11.796,0,1.799
11.797,0,1.799
11.798,0,1.799
11.799,0,1.799
11.8,0,1.799
11.801,0,1.799
11.802,0,1.799
11.803,0,1.799
11.804,0,1.799
11.805,0,1.799
11.806,0,1.799
11.807,0,1.799
11.808,0,1.799
11.809,0,1.799
11.81,0,1.799
11.811,0,1.799
11.812,0,1.799
11.813,0,1.799
11.814,0,1.799
11.815,0,1.799
11.816,0,1.799
11.817,0,1.799
11.818,0,1.799
11.819,0,1.799
11.82,0,1.799
11.821,0,1.799
11.822,0,1.799
11.823,0,1.799
11.824,0,1.799
11.825,0,1.799
11.826,0,1.799
11.827,0,1.799
11.828,0,1.799
11.829,0,1.799
11.83,0,1.799
11.831,0,1.799
11.832,0,1.799
11.833,0,1.799
11.834,0,1.799
11.835,0,1.799
11.836,0,1.799
11.837,0,1.799
11.838,0,1.799
11.839,0,1.799
11.84,0,1.799
11.841,0,1.799
11.842,0,1.799
11.843,0,1.799
11.844,0,1.799
11.845,0,1.799
11.846,0,1.799
11.847,0,1.799
11.848,0,1.799
11.849,0,1.799
11.85,0,1.799
11.851,0,1.799
11.852,0,1.799
11.853,0,1.799
11.854,0,1.799
11.855,0,1.799
11.856,0,1.799
11.857,0,1.799
11.858,0,1.799
11.859,0,1.799
11.86,0,1.799
11.861,0,1.799
11.862,0,1.799
11.863,0,1.799
11.864,0,1.799
11.865,0,1.799
11.866,0,1.799
11.867,0,1.799
11.868,0,1.799
11.869,0,1.799
11.87,0,1.799
11.871,0,1.799
11.872,0,1.799
11.873,0,1.799
11.874,0,1.799
11.875,0,1.799
11.876,0,1.799
11.877,0,1.799
11.878,0,1.799
11.879,0,1.799
11.88,0,1.799
11.881,0,1.799
11.882,0,1.799
11.883,0,1.799
11.884,0,1.799
11.885,0,1.799
11.886,0,1.799
11.887,0,1.799
11.888,0,1.799
11.889,0,1.799
11.89,0,1.799
11.891,0,1.799
11.892,0,1.799
11.893,0,1.799
11.894,0,1.799
11.895,0,1.799
11.896,0,1.799
11.897,0,1.799
11.898,0,1.799
11.899,0,1.799
11.9,0,1.799
11.901,0,1.799
11.902,0,1.799
11.903,0,1.799
11.904,0,1.799
11.905,0,1.799
11.906,0,1.799
11.907,0,1.799
11.908,0,1.799
11.909,0,1.799
11.91,0,1.799
11.911,0,1.799
11.912,0,1.799
11.913,0,1.799
11.914,0,1.799
11.915,0,1.799
11.916,0,1.799
11.917,0,1.799
11.918,0,1.799
11.919,0,1.799
11.92,0,1.799
11.921,0,1.799
11.922,0,1.799
11.923,0,1.799
11.924,0,1.799
11.925,0,1.799
11.926,0,1.799
11.927,0,1.799
11.928,0,1.799
11.929,0,1.799
11.93,0,1.799
11.931,0,1.799
11.932,0,1.799
11.933,0,1.799
11.934,0,1.799
11.935,0,1.799
11.936,0,1.799
11.937,0,1.799
11.938,0,1.799
11.939,0,1.799
11.94,0,1.799
11.941,0,1.799
11.942,0,1.799
11.943,0,1.799
11.944,0,1.799
11.945,0,1.799
11.946,0,1.799
11.947,0,1.799
11.948,0,1.799
11.949,0,1.799
11.95,0,1.799
11.951,0,1.799
11.952,0,1.799
11.953,0,1.799
11.954,0,1.799
11.955,0,1.799
11.956,0,1.799
11.957,0,1.799
11.958,0,1.799
11.959,0,1.799
11.96,0,1.799
11.961,0,1.799
11.962,0,1.799
11.963,0,1.799
11.964,0,1.799
11.965,0,1.799
11.966,0,1.799
11.967,0,1.799
11.968,0,1.799
11.969,0,1.799
11.97,0,1.799
11.971,0,1.799
11.972,0,1.799
11.973,0,1.799
11.974,0,1.799
11.975,0,1.799
11.976,0,1.799
11.977,0,1.799
11.978,0,1.799
11.979,0,1.799
11.98,0,1.799
11.981,0,1.799
11.982,0,1.799
11.983,0,1.799
11.984,0,1.799
11.985,0,1.799
11.986,0,1.799
11.987,0,1.799
11.988,0,1.799
11.989,0,1.799
11.99,0,1.799
11.991,0,1.799
11.992,0,1.799
11.993,0,1.799
11.994,0,1.799
11.995,0,1.799
11.996,0,1.799
11.997,0,1.799
11.998,0,1.799
11.999,0,1.799
12,0,1.799
12.001,0,1.799
12.002,0,1.799
12.003,0,1.799
12.004,0,1.799
12.005,0,1.799
12.006,0,1.799
12.007,0,1.799
12.008,0,1.799
12.009,0,1.799
12.01,0,1.799
12.011,0,1.799
12.012,0,1.799
12.013,0,1.799
12.014,0,1.799
12.015,0,1.799
12.016,0,1.799
12.017,0,1.799
12.018,0,1.799
12.019,0,1.799
12.02,0,1.799
12.021,0,1.799
12.022,0,1.799
12.023,0,1.799
12.024,0,1.799
12.025,0,1.799
12.026,0,1.799
12.027,0,1.799
12.028,0,1.799
12.029,0,1.799
12.03,0,1.799
12.031,0,1.799
12.032,0,1.799
12.033,0,1.799
12.034,0,1.799
12.035,0,1.799
12.036,0,1.799
12.037,0,1.799
12.038,0,1.799
12.039,0,1.799
12.04,0,1.799
12.041,0,1.799
12.042,0,1.799
12.043,0,1.799
12.044,0,1.799
12.045,0,1.799
12.046,0,1.799
12.047,0,1.799
12.048,0,1.799
12.049,0,1.799
12.05,0,1.799
12.051,0,1.799
12.052,0,1.799
12.053,0,1.799
12.054,0,1.799
12.055,0,1.799
12.056,0,1.799
12.057,0,1.799
12.058,0,1.799
12.059,0,1.799
12.06,0,1.799
12.061,0,1.799
12.062,0,1.799
12.063,0,1.799
12.064,0,1.799
12.065,0,1.799
12.066,0,1.799
12.067,0,1.799
12.068,0,1.799
12.069,0,1.799
12.07,0,1.799
12.071,0,1.799
12.072,0,1.799
12.073,0,1.799
12.074,0,1.799
12.075,0,1.799
12.076,0,1.799
12.077,0,1.799
12.078,0,1.799
12.079,0,1.799
12.08,0,1.799
12.081,0,1.799
12.082,0,1.799
12.083,0,1.799
12.084,0,1.799
12.085,0,1.799
12.086,0,1.799
12.087,0,1.799
12.088,0,1.799
12.089,0,1.799
12.09,0,1.799
12.091,0,1.799
12.092,0,1.799
12.093,0,1.799
12.094,0,1.799
12.095,0,1.799
12.096,0,1.799
12.097,0,1.799
12.098,0,1.799
12.099,0,1.799
12.1,0,1.799
12.101,0,1.799
12.102,0,1.799
12.103,0,1.799
12.104,0,1.799
12.105,0,1.799
12.106,0,1.799
12.107,0,1.799
12.108,0,1.799
12.109,0,1.799
12.11,0,1.799
12.111,0,1.799
12.112,0,1.799
12.113,0,1.799
12.114,0,1.799
12.115,0,1.799
12.116,0,1.799
12.117,0,1.799
12.118,0,1.799
12.119,0,1.799
12.12,0,1.799
12.121,0,1.799
12.122,0,1.799
12.123,0,1.799
12.124,0,1.799
12.125,0,1.799
12.126,0,1.799
12.127,0,1.799
12.128,0,1.799
12.129,0,1.799
12.13,0,1.799
12.131,0,1.799
12.132,0,1.799
12.133,0,1.799
12.134,0,1.799
12.135,0,1.799
12.136,0,1.799
12.137,0,1.799
12.138,0,1.799
12.139,0,1.799
12.14,0,1.799
12.141,0,1.799
12.142,0,1.799
12.143,0,1.799
12.144,0,1.799
12.145,0,1.799
12.146,0,1.799
12.147,0,1.799
12.148,0,1.799
12.149,0,1.799
12.15,0,1.799
12.151,0,1.799
12.152,0,1.799
12.153,0,1.799
12.154,0,1.799
12.155,0,1.799
12.156,0,1.799
12.157,0,1.799
12.158,0,1.799
12.159,0,1.799
12.16,0,1.799
12.161,0,1.799
12.162,0,1.799
12.163,0,1.799
12.164,0,1.799
12.165,0,1.799
12.166,0,1.799
12.167,0,1.799
12.168,0,1.799
12.169,0,1.799
12.17,0,1.799
12.171,0,1.799
12.172,0,1.799
12.173,0,1.799
12.174,0,1.799
12.175,0,1.799
12.176,0,1.799
12.177,0,1.799
12.178,0,1.799
12.179,0,1.799
12.18,0,1.799
12.181,0,1.799
12.182,0,1.799
12.183,0,1.799
12.184,0,1.799
12.185,0,1.799
12.186,0,1.799
12.187,0,1.799
12.188,0,1.799
12.189,0,1.799
12.19,0,1.799
12.191,0,1.799
12.192,0,1.799
12.193,0,1.799
12.194,0,1.799
12.195,0,1.799
12.196,0,1.799
12.197,0,1.799
12.198,0,1.799
12.199,0,1.799
12.2,0,1.799
12.201,0,1.799
12.202,0,1.799
12.203,0,1.799
12.204,0,1.799
12.205,0,1.799
12.206,0,1.799
12.207,0,1.799
12.208,0,1.799
12.209,0,1.799
12.21,0,1.799
12.211,0,1.799
12.212,0,1.799
12.213,0,1.799
12.214,0,1.799
12.215,0,1.799
12.216,0,1.799
12.217,0,1.799
12.218,0,1.799
12.219,0,1.799
12.22,0,1.799
12.221,0,1.799
12.222,0,1.799
12.223,0,1.799
12.224,0,1.799
12.225,0,1.799
12.226,0,1.799
12.227,0,1.799
12.228,0,1.799
12.229,0,1.799
12.23,0,1.799
12.231,0,1.799
12.232,0,1.799
12.233,0,1.799
12.234,0,1.799
12.235,0,1.799
12.236,0,1.799
12.237,0,1.799
12.238,0,1.799
12.239,0,1.799
12.24,0,1.799
12.241,0,1.799
12.242,0,1.799
12.243,0,1.799
12.244,0,1.799
12.245,0,1.799
12.246,0,1.799
12.247,0,1.799
12.248,0,1.799
12.249,0,1.799
12.25,0,1.799
12.251,0,1.799
12.252,0,1.799
12.253,0,1.799
12.254,0,1.799
12.255,0,1.799
12.256,0,1.799
12.257,0,1.799
12.258,0,1.799
12.259,0,1.799
12.26,0,1.799
12.261,0,1.799
12.262,0,1.799
12.263,0,1.799
12.264,0,1.799
12.265,0,1.799
12.266,0,1.799
12.267,0,1.799
12.268,0,1.799
12.269,0,1.799
12.27,0,1.799
12.271,0,1.799
12.272,0,1.799
12.273,0,1.799
12.274,0,1.799
12.275,0,1.799
12.276,0,1.799
12.277,0,1.799
12.278,0,1.799
12.279,0,1.799
12.28,0,1.799
12.281,0,1.799
12.282,0,1.799
12.283,0,1.799
12.284,0,1.799
12.285,0,1.799
12.286,0,1.799
12.287,0,1.799
12.288,0,1.799
12.289,0,1.799
12.29,0,1.799
12.291,0,1.799
12.292,0,1.799
12.293,0,1.799
12.294,0,1.799
12.295,0,1.799
12.296,0,1.799
12.297,0,1.799
12.298,0,1.799
12.299,0,1.799
12.3,0,1.799
12.301,0,1.799
12.302,0,1.799
12.303,0,1.799
12.304,0,1.799
12.305,0,1.799
12.306,0,1.799
12.307,0,1.799
12.308,0,1.799
12.309,0,1.799
12.31,0,1.799
12.311,0,1.799
12.312,0,1.799
12.313,0,1.799
12.314,0,1.799
12.315,0,1.799
12.316,0,1.799
12.317,0,1.799
12.318,0,1.799
12.319,0,1.799
12.32,0,1.799
12.321,0,1.799
12.322,0,1.799
12.323,0,1.799
12.324,0,1.799
12.325,0,1.799
12.326,0,1.799
12.327,0,1.799
12.328,0,1.799
12.329,0,1.799
12.33,0,1.799
12.331,0,1.799
12.332,0,1.799
12.333,0,1.799
12.334,0,1.799
12.335,0,1.799
12.336,0,1.799
12.337,0,1.799
12.338,0,1.799
12.339,0,1.799
12.34,0,1.799
12.341,0,1.799
12.342,0,1.799
12.343,0,1.799
12.344,0,1.799
12.345,0,1.799
12.346,0,1.799
12.347,0,1.799
12.348,0,1.799
12.349,0,1.799
12.35,0,1.799
12.351,0,1.799
12.352,0,1.799
12.353,0,1.799
12.354,0,1.799
12.355,0,1.799
12.356,0,1.799
12.357,0,1.799
12.358,0,1.799
12.359,0,1.799
12.36,0,1.799
12.361,0,1.799
12.362,0,1.799
12.363,0,1.799
12.364,0,1.799
12.365,0,1.799
12.366,0,1.799
12.367,0,1.799
12.368,0,1.799
12.369,0,1.799
12.37,0,1.799
12.371,0,1.799
12.372,0,1.799
12.373,0,1.799
12.374,0,1.799
12.375,0,1.799
12.376,0,1.799
12.377,0,1.799
12.378,0,1.799
12.379,0,1.799
12.38,0,1.799
12.381,0,1.799
12.382,0,1.799
12.383,0,1.799
12.384,0,1.799
12.385,0,1.799
12.386,0,1.799
12.387,0,1.799
12.388,0,1.799
12.389,0,1.799
12.39,0,1.799
12.391,0,1.799
12.392,0,1.799
12.393,0,1.799
12.394,0,1.799
12.395,0,1.799
12.396,0,1.799
12.397,0,1.799
12.398,0,1.799
12.399,0,1.799
12.4,0,1.799
12.401,0,1.799
12.402,0,1.799
12.403,0,1.799
12.404,0,1.799
12.405,0,1.799
12.406,0,1.799
12.407,0,1.799
12.408,0,1.799
12.409,0,1.799
12.41,0,1.799
12.411,0,1.799
12.412,0,1.799
12.413,0,1.799
12.414,0,1.799
12.415,0,1.799
12.416,0,1.799
12.417,0,1.799
12.418,0,1.799
12.419,0,1.799
12.42,0,1.799
12.421,0,1.799
12.422,0,1.799
12.423,0,1.799
12.424,0,1.799
12.425,0,1.799
12.426,0,1.799
12.427,0,1.799
12.428,0,1.799
12.429,0,1.799
12.43,0,1.799
12.431,0,1.799
12.432,0,1.799
12.433,0,1.799
12.434,0,1.799
12.435,0,1.799
12.436,0,1.799
12.437,0,1.799
12.438,0,1.799
12.439,0,1.799
12.44,0,1.799
12.441,0,1.799
12.442,0,1.799
12.443,0,1.799
12.444,0,1.799
12.445,0,1.799
12.446,0,1.799
12.447,0,1.799
12.448,0,1.799
12.449,0,1.799
12.45,0,1.799
12.451,0,1.799
12.452,0,1.799
12.453,0,1.799
12.454,0,1.799
12.455,0,1.799
12.456,0,1.799
12.457,0,1.799
12.458,0,1.799
12.459,0,1.799
12.46,0,1.799
12.461,0,1.799
12.462,0,1.799
12.463,0,1.799
12.464,0,1.799
12.465,0,1.799
12.466,0,1.799
12.467,0,1.799
12.468,0,1.799
12.469,0,1.799
12.47,0,1.799
12.471,0,1.799
12.472,0,1.799
12.473,0,1.799
12.474,0,1.799
12.475,0,1.799
12.476,0,1.799
12.477,0,1.799
12.478,0,1.799
12.479,0,1.799
12.48,0,1.799
12.481,0,1.799
12.482,0,1.799
12.483,0,1.799
12.484,0,1.799
12.485,0,1.799
12.486,0,1.799
12.487,0,1.799
12.488,0,1.799
12.489,0,1.799
12.49,0,1.799
12.491,0,1.799
12.492,0,1.799
12.493,0,1.799
12.494,0,1.799
12.495,0,1.799
12.496,0,1.799
12.497,0,1.799
12.498,0,1.799
12.499,0,1.799
12.5,0,1.799
12.501,0,1.799
12.502,0,1.799
12.503,0,1.799
12.504,0,1.799
12.505,0,1.799
12.506,0,1.799
12.507,0,1.799
12.508,0,1.799
12.509,0,1.799
12.51,0,1.799
12.511,0,1.799
12.512,0,1.799
12.513,0,1.799
12.514,0,1.799
12.515,0,1.799
12.516,0,1.799
12.517,0,1.799
12.518,0,1.799
12.519,0,1.799
12.52,0,1.799
12.521,0,1.799
12.522,0,1.799
12.523,0,1.799
12.524,0,1.799
12.525,0,1.799
12.526,0,1.799
12.527,0,1.799
12.528,0,1.799
12.529,0,1.799
12.53,0,1.799
12.531,0,1.799
12.532,0,1.799
12.533,0,1.799
12.534,0,1.799
12.535,0,1.799
12.536,0,1.799
12.537,0,1.799
12.538,0,1.799
12.539,0,1.799
12.54,0,1.799
12.541,0,1.799
12.542,0,1.799
12.543,0,1.799
12.544,0,1.799
12.545,0,1.799
12.546,0,1.799
12.547,0,1.799
12.548,0,1.799
12.549,0,1.799
12.55,0,1.799
12.551,0,1.799
12.552,0,1.799
12.553,0,1.799
12.554,0,1.799
12.555,0,1.799
12.556,0,1.799
12.557,0,1.799
12.558,0,1.799
12.559,0,1.799
12.56,0,1.799
12.561,0,1.799
12.562,0,1.799
12.563,0,1.799
12.564,0,1.799
12.565,0,1.799
12.566,0,1.799
12.567,0,1.799
12.568,0,1.799
12.569,0,1.799
12.57,0,1.799
12.571,0,1.799
12.572,0,1.799
12.573,0,1.799
12.574,0,1.799
12.575,0,1.799
12.576,0,1.799
12.577,0,1.799
12.578,0,1.799
12.579,0,1.799
12.58,0,1.799
12.581,0,1.799
12.582,0,1.799
12.583,0,1.799
12.584,0,1.799
12.585,0,1.799
12.586,0,1.799
12.587,0,1.799
12.588,0,1.799
12.589,0,1.799
12.59,0,1.799
12.591,0,1.799
12.592,0,1.799
12.593,0,1.799
12.594,0,1.799
12.595,0,1.799
12.596,0,1.799
12.597,0,1.799
12.598,0,1.799
12.599,0,1.799
12.6,0,1.799
12.601,0,1.799
12.602,0,1.799
12.603,0,1.799
12.604,0,1.799
12.605,0,1.799
12.606,0,1.799
12.607,0,1.799
12.608,0,1.799
12.609,0,1.799
12.61,0,1.799
12.611,0,1.799
12.612,0,1.799
12.613,0,1.799
12.614,0,1.799
12.615,0,1.799
12.616,0,1.799
12.617,0,1.799
12.618,0,1.799
12.619,0,1.799
12.62,0,1.799
12.621,0,1.799
12.622,0,1.799
12.623,0,1.799
12.624,0,1.799
12.625,0,1.799
12.626,0,1.799
12.627,0,1.799
12.628,0,1.799
12.629,0,1.799
12.63,0,1.799
12.631,0,1.799
12.632,0,1.799
12.633,0,1.799
12.634,0,1.799
12.635,0,1.799
12.636,0,1.799
12.637,0,1.799
12.638,0,1.799
12.639,0,1.799
12.64,0,1.799
12.641,0,1.799
12.642,0,1.799
12.643,0,1.799
12.644,0,1.799
12.645,0,1.799
12.646,0,1.799
12.647,0,1.799
12.648,0,1.799
12.649,0,1.799
12.65,0,1.799
12.651,0,1.799
12.652,0,1.799
12.653,0,1.799
12.654,0,1.799
12.655,0,1.799
12.656,0,1.799
12.657,0,1.799
12.658,0,1.799
12.659,0,1.799
12.66,0,1.799
12.661,0,1.799
12.662,0,1.799
12.663,0,1.799
12.664,0,1.799
12.665,0,1.799
12.666,0,1.799
12.667,0,1.799
12.668,0,1.799
12.669,0,1.799
12.67,0,1.799
12.671,0,1.799
12.672,0,1.799
12.673,0,1.799
12.674,0,1.799
12.675,0,1.799
12.676,0,1.799
12.677,0,1.799
12.678,0,1.799
12.679,0,1.799
12.68,0,1.799
12.681,0,1.799
12.682,0,1.799
12.683,0,1.799
12.684,0,1.799
12.685,0,1.799
12.686,0,1.799
12.687,0,1.799
12.688,0,1.799
12.689,0,1.799
12.69,0,1.799
12.691,0,1.799
12.692,0,1.799
12.693,0,1.799
12.694,0,1.799
12.695,0,1.799
12.696,0,1.799
12.697,0,1.799
12.698,0,1.799
12.699,0,1.799
12.7,0,1.799
12.701,0,1.799
12.702,0,1.799
12.703,0,1.799
12.704,0,1.799
12.705,0,1.799
12.706,0,1.799
12.707,0,1.799
12.708,0,1.799
12.709,0,1.799
12.71,0,1.799
12.711,0,1.799
12.712,0,1.799
12.713,0,1.799
12.714,0,1.799
12.715,0,1.799
12.716,0,1.799
12.717,0,1.799
12.718,0,1.799
12.719,0,1.799
12.72,0,1.799
12.721,0,1.799
12.722,0,1.799
12.723,0,1.799
12.724,0,1.799
12.725,0,1.799
12.726,0,1.799
12.727,0,1.799
12.728,0,1.799
12.729,0,1.799
12.73,0,1.799
12.731,0,1.799
12.732,0,1.799
12.733,0,1.799
12.734,0,1.799
12.735,0,1.799
12.736,0,1.799
12.737,0,1.799
12.738,0,1.799
12.739,0,1.799
12.74,0,1.799
12.741,0,1.799
12.742,0,1.799
12.743,0,1.799
12.744,0,1.799
12.745,0,1.799
12.746,0,1.799
12.747,0,1.799
12.748,0,1.799
12.749,0,1.799
12.75,0,1.799
12.751,0,1.799
12.752,0,1.799
12.753,0,1.799
12.754,0,1.799
12.755,0,1.799
12.756,0,1.799
12.757,0,1.799
12.758,0,1.799
12.759,0,1.799
12.76,0,1.799
12.761,0,1.799
12.762,0,1.799
12.763,0,1.799
12.764,0,1.799
12.765,0,1.799
12.766,0,1.799
12.767,0,1.799
12.768,0,1.799
12.769,0,1.799
12.77,0,1.799
12.771,0,1.799
12.772,0,1.799
12.773,0,1.799
12.774,0,1.799
12.775,0,1.799
12.776,0,1.799
12.777,0,1.799
12.778,0,1.799
12.779,0,1.799
12.78,0,1.799
12.781,0,1.799
12.782,0,1.799
12.783,0,1.799
12.784,0,1.799
12.785,0,1.799
12.786,0,1.799
12.787,0,1.799
12.788,0,1.799
12.789,0,1.799
12.79,0,1.799
12.791,0,1.799
12.792,0,1.799
12.793,0,1.799
12.794,0,1.799
12.795,0,1.799
12.796,0,1.799
12.797,0,1.799
12.798,0,1.799
12.799,0,1.799
12.8,0,1.799
12.801,0,1.799
12.802,0,1.799
12.803,0,1.799
12.804,0,1.799
12.805,0,1.799
12.806,0,1.799
12.807,0,1.799
12.808,0,1.799
12.809,0,1.799
12.81,0,1.799
12.811,0,1.799
12.812,0,1.799
12.813,0,1.799
12.814,0,1.799
12.815,0,1.799
12.816,0,1.799
12.817,0,1.799
12.818,0,1.799
12.819,0,1.799
12.82,0,1.799
12.821,0,1.799
12.822,0,1.799
12.823,0,1.799
12.824,0,1.799
12.825,0,1.799
12.826,0,1.799
12.827,0,1.799
12.828,0,1.799
12.829,0,1.799
12.83,0,1.799
12.831,0,1.799
12.832,0,1.799
12.833,0,1.799
12.834,0,1.799
12.835,0,1.799
12.836,0,1.799
12.837,0,1.799
12.838,0,1.799
12.839,0,1.799
12.84,0,1.799
12.841,0,1.799
12.842,0,1.799
12.843,0,1.799
12.844,0,1.799
12.845,0,1.799
12.846,0,1.799
12.847,0,1.799
12.848,0,1.799
12.849,0,1.799
12.85,0,1.799
12.851,0,1.799
12.852,0,1.799
12.853,0,1.799
12.854,0,1.799
12.855,0,1.799
12.856,0,1.799
12.857,0,1.799
12.858,0,1.799
12.859,0,1.799
12.86,0,1.799
12.861,0,1.799
12.862,0,1.799
12.863,0,1.799
12.864,0,1.799
12.865,0,1.799
12.866,0,1.799
12.867,0,1.799
12.868,0,1.799
12.869,0,1.799
12.87,0,1.799
12.871,0,1.799
12.872,0,1.799
12.873,0,1.799
12.874,0,1.799
12.875,0,1.799
12.876,0,1.799
12.877,0,1.799
12.878,0,1.799
12.879,0,1.799
12.88,0,1.799
12.881,0,1.799
12.882,0,1.799
12.883,0,1.799
12.884,0,1.799
12.885,0,1.799
12.886,0,1.799
12.887,0,1.799
12.888,0,1.799
12.889,0,1.799
12.89,0,1.799
12.891,0,1.799
12.892,0,1.799
12.893,0,1.799
12.894,0,1.799
12.895,0,1.799
12.896,0,1.799
12.897,0,1.799
12.898,0,1.799
12.899,0,1.799
12.9,0,1.799
12.901,0,1.799
12.902,0,1.799
12.903,0,1.799
12.904,0,1.799
12.905,0,1.799
12.906,0,1.799
12.907,0,1.799
12.908,0,1.799
12.909,0,1.799
12.91,0,1.799
12.911,0,1.799
12.912,0,1.799
12.913,0,1.799
12.914,0,1.799
12.915,0,1.799
12.916,0,1.799
12.917,0,1.799
12.918,0,1.799
12.919,0,1.799
12.92,0,1.799
12.921,0,1.799
12.922,0,1.799
12.923,0,1.799
12.924,0,1.799
12.925,0,1.799
12.926,0,1.799
12.927,0,1.799
12.928,0,1.799
12.929,0,1.799
12.93,0,1.799
12.931,0,1.799
12.932,0,1.799
12.933,0,1.799
12.934,0,1.799
12.935,0,1.799
12.936,0,1.799
12.937,0,1.799
12.938,0,1.799
12.939,0,1.799
12.94,0,1.799
12.941,0,1.799
12.942,0,1.799
12.943,0,1.799
12.944,0,1.799
12.945,0,1.799
12.946,0,1.799
12.947,0,1.799
12.948,0,1.799
12.949,0,1.799
12.95,0,1.799
12.951,0,1.799
12.952,0,1.799
12.953,0,1.799
12.954,0,1.799
12.955,0,1.799
12.956,0,1.799
12.957,0,1.799
12.958,0,1.799
12.959,0,1.799
12.96,0,1.799
12.961,0,1.799
12.962,0,1.799
12.963,0,1.799
12.964,0,1.799
12.965,0,1.799
12.966,0,1.799
12.967,0,1.799
12.968,0,1.799
12.969,0,1.799
12.97,0,1.799
12.971,0,1.799
12.972,0,1.799
12.973,0,1.799
12.974,0,1.799
12.975,0,1.799
12.976,0,1.799
12.977,0,1.799
12.978,0,1.799
12.979,0,1.799
12.98,0,1.799
12.981,0,1.799
12.982,0,1.799
12.983,0,1.799
12.984,0,1.799
12.985,0,1.799
12.986,0,1.799
12.987,0,1.799
12.988,0,1.799
12.989,0,1.799
12.99,0,1.799
12.991,0,1.799
12.992,0,1.799
12.993,0,1.799
12.994,0,1.799
12.995,0,1.799
12.996,0,1.799
12.997,0,1.799
12.998,0,1.799
12.999,0,1.799
13,0.2,0.301
13.001,0.2,0.301
13.002,0.2,0.301
13.003,0.2,0.301
13.004,0.2,0.301
13.005,0.2,0.301
13.006,0.2,0.301
13.007,0.2,0.301
13.008,0.2,0.301
13.009,0.2,0.301
13.01,0.2,0.301
13.011,0.2,0.301
13.012,0.2,0.301
13.013,0.2,0.301
13.014,0.2,0.301
13.015,0.2,0.301
13.016,0.2,0.301
13.017,0.2,0.301
13.018,0.2,0.301
13.019,0.2,0.301
13.02,0.2,0.301
13.021,0.2,0.301
13.022,0.2,0.301
13.023,0.2,0.301
13.024,0.2,0.301
13.025,0.2,0.301
13.026,0.2,0.301
13.027,0.2,0.301
13.028,0.2,0.301
13.029,0.2,0.301
13.03,0.2,0.301
13.031,0.2,0.301
13.032,0.2,0.301
13.033,0.2,0.301
13.034,0.2,0.301
13.035,0.2,0.301
13.036,0.2,0.301
13.037,0.2,0.301
13.038,0.2,0.301
13.039,0.2,0.301
13.04,0.2,0.301
13.041,0.2,0.301
13.042,0.2,0.301
13.043,0.2,0.301
13.044,0.2,0.301
13.045,0.2,0.301
13.046,0.2,0.301
13.047,0.2,0.301
13.048,0.2,0.301
13.049,0.2,0.301
13.05,0.2,0.301
13.051,0.2,0.301
13.052,0.2,0.301
13.053,0.2,0.301
13.054,0.2,0.301
13.055,0.2,0.301
13.056,0.2,0.301
13.057,0.2,0.301
13.058,0.2,0.301
13.059,0.2,0.301
13.06,0.2,0.301
13.061,0.2,0.301
13.062,0.2,0.301
13.063,0.2,0.301
13.064,0.2,0.301
13.065,0.2,0.301
13.066,0.2,0.301
13.067,0.2,0.301
13.068,0.2,0.301
13.069,0.2,0.301
13.07,0.2,0.301
13.071,0.2,0.301
13.072,0.2,0.301
13.073,0.2,0.301
13.074,0.2,0.301
13.075,0.2,0.301
13.076,0.2,0.301
13.077,0.2,0.301
13.078,0.2,0.301
13.079,0.2,0.301
13.08,0.2,0.301
13.081,0.2,0.301
13.082,0.2,0.301
13.083,0.2,0.301
13.084,0.2,0.301
13.085,0.2,0.301
13.086,0.2,0.301
13.087,0.2,0.301
13.088,0.2,0.301
13.089,0.2,0.301
13.09,0.2,0.301
13.091,0.2,0.301
13.092,0.2,0.301
13.093,0.2,0.301
13.094,0.2,0.301
13.095,0.2,0.301
13.096,0.2,0.301
13.097,0.2,0.301
13.098,0.2,0.301
13.099,0.2,0.301
13.1,0.2,0.301
13.101,0.2,0.301
13.102,0.2,0.301
13.103,0.2,0.301
13.104,0.2,0.301
13.105,0.2,0.301
13.106,0.2,0.301
13.107,0.2,0.301
13.108,0.2,0.301
13.109,0.2,0.301
13.11,0.2,0.301
13.111,0.2,0.301
13.112,0.2,0.301
13.113,0.2,0.301
13.114,0.2,0.301
13.115,0.2,0.301
13.116,0.2,0.301
13.117,0.2,0.301
13.118,0.2,0.301
13.119,0.2,0.301
13.12,0.2,0.301
13.121,0.2,0.301
13.122,0.2,0.301
13.123,0.2,0.301
13.124,0.2,0.301
13.125,0.2,0.301
13.126,0.2,0.301
13.127,0.2,0.301
13.128,0.2,0.301
13.129,0.2,0.301
13.13,0.2,0.301
13.131,0.2,0.301
13.132,0.2,0.301
13.133,0.2,0.301
13.134,0.2,0.301
13.135,0.2,0.301
13.136,0.2,0.301
13.137,0.2,0.301
13.138,0.2,0.301
13.139,0.2,0.301
13.14,0.2,0.301
13.141,0.2,0.301
13.142,0.2,0.301
13.143,0.2,0.301
13.144,0.2,0.301
13.145,0.2,0.301
13.146,0.2,0.301
13.147,0.2,0.301
13.148,0.2,0.301
13.149,0.2,0.301
13.15,0.2,0.301
13.151,0.2,0.301
13.152,0.2,0.301
13.153,0.2,0.301
13.154,0.2,0.301
13.155,0.2,0.301
13.156,0.2,0.301
13.157,0.2,0.301
13.158,0.2,0.301
13.159,0.2,0.301
13.16,0.2,0.301
13.161,0.2,0.301
13.162,0.2,0.301
13.163,0.2,0.301
13.164,0.2,0.301
13.165,0.2,0.301
13.166,0.2,0.301
13.167,0.2,0.301
13.168,0.2,0.301
13.169,0.2,0.301
13.17,0.2,0.301
13.171,0.2,0.301
13.172,0.2,0.301
13.173,0.2,0.301
13.174,0.2,0.301
13.175,0.2,0.301
13.176,0.2,0.301
13.177,0.2,0.301
13.178,0.2,0.301
13.179,0.2,0.301
13.18,0.2,0.301
13.181,0.2,0.301
13.182,0.2,0.301
13.183,0.2,0.301
13.184,0.2,0.301
13.185,0.2,0.301
13.186,0.2,0.301
13.187,0.2,0.301
13.188,0.2,0.301
13.189,0.2,0.301
13.19,0.2,0.301
13.191,0.2,0.301
13.192,0.2,0.301
13.193,0.2,0.301
13.194,0.2,0.301
13.195,0.2,0.301
13.196,0.2,0.301
13.197,0.2,0.301
13.198,0.2,0.301
13.199,0.2,0.301
13.2,0.2,0.301
13.201,0.2,0.301
13.202,0.2,0.301
13.203,0.2,0.301
13.204,0.2,0.301
13.205,0.2,0.301
13.206,0.2,0.301
13.207,0.2,0.301
13.208,0.2,0.301
13.209,0.2,0.301
13.21,0.2,0.301
13.211,0.2,0.301
13.212,0.2,0.301
13.213,0.2,0.301
13.214,0.2,0.301
13.215,0.2,0.301
13.216,0.2,0.301
13.217,0.2,0.301
13.218,0.2,0.301
13.219,0.2,0.301
13.22,0.2,0.301
13.221,0.2,0.301
13.222,0.2,0.301
13.223,0.2,0.301
13.224,0.2,0.301
13.225,0.2,0.301
13.226,0.2,0.301
13.227,0.2,0.301
13.228,0.2,0.301
13.229,0.2,0.301
13.23,0.2,0.301
13.231,0.2,0.301
13.232,0.2,0.301
13.233,0.2,0.301
13.234,0.2,0.301
13.235,0.2,0.301
13.236,0.2,0.301
13.237,0.2,0.301
13.238,0.2,0.301
13.239,0.2,0.301
13.24,0.2,0.301
13.241,0.2,0.301
13.242,0.2,0.301
13.243,0.2,0.301
13.244,0.2,0.301
13.245,0.2,0.301
13.246,0.2,0.301
13.247,0.2,0.301
13.248,0.2,0.301
13.249,0.2,0.301
13.25,0.2,0.301
13.251,0.2,0.301
13.252,0.2,0.301
13.253,0.2,0.301
13.254,0.2,0.301
13.255,0.2,0.301
13.256,0.2,0.301
13.257,0.2,0.301
13.258,0.2,0.301
13.259,0.2,0.301
13.26,0.2,0.301
13.261,0.2,0.301
13.262,0.2,0.301
13.263,0.2,0.301
13.264,0.2,0.301
13.265,0.2,0.301
13.266,0.2,0.301
13.267,0.2,0.301
13.268,0.2,0.301
13.269,0.2,0.301
13.27,0.2,0.301
13.271,0.2,0.301
13.272,0.2,0.301
13.273,0.2,0.301
13.274,0.2,0.301
13.275,0.2,0.301
13.276,0.2,0.301
13.277,0.2,0.301
13.278,0.2,0.301
13.279,0.2,0.301
13.28,0.2,0.301
13.281,0.2,0.301
13.282,0.2,0.301
13.283,0.2,0.301
13.284,0.2,0.301
13.285,0.2,0.301
13.286,0.2,0.301
13.287,0.2,0.301
13.288,0.2,0.301
13.289,0.2,0.301
13.29,0.2,0.301
13.291,0.2,0.301
13.292,0.2,0.301
13.293,0.2,0.301
13.294,0.2,0.301
13.295,0.2,0.301
13.296,0.2,0.301
13.297,0.2,0.301
13.298,0.2,0.301
13.299,0.2,0.301
13.3,0.2,0.301
13.301,0,1.699
13.302,0,1.699
13.303,0,1.699
13.304,0,1.699
13.305,0,1.699
13.306,0,1.699
13.307,0,1.699
13.308,0,1.699
13.309,0,1.699
13.31,0,1.699
13.311,0,1.699
13.312,0,1.699
13.313,0,1.699
13.314,0,1.699
13.315,0,1.699
13.316,0,1.699
13.317,0,1.699
13.318,0,1.699
13.319,0,1.699
13.32,0,1.699
13.321,0,1.699
13.322,0,1.699
13.323,0,1.699
13.324,0,1.699
13.325,0,1.699
13.326,0,1.699
13.327,0,1.699
13.328,0,1.699
13.329,0,1.699
13.33,0,1.699
13.331,0,1.699
13.332,0,1.699
13.333,0,1.699
13.334,0,1.699
13.335,0,1.699
13.336,0,1.699
13.337,0,1.699
13.338,0,1.699
13.339,0,1.699
13.34,0,1.699
13.341,0,1.699
13.342,0,1.699
13.343,0,1.699
13.344,0,1.699
13.345,0,1.699
13.346,0,1.699
13.347,0,1.699
13.348,0,1.699
13.349,0,1.699
13.35,0,1.699
13.351,0,1.699
13.352,0,1.699
13.353,0,1.699
13.354,0,1.699
13.355,0,1.699
13.356,0,1.699
13.357,0,1.699
13.358,0,1.699
13.359,0,1.699
13.36,0,1.699
13.361,0,1.699
13.362,0,1.699
13.363,0,1.699
13.364,0,1.699
13.365,0,1.699
13.366,0,1.699
13.367,0,1.699
13.368,0,1.699
13.369,0,1.699
13.37,0,1.699
13.371,0,1.699
13.372,0,1.699
13.373,0,1.699
13.374,0,1.699
13.375,0,1.699
13.376,0,1.699
13.377,0,1.699
13.378,0,1.699
13.379,0,1.699
13.38,0,1.699
13.381,0,1.699
13.382,0,1.699
13.383,0,1.699
13.384,0,1.699
13.385,0,1.699
13.386,0,1.699
13.387,0,1.699
13.388,0,1.699
13.389,0,1.699
13.39,0,1.699
13.391,0,1.699
13.392,0,1.699
13.393,0,1.699
13.394,0,1.699
13.395,0,1.699
13.396,0,1.699
13.397,0,1.699
13.398,0,1.699
13.399,0,1.699
13.4,0,1.699
13.401,0,1.699
13.402,0,1.699
13.403,0,1.699
13.404,0,1.699
13.405,0,1.699
13.406,0,1.699
13.407,0,1.699
13.408,0,1.699
13.409,0,1.699
13.41,0,1.699
13.411,0,1.699
13.412,0,1.699
13.413,0,1.699
13.414,0,1.699
13.415,0,1.699
13.416,0,1.699
13.417,0,1.699
13.418,0,1.699
13.419,0,1.699
13.42,0,1.699
13.421,0,1.699
13.422,0,1.699
13.423,0,1.699
13.424,0,1.699
13.425,0,1.699
13.426,0,1.699
13.427,0,1.699
13.428,0,1.699
13.429,0,1.699
13.43,0,1.699
13.431,0,1.699
13.432,0,1.699
13.433,0,1.699
13.434,0,1.699
13.435,0,1.699
13.436,0,1.699
13.437,0,1.699
13.438,0,1.699
13.439,0,1.699
13.44,0,1.699
13.441,0,1.699
13.442,0,1.699
13.443,0,1.699
13.444,0,1.699
13.445,0,1.699
13.446,0,1.699
13.447,0,1.699
13.448,0,1.699
13.449,0,1.699
13.45,0,1.699
13.451,0,1.699
13.452,0,1.699
13.453,0,1.699
13.454,0,1.699
13.455,0,1.699
13.456,0,1.699
13.457,0,1.699
13.458,0,1.699
13.459,0,1.699
13.46,0,1.699
13.461,0,1.699
13.462,0,1.699
13.463,0,1.699
13.464,0,1.699
13.465,0,1.699
13.466,0,1.699
13.467,0,1.699
13.468,0,1.699
13.469,0,1.699
13.47,0,1.699
13.471,0,1.699
13.472,0,1.699
13.473,0,1.699
13.474,0,1.699
13.475,0,1.699
13.476,0,1.699
13.477,0,1.699
13.478,0,1.699
13.479,0,1.699
13.48,0,1.699
13.481,0,1.699
13.482,0,1.699
13.483,0,1.699
13.484,0,1.699
13.485,0,1.699
13.486,0,1.699
13.487,0,1.699
13.488,0,1.699
13.489,0,1.699
13.49,0,1.699
13.491,0,1.699
13.492,0,1.699
13.493,0,1.699
13.494,0,1.699
13.495,0,1.699
13.496,0,1.699
13.497,0,1.699
13.498,0,1.699
13.499,0,1.699
13.5,0,1.699
13.501,0,1.699
13.502,0,1.699
13.503,0,1.699
13.504,0,1.699
13.505,0,1.699
13.506,0,1.699
13.507,0,1.699
13.508,0,1.699
13.509,0,1.699
13.51,0,1.699
13.511,0,1.699
13.512,0,1.699
13.513,0,1.699
13.514,0,1.699
13.515,0,1.699
13.516,0,1.699
13.517,0,1.699
13.518,0,1.699
13.519,0,1.699
13.52,0,1.699
13.521,0,1.699
13.522,0,1.699
13.523,0,1.699
13.524,0,1.699
13.525,0,1.699
13.526,0,1.699
13.527,0,1.699
13.528,0,1.699
13.529,0,1.699
13.53,0,1.699
13.531,0,1.699
13.532,0,1.699
13.533,0,1.699
13.534,0,1.699
13.535,0,1.699
13.536,0,1.699
13.537,0,1.699
13.538,0,1.699
13.539,0,1.699
13.54,0,1.699
13.541,0,1.699
13.542,0,1.699
13.543,0,1.699
13.544,0,1.699
13.545,0,1.699
13.546,0,1.699
13.547,0,1.699
13.548,0,1.699
13.549,0,1.699
13.55,0,1.699
13.551,0,1.699
13.552,0,1.699
13.553,0,1.699
13.554,0,1.699
13.555,0,1.699
13.556,0,1.699
13.557,0,1.699
13.558,0,1.699
13.559,0,1.699
13.56,0,1.699
13.561,0,1.699
13.562,0,1.699
13.563,0,1.699
13.564,0,1.699
13.565,0,1.699
13.566,0,1.699
13.567,0,1.699
13.568,0,1.699
13.569,0,1.699
13.57,0,1.699
13.571,0,1.699
13.572,0,1.699
13.573,0,1.699
13.574,0,1.699
13.575,0,1.699
13.576,0,1.699
13.577,0,1.699
13.578,0,1.699
13.579,0,1.699
13.58,0,1.699
13.581,0,1.699
13.582,0,1.699
13.583,0,1.699
13.584,0,1.699
13.585,0,1.699
13.586,0,1.699
13.587,0,1.699
13.588,0,1.699
13.589,0,1.699
13.59,0,1.699
13.591,0,1.699
13.592,0,1.699
13.593,0,1.699
13.594,0,1.699
13.595,0,1.699
13.596,0,1.699
13.597,0,1.699
13.598,0,1.699
13.599,0,1.699
13.6,0,1.699
13.601,0,1.699
13.602,0,1.699
13.603,0,1.699
13.604,0,1.699
13.605,0,1.699
13.606,0,1.699
13.607,0,1.699
13.608,0,1.699
13.609,0,1.699
13.61,0,1.699
13.611,0,1.699
13.612,0,1.699
13.613,0,1.699
13.614,0,1.699
13.615,0,1.699
13.616,0,1.699
13.617,0,1.699
13.618,0,1.699
13.619,0,1.699
13.62,0,1.699
13.621,0,1.699
13.622,0,1.699
13.623,0,1.699
13.624,0,1.699
13.625,0,1.699
13.626,0,1.699
13.627,0,1.699
13.628,0,1.699
13.629,0,1.699
13.63,0,1.699
13.631,0,1.699
13.632,0,1.699
13.633,0,1.699
13.634,0,1.699
13.635,0,1.699
13.636,0,1.699
13.637,0,1.699
13.638,0,1.699
13.639,0,1.699
13.64,0,1.699
13.641,0,1.699
13.642,0,1.699
13.643,0,1.699
13.644,0,1.699
13.645,0,1.699
13.646,0,1.699
13.647,0,1.699
13.648,0,1.699
13.649,0,1.699
13.65,0,1.699
13.651,0,1.699
13.652,0,1.699
13.653,0,1.699
13.654,0,1.699
13.655,0,1.699
13.656,0,1.699
13.657,0,1.699
13.658,0,1.699
13.659,0,1.699
13.66,0,1.699
13.661,0,1.699
13.662,0,1.699
13.663,0,1.699
13.664,0,1.699
13.665,0,1.699
13.666,0,1.699
13.667,0,1.699
13.668,0,1.699
13.669,0,1.699
13.67,0,1.699
13.671,0,1.699
13.672,0,1.699
13.673,0,1.699
13.674,0,1.699
13.675,0,1.699
13.676,0,1.699
13.677,0,1.699
13.678,0,1.699
13.679,0,1.699
13.68,0,1.699
13.681,0,1.699
13.682,0,1.699
13.683,0,1.699
13.684,0,1.699
13.685,0,1.699
13.686,0,1.699
13.687,0,1.699
13.688,0,1.699
13.689,0,1.699
13.69,0,1.699
13.691,0,1.699
13.692,0,1.699
13.693,0,1.699
13.694,0,1.699
13.695,0,1.699
13.696,0,1.699
13.697,0,1.699
13.698,0,1.699
13.699,0,1.699
13.7,0,1.699
13.701,0,1.699
13.702,0,1.699
13.703,0,1.699
13.704,0,1.699
13.705,0,1.699
13.706,0,1.699
13.707,0,1.699
13.708,0,1.699
13.709,0,1.699
13.71,0,1.699
13.711,0,1.699
13.712,0,1.699
13.713,0,1.699
13.714,0,1.699
13.715,0,1.699
13.716,0,1.699
13.717,0,1.699
13.718,0,1.699
13.719,0,1.699
13.72,0,1.699
13.721,0,1.699
13.722,0,1.699
13.723,0,1.699
13.724,0,1.699
13.725,0,1.699
13.726,0,1.699
13.727,0,1.699
13.728,0,1.699
13.729,0,1.699
13.73,0,1.699
13.731,0,1.699
13.732,0,1.699
13.733,0,1.699
13.734,0,1.699
13.735,0,1.699
13.736,0,1.699
13.737,0,1.699
13.738,0,1.699
13.739,0,1.699
13.74,0,1.699
13.741,0,1.699
13.742,0,1.699
13.743,0,1.699
13.744,0,1.699
13.745,0,1.699
13.746,0,1.699
13.747,0,1.699
13.748,0,1.699
13.749,0,1.699
13.75,0,1.699
13.751,0,1.699
13.752,0,1.699
13.753,0,1.699
13.754,0,1.699
13.755,0,1.699
13.756,0,1.699
13.757,0,1.699
13.758,0,1.699
13.759,0,1.699
13.76,0,1.699
13.761,0,1.699
13.762,0,1.699
13.763,0,1.699
13.764,0,1.699
13.765,0,1.699
13.766,0,1.699
13.767,0,1.699
13.768,0,1.699
13.769,0,1.699
13.77,0,1.699
13.771,0,1.699
13.772,0,1.699
13.773,0,1.699
13.774,0,1.699
13.775,0,1.699
13.776,0,1.699
13.777,0,1.699
13.778,0,1.699
13.779,0,1.699
13.78,0,1.699
13.781,0,1.699
13.782,0,1.699
13.783,0,1.699
13.784,0,1.699
13.785,0,1.699
13.786,0,1.699
13.787,0,1.699
13.788,0,1.699
13.789,0,1.699
13.79,0,1.699
13.791,0,1.699
13.792,0,1.699
13.793,0,1.699
13.794,0,1.699
13.795,0,1.699
13.796,0,1.699
13.797,0,1.699
13.798,0,1.699
13.799,0,1.699
13.8,0,1.699
13.801,0,1.699
13.802,0,1.699
13.803,0,1.699
13.804,0,1.699
13.805,0,1.699
13.806,0,1.699
13.807,0,1.699
13.808,0,1.699
13.809,0,1.699
13.81,0,1.699
13.811,0,1.699
13.812,0,1.699
13.813,0,1.699
13.814,0,1.699
13.815,0,1.699
13.816,0,1.699
13.817,0,1.699
13.818,0,1.699
13.819,0,1.699
13.82,0,1.699
13.821,0,1.699
13.822,0,1.699
13.823,0,1.699
13.824,0,1.699
13.825,0,1.699
13.826,0,1.699
13.827,0,1.699
13.828,0,1.699
13.829,0,1.699
13.83,0,1.699
13.831,0,1.699
13.832,0,1.699
13.833,0,1.699
13.834,0,1.699
13.835,0,1.699
13.836,0,1.699
13.837,0,1.699
13.838,0,1.699
13.839,0,1.699
13.84,0,1.699
13.841,0,1.699
13.842,0,1.699
13.843,0,1.699
13.844,0,1.699
13.845,0,1.699
13.846,0,1.699
13.847,0,1.699
13.848,0,1.699
13.849,0,1.699
13.85,0,1.699
13.851,0,1.699
13.852,0,1.699
13.853,0,1.699
13.854,0,1.699
13.855,0,1.699
13.856,0,1.699
13.857,0,1.699
13.858,0,1.699
13.859,0,1.699
13.86,0,1.699
13.861,0,1.699
13.862,0,1.699
13.863,0,1.699
13.864,0,1.699
13.865,0,1.699
13.866,0,1.699
13.867,0,1.699
13.868,0,1.699
13.869,0,1.699
13.87,0,1.699
13.871,0,1.699
13.872,0,1.699
13.873,0,1.699
13.874,0,1.699
13.875,0,1.699
13.876,0,1.699
13.877,0,1.699
13.878,0,1.699
13.879,0,1.699
13.88,0,1.699
13.881,0,1.699
13.882,0,1.699
13.883,0,1.699
13.884,0,1.699
13.885,0,1.699
13.886,0,1.699
13.887,0,1.699
13.888,0,1.699
13.889,0,1.699
13.89,0,1.699
13.891,0,1.699
13.892,0,1.699
13.893,0,1.699
13.894,0,1.699
13.895,0,1.699
13.896,0,1.699
13.897,0,1.699
13.898,0,1.699
13.899,0,1.699
13.9,0,1.699
13.901,0,1.699
13.902,0,1.699
13.903,0,1.699
13.904,0,1.699
13.905,0,1.699
13.906,0,1.699
13.907,0,1.699
13.908,0,1.699
13.909,0,1.699
13.91,0,1.699
13.911,0,1.699
13.912,0,1.699
13.913,0,1.699
13.914,0,1.699
13.915,0,1.699
13.916,0,1.699
13.917,0,1.699
13.918,0,1.699
13.919,0,1.699
13.92,0,1.699
13.921,0,1.699
13.922,0,1.699
13.923,0,1.699
13.924,0,1.699
13.925,0,1.699
13.926,0,1.699
13.927,0,1.699
13.928,0,1.699
13.929,0,1.699
13.93,0,1.699
13.931,0,1.699
13.932,0,1.699
13.933,0,1.699
13.934,0,1.699
13.935,0,1.699
13.936,0,1.699
13.937,0,1.699
13.938,0,1.699
13.939,0,1.699
13.94,0,1.699
13.941,0,1.699
13.942,0,1.699
13.943,0,1.699
13.944,0,1.699
13.945,0,1.699
13.946,0,1.699
13.947,0,1.699
13.948,0,1.699
13.949,0,1.699
13.95,0,1.699
13.951,0,1.699
13.952,0,1.699
13.953,0,1.699
13.954,0,1.699
13.955,0,1.699
13.956,0,1.699
13.957,0,1.699
13.958,0,1.699
13.959,0,1.699
13.96,0,1.699
13.961,0,1.699
13.962,0,1.699
13.963,0,1.699
13.964,0,1.699
13.965,0,1.699
13.966,0,1.699
13.967,0,1.699
13.968,0,1.699
13.969,0,1.699
13.97,0,1.699
13.971,0,1.699
13.972,0,1.699
13.973,0,1.699
13.974,0,1.699
13.975,0,1.699
13.976,0,1.699
13.977,0,1.699
13.978,0,1.699
13.979,0,1.699
13.98,0,1.699
13.981,0,1.699
13.982,0,1.699
13.983,0,1.699
13.984,0,1.699
13.985,0,1.699
13.986,0,1.699
13.987,0,1.699
13.988,0,1.699
13.989,0,1.699
13.99,0,1.699
13.991,0,1.699
13.992,0,1.699
13.993,0,1.699
13.994,0,1.699
13.995,0,1.699
13.996,0,1.699
13.997,0,1.699
13.998,0,1.699
13.999,0,1.699
14,0,1.699
14.001,0,1.699
14.002,0,1.699
14.003,0,1.699
14.004,0,1.699
14.005,0,1.699
14.006,0,1.699
14.007,0,1.699
14.008,0,1.699
14.009,0,1.699
14.01,0,1.699
14.011,0,1.699
14.012,0,1.699
14.013,0,1.699
14.014,0,1.699
14.015,0,1.699
14.016,0,1.699
14.017,0,1.699
14.018,0,1.699
14.019,0,1.699
14.02,0,1.699
14.021,0,1.699
14.022,0,1.699
14.023,0,1.699
14.024,0,1.699
14.025,0,1.699
14.026,0,1.699
14.027,0,1.699
14.028,0,1.699
14.029,0,1.699
14.03,0,1.699
14.031,0,1.699
14.032,0,1.699
14.033,0,1.699
14.034,0,1.699
14.035,0,1.699
14.036,0,1.699
14.037,0,1.699
14.038,0,1.699
14.039,0,1.699
14.04,0,1.699
14.041,0,1.699
14.042,0,1.699
14.043,0,1.699
14.044,0,1.699
14.045,0,1.699
14.046,0,1.699
14.047,0,1.699
14.048,0,1.699
14.049,0,1.699
14.05,0,1.699
14.051,0,1.699
14.052,0,1.699
14.053,0,1.699
14.054,0,1.699
14.055,0,1.699
14.056,0,1.699
14.057,0,1.699
14.058,0,1.699
14.059,0,1.699
14.06,0,1.699
14.061,0,1.699
14.062,0,1.699
14.063,0,1.699
14.064,0,1.699
14.065,0,1.699
14.066,0,1.699
14.067,0,1.699
14.068,0,1.699
14.069,0,1.699
14.07,0,1.699
14.071,0,1.699
14.072,0,1.699
14.073,0,1.699
14.074,0,1.699
14.075,0,1.699
14.076,0,1.699
14.077,0,1.699
14.078,0,1.699
14.079,0,1.699
14.08,0,1.699
14.081,0,1.699
14.082,0,1.699
14.083,0,1.699
14.084,0,1.699
14.085,0,1.699
14.086,0,1.699
14.087,0,1.699
14.088,0,1.699
14.089,0,1.699
14.09,0,1.699
14.091,0,1.699
14.092,0,1.699
14.093,0,1.699
14.094,0,1.699
14.095,0,1.699
14.096,0,1.699
14.097,0,1.699
14.098,0,1.699
14.099,0,1.699
14.1,0,1.699
14.101,0,1.699
14.102,0,1.699
14.103,0,1.699
14.104,0,1.699
14.105,0,1.699
14.106,0,1.699
14.107,0,1.699
14.108,0,1.699
14.109,0,1.699
14.11,0,1.699
14.111,0,1.699
14.112,0,1.699
14.113,0,1.699
14.114,0,1.699
14.115,0,1.699
14.116,0,1.699
14.117,0,1.699
14.118,0,1.699
14.119,0,1.699
14.12,0,1.699
14.121,0,1.699
14.122,0,1.699
14.123,0,1.699
14.124,0,1.699
14.125,0,1.699
14.126,0,1.699
14.127,0,1.699
14.128,0,1.699
14.129,0,1.699
14.13,0,1.699
14.131,0,1.699
14.132,0,1.699
14.133,0,1.699
14.134,0,1.699
14.135,0,1.699
14.136,0,1.699
14.137,0,1.699
14.138,0,1.699
14.139,0,1.699
14.14,0,1.699
14.141,0,1.699
14.142,0,1.699
14.143,0,1.699
14.144,0,1.699
14.145,0,1.699
14.146,0,1.699
14.147,0,1.699
14.148,0,1.699
14.149,0,1.699
14.15,0,1.699
14.151,0,1.699
14.152,0,1.699
14.153,0,1.699
14.154,0,1.699
14.155,0,1.699
14.156,0,1.699
14.157,0,1.699
14.158,0,1.699
14.159,0,1.699
14.16,0,1.699
14.161,0,1.699
14.162,0,1.699
14.163,0,1.699
14.164,0,1.699
14.165,0,1.699
14.166,0,1.699
14.167,0,1.699
14.168,0,1.699
14.169,0,1.699
14.17,0,1.699
14.171,0,1.699
14.172,0,1.699
14.173,0,1.699
14.174,0,1.699
14.175,0,1.699
14.176,0,1.699
14.177,0,1.699
14.178,0,1.699
14.179,0,1.699
14.18,0,1.699
14.181,0,1.699
14.182,0,1.699
14.183,0,1.699
14.184,0,1.699
14.185,0,1.699
14.186,0,1.699
14.187,0,1.699
14.188,0,1.699
14.189,0,1.699
14.19,0,1.699
14.191,0,1.699
14.192,0,1.699
14.193,0,1.699
14.194,0,1.699
14.195,0,1.699
14.196,0,1.699
14.197,0,1.699
14.198,0,1.699
14.199,0,1.699
14.2,0,1.699
14.201,0,1.699
14.202,0,1.699
14.203,0,1.699
14.204,0,1.699
14.205,0,1.699
14.206,0,1.699
14.207,0,1.699
14.208,0,1.699
14.209,0,1.699
14.21,0,1.699
14.211,0,1.699
14.212,0,1.699
14.213,0,1.699
14.214,0,1.699
14.215,0,1.699
14.216,0,1.699
14.217,0,1.699
14.218,0,1.699
14.219,0,1.699
14.22,0,1.699
14.221,0,1.699
14.222,0,1.699
14.223,0,1.699
14.224,0,1.699
14.225,0,1.699
14.226,0,1.699
14.227,0,1.699
14.228,0,1.699
14.229,0,1.699
14.23,0,1.699
14.231,0,1.699
14.232,0,1.699
14.233,0,1.699
14.234,0,1.699
14.235,0,1.699
14.236,0,1.699
14.237,0,1.699
14.238,0,1.699
14.239,0,1.699
14.24,0,1.699
14.241,0,1.699
14.242,0,1.699
14.243,0,1.699
14.244,0,1.699
14.245,0,1.699
14.246,0,1.699
14.247,0,1.699
14.248,0,1.699
14.249,0,1.699
14.25,0,1.699
14.251,0,1.699
14.252,0,1.699
14.253,0,1.699
14.254,0,1.699
14.255,0,1.699
14.256,0,1.699
14.257,0,1.699
14.258,0,1.699
14.259,0,1.699
14.26,0,1.699
14.261,0,1.699
14.262,0,1.699
14.263,0,1.699
14.264,0,1.699
14.265,0,1.699
14.266,0,1.699
14.267,0,1.699
14.268,0,1.699
14.269,0,1.699
14.27,0,1.699
14.271,0,1.699
14.272,0,1.699
14.273,0,1.699
14.274,0,1.699
14.275,0,1.699
14.276,0,1.699
14.277,0,1.699
14.278,0,1.699
14.279,0,1.699
14.28,0,1.699
14.281,0,1.699
14.282,0,1.699
14.283,0,1.699
14.284,0,1.699
14.285,0,1.699
14.286,0,1.699
14.287,0,1.699
14.288,0,1.699
14.289,0,1.699
14.29,0,1.699
14.291,0,1.699
14.292,0,1.699
14.293,0,1.699
14.294,0,1.699
14.295,0,1.699
14.296,0,1.699
14.297,0,1.699
14.298,0,1.699
14.299,0,1.699
14.3,0,1.699
14.301,0,1.699
14.302,0,1.699
14.303,0,1.699
14.304,0,1.699
14.305,0,1.699
14.306,0,1.699
14.307,0,1.699
14.308,0,1.699
14.309,0,1.699
14.31,0,1.699
14.311,0,1.699
14.312,0,1.699
14.313,0,1.699
14.314,0,1.699
14.315,0,1.699
14.316,0,1.699
14.317,0,1.699
14.318,0,1.699
14.319,0,1.699
14.32,0,1.699
14.321,0,1.699
14.322,0,1.699
14.323,0,1.699
14.324,0,1.699
14.325,0,1.699
14.326,0,1.699
14.327,0,1.699
14.328,0,1.699
14.329,0,1.699
14.33,0,1.699
14.331,0,1.699
14.332,0,1.699
14.333,0,1.699
14.334,0,1.699
14.335,0,1.699
14.336,0,1.699
14.337,0,1.699
14.338,0,1.699
14.339,0,1.699
14.34,0,1.699
14.341,0,1.699
14.342,0,1.699
14.343,0,1.699
14.344,0,1.699
14.345,0,1.699
14.346,0,1.699
14.347,0,1.699
14.348,0,1.699
14.349,0,1.699
14.35,0,1.699
14.351,0,1.699
14.352,0,1.699
14.353,0,1.699
14.354,0,1.699
14.355,0,1.699
14.356,0,1.699
14.357,0,1.699
14.358,0,1.699
14.359,0,1.699
14.36,0,1.699
14.361,0,1.699
14.362,0,1.699
14.363,0,1.699
14.364,0,1.699
14.365,0,1.699
14.366,0,1.699
14.367,0,1.699
14.368,0,1.699
14.369,0,1.699
14.37,0,1.699
14.371,0,1.699
14.372,0,1.699
14.373,0,1.699
14.374,0,1.699
14.375,0,1.699
14.376,0,1.699
14.377,0,1.699
14.378,0,1.699
14.379,0,1.699
14.38,0,1.699
14.381,0,1.699
14.382,0,1.699
14.383,0,1.699
14.384,0,1.699
14.385,0,1.699
14.386,0,1.699
14.387,0,1.699
14.388,0,1.699
14.389,0,1.699
14.39,0,1.699
14.391,0,1.699
14.392,0,1.699
14.393,0,1.699
14.394,0,1.699
14.395,0,1.699
14.396,0,1.699
14.397,0,1.699
14.398,0,1.699
14.399,0,1.699
14.4,0,1.699
14.401,0,1.699
14.402,0,1.699
14.403,0,1.699
14.404,0,1.699
14.405,0,1.699
14.406,0,1.699
14.407,0,1.699
14.408,0,1.699
14.409,0,1.699
14.41,0,1.699
14.411,0,1.699
14.412,0,1.699
14.413,0,1.699
14.414,0,1.699
14.415,0,1.699
14.416,0,1.699
14.417,0,1.699
14.418,0,1.699
14.419,0,1.699
14.42,0,1.699
14.421,0,1.699
14.422,0,1.699
14.423,0,1.699
14.424,0,1.699
14.425,0,1.699
14.426,0,1.699
14.427,0,1.699
14.428,0,1.699
14.429,0,1.699
14.43,0,1.699
14.431,0,1.699
14.432,0,1.699
14.433,0,1.699
14.434,0,1.699
14.435,0,1.699
14.436,0,1.699
14.437,0,1.699
14.438,0,1.699
14.439,0,1.699
14.44,0,1.699
14.441,0,1.699
14.442,0,1.699
14.443,0,1.699
14.444,0,1.699
14.445,0,1.699
14.446,0,1.699
14.447,0,1.699
14.448,0,1.699
14.449,0,1.699
14.45,0,1.699
14.451,0,1.699
14.452,0,1.699
14.453,0,1.699
14.454,0,1.699
14.455,0,1.699
14.456,0,1.699
14.457,0,1.699
14.458,0,1.699
14.459,0,1.699
14.46,0,1.699
14.461,0,1.699
14.462,0,1.699
14.463,0,1.699
14.464,0,1.699
14.465,0,1.699
14.466,0,1.699
14.467,0,1.699
14.468,0,1.699
14.469,0,1.699
14.47,0,1.699
14.471,0,1.699
14.472,0,1.699
14.473,0,1.699
14.474,0,1.699
14.475,0,1.699
14.476,0,1.699
14.477,0,1.699
14.478,0,1.699
14.479,0,1.699
14.48,0,1.699
14.481,0,1.699
14.482,0,1.699
14.483,0,1.699
14.484,0,1.699
14.485,0,1.699
14.486,0,1.699
14.487,0,1.699
14.488,0,1.699
14.489,0,1.699
14.49,0,1.699
14.491,0,1.699
14.492,0,1.699
14.493,0,1.699
14.494,0,1.699
14.495,0,1.699
14.496,0,1.699
14.497,0,1.699
14.498,0,1.699
14.499,0,1.699
14.5,0,1.699
14.501,0,1.699
14.502,0,1.699
14.503,0,1.699
14.504,0,1.699
14.505,0,1.699
14.506,0,1.699
14.507,0,1.699
14.508,0,1.699
14.509,0,1.699
14.51,0,1.699
14.511,0,1.699
14.512,0,1.699
14.513,0,1.699
14.514,0,1.699
14.515,0,1.699
14.516,0,1.699
14.517,0,1.699
14.518,0,1.699
14.519,0,1.699
14.52,0,1.699
14.521,0,1.699
14.522,0,1.699
14.523,0,1.699
14.524,0,1.699
14.525,0,1.699
14.526,0,1.699
14.527,0,1.699
14.528,0,1.699
14.529,0,1.699
14.53,0,1.699
14.531,0,1.699
14.532,0,1.699
14.533,0,1.699
14.534,0,1.699
14.535,0,1.699
14.536,0,1.699
14.537,0,1.699
14.538,0,1.699
14.539,0,1.699
14.54,0,1.699
14.541,0,1.699
14.542,0,1.699
14.543,0,1.699
14.544,0,1.699
14.545,0,1.699
14.546,0,1.699
14.547,0,1.699
14.548,0,1.699
14.549,0,1.699
14.55,0,1.699
14.551,0,1.699
14.552,0,1.699
14.553,0,1.699
14.554,0,1.699
14.555,0,1.699
14.556,0,1.699
14.557,0,1.699
14.558,0,1.699
14.559,0,1.699
14.56,0,1.699
14.561,0,1.699
14.562,0,1.699
14.563,0,1.699
14.564,0,1.699
14.565,0,1.699
14.566,0,1.699
14.567,0,1.699
14.568,0,1.699
14.569,0,1.699
14.57,0,1.699
14.571,0,1.699
14.572,0,1.699
14.573,0,1.699
14.574,0,1.699
14.575,0,1.699
14.576,0,1.699
14.577,0,1.699
14.578,0,1.699
14.579,0,1.699
14.58,0,1.699
14.581,0,1.699
14.582,0,1.699
14.583,0,1.699
14.584,0,1.699
14.585,0,1.699
14.586,0,1.699
14.587,0,1.699
14.588,0,1.699
14.589,0,1.699
14.59,0,1.699
14.591,0,1.699
14.592,0,1.699
14.593,0,1.699
14.594,0,1.699
14.595,0,1.699
14.596,0,1.699
14.597,0,1.699
14.598,0,1.699
14.599,0,1.699
14.6,0,1.699
14.601,0,1.699
14.602,0,1.699
14.603,0,1.699
14.604,0,1.699
14.605,0,1.699
14.606,0,1.699
14.607,0,1.699
14.608,0,1.699
14.609,0,1.699
14.61,0,1.699
14.611,0,1.699
14.612,0,1.699
14.613,0,1.699
14.614,0,1.699
14.615,0,1.699
14.616,0,1.699
14.617,0,1.699
14.618,0,1.699
14.619,0,1.699
14.62,0,1.699
14.621,0,1.699
14.622,0,1.699
14.623,0,1.699
14.624,0,1.699
14.625,0,1.699
14.626,0,1.699
14.627,0,1.699
14.628,0,1.699
14.629,0,1.699
14.63,0,1.699
14.631,0,1.699
14.632,0,1.699
14.633,0,1.699
14.634,0,1.699
14.635,0,1.699
14.636,0,1.699
14.637,0,1.699
14.638,0,1.699
14.639,0,1.699
14.64,0,1.699
14.641,0,1.699
14.642,0,1.699
14.643,0,1.699
14.644,0,1.699
14.645,0,1.699
14.646,0,1.699
14.647,0,1.699
14.648,0,1.699
14.649,0,1.699
14.65,0,1.699
14.651,0,1.699
14.652,0,1.699
14.653,0,1.699
14.654,0,1.699
14.655,0,1.699
14.656,0,1.699
14.657,0,1.699
14.658,0,1.699
14.659,0,1.699
14.66,0,1.699
14.661,0,1.699
14.662,0,1.699
14.663,0,1.699
14.664,0,1.699
14.665,0,1.699
14.666,0,1.699
14.667,0,1.699
14.668,0,1.699
14.669,0,1.699
14.67,0,1.699
14.671,0,1.699
14.672,0,1.699
14.673,0,1.699
14.674,0,1.699
14.675,0,1.699
14.676,0,1.699
14.677,0,1.699
14.678,0,1.699
14.679,0,1.699
14.68,0,1.699
14.681,0,1.699
14.682,0,1.699
14.683,0,1.699
14.684,0,1.699
14.685,0,1.699
14.686,0,1.699
14.687,0,1.699
14.688,0,1.699
14.689,0,1.699
14.69,0,1.699
14.691,0,1.699
14.692,0,1.699
14.693,0,1.699
14.694,0,1.699
14.695,0,1.699
14.696,0,1.699
14.697,0,1.699
14.698,0,1.699
14.699,0,1.699
14.7,0,1.699
14.701,0,1.699
14.702,0,1.699
14.703,0,1.699
14.704,0,1.699
14.705,0,1.699
14.706,0,1.699
14.707,0,1.699
14.708,0,1.699
14.709,0,1.699
14.71,0,1.699
14.711,0,1.699
14.712,0,1.699
14.713,0,1.699
14.714,0,1.699
14.715,0,1.699
14.716,0,1.699
14.717,0,1.699
14.718,0,1.699
14.719,0,1.699
14.72,0,1.699
14.721,0,1.699
14.722,0,1.699
14.723,0,1.699
14.724,0,1.699
14.725,0,1.699
14.726,0,1.699
14.727,0,1.699
14.728,0,1.699
14.729,0,1.699
14.73,0,1.699
14.731,0,1.699
14.732,0,1.699
14.733,0,1.699
14.734,0,1.699
14.735,0,1.699
14.736,0,1.699
14.737,0,1.699
14.738,0,1.699
14.739,0,1.699
14.74,0,1.699
14.741,0,1.699
14.742,0,1.699
14.743,0,1.699
14.744,0,1.699
14.745,0,1.699
14.746,0,1.699
14.747,0,1.699
14.748,0,1.699
14.749,0,1.699
14.75,0,1.699
14.751,0,1.699
14.752,0,1.699
14.753,0,1.699
14.754,0,1.699
14.755,0,1.699
14.756,0,1.699
14.757,0,1.699
14.758,0,1.699
14.759,0,1.699
14.76,0,1.699
14.761,0,1.699
14.762,0,1.699
14.763,0,1.699
14.764,0,1.699
14.765,0,1.699
14.766,0,1.699
14.767,0,1.699
14.768,0,1.699
14.769,0,1.699
14.77,0,1.699
14.771,0,1.699
14.772,0,1.699
14.773,0,1.699
14.774,0,1.699
14.775,0,1.699
14.776,0,1.699
14.777,0,1.699
14.778,0,1.699
14.779,0,1.699
14.78,0,1.699
14.781,0,1.699
14.782,0,1.699
14.783,0,1.699
14.784,0,1.699
14.785,0,1.699
14.786,0,1.699
14.787,0,1.699
14.788,0,1.699
14.789,0,1.699
14.79,0,1.699
14.791,0,1.699
14.792,0,1.699
14.793,0,1.699
14.794,0,1.699
14.795,0,1.699
14.796,0,1.699
14.797,0,1.699
14.798,0,1.699
14.799,0,1.699
14.8,0,1.699
14.801,0,1.699
14.802,0,1.699
14.803,0,1.699
14.804,0,1.699
14.805,0,1.699
14.806,0,1.699
14.807,0,1.699
14.808,0,1.699
14.809,0,1.699
14.81,0,1.699
14.811,0,1.699
14.812,0,1.699
14.813,0,1.699
14.814,0,1.699
14.815,0,1.699
14.816,0,1.699
14.817,0,1.699
14.818,0,1.699
14.819,0,1.699
14.82,0,1.699
14.821,0,1.699
14.822,0,1.699
14.823,0,1.699
14.824,0,1.699
14.825,0,1.699
14.826,0,1.699
14.827,0,1.699
14.828,0,1.699
14.829,0,1.699
14.83,0,1.699
14.831,0,1.699
14.832,0,1.699
14.833,0,1.699
14.834,0,1.699
14.835,0,1.699
14.836,0,1.699
14.837,0,1.699
14.838,0,1.699
14.839,0,1.699
14.84,0,1.699
14.841,0,1.699
14.842,0,1.699
14.843,0,1.699
14.844,0,1.699
14.845,0,1.699
14.846,0,1.699
14.847,0,1.699
14.848,0,1.699
14.849,0,1.699
14.85,0,1.699
14.851,0,1.699
14.852,0,1.699
14.853,0,1.699
14.854,0,1.699
14.855,0,1.699
14.856,0,1.699
14.857,0,1.699
14.858,0,1.699
14.859,0,1.699
14.86,0,1.699
14.861,0,1.699
14.862,0,1.699
14.863,0,1.699
14.864,0,1.699
14.865,0,1.699
14.866,0,1.699
14.867,0,1.699
14.868,0,1.699
14.869,0,1.699
14.87,0,1.699
14.871,0,1.699
14.872,0,1.699
14.873,0,1.699
14.874,0,1.699
14.875,0,1.699
14.876,0,1.699
14.877,0,1.699
14.878,0,1.699
14.879,0,1.699
14.88,0,1.699
14.881,0,1.699
14.882,0,1.699
14.883,0,1.699
14.884,0,1.699
14.885,0,1.699
14.886,0,1.699
14.887,0,1.699
14.888,0,1.699
14.889,0,1.699
14.89,0,1.699
14.891,0,1.699
14.892,0,1.699
14.893,0,1.699
14.894,0,1.699
14.895,0,1.699
14.896,0,1.699
14.897,0,1.699
14.898,0,1.699
14.899,0,1.699
14.9,0,1.699
14.901,0,1.699
14.902,0,1.699
14.903,0,1.699
14.904,0,1.699
14.905,0,1.699
14.906,0,1.699
14.907,0,1.699
14.908,0,1.699
14.909,0,1.699
14.91,0,1.699
14.911,0,1.699
14.912,0,1.699
14.913,0,1.699
14.914,0,1.699
14.915,0,1.699
14.916,0,1.699
14.917,0,1.699
14.918,0,1.699
14.919,0,1.699
14.92,0,1.699
14.921,0,1.699
14.922,0,1.699
14.923,0,1.699
14.924,0,1.699
14.925,0,1.699
14.926,0,1.699
14.927,0,1.699
14.928,0,1.699
14.929,0,1.699
14.93,0,1.699
14.931,0,1.699
14.932,0,1.699
14.933,0,1.699
14.934,0,1.699
14.935,0,1.699
14.936,0,1.699
14.937,0,1.699
14.938,0,1.699
14.939,0,1.699
14.94,0,1.699
14.941,0,1.699
14.942,0,1.699
14.943,0,1.699
14.944,0,1.699
14.945,0,1.699
14.946,0,1.699
14.947,0,1.699
14.948,0,1.699
14.949,0,1.699
14.95,0,1.699
14.951,0,1.699
14.952,0,1.699
14.953,0,1.699
14.954,0,1.699
14.955,0,1.699
14.956,0,1.699
14.957,0,1.699
14.958,0,1.699
14.959,0,1.699
14.96,0,1.699
14.961,0,1.699
14.962,0,1.699
14.963,0,1.699
14.964,0,1.699
14.965,0,1.699
14.966,0,1.699
14.967,0,1.699
14.968,0,1.699
14.969,0,1.699
14.97,0,1.699
14.971,0,1.699
14.972,0,1.699
14.973,0,1.699
14.974,0,1.699
14.975,0,1.699
14.976,0,1.699
14.977,0,1.699
14.978,0,1.699
14.979,0,1.699
14.98,0,1.699
14.981,0,1.699
14.982,0,1.699
14.983,0,1.699
14.984,0,1.699
14.985,0,1.699
14.986,0,1.699
14.987,0,1.699
14.988,0,1.699
14.989,0,1.699
14.99,0,1.699
14.991,0,1.699
14.992,0,1.699
14.993,0,1.699
14.994,0,1.699
14.995,0,1.699
14.996,0,1.699
14.997,0,1.699
14.998,0,1.699
14.999,0,1.699
15,0.2,0.401
15.001,0.2,0.401
15.002,0.2,0.401
15.003,0.2,0.401
15.004,0.2,0.401
15.005,0.2,0.401
15.006,0.2,0.401
15.007,0.2,0.401
15.008,0.2,0.401
15.009,0.2,0.401
15.01,0.2,0.401
15.011,0.2,0.401
15.012,0.2,0.401
15.013,0.2,0.401
15.014,0.2,0.401
15.015,0.2,0.401
15.016,0.2,0.401
15.017,0.2,0.401
15.018,0.2,0.401
15.019,0.2,0.401
15.02,0.2,0.401
15.021,0.2,0.401
15.022,0.2,0.401
15.023,0.2,0.401
15.024,0.2,0.401
15.025,0.2,0.401
15.026,0.2,0.401
15.027,0.2,0.401
15.028,0.2,0.401
15.029,0.2,0.401
15.03,0.2,0.401
15.031,0.2,0.401
15.032,0.2,0.401
15.033,0.2,0.401
15.034,0.2,0.401
15.035,0.2,0.401
15.036,0.2,0.401
15.037,0.2,0.401
15.038,0.2,0.401
15.039,0.2,0.401
15.04,0.2,0.401
15.041,0.2,0.401
15.042,0.2,0.401
15.043,0.2,0.401
15.044,0.2,0.401
15.045,0.2,0.401
15.046,0.2,0.401
15.047,0.2,0.401
15.048,0.2,0.401
15.049,0.2,0.401
15.05,0.2,0.401
15.051,0.2,0.401
15.052,0.2,0.401
15.053,0.2,0.401
15.054,0.2,0.401
15.055,0.2,0.401
15.056,0.2,0.401
15.057,0.2,0.401
15.058,0.2,0.401
15.059,0.2,0.401
15.06,0.2,0.401
15.061,0.2,0.401
15.062,0.2,0.401
15.063,0.2,0.401
15.064,0.2,0.401
15.065,0.2,0.401
15.066,0.2,0.401
15.067,0.2,0.401
15.068,0.2,0.401
15.069,0.2,0.401
15.07,0.2,0.401
15.071,0.2,0.401
15.072,0.2,0.401
15.073,0.2,0.401
15.074,0.2,0.401
15.075,0.2,0.401
15.076,0.2,0.401
15.077,0.2,0.401
15.078,0.2,0.401
15.079,0.2,0.401
15.08,0.2,0.401
15.081,0.2,0.401
15.082,0.2,0.401
15.083,0.2,0.401
15.084,0.2,0.401
15.085,0.2,0.401
15.086,0.2,0.401
15.087,0.2,0.401
15.088,0.2,0.401
15.089,0.2,0.401
15.09,0.2,0.401
15.091,0.2,0.401
15.092,0.2,0.401
15.093,0.2,0.401
15.094,0.2,0.401
15.095,0.2,0.401
15.096,0.2,0.401
15.097,0.2,0.401
15.098,0.2,0.401
15.099,0.2,0.401
15.1,0.2,0.401
15.101,0.2,0.401
15.102,0.2,0.401
15.103,0.2,0.401
15.104,0.2,0.401
15.105,0.2,0.401
15.106,0.2,0.401
15.107,0.2,0.401
15.108,0.2,0.401
15.109,0.2,0.401
15.11,0.2,0.401
15.111,0.2,0.401
15.112,0.2,0.401
15.113,0.2,0.401
15.114,0.2,0.401
15.115,0.2,0.401
15.116,0.2,0.401
15.117,0.2,0.401
15.118,0.2,0.401
15.119,0.2,0.401
15.12,0.2,0.401
15.121,0.2,0.401
15.122,0.2,0.401
15.123,0.2,0.401
15.124,0.2,0.401
15.125,0.2,0.401
15.126,0.2,0.401
15.127,0.2,0.401
15.128,0.2,0.401
15.129,0.2,0.401
15.13,0.2,0.401
15.131,0.2,0.401
15.132,0.2,0.401
15.133,0.2,0.401
15.134,0.2,0.401
15.135,0.2,0.401
15.136,0.2,0.401
15.137,0.2,0.401
15.138,0.2,0.401
15.139,0.2,0.401
15.14,0.2,0.401
15.141,0.2,0.401
15.142,0.2,0.401
15.143,0.2,0.401
15.144,0.2,0.401
15.145,0.2,0.401
15.146,0.2,0.401
15.147,0.2,0.401
15.148,0.2,0.401
15.149,0.2,0.401
15.15,0.2,0.401
15.151,0.2,0.401
15.152,0.2,0.401
15.153,0.2,0.401
15.154,0.2,0.401
15.155,0.2,0.401
15.156,0.2,0.401
15.157,0.2,0.401
15.158,0.2,0.401
15.159,0.2,0.401
15.16,0.2,0.401
15.161,0.2,0.401
15.162,0.2,0.401
15.163,0.2,0.401
15.164,0.2,0.401
15.165,0.2,0.401
15.166,0.2,0.401
15.167,0.2,0.401
15.168,0.2,0.401
15.169,0.2,0.401
15.17,0.2,0.401
15.171,0.2,0.401
15.172,0.2,0.401
15.173,0.2,0.401
15.174,0.2,0.401
15.175,0.2,0.401
15.176,0.2,0.401
15.177,0.2,0.401
15.178,0.2,0.401
15.179,0.2,0.401
15.18,0.2,0.401
15.181,0.2,0.401
15.182,0.2,0.401
15.183,0.2,0.401
15.184,0.2,0.401
15.185,0.2,0.401
15.186,0.2,0.401
15.187,0.2,0.401
15.188,0.2,0.401
15.189,0.2,0.401
15.19,0.2,0.401
15.191,0.2,0.401
15.192,0.2,0.401
15.193,0.2,0.401
15.194,0.2,0.401
15.195,0.2,0.401
15.196,0.2,0.401
15.197,0.2,0.401
15.198,0.2,0.401
15.199,0.2,0.401
15.2,0.2,0.401
15.201,0.2,0.401
15.202,0.2,0.401
15.203,0.2,0.401
15.204,0.2,0.401
15.205,0.2,0.401
15.206,0.2,0.401
15.207,0.2,0.401
15.208,0.2,0.401
15.209,0.2,0.401
15.21,0.2,0.401
15.211,0.2,0.401
15.212,0.2,0.401
15.213,0.2,0.401
15.214,0.2,0.401
15.215,0.2,0.401
15.216,0.2,0.401
15.217,0.2,0.401
15.218,0.2,0.401
15.219,0.2,0.401
15.22,0.2,0.401
15.221,0.2,0.401
15.222,0.2,0.401
15.223,0.2,0.401
15.224,0.2,0.401
15.225,0.2,0.401
15.226,0.2,0.401
15.227,0.2,0.401
15.228,0.2,0.401
15.229,0.2,0.401
15.23,0.2,0.401
15.231,0.2,0.401
15.232,0.2,0.401
15.233,0.2,0.401
15.234,0.2,0.401
15.235,0.2,0.401
15.236,0.2,0.401
15.237,0.2,0.401
15.238,0.2,0.401
15.239,0.2,0.401
15.24,0.2,0.401
15.241,0.2,0.401
15.242,0.2,0.401
15.243,0.2,0.401
15.244,0.2,0.401
15.245,0.2,0.401
15.246,0.2,0.401
15.247,0.2,0.401
15.248,0.2,0.401
15.249,0.2,0.401
15.25,0.2,0.401
15.251,0.2,0.401
15.252,0.2,0.401
15.253,0.2,0.401
15.254,0.2,0.401
15.255,0.2,0.401
15.256,0.2,0.401
15.257,0.2,0.401
15.258,0.2,0.401
15.259,0.2,0.401
15.26,0.2,0.401
15.261,0.2,0.401
15.262,0.2,0.401
15.263,0.2,0.401
15.264,0.2,0.401
15.265,0.2,0.401
15.266,0.2,0.401
15.267,0.2,0.401
15.268,0.2,0.401
15.269,0.2,0.401
15.27,0.2,0.401
15.271,0.2,0.401
15.272,0.2,0.401
15.273,0.2,0.401
15.274,0.2,0.401
15.275,0.2,0.401
15.276,0.2,0.401
15.277,0.2,0.401
15.278,0.2,0.401
15.279,0.2,0.401
15.28,0.2,0.401
15.281,0.2,0.401
15.282,0.2,0.401
15.283,0.2,0.401
15.284,0.2,0.401
15.285,0.2,0.401
15.286,0.2,0.401
15.287,0.2,0.401
15.288,0.2,0.401
15.289,0.2,0.401
15.29,0.2,0.401
15.291,0.2,0.401
15.292,0.2,0.401
15.293,0.2,0.401
15.294,0.2,0.401
15.295,0.2,0.401
15.296,0.2,0.401
15.297,0.2,0.401
15.298,0.2,0.401
15.299,0.2,0.401
15.3,0.2,0.401
15.301,0.2,0.401
15.302,0.2,0.401
15.303,0.2,0.401
15.304,0.2,0.401
15.305,0.2,0.401
15.306,0.2,0.401
15.307,0.2,0.401
15.308,0.2,0.401
15.309,0.2,0.401
15.31,0.2,0.401
15.311,0.2,0.401
15.312,0.2,0.401
15.313,0.2,0.401
15.314,0.2,0.401
15.315,0.2,0.401
15.316,0.2,0.401
15.317,0.2,0.401
15.318,0.2,0.401
15.319,0.2,0.401
15.32,0.2,0.401
15.321,0.2,0.401
15.322,0.2,0.401
15.323,0.2,0.401
15.324,0.2,0.401
15.325,0.2,0.401
15.326,0.2,0.401
15.327,0.2,0.401
15.328,0.2,0.401
15.329,0.2,0.401
15.33,0.2,0.401
15.331,0.2,0.401
15.332,0.2,0.401
15.333,0.2,0.401
15.334,0.2,0.401
15.335,0.2,0.401
15.336,0.2,0.401
15.337,0.2,0.401
15.338,0.2,0.401
15.339,0.2,0.401
15.34,0.2,0.401
15.341,0.2,0.401
15.342,0.2,0.401
15.343,0.2,0.401
15.344,0.2,0.401
15.345,0.2,0.401
15.346,0.2,0.401
15.347,0.2,0.401
15.348,0.2,0.401
15.349,0.2,0.401
15.35,0.2,0.401
15.351,0.2,0.401
15.352,0.2,0.401
15.353,0.2,0.401
15.354,0.2,0.401
15.355,0.2,0.401
15.356,0.2,0.401
15.357,0.2,0.401
15.358,0.2,0.401
15.359,0.2,0.401
15.36,0.2,0.401
15.361,0.2,0.401
15.362,0.2,0.401
15.363,0.2,0.401
15.364,0.2,0.401
15.365,0.2,0.401
15.366,0.2,0.401
15.367,0.2,0.401
15.368,0.2,0.401
15.369,0.2,0.401
15.37,0.2,0.401
15.371,0.2,0.401
15.372,0.2,0.401
15.373,0.2,0.401
15.374,0.2,0.401
15.375,0.2,0.401
15.376,0.2,0.401
15.377,0.2,0.401
15.378,0.2,0.401
15.379,0.2,0.401
15.38,0.2,0.401
15.381,0.2,0.401
15.382,0.2,0.401
15.383,0.2,0.401
15.384,0.2,0.401
15.385,0.2,0.401
15.386,0.2,0.401
15.387,0.2,0.401
15.388,0.2,0.401
15.389,0.2,0.401
15.39,0.2,0.401
15.391,0.2,0.401
15.392,0.2,0.401
15.393,0.2,0.401
15.394,0.2,0.401
15.395,0.2,0.401
15.396,0.2,0.401
15.397,0.2,0.401
15.398,0.2,0.401
15.399,0.2,0.401
15.4,0.2,0.401
