0,0.15,45
0.001,0.15,45
0.002,0.15,45
0.003,0.15,45
0.004,0.15,45
0.005,0.15,45
0.006,0.15,45
0.007,0.15,45
0.008,0.15,45
0.009,0.15,45
0.01,0.15,45
0.011,0.15,45
0.012,0.15,45
0.013,0.15,45
0.014,0.15,45
0.015,0.15,45
0.016,0.15,45
0.017,0.15,45
0.018,0.15,45
0.019,0.15,45
0.02,0.15,45
0.021,0.15,45
0.022,0.15,45
0.023,0.15,45
0.024,0.15,45
0.025,0.15,45
0.026,0.15,45
0.027,0.15,45
0.028,0.15,45
0.029,0.15,45
0.03,0.15,45
0.031,0.15,45
0.032,0.15,45
0.033,0.15,45
0.034,0.15,45
0.035,0.15,45
0.036,0.15,45
0.037,0.15,45
0.038,0.15,45
0.039,0.15,45
0.04,0.15,45
0.041,0.15,45
0.042,0.15,45
0.043,0.15,45
0.044,0.15,45
0.045,0.15,45
0.046,0.15,45
0.047,0.15,45
0.048,0.15,45
0.049,0.15,45
0.05,0.15,45
0.051,0.15,45
0.052,0.15,45
0.053,0.15,45
0.054,0.15,45
0.055,0.15,45
0.056,0.15,45
0.057,0.15,45
0.058,0.15,45
0.059,0.15,45
0.06,0.15,45
0.061,0.15,45
0.062,0.15,45
0.063,0.15,45
0.064,0.15,45
0.065,0.15,45
0.066,0.15,45
0.067,0.15,45
0.068,0.15,45
0.069,0.15,45
0.07,0.15,45
0.071,0.15,45
0.072,0.15,45
0.073,0.15,45
0.074,0.15,45
0.075,0.15,45
0.076,0.15,45
0.077,0.15,45
0.078,0.15,45
0.079,0.15,45
0.08,0.15,45
0.081,0.15,45
0.082,0.15,45
0.083,0.15,45
0.084,0.15,45
0.085,0.15,45
0.086,0.15,45
0.087,0.15,45
0.088,0.15,45
0.089,0.15,45
0.09,0.15,45
0.091,0.15,45
0.092,0.15,45
0.093,0.15,45
0.094,0.15,45
0.095,0.15,45
0.096,0.15,45
0.097,0.15,45
0.098,0.15,45
0.099,0.15,45
0.1,0.15,45
0.101,0.15,45
0.102,0.15,45
0.103,0.15,45
0.104,0.15,45
0.105,0.15,45
0.106,0.15,45
0.107,0.15,45
0.108,0.15,45
0.109,0.15,45
0.11,0.15,45
0.111,0.15,45
0.112,0.15,45
0.113,0.15,45
0.114,0.15,45
0.115,0.15,45
0.116,0.15,45
0.117,0.15,45
0.118,0.15,45
0.119,0.15,45
0.12,0.15,45
0.121,0.15,45
0.122,0.15,45
0.123,0.15,45
0.124,0.15,45
0.125,0.15,45
0.126,0.15,45
0.127,0.15,45
0.128,0.15,45
0.129,0.15,45
0.13,0.15,45
0.131,0.15,45
0.132,0.15,45
0.133,0.15,45
0.134,0.15,45
0.135,0.15,45
0.136,0.15,45
0.137,0.15,45
0.138,0.15,45
0.139,0.15,45
0.14,0.15,45
0.141,0.15,45
0.142,0.15,45
0.143,0.15,45
0.144,0.15,45
0.145,0.15,45
0.146,0.15,45
0.147,0.15,45
0.148,0.15,45
0.149,0.15,45
0.15,0.15,45
0.151,0.15,45
0.152,0.15,45
0.153,0.15,45
0.154,0.15,45
0.155,0.15,45
0.156,0.15,45
0.157,0.15,45
0.158,0.15,45
0.159,0.15,45
0.16,0.15,45
0.161,0.15,45
0.162,0.15,45
0.163,0.15,45
0.164,0.15,45
0.165,0.15,45
0.166,0.15,45
0.167,0.15,45
0.168,0.15,45
0.169,0.15,45
0.17,0.15,45
0.171,0.15,45
0.172,0.15,45
0.173,0.15,45
0.174,0.15,45
0.175,0.15,45
0.176,0.15,45
0.177,0.15,45
0.178,0.15,45
0.179,0.15,45
0.18,0.15,45
0.181,0.15,45
0.182,0.15,45
0.183,0.15,45
0.184,0.15,45
0.185,0.15,45
0.186,0.15,45
0.187,0.15,45
0.188,0.15,45
0.189,0.15,45
0.19,0.15,45
0.191,0.15,45
0.192,0.15,45
0.193,0.15,45
0.194,0.15,45
0.195,0.15,45
0.196,0.15,45
0.197,0.15,45
0.198,0.15,45
0.199,0.15,45
0.2,0.15,45
0.201,0.15,45
0.202,0.15,45
0.203,0.15,45
0.204,0.15,45
0.205,0.15,45
0.206,0.15,45
0.207,0.15,45
0.208,0.15,45
0.209,0.15,45
0.21,0.15,45
0.211,0.15,45
0.212,0.15,45
0.213,0.15,45
0.214,0.15,45
0.215,0.15,45
0.216,0.15,45
0.217,0.15,45
0.218,0.15,45
0.219,0.15,45
0.22,0.15,45
0.221,0.15,45
0.222,0.15,45
0.223,0.15,45
0.224,0.15,45
0.225,0.15,45
0.226,0.15,45
0.227,0.15,45
0.228,0.15,45
0.229,0.15,45
0.23,0.15,45
0.231,0.15,45
0.232,0.15,45
0.233,0.15,45
0.234,0.15,45
0.235,0.15,45
0.236,0.15,45
0.237,0.15,45
0.238,0.15,45
0.239,0.15,45
0.24,0.15,45
0.241,0.15,45
0.242,0.15,45
0.243,0.15,45
0.244,0.15,45
0.245,0.15,45
0.246,0.15,45
0.247,0.15,45
0.248,0.15,45
0.249,0.15,45
0.25,0.15,45
0.251,0.15,45
0.252,0.15,45
0.253,0.15,45
0.254,0.15,45
0.255,0.15,45
0.256,0.15,45
0.257,0.15,45
0.258,0.15,45
0.259,0.15,45
0.26,0.15,45
0.261,0.15,45
0.262,0.15,45
0.263,0.15,45
0.264,0.15,45
0.265,0.15,45
0.266,0.15,45
0.267,0.15,45
0.268,0.15,45
0.269,0.15,45
0.27,0.15,45
0.271,0.15,45
0.272,0.15,45
0.273,0.15,45
0.274,0.15,45
0.275,0.15,45
0.276,0.15,45
0.277,0.15,45
0.278,0.15,45
0.279,0.15,45
0.28,0.15,45
0.281,0.15,45
0.282,0.15,45
0.283,0.15,45
0.284,0.15,45
0.285,0.15,45
0.286,0.15,45
0.287,0.15,45
0.288,0.15,45
0.289,0.15,45
0.29,0.15,45
0.291,0.15,45
0.292,0.15,45
0.293,0.15,45
0.294,0.15,45
0.295,0.15,45
0.296,0.15,45
0.297,0.15,45
0.298,0.15,45
0.299,0.15,45
0.3,0.15,45
0.301,0.15,45
0.302,0.15,45
0.303,0.15,45
0.304,0.15,45
0.305,0.15,45
0.306,0.15,45
0.307,0.15,45
0.308,0.15,45
0.309,0.15,45
0.31,0.15,45
0.311,0.15,45
0.312,0.15,45
0.313,0.15,45
0.314,0.15,45
0.315,0.15,45
0.316,0.15,45
0.317,0.15,45
0.318,0.15,45
0.319,0.15,45
0.32,0.15,45
0.321,0.15,45
0.322,0.15,45
0.323,0.15,45
0.324,0.15,45
0.325,0.15,45
0.326,0.15,45
0.327,0.15,45
0.328,0.15,45
0.329,0.15,45
0.33,0.15,45
0.331,0.15,45
0.332,0.15,45
0.333,0.15,45
0.334,0.15,45
0.335,0.15,45
0.336,0.15,45
0.337,0.15,45
0.338,0.15,45
0.339,0.15,45
0.34,0.15,45
0.341,0.15,45
0.342,0.15,45
0.343,0.15,45
0.344,0.15,45
0.345,0.15,45
0.346,0.15,45
0.347,0.15,45
0.348,0.15,45
0.349,0.15,45
0.35,0.15,45
0.351,0.15,45
0.352,0.15,45
0.353,0.15,45
0.354,0.15,45
0.355,0.15,45
0.356,0.15,45
0.357,0.15,45
0.358,0.15,45
0.359,0.15,45
0.36,0.15,45
0.361,0.15,45
0.362,0.15,45
0.363,0.15,45
0.364,0.15,45
0.365,0.15,45
0.366,0.15,45
0.367,0.15,45
0.368,0.15,45
0.369,0.15,45
0.37,0.15,45
0.371,0.15,45
0.372,0.15,45
0.373,0.15,45
0.374,0.15,45
0.375,0.15,45
0.376,0.15,45
0.377,0.15,45
0.378,0.15,45
0.379,0.15,45
0.38,0.15,45
0.381,0.15,45
0.382,0.15,45
0.383,0.15,45
0.384,0.15,45
0.385,0.15,45
0.386,0.15,45
0.387,0.15,45
0.388,0.15,45
0.389,0.15,45
0.39,0.15,45
0.391,0.15,45
0.392,0.15,45
0.393,0.15,45
0.394,0.15,45
0.395,0.15,45
0.396,0.15,45
0.397,0.15,45
0.398,0.15,45
0.399,0.15,45
0.4,0.15,45
0.401,0.15,45
0.402,0.15,45
0.403,0.15,45
0.404,0.15,45
0.405,0.15,45
0.406,0.15,45
0.407,0.15,45
0.408,0.15,45
0.409,0.15,45
0.41,0.15,45
0.411,0.15,45
0.412,0.15,45
0.413,0.15,45
0.414,0.15,45
0.415,0.15,45
0.416,0.15,45
0.417,0.15,45
0.418,0.15,45
0.419,0.15,45
0.42,0.15,45
0.421,0.15,45
0.422,0.15,45
0.423,0.15,45
0.424,0.15,45
0.425,0.15,45
0.426,0.15,45
0.427,0.15,45
0.428,0.15,45
0.429,0.15,45
0.43,0.15,45
0.431,0.15,45
0.432,0.15,45
0.433,0.15,45
0.434,0.15,45
0.435,0.15,45
0.436,0.15,45
0.437,0.15,45
0.438,0.15,45
0.439,0.15,45
0.44,0.15,45
0.441,0.15,45
0.442,0.15,45
0.443,0.15,45
0.444,0.15,45
0.445,0.15,45
0.446,0.15,45
0.447,0.15,45
0.448,0.15,45
0.449,0.15,45
0.45,0.15,45
0.451,0.15,45
0.452,0.15,45
0.453,0.15,45
0.454,0.15,45
0.455,0.15,45
0.456,0.15,45
0.457,0.15,45
0.458,0.15,45
0.459,0.15,45
0.46,0.15,45
0.461,0.15,45
0.462,0.15,45
0.463,0.15,45
0.464,0.15,45
0.465,0.15,45
0.466,0.15,45
0.467,0.15,45
0.468,0.15,45
0.469,0.15,45
0.47,0.15,45
0.471,0.15,45
0.472,0.15,45
0.473,0.15,45
0.474,0.15,45
0.475,0.15,45
0.476,0.15,45
0.477,0.15,45
0.478,0.15,45
0.479,0.15,45
0.48,0.15,45
0.481,0.15,45
0.482,0.15,45
0.483,0.15,45
0.484,0.15,45
0.485,0.15,45
0.486,0.15,45
0.487,0.15,45
0.488,0.15,45
0.489,0.15,45
0.49,0.15,45
0.491,0.15,45
0.492,0.15,45
0.493,0.15,45
0.494,0.15,45
0.495,0.15,45
0.496,0.15,45
0.497,0.15,45
0.498,0.15,45
0.499,0.15,45
0.5,0.15,45
0.501,0.15,45
0.502,0.15,45
0.503,0.15,45
0.504,0.15,45
0.505,0.15,45
0.506,0.15,45
0.507,0.15,45
0.508,0.15,45
0.509,0.15,45
0.51,0.15,45
0.511,0.15,45
0.512,0.15,45
0.513,0.15,45
0.514,0.15,45
0.515,0.15,45
0.516,0.15,45
0.517,0.15,45
0.518,0.15,45
0.519,0.15,45
0.52,0.15,45
0.521,0.15,45
0.522,0.15,45
0.523,0.15,45
0.524,0.15,45
0.525,0.15,45
0.526,0.15,45
0.527,0.15,45
0.528,0.15,45
0.529,0.15,45
0.53,0.15,45
0.531,0.15,45
0.532,0.15,45
0.533,0.15,45
0.534,0.15,45
0.535,0.15,45
0.536,0.15,45
0.537,0.15,45
0.538,0.15,45
0.539,0.15,45
0.54,0.15,45
0.541,0.15,45
0.542,0.15,45
0.543,0.15,45
0.544,0.15,45
0.545,0.15,45
0.546,0.15,45
0.547,0.15,45
0.548,0.15,45
0.549,0.15,45
0.55,0.15,45
0.551,0.15,45
0.552,0.15,45
0.553,0.15,45
0.554,0.15,45
0.555,0.15,45
0.556,0.15,45
0.557,0.15,45
0.558,0.15,45
0.559,0.15,45
0.56,0.15,45
0.561,0.15,45
0.562,0.15,45
0.563,0.15,45
0.564,0.15,45
0.565,0.15,45
0.566,0.15,45
0.567,0.15,45
0.568,0.15,45
0.569,0.15,45
0.57,0.15,45
0.571,0.15,45
0.572,0.15,45
0.573,0.15,45
0.574,0.15,45
0.575,0.15,45
0.576,0.15,45
0.577,0.15,45
0.578,0.15,45
0.579,0.15,45
0.58,0.15,45
0.581,0.15,45
0.582,0.15,45
0.583,0.15,45
0.584,0.15,45
0.585,0.15,45
0.586,0.15,45
0.587,0.15,45
0.588,0.15,45
0.589,0.15,45
0.59,0.15,45
0.591,0.15,45
0.592,0.15,45
0.593,0.15,45
0.594,0.15,45
0.595,0.15,45
0.596,0.15,45
0.597,0.15,45
0.598,0.15,45
0.599,0.15,45
0.6,0.15,45
0.601,0.15,45
0.602,0.15,45
0.603,0.15,45
0.604,0.15,45
0.605,0.15,45
0.606,0.15,45
0.607,0.15,45
0.608,0.15,45
0.609,0.15,45
0.61,0.15,45
0.611,0.15,45
0.612,0.15,45
0.613,0.15,45
0.614,0.15,45
0.615,0.15,45
0.616,0.15,45
0.617,0.15,45
0.618,0.15,45
0.619,0.15,45
0.62,0.15,45
0.621,0.15,45
0.622,0.15,45
0.623,0.15,45
0.624,0.15,45
0.625,0.15,45
0.626,0.15,45
0.627,0.15,45
0.628,0.15,45
0.629,0.15,45
0.63,0.15,45
0.631,0.15,45
0.632,0.15,45
0.633,0.15,45
0.634,0.15,45
0.635,0.15,45
0.636,0.15,45
0.637,0.15,45
0.638,0.15,45
0.639,0.15,45
0.64,0.15,45
0.641,0.15,45
0.642,0.15,45
0.643,0.15,45
0.644,0.15,45
0.645,0.15,45
0.646,0.15,45
0.647,0.15,45
0.648,0.15,45
0.649,0.15,45
0.65,0.15,45
0.651,0.15,45
0.652,0.15,45
0.653,0.15,45
0.654,0.15,45
0.655,0.15,45
0.656,0.15,45
0.657,0.15,45
0.658,0.15,45
0.659,0.15,45
0.66,0.15,45
0.661,0.15,45
0.662,0.15,45
0.663,0.15,45
0.664,0.15,45
0.665,0.15,45
0.666,0.15,45
0.667,0.15,45
0.668,0.15,45
0.669,0.15,45
0.67,0.15,45
0.671,0.15,45
0.672,0.15,45
0.673,0.15,45
0.674,0.15,45
0.675,0.15,45
0.676,0.15,45
0.677,0.15,45
0.678,0.15,45
0.679,0.15,45
0.68,0.15,45
0.681,0.15,45
0.682,0.15,45
0.683,0.15,45
0.684,0.15,45
0.685,0.15,45
0.686,0.15,45
0.687,0.15,45
0.688,0.15,45
0.689,0.15,45
0.69,0.15,45
0.691,0.15,45
0.692,0.15,45
0.693,0.15,45
0.694,0.15,45
0.695,0.15,45
0.696,0.15,45
0.697,0.15,45
0.698,0.15,45
0.699,0.15,45
0.7,0.15,45
0.701,0.15,45
0.702,0.15,45
0.703,0.15,45
0.704,0.15,45
0.705,0.15,45
0.706,0.15,45
0.707,0.15,45
0.708,0.15,45
0.709,0.15,45
0.71,0.15,45
0.711,0.15,45
0.712,0.15,45
0.713,0.15,45
0.714,0.15,45
0.715,0.15,45
0.716,0.15,45
0.717,0.15,45
0.718,0.15,45
0.719,0.15,45
0.72,0.15,45
0.721,0.15,45
0.722,0.15,45
0.723,0.15,45
0.724,0.15,45
0.725,0.15,45
0.726,0.15,45
0.727,0.15,45
0.728,0.15,45
0.729,0.15,45
0.73,0.15,45
0.731,0.15,45
0.732,0.15,45
0.733,0.15,45
0.734,0.15,45
0.735,0.15,45
0.736,0.15,45
0.737,0.15,45
0.738,0.15,45
0.739,0.15,45
0.74,0.15,45
0.741,0.15,45
0.742,0.15,45
0.743,0.15,45
0.744,0.15,45
0.745,0.15,45
0.746,0.15,45
0.747,0.15,45
0.748,0.15,45
0.749,0.15,45
0.75,0.15,45
0.751,0.15,45
0.752,0.15,45
0.753,0.15,45
0.754,0.15,45
0.755,0.15,45
0.756,0.15,45
0.757,0.15,45
0.758,0.15,45
0.759,0.15,45
0.76,0.15,45
0.761,0.15,45
0.762,0.15,45
0.763,0.15,45
0.764,0.15,45
0.765,0.15,45
0.766,0.15,45
0.767,0.15,45
0.768,0.15,45
0.769,0.15,45
0.77,0.15,45
0.771,0.15,45
0.772,0.15,45
0.773,0.15,45
0.774,0.15,45
0.775,0.15,45
0.776,0.15,45
0.777,0.15,45
0.778,0.15,45
0.779,0.15,45
0.78,0.15,45
0.781,0.15,45
0.782,0.15,45
0.783,0.15,45
0.784,0.15,45
0.785,0.15,45
0.786,0.15,45
0.787,0.15,45
0.788,0.15,45
0.789,0.15,45
0.79,0.15,45
0.791,0.15,45
0.792,0.15,45
0.793,0.15,45
0.794,0.15,45
0.795,0.15,45
0.796,0.15,45
0.797,0.15,45
0.798,0.15,45
0.799,0.15,45
0.8,0.15,45
0.801,0.15,45
0.802,0.15,45
0.803,0.15,45
0.804,0.15,45
0.805,0.15,45
0.806,0.15,45
0.807,0.15,45
0.808,0.15,45
0.809,0.15,45
0.81,0.15,45
0.811,0.15,45
0.812,0.15,45
0.813,0.15,45
0.814,0.15,45
0.815,0.15,45
0.816,0.15,45
0.817,0.15,45
0.818,0.15,45
0.819,0.15,45
0.82,0.15,45
0.821,0.15,45
0.822,0.15,45
0.823,0.15,45
0.824,0.15,45
0.825,0.15,45
0.826,0.15,45
0.827,0.15,45
0.828,0.15,45
0.829,0.15,45
0.83,0.15,45
0.831,0.15,45
0.832,0.15,45
0.833,0.15,45
0.834,0.15,45
0.835,0.15,45
0.836,0.15,45
0.837,0.15,45
0.838,0.15,45
0.839,0.15,45
0.84,0.15,45
0.841,0.15,45
0.842,0.15,45
0.843,0.15,45
0.844,0.15,45
0.845,0.15,45
0.846,0.15,45
0.847,0.15,45
0.848,0.15,45
0.849,0.15,45
0.85,0.15,45
0.851,0.15,45
0.852,0.15,45
0.853,0.15,45
0.854,0.15,45
0.855,0.15,45
0.856,0.15,45
0.857,0.15,45
0.858,0.15,45
0.859,0.15,45
0.86,0.15,45
0.861,0.15,45
0.862,0.15,45
0.863,0.15,45
0.864,0.15,45
0.865,0.15,45
0.866,0.15,45
0.867,0.15,45
0.868,0.15,45
0.869,0.15,45
0.87,0.15,45
0.871,0.15,45
0.872,0.15,45
0.873,0.15,45
0.874,0.15,45
0.875,0.15,45
0.876,0.15,45
0.877,0.15,45
0.878,0.15,45
0.879,0.15,45
0.88,0.15,45
0.881,0.15,45
0.882,0.15,45
0.883,0.15,45
0.884,0.15,45
0.885,0.15,45
0.886,0.15,45
0.887,0.15,45
0.888,0.15,45
0.889,0.15,45
0.89,0.15,45
0.891,0.15,45
0.892,0.15,45
0.893,0.15,45
0.894,0.15,45
0.895,0.15,45
0.896,0.15,45
0.897,0.15,45
0.898,0.15,45
0.899,0.15,45
0.9,0.15,45
0.901,0.15,45
0.902,0.15,45
0.903,0.15,45
0.904,0.15,45
0.905,0.15,45
0.906,0.15,45
0.907,0.15,45
0.908,0.15,45
0.909,0.15,45
0.91,0.15,45
0.911,0.15,45
0.912,0.15,45
0.913,0.15,45
0.914,0.15,45
0.915,0.15,45
0.916,0.15,45
0.917,0.15,45
0.918,0.15,45
0.919,0.15,45
0.92,0.15,45
0.921,0.15,45
0.922,0.15,45
0.923,0.15,45
0.924,0.15,45
0.925,0.15,45
0.926,0.15,45
0.927,0.15,45
0.928,0.15,45
0.929,0.15,45
0.93,0.15,45
0.931,0.15,45
0.932,0.15,45
0.933,0.15,45
0.934,0.15,45
0.935,0.15,45
0.936,0.15,45
0.937,0.15,45
0.938,0.15,45
0.939,0.15,45
0.94,0.15,45
0.941,0.15,45
0.942,0.15,45
0.943,0.15,45
0.944,0.15,45
0.945,0.15,45
0.946,0.15,45
0.947,0.15,45
0.948,0.15,45
0.949,0.15,45
0.95,0.15,45
0.951,0.15,45
0.952,0.15,45
0.953,0.15,45
0.954,0.15,45
0.955,0.15,45
0.956,0.15,45
0.957,0.15,45
0.958,0.15,45
0.959,0.15,45
0.96,0.15,45
0.961,0.15,45
0.962,0.15,45
0.963,0.15,45
0.964,0.15,45
0.965,0.15,45
0.966,0.15,45
0.967,0.15,45
0.968,0.15,45
0.969,0.15,45
0.97,0.15,45
0.971,0.15,45
0.972,0.15,45
0.973,0.15,45
0.974,0.15,45
0.975,0.15,45
0.976,0.15,45
0.977,0.15,45
0.978,0.15,45
0.979,0.15,45
0.98,0.15,45
0.981,0.15,45
0.982,0.15,45
0.983,0.15,45
0.984,0.15,45
0.985,0.15,45
0.986,0.15,45
0.987,0.15,45
0.988,0.15,45
0.989,0.15,45
0.99,0.15,45
0.991,0.15,45
0.992,0.15,45
0.993,0.15,45
0.994,0.15,45
0.995,0.15,45
0.996,0.15,45
0.997,0.15,45
0.998,0.15,45
0.999,0.15,45
1,0.15,45
1.001,0.15,45
1.002,0.15,45
1.003,0.15,45
1.004,0.15,45
1.005,0.15,45
1.006,0.15,45
1.007,0.15,45
1.008,0.15,45
1.009,0.15,45
1.01,0.15,45
1.011,0.15,45
1.012,0.15,45
1.013,0.15,45
1.014,0.15,45
1.015,0.15,45
1.016,0.15,45
1.017,0.15,45
1.018,0.15,45
1.019,0.15,45
1.02,0.15,45
1.021,0.15,45
1.022,0.15,45
1.023,0.15,45
1.024,0.15,45
1.025,0.15,45
1.026,0.15,45
1.027,0.15,45
1.028,0.15,45
1.029,0.15,45
1.03,0.15,45
1.031,0.15,45
1.032,0.15,45
1.033,0.15,45
1.034,0.15,45
1.035,0.15,45
1.036,0.15,45
1.037,0.15,45
1.038,0.15,45
1.039,0.15,45
1.04,0.15,45
1.041,0.15,45
1.042,0.15,45
1.043,0.15,45
1.044,0.15,45
1.045,0.15,45
1.046,0.15,45
1.047,0.15,45
1.048,0.15,45
1.049,0.15,45
1.05,0.15,45
1.051,0.15,45
1.052,0.15,45
1.053,0.15,45
1.054,0.15,45
1.055,0.15,45
1.056,0.15,45
1.057,0.15,45
1.058,0.15,45
1.059,0.15,45
1.06,0.15,45
1.061,0.15,45
1.062,0.15,45
1.063,0.15,45
1.064,0.15,45
1.065,0.15,45
1.066,0.15,45
1.067,0.15,45
1.068,0.15,45
1.069,0.15,45
1.07,0.15,45
1.071,0.15,45
1.072,0.15,45
1.073,0.15,45
1.074,0.15,45
1.075,0.15,45
1.076,0.15,45
1.077,0.15,45
1.078,0.15,45
1.079,0.15,45
1.08,0.15,45
1.081,0.15,45
1.082,0.15,45
1.083,0.15,45
1.084,0.15,45
1.085,0.15,45
1.086,0.15,45
1.087,0.15,45
1.088,0.15,45
1.089,0.15,45
1.09,0.15,45
1.091,0.15,45
1.092,0.15,45
1.093,0.15,45
1.094,0.15,45
1.095,0.15,45
1.096,0.15,45
1.097,0.15,45
1.098,0.15,45
1.099,0.15,45
1.1,0.15,45
1.101,0.15,45
1.102,0.15,45
1.103,0.15,45
1.104,0.15,45
1.105,0.15,45
1.106,0.15,45
1.107,0.15,45
1.108,0.15,45
1.109,0.15,45
1.11,0.15,45
1.111,0.15,45
1.112,0.15,45
1.113,0.15,45
1.114,0.15,45
1.115,0.15,45
1.116,0.15,45
1.117,0.15,45
1.118,0.15,45
1.119,0.15,45
1.12,0.15,45
1.121,0.15,45
1.122,0.15,45
1.123,0.15,45
1.124,0.15,45
1.125,0.15,45
1.126,0.15,45
1.127,0.15,45
1.128,0.15,45
1.129,0.15,45
1.13,0.15,45
1.131,0.15,45
1.132,0.15,45
1.133,0.15,45
1.134,0.15,45
1.135,0.15,45
1.136,0.15,45
1.137,0.15,45
1.138,0.15,45
1.139,0.15,45
1.14,0.15,45
1.141,0.15,45
1.142,0.15,45
1.143,0.15,45
1.144,0.15,45
1.145,0.15,45
1.146,0.15,45
1.147,0.15,45
1.148,0.15,45
1.149,0.15,45
1.15,0.15,45
1.151,0.15,45
1.152,0.15,45
1.153,0.15,45
1.154,0.15,45
1.155,0.15,45
1.156,0.15,45
1.157,0.15,45
1.158,0.15,45
1.159,0.15,45
1.16,0.15,45
1.161,0.15,45
1.162,0.15,45
1.163,0.15,45
1.164,0.15,45
1.165,0.15,45
1.166,0.15,45
1.167,0.15,45
1.168,0.15,45
1.169,0.15,45
1.17,0.15,45
1.171,0.15,45
1.172,0.15,45
1.173,0.15,45
1.174,0.15,45
1.175,0.15,45
1.176,0.15,45
1.177,0.15,45
1.178,0.15,45
1.179,0.15,45
1.18,0.15,45
1.181,0.15,45
1.182,0.15,45
1.183,0.15,45
1.184,0.15,45
1.185,0.15,45
1.186,0.15,45
1.187,0.15,45
1.188,0.15,45
1.189,0.15,45
1.19,0.15,45
1.191,0.15,45
1.192,0.15,45
1.193,0.15,45
1.194,0.15,45
1.195,0.15,45
1.196,0.15,45
1.197,0.15,45
1.198,0.15,45
1.199,0.15,45
1.2,0.15,45
1.201,0.15,45
1.202,0.15,45
1.203,0.15,45
1.204,0.15,45
1.205,0.15,45
1.206,0.15,45
1.207,0.15,45
1.208,0.15,45
1.209,0.15,45
1.21,0.15,45
1.211,0.15,45
1.212,0.15,45
1.213,0.15,45
1.214,0.15,45
1.215,0.15,45
1.216,0.15,45
1.217,0.15,45
1.218,0.15,45
1.219,0.15,45
1.22,0.15,45
1.221,0.15,45
1.222,0.15,45
1.223,0.15,45
1.224,0.15,45
1.225,0.15,45
1.226,0.15,45
1.227,0.15,45
1.228,0.15,45
1.229,0.15,45
1.23,0.15,45
1.231,0.15,45
1.232,0.15,45
1.233,0.15,45
1.234,0.15,45
1.235,0.15,45
1.236,0.15,45
1.237,0.15,45
1.238,0.15,45
1.239,0.15,45
1.24,0.15,45
1.241,0.15,45
1.242,0.15,45
1.243,0.15,45
1.244,0.15,45
1.245,0.15,45
1.246,0.15,45
1.247,0.15,45
1.248,0.15,45
1.249,0.15,45
1.25,0.15,45
1.251,0.15,45
1.252,0.15,45
1.253,0.15,45
1.254,0.15,45
1.255,0.15,45
1.256,0.15,45
1.257,0.15,45
1.258,0.15,45
1.259,0.15,45
1.26,0.15,45
1.261,0.15,45
1.262,0.15,45
1.263,0.15,45
1.264,0.15,45
1.265,0.15,45
1.266,0.15,45
1.267,0.15,45
1.268,0.15,45
1.269,0.15,45
1.27,0.15,45
1.271,0.15,45
1.272,0.15,45
1.273,0.15,45
1.274,0.15,45
1.275,0.15,45
1.276,0.15,45
1.277,0.15,45
1.278,0.15,45
1.279,0.15,45
1.28,0.15,45
1.281,0.15,45
1.282,0.15,45
1.283,0.15,45
1.284,0.15,45
1.285,0.15,45
1.286,0.15,45
1.287,0.15,45
1.288,0.15,45
1.289,0.15,45
1.29,0.15,45
1.291,0.15,45
1.292,0.15,45
1.293,0.15,45
1.294,0.15,45
1.295,0.15,45
1.296,0.15,45
1.297,0.15,45
1.298,0.15,45
1.299,0.15,45
1.3,0.15,45
1.301,0.15,45
1.302,0.15,45
1.303,0.15,45
1.304,0.15,45
1.305,0.15,45
1.306,0.15,45
1.307,0.15,45
1.308,0.15,45
1.309,0.15,45
1.31,0.15,45
1.311,0.15,45
1.312,0.15,45
1.313,0.15,45
1.314,0.15,45
1.315,0.15,45
1.316,0.15,45
1.317,0.15,45
1.318,0.15,45
1.319,0.15,45
1.32,0.15,45
1.321,0.15,45
1.322,0.15,45
1.323,0.15,45
1.324,0.15,45
1.325,0.15,45
1.326,0.15,45
1.327,0.15,45
1.328,0.15,45
1.329,0.15,45
1.33,0.15,45
1.331,0.15,45
1.332,0.15,45
1.333,0.15,45
1.334,0.15,45
1.335,0.15,45
1.336,0.15,45
1.337,0.15,45
1.338,0.15,45
1.339,0.15,45
1.34,0.15,45
1.341,0.15,45
1.342,0.15,45
1.343,0.15,45
1.344,0.15,45
1.345,0.15,45
1.346,0.15,45
1.347,0.15,45
1.348,0.15,45
1.349,0.15,45
1.35,0.15,45
1.351,0.15,45
1.352,0.15,45
1.353,0.15,45
1.354,0.15,45
1.355,0.15,45
1.356,0.15,45
1.357,0.15,45
1.358,0.15,45
1.359,0.15,45
1.36,0.15,45
1.361,0.15,45
1.362,0.15,45
1.363,0.15,45
1.364,0.15,45
1.365,0.15,45
1.366,0.15,45
1.367,0.15,45
1.368,0.15,45
1.369,0.15,45
1.37,0.15,45
1.371,0.15,45
1.372,0.15,45
1.373,0.15,45
1.374,0.15,45
1.375,0.15,45
1.376,0.15,45
1.377,0.15,45
1.378,0.15,45
1.379,0.15,45
1.38,0.15,45
1.381,0.15,45
1.382,0.15,45
1.383,0.15,45
1.384,0.15,45
1.385,0.15,45
1.386,0.15,45
1.387,0.15,45
1.388,0.15,45
1.389,0.15,45
1.39,0.15,45
1.391,0.15,45
1.392,0.15,45
1.393,0.15,45
1.394,0.15,45
1.395,0.15,45
1.396,0.15,45
1.397,0.15,45
1.398,0.15,45
1.399,0.15,45
1.4,0.15,45
1.401,0.15,45
1.402,0.15,45
1.403,0.15,45
1.404,0.15,45
1.405,0.15,45
1.406,0.15,45
1.407,0.15,45
1.408,0.15,45
1.409,0.15,45
1.41,0.15,45
1.411,0.15,45
1.412,0.15,45
1.413,0.15,45
1.414,0.15,45
1.415,0.15,45
1.416,0.15,45
1.417,0.15,45
1.418,0.15,45
1.419,0.15,45
1.42,0.15,45
1.421,0.15,45
1.422,0.15,45
1.423,0.15,45
1.424,0.15,45
1.425,0.15,45
1.426,0.15,45
1.427,0.15,45
1.428,0.15,45
1.429,0.15,45
1.43,0.15,45
1.431,0.15,45
1.432,0.15,45
1.433,0.15,45
1.434,0.15,45
1.435,0.15,45
1.436,0.15,45
1.437,0.15,45
1.438,0.15,45
1.439,0.15,45
1.44,0.15,45
1.441,0.15,45
1.442,0.15,45
1.443,0.15,45
1.444,0.15,45
1.445,0.15,45
1.446,0.15,45
1.447,0.15,45
1.448,0.15,45
1.449,0.15,45
1.45,0.15,45
1.451,0.15,45
1.452,0.15,45
1.453,0.15,45
1.454,0.15,45
1.455,0.15,45
1.456,0.15,45
1.457,0.15,45
1.458,0.15,45
1.459,0.15,45
1.46,0.15,45
1.461,0.15,45
1.462,0.15,45
1.463,0.15,45
1.464,0.15,45
1.465,0.15,45
1.466,0.15,45
1.467,0.15,45
1.468,0.15,45
1.469,0.15,45
1.47,0.15,45
1.471,0.15,45
1.472,0.15,45
1.473,0.15,45
1.474,0.15,45
1.475,0.15,45
1.476,0.15,45
1.477,0.15,45
1.478,0.15,45
1.479,0.15,45
1.48,0.15,45
1.481,0.15,45
1.482,0.15,45
1.483,0.15,45
1.484,0.15,45
1.485,0.15,45
1.486,0.15,45
1.487,0.15,45
1.488,0.15,45
1.489,0.15,45
1.49,0.15,45
1.491,0.15,45
1.492,0.15,45
1.493,0.15,45
1.494,0.15,45
1.495,0.15,45
1.496,0.15,45
1.497,0.15,45
1.498,0.15,45
1.499,0.15,45
1.5,0.15,45
1.501,0.15,45
1.502,0.15,45
1.503,0.15,45
1.504,0.15,45
1.505,0.15,45
1.506,0.15,45
1.507,0.15,45
1.508,0.15,45
1.509,0.15,45
1.51,0.15,45
1.511,0.15,45
1.512,0.15,45
1.513,0.15,45
1.514,0.15,45
1.515,0.15,45
1.516,0.15,45
1.517,0.15,45
1.518,0.15,45
1.519,0.15,45
1.52,0.15,45
1.521,0.15,45
1.522,0.15,45
1.523,0.15,45
1.524,0.15,45
1.525,0.15,45
1.526,0.15,45
1.527,0.15,45
1.528,0.15,45
1.529,0.15,45
1.53,0.15,45
1.531,0.15,45
1.532,0.15,45
1.533,0.15,45
1.534,0.15,45
1.535,0.15,45
1.536,0.15,45
1.537,0.15,45
1.538,0.15,45
1.539,0.15,45
1.54,0.15,45
1.541,0.15,45
1.542,0.15,45
1.543,0.15,45
1.544,0.15,45
1.545,0.15,45
1.546,0.15,45
1.547,0.15,45
1.548,0.15,45
1.549,0.15,45
1.55,0.15,45
1.551,0.15,45
1.552,0.15,45
1.553,0.15,45
1.554,0.15,45
1.555,0.15,45
1.556,0.15,45
1.557,0.15,45
1.558,0.15,45
1.559,0.15,45
1.56,0.15,45
1.561,0.15,45
1.562,0.15,45
1.563,0.15,45
1.564,0.15,45
1.565,0.15,45
1.566,0.15,45
1.567,0.15,45
1.568,0.15,45
1.569,0.15,45
1.57,0.15,45
1.571,0.15,45
1.572,0.15,45
1.573,0.15,45
1.574,0.15,45
1.575,0.15,45
1.576,0.15,45
1.577,0.15,45
1.578,0.15,45
1.579,0.15,45
1.58,0.15,45
1.581,0.15,45
1.582,0.15,45
1.583,0.15,45
1.584,0.15,45
1.585,0.15,45
1.586,0.15,45
1.587,0.15,45
1.588,0.15,45
1.589,0.15,45
1.59,0.15,45
1.591,0.15,45
1.592,0.15,45
1.593,0.15,45
1.594,0.15,45
1.595,0.15,45
1.596,0.15,45
1.597,0.15,45
1.598,0.15,45
1.599,0.15,45
1.6,0.15,45
1.601,0.15,45
1.602,0.15,45
1.603,0.15,45
1.604,0.15,45
1.605,0.15,45
1.606,0.15,45
1.607,0.15,45
1.608,0.15,45
1.609,0.15,45
1.61,0.15,45
1.611,0.15,45
1.612,0.15,45
1.613,0.15,45
1.614,0.15,45
1.615,0.15,45
1.616,0.15,45
1.617,0.15,45
1.618,0.15,45
1.619,0.15,45
1.62,0.15,45
1.621,0.15,45
1.622,0.15,45
1.623,0.15,45
1.624,0.15,45
1.625,0.15,45
1.626,0.15,45
1.627,0.15,45
1.628,0.15,45
1.629,0.15,45
1.63,0.15,45
1.631,0.15,45
1.632,0.15,45
1.633,0.15,45
1.634,0.15,45
1.635,0.15,45
1.636,0.15,45
1.637,0.15,45
1.638,0.15,45
1.639,0.15,45
1.64,0.15,45
1.641,0.15,45
1.642,0.15,45
1.643,0.15,45
1.644,0.15,45
1.645,0.15,45
1.646,0.15,45
1.647,0.15,45
1.648,0.15,45
1.649,0.15,45
1.65,0.15,45
1.651,0.15,45
1.652,0.15,45
1.653,0.15,45
1.654,0.15,45
1.655,0.15,45
1.656,0.15,45
1.657,0.15,45
1.658,0.15,45
1.659,0.15,45
1.66,0.15,45
1.661,0.15,45
1.662,0.15,45
1.663,0.15,45
1.664,0.15,45
1.665,0.15,45
1.666,0.15,45
1.667,0.15,45
1.668,0.15,45
1.669,0.15,45
1.67,0.15,45
1.671,0.15,45
1.672,0.15,45
1.673,0.15,45
1.674,0.15,45
1.675,0.15,45
1.676,0.15,45
1.677,0.15,45
1.678,0.15,45
1.679,0.15,45
1.68,0.15,45
1.681,0.15,45
1.682,0.15,45
1.683,0.15,45
1.684,0.15,45
1.685,0.15,45
1.686,0.15,45
1.687,0.15,45
1.688,0.15,45
1.689,0.15,45
1.69,0.15,45
1.691,0.15,45
1.692,0.15,45
1.693,0.15,45
1.694,0.15,45
1.695,0.15,45
1.696,0.15,45
1.697,0.15,45
1.698,0.15,45
1.699,0.15,45
1.7,0.15,45
1.701,0.15,45
1.702,0.15,45
1.703,0.15,45
1.704,0.15,45
1.705,0.15,45
1.706,0.15,45
1.707,0.15,45
1.708,0.15,45
1.709,0.15,45
1.71,0.15,45
1.711,0.15,45
1.712,0.15,45
1.713,0.15,45
1.714,0.15,45
1.715,0.15,45
1.716,0.15,45
1.717,0.15,45
1.718,0.15,45
1.719,0.15,45
1.72,0.15,45
1.721,0.15,45
1.722,0.15,45
1.723,0.15,45
1.724,0.15,45
1.725,0.15,45
1.726,0.15,45
1.727,0.15,45
1.728,0.15,45
1.729,0.15,45
1.73,0.15,45
1.731,0.15,45
1.732,0.15,45
1.733,0.15,45
1.734,0.15,45
1.735,0.15,45
1.736,0.15,45
1.737,0.15,45
1.738,0.15,45
1.739,0.15,45
1.74,0.15,45
1.741,0.15,45
1.742,0.15,45
1.743,0.15,45
1.744,0.15,45
1.745,0.15,45
1.746,0.15,45
1.747,0.15,45
1.748,0.15,45
1.749,0.15,45
1.75,0.15,45
1.751,0.15,45
1.752,0.15,45
1.753,0.15,45
1.754,0.15,45
1.755,0.15,45
1.756,0.15,45
1.757,0.15,45
1.758,0.15,45
1.759,0.15,45
1.76,0.15,45
1.761,0.15,45
1.762,0.15,45
1.763,0.15,45
1.764,0.15,45
1.765,0.15,45
1.766,0.15,45
1.767,0.15,45
1.768,0.15,45
1.769,0.15,45
1.77,0.15,45
1.771,0.15,45
1.772,0.15,45
1.773,0.15,45
1.774,0.15,45
1.775,0.15,45
1.776,0.15,45
1.777,0.15,45
1.778,0.15,45
1.779,0.15,45
1.78,0.15,45
1.781,0.15,45
1.782,0.15,45
1.783,0.15,45
1.784,0.15,45
1.785,0.15,45
1.786,0.15,45
1.787,0.15,45
1.788,0.15,45
1.789,0.15,45
1.79,0.15,45
1.791,0.15,45
1.792,0.15,45
1.793,0.15,45
1.794,0.15,45
1.795,0.15,45
1.796,0.15,45
1.797,0.15,45
1.798,0.15,45
1.799,0.15,45
1.8,0.15,45
1.801,0.15,45
1.802,0.15,45
1.803,0.15,45
1.804,0.15,45
1.805,0.15,45
1.806,0.15,45
1.807,0.15,45
1.808,0.15,45
1.809,0.15,45
1.81,0.15,45
1.811,0.15,45
1.812,0.15,45
1.813,0.15,45
1.814,0.15,45
1.815,0.15,45
1.816,0.15,45
1.817,0.15,45
1.818,0.15,45
1.819,0.15,45
1.82,0.15,45
1.821,0.15,45
1.822,0.15,45
1.823,0.15,45
1.824,0.15,45
1.825,0.15,45
1.826,0.15,45
1.827,0.15,45
1.828,0.15,45
1.829,0.15,45
1.83,0.15,45
1.831,0.15,45
1.832,0.15,45
1.833,0.15,45
1.834,0.15,45
1.835,0.15,45
1.836,0.15,45
1.837,0.15,45
1.838,0.15,45
1.839,0.15,45
1.84,0.15,45
1.841,0.15,45
1.842,0.15,45
1.843,0.15,45
1.844,0.15,45
1.845,0.15,45
1.846,0.15,45
1.847,0.15,45
1.848,0.15,45
1.849,0.15,45
1.85,0.15,45
1.851,0.15,45
1.852,0.15,45
1.853,0.15,45
1.854,0.15,45
1.855,0.15,45
1.856,0.15,45
1.857,0.15,45
1.858,0.15,45
1.859,0.15,45
1.86,0.15,45
1.861,0.15,45
1.862,0.15,45
1.863,0.15,45
1.864,0.15,45
1.865,0.15,45
1.866,0.15,45
1.867,0.15,45
1.868,0.15,45
1.869,0.15,45
1.87,0.15,45
1.871,0.15,45
1.872,0.15,45
1.873,0.15,45
1.874,0.15,45
1.875,0.15,45
1.876,0.15,45
1.877,0.15,45
1.878,0.15,45
1.879,0.15,45
1.88,0.15,45
1.881,0.15,45
1.882,0.15,45
1.883,0.15,45
1.884,0.15,45
1.885,0.15,45
1.886,0.15,45
1.887,0.15,45
1.888,0.15,45
1.889,0.15,45
1.89,0.15,45
1.891,0.15,45
1.892,0.15,45
1.893,0.15,45
1.894,0.15,45
1.895,0.15,45
1.896,0.15,45
1.897,0.15,45
1.898,0.15,45
1.899,0.15,45
1.9,0.15,45
1.901,0.15,45
1.902,0.15,45
1.903,0.15,45
1.904,0.15,45
1.905,0.15,45
1.906,0.15,45
1.907,0.15,45
1.908,0.15,45
1.909,0.15,45
1.91,0.15,45
1.911,0.15,45
1.912,0.15,45
1.913,0.15,45
1.914,0.15,45
1.915,0.15,45
1.916,0.15,45
1.917,0.15,45
1.918,0.15,45
1.919,0.15,45
1.92,0.15,45
1.921,0.15,45
1.922,0.15,45
1.923,0.15,45
1.924,0.15,45
1.925,0.15,45
1.926,0.15,45
1.927,0.15,45
1.928,0.15,45
1.929,0.15,45
1.93,0.15,45
1.931,0.15,45
1.932,0.15,45
1.933,0.15,45
1.934,0.15,45
1.935,0.15,45
1.936,0.15,45
1.937,0.15,45
1.938,0.15,45
1.939,0.15,45
1.94,0.15,45
1.941,0.15,45
1.942,0.15,45
1.943,0.15,45
1.944,0.15,45
1.945,0.15,45
1.946,0.15,45
1.947,0.15,45
1.948,0.15,45
1.949,0.15,45
1.95,0.15,45
1.951,0.15,45
1.952,0.15,45
1.953,0.15,45
1.954,0.15,45
1.955,0.15,45
1.956,0.15,45
1.957,0.15,45
1.958,0.15,45
1.959,0.15,45
1.96,0.15,45
1.961,0.15,45
1.962,0.15,45
1.963,0.15,45
1.964,0.15,45
1.965,0.15,45
1.966,0.15,45
1.967,0.15,45
1.968,0.15,45
1.969,0.15,45
1.97,0.15,45
1.971,0.15,45
1.972,0.15,45
1.973,0.15,45
1.974,0.15,45
1.975,0.15,45
1.976,0.15,45
1.977,0.15,45
1.978,0.15,45
1.979,0.15,45
1.98,0.15,45
1.981,0.15,45
1.982,0.15,45
1.983,0.15,45
1.984,0.15,45
1.985,0.15,45
1.986,0.15,45
1.987,0.15,45
1.988,0.15,45
1.989,0.15,45
1.99,0.15,45
1.991,0.15,45
1.992,0.15,45
1.993,0.15,45
1.994,0.15,45
1.995,0.15,45
1.996,0.15,45
1.997,0.15,45
1.998,0.15,45
1.999,0.15,45
2,0.15,45
2.001,0.15,45
2.002,0.15,45
2.003,0.15,45
2.004,0.15,45
2.005,0.15,45
2.006,0.15,45
2.007,0.15,45
2.008,0.15,45
2.009,0.15,45
2.01,0.15,45
2.011,0.15,45
2.012,0.15,45
2.013,0.15,45
2.014,0.15,45
2.015,0.15,45
2.016,0.15,45
2.017,0.15,45
2.018,0.15,45
2.019,0.15,45
2.02,0.15,45
2.021,0.15,45
2.022,0.15,45
2.023,0.15,45
2.024,0.15,45
2.025,0.15,45
2.026,0.15,45
2.027,0.15,45
2.028,0.15,45
2.029,0.15,45
2.03,0.15,45
2.031,0.15,45
2.032,0.15,45
2.033,0.15,45
2.034,0.15,45
2.035,0.15,45
2.036,0.15,45
2.037,0.15,45
2.038,0.15,45
2.039,0.15,45
2.04,0.15,45
2.041,0.15,45
2.042,0.15,45
2.043,0.15,45
2.044,0.15,45
2.045,0.15,45
2.046,0.15,45
2.047,0.15,45
2.048,0.15,45
2.049,0.15,45
2.05,0.15,45
2.051,0.15,45
2.052,0.15,45
2.053,0.15,45
2.054,0.15,45
2.055,0.15,45
2.056,0.15,45
2.057,0.15,45
2.058,0.15,45
2.059,0.15,45
2.06,0.15,45
2.061,0.15,45
2.062,0.15,45
2.063,0.15,45
2.064,0.15,45
2.065,0.15,45
2.066,0.15,45
2.067,0.15,45
2.068,0.15,45
2.069,0.15,45
2.07,0.15,45
2.071,0.15,45
2.072,0.15,45
2.073,0.15,45
2.074,0.15,45
2.075,0.15,45
2.076,0.15,45
2.077,0.15,45
2.078,0.15,45
2.079,0.15,45
2.08,0.15,45
2.081,0.15,45
2.082,0.15,45
2.083,0.15,45
2.084,0.15,45
2.085,0.15,45
2.086,0.15,45
2.087,0.15,45
2.088,0.15,45
2.089,0.15,45
2.09,0.15,45
2.091,0.15,45
2.092,0.15,45
2.093,0.15,45
2.094,0.15,45
2.095,0.15,45
2.096,0.15,45
2.097,0.15,45
2.098,0.15,45
2.099,0.15,45
2.1,0.15,45
2.101,0.15,45
2.102,0.15,45
2.103,0.15,45
2.104,0.15,45
2.105,0.15,45
2.106,0.15,45
2.107,0.15,45
2.108,0.15,45
2.109,0.15,45
2.11,0.15,45
2.111,0.15,45
2.112,0.15,45
2.113,0.15,45
2.114,0.15,45
2.115,0.15,45
2.116,0.15,45
2.117,0.15,45
2.118,0.15,45
2.119,0.15,45
2.12,0.15,45
2.121,0.15,45
2.122,0.15,45
2.123,0.15,45
2.124,0.15,45
2.125,0.15,45
2.126,0.15,45
2.127,0.15,45
2.128,0.15,45
2.129,0.15,45
2.13,0.15,45
2.131,0.15,45
2.132,0.15,45
2.133,0.15,45
2.134,0.15,45
2.135,0.15,45
2.136,0.15,45
2.137,0.15,45
2.138,0.15,45
2.139,0.15,45
2.14,0.15,45
2.141,0.15,45
2.142,0.15,45
2.143,0.15,45
2.144,0.15,45
2.145,0.15,45
2.146,0.15,45
2.147,0.15,45
2.148,0.15,45
2.149,0.15,45
2.15,0.15,45
2.151,0.15,45
2.152,0.15,45
2.153,0.15,45
2.154,0.15,45
2.155,0.15,45
2.156,0.15,45
2.157,0.15,45
2.158,0.15,45
2.159,0.15,45
2.16,0.15,45
2.161,0.15,45
2.162,0.15,45
2.163,0.15,45
2.164,0.15,45
2.165,0.15,45
2.166,0.15,45
2.167,0.15,45
2.168,0.15,45
2.169,0.15,45
2.17,0.15,45
2.171,0.15,45
2.172,0.15,45
2.173,0.15,45
2.174,0.15,45
2.175,0.15,45
2.176,0.15,45
2.177,0.15,45
2.178,0.15,45
2.179,0.15,45
2.18,0.15,45
2.181,0.15,45
2.182,0.15,45
2.183,0.15,45
2.184,0.15,45
2.185,0.15,45
2.186,0.15,45
2.187,0.15,45
2.188,0.15,45
2.189,0.15,45
2.19,0.15,45
2.191,0.15,45
2.192,0.15,45
2.193,0.15,45
2.194,0.15,45
2.195,0.15,45
2.196,0.15,45
2.197,0.15,45
2.198,0.15,45
2.199,0.15,45
2.2,0.15,45
2.201,0.15,45
2.202,0.15,45
2.203,0.15,45
2.204,0.15,45
2.205,0.15,45
2.206,0.15,45
2.207,0.15,45
2.208,0.15,45
2.209,0.15,45
2.21,0.15,45
2.211,0.15,45
2.212,0.15,45
2.213,0.15,45
2.214,0.15,45
2.215,0.15,45
2.216,0.15,45
2.217,0.15,45
2.218,0.15,45
2.219,0.15,45
2.22,0.15,45
2.221,0.15,45
2.222,0.15,45
2.223,0.15,45
2.224,0.15,45
2.225,0.15,45
2.226,0.15,45
2.227,0.15,45
2.228,0.15,45
2.229,0.15,45
2.23,0.15,45
2.231,0.15,45
2.232,0.15,45
2.233,0.15,45
2.234,0.15,45
2.235,0.15,45
2.236,0.15,45
2.237,0.15,45
2.238,0.15,45
2.239,0.15,45
2.24,0.15,45
2.241,0.15,45
2.242,0.15,45
2.243,0.15,45
2.244,0.15,45
2.245,0.15,45
2.246,0.15,45
2.247,0.15,45
2.248,0.15,45
2.249,0.15,45
2.25,0.15,45
2.251,0.15,45
2.252,0.15,45
2.253,0.15,45
2.254,0.15,45
2.255,0.15,45
2.256,0.15,45
2.257,0.15,45
2.258,0.15,45
2.259,0.15,45
2.26,0.15,45
2.261,0.15,45
2.262,0.15,45
2.263,0.15,45
2.264,0.15,45
2.265,0.15,45
2.266,0.15,45
2.267,0.15,45
2.268,0.15,45
2.269,0.15,45
2.27,0.15,45
2.271,0.15,45
2.272,0.15,45
2.273,0.15,45
2.274,0.15,45
2.275,0.15,45
2.276,0.15,45
2.277,0.15,45
2.278,0.15,45
2.279,0.15,45
2.28,0.15,45
2.281,0.15,45
2.282,0.15,45
2.283,0.15,45
2.284,0.15,45
2.285,0.15,45
2.286,0.15,45
2.287,0.15,45
2.288,0.15,45
2.289,0.15,45
2.29,0.15,45
2.291,0.15,45
2.292,0.15,45
2.293,0.15,45
2.294,0.15,45
2.295,0.15,45
2.296,0.15,45
2.297,0.15,45
2.298,0.15,45
2.299,0.15,45
2.3,0.15,45
2.301,0.15,45
2.302,0.15,45
2.303,0.15,45
2.304,0.15,45
2.305,0.15,45
2.306,0.15,45
2.307,0.15,45
2.308,0.15,45
2.309,0.15,45
2.31,0.15,45
2.311,0.15,45
2.312,0.15,45
2.313,0.15,45
2.314,0.15,45
2.315,0.15,45
2.316,0.15,45
2.317,0.15,45
2.318,0.15,45
2.319,0.15,45
2.32,0.15,45
2.321,0.15,45
2.322,0.15,45
2.323,0.15,45
2.324,0.15,45
2.325,0.15,45
2.326,0.15,45
2.327,0.15,45
2.328,0.15,45
2.329,0.15,45
2.33,0.15,45
2.331,0.15,45
2.332,0.15,45
2.333,0.15,45
2.334,0.15,45
2.335,0.15,45
2.336,0.15,45
2.337,0.15,45
2.338,0.15,45
2.339,0.15,45
2.34,0.15,45
2.341,0.15,45
2.342,0.15,45
2.343,0.15,45
2.344,0.15,45
2.345,0.15,45
2.346,0.15,45
2.347,0.15,45
2.348,0.15,45
2.349,0.15,45
2.35,0.15,45
2.351,0.15,45
2.352,0.15,45
2.353,0.15,45
2.354,0.15,45
2.355,0.15,45
2.356,0.15,45
2.357,0.15,45
2.358,0.15,45
2.359,0.15,45
2.36,0.15,45
2.361,0.15,45
2.362,0.15,45
2.363,0.15,45
2.364,0.15,45
2.365,0.15,45
2.366,0.15,45
2.367,0.15,45
2.368,0.15,45
2.369,0.15,45
2.37,0.15,45
2.371,0.15,45
2.372,0.15,45
2.373,0.15,45
2.374,0.15,45
2.375,0.15,45
2.376,0.15,45
2.377,0.15,45
2.378,0.15,45
2.379,0.15,45
2.38,0.15,45
2.381,0.15,45
2.382,0.15,45
2.383,0.15,45
2.384,0.15,45
2.385,0.15,45
2.386,0.15,45
2.387,0.15,45
2.388,0.15,45
2.389,0.15,45
2.39,0.15,45
2.391,0.15,45
2.392,0.15,45
2.393,0.15,45
2.394,0.15,45
2.395,0.15,45
2.396,0.15,45
2.397,0.15,45
2.398,0.15,45
2.399,0.15,45
2.4,0.15,45
2.401,0.15,45
2.402,0.15,45
2.403,0.15,45
2.404,0.15,45
2.405,0.15,45
2.406,0.15,45
2.407,0.15,45
2.408,0.15,45
2.409,0.15,45
2.41,0.15,45
2.411,0.15,45
2.412,0.15,45
2.413,0.15,45
2.414,0.15,45
2.415,0.15,45
2.416,0.15,45
2.417,0.15,45
2.418,0.15,45
2.419,0.15,45
2.42,0.15,45
2.421,0.15,45
2.422,0.15,45
2.423,0.15,45
2.424,0.15,45
2.425,0.15,45
2.426,0.15,45
2.427,0.15,45
2.428,0.15,45
2.429,0.15,45
2.43,0.15,45
2.431,0.15,45
2.432,0.15,45
2.433,0.15,45
2.434,0.15,45
2.435,0.15,45
2.436,0.15,45
2.437,0.15,45
2.438,0.15,45
2.439,0.15,45
2.44,0.15,45
2.441,0.15,45
2.442,0.15,45
2.443,0.15,45
2.444,0.15,45
2.445,0.15,45
2.446,0.15,45
2.447,0.15,45
2.448,0.15,45
2.449,0.15,45
2.45,0.15,45
2.451,0.15,45
2.452,0.15,45
2.453,0.15,45
2.454,0.15,45
2.455,0.15,45
2.456,0.15,45
2.457,0.15,45
2.458,0.15,45
2.459,0.15,45
2.46,0.15,45
2.461,0.15,45
2.462,0.15,45
2.463,0.15,45
2.464,0.15,45
2.465,0.15,45
2.466,0.15,45
2.467,0.15,45
2.468,0.15,45
2.469,0.15,45
2.47,0.15,45
2.471,0.15,45
2.472,0.15,45
2.473,0.15,45
2.474,0.15,45
2.475,0.15,45
2.476,0.15,45
2.477,0.15,45
2.478,0.15,45
2.479,0.15,45
2.48,0.15,45
2.481,0.15,45
2.482,0.15,45
2.483,0.15,45
2.484,0.15,45
2.485,0.15,45
2.486,0.15,45
2.487,0.15,45
2.488,0.15,45
2.489,0.15,45
2.49,0.15,45
2.491,0.15,45
2.492,0.15,45
2.493,0.15,45
2.494,0.15,45
2.495,0.15,45
2.496,0.15,45
2.497,0.15,45
2.498,0.15,45
2.499,0.15,45
2.5,0.15,45
2.501,0.15,45
2.502,0.15,45
2.503,0.15,45
2.504,0.15,45
2.505,0.15,45
2.506,0.15,45
2.507,0.15,45
2.508,0.15,45
2.509,0.15,45
2.51,0.15,45
2.511,0.15,45
2.512,0.15,45
2.513,0.15,45
2.514,0.15,45
2.515,0.15,45
2.516,0.15,45
2.517,0.15,45
2.518,0.15,45
2.519,0.15,45
2.52,0.15,45
2.521,0.15,45
2.522,0.15,45
2.523,0.15,45
2.524,0.15,45
2.525,0.15,45
2.526,0.15,45
2.527,0.15,45
2.528,0.15,45
2.529,0.15,45
2.53,0.15,45
2.531,0.15,45
2.532,0.15,45
2.533,0.15,45
2.534,0.15,45
2.535,0.15,45
2.536,0.15,45
2.537,0.15,45
2.538,0.15,45
2.539,0.15,45
2.54,0.15,45
2.541,0.15,45
2.542,0.15,45
2.543,0.15,45
2.544,0.15,45
2.545,0.15,45
2.546,0.15,45
2.547,0.15,45
2.548,0.15,45
2.549,0.15,45
2.55,0.15,45
2.551,0.15,45
2.552,0.15,45
2.553,0.15,45
2.554,0.15,45
2.555,0.15,45
2.556,0.15,45
2.557,0.15,45
2.558,0.15,45
2.559,0.15,45
2.56,0.15,45
2.561,0.15,45
2.562,0.15,45
2.563,0.15,45
2.564,0.15,45
2.565,0.15,45
2.566,0.15,45
2.567,0.15,45
2.568,0.15,45
2.569,0.15,45
2.57,0.15,45
2.571,0.15,45
2.572,0.15,45
2.573,0.15,45
2.574,0.15,45
2.575,0.15,45
2.576,0.15,45
2.577,0.15,45
2.578,0.15,45
2.579,0.15,45
2.58,0.15,45
2.581,0.15,45
2.582,0.15,45
2.583,0.15,45
2.584,0.15,45
2.585,0.15,45
2.586,0.15,45
2.587,0.15,45
2.588,0.15,45
2.589,0.15,45
2.59,0.15,45
2.591,0.15,45
2.592,0.15,45
2.593,0.15,45
2.594,0.15,45
2.595,0.15,45
2.596,0.15,45
2.597,0.15,45
2.598,0.15,45
2.599,0.15,45
2.6,0.15,45
2.601,0.15,45
2.602,0.15,45
2.603,0.15,45
2.604,0.15,45
2.605,0.15,45
2.606,0.15,45
2.607,0.15,45
2.608,0.15,45
2.609,0.15,45
2.61,0.15,45
2.611,0.15,45
2.612,0.15,45
2.613,0.15,45
2.614,0.15,45
2.615,0.15,45
2.616,0.15,45
2.617,0.15,45
2.618,0.15,45
2.619,0.15,45
2.62,0.15,45
2.621,0.15,45
2.622,0.15,45
2.623,0.15,45
2.624,0.15,45
2.625,0.15,45
2.626,0.15,45
2.627,0.15,45
2.628,0.15,45
2.629,0.15,45
2.63,0.15,45
2.631,0.15,45
2.632,0.15,45
2.633,0.15,45
2.634,0.15,45
2.635,0.15,45
2.636,0.15,45
2.637,0.15,45
2.638,0.15,45
2.639,0.15,45
2.64,0.15,45
2.641,0.15,45
2.642,0.15,45
2.643,0.15,45
2.644,0.15,45
2.645,0.15,45
2.646,0.15,45
2.647,0.15,45
2.648,0.15,45
2.649,0.15,45
2.65,0.15,45
2.651,0.15,45
2.652,0.15,45
2.653,0.15,45
2.654,0.15,45
2.655,0.15,45
2.656,0.15,45
2.657,0.15,45
2.658,0.15,45
2.659,0.15,45
2.66,0.15,45
2.661,0.15,45
2.662,0.15,45
2.663,0.15,45
2.664,0.15,45
2.665,0.15,45
2.666,0.15,45
2.667,0.15,45
2.668,0.15,45
2.669,0.15,45
2.67,0.15,45
2.671,0.15,45
2.672,0.15,45
2.673,0.15,45
2.674,0.15,45
2.675,0.15,45
2.676,0.15,45
2.677,0.15,45
2.678,0.15,45
2.679,0.15,45
2.68,0.15,45
2.681,0.15,45
2.682,0.15,45
2.683,0.15,45
2.684,0.15,45
2.685,0.15,45
2.686,0.15,45
2.687,0.15,45
2.688,0.15,45
2.689,0.15,45
2.69,0.15,45
2.691,0.15,45
2.692,0.15,45
2.693,0.15,45
2.694,0.15,45
2.695,0.15,45
2.696,0.15,45
2.697,0.15,45
2.698,0.15,45
2.699,0.15,45
2.7,0.15,45
2.701,0.15,45
2.702,0.15,45
2.703,0.15,45
2.704,0.15,45
2.705,0.15,45
2.706,0.15,45
2.707,0.15,45
2.708,0.15,45
2.709,0.15,45
2.71,0.15,45
2.711,0.15,45
2.712,0.15,45
2.713,0.15,45
2.714,0.15,45
2.715,0.15,45
2.716,0.15,45
2.717,0.15,45
2.718,0.15,45
2.719,0.15,45
2.72,0.15,45
2.721,0.15,45
2.722,0.15,45
2.723,0.15,45
2.724,0.15,45
2.725,0.15,45
2.726,0.15,45
2.727,0.15,45
2.728,0.15,45
2.729,0.15,45
2.73,0.15,45
2.731,0.15,45
2.732,0.15,45
2.733,0.15,45
2.734,0.15,45
2.735,0.15,45
2.736,0.15,45
2.737,0.15,45
2.738,0.15,45
2.739,0.15,45
2.74,0.15,45
2.741,0.15,45
2.742,0.15,45
2.743,0.15,45
2.744,0.15,45
2.745,0.15,45
2.746,0.15,45
2.747,0.15,45
2.748,0.15,45
2.749,0.15,45
2.75,0.15,45
2.751,0.15,45
2.752,0.15,45
2.753,0.15,45
2.754,0.15,45
2.755,0.15,45
2.756,0.15,45
2.757,0.15,45
2.758,0.15,45
2.759,0.15,45
2.76,0.15,45
2.761,0.15,45
2.762,0.15,45
2.763,0.15,45
2.764,0.15,45
2.765,0.15,45
2.766,0.15,45
2.767,0.15,45
2.768,0.15,45
2.769,0.15,45
2.77,0.15,45
2.771,0.15,45
2.772,0.15,45
2.773,0.15,45
2.774,0.15,45
2.775,0.15,45
2.776,0.15,45
2.777,0.15,45
2.778,0.15,45
2.779,0.15,45
2.78,0.15,45
2.781,0.15,45
2.782,0.15,45
2.783,0.15,45
2.784,0.15,45
2.785,0.15,45
2.786,0.15,45
2.787,0.15,45
2.788,0.15,45
2.789,0.15,45
2.79,0.15,45
2.791,0.15,45
2.792,0.15,45
2.793,0.15,45
2.794,0.15,45
2.795,0.15,45
2.796,0.15,45
2.797,0.15,45
2.798,0.15,45
2.799,0.15,45
2.8,0.15,45
2.801,0.15,45
2.802,0.15,45
2.803,0.15,45
2.804,0.15,45
2.805,0.15,45
2.806,0.15,45
2.807,0.15,45
2.808,0.15,45
2.809,0.15,45
2.81,0.15,45
2.811,0.15,45
2.812,0.15,45
2.813,0.15,45
2.814,0.15,45
2.815,0.15,45
2.816,0.15,45
2.817,0.15,45
2.818,0.15,45
2.819,0.15,45
2.82,0.15,45
2.821,0.15,45
2.822,0.15,45
2.823,0.15,45
2.824,0.15,45
2.825,0.15,45
2.826,0.15,45
2.827,0.15,45
2.828,0.15,45
2.829,0.15,45
2.83,0.15,45
2.831,0.15,45
2.832,0.15,45
2.833,0.15,45
2.834,0.15,45
2.835,0.15,45
2.836,0.15,45
2.837,0.15,45
2.838,0.15,45
2.839,0.15,45
2.84,0.15,45
2.841,0.15,45
2.842,0.15,45
2.843,0.15,45
2.844,0.15,45
2.845,0.15,45
2.846,0.15,45
2.847,0.15,45
2.848,0.15,45
2.849,0.15,45
2.85,0.15,45
2.851,0.15,45
2.852,0.15,45
2.853,0.15,45
2.854,0.15,45
2.855,0.15,45
2.856,0.15,45
2.857,0.15,45
2.858,0.15,45
2.859,0.15,45
2.86,0.15,45
2.861,0.15,45
2.862,0.15,45
2.863,0.15,45
2.864,0.15,45
2.865,0.15,45
2.866,0.15,45
2.867,0.15,45
2.868,0.15,45
2.869,0.15,45
2.87,0.15,45
2.871,0.15,45
2.872,0.15,45
2.873,0.15,45
2.874,0.15,45
2.875,0.15,45
2.876,0.15,45
2.877,0.15,45
2.878,0.15,45
2.879,0.15,45
2.88,0.15,45
2.881,0.15,45
2.882,0.15,45
2.883,0.15,45
2.884,0.15,45
2.885,0.15,45
2.886,0.15,45
2.887,0.15,45
2.888,0.15,45
2.889,0.15,45
2.89,0.15,45
2.891,0.15,45
2.892,0.15,45
2.893,0.15,45
2.894,0.15,45
2.895,0.15,45
2.896,0.15,45
2.897,0.15,45
2.898,0.15,45
2.899,0.15,45
2.9,0.15,45
2.901,0.15,45
2.902,0.15,45
2.903,0.15,45
2.904,0.15,45
2.905,0.15,45
2.906,0.15,45
2.907,0.15,45
2.908,0.15,45
2.909,0.15,45
2.91,0.15,45
2.911,0.15,45
2.912,0.15,45
2.913,0.15,45
2.914,0.15,45
2.915,0.15,45
2.916,0.15,45
2.917,0.15,45
2.918,0.15,45
2.919,0.15,45
2.92,0.15,45
2.921,0.15,45
2.922,0.15,45
2.923,0.15,45
2.924,0.15,45
2.925,0.15,45
2.926,0.15,45
2.927,0.15,45
2.928,0.15,45
2.929,0.15,45
2.93,0.15,45
2.931,0.15,45
2.932,0.15,45
2.933,0.15,45
2.934,0.15,45
2.935,0.15,45
2.936,0.15,45
2.937,0.15,45
2.938,0.15,45
2.939,0.15,45
2.94,0.15,45
2.941,0.15,45
2.942,0.15,45
2.943,0.15,45
2.944,0.15,45
2.945,0.15,45
2.946,0.15,45
2.947,0.15,45
2.948,0.15,45
2.949,0.15,45
2.95,0.15,45
2.951,0.15,45
2.952,0.15,45
2.953,0.15,45
2.954,0.15,45
2.955,0.15,45
2.956,0.15,45
2.957,0.15,45
2.958,0.15,45
2.959,0.15,45
2.96,0.15,45
2.961,0.15,45
2.962,0.15,45
2.963,0.15,45
2.964,0.15,45
2.965,0.15,45
2.966,0.15,45
2.967,0.15,45
2.968,0.15,45
2.969,0.15,45
2.97,0.15,45
2.971,0.15,45
2.972,0.15,45
2.973,0.15,45
2.974,0.15,45
2.975,0.15,45
2.976,0.15,45
2.977,0.15,45
2.978,0.15,45
2.979,0.15,45
2.98,0.15,45
2.981,0.15,45
2.982,0.15,45
2.983,0.15,45
2.984,0.15,45
2.985,0.15,45
2.986,0.15,45
2.987,0.15,45
2.988,0.15,45
2.989,0.15,45
2.99,0.15,45
2.991,0.15,45
2.992,0.15,45
2.993,0.15,45
2.994,0.15,45
2.995,0.15,45
2.996,0.15,45
2.997,0.15,45
2.998,0.15,45
2.999,0.15,45
3,0.15,45
3.001,0.15,45
3.002,0.15,45
3.003,0.15,45
3.004,0.15,45
3.005,0.15,45
3.006,0.15,45
3.007,0.15,45
3.008,0.15,45
3.009,0.15,45
3.01,0.15,45
3.011,0.15,45
3.012,0.15,45
3.013,0.15,45
3.014,0.15,45
3.015,0.15,45
3.016,0.15,45
3.017,0.15,45
3.018,0.15,45
3.019,0.15,45
3.02,0.15,45
3.021,0.15,45
3.022,0.15,45
3.023,0.15,45
3.024,0.15,45
3.025,0.15,45
3.026,0.15,45
3.027,0.15,45
3.028,0.15,45
3.029,0.15,45
3.03,0.15,45
3.031,0.15,45
3.032,0.15,45
3.033,0.15,45
3.034,0.15,45
3.035,0.15,45
3.036,0.15,45
3.037,0.15,45
3.038,0.15,45
3.039,0.15,45
3.04,0.15,45
3.041,0.15,45
3.042,0.15,45
3.043,0.15,45
3.044,0.15,45
3.045,0.15,45
3.046,0.15,45
3.047,0.15,45
3.048,0.15,45
3.049,0.15,45
3.05,0.15,45
3.051,0.15,45
3.052,0.15,45
3.053,0.15,45
3.054,0.15,45
3.055,0.15,45
3.056,0.15,45
3.057,0.15,45
3.058,0.15,45
3.059,0.15,45
3.06,0.15,45
3.061,0.15,45
3.062,0.15,45
3.063,0.15,45
3.064,0.15,45
3.065,0.15,45
3.066,0.15,45
3.067,0.15,45
3.068,0.15,45
3.069,0.15,45
3.07,0.15,45
3.071,0.15,45
3.072,0.15,45
3.073,0.15,45
3.074,0.15,45
3.075,0.15,45
3.076,0.15,45
3.077,0.15,45
3.078,0.15,45
3.079,0.15,45
3.08,0.15,45
3.081,0.15,45
3.082,0.15,45
3.083,0.15,45
3.084,0.15,45
3.085,0.15,45
3.086,0.15,45
3.087,0.15,45
3.088,0.15,45
3.089,0.15,45
3.09,0.15,45
3.091,0.15,45
3.092,0.15,45
3.093,0.15,45
3.094,0.15,45
3.095,0.15,45
3.096,0.15,45
3.097,0.15,45
3.098,0.15,45
3.099,0.15,45
3.1,0.15,45
3.101,0.15,45
3.102,0.15,45
3.103,0.15,45
3.104,0.15,45
3.105,0.15,45
3.106,0.15,45
3.107,0.15,45
3.108,0.15,45
3.109,0.15,45
3.11,0.15,45
3.111,0.15,45
3.112,0.15,45
3.113,0.15,45
3.114,0.15,45
3.115,0.15,45
3.116,0.15,45
3.117,0.15,45
3.118,0.15,45
3.119,0.15,45
3.12,0.15,45
3.121,0.15,45
3.122,0.15,45
3.123,0.15,45
3.124,0.15,45
3.125,0.15,45
3.126,0.15,45
3.127,0.15,45
3.128,0.15,45
3.129,0.15,45
3.13,0.15,45
3.131,0.15,45
3.132,0.15,45
3.133,0.15,45
3.134,0.15,45
3.135,0.15,45
3.136,0.15,45
3.137,0.15,45
3.138,0.15,45
3.139,0.15,45
3.14,0.15,45
3.141,0.15,45
3.142,0.15,45
3.143,0.15,45
3.144,0.15,45
3.145,0.15,45
3.146,0.15,45
3.147,0.15,45
3.148,0.15,45
3.149,0.15,45
3.15,0.15,45
3.151,0.15,45
3.152,0.15,45
3.153,0.15,45
3.154,0.15,45
3.155,0.15,45
3.156,0.15,45
3.157,0.15,45
3.158,0.15,45
3.159,0.15,45
3.16,0.15,45
3.161,0.15,45
3.162,0.15,45
3.163,0.15,45
3.164,0.15,45
3.165,0.15,45
3.166,0.15,45
3.167,0.15,45
3.168,0.15,45
3.169,0.15,45
3.17,0.15,45
3.171,0.15,45
3.172,0.15,45
3.173,0.15,45
3.174,0.15,45
3.175,0.15,45
3.176,0.15,45
3.177,0.15,45
3.178,0.15,45
3.179,0.15,45
3.18,0.15,45
3.181,0.15,45
3.182,0.15,45
3.183,0.15,45
3.184,0.15,45
3.185,0.15,45
3.186,0.15,45
3.187,0.15,45
3.188,0.15,45
3.189,0.15,45
3.19,0.15,45
3.191,0.15,45
3.192,0.15,45
3.193,0.15,45
3.194,0.15,45
3.195,0.15,45
3.196,0.15,45
3.197,0.15,45
3.198,0.15,45
3.199,0.15,45
3.2,0.15,45
3.201,0.15,45
3.202,0.15,45
3.203,0.15,45
3.204,0.15,45
3.205,0.15,45
3.206,0.15,45
3.207,0.15,45
3.208,0.15,45
3.209,0.15,45
3.21,0.15,45
3.211,0.15,45
3.212,0.15,45
3.213,0.15,45
3.214,0.15,45
3.215,0.15,45
3.216,0.15,45
3.217,0.15,45
3.218,0.15,45
3.219,0.15,45
3.22,0.15,45
3.221,0.15,45
3.222,0.15,45
3.223,0.15,45
3.224,0.15,45
3.225,0.15,45
3.226,0.15,45
3.227,0.15,45
3.228,0.15,45
3.229,0.15,45
3.23,0.15,45
3.231,0.15,45
3.232,0.15,45
3.233,0.15,45
3.234,0.15,45
3.235,0.15,45
3.236,0.15,45
3.237,0.15,45
3.238,0.15,45
3.239,0.15,45
3.24,0.15,45
3.241,0.15,45
3.242,0.15,45
3.243,0.15,45
3.244,0.15,45
3.245,0.15,45
3.246,0.15,45
3.247,0.15,45
3.248,0.15,45
3.249,0.15,45
3.25,0.15,45
3.251,0.15,45
3.252,0.15,45
3.253,0.15,45
3.254,0.15,45
3.255,0.15,45
3.256,0.15,45
3.257,0.15,45
3.258,0.15,45
3.259,0.15,45
3.26,0.15,45
3.261,0.15,45
3.262,0.15,45
3.263,0.15,45
3.264,0.15,45
3.265,0.15,45
3.266,0.15,45
3.267,0.15,45
3.268,0.15,45
3.269,0.15,45
3.27,0.15,45
3.271,0.15,45
3.272,0.15,45
3.273,0.15,45
3.274,0.15,45
3.275,0.15,45
3.276,0.15,45
3.277,0.15,45
3.278,0.15,45
3.279,0.15,45
3.28,0.15,45
3.281,0.15,45
3.282,0.15,45
3.283,0.15,45
3.284,0.15,45
3.285,0.15,45
3.286,0.15,45
3.287,0.15,45
3.288,0.15,45
3.289,0.15,45
3.29,0.15,45
3.291,0.15,45
3.292,0.15,45
3.293,0.15,45
3.294,0.15,45
3.295,0.15,45
3.296,0.15,45
3.297,0.15,45
3.298,0.15,45
3.299,0.15,45
3.3,0.15,45
3.301,0.15,45
3.302,0.15,45
3.303,0.15,45
3.304,0.15,45
3.305,0.15,45
3.306,0.15,45
3.307,0.15,45
3.308,0.15,45
3.309,0.15,45
3.31,0.15,45
3.311,0.15,45
3.312,0.15,45
3.313,0.15,45
3.314,0.15,45
3.315,0.15,45
3.316,0.15,45
3.317,0.15,45
3.318,0.15,45
3.319,0.15,45
3.32,0.15,45
3.321,0.15,45
3.322,0.15,45
3.323,0.15,45
3.324,0.15,45
3.325,0.15,45
3.326,0.15,45
3.327,0.15,45
3.328,0.15,45
3.329,0.15,45
3.33,0.15,45
3.331,0.15,45
3.332,0.15,45
3.333,0.15,45
3.334,0.15,45
3.335,0.15,45
3.336,0.15,45
3.337,0.15,45
3.338,0.15,45
3.339,0.15,45
3.34,0.15,45
3.341,0.15,45
3.342,0.15,45
3.343,0.15,45
3.344,0.15,45
3.345,0.15,45
3.346,0.15,45
3.347,0.15,45
3.348,0.15,45
3.349,0.15,45
3.35,0.15,45
3.351,0.15,45
3.352,0.15,45
3.353,0.15,45
3.354,0.15,45
3.355,0.15,45
3.356,0.15,45
3.357,0.15,45
3.358,0.15,45
3.359,0.15,45
3.36,0.15,45
3.361,0.15,45
3.362,0.15,45
3.363,0.15,45
3.364,0.15,45
3.365,0.15,45
3.366,0.15,45
3.367,0.15,45
3.368,0.15,45
3.369,0.15,45
3.37,0.15,45
3.371,0.15,45
3.372,0.15,45
3.373,0.15,45
3.374,0.15,45
3.375,0.15,45
3.376,0.15,45
3.377,0.15,45
3.378,0.15,45
3.379,0.15,45
3.38,0.15,45
3.381,0.15,45
3.382,0.15,45
3.383,0.15,45
3.384,0.15,45
3.385,0.15,45
3.386,0.15,45
3.387,0.15,45
3.388,0.15,45
3.389,0.15,45
3.39,0.15,45
3.391,0.15,45
3.392,0.15,45
3.393,0.15,45
3.394,0.15,45
3.395,0.15,45
3.396,0.15,45
3.397,0.15,45
3.398,0.15,45
3.399,0.15,45
3.4,0.15,45
3.401,0.15,45
3.402,0.15,45
3.403,0.15,45
3.404,0.15,45
3.405,0.15,45
3.406,0.15,45
3.407,0.15,45
3.408,0.15,45
3.409,0.15,45
3.41,0.15,45
3.411,0.15,45
3.412,0.15,45
3.413,0.15,45
3.414,0.15,45
3.415,0.15,45
3.416,0.15,45
3.417,0.15,45
3.418,0.15,45
3.419,0.15,45
3.42,0.15,45
3.421,0.15,45
3.422,0.15,45
3.423,0.15,45
3.424,0.15,45
3.425,0.15,45
3.426,0.15,45
3.427,0.15,45
3.428,0.15,45
3.429,0.15,45
3.43,0.15,45
3.431,0.15,45
3.432,0.15,45
3.433,0.15,45
3.434,0.15,45
3.435,0.15,45
3.436,0.15,45
3.437,0.15,45
3.438,0.15,45
3.439,0.15,45
3.44,0.15,45
3.441,0.15,45
3.442,0.15,45
3.443,0.15,45
3.444,0.15,45
3.445,0.15,45
3.446,0.15,45
3.447,0.15,45
3.448,0.15,45
3.449,0.15,45
3.45,0.15,45
3.451,0.15,45
3.452,0.15,45
3.453,0.15,45
3.454,0.15,45
3.455,0.15,45
3.456,0.15,45
3.457,0.15,45
3.458,0.15,45
3.459,0.15,45
3.46,0.15,45
3.461,0.15,45
3.462,0.15,45
3.463,0.15,45
3.464,0.15,45
3.465,0.15,45
3.466,0.15,45
3.467,0.15,45
3.468,0.15,45
3.469,0.15,45
3.47,0.15,45
3.471,0.15,45
3.472,0.15,45
3.473,0.15,45
3.474,0.15,45
3.475,0.15,45
3.476,0.15,45
3.477,0.15,45
3.478,0.15,45
3.479,0.15,45
3.48,0.15,45
3.481,0.15,45
3.482,0.15,45
3.483,0.15,45
3.484,0.15,45
3.485,0.15,45
3.486,0.15,45
3.487,0.15,45
3.488,0.15,45
3.489,0.15,45
3.49,0.15,45
3.491,0.15,45
3.492,0.15,45
3.493,0.15,45
3.494,0.15,45
3.495,0.15,45
3.496,0.15,45
3.497,0.15,45
3.498,0.15,45
3.499,0.15,45
3.5,0.15,45
3.501,0.15,45
3.502,0.15,45
3.503,0.15,45
3.504,0.15,45
3.505,0.15,45
3.506,0.15,45
3.507,0.15,45
3.508,0.15,45
3.509,0.15,45
3.51,0.15,45
3.511,0.15,45
3.512,0.15,45
3.513,0.15,45
3.514,0.15,45
3.515,0.15,45
3.516,0.15,45
3.517,0.15,45
3.518,0.15,45
3.519,0.15,45
3.52,0.15,45
3.521,0.15,45
3.522,0.15,45
3.523,0.15,45
3.524,0.15,45
3.525,0.15,45
3.526,0.15,45
3.527,0.15,45
3.528,0.15,45
3.529,0.15,45
3.53,0.15,45
3.531,0.15,45
3.532,0.15,45
3.533,0.15,45
3.534,0.15,45
3.535,0.15,45
3.536,0.15,45
3.537,0.15,45
3.538,0.15,45
3.539,0.15,45
3.54,0.15,45
3.541,0.15,45
3.542,0.15,45
3.543,0.15,45
3.544,0.15,45
3.545,0.15,45
3.546,0.15,45
3.547,0.15,45
3.548,0.15,45
3.549,0.15,45
3.55,0.15,45
3.551,0.15,45
3.552,0.15,45
3.553,0.15,45
3.554,0.15,45
3.555,0.15,45
3.556,0.15,45
3.557,0.15,45
3.558,0.15,45
3.559,0.15,45
3.56,0.15,45
3.561,0.15,45
3.562,0.15,45
3.563,0.15,45
3.564,0.15,45
3.565,0.15,45
3.566,0.15,45
3.567,0.15,45
3.568,0.15,45
3.569,0.15,45
3.57,0.15,45
3.571,0.15,45
3.572,0.15,45
3.573,0.15,45
3.574,0.15,45
3.575,0.15,45
3.576,0.15,45
3.577,0.15,45
3.578,0.15,45
3.579,0.15,45
3.58,0.15,45
3.581,0.15,45
3.582,0.15,45
3.583,0.15,45
3.584,0.15,45
3.585,0.15,45
3.586,0.15,45
3.587,0.15,45
3.588,0.15,45
3.589,0.15,45
3.59,0.15,45
3.591,0.15,45
3.592,0.15,45
3.593,0.15,45
3.594,0.15,45
3.595,0.15,45
3.596,0.15,45
3.597,0.15,45
3.598,0.15,45
3.599,0.15,45
3.6,0.15,45
3.601,0.15,45
3.602,0.15,45
3.603,0.15,45
3.604,0.15,45
3.605,0.15,45
3.606,0.15,45
3.607,0.15,45
3.608,0.15,45
3.609,0.15,45
3.61,0.15,45
3.611,0.15,45
3.612,0.15,45
3.613,0.15,45
3.614,0.15,45
3.615,0.15,45
3.616,0.15,45
3.617,0.15,45
3.618,0.15,45
3.619,0.15,45
3.62,0.15,45
3.621,0.15,45
3.622,0.15,45
3.623,0.15,45
3.624,0.15,45
3.625,0.15,45
3.626,0.15,45
3.627,0.15,45
3.628,0.15,45
3.629,0.15,45
3.63,0.15,45
3.631,0.15,45
3.632,0.15,45
3.633,0.15,45
3.634,0.15,45
3.635,0.15,45
3.636,0.15,45
3.637,0.15,45
3.638,0.15,45
3.639,0.15,45
3.64,0.15,45
3.641,0.15,45
3.642,0.15,45
3.643,0.15,45
3.644,0.15,45
3.645,0.15,45
3.646,0.15,45
3.647,0.15,45
3.648,0.15,45
3.649,0.15,45
3.65,0.15,45
3.651,0.15,45
3.652,0.15,45
3.653,0.15,45
3.654,0.15,45
3.655,0.15,45
3.656,0.15,45
3.657,0.15,45
3.658,0.15,45
3.659,0.15,45
3.66,0.15,45
3.661,0.15,45
3.662,0.15,45
3.663,0.15,45
3.664,0.15,45
3.665,0.15,45
3.666,0.15,45
3.667,0.15,45
3.668,0.15,45
3.669,0.15,45
3.67,0.15,45
3.671,0.15,45
3.672,0.15,45
3.673,0.15,45
3.674,0.15,45
3.675,0.15,45
3.676,0.15,45
3.677,0.15,45
3.678,0.15,45
3.679,0.15,45
3.68,0.15,45
3.681,0.15,45
3.682,0.15,45
3.683,0.15,45
3.684,0.15,45
3.685,0.15,45
3.686,0.15,45
3.687,0.15,45
3.688,0.15,45
3.689,0.15,45
3.69,0.15,45
3.691,0.15,45
3.692,0.15,45
3.693,0.15,45
3.694,0.15,45
3.695,0.15,45
3.696,0.15,45
3.697,0.15,45
3.698,0.15,45
3.699,0.15,45
3.7,0.15,45
3.701,0.15,45
3.702,0.15,45
3.703,0.15,45
3.704,0.15,45
3.705,0.15,45
3.706,0.15,45
3.707,0.15,45
3.708,0.15,45
3.709,0.15,45
3.71,0.15,45
3.711,0.15,45
3.712,0.15,45
3.713,0.15,45
3.714,0.15,45
3.715,0.15,45
3.716,0.15,45
3.717,0.15,45
3.718,0.15,45
3.719,0.15,45
3.72,0.15,45
3.721,0.15,45
3.722,0.15,45
3.723,0.15,45
3.724,0.15,45
3.725,0.15,45
3.726,0.15,45
3.727,0.15,45
3.728,0.15,45
3.729,0.15,45
3.73,0.15,45
3.731,0.15,45
3.732,0.15,45
3.733,0.15,45
3.734,0.15,45
3.735,0.15,45
3.736,0.15,45
3.737,0.15,45
3.738,0.15,45
3.739,0.15,45
3.74,0.15,45
3.741,0.15,45
3.742,0.15,45
3.743,0.15,45
3.744,0.15,45
3.745,0.15,45
3.746,0.15,45
3.747,0.15,45
3.748,0.15,45
3.749,0.15,45
3.75,0.15,45
3.751,0.15,45
3.752,0.15,45
3.753,0.15,45
3.754,0.15,45
3.755,0.15,45
3.756,0.15,45
3.757,0.15,45
3.758,0.15,45
3.759,0.15,45
3.76,0.15,45
3.761,0.15,45
3.762,0.15,45
3.763,0.15,45
3.764,0.15,45
3.765,0.15,45
3.766,0.15,45
3.767,0.15,45
3.768,0.15,45
3.769,0.15,45
3.77,0.15,45
3.771,0.15,45
3.772,0.15,45
3.773,0.15,45
3.774,0.15,45
3.775,0.15,45
3.776,0.15,45
3.777,0.15,45
3.778,0.15,45
3.779,0.15,45
3.78,0.15,45
3.781,0.15,45
3.782,0.15,45
3.783,0.15,45
3.784,0.15,45
3.785,0.15,45
3.786,0.15,45
3.787,0.15,45
3.788,0.15,45
3.789,0.15,45
3.79,0.15,45
3.791,0.15,45
3.792,0.15,45
3.793,0.15,45
3.794,0.15,45
3.795,0.15,45
3.796,0.15,45
3.797,0.15,45
3.798,0.15,45
3.799,0.15,45
3.8,0.15,45
3.801,0.15,45
3.802,0.15,45
3.803,0.15,45
3.804,0.15,45
3.805,0.15,45
3.806,0.15,45
3.807,0.15,45
3.808,0.15,45
3.809,0.15,45
3.81,0.15,45
3.811,0.15,45
3.812,0.15,45
3.813,0.15,45
3.814,0.15,45
3.815,0.15,45
3.816,0.15,45
3.817,0.15,45
3.818,0.15,45
3.819,0.15,45
3.82,0.15,45
3.821,0.15,45
3.822,0.15,45
3.823,0.15,45
3.824,0.15,45
3.825,0.15,45
3.826,0.15,45
3.827,0.15,45
3.828,0.15,45
3.829,0.15,45
3.83,0.15,45
3.831,0.15,45
3.832,0.15,45
3.833,0.15,45
3.834,0.15,45
3.835,0.15,45
3.836,0.15,45
3.837,0.15,45
3.838,0.15,45
3.839,0.15,45
3.84,0.15,45
3.841,0.15,45
3.842,0.15,45
3.843,0.15,45
3.844,0.15,45
3.845,0.15,45
3.846,0.15,45
3.847,0.15,45
3.848,0.15,45
3.849,0.15,45
3.85,0.15,45
3.851,0.15,45
3.852,0.15,45
3.853,0.15,45
3.854,0.15,45
3.855,0.15,45
3.856,0.15,45
3.857,0.15,45
3.858,0.15,45
3.859,0.15,45
3.86,0.15,45
3.861,0.15,45
3.862,0.15,45
3.863,0.15,45
3.864,0.15,45
3.865,0.15,45
3.866,0.15,45
3.867,0.15,45
3.868,0.15,45
3.869,0.15,45
3.87,0.15,45
3.871,0.15,45
3.872,0.15,45
3.873,0.15,45
3.874,0.15,45
3.875,0.15,45
3.876,0.15,45
3.877,0.15,45
3.878,0.15,45
3.879,0.15,45
3.88,0.15,45
3.881,0.15,45
3.882,0.15,45
3.883,0.15,45
3.884,0.15,45
3.885,0.15,45
3.886,0.15,45
3.887,0.15,45
3.888,0.15,45
3.889,0.15,45
3.89,0.15,45
3.891,0.15,45
3.892,0.15,45
3.893,0.15,45
3.894,0.15,45
3.895,0.15,45
3.896,0.15,45
3.897,0.15,45
3.898,0.15,45
3.899,0.15,45
3.9,0.15,45
3.901,0.15,45
3.902,0.15,45
3.903,0.15,45
3.904,0.15,45
3.905,0.15,45
3.906,0.15,45
3.907,0.15,45
3.908,0.15,45
3.909,0.15,45
3.91,0.15,45
3.911,0.15,45
3.912,0.15,45
3.913,0.15,45
3.914,0.15,45
3.915,0.15,45
3.916,0.15,45
3.917,0.15,45
3.918,0.15,45
3.919,0.15,45
3.92,0.15,45
3.921,0.15,45
3.922,0.15,45
3.923,0.15,45
3.924,0.15,45
3.925,0.15,45
3.926,0.15,45
3.927,0.15,45
3.928,0.15,45
3.929,0.15,45
3.93,0.15,45
3.931,0.15,45
3.932,0.15,45
3.933,0.15,45
3.934,0.15,45
3.935,0.15,45
3.936,0.15,45
3.937,0.15,45
3.938,0.15,45
3.939,0.15,45
3.94,0.15,45
3.941,0.15,45
3.942,0.15,45
3.943,0.15,45
3.944,0.15,45
3.945,0.15,45
3.946,0.15,45
3.947,0.15,45
3.948,0.15,45
3.949,0.15,45
3.95,0.15,45
3.951,0.15,45
3.952,0.15,45
3.953,0.15,45
3.954,0.15,45
3.955,0.15,45
3.956,0.15,45
3.957,0.15,45
3.958,0.15,45
3.959,0.15,45
3.96,0.15,45
3.961,0.15,45
3.962,0.15,45
3.963,0.15,45
3.964,0.15,45
3.965,0.15,45
3.966,0.15,45
3.967,0.15,45
3.968,0.15,45
3.969,0.15,45
3.97,0.15,45
3.971,0.15,45
3.972,0.15,45
3.973,0.15,45
3.974,0.15,45
3.975,0.15,45
3.976,0.15,45
3.977,0.15,45
3.978,0.15,45
3.979,0.15,45
3.98,0.15,45
3.981,0.15,45
3.982,0.15,45
3.983,0.15,45
3.984,0.15,45
3.985,0.15,45
3.986,0.15,45
3.987,0.15,45
3.988,0.15,45
3.989,0.15,45
3.99,0.15,45
3.991,0.15,45
3.992,0.15,45
3.993,0.15,45
3.994,0.15,45
3.995,0.15,45
3.996,0.15,45
3.997,0.15,45
3.998,0.15,45
3.999,0.15,45
4,0.15,45
4.001,0.15,45
4.002,0.15,45
4.003,0.15,45
4.004,0.15,45
4.005,0.15,45
4.006,0.15,45
4.007,0.15,45
4.008,0.15,45
4.009,0.15,45
4.01,0.15,45
4.011,0.15,45
4.012,0.15,45
4.013,0.15,45
4.014,0.15,45
4.015,0.15,45
4.016,0.15,45
4.017,0.15,45
4.018,0.15,45
4.019,0.15,45
4.02,0.15,45
4.021,0.15,45
4.022,0.15,45
4.023,0.15,45
4.024,0.15,45
4.025,0.15,45
4.026,0.15,45
4.027,0.15,45
4.028,0.15,45
4.029,0.15,45
4.03,0.15,45
4.031,0.15,45
4.032,0.15,45
4.033,0.15,45
4.034,0.15,45
4.035,0.15,45
4.036,0.15,45
4.037,0.15,45
4.038,0.15,45
4.039,0.15,45
4.04,0.15,45
4.041,0.15,45
4.042,0.15,45
4.043,0.15,45
4.044,0.15,45
4.045,0.15,45
4.046,0.15,45
4.047,0.15,45
4.048,0.15,45
4.049,0.15,45
4.05,0.15,45
4.051,0.15,45
4.052,0.15,45
4.053,0.15,45
4.054,0.15,45
4.055,0.15,45
4.056,0.15,45
4.057,0.15,45
4.058,0.15,45
4.059,0.15,45
4.06,0.15,45
4.061,0.15,45
4.062,0.15,45
4.063,0.15,45
4.064,0.15,45
4.065,0.15,45
4.066,0.15,45
4.067,0.15,45
4.068,0.15,45
4.069,0.15,45
4.07,0.15,45
4.071,0.15,45
4.072,0.15,45
4.073,0.15,45
4.074,0.15,45
4.075,0.15,45
4.076,0.15,45
4.077,0.15,45
4.078,0.15,45
4.079,0.15,45
4.08,0.15,45
4.081,0.15,45
4.082,0.15,45
4.083,0.15,45
4.084,0.15,45
4.085,0.15,45
4.086,0.15,45
4.087,0.15,45
4.088,0.15,45
4.089,0.15,45
4.09,0.15,45
4.091,0.15,45
4.092,0.15,45
4.093,0.15,45
4.094,0.15,45
4.095,0.15,45
4.096,0.15,45
4.097,0.15,45
4.098,0.15,45
4.099,0.15,45
4.1,0.15,45
4.101,0.15,45
4.102,0.15,45
4.103,0.15,45
4.104,0.15,45
4.105,0.15,45
4.106,0.15,45
4.107,0.15,45
4.108,0.15,45
4.109,0.15,45
4.11,0.15,45
4.111,0.15,45
4.112,0.15,45
4.113,0.15,45
4.114,0.15,45
4.115,0.15,45
4.116,0.15,45
4.117,0.15,45
4.118,0.15,45
4.119,0.15,45
4.12,0.15,45
4.121,0.15,45
4.122,0.15,45
4.123,0.15,45
4.124,0.15,45
4.125,0.15,45
4.126,0.15,45
4.127,0.15,45
4.128,0.15,45
4.129,0.15,45
4.13,0.15,45
4.131,0.15,45
4.132,0.15,45
4.133,0.15,45
4.134,0.15,45
4.135,0.15,45
4.136,0.15,45
4.137,0.15,45
4.138,0.15,45
4.139,0.15,45
4.14,0.15,45
4.141,0.15,45
4.142,0.15,45
4.143,0.15,45
4.144,0.15,45
4.145,0.15,45
4.146,0.15,45
4.147,0.15,45
4.148,0.15,45
4.149,0.15,45
4.15,0.15,45
4.151,0.15,45
4.152,0.15,45
4.153,0.15,45
4.154,0.15,45
4.155,0.15,45
4.156,0.15,45
4.157,0.15,45
4.158,0.15,45
4.159,0.15,45
4.16,0.15,45
4.161,0.15,45
4.162,0.15,45
4.163,0.15,45
4.164,0.15,45
4.165,0.15,45
4.166,0.15,45
4.167,0.15,45
4.168,0.15,45
4.169,0.15,45
4.17,0.15,45
4.171,0.15,45
4.172,0.15,45
4.173,0.15,45
4.174,0.15,45
4.175,0.15,45
4.176,0.15,45
4.177,0.15,45
4.178,0.15,45
4.179,0.15,45
4.18,0.15,45
4.181,0.15,45
4.182,0.15,45
4.183,0.15,45
4.184,0.15,45
4.185,0.15,45
4.186,0.15,45
4.187,0.15,45
4.188,0.15,45
4.189,0.15,45
4.19,0.15,45
4.191,0.15,45
4.192,0.15,45
4.193,0.15,45
4.194,0.15,45
4.195,0.15,45
4.196,0.15,45
4.197,0.15,45
4.198,0.15,45
4.199,0.15,45
4.2,0.15,45
4.201,0.15,45
4.202,0.15,45
4.203,0.15,45
4.204,0.15,45
4.205,0.15,45
4.206,0.15,45
4.207,0.15,45
4.208,0.15,45
4.209,0.15,45
4.21,0.15,45
4.211,0.15,45
4.212,0.15,45
4.213,0.15,45
4.214,0.15,45
4.215,0.15,45
4.216,0.15,45
4.217,0.15,45
4.218,0.15,45
4.219,0.15,45
4.22,0.15,45
4.221,0.15,45
4.222,0.15,45
4.223,0.15,45
4.224,0.15,45
4.225,0.15,45
4.226,0.15,45
4.227,0.15,45
4.228,0.15,45
4.229,0.15,45
4.23,0.15,45
4.231,0.15,45
4.232,0.15,45
4.233,0.15,45
4.234,0.15,45
4.235,0.15,45
4.236,0.15,45
4.237,0.15,45
4.238,0.15,45
4.239,0.15,45
4.24,0.15,45
4.241,0.15,45
4.242,0.15,45
4.243,0.15,45
4.244,0.15,45
4.245,0.15,45
4.246,0.15,45
4.247,0.15,45
4.248,0.15,45
4.249,0.15,45
4.25,0.15,45
4.251,0.15,45
4.252,0.15,45
4.253,0.15,45
4.254,0.15,45
4.255,0.15,45
4.256,0.15,45
4.257,0.15,45
4.258,0.15,45
4.259,0.15,45
4.26,0.15,45
4.261,0.15,45
4.262,0.15,45
4.263,0.15,45
4.264,0.15,45
4.265,0.15,45
4.266,0.15,45
4.267,0.15,45
4.268,0.15,45
4.269,0.15,45
4.27,0.15,45
4.271,0.15,45
4.272,0.15,45
4.273,0.15,45
4.274,0.15,45
4.275,0.15,45
4.276,0.15,45
4.277,0.15,45
4.278,0.15,45
4.279,0.15,45
4.28,0.15,45
4.281,0.15,45
4.282,0.15,45
4.283,0.15,45
4.284,0.15,45
4.285,0.15,45
4.286,0.15,45
4.287,0.15,45
4.288,0.15,45
4.289,0.15,45
4.29,0.15,45
4.291,0.15,45
4.292,0.15,45
4.293,0.15,45
4.294,0.15,45
4.295,0.15,45
4.296,0.15,45
4.297,0.15,45
4.298,0.15,45
4.299,0.15,45
4.3,0.15,45
4.301,0.15,45
4.302,0.15,45
4.303,0.15,45
4.304,0.15,45
4.305,0.15,45
4.306,0.15,45
4.307,0.15,45
4.308,0.15,45
4.309,0.15,45
4.31,0.15,45
4.311,0.15,45
4.312,0.15,45
4.313,0.15,45
4.314,0.15,45
4.315,0.15,45
4.316,0.15,45
4.317,0.15,45
4.318,0.15,45
4.319,0.15,45
4.32,0.15,45
4.321,0.15,45
4.322,0.15,45
4.323,0.15,45
4.324,0.15,45
4.325,0.15,45
4.326,0.15,45
4.327,0.15,45
4.328,0.15,45
4.329,0.15,45
4.33,0.15,45
4.331,0.15,45
4.332,0.15,45
4.333,0.15,45
4.334,0.15,45
4.335,0.15,45
4.336,0.15,45
4.337,0.15,45
4.338,0.15,45
4.339,0.15,45
4.34,0.15,45
4.341,0.15,45
4.342,0.15,45
4.343,0.15,45
4.344,0.15,45
4.345,0.15,45
4.346,0.15,45
4.347,0.15,45
4.348,0.15,45
4.349,0.15,45
4.35,0.15,45
4.351,0.15,45
4.352,0.15,45
4.353,0.15,45
4.354,0.15,45
4.355,0.15,45
4.356,0.15,45
4.357,0.15,45
4.358,0.15,45
4.359,0.15,45
4.36,0.15,45
4.361,0.15,45
4.362,0.15,45
4.363,0.15,45
4.364,0.15,45
4.365,0.15,45
4.366,0.15,45
4.367,0.15,45
4.368,0.15,45
4.369,0.15,45
4.37,0.15,45
4.371,0.15,45
4.372,0.15,45
4.373,0.15,45
4.374,0.15,45
4.375,0.15,45
4.376,0.15,45
4.377,0.15,45
4.378,0.15,45
4.379,0.15,45
4.38,0.15,45
4.381,0.15,45
4.382,0.15,45
4.383,0.15,45
4.384,0.15,45
4.385,0.15,45
4.386,0.15,45
4.387,0.15,45
4.388,0.15,45
4.389,0.15,45
4.39,0.15,45
4.391,0.15,45
4.392,0.15,45
4.393,0.15,45
4.394,0.15,45
4.395,0.15,45
4.396,0.15,45
4.397,0.15,45
4.398,0.15,45
4.399,0.15,45
4.4,0.15,45
4.401,0.15,45
4.402,0.15,45
4.403,0.15,45
4.404,0.15,45
4.405,0.15,45
4.406,0.15,45
4.407,0.15,45
4.408,0.15,45
4.409,0.15,45
4.41,0.15,45
4.411,0.15,45
4.412,0.15,45
4.413,0.15,45
4.414,0.15,45
4.415,0.15,45
4.416,0.15,45
4.417,0.15,45
4.418,0.15,45
4.419,0.15,45
4.42,0.15,45
4.421,0.15,45
4.422,0.15,45
4.423,0.15,45
4.424,0.15,45
4.425,0.15,45
4.426,0.15,45
4.427,0.15,45
4.428,0.15,45
4.429,0.15,45
4.43,0.15,45
4.431,0.15,45
4.432,0.15,45
4.433,0.15,45
4.434,0.15,45
4.435,0.15,45
4.436,0.15,45
4.437,0.15,45
4.438,0.15,45
4.439,0.15,45
4.44,0.15,45
4.441,0.15,45
4.442,0.15,45
4.443,0.15,45
4.444,0.15,45
4.445,0.15,45
4.446,0.15,45
4.447,0.15,45
4.448,0.15,45
4.449,0.15,45
4.45,0.15,45
4.451,0.15,45
4.452,0.15,45
4.453,0.15,45
4.454,0.15,45
4.455,0.15,45
4.456,0.15,45
4.457,0.15,45
4.458,0.15,45
4.459,0.15,45
4.46,0.15,45
4.461,0.15,45
4.462,0.15,45
4.463,0.15,45
4.464,0.15,45
4.465,0.15,45
4.466,0.15,45
4.467,0.15,45
4.468,0.15,45
4.469,0.15,45
4.47,0.15,45
4.471,0.15,45
4.472,0.15,45
4.473,0.15,45
4.474,0.15,45
4.475,0.15,45
4.476,0.15,45
4.477,0.15,45
4.478,0.15,45
4.479,0.15,45
4.48,0.15,45
4.481,0.15,45
4.482,0.15,45
4.483,0.15,45
4.484,0.15,45
4.485,0.15,45
4.486,0.15,45
4.487,0.15,45
4.488,0.15,45
4.489,0.15,45
4.49,0.15,45
4.491,0.15,45
4.492,0.15,45
4.493,0.15,45
4.494,0.15,45
4.495,0.15,45
4.496,0.15,45
4.497,0.15,45
4.498,0.15,45
4.499,0.15,45
4.5,0.15,45
4.501,0.15,45
4.502,0.15,45
4.503,0.15,45
4.504,0.15,45
4.505,0.15,45
4.506,0.15,45
4.507,0.15,45
4.508,0.15,45
4.509,0.15,45
4.51,0.15,45
4.511,0.15,45
4.512,0.15,45
4.513,0.15,45
4.514,0.15,45
4.515,0.15,45
4.516,0.15,45
4.517,0.15,45
4.518,0.15,45
4.519,0.15,45
4.52,0.15,45
4.521,0.15,45
4.522,0.15,45
4.523,0.15,45
4.524,0.15,45
4.525,0.15,45
4.526,0.15,45
4.527,0.15,45
4.528,0.15,45
4.529,0.15,45
4.53,0.15,45
4.531,0.15,45
4.532,0.15,45
4.533,0.15,45
4.534,0.15,45
4.535,0.15,45
4.536,0.15,45
4.537,0.15,45
4.538,0.15,45
4.539,0.15,45
4.54,0.15,45
4.541,0.15,45
4.542,0.15,45
4.543,0.15,45
4.544,0.15,45
4.545,0.15,45
4.546,0.15,45
4.547,0.15,45
4.548,0.15,45
4.549,0.15,45
4.55,0.15,45
4.551,0.15,45
4.552,0.15,45
4.553,0.15,45
4.554,0.15,45
4.555,0.15,45
4.556,0.15,45
4.557,0.15,45
4.558,0.15,45
4.559,0.15,45
4.56,0.15,45
4.561,0.15,45
4.562,0.15,45
4.563,0.15,45
4.564,0.15,45
4.565,0.15,45
4.566,0.15,45
4.567,0.15,45
4.568,0.15,45
4.569,0.15,45
4.57,0.15,45
4.571,0.15,45
4.572,0.15,45
4.573,0.15,45
4.574,0.15,45
4.575,0.15,45
4.576,0.15,45
4.577,0.15,45
4.578,0.15,45
4.579,0.15,45
4.58,0.15,45
4.581,0.15,45
4.582,0.15,45
4.583,0.15,45
4.584,0.15,45
4.585,0.15,45
4.586,0.15,45
4.587,0.15,45
4.588,0.15,45
4.589,0.15,45
4.59,0.15,45
4.591,0.15,45
4.592,0.15,45
4.593,0.15,45
4.594,0.15,45
4.595,0.15,45
4.596,0.15,45
4.597,0.15,45
4.598,0.15,45
4.599,0.15,45
4.6,0.15,45
4.601,0.15,45
4.602,0.15,45
4.603,0.15,45
4.604,0.15,45
4.605,0.15,45
4.606,0.15,45
4.607,0.15,45
4.608,0.15,45
4.609,0.15,45
4.61,0.15,45
4.611,0.15,45
4.612,0.15,45
4.613,0.15,45
4.614,0.15,45
4.615,0.15,45
4.616,0.15,45
4.617,0.15,45
4.618,0.15,45
4.619,0.15,45
4.62,0.15,45
4.621,0.15,45
4.622,0.15,45
4.623,0.15,45
4.624,0.15,45
4.625,0.15,45
4.626,0.15,45
4.627,0.15,45
4.628,0.15,45
4.629,0.15,45
4.63,0.15,45
4.631,0.15,45
4.632,0.15,45
4.633,0.15,45
4.634,0.15,45
4.635,0.15,45
4.636,0.15,45
4.637,0.15,45
4.638,0.15,45
4.639,0.15,45
4.64,0.15,45
4.641,0.15,45
4.642,0.15,45
4.643,0.15,45
4.644,0.15,45
4.645,0.15,45
4.646,0.15,45
4.647,0.15,45
4.648,0.15,45
4.649,0.15,45
4.65,0.15,45
4.651,0.15,45
4.652,0.15,45
4.653,0.15,45
4.654,0.15,45
4.655,0.15,45
4.656,0.15,45
4.657,0.15,45
4.658,0.15,45
4.659,0.15,45
4.66,0.15,45
4.661,0.15,45
4.662,0.15,45
4.663,0.15,45
4.664,0.15,45
4.665,0.15,45
4.666,0.15,45
4.667,0.15,45
4.668,0.15,45
4.669,0.15,45
4.67,0.15,45
4.671,0.15,45
4.672,0.15,45
4.673,0.15,45
4.674,0.15,45
4.675,0.15,45
4.676,0.15,45
4.677,0.15,45
4.678,0.15,45
4.679,0.15,45
4.68,0.15,45
4.681,0.15,45
4.682,0.15,45
4.683,0.15,45
4.684,0.15,45
4.685,0.15,45
4.686,0.15,45
4.687,0.15,45
4.688,0.15,45
4.689,0.15,45
4.69,0.15,45
4.691,0.15,45
4.692,0.15,45
4.693,0.15,45
4.694,0.15,45
4.695,0.15,45
4.696,0.15,45
4.697,0.15,45
4.698,0.15,45
4.699,0.15,45
4.7,0.15,45
4.701,0.15,45
4.702,0.15,45
4.703,0.15,45
4.704,0.15,45
4.705,0.15,45
4.706,0.15,45
4.707,0.15,45
4.708,0.15,45
4.709,0.15,45
4.71,0.15,45
4.711,0.15,45
4.712,0.15,45
4.713,0.15,45
4.714,0.15,45
4.715,0.15,45
4.716,0.15,45
4.717,0.15,45
4.718,0.15,45
4.719,0.15,45
4.72,0.15,45
4.721,0.15,45
4.722,0.15,45
4.723,0.15,45
4.724,0.15,45
4.725,0.15,45
4.726,0.15,45
4.727,0.15,45
4.728,0.15,45
4.729,0.15,45
4.73,0.15,45
4.731,0.15,45
4.732,0.15,45
4.733,0.15,45
4.734,0.15,45
4.735,0.15,45
4.736,0.15,45
4.737,0.15,45
4.738,0.15,45
4.739,0.15,45
4.74,0.15,45
4.741,0.15,45
4.742,0.15,45
4.743,0.15,45
4.744,0.15,45
4.745,0.15,45
4.746,0.15,45
4.747,0.15,45
4.748,0.15,45
4.749,0.15,45
4.75,0.15,45
4.751,0.15,45
4.752,0.15,45
4.753,0.15,45
4.754,0.15,45
4.755,0.15,45
4.756,0.15,45
4.757,0.15,45
4.758,0.15,45
4.759,0.15,45
4.76,0.15,45
4.761,0.15,45
4.762,0.15,45
4.763,0.15,45
4.764,0.15,45
4.765,0.15,45
4.766,0.15,45
4.767,0.15,45
4.768,0.15,45
4.769,0.15,45
4.77,0.15,45
4.771,0.15,45
4.772,0.15,45
4.773,0.15,45
4.774,0.15,45
4.775,0.15,45
4.776,0.15,45
4.777,0.15,45
4.778,0.15,45
4.779,0.15,45
4.78,0.15,45
4.781,0.15,45
4.782,0.15,45
4.783,0.15,45
4.784,0.15,45
4.785,0.15,45
4.786,0.15,45
4.787,0.15,45
4.788,0.15,45
4.789,0.15,45
4.79,0.15,45
4.791,0.15,45
4.792,0.15,45
4.793,0.15,45
4.794,0.15,45
4.795,0.15,45
4.796,0.15,45
4.797,0.15,45
4.798,0.15,45
4.799,0.15,45
4.8,0.15,45
4.801,0.15,45
4.802,0.15,45
4.803,0.15,45
4.804,0.15,45
4.805,0.15,45
4.806,0.15,45
4.807,0.15,45
4.808,0.15,45
4.809,0.15,45
4.81,0.15,45
4.811,0.15,45
4.812,0.15,45
4.813,0.15,45
4.814,0.15,45
4.815,0.15,45
4.816,0.15,45
4.817,0.15,45
4.818,0.15,45
4.819,0.15,45
4.82,0.15,45
4.821,0.15,45
4.822,0.15,45
4.823,0.15,45
4.824,0.15,45
4.825,0.15,45
4.826,0.15,45
4.827,0.15,45
4.828,0.15,45
4.829,0.15,45
4.83,0.15,45
4.831,0.15,45
4.832,0.15,45
4.833,0.15,45
4.834,0.15,45
4.835,0.15,45
4.836,0.15,45
4.837,0.15,45
4.838,0.15,45
4.839,0.15,45
4.84,0.15,45
4.841,0.15,45
4.842,0.15,45
4.843,0.15,45
4.844,0.15,45
4.845,0.15,45
4.846,0.15,45
4.847,0.15,45
4.848,0.15,45
4.849,0.15,45
4.85,0.15,45
4.851,0.15,45
4.852,0.15,45
4.853,0.15,45
4.854,0.15,45
4.855,0.15,45
4.856,0.15,45
4.857,0.15,45
4.858,0.15,45
4.859,0.15,45
4.86,0.15,45
4.861,0.15,45
4.862,0.15,45
4.863,0.15,45
4.864,0.15,45
4.865,0.15,45
4.866,0.15,45
4.867,0.15,45
4.868,0.15,45
4.869,0.15,45
4.87,0.15,45
4.871,0.15,45
4.872,0.15,45
4.873,0.15,45
4.874,0.15,45
4.875,0.15,45
4.876,0.15,45
4.877,0.15,45
4.878,0.15,45
4.879,0.15,45
4.88,0.15,45
4.881,0.15,45
4.882,0.15,45
4.883,0.15,45
4.884,0.15,45
4.885,0.15,45
4.886,0.15,45
4.887,0.15,45
4.888,0.15,45
4.889,0.15,45
4.89,0.15,45
4.891,0.15,45
4.892,0.15,45
4.893,0.15,45
4.894,0.15,45
4.895,0.15,45
4.896,0.15,45
4.897,0.15,45
4.898,0.15,45
4.899,0.15,45
4.9,0.15,45
4.901,0.15,45
4.902,0.15,45
4.903,0.15,45
4.904,0.15,45
4.905,0.15,45
4.906,0.15,45
4.907,0.15,45
4.908,0.15,45
4.909,0.15,45
4.91,0.15,45
4.911,0.15,45
4.912,0.15,45
4.913,0.15,45
4.914,0.15,45
4.915,0.15,45
4.916,0.15,45
4.917,0.15,45
4.918,0.15,45
4.919,0.15,45
4.92,0.15,45
4.921,0.15,45
4.922,0.15,45
4.923,0.15,45
4.924,0.15,45
4.925,0.15,45
4.926,0.15,45
4.927,0.15,45
4.928,0.15,45
4.929,0.15,45
4.93,0.15,45
4.931,0.15,45
4.932,0.15,45
4.933,0.15,45
4.934,0.15,45
4.935,0.15,45
4.936,0.15,45
4.937,0.15,45
4.938,0.15,45
4.939,0.15,45
4.94,0.15,45
4.941,0.15,45
4.942,0.15,45
4.943,0.15,45
4.944,0.15,45
4.945,0.15,45
4.946,0.15,45
4.947,0.15,45
4.948,0.15,45
4.949,0.15,45
4.95,0.15,45
4.951,0.15,45
4.952,0.15,45
4.953,0.15,45
4.954,0.15,45
4.955,0.15,45
4.956,0.15,45
4.957,0.15,45
4.958,0.15,45
4.959,0.15,45
4.96,0.15,45
4.961,0.15,45
4.962,0.15,45
4.963,0.15,45
4.964,0.15,45
4.965,0.15,45
4.966,0.15,45
4.967,0.15,45
4.968,0.15,45
4.969,0.15,45
4.97,0.15,45
4.971,0.15,45
4.972,0.15,45
4.973,0.15,45
4.974,0.15,45
4.975,0.15,45
4.976,0.15,45
4.977,0.15,45
4.978,0.15,45
4.979,0.15,45
4.98,0.15,45
4.981,0.15,45
4.982,0.15,45
4.983,0.15,45
4.984,0.15,45
4.985,0.15,45
4.986,0.15,45
4.987,0.15,45
4.988,0.15,45
4.989,0.15,45
4.99,0.15,45
4.991,0.15,45
4.992,0.15,45
4.993,0.15,45
4.994,0.15,45
4.995,0.15,45
4.996,0.15,45
4.997,0.15,45
4.998,0.15,45
4.999,0.15,45
5,0.15,45
5.001,0.15,45
5.002,0.15,45
5.003,0.15,45
5.004,0.15,45
5.005,0.15,45
5.006,0.15,45
5.007,0.15,45
5.008,0.15,45
5.009,0.15,45
5.01,0.15,45
5.011,0.15,45
5.012,0.15,45
5.013,0.15,45
5.014,0.15,45
5.015,0.15,45
5.016,0.15,45
5.017,0.15,45
5.018,0.15,45
5.019,0.15,45
5.02,0.15,45
5.021,0.15,45
5.022,0.15,45
5.023,0.15,45
5.024,0.15,45
5.025,0.15,45
5.026,0.15,45
5.027,0.15,45
5.028,0.15,45
5.029,0.15,45
5.03,0.15,45
5.031,0.15,45
5.032,0.15,45
5.033,0.15,45
5.034,0.15,45
5.035,0.15,45
5.036,0.15,45
5.037,0.15,45
5.038,0.15,45
5.039,0.15,45
5.04,0.15,45
5.041,0.15,45
5.042,0.15,45
5.043,0.15,45
5.044,0.15,45
5.045,0.15,45
5.046,0.15,45
5.047,0.15,45
5.048,0.15,45
5.049,0.15,45
5.05,0.15,45
5.051,0.15,45
5.052,0.15,45
5.053,0.15,45
5.054,0.15,45
5.055,0.15,45
5.056,0.15,45
5.057,0.15,45
5.058,0.15,45
5.059,0.15,45
5.06,0.15,45
5.061,0.15,45
5.062,0.15,45
5.063,0.15,45
5.064,0.15,45
5.065,0.15,45
5.066,0.15,45
5.067,0.15,45
5.068,0.15,45
5.069,0.15,45
5.07,0.15,45
5.071,0.15,45
5.072,0.15,45
5.073,0.15,45
5.074,0.15,45
5.075,0.15,45
5.076,0.15,45
5.077,0.15,45
5.078,0.15,45
5.079,0.15,45
5.08,0.15,45
5.081,0.15,45
5.082,0.15,45
5.083,0.15,45
5.084,0.15,45
5.085,0.15,45
5.086,0.15,45
5.087,0.15,45
5.088,0.15,45
5.089,0.15,45
5.09,0.15,45
5.091,0.15,45
5.092,0.15,45
5.093,0.15,45
5.094,0.15,45
5.095,0.15,45
5.096,0.15,45
5.097,0.15,45
5.098,0.15,45
5.099,0.15,45
5.1,0.15,45
5.101,0.15,45
5.102,0.15,45
5.103,0.15,45
5.104,0.15,45
5.105,0.15,45
5.106,0.15,45
5.107,0.15,45
5.108,0.15,45
5.109,0.15,45
5.11,0.15,45
5.111,0.15,45
5.112,0.15,45
5.113,0.15,45
5.114,0.15,45
5.115,0.15,45
5.116,0.15,45
5.117,0.15,45
5.118,0.15,45
5.119,0.15,45
5.12,0.15,45
5.121,0.15,45
5.122,0.15,45
5.123,0.15,45
5.124,0.15,45
5.125,0.15,45
5.126,0.15,45
5.127,0.15,45
5.128,0.15,45
5.129,0.15,45
5.13,0.15,45
5.131,0.15,45
5.132,0.15,45
5.133,0.15,45
5.134,0.15,45
5.135,0.15,45
5.136,0.15,45
5.137,0.15,45
5.138,0.15,45
5.139,0.15,45
5.14,0.15,45
5.141,0.15,45
5.142,0.15,45
5.143,0.15,45
5.144,0.15,45
5.145,0.15,45
5.146,0.15,45
5.147,0.15,45
5.148,0.15,45
5.149,0.15,45
5.15,0.15,45
5.151,0.15,45
5.152,0.15,45
5.153,0.15,45
5.154,0.15,45
5.155,0.15,45
5.156,0.15,45
5.157,0.15,45
5.158,0.15,45
5.159,0.15,45
5.16,0.15,45
5.161,0.15,45
5.162,0.15,45
5.163,0.15,45
5.164,0.15,45
5.165,0.15,45
5.166,0.15,45
5.167,0.15,45
5.168,0.15,45
5.169,0.15,45
5.17,0.15,45
5.171,0.15,45
5.172,0.15,45
5.173,0.15,45
5.174,0.15,45
5.175,0.15,45
5.176,0.15,45
5.177,0.15,45
5.178,0.15,45
5.179,0.15,45
5.18,0.15,45
5.181,0.15,45
5.182,0.15,45
5.183,0.15,45
5.184,0.15,45
5.185,0.15,45
5.186,0.15,45
5.187,0.15,45
5.188,0.15,45
5.189,0.15,45
5.19,0.15,45
5.191,0.15,45
5.192,0.15,45
5.193,0.15,45
5.194,0.15,45
5.195,0.15,45
5.196,0.15,45
5.197,0.15,45
5.198,0.15,45
5.199,0.15,45
5.2,0.15,45
5.201,0.15,45
5.202,0.15,45
5.203,0.15,45
5.204,0.15,45
5.205,0.15,45
5.206,0.15,45
5.207,0.15,45
5.208,0.15,45
5.209,0.15,45
5.21,0.15,45
5.211,0.15,45
5.212,0.15,45
5.213,0.15,45
5.214,0.15,45
5.215,0.15,45
5.216,0.15,45
5.217,0.15,45
5.218,0.15,45
5.219,0.15,45
5.22,0.15,45
5.221,0.15,45
5.222,0.15,45
5.223,0.15,45
5.224,0.15,45
5.225,0.15,45
5.226,0.15,45
5.227,0.15,45
5.228,0.15,45
5.229,0.15,45
5.23,0.15,45
5.231,0.15,45
5.232,0.15,45
5.233,0.15,45
5.234,0.15,45
5.235,0.15,45
5.236,0.15,45
5.237,0.15,45
5.238,0.15,45
5.239,0.15,45
5.24,0.15,45
5.241,0.15,45
5.242,0.15,45
5.243,0.15,45
5.244,0.15,45
5.245,0.15,45
5.246,0.15,45
5.247,0.15,45
5.248,0.15,45
5.249,0.15,45
5.25,0.15,45
5.251,0.15,45
5.252,0.15,45
5.253,0.15,45
5.254,0.15,45
5.255,0.15,45
5.256,0.15,45
5.257,0.15,45
5.258,0.15,45
5.259,0.15,45
5.26,0.15,45
5.261,0.15,45
5.262,0.15,45
5.263,0.15,45
5.264,0.15,45
5.265,0.15,45
5.266,0.15,45
5.267,0.15,45
5.268,0.15,45
5.269,0.15,45
5.27,0.15,45
5.271,0.15,45
5.272,0.15,45
5.273,0.15,45
5.274,0.15,45
5.275,0.15,45
5.276,0.15,45
5.277,0.15,45
5.278,0.15,45
5.279,0.15,45
5.28,0.15,45
5.281,0.15,45
5.282,0.15,45
5.283,0.15,45
5.284,0.15,45
5.285,0.15,45
5.286,0.15,45
5.287,0.15,45
5.288,0.15,45
5.289,0.15,45
5.29,0.15,45
5.291,0.15,45
5.292,0.15,45
5.293,0.15,45
5.294,0.15,45
5.295,0.15,45
5.296,0.15,45
5.297,0.15,45
5.298,0.15,45
5.299,0.15,45
5.3,0.15,45
5.301,0.15,45
5.302,0.15,45
5.303,0.15,45
5.304,0.15,45
5.305,0.15,45
5.306,0.15,45
5.307,0.15,45
5.308,0.15,45
5.309,0.15,45
5.31,0.15,45
5.311,0.15,45
5.312,0.15,45
5.313,0.15,45
5.314,0.15,45
5.315,0.15,45
5.316,0.15,45
5.317,0.15,45
5.318,0.15,45
5.319,0.15,45
5.32,0.15,45
5.321,0.15,45
5.322,0.15,45
5.323,0.15,45
5.324,0.15,45
5.325,0.15,45
5.326,0.15,45
5.327,0.15,45
5.328,0.15,45
5.329,0.15,45
5.33,0.15,45
5.331,0.15,45
5.332,0.15,45
5.333,0.15,45
5.334,0.15,45
5.335,0.15,45
5.336,0.15,45
5.337,0.15,45
5.338,0.15,45
5.339,0.15,45
5.34,0.15,45
5.341,0.15,45
5.342,0.15,45
5.343,0.15,45
5.344,0.15,45
5.345,0.15,45
5.346,0.15,45
5.347,0.15,45
5.348,0.15,45
5.349,0.15,45
5.35,0.15,45
5.351,0.15,45
5.352,0.15,45
5.353,0.15,45
5.354,0.15,45
5.355,0.15,45
5.356,0.15,45
5.357,0.15,45
5.358,0.15,45
5.359,0.15,45
5.36,0.15,45
5.361,0.15,45
5.362,0.15,45
5.363,0.15,45
5.364,0.15,45
5.365,0.15,45
5.366,0.15,45
5.367,0.15,45
5.368,0.15,45
5.369,0.15,45
5.37,0.15,45
5.371,0.15,45
5.372,0.15,45
5.373,0.15,45
5.374,0.15,45
5.375,0.15,45
5.376,0.15,45
5.377,0.15,45
5.378,0.15,45
5.379,0.15,45
5.38,0.15,45
5.381,0.15,45
5.382,0.15,45
5.383,0.15,45
5.384,0.15,45
5.385,0.15,45
5.386,0.15,45
5.387,0.15,45
5.388,0.15,45
5.389,0.15,45
5.39,0.15,45
5.391,0.15,45
5.392,0.15,45
5.393,0.15,45
5.394,0.15,45
5.395,0.15,45
5.396,0.15,45
5.397,0.15,45
5.398,0.15,45
5.399,0.15,45
5.4,0.15,45
5.401,0.15,45
5.402,0.15,45
5.403,0.15,45
5.404,0.15,45
5.405,0.15,45
5.406,0.15,45
5.407,0.15,45
5.408,0.15,45
5.409,0.15,45
5.41,0.15,45
5.411,0.15,45
5.412,0.15,45
5.413,0.15,45
5.414,0.15,45
5.415,0.15,45
5.416,0.15,45
5.417,0.15,45
5.418,0.15,45
5.419,0.15,45
5.42,0.15,45
5.421,0.15,45
5.422,0.15,45
5.423,0.15,45
5.424,0.15,45
5.425,0.15,45
5.426,0.15,45
5.427,0.15,45
5.428,0.15,45
5.429,0.15,45
5.43,0.15,45
5.431,0.15,45
5.432,0.15,45
5.433,0.15,45
5.434,0.15,45
5.435,0.15,45
5.436,0.15,45
5.437,0.15,45
5.438,0.15,45
5.439,0.15,45
5.44,0.15,45
5.441,0.15,45
5.442,0.15,45
5.443,0.15,45
5.444,0.15,45
5.445,0.15,45
5.446,0.15,45
5.447,0.15,45
5.448,0.15,45
5.449,0.15,45
5.45,0.15,45
5.451,0.15,45
5.452,0.15,45
5.453,0.15,45
5.454,0.15,45
5.455,0.15,45
5.456,0.15,45
5.457,0.15,45
5.458,0.15,45
5.459,0.15,45
5.46,0.15,45
5.461,0.15,45
5.462,0.15,45
5.463,0.15,45
5.464,0.15,45
5.465,0.15,45
5.466,0.15,45
5.467,0.15,45
5.468,0.15,45
5.469,0.15,45
5.47,0.15,45
5.471,0.15,45
5.472,0.15,45
5.473,0.15,45
5.474,0.15,45
5.475,0.15,45
5.476,0.15,45
5.477,0.15,45
5.478,0.15,45
5.479,0.15,45
5.48,0.15,45
5.481,0.15,45
5.482,0.15,45
5.483,0.15,45
5.484,0.15,45
5.485,0.15,45
5.486,0.15,45
5.487,0.15,45
5.488,0.15,45
5.489,0.15,45
5.49,0.15,45
5.491,0.15,45
5.492,0.15,45
5.493,0.15,45
5.494,0.15,45
5.495,0.15,45
5.496,0.15,45
5.497,0.15,45
5.498,0.15,45
5.499,0.15,45
5.5,0.15,45
5.501,0.15,45
5.502,0.15,45
5.503,0.15,45
5.504,0.15,45
5.505,0.15,45
5.506,0.15,45
5.507,0.15,45
5.508,0.15,45
5.509,0.15,45
5.51,0.15,45
5.511,0.15,45
5.512,0.15,45
5.513,0.15,45
5.514,0.15,45
5.515,0.15,45
5.516,0.15,45
5.517,0.15,45
5.518,0.15,45
5.519,0.15,45
5.52,0.15,45
5.521,0.15,45
5.522,0.15,45
5.523,0.15,45
5.524,0.15,45
5.525,0.15,45
5.526,0.15,45
5.527,0.15,45
5.528,0.15,45
5.529,0.15,45
5.53,0.15,45
5.531,0.15,45
5.532,0.15,45
5.533,0.15,45
5.534,0.15,45
5.535,0.15,45
5.536,0.15,45
5.537,0.15,45
5.538,0.15,45
5.539,0.15,45
5.54,0.15,45
5.541,0.15,45
5.542,0.15,45
5.543,0.15,45
5.544,0.15,45
5.545,0.15,45
5.546,0.15,45
5.547,0.15,45
5.548,0.15,45
5.549,0.15,45
5.55,0.15,45
5.551,0.15,45
5.552,0.15,45
5.553,0.15,45
5.554,0.15,45
5.555,0.15,45
5.556,0.15,45
5.557,0.15,45
5.558,0.15,45
5.559,0.15,45
5.56,0.15,45
5.561,0.15,45
5.562,0.15,45
5.563,0.15,45
5.564,0.15,45
5.565,0.15,45
5.566,0.15,45
5.567,0.15,45
5.568,0.15,45
5.569,0.15,45
5.57,0.15,45
5.571,0.15,45
5.572,0.15,45
5.573,0.15,45
5.574,0.15,45
5.575,0.15,45
5.576,0.15,45
5.577,0.15,45
5.578,0.15,45
5.579,0.15,45
5.58,0.15,45
5.581,0.15,45
5.582,0.15,45
5.583,0.15,45
5.584,0.15,45
5.585,0.15,45
5.586,0.15,45
5.587,0.15,45
5.588,0.15,45
5.589,0.15,45
5.59,0.15,45
5.591,0.15,45
5.592,0.15,45
5.593,0.15,45
5.594,0.15,45
5.595,0.15,45
5.596,0.15,45
5.597,0.15,45
5.598,0.15,45
5.599,0.15,45
5.6,0.15,45
5.601,0.15,45
5.602,0.15,45
5.603,0.15,45
5.604,0.15,45
5.605,0.15,45
5.606,0.15,45
5.607,0.15,45
5.608,0.15,45
5.609,0.15,45
5.61,0.15,45
5.611,0.15,45
5.612,0.15,45
5.613,0.15,45
5.614,0.15,45
5.615,0.15,45
5.616,0.15,45
5.617,0.15,45
5.618,0.15,45
5.619,0.15,45
5.62,0.15,45
5.621,0.15,45
5.622,0.15,45
5.623,0.15,45
5.624,0.15,45
5.625,0.15,45
5.626,0.15,45
5.627,0.15,45
5.628,0.15,45
5.629,0.15,45
5.63,0.15,45
5.631,0.15,45
5.632,0.15,45
5.633,0.15,45
5.634,0.15,45
5.635,0.15,45
5.636,0.15,45
5.637,0.15,45
5.638,0.15,45
5.639,0.15,45
5.64,0.15,45
5.641,0.15,45
5.642,0.15,45
5.643,0.15,45
5.644,0.15,45
5.645,0.15,45
5.646,0.15,45
5.647,0.15,45
5.648,0.15,45
5.649,0.15,45
5.65,0.15,45
5.651,0.15,45
5.652,0.15,45
5.653,0.15,45
5.654,0.15,45
5.655,0.15,45
5.656,0.15,45
5.657,0.15,45
5.658,0.15,45
5.659,0.15,45
5.66,0.15,45
5.661,0.15,45
5.662,0.15,45
5.663,0.15,45
5.664,0.15,45
5.665,0.15,45
5.666,0.15,45
5.667,0.15,45
5.668,0.15,45
5.669,0.15,45
5.67,0.15,45
5.671,0.15,45
5.672,0.15,45
5.673,0.15,45
5.674,0.15,45
5.675,0.15,45
5.676,0.15,45
5.677,0.15,45
5.678,0.15,45
5.679,0.15,45
5.68,0.15,45
5.681,0.15,45
5.682,0.15,45
5.683,0.15,45
5.684,0.15,45
5.685,0.15,45
5.686,0.15,45
5.687,0.15,45
5.688,0.15,45
5.689,0.15,45
5.69,0.15,45
5.691,0.15,45
5.692,0.15,45
5.693,0.15,45
5.694,0.15,45
5.695,0.15,45
5.696,0.15,45
5.697,0.15,45
5.698,0.15,45
5.699,0.15,45
5.7,0.15,45
5.701,0.15,45
5.702,0.15,45
5.703,0.15,45
5.704,0.15,45
5.705,0.15,45
5.706,0.15,45
5.707,0.15,45
5.708,0.15,45
5.709,0.15,45
5.71,0.15,45
5.711,0.15,45
5.712,0.15,45
5.713,0.15,45
5.714,0.15,45
5.715,0.15,45
5.716,0.15,45
5.717,0.15,45
5.718,0.15,45
5.719,0.15,45
5.72,0.15,45
5.721,0.15,45
5.722,0.15,45
5.723,0.15,45
5.724,0.15,45
5.725,0.15,45
5.726,0.15,45
5.727,0.15,45
5.728,0.15,45
5.729,0.15,45
5.73,0.15,45
5.731,0.15,45
5.732,0.15,45
5.733,0.15,45
5.734,0.15,45
5.735,0.15,45
5.736,0.15,45
5.737,0.15,45
5.738,0.15,45
5.739,0.15,45
5.74,0.15,45
5.741,0.15,45
5.742,0.15,45
5.743,0.15,45
5.744,0.15,45
5.745,0.15,45
5.746,0.15,45
5.747,0.15,45
5.748,0.15,45
5.749,0.15,45
5.75,0.15,45
5.751,0.15,45
5.752,0.15,45
5.753,0.15,45
5.754,0.15,45
5.755,0.15,45
5.756,0.15,45
5.757,0.15,45
5.758,0.15,45
5.759,0.15,45
5.76,0.15,45
5.761,0.15,45
5.762,0.15,45
5.763,0.15,45
5.764,0.15,45
5.765,0.15,45
5.766,0.15,45
5.767,0.15,45
5.768,0.15,45
5.769,0.15,45
5.77,0.15,45
5.771,0.15,45
5.772,0.15,45
5.773,0.15,45
5.774,0.15,45
5.775,0.15,45
5.776,0.15,45
5.777,0.15,45
5.778,0.15,45
5.779,0.15,45
5.78,0.15,45
5.781,0.15,45
5.782,0.15,45
5.783,0.15,45
5.784,0.15,45
5.785,0.15,45
5.786,0.15,45
5.787,0.15,45
5.788,0.15,45
5.789,0.15,45
5.79,0.15,45
5.791,0.15,45
5.792,0.15,45
5.793,0.15,45
5.794,0.15,45
5.795,0.15,45
5.796,0.15,45
5.797,0.15,45
5.798,0.15,45
5.799,0.15,45
5.8,0.15,45
5.801,0.15,45
5.802,0.15,45
5.803,0.15,45
5.804,0.15,45
5.805,0.15,45
5.806,0.15,45
5.807,0.15,45
5.808,0.15,45
5.809,0.15,45
5.81,0.15,45
5.811,0.15,45
5.812,0.15,45
5.813,0.15,45
5.814,0.15,45
5.815,0.15,45
5.816,0.15,45
5.817,0.15,45
5.818,0.15,45
5.819,0.15,45
5.82,0.15,45
5.821,0.15,45
5.822,0.15,45
5.823,0.15,45
5.824,0.15,45
5.825,0.15,45
5.826,0.15,45
5.827,0.15,45
5.828,0.15,45
5.829,0.15,45
5.83,0.15,45
5.831,0.15,45
5.832,0.15,45
5.833,0.15,45
5.834,0.15,45
5.835,0.15,45
5.836,0.15,45
5.837,0.15,45
5.838,0.15,45
5.839,0.15,45
5.84,0.15,45
5.841,0.15,45
5.842,0.15,45
5.843,0.15,45
5.844,0.15,45
5.845,0.15,45
5.846,0.15,45
5.847,0.15,45
5.848,0.15,45
5.849,0.15,45
5.85,0.15,45
5.851,0.15,45
5.852,0.15,45
5.853,0.15,45
5.854,0.15,45
5.855,0.15,45
5.856,0.15,45
5.857,0.15,45
5.858,0.15,45
5.859,0.15,45
5.86,0.15,45
5.861,0.15,45
5.862,0.15,45
5.863,0.15,45
5.864,0.15,45
5.865,0.15,45
5.866,0.15,45
5.867,0.15,45
5.868,0.15,45
5.869,0.15,45
5.87,0.15,45
5.871,0.15,45
5.872,0.15,45
5.873,0.15,45
5.874,0.15,45
5.875,0.15,45
5.876,0.15,45
5.877,0.15,45
5.878,0.15,45
5.879,0.15,45
5.88,0.15,45
5.881,0.15,45
5.882,0.15,45
5.883,0.15,45
5.884,0.15,45
5.885,0.15,45
5.886,0.15,45
5.887,0.15,45
5.888,0.15,45
5.889,0.15,45
5.89,0.15,45
5.891,0.15,45
5.892,0.15,45
5.893,0.15,45
5.894,0.15,45
5.895,0.15,45
5.896,0.15,45
5.897,0.15,45
5.898,0.15,45
5.899,0.15,45
5.9,0.15,45
5.901,0.15,45
5.902,0.15,45
5.903,0.15,45
5.904,0.15,45
5.905,0.15,45
5.906,0.15,45
5.907,0.15,45
5.908,0.15,45
5.909,0.15,45
5.91,0.15,45
5.911,0.15,45
5.912,0.15,45
5.913,0.15,45
5.914,0.15,45
5.915,0.15,45
5.916,0.15,45
5.917,0.15,45
5.918,0.15,45
5.919,0.15,45
5.92,0.15,45
5.921,0.15,45
5.922,0.15,45
5.923,0.15,45
5.924,0.15,45
5.925,0.15,45
5.926,0.15,45
5.927,0.15,45
5.928,0.15,45
5.929,0.15,45
5.93,0.15,45
5.931,0.15,45
5.932,0.15,45
5.933,0.15,45
5.934,0.15,45
5.935,0.15,45
5.936,0.15,45
5.937,0.15,45
5.938,0.15,45
5.939,0.15,45
5.94,0.15,45
5.941,0.15,45
5.942,0.15,45
5.943,0.15,45
5.944,0.15,45
5.945,0.15,45
5.946,0.15,45
5.947,0.15,45
5.948,0.15,45
5.949,0.15,45
5.95,0.15,45
5.951,0.15,45
5.952,0.15,45
5.953,0.15,45
5.954,0.15,45
5.955,0.15,45
5.956,0.15,45
5.957,0.15,45
5.958,0.15,45
5.959,0.15,45
5.96,0.15,45
5.961,0.15,45
5.962,0.15,45
5.963,0.15,45
5.964,0.15,45
5.965,0.15,45
5.966,0.15,45
5.967,0.15,45
5.968,0.15,45
5.969,0.15,45
5.97,0.15,45
5.971,0.15,45
5.972,0.15,45
5.973,0.15,45
5.974,0.15,45
5.975,0.15,45
5.976,0.15,45
5.977,0.15,45
5.978,0.15,45
5.979,0.15,45
5.98,0.15,45
5.981,0.15,45
5.982,0.15,45
5.983,0.15,45
5.984,0.15,45
5.985,0.15,45
5.986,0.15,45
5.987,0.15,45
5.988,0.15,45
5.989,0.15,45
5.99,0.15,45
5.991,0.15,45
5.992,0.15,45
5.993,0.15,45
5.994,0.15,45
5.995,0.15,45
5.996,0.15,45
5.997,0.15,45
5.998,0.15,45
5.999,0.15,45
6,0.15,45
6.001,0.15,45
6.002,0.15,45
6.003,0.15,45
6.004,0.15,45
6.005,0.15,45
6.006,0.15,45
6.007,0.15,45
6.008,0.15,45
6.009,0.15,45
6.01,0.15,45
6.011,0.15,45
6.012,0.15,45
6.013,0.15,45
6.014,0.15,45
6.015,0.15,45
6.016,0.15,45
6.017,0.15,45
6.018,0.15,45
6.019,0.15,45
6.02,0.15,45
6.021,0.15,45
6.022,0.15,45
6.023,0.15,45
6.024,0.15,45
6.025,0.15,45
6.026,0.15,45
6.027,0.15,45
6.028,0.15,45
6.029,0.15,45
6.03,0.15,45
6.031,0.15,45
6.032,0.15,45
6.033,0.15,45
6.034,0.15,45
6.035,0.15,45
6.036,0.15,45
6.037,0.15,45
6.038,0.15,45
6.039,0.15,45
6.04,0.15,45
6.041,0.15,45
6.042,0.15,45
6.043,0.15,45
6.044,0.15,45
6.045,0.15,45
6.046,0.15,45
6.047,0.15,45
6.048,0.15,45
6.049,0.15,45
6.05,0.15,45
6.051,0.15,45
6.052,0.15,45
6.053,0.15,45
6.054,0.15,45
6.055,0.15,45
6.056,0.15,45
6.057,0.15,45
6.058,0.15,45
6.059,0.15,45
6.06,0.15,45
6.061,0.15,45
6.062,0.15,45
6.063,0.15,45
6.064,0.15,45
6.065,0.15,45
6.066,0.15,45
6.067,0.15,45
6.068,0.15,45
6.069,0.15,45
6.07,0.15,45
6.071,0.15,45
6.072,0.15,45
6.073,0.15,45
6.074,0.15,45
6.075,0.15,45
6.076,0.15,45
6.077,0.15,45
6.078,0.15,45
6.079,0.15,45
6.08,0.15,45
6.081,0.15,45
6.082,0.15,45
6.083,0.15,45
6.084,0.15,45
6.085,0.15,45
6.086,0.15,45
6.087,0.15,45
6.088,0.15,45
6.089,0.15,45
6.09,0.15,45
6.091,0.15,45
6.092,0.15,45
6.093,0.15,45
6.094,0.15,45
6.095,0.15,45
6.096,0.15,45
6.097,0.15,45
6.098,0.15,45
6.099,0.15,45
6.1,0.15,45
6.101,0.15,45
6.102,0.15,45
6.103,0.15,45
6.104,0.15,45
6.105,0.15,45
6.106,0.15,45
6.107,0.15,45
6.108,0.15,45
6.109,0.15,45
6.11,0.15,45
6.111,0.15,45
6.112,0.15,45
6.113,0.15,45
6.114,0.15,45
6.115,0.15,45
6.116,0.15,45
6.117,0.15,45
6.118,0.15,45
6.119,0.15,45
6.12,0.15,45
6.121,0.15,45
6.122,0.15,45
6.123,0.15,45
6.124,0.15,45
6.125,0.15,45
6.126,0.15,45
6.127,0.15,45
6.128,0.15,45
6.129,0.15,45
6.13,0.15,45
6.131,0.15,45
6.132,0.15,45
6.133,0.15,45
6.134,0.15,45
6.135,0.15,45
6.136,0.15,45
6.137,0.15,45
6.138,0.15,45
6.139,0.15,45
6.14,0.15,45
6.141,0.15,45
6.142,0.15,45
6.143,0.15,45
6.144,0.15,45
6.145,0.15,45
6.146,0.15,45
6.147,0.15,45
6.148,0.15,45
6.149,0.15,45
6.15,0.15,45
6.151,0.15,45
6.152,0.15,45
6.153,0.15,45
6.154,0.15,45
6.155,0.15,45
6.156,0.15,45
6.157,0.15,45
6.158,0.15,45
6.159,0.15,45
6.16,0.15,45
6.161,0.15,45
6.162,0.15,45
6.163,0.15,45
6.164,0.15,45
6.165,0.15,45
6.166,0.15,45
6.167,0.15,45
6.168,0.15,45
6.169,0.15,45
6.17,0.15,45
6.171,0.15,45
6.172,0.15,45
6.173,0.15,45
6.174,0.15,45
6.175,0.15,45
6.176,0.15,45
6.177,0.15,45
6.178,0.15,45
6.179,0.15,45
6.18,0.15,45
6.181,0.15,45
6.182,0.15,45
6.183,0.15,45
6.184,0.15,45
6.185,0.15,45
6.186,0.15,45
6.187,0.15,45
6.188,0.15,45
6.189,0.15,45
6.19,0.15,45
6.191,0.15,45
6.192,0.15,45
6.193,0.15,45
6.194,0.15,45
6.195,0.15,45
6.196,0.15,45
6.197,0.15,45
6.198,0.15,45
6.199,0.15,45
6.2,0.15,45
6.201,0.15,45
6.202,0.15,45
6.203,0.15,45
6.204,0.15,45
6.205,0.15,45
6.206,0.15,45
6.207,0.15,45
6.208,0.15,45
6.209,0.15,45
6.21,0.15,45
6.211,0.15,45
6.212,0.15,45
6.213,0.15,45
6.214,0.15,45
6.215,0.15,45
6.216,0.15,45
6.217,0.15,45
6.218,0.15,45
6.219,0.15,45
6.22,0.15,45
6.221,0.15,45
6.222,0.15,45
6.223,0.15,45
6.224,0.15,45
6.225,0.15,45
6.226,0.15,45
6.227,0.15,45
6.228,0.15,45
6.229,0.15,45
6.23,0.15,45
6.231,0.15,45
6.232,0.15,45
6.233,0.15,45
6.234,0.15,45
6.235,0.15,45
6.236,0.15,45
6.237,0.15,45
6.238,0.15,45
6.239,0.15,45
6.24,0.15,45
6.241,0.15,45
6.242,0.15,45
6.243,0.15,45
6.244,0.15,45
6.245,0.15,45
6.246,0.15,45
6.247,0.15,45
6.248,0.15,45
6.249,0.15,45
6.25,0.15,45
6.251,0.15,45
6.252,0.15,45
6.253,0.15,45
6.254,0.15,45
6.255,0.15,45
6.256,0.15,45
6.257,0.15,45
6.258,0.15,45
6.259,0.15,45
6.26,0.15,45
6.261,0.15,45
6.262,0.15,45
6.263,0.15,45
6.264,0.15,45
6.265,0.15,45
6.266,0.15,45
6.267,0.15,45
6.268,0.15,45
6.269,0.15,45
6.27,0.15,45
6.271,0.15,45
6.272,0.15,45
6.273,0.15,45
6.274,0.15,45
6.275,0.15,45
6.276,0.15,45
6.277,0.15,45
6.278,0.15,45
6.279,0.15,45
6.28,0.15,45
6.281,0.15,45
6.282,0.15,45
6.283,0.15,45
6.284,0.15,45
6.285,0.15,45
6.286,0.15,45
6.287,0.15,45
6.288,0.15,45
6.289,0.15,45
6.29,0.15,45
6.291,0.15,45
6.292,0.15,45
6.293,0.15,45
6.294,0.15,45
6.295,0.15,45
6.296,0.15,45
6.297,0.15,45
6.298,0.15,45
6.299,0.15,45
6.3,0.15,45
6.301,0.15,45
6.302,0.15,45
6.303,0.15,45
6.304,0.15,45
6.305,0.15,45
6.306,0.15,45
6.307,0.15,45
6.308,0.15,45
6.309,0.15,45
6.31,0.15,45
6.311,0.15,45
6.312,0.15,45
6.313,0.15,45
6.314,0.15,45
6.315,0.15,45
6.316,0.15,45
6.317,0.15,45
6.318,0.15,45
6.319,0.15,45
6.32,0.15,45
6.321,0.15,45
6.322,0.15,45
6.323,0.15,45
6.324,0.15,45
6.325,0.15,45
6.326,0.15,45
6.327,0.15,45
6.328,0.15,45
6.329,0.15,45
6.33,0.15,45
6.331,0.15,45
6.332,0.15,45
6.333,0.15,45
6.334,0.15,45
6.335,0.15,45
6.336,0.15,45
6.337,0.15,45
6.338,0.15,45
6.339,0.15,45
6.34,0.15,45
6.341,0.15,45
6.342,0.15,45
6.343,0.15,45
6.344,0.15,45
6.345,0.15,45
6.346,0.15,45
6.347,0.15,45
6.348,0.15,45
6.349,0.15,45
6.35,0.15,45
6.351,0.15,45
6.352,0.15,45
6.353,0.15,45
6.354,0.15,45
6.355,0.15,45
6.356,0.15,45
6.357,0.15,45
6.358,0.15,45
6.359,0.15,45
6.36,0.15,45
6.361,0.15,45
6.362,0.15,45
6.363,0.15,45
6.364,0.15,45
6.365,0.15,45
6.366,0.15,45
6.367,0.15,45
6.368,0.15,45
6.369,0.15,45
6.37,0.15,45
6.371,0.15,45
6.372,0.15,45
6.373,0.15,45
6.374,0.15,45
6.375,0.15,45
6.376,0.15,45
6.377,0.15,45
6.378,0.15,45
6.379,0.15,45
6.38,0.15,45
6.381,0.15,45
6.382,0.15,45
6.383,0.15,45
6.384,0.15,45
6.385,0.15,45
6.386,0.15,45
6.387,0.15,45
6.388,0.15,45
6.389,0.15,45
6.39,0.15,45
6.391,0.15,45
6.392,0.15,45
6.393,0.15,45
6.394,0.15,45
6.395,0.15,45
6.396,0.15,45
6.397,0.15,45
6.398,0.15,45
6.399,0.15,45
6.4,0.15,45
6.401,0.15,45
6.402,0.15,45
6.403,0.15,45
6.404,0.15,45
6.405,0.15,45
6.406,0.15,45
6.407,0.15,45
6.408,0.15,45
6.409,0.15,45
6.41,0.15,45
6.411,0.15,45
6.412,0.15,45
6.413,0.15,45
6.414,0.15,45
6.415,0.15,45
6.416,0.15,45
6.417,0.15,45
6.418,0.15,45
6.419,0.15,45
6.42,0.15,45
6.421,0.15,45
6.422,0.15,45
6.423,0.15,45
6.424,0.15,45
6.425,0.15,45
6.426,0.15,45
6.427,0.15,45
6.428,0.15,45
6.429,0.15,45
6.43,0.15,45
6.431,0.15,45
6.432,0.15,45
6.433,0.15,45
6.434,0.15,45
6.435,0.15,45
6.436,0.15,45
6.437,0.15,45
6.438,0.15,45
6.439,0.15,45
6.44,0.15,45
6.441,0.15,45
6.442,0.15,45
6.443,0.15,45
6.444,0.15,45
6.445,0.15,45
6.446,0.15,45
6.447,0.15,45
6.448,0.15,45
6.449,0.15,45
6.45,0.15,45
6.451,0.15,45
6.452,0.15,45
6.453,0.15,45
6.454,0.15,45
6.455,0.15,45
6.456,0.15,45
6.457,0.15,45
6.458,0.15,45
6.459,0.15,45
6.46,0.15,45
6.461,0.15,45
6.462,0.15,45
6.463,0.15,45
6.464,0.15,45
6.465,0.15,45
6.466,0.15,45
6.467,0.15,45
6.468,0.15,45
6.469,0.15,45
6.47,0.15,45
6.471,0.15,45
6.472,0.15,45
6.473,0.15,45
6.474,0.15,45
6.475,0.15,45
6.476,0.15,45
6.477,0.15,45
6.478,0.15,45
6.479,0.15,45
6.48,0.15,45
6.481,0.15,45
6.482,0.15,45
6.483,0.15,45
6.484,0.15,45
6.485,0.15,45
6.486,0.15,45
6.487,0.15,45
6.488,0.15,45
6.489,0.15,45
6.49,0.15,45
6.491,0.15,45
6.492,0.15,45
6.493,0.15,45
6.494,0.15,45
6.495,0.15,45
6.496,0.15,45
6.497,0.15,45
6.498,0.15,45
6.499,0.15,45
6.5,0.15,45
6.501,0.15,45
6.502,0.15,45
6.503,0.15,45
6.504,0.15,45
6.505,0.15,45
6.506,0.15,45
6.507,0.15,45
6.508,0.15,45
6.509,0.15,45
6.51,0.15,45
6.511,0.15,45
6.512,0.15,45
6.513,0.15,45
6.514,0.15,45
6.515,0.15,45
6.516,0.15,45
6.517,0.15,45
6.518,0.15,45
6.519,0.15,45
6.52,0.15,45
6.521,0.15,45
6.522,0.15,45
6.523,0.15,45
6.524,0.15,45
6.525,0.15,45
6.526,0.15,45
6.527,0.15,45
6.528,0.15,45
6.529,0.15,45
6.53,0.15,45
6.531,0.15,45
6.532,0.15,45
6.533,0.15,45
6.534,0.15,45
6.535,0.15,45
6.536,0.15,45
6.537,0.15,45
6.538,0.15,45
6.539,0.15,45
6.54,0.15,45
6.541,0.15,45
6.542,0.15,45
6.543,0.15,45
6.544,0.15,45
6.545,0.15,45
6.546,0.15,45
6.547,0.15,45
6.548,0.15,45
6.549,0.15,45
6.55,0.15,45
6.551,0.15,45
6.552,0.15,45
6.553,0.15,45
6.554,0.15,45
6.555,0.15,45
6.556,0.15,45
6.557,0.15,45
6.558,0.15,45
6.559,0.15,45
6.56,0.15,45
6.561,0.15,45
6.562,0.15,45
6.563,0.15,45
6.564,0.15,45
6.565,0.15,45
6.566,0.15,45
6.567,0.15,45
6.568,0.15,45
6.569,0.15,45
6.57,0.15,45
6.571,0.15,45
6.572,0.15,45
6.573,0.15,45
6.574,0.15,45
6.575,0.15,45
6.576,0.15,45
6.577,0.15,45
6.578,0.15,45
6.579,0.15,45
6.58,0.15,45
6.581,0.15,45
6.582,0.15,45
6.583,0.15,45
6.584,0.15,45
6.585,0.15,45
6.586,0.15,45
6.587,0.15,45
6.588,0.15,45
6.589,0.15,45
6.59,0.15,45
6.591,0.15,45
6.592,0.15,45
6.593,0.15,45
6.594,0.15,45
6.595,0.15,45
6.596,0.15,45
6.597,0.15,45
6.598,0.15,45
6.599,0.15,45
6.6,0.15,45
6.601,0.15,45
6.602,0.15,45
6.603,0.15,45
6.604,0.15,45
6.605,0.15,45
6.606,0.15,45
6.607,0.15,45
6.608,0.15,45
6.609,0.15,45
6.61,0.15,45
6.611,0.15,45
6.612,0.15,45
6.613,0.15,45
6.614,0.15,45
6.615,0.15,45
6.616,0.15,45
6.617,0.15,45
6.618,0.15,45
6.619,0.15,45
6.62,0.15,45
6.621,0.15,45
6.622,0.15,45
6.623,0.15,45
6.624,0.15,45
6.625,0.15,45
6.626,0.15,45
6.627,0.15,45
6.628,0.15,45
6.629,0.15,45
6.63,0.15,45
6.631,0.15,45
6.632,0.15,45
6.633,0.15,45
6.634,0.15,45
6.635,0.15,45
6.636,0.15,45
6.637,0.15,45
6.638,0.15,45
6.639,0.15,45
6.64,0.15,45
6.641,0.15,45
6.642,0.15,45
6.643,0.15,45
6.644,0.15,45
6.645,0.15,45
6.646,0.15,45
6.647,0.15,45
6.648,0.15,45
6.649,0.15,45
6.65,0.15,45
6.651,0.15,45
6.652,0.15,45
6.653,0.15,45
6.654,0.15,45
6.655,0.15,45
6.656,0.15,45
6.657,0.15,45
6.658,0.15,45
6.659,0.15,45
6.66,0.15,45
6.661,0.15,45
6.662,0.15,45
6.663,0.15,45
6.664,0.15,45
6.665,0.15,45
6.666,0.15,45
6.667,0.15,45
6.668,0.15,45
6.669,0.15,45
6.67,0.15,45
6.671,0.15,45
6.672,0.15,45
6.673,0.15,45
6.674,0.15,45
6.675,0.15,45
6.676,0.15,45
6.677,0.15,45
6.678,0.15,45
6.679,0.15,45
6.68,0.15,45
6.681,0.15,45
6.682,0.15,45
6.683,0.15,45
6.684,0.15,45
6.685,0.15,45
6.686,0.15,45
6.687,0.15,45
6.688,0.15,45
6.689,0.15,45
6.69,0.15,45
6.691,0.15,45
6.692,0.15,45
6.693,0.15,45
6.694,0.15,45
6.695,0.15,45
6.696,0.15,45
6.697,0.15,45
6.698,0.15,45
6.699,0.15,45
6.7,0.15,45
6.701,0.15,45
6.702,0.15,45
6.703,0.15,45
6.704,0.15,45
6.705,0.15,45
6.706,0.15,45
6.707,0.15,45
6.708,0.15,45
6.709,0.15,45
6.71,0.15,45
6.711,0.15,45
6.712,0.15,45
6.713,0.15,45
6.714,0.15,45
6.715,0.15,45
6.716,0.15,45
6.717,0.15,45
6.718,0.15,45
6.719,0.15,45
6.72,0.15,45
6.721,0.15,45
6.722,0.15,45
6.723,0.15,45
6.724,0.15,45
6.725,0.15,45
6.726,0.15,45
6.727,0.15,45
6.728,0.15,45
6.729,0.15,45
6.73,0.15,45
6.731,0.15,45
6.732,0.15,45
6.733,0.15,45
6.734,0.15,45
6.735,0.15,45
6.736,0.15,45
6.737,0.15,45
6.738,0.15,45
6.739,0.15,45
6.74,0.15,45
6.741,0.15,45
6.742,0.15,45
6.743,0.15,45
6.744,0.15,45
6.745,0.15,45
6.746,0.15,45
6.747,0.15,45
6.748,0.15,45
6.749,0.15,45
6.75,0.15,45
6.751,0.15,45
6.752,0.15,45
6.753,0.15,45
6.754,0.15,45
6.755,0.15,45
6.756,0.15,45
6.757,0.15,45
6.758,0.15,45
6.759,0.15,45
6.76,0.15,45
6.761,0.15,45
6.762,0.15,45
6.763,0.15,45
6.764,0.15,45
6.765,0.15,45
6.766,0.15,45
6.767,0.15,45
6.768,0.15,45
6.769,0.15,45
6.77,0.15,45
6.771,0.15,45
6.772,0.15,45
6.773,0.15,45
6.774,0.15,45
6.775,0.15,45
6.776,0.15,45
6.777,0.15,45
6.778,0.15,45
6.779,0.15,45
6.78,0.15,45
6.781,0.15,45
6.782,0.15,45
6.783,0.15,45
6.784,0.15,45
6.785,0.15,45
6.786,0.15,45
6.787,0.15,45
6.788,0.15,45
6.789,0.15,45
6.79,0.15,45
6.791,0.15,45
6.792,0.15,45
6.793,0.15,45
6.794,0.15,45
6.795,0.15,45
6.796,0.15,45
6.797,0.15,45
6.798,0.15,45
6.799,0.15,45
6.8,0.15,45
6.801,0.15,45
6.802,0.15,45
6.803,0.15,45
6.804,0.15,45
6.805,0.15,45
6.806,0.15,45
6.807,0.15,45
6.808,0.15,45
6.809,0.15,45
6.81,0.15,45
6.811,0.15,45
6.812,0.15,45
6.813,0.15,45
6.814,0.15,45
6.815,0.15,45
6.816,0.15,45
6.817,0.15,45
6.818,0.15,45
6.819,0.15,45
6.82,0.15,45
6.821,0.15,45
6.822,0.15,45
6.823,0.15,45
6.824,0.15,45
6.825,0.15,45
6.826,0.15,45
6.827,0.15,45
6.828,0.15,45
6.829,0.15,45
6.83,0.15,45
6.831,0.15,45
6.832,0.15,45
6.833,0.15,45
6.834,0.15,45
6.835,0.15,45
6.836,0.15,45
6.837,0.15,45
6.838,0.15,45
6.839,0.15,45
6.84,0.15,45
6.841,0.15,45
6.842,0.15,45
6.843,0.15,45
6.844,0.15,45
6.845,0.15,45
6.846,0.15,45
6.847,0.15,45
6.848,0.15,45
6.849,0.15,45
6.85,0.15,45
6.851,0.15,45
6.852,0.15,45
6.853,0.15,45
6.854,0.15,45
6.855,0.15,45
6.856,0.15,45
6.857,0.15,45
6.858,0.15,45
6.859,0.15,45
6.86,0.15,45
6.861,0.15,45
6.862,0.15,45
6.863,0.15,45
6.864,0.15,45
6.865,0.15,45
6.866,0.15,45
6.867,0.15,45
6.868,0.15,45
6.869,0.15,45
6.87,0.15,45
6.871,0.15,45
6.872,0.15,45
6.873,0.15,45
6.874,0.15,45
6.875,0.15,45
6.876,0.15,45
6.877,0.15,45
6.878,0.15,45
6.879,0.15,45
6.88,0.15,45
6.881,0.15,45
6.882,0.15,45
6.883,0.15,45
6.884,0.15,45
6.885,0.15,45
6.886,0.15,45
6.887,0.15,45
6.888,0.15,45
6.889,0.15,45
6.89,0.15,45
6.891,0.15,45
6.892,0.15,45
6.893,0.15,45
6.894,0.15,45
6.895,0.15,45
6.896,0.15,45
6.897,0.15,45
6.898,0.15,45
6.899,0.15,45
6.9,0.15,45
6.901,0.15,45
6.902,0.15,45
6.903,0.15,45
6.904,0.15,45
6.905,0.15,45
6.906,0.15,45
6.907,0.15,45
6.908,0.15,45
6.909,0.15,45
6.91,0.15,45
6.911,0.15,45
6.912,0.15,45
6.913,0.15,45
6.914,0.15,45
6.915,0.15,45
6.916,0.15,45
6.917,0.15,45
6.918,0.15,45
6.919,0.15,45
6.92,0.15,45
6.921,0.15,45
6.922,0.15,45
6.923,0.15,45
6.924,0.15,45
6.925,0.15,45
6.926,0.15,45
6.927,0.15,45
6.928,0.15,45
6.929,0.15,45
6.93,0.15,45
6.931,0.15,45
6.932,0.15,45
6.933,0.15,45
6.934,0.15,45
6.935,0.15,45
6.936,0.15,45
6.937,0.15,45
6.938,0.15,45
6.939,0.15,45
6.94,0.15,45
6.941,0.15,45
6.942,0.15,45
6.943,0.15,45
6.944,0.15,45
6.945,0.15,45
6.946,0.15,45
6.947,0.15,45
6.948,0.15,45
6.949,0.15,45
6.95,0.15,45
6.951,0.15,45
6.952,0.15,45
6.953,0.15,45
6.954,0.15,45
6.955,0.15,45
6.956,0.15,45
6.957,0.15,45
6.958,0.15,45
6.959,0.15,45
6.96,0.15,45
6.961,0.15,45
6.962,0.15,45
6.963,0.15,45
6.964,0.15,45
6.965,0.15,45
6.966,0.15,45
6.967,0.15,45
6.968,0.15,45
6.969,0.15,45
6.97,0.15,45
6.971,0.15,45
6.972,0.15,45
6.973,0.15,45
6.974,0.15,45
6.975,0.15,45
6.976,0.15,45
6.977,0.15,45
6.978,0.15,45
6.979,0.15,45
6.98,0.15,45
6.981,0.15,45
6.982,0.15,45
6.983,0.15,45
6.984,0.15,45
6.985,0.15,45
6.986,0.15,45
6.987,0.15,45
6.988,0.15,45
6.989,0.15,45
6.99,0.15,45
6.991,0.15,45
6.992,0.15,45
6.993,0.15,45
6.994,0.15,45
6.995,0.15,45
6.996,0.15,45
6.997,0.15,45
6.998,0.15,45
6.999,0.15,45
7,0.15,45
7.001,0.15,45
7.002,0.15,45
7.003,0.15,45
7.004,0.15,45
7.005,0.15,45
7.006,0.15,45
7.007,0.15,45
7.008,0.15,45
7.009,0.15,45
7.01,0.15,45
7.011,0.15,45
7.012,0.15,45
7.013,0.15,45
7.014,0.15,45
7.015,0.15,45
7.016,0.15,45
7.017,0.15,45
7.018,0.15,45
7.019,0.15,45
7.02,0.15,45
7.021,0.15,45
7.022,0.15,45
7.023,0.15,45
7.024,0.15,45
7.025,0.15,45
7.026,0.15,45
7.027,0.15,45
7.028,0.15,45
7.029,0.15,45
7.03,0.15,45
7.031,0.15,45
7.032,0.15,45
7.033,0.15,45
7.034,0.15,45
7.035,0.15,45
7.036,0.15,45
7.037,0.15,45
7.038,0.15,45
7.039,0.15,45
7.04,0.15,45
7.041,0.15,45
7.042,0.15,45
7.043,0.15,45
7.044,0.15,45
7.045,0.15,45
7.046,0.15,45
7.047,0.15,45
7.048,0.15,45
7.049,0.15,45
7.05,0.15,45
7.051,0.15,45
7.052,0.15,45
7.053,0.15,45
7.054,0.15,45
7.055,0.15,45
7.056,0.15,45
7.057,0.15,45
7.058,0.15,45
7.059,0.15,45
7.06,0.15,45
7.061,0.15,45
7.062,0.15,45
7.063,0.15,45
7.064,0.15,45
7.065,0.15,45
7.066,0.15,45
7.067,0.15,45
7.068,0.15,45
7.069,0.15,45
7.07,0.15,45
7.071,0.15,45
7.072,0.15,45
7.073,0.15,45
7.074,0.15,45
7.075,0.15,45
7.076,0.15,45
7.077,0.15,45
7.078,0.15,45
7.079,0.15,45
7.08,0.15,45
7.081,0.15,45
7.082,0.15,45
7.083,0.15,45
7.084,0.15,45
7.085,0.15,45
7.086,0.15,45
7.087,0.15,45
7.088,0.15,45
7.089,0.15,45
7.09,0.15,45
7.091,0.15,45
7.092,0.15,45
7.093,0.15,45
7.094,0.15,45
7.095,0.15,45
7.096,0.15,45
7.097,0.15,45
7.098,0.15,45
7.099,0.15,45
7.1,0.15,45
7.101,0.15,45
7.102,0.15,45
7.103,0.15,45
7.104,0.15,45
7.105,0.15,45
7.106,0.15,45
7.107,0.15,45
7.108,0.15,45
7.109,0.15,45
7.11,0.15,45
7.111,0.15,45
7.112,0.15,45
7.113,0.15,45
7.114,0.15,45
7.115,0.15,45
7.116,0.15,45
7.117,0.15,45
7.118,0.15,45
7.119,0.15,45
7.12,0.15,45
7.121,0.15,45
7.122,0.15,45
7.123,0.15,45
7.124,0.15,45
7.125,0.15,45
7.126,0.15,45
7.127,0.15,45
7.128,0.15,45
7.129,0.15,45
7.13,0.15,45
7.131,0.15,45
7.132,0.15,45
7.133,0.15,45
7.134,0.15,45
7.135,0.15,45
7.136,0.15,45
7.137,0.15,45
7.138,0.15,45
7.139,0.15,45
7.14,0.15,45
7.141,0.15,45
7.142,0.15,45
7.143,0.15,45
7.144,0.15,45
7.145,0.15,45
7.146,0.15,45
7.147,0.15,45
7.148,0.15,45
7.149,0.15,45
7.15,0.15,45
7.151,0.15,45
7.152,0.15,45
7.153,0.15,45
7.154,0.15,45
7.155,0.15,45
7.156,0.15,45
7.157,0.15,45
7.158,0.15,45
7.159,0.15,45
7.16,0.15,45
7.161,0.15,45
7.162,0.15,45
7.163,0.15,45
7.164,0.15,45
7.165,0.15,45
7.166,0.15,45
7.167,0.15,45
7.168,0.15,45
7.169,0.15,45
7.17,0.15,45
7.171,0.15,45
7.172,0.15,45
7.173,0.15,45
7.174,0.15,45
7.175,0.15,45
7.176,0.15,45
7.177,0.15,45
7.178,0.15,45
7.179,0.15,45
7.18,0.15,45
7.181,0.15,45
7.182,0.15,45
7.183,0.15,45
7.184,0.15,45
7.185,0.15,45
7.186,0.15,45
7.187,0.15,45
7.188,0.15,45
7.189,0.15,45
7.19,0.15,45
7.191,0.15,45
7.192,0.15,45
7.193,0.15,45
7.194,0.15,45
7.195,0.15,45
7.196,0.15,45
7.197,0.15,45
7.198,0.15,45
7.199,0.15,45
7.2,0.15,45
7.201,0.15,45
7.202,0.15,45
7.203,0.15,45
7.204,0.15,45
7.205,0.15,45
7.206,0.15,45
7.207,0.15,45
7.208,0.15,45
7.209,0.15,45
7.21,0.15,45
7.211,0.15,45
7.212,0.15,45
7.213,0.15,45
7.214,0.15,45
7.215,0.15,45
7.216,0.15,45
7.217,0.15,45
7.218,0.15,45
7.219,0.15,45
7.22,0.15,45
7.221,0.15,45
7.222,0.15,45
7.223,0.15,45
7.224,0.15,45
7.225,0.15,45
7.226,0.15,45
7.227,0.15,45
7.228,0.15,45
7.229,0.15,45
7.23,0.15,45
7.231,0.15,45
7.232,0.15,45
7.233,0.15,45
7.234,0.15,45
7.235,0.15,45
7.236,0.15,45
7.237,0.15,45
7.238,0.15,45
7.239,0.15,45
7.24,0.15,45
7.241,0.15,45
7.242,0.15,45
7.243,0.15,45
7.244,0.15,45
7.245,0.15,45
7.246,0.15,45
7.247,0.15,45
7.248,0.15,45
7.249,0.15,45
7.25,0.15,45
7.251,0.15,45
7.252,0.15,45
7.253,0.15,45
7.254,0.15,45
7.255,0.15,45
7.256,0.15,45
7.257,0.15,45
7.258,0.15,45
7.259,0.15,45
7.26,0.15,45
7.261,0.15,45
7.262,0.15,45
7.263,0.15,45
7.264,0.15,45
7.265,0.15,45
7.266,0.15,45
7.267,0.15,45
7.268,0.15,45
7.269,0.15,45
7.27,0.15,45
7.271,0.15,45
7.272,0.15,45
7.273,0.15,45
7.274,0.15,45
7.275,0.15,45
7.276,0.15,45
7.277,0.15,45
7.278,0.15,45
7.279,0.15,45
7.28,0.15,45
7.281,0.15,45
7.282,0.15,45
7.283,0.15,45
7.284,0.15,45
7.285,0.15,45
7.286,0.15,45
7.287,0.15,45
7.288,0.15,45
7.289,0.15,45
7.29,0.15,45
7.291,0.15,45
7.292,0.15,45
7.293,0.15,45
7.294,0.15,45
7.295,0.15,45
7.296,0.15,45
7.297,0.15,45
7.298,0.15,45
7.299,0.15,45
7.3,0.15,45
7.301,0.15,45
7.302,0.15,45
7.303,0.15,45
7.304,0.15,45
7.305,0.15,45
7.306,0.15,45
7.307,0.15,45
7.308,0.15,45
7.309,0.15,45
7.31,0.15,45
7.311,0.15,45
7.312,0.15,45
7.313,0.15,45
7.314,0.15,45
7.315,0.15,45
7.316,0.15,45
7.317,0.15,45
7.318,0.15,45
7.319,0.15,45
7.32,0.15,45
7.321,0.15,45
7.322,0.15,45
7.323,0.15,45
7.324,0.15,45
7.325,0.15,45
7.326,0.15,45
7.327,0.15,45
7.328,0.15,45
7.329,0.15,45
7.33,0.15,45
7.331,0.15,45
7.332,0.15,45
7.333,0.15,45
7.334,0.15,45
7.335,0.15,45
7.336,0.15,45
7.337,0.15,45
7.338,0.15,45
7.339,0.15,45
7.34,0.15,45
7.341,0.15,45
7.342,0.15,45
7.343,0.15,45
7.344,0.15,45
7.345,0.15,45
7.346,0.15,45
7.347,0.15,45
7.348,0.15,45
7.349,0.15,45
7.35,0.15,45
7.351,0.15,45
7.352,0.15,45
7.353,0.15,45
7.354,0.15,45
7.355,0.15,45
7.356,0.15,45
7.357,0.15,45
7.358,0.15,45
7.359,0.15,45
7.36,0.15,45
7.361,0.15,45
7.362,0.15,45
7.363,0.15,45
7.364,0.15,45
7.365,0.15,45
7.366,0.15,45
7.367,0.15,45
7.368,0.15,45
7.369,0.15,45
7.37,0.15,45
7.371,0.15,45
7.372,0.15,45
7.373,0.15,45
7.374,0.15,45
7.375,0.15,45
7.376,0.15,45
7.377,0.15,45
7.378,0.15,45
7.379,0.15,45
7.38,0.15,45
7.381,0.15,45
7.382,0.15,45
7.383,0.15,45
7.384,0.15,45
7.385,0.15,45
7.386,0.15,45
7.387,0.15,45
7.388,0.15,45
7.389,0.15,45
7.39,0.15,45
7.391,0.15,45
7.392,0.15,45
7.393,0.15,45
7.394,0.15,45
7.395,0.15,45
7.396,0.15,45
7.397,0.15,45
7.398,0.15,45
7.399,0.15,45
7.4,0.15,45
7.401,0.15,45
7.402,0.15,45
7.403,0.15,45
7.404,0.15,45
7.405,0.15,45
7.406,0.15,45
7.407,0.15,45
7.408,0.15,45
7.409,0.15,45
7.41,0.15,45
7.411,0.15,45
7.412,0.15,45
7.413,0.15,45
7.414,0.15,45
7.415,0.15,45
7.416,0.15,45
7.417,0.15,45
7.418,0.15,45
7.419,0.15,45
7.42,0.15,45
7.421,0.15,45
7.422,0.15,45
7.423,0.15,45
7.424,0.15,45
7.425,0.15,45
7.426,0.15,45
7.427,0.15,45
7.428,0.15,45
7.429,0.15,45
7.43,0.15,45
7.431,0.15,45
7.432,0.15,45
7.433,0.15,45
7.434,0.15,45
7.435,0.15,45
7.436,0.15,45
7.437,0.15,45
7.438,0.15,45
7.439,0.15,45
7.44,0.15,45
7.441,0.15,45
7.442,0.15,45
7.443,0.15,45
7.444,0.15,45
7.445,0.15,45
7.446,0.15,45
7.447,0.15,45
7.448,0.15,45
7.449,0.15,45
7.45,0.15,45
7.451,0.15,45
7.452,0.15,45
7.453,0.15,45
7.454,0.15,45
7.455,0.15,45
7.456,0.15,45
7.457,0.15,45
7.458,0.15,45
7.459,0.15,45
7.46,0.15,45
7.461,0.15,45
7.462,0.15,45
7.463,0.15,45
7.464,0.15,45
7.465,0.15,45
7.466,0.15,45
7.467,0.15,45
7.468,0.15,45
7.469,0.15,45
7.47,0.15,45
7.471,0.15,45
7.472,0.15,45
7.473,0.15,45
7.474,0.15,45
7.475,0.15,45
7.476,0.15,45
7.477,0.15,45
7.478,0.15,45
7.479,0.15,45
7.48,0.15,45
7.481,0.15,45
7.482,0.15,45
7.483,0.15,45
7.484,0.15,45
7.485,0.15,45
7.486,0.15,45
7.487,0.15,45
7.488,0.15,45
7.489,0.15,45
7.49,0.15,45
7.491,0.15,45
7.492,0.15,45
7.493,0.15,45
7.494,0.15,45
7.495,0.15,45
7.496,0.15,45
7.497,0.15,45
7.498,0.15,45
7.499,0.15,45
7.5,0.15,45
7.501,0.15,45
7.502,0.15,45
7.503,0.15,45
7.504,0.15,45
7.505,0.15,45
7.506,0.15,45
7.507,0.15,45
7.508,0.15,45
7.509,0.15,45
7.51,0.15,45
7.511,0.15,45
7.512,0.15,45
7.513,0.15,45
7.514,0.15,45
7.515,0.15,45
7.516,0.15,45
7.517,0.15,45
7.518,0.15,45
7.519,0.15,45
7.52,0.15,45
7.521,0.15,45
7.522,0.15,45
7.523,0.15,45
7.524,0.15,45
7.525,0.15,45
7.526,0.15,45
7.527,0.15,45
7.528,0.15,45
7.529,0.15,45
7.53,0.15,45
7.531,0.15,45
7.532,0.15,45
7.533,0.15,45
7.534,0.15,45
7.535,0.15,45
7.536,0.15,45
7.537,0.15,45
7.538,0.15,45
7.539,0.15,45
7.54,0.15,45
7.541,0.15,45
7.542,0.15,45
7.543,0.15,45
7.544,0.15,45
7.545,0.15,45
7.546,0.15,45
7.547,0.15,45
7.548,0.15,45
7.549,0.15,45
7.55,0.15,45
7.551,0.15,45
7.552,0.15,45
7.553,0.15,45
7.554,0.15,45
7.555,0.15,45
7.556,0.15,45
7.557,0.15,45
7.558,0.15,45
7.559,0.15,45
7.56,0.15,45
7.561,0.15,45
7.562,0.15,45
7.563,0.15,45
7.564,0.15,45
7.565,0.15,45
7.566,0.15,45
7.567,0.15,45
7.568,0.15,45
7.569,0.15,45
7.57,0.15,45
7.571,0.15,45
7.572,0.15,45
7.573,0.15,45
7.574,0.15,45
7.575,0.15,45
7.576,0.15,45
7.577,0.15,45
7.578,0.15,45
7.579,0.15,45
7.58,0.15,45
7.581,0.15,45
7.582,0.15,45
7.583,0.15,45
7.584,0.15,45
7.585,0.15,45
7.586,0.15,45
7.587,0.15,45
7.588,0.15,45
7.589,0.15,45
7.59,0.15,45
7.591,0.15,45
7.592,0.15,45
7.593,0.15,45
7.594,0.15,45
7.595,0.15,45
7.596,0.15,45
7.597,0.15,45
7.598,0.15,45
7.599,0.15,45
7.6,0.15,45
7.601,0.15,45
7.602,0.15,45
7.603,0.15,45
7.604,0.15,45
7.605,0.15,45
7.606,0.15,45
7.607,0.15,45
7.608,0.15,45
7.609,0.15,45
7.61,0.15,45
7.611,0.15,45
7.612,0.15,45
7.613,0.15,45
7.614,0.15,45
7.615,0.15,45
7.616,0.15,45
7.617,0.15,45
7.618,0.15,45
7.619,0.15,45
7.62,0.15,45
7.621,0.15,45
7.622,0.15,45
7.623,0.15,45
7.624,0.15,45
7.625,0.15,45
7.626,0.15,45
7.627,0.15,45
7.628,0.15,45
7.629,0.15,45
7.63,0.15,45
7.631,0.15,45
7.632,0.15,45
7.633,0.15,45
7.634,0.15,45
7.635,0.15,45
7.636,0.15,45
7.637,0.15,45
7.638,0.15,45
7.639,0.15,45
7.64,0.15,45
7.641,0.15,45
7.642,0.15,45
7.643,0.15,45
7.644,0.15,45
7.645,0.15,45
7.646,0.15,45
7.647,0.15,45
7.648,0.15,45
7.649,0.15,45
7.65,0.15,45
7.651,0.15,45
7.652,0.15,45
7.653,0.15,45
7.654,0.15,45
7.655,0.15,45
7.656,0.15,45
7.657,0.15,45
7.658,0.15,45
7.659,0.15,45
7.66,0.15,45
7.661,0.15,45
7.662,0.15,45
7.663,0.15,45
7.664,0.15,45
7.665,0.15,45
7.666,0.15,45
7.667,0.15,45
7.668,0.15,45
7.669,0.15,45
7.67,0.15,45
7.671,0.15,45
7.672,0.15,45
7.673,0.15,45
7.674,0.15,45
7.675,0.15,45
7.676,0.15,45
7.677,0.15,45
7.678,0.15,45
7.679,0.15,45
7.68,0.15,45
7.681,0.15,45
7.682,0.15,45
7.683,0.15,45
7.684,0.15,45
7.685,0.15,45
7.686,0.15,45
7.687,0.15,45
7.688,0.15,45
7.689,0.15,45
7.69,0.15,45
7.691,0.15,45
7.692,0.15,45
7.693,0.15,45
7.694,0.15,45
7.695,0.15,45
7.696,0.15,45
7.697,0.15,45
7.698,0.15,45
7.699,0.15,45
7.7,0.15,45
7.701,0.15,45
7.702,0.15,45
7.703,0.15,45
7.704,0.15,45
7.705,0.15,45
7.706,0.15,45
7.707,0.15,45
7.708,0.15,45
7.709,0.15,45
7.71,0.15,45
7.711,0.15,45
7.712,0.15,45
7.713,0.15,45
7.714,0.15,45
7.715,0.15,45
7.716,0.15,45
7.717,0.15,45
7.718,0.15,45
7.719,0.15,45
7.72,0.15,45
7.721,0.15,45
7.722,0.15,45
7.723,0.15,45
7.724,0.15,45
7.725,0.15,45
7.726,0.15,45
7.727,0.15,45
7.728,0.15,45
7.729,0.15,45
7.73,0.15,45
7.731,0.15,45
7.732,0.15,45
7.733,0.15,45
7.734,0.15,45
7.735,0.15,45
7.736,0.15,45
7.737,0.15,45
7.738,0.15,45
7.739,0.15,45
7.74,0.15,45
7.741,0.15,45
7.742,0.15,45
7.743,0.15,45
7.744,0.15,45
7.745,0.15,45
7.746,0.15,45
7.747,0.15,45
7.748,0.15,45
7.749,0.15,45
7.75,0.15,45
7.751,0.15,45
7.752,0.15,45
7.753,0.15,45
7.754,0.15,45
7.755,0.15,45
7.756,0.15,45
7.757,0.15,45
7.758,0.15,45
7.759,0.15,45
7.76,0.15,45
7.761,0.15,45
7.762,0.15,45
7.763,0.15,45
7.764,0.15,45
7.765,0.15,45
7.766,0.15,45
7.767,0.15,45
7.768,0.15,45
7.769,0.15,45
7.77,0.15,45
7.771,0.15,45
7.772,0.15,45
7.773,0.15,45
7.774,0.15,45
7.775,0.15,45
7.776,0.15,45
7.777,0.15,45
7.778,0.15,45
7.779,0.15,45
7.78,0.15,45
7.781,0.15,45
7.782,0.15,45
7.783,0.15,45
7.784,0.15,45
7.785,0.15,45
7.786,0.15,45
7.787,0.15,45
7.788,0.15,45
7.789,0.15,45
7.79,0.15,45
7.791,0.15,45
7.792,0.15,45
7.793,0.15,45
7.794,0.15,45
7.795,0.15,45
7.796,0.15,45
7.797,0.15,45
7.798,0.15,45
7.799,0.15,45
7.8,0.15,45
7.801,0.15,45
7.802,0.15,45
7.803,0.15,45
7.804,0.15,45
7.805,0.15,45
7.806,0.15,45
7.807,0.15,45
7.808,0.15,45
7.809,0.15,45
7.81,0.15,45
7.811,0.15,45
7.812,0.15,45
7.813,0.15,45
7.814,0.15,45
7.815,0.15,45
7.816,0.15,45
7.817,0.15,45
7.818,0.15,45
7.819,0.15,45
7.82,0.15,45
7.821,0.15,45
7.822,0.15,45
7.823,0.15,45
7.824,0.15,45
7.825,0.15,45
7.826,0.15,45
7.827,0.15,45
7.828,0.15,45
7.829,0.15,45
7.83,0.15,45
7.831,0.15,45
7.832,0.15,45
7.833,0.15,45
7.834,0.15,45
7.835,0.15,45
7.836,0.15,45
7.837,0.15,45
7.838,0.15,45
7.839,0.15,45
7.84,0.15,45
7.841,0.15,45
7.842,0.15,45
7.843,0.15,45
7.844,0.15,45
7.845,0.15,45
7.846,0.15,45
7.847,0.15,45
7.848,0.15,45
7.849,0.15,45
7.85,0.15,45
7.851,0.15,45
7.852,0.15,45
7.853,0.15,45
7.854,0.15,45
7.855,0.15,45
7.856,0.15,45
7.857,0.15,45
7.858,0.15,45
7.859,0.15,45
7.86,0.15,45
7.861,0.15,45
7.862,0.15,45
7.863,0.15,45
7.864,0.15,45
7.865,0.15,45
7.866,0.15,45
7.867,0.15,45
7.868,0.15,45
7.869,0.15,45
7.87,0.15,45
7.871,0.15,45
7.872,0.15,45
7.873,0.15,45
7.874,0.15,45
7.875,0.15,45
7.876,0.15,45
7.877,0.15,45
7.878,0.15,45
7.879,0.15,45
7.88,0.15,45
7.881,0.15,45
7.882,0.15,45
7.883,0.15,45
7.884,0.15,45
7.885,0.15,45
7.886,0.15,45
7.887,0.15,45
7.888,0.15,45
7.889,0.15,45
7.89,0.15,45
7.891,0.15,45
7.892,0.15,45
7.893,0.15,45
7.894,0.15,45
7.895,0.15,45
7.896,0.15,45
7.897,0.15,45
7.898,0.15,45
7.899,0.15,45
7.9,0.15,45
7.901,0.15,45
7.902,0.15,45
7.903,0.15,45
7.904,0.15,45
7.905,0.15,45
7.906,0.15,45
7.907,0.15,45
7.908,0.15,45
7.909,0.15,45
7.91,0.15,45
7.911,0.15,45
7.912,0.15,45
7.913,0.15,45
7.914,0.15,45
7.915,0.15,45
7.916,0.15,45
7.917,0.15,45
7.918,0.15,45
7.919,0.15,45
7.92,0.15,45
7.921,0.15,45
7.922,0.15,45
7.923,0.15,45
7.924,0.15,45
7.925,0.15,45
7.926,0.15,45
7.927,0.15,45
7.928,0.15,45
7.929,0.15,45
7.93,0.15,45
7.931,0.15,45
7.932,0.15,45
7.933,0.15,45
7.934,0.15,45
7.935,0.15,45
7.936,0.15,45
7.937,0.15,45
7.938,0.15,45
7.939,0.15,45
7.94,0.15,45
7.941,0.15,45
7.942,0.15,45
7.943,0.15,45
7.944,0.15,45
7.945,0.15,45
7.946,0.15,45
7.947,0.15,45
7.948,0.15,45
7.949,0.15,45
7.95,0.15,45
7.951,0.15,45
7.952,0.15,45
7.953,0.15,45
7.954,0.15,45
7.955,0.15,45
7.956,0.15,45
7.957,0.15,45
7.958,0.15,45
7.959,0.15,45
7.96,0.15,45
7.961,0.15,45
7.962,0.15,45
7.963,0.15,45
7.964,0.15,45
7.965,0.15,45
7.966,0.15,45
7.967,0.15,45
7.968,0.15,45
7.969,0.15,45
7.97,0.15,45
7.971,0.15,45
7.972,0.15,45
7.973,0.15,45
7.974,0.15,45
7.975,0.15,45
7.976,0.15,45
7.977,0.15,45
7.978,0.15,45
7.979,0.15,45
7.98,0.15,45
7.981,0.15,45
7.982,0.15,45
7.983,0.15,45
7.984,0.15,45
7.985,0.15,45
7.986,0.15,45
7.987,0.15,45
7.988,0.15,45
7.989,0.15,45
7.99,0.15,45
7.991,0.15,45
7.992,0.15,45
7.993,0.15,45
7.994,0.15,45
7.995,0.15,45
7.996,0.15,45
7.997,0.15,45
7.998,0.15,45
7.999,0.15,45
8,0.15,45
8.001,0.15,45
8.002,0.15,45
8.003,0.15,45
8.004,0.15,45
8.005,0.15,45
8.006,0.15,45
8.007,0.15,45
8.008,0.15,45
8.009,0.15,45
8.01,0.15,45
8.011,0.15,45
8.012,0.15,45
8.013,0.15,45
8.014,0.15,45
8.015,0.15,45
8.016,0.15,45
8.017,0.15,45
8.018,0.15,45
8.019,0.15,45
8.02,0.15,45
8.021,0.15,45
8.022,0.15,45
8.023,0.15,45
8.024,0.15,45
8.025,0.15,45
8.026,0.15,45
8.027,0.15,45
8.028,0.15,45
8.029,0.15,45
8.03,0.15,45
8.031,0.15,45
8.032,0.15,45
8.033,0.15,45
8.034,0.15,45
8.035,0.15,45
8.036,0.15,45
8.037,0.15,45
8.038,0.15,45
8.039,0.15,45
8.04,0.15,45
8.041,0.15,45
8.042,0.15,45
8.043,0.15,45
8.044,0.15,45
8.045,0.15,45
8.046,0.15,45
8.047,0.15,45
8.048,0.15,45
8.049,0.15,45
8.05,0.15,45
8.051,0.15,45
8.052,0.15,45
8.053,0.15,45
8.054,0.15,45
8.055,0.15,45
8.056,0.15,45
8.057,0.15,45
8.058,0.15,45
8.059,0.15,45
8.06,0.15,45
8.061,0.15,45
8.062,0.15,45
8.063,0.15,45
8.064,0.15,45
8.065,0.15,45
8.066,0.15,45
8.067,0.15,45
8.068,0.15,45
8.069,0.15,45
8.07,0.15,45
8.071,0.15,45
8.072,0.15,45
8.073,0.15,45
8.074,0.15,45
8.075,0.15,45
8.076,0.15,45
8.077,0.15,45
8.078,0.15,45
8.079,0.15,45
8.08,0.15,45
8.081,0.15,45
8.082,0.15,45
8.083,0.15,45
8.084,0.15,45
8.085,0.15,45
8.086,0.15,45
8.087,0.15,45
8.088,0.15,45
8.089,0.15,45
8.09,0.15,45
8.091,0.15,45
8.092,0.15,45
8.093,0.15,45
8.094,0.15,45
8.095,0.15,45
8.096,0.15,45
8.097,0.15,45
8.098,0.15,45
8.099,0.15,45
8.1,0.15,45
8.101,0.15,45
8.102,0.15,45
8.103,0.15,45
8.104,0.15,45
8.105,0.15,45
8.106,0.15,45
8.107,0.15,45
8.108,0.15,45
8.109,0.15,45
8.11,0.15,45
8.111,0.15,45
8.112,0.15,45
8.113,0.15,45
8.114,0.15,45
8.115,0.15,45
8.116,0.15,45
8.117,0.15,45
8.118,0.15,45
8.119,0.15,45
8.12,0.15,45
8.121,0.15,45
8.122,0.15,45
8.123,0.15,45
8.124,0.15,45
8.125,0.15,45
8.126,0.15,45
8.127,0.15,45
8.128,0.15,45
8.129,0.15,45
8.13,0.15,45
8.131,0.15,45
8.132,0.15,45
8.133,0.15,45
8.134,0.15,45
8.135,0.15,45
8.136,0.15,45
8.137,0.15,45
8.138,0.15,45
8.139,0.15,45
8.14,0.15,45
8.141,0.15,45
8.142,0.15,45
8.143,0.15,45
8.144,0.15,45
8.145,0.15,45
8.146,0.15,45
8.147,0.15,45
8.148,0.15,45
8.149,0.15,45
8.15,0.15,45
8.151,0.15,45
8.152,0.15,45
8.153,0.15,45
8.154,0.15,45
8.155,0.15,45
8.156,0.15,45
8.157,0.15,45
8.158,0.15,45
8.159,0.15,45
8.16,0.15,45
8.161,0.15,45
8.162,0.15,45
8.163,0.15,45
8.164,0.15,45
8.165,0.15,45
8.166,0.15,45
8.167,0.15,45
8.168,0.15,45
8.169,0.15,45
8.17,0.15,45
8.171,0.15,45
8.172,0.15,45
8.173,0.15,45
8.174,0.15,45
8.175,0.15,45
8.176,0.15,45
8.177,0.15,45
8.178,0.15,45
8.179,0.15,45
8.18,0.15,45
8.181,0.15,45
8.182,0.15,45
8.183,0.15,45
8.184,0.15,45
8.185,0.15,45
8.186,0.15,45
8.187,0.15,45
8.188,0.15,45
8.189,0.15,45
8.19,0.15,45
8.191,0.15,45
8.192,0.15,45
8.193,0.15,45
8.194,0.15,45
8.195,0.15,45
8.196,0.15,45
8.197,0.15,45
8.198,0.15,45
8.199,0.15,45
8.2,0.15,45
8.201,0.15,45
8.202,0.15,45
8.203,0.15,45
8.204,0.15,45
8.205,0.15,45
8.206,0.15,45
8.207,0.15,45
8.208,0.15,45
8.209,0.15,45
8.21,0.15,45
8.211,0.15,45
8.212,0.15,45
8.213,0.15,45
8.214,0.15,45
8.215,0.15,45
8.216,0.15,45
8.217,0.15,45
8.218,0.15,45
8.219,0.15,45
8.22,0.15,45
8.221,0.15,45
8.222,0.15,45
8.223,0.15,45
8.224,0.15,45
8.225,0.15,45
8.226,0.15,45
8.227,0.15,45
8.228,0.15,45
8.229,0.15,45
8.23,0.15,45
8.231,0.15,45
8.232,0.15,45
8.233,0.15,45
8.234,0.15,45
8.235,0.15,45
8.236,0.15,45
8.237,0.15,45
8.238,0.15,45
8.239,0.15,45
8.24,0.15,45
8.241,0.15,45
8.242,0.15,45
8.243,0.15,45
8.244,0.15,45
8.245,0.15,45
8.246,0.15,45
8.247,0.15,45
8.248,0.15,45
8.249,0.15,45
8.25,0.15,45
8.251,0.15,45
8.252,0.15,45
8.253,0.15,45
8.254,0.15,45
8.255,0.15,45
8.256,0.15,45
8.257,0.15,45
8.258,0.15,45
8.259,0.15,45
8.26,0.15,45
8.261,0.15,45
8.262,0.15,45
8.263,0.15,45
8.264,0.15,45
8.265,0.15,45
8.266,0.15,45
8.267,0.15,45
8.268,0.15,45
8.269,0.15,45
8.27,0.15,45
8.271,0.15,45
8.272,0.15,45
8.273,0.15,45
8.274,0.15,45
8.275,0.15,45
8.276,0.15,45
8.277,0.15,45
8.278,0.15,45
8.279,0.15,45
8.28,0.15,45
8.281,0.15,45
8.282,0.15,45
8.283,0.15,45
8.284,0.15,45
8.285,0.15,45
8.286,0.15,45
8.287,0.15,45
8.288,0.15,45
8.289,0.15,45
8.29,0.15,45
8.291,0.15,45
8.292,0.15,45
8.293,0.15,45
8.294,0.15,45
8.295,0.15,45
8.296,0.15,45
8.297,0.15,45
8.298,0.15,45
8.299,0.15,45
8.3,0.15,45
8.301,0.15,45
8.302,0.15,45
8.303,0.15,45
8.304,0.15,45
8.305,0.15,45
8.306,0.15,45
8.307,0.15,45
8.308,0.15,45
8.309,0.15,45
8.31,0.15,45
8.311,0.15,45
8.312,0.15,45
8.313,0.15,45
8.314,0.15,45
8.315,0.15,45
8.316,0.15,45
8.317,0.15,45
8.318,0.15,45
8.319,0.15,45
8.32,0.15,45
8.321,0.15,45
8.322,0.15,45
8.323,0.15,45
8.324,0.15,45
8.325,0.15,45
8.326,0.15,45
8.327,0.15,45
8.328,0.15,45
8.329,0.15,45
8.33,0.15,45
8.331,0.15,45
8.332,0.15,45
8.333,0.15,45
8.334,0.15,45
8.335,0.15,45
8.336,0.15,45
8.337,0.15,45
8.338,0.15,45
8.339,0.15,45
8.34,0.15,45
8.341,0.15,45
8.342,0.15,45
8.343,0.15,45
8.344,0.15,45
8.345,0.15,45
8.346,0.15,45
8.347,0.15,45
8.348,0.15,45
8.349,0.15,45
8.35,0.15,45
8.351,0.15,45
8.352,0.15,45
8.353,0.15,45
8.354,0.15,45
8.355,0.15,45
8.356,0.15,45
8.357,0.15,45
8.358,0.15,45
8.359,0.15,45
8.36,0.15,45
8.361,0.15,45
8.362,0.15,45
8.363,0.15,45
8.364,0.15,45
8.365,0.15,45
8.366,0.15,45
8.367,0.15,45
8.368,0.15,45
8.369,0.15,45
8.37,0.15,45
8.371,0.15,45
8.372,0.15,45
8.373,0.15,45
8.374,0.15,45
8.375,0.15,45
8.376,0.15,45
8.377,0.15,45
8.378,0.15,45
8.379,0.15,45
8.38,0.15,45
8.381,0.15,45
8.382,0.15,45
8.383,0.15,45
8.384,0.15,45
8.385,0.15,45
8.386,0.15,45
8.387,0.15,45
8.388,0.15,45
8.389,0.15,45
8.39,0.15,45
8.391,0.15,45
8.392,0.15,45
8.393,0.15,45
8.394,0.15,45
8.395,0.15,45
8.396,0.15,45
8.397,0.15,45
8.398,0.15,45
8.399,0.15,45
8.4,0.15,45
8.401,0.15,45
8.402,0.15,45
8.403,0.15,45
8.404,0.15,45
8.405,0.15,45
8.406,0.15,45
8.407,0.15,45
8.408,0.15,45
8.409,0.15,45
8.41,0.15,45
8.411,0.15,45
8.412,0.15,45
8.413,0.15,45
8.414,0.15,45
8.415,0.15,45
8.416,0.15,45
8.417,0.15,45
8.418,0.15,45
8.419,0.15,45
8.42,0.15,45
8.421,0.15,45
8.422,0.15,45
8.423,0.15,45
8.424,0.15,45
8.425,0.15,45
8.426,0.15,45
8.427,0.15,45
8.428,0.15,45
8.429,0.15,45
8.43,0.15,45
8.431,0.15,45
8.432,0.15,45
8.433,0.15,45
8.434,0.15,45
8.435,0.15,45
8.436,0.15,45
8.437,0.15,45
8.438,0.15,45
8.439,0.15,45
8.44,0.15,45
8.441,0.15,45
8.442,0.15,45
8.443,0.15,45
8.444,0.15,45
8.445,0.15,45
8.446,0.15,45
8.447,0.15,45
8.448,0.15,45
8.449,0.15,45
8.45,0.15,45
8.451,0.15,45
8.452,0.15,45
8.453,0.15,45
8.454,0.15,45
8.455,0.15,45
8.456,0.15,45
8.457,0.15,45
8.458,0.15,45
8.459,0.15,45
8.46,0.15,45
8.461,0.15,45
8.462,0.15,45
8.463,0.15,45
8.464,0.15,45
8.465,0.15,45
8.466,0.15,45
8.467,0.15,45
8.468,0.15,45
8.469,0.15,45
8.47,0.15,45
8.471,0.15,45
8.472,0.15,45
8.473,0.15,45
8.474,0.15,45
8.475,0.15,45
8.476,0.15,45
8.477,0.15,45
8.478,0.15,45
8.479,0.15,45
8.48,0.15,45
8.481,0.15,45
8.482,0.15,45
8.483,0.15,45
8.484,0.15,45
8.485,0.15,45
8.486,0.15,45
8.487,0.15,45
8.488,0.15,45
8.489,0.15,45
8.49,0.15,45
8.491,0.15,45
8.492,0.15,45
8.493,0.15,45
8.494,0.15,45
8.495,0.15,45
8.496,0.15,45
8.497,0.15,45
8.498,0.15,45
8.499,0.15,45
8.5,0.15,45
8.501,0.15,45
8.502,0.15,45
8.503,0.15,45
8.504,0.15,45
8.505,0.15,45
8.506,0.15,45
8.507,0.15,45
8.508,0.15,45
8.509,0.15,45
8.51,0.15,45
8.511,0.15,45
8.512,0.15,45
8.513,0.15,45
8.514,0.15,45
8.515,0.15,45
8.516,0.15,45
8.517,0.15,45
8.518,0.15,45
8.519,0.15,45
8.52,0.15,45
8.521,0.15,45
8.522,0.15,45
8.523,0.15,45
8.524,0.15,45
8.525,0.15,45
8.526,0.15,45
8.527,0.15,45
8.528,0.15,45
8.529,0.15,45
8.53,0.15,45
8.531,0.15,45
8.532,0.15,45
8.533,0.15,45
8.534,0.15,45
8.535,0.15,45
8.536,0.15,45
8.537,0.15,45
8.538,0.15,45
8.539,0.15,45
8.54,0.15,45
8.541,0.15,45
8.542,0.15,45
8.543,0.15,45
8.544,0.15,45
8.545,0.15,45
8.546,0.15,45
8.547,0.15,45
8.548,0.15,45
8.549,0.15,45
8.55,0.15,45
8.551,0.15,45
8.552,0.15,45
8.553,0.15,45
8.554,0.15,45
8.555,0.15,45
8.556,0.15,45
8.557,0.15,45
8.558,0.15,45
8.559,0.15,45
8.56,0.15,45
8.561,0.15,45
8.562,0.15,45
8.563,0.15,45
8.564,0.15,45
8.565,0.15,45
8.566,0.15,45
8.567,0.15,45
8.568,0.15,45
8.569,0.15,45
8.57,0.15,45
8.571,0.15,45
8.572,0.15,45
8.573,0.15,45
8.574,0.15,45
8.575,0.15,45
8.576,0.15,45
8.577,0.15,45
8.578,0.15,45
8.579,0.15,45
8.58,0.15,45
8.581,0.15,45
8.582,0.15,45
8.583,0.15,45
8.584,0.15,45
8.585,0.15,45
8.586,0.15,45
8.587,0.15,45
8.588,0.15,45
8.589,0.15,45
8.59,0.15,45
8.591,0.15,45
8.592,0.15,45
8.593,0.15,45
8.594,0.15,45
8.595,0.15,45
8.596,0.15,45
8.597,0.15,45
8.598,0.15,45
8.599,0.15,45
8.6,0.15,45
8.601,0.15,45
8.602,0.15,45
8.603,0.15,45
8.604,0.15,45
8.605,0.15,45
8.606,0.15,45
8.607,0.15,45
8.608,0.15,45
8.609,0.15,45
8.61,0.15,45
8.611,0.15,45
8.612,0.15,45
8.613,0.15,45
8.614,0.15,45
8.615,0.15,45
8.616,0.15,45
8.617,0.15,45
8.618,0.15,45
8.619,0.15,45
8.62,0.15,45
8.621,0.15,45
8.622,0.15,45
8.623,0.15,45
8.624,0.15,45
8.625,0.15,45
8.626,0.15,45
8.627,0.15,45
8.628,0.15,45
8.629,0.15,45
8.63,0.15,45
8.631,0.15,45
8.632,0.15,45
8.633,0.15,45
8.634,0.15,45
8.635,0.15,45
8.636,0.15,45
8.637,0.15,45
8.638,0.15,45
8.639,0.15,45
8.64,0.15,45
8.641,0.15,45
8.642,0.15,45
8.643,0.15,45
8.644,0.15,45
8.645,0.15,45
8.646,0.15,45
8.647,0.15,45
8.648,0.15,45
8.649,0.15,45
8.65,0.15,45
8.651,0.15,45
8.652,0.15,45
8.653,0.15,45
8.654,0.15,45
8.655,0.15,45
8.656,0.15,45
8.657,0.15,45
8.658,0.15,45
8.659,0.15,45
8.66,0.15,45
8.661,0.15,45
8.662,0.15,45
8.663,0.15,45
8.664,0.15,45
8.665,0.15,45
8.666,0.15,45
8.667,0.15,45
8.668,0.15,45
8.669,0.15,45
8.67,0.15,45
8.671,0.15,45
8.672,0.15,45
8.673,0.15,45
8.674,0.15,45
8.675,0.15,45
8.676,0.15,45
8.677,0.15,45
8.678,0.15,45
8.679,0.15,45
8.68,0.15,45
8.681,0.15,45
8.682,0.15,45
8.683,0.15,45
8.684,0.15,45
8.685,0.15,45
8.686,0.15,45
8.687,0.15,45
8.688,0.15,45
8.689,0.15,45
8.69,0.15,45
8.691,0.15,45
8.692,0.15,45
8.693,0.15,45
8.694,0.15,45
8.695,0.15,45
8.696,0.15,45
8.697,0.15,45
8.698,0.15,45
8.699,0.15,45
8.7,0.15,45
8.701,0.15,45
8.702,0.15,45
8.703,0.15,45
8.704,0.15,45
8.705,0.15,45
8.706,0.15,45
8.707,0.15,45
8.708,0.15,45
8.709,0.15,45
8.71,0.15,45
8.711,0.15,45
8.712,0.15,45
8.713,0.15,45
8.714,0.15,45
8.715,0.15,45
8.716,0.15,45
8.717,0.15,45
8.718,0.15,45
8.719,0.15,45
8.72,0.15,45
8.721,0.15,45
8.722,0.15,45
8.723,0.15,45
8.724,0.15,45
8.725,0.15,45
8.726,0.15,45
8.727,0.15,45
8.728,0.15,45
8.729,0.15,45
8.73,0.15,45
8.731,0.15,45
8.732,0.15,45
8.733,0.15,45
8.734,0.15,45
8.735,0.15,45
8.736,0.15,45
8.737,0.15,45
8.738,0.15,45
8.739,0.15,45
8.74,0.15,45
8.741,0.15,45
8.742,0.15,45
8.743,0.15,45
8.744,0.15,45
8.745,0.15,45
8.746,0.15,45
8.747,0.15,45
8.748,0.15,45
8.749,0.15,45
8.75,0.15,45
8.751,0.15,45
8.752,0.15,45
8.753,0.15,45
8.754,0.15,45
8.755,0.15,45
8.756,0.15,45
8.757,0.15,45
8.758,0.15,45
8.759,0.15,45
8.76,0.15,45
8.761,0.15,45
8.762,0.15,45
8.763,0.15,45
8.764,0.15,45
8.765,0.15,45
8.766,0.15,45
8.767,0.15,45
8.768,0.15,45
8.769,0.15,45
8.77,0.15,45
8.771,0.15,45
8.772,0.15,45
8.773,0.15,45
8.774,0.15,45
8.775,0.15,45
8.776,0.15,45
8.777,0.15,45
8.778,0.15,45
8.779,0.15,45
8.78,0.15,45
8.781,0.15,45
8.782,0.15,45
8.783,0.15,45
8.784,0.15,45
8.785,0.15,45
8.786,0.15,45
8.787,0.15,45
8.788,0.15,45
8.789,0.15,45
8.79,0.15,45
8.791,0.15,45
8.792,0.15,45
8.793,0.15,45
8.794,0.15,45
8.795,0.15,45
8.796,0.15,45
8.797,0.15,45
8.798,0.15,45
8.799,0.15,45
8.8,0.15,45
8.801,0.15,45
8.802,0.15,45
8.803,0.15,45
8.804,0.15,45
8.805,0.15,45
8.806,0.15,45
8.807,0.15,45
8.808,0.15,45
8.809,0.15,45
8.81,0.15,45
8.811,0.15,45
8.812,0.15,45
8.813,0.15,45
8.814,0.15,45
8.815,0.15,45
8.816,0.15,45
8.817,0.15,45
8.818,0.15,45
8.819,0.15,45
8.82,0.15,45
8.821,0.15,45
8.822,0.15,45
8.823,0.15,45
8.824,0.15,45
8.825,0.15,45
8.826,0.15,45
8.827,0.15,45
8.828,0.15,45
8.829,0.15,45
8.83,0.15,45
8.831,0.15,45
8.832,0.15,45
8.833,0.15,45
8.834,0.15,45
8.835,0.15,45
8.836,0.15,45
8.837,0.15,45
8.838,0.15,45
8.839,0.15,45
8.84,0.15,45
8.841,0.15,45
8.842,0.15,45
8.843,0.15,45
8.844,0.15,45
8.845,0.15,45
8.846,0.15,45
8.847,0.15,45
8.848,0.15,45
8.849,0.15,45
8.85,0.15,45
8.851,0.15,45
8.852,0.15,45
8.853,0.15,45
8.854,0.15,45
8.855,0.15,45
8.856,0.15,45
8.857,0.15,45
8.858,0.15,45
8.859,0.15,45
8.86,0.15,45
8.861,0.15,45
8.862,0.15,45
8.863,0.15,45
8.864,0.15,45
8.865,0.15,45
8.866,0.15,45
8.867,0.15,45
8.868,0.15,45
8.869,0.15,45
8.87,0.15,45
8.871,0.15,45
8.872,0.15,45
8.873,0.15,45
8.874,0.15,45
8.875,0.15,45
8.876,0.15,45
8.877,0.15,45
8.878,0.15,45
8.879,0.15,45
8.88,0.15,45
8.881,0.15,45
8.882,0.15,45
8.883,0.15,45
8.884,0.15,45
8.885,0.15,45
8.886,0.15,45
8.887,0.15,45
8.888,0.15,45
8.889,0.15,45
8.89,0.15,45
8.891,0.15,45
8.892,0.15,45
8.893,0.15,45
8.894,0.15,45
8.895,0.15,45
8.896,0.15,45
8.897,0.15,45
8.898,0.15,45
8.899,0.15,45
8.9,0.15,45
8.901,0.15,45
8.902,0.15,45
8.903,0.15,45
8.904,0.15,45
8.905,0.15,45
8.906,0.15,45
8.907,0.15,45
8.908,0.15,45
8.909,0.15,45
8.91,0.15,45
8.911,0.15,45
8.912,0.15,45
8.913,0.15,45
8.914,0.15,45
8.915,0.15,45
8.916,0.15,45
8.917,0.15,45
8.918,0.15,45
8.919,0.15,45
8.92,0.15,45
8.921,0.15,45
8.922,0.15,45
8.923,0.15,45
8.924,0.15,45
8.925,0.15,45
8.926,0.15,45
8.927,0.15,45
8.928,0.15,45
8.929,0.15,45
8.93,0.15,45
8.931,0.15,45
8.932,0.15,45
8.933,0.15,45
8.934,0.15,45
8.935,0.15,45
8.936,0.15,45
8.937,0.15,45
8.938,0.15,45
8.939,0.15,45
8.94,0.15,45
8.941,0.15,45
8.942,0.15,45
8.943,0.15,45
8.944,0.15,45
8.945,0.15,45
8.946,0.15,45
8.947,0.15,45
8.948,0.15,45
8.949,0.15,45
8.95,0.15,45
8.951,0.15,45
8.952,0.15,45
8.953,0.15,45
8.954,0.15,45
8.955,0.15,45
8.956,0.15,45
8.957,0.15,45
8.958,0.15,45
8.959,0.15,45
8.96,0.15,45
8.961,0.15,45
8.962,0.15,45
8.963,0.15,45
8.964,0.15,45
8.965,0.15,45
8.966,0.15,45
8.967,0.15,45
8.968,0.15,45
8.969,0.15,45
8.97,0.15,45
8.971,0.15,45
8.972,0.15,45
8.973,0.15,45
8.974,0.15,45
8.975,0.15,45
8.976,0.15,45
8.977,0.15,45
8.978,0.15,45
8.979,0.15,45
8.98,0.15,45
8.981,0.15,45
8.982,0.15,45
8.983,0.15,45
8.984,0.15,45
8.985,0.15,45
8.986,0.15,45
8.987,0.15,45
8.988,0.15,45
8.989,0.15,45
8.99,0.15,45
8.991,0.15,45
8.992,0.15,45
8.993,0.15,45
8.994,0.15,45
8.995,0.15,45
8.996,0.15,45
8.997,0.15,45
8.998,0.15,45
8.999,0.15,45
9,0.15,45
9.001,0.15,45
9.002,0.15,45
9.003,0.15,45
9.004,0.15,45
9.005,0.15,45
9.006,0.15,45
9.007,0.15,45
9.008,0.15,45
9.009,0.15,45
9.01,0.15,45
9.011,0.15,45
9.012,0.15,45
9.013,0.15,45
9.014,0.15,45
9.015,0.15,45
9.016,0.15,45
9.017,0.15,45
9.018,0.15,45
9.019,0.15,45
9.02,0.15,45
9.021,0.15,45
9.022,0.15,45
9.023,0.15,45
9.024,0.15,45
9.025,0.15,45
9.026,0.15,45
9.027,0.15,45
9.028,0.15,45
9.029,0.15,45
9.03,0.15,45
9.031,0.15,45
9.032,0.15,45
9.033,0.15,45
9.034,0.15,45
9.035,0.15,45
9.036,0.15,45
9.037,0.15,45
9.038,0.15,45
9.039,0.15,45
9.04,0.15,45
9.041,0.15,45
9.042,0.15,45
9.043,0.15,45
9.044,0.15,45
9.045,0.15,45
9.046,0.15,45
9.047,0.15,45
9.048,0.15,45
9.049,0.15,45
9.05,0.15,45
9.051,0.15,45
9.052,0.15,45
9.053,0.15,45
9.054,0.15,45
9.055,0.15,45
9.056,0.15,45
9.057,0.15,45
9.058,0.15,45
9.059,0.15,45
9.06,0.15,45
9.061,0.15,45
9.062,0.15,45
9.063,0.15,45
9.064,0.15,45
9.065,0.15,45
9.066,0.15,45
9.067,0.15,45
9.068,0.15,45
9.069,0.15,45
9.07,0.15,45
9.071,0.15,45
9.072,0.15,45
9.073,0.15,45
9.074,0.15,45
9.075,0.15,45
9.076,0.15,45
9.077,0.15,45
9.078,0.15,45
9.079,0.15,45
9.08,0.15,45
9.081,0.15,45
9.082,0.15,45
9.083,0.15,45
9.084,0.15,45
9.085,0.15,45
9.086,0.15,45
9.087,0.15,45
9.088,0.15,45
9.089,0.15,45
9.09,0.15,45
9.091,0.15,45
9.092,0.15,45
9.093,0.15,45
9.094,0.15,45
9.095,0.15,45
9.096,0.15,45
9.097,0.15,45
9.098,0.15,45
9.099,0.15,45
9.1,0.15,45
9.101,0.15,45
9.102,0.15,45
9.103,0.15,45
9.104,0.15,45
9.105,0.15,45
9.106,0.15,45
9.107,0.15,45
9.108,0.15,45
9.109,0.15,45
9.11,0.15,45
9.111,0.15,45
9.112,0.15,45
9.113,0.15,45
9.114,0.15,45
9.115,0.15,45
9.116,0.15,45
9.117,0.15,45
9.118,0.15,45
9.119,0.15,45
9.12,0.15,45
9.121,0.15,45
9.122,0.15,45
9.123,0.15,45
9.124,0.15,45
9.125,0.15,45
9.126,0.15,45
9.127,0.15,45
9.128,0.15,45
9.129,0.15,45
9.13,0.15,45
9.131,0.15,45
9.132,0.15,45
9.133,0.15,45
9.134,0.15,45
9.135,0.15,45
9.136,0.15,45
9.137,0.15,45
9.138,0.15,45
9.139,0.15,45
9.14,0.15,45
9.141,0.15,45
9.142,0.15,45
9.143,0.15,45
9.144,0.15,45
9.145,0.15,45
9.146,0.15,45
9.147,0.15,45
9.148,0.15,45
9.149,0.15,45
9.15,0.15,45
9.151,0.15,45
9.152,0.15,45
9.153,0.15,45
9.154,0.15,45
9.155,0.15,45
9.156,0.15,45
9.157,0.15,45
9.158,0.15,45
9.159,0.15,45
9.16,0.15,45
9.161,0.15,45
9.162,0.15,45
9.163,0.15,45
9.164,0.15,45
9.165,0.15,45
9.166,0.15,45
9.167,0.15,45
9.168,0.15,45
9.169,0.15,45
9.17,0.15,45
9.171,0.15,45
9.172,0.15,45
9.173,0.15,45
9.174,0.15,45
9.175,0.15,45
9.176,0.15,45
9.177,0.15,45
9.178,0.15,45
9.179,0.15,45
9.18,0.15,45
9.181,0.15,45
9.182,0.15,45
9.183,0.15,45
9.184,0.15,45
9.185,0.15,45
9.186,0.15,45
9.187,0.15,45
9.188,0.15,45
9.189,0.15,45
9.19,0.15,45
9.191,0.15,45
9.192,0.15,45
9.193,0.15,45
9.194,0.15,45
9.195,0.15,45
9.196,0.15,45
9.197,0.15,45
9.198,0.15,45
9.199,0.15,45
9.2,0.15,45
9.201,0.15,45
9.202,0.15,45
9.203,0.15,45
9.204,0.15,45
9.205,0.15,45
9.206,0.15,45
9.207,0.15,45
9.208,0.15,45
9.209,0.15,45
9.21,0.15,45
9.211,0.15,45
9.212,0.15,45
9.213,0.15,45
9.214,0.15,45
9.215,0.15,45
9.216,0.15,45
9.217,0.15,45
9.218,0.15,45
9.219,0.15,45
9.22,0.15,45
9.221,0.15,45
9.222,0.15,45
9.223,0.15,45
9.224,0.15,45
9.225,0.15,45
9.226,0.15,45
9.227,0.15,45
9.228,0.15,45
9.229,0.15,45
9.23,0.15,45
9.231,0.15,45
9.232,0.15,45
9.233,0.15,45
9.234,0.15,45
9.235,0.15,45
9.236,0.15,45
9.237,0.15,45
9.238,0.15,45
9.239,0.15,45
9.24,0.15,45
9.241,0.15,45
9.242,0.15,45
9.243,0.15,45
9.244,0.15,45
9.245,0.15,45
9.246,0.15,45
9.247,0.15,45
9.248,0.15,45
9.249,0.15,45
9.25,0.15,45
9.251,0.15,45
9.252,0.15,45
9.253,0.15,45
9.254,0.15,45
9.255,0.15,45
9.256,0.15,45
9.257,0.15,45
9.258,0.15,45
9.259,0.15,45
9.26,0.15,45
9.261,0.15,45
9.262,0.15,45
9.263,0.15,45
9.264,0.15,45
9.265,0.15,45
9.266,0.15,45
9.267,0.15,45
9.268,0.15,45
9.269,0.15,45
9.27,0.15,45
9.271,0.15,45
9.272,0.15,45
9.273,0.15,45
9.274,0.15,45
9.275,0.15,45
9.276,0.15,45
9.277,0.15,45
9.278,0.15,45
9.279,0.15,45
9.28,0.15,45
9.281,0.15,45
9.282,0.15,45
9.283,0.15,45
9.284,0.15,45
9.285,0.15,45
9.286,0.15,45
9.287,0.15,45
9.288,0.15,45
9.289,0.15,45
9.29,0.15,45
9.291,0.15,45
9.292,0.15,45
9.293,0.15,45
9.294,0.15,45
9.295,0.15,45
9.296,0.15,45
9.297,0.15,45
9.298,0.15,45
9.299,0.15,45
9.3,0.15,45
9.301,0.15,45
9.302,0.15,45
9.303,0.15,45
9.304,0.15,45
9.305,0.15,45
9.306,0.15,45
9.307,0.15,45
9.308,0.15,45
9.309,0.15,45
9.31,0.15,45
9.311,0.15,45
9.312,0.15,45
9.313,0.15,45
9.314,0.15,45
9.315,0.15,45
9.316,0.15,45
9.317,0.15,45
9.318,0.15,45
9.319,0.15,45
9.32,0.15,45
9.321,0.15,45
9.322,0.15,45
9.323,0.15,45
9.324,0.15,45
9.325,0.15,45
9.326,0.15,45
9.327,0.15,45
9.328,0.15,45
9.329,0.15,45
9.33,0.15,45
9.331,0.15,45
9.332,0.15,45
9.333,0.15,45
9.334,0.15,45
9.335,0.15,45
9.336,0.15,45
9.337,0.15,45
9.338,0.15,45
9.339,0.15,45
9.34,0.15,45
9.341,0.15,45
9.342,0.15,45
9.343,0.15,45
9.344,0.15,45
9.345,0.15,45
9.346,0.15,45
9.347,0.15,45
9.348,0.15,45
9.349,0.15,45
9.35,0.15,45
9.351,0.15,45
9.352,0.15,45
9.353,0.15,45
9.354,0.15,45
9.355,0.15,45
9.356,0.15,45
9.357,0.15,45
9.358,0.15,45
9.359,0.15,45
9.36,0.15,45
9.361,0.15,45
9.362,0.15,45
9.363,0.15,45
9.364,0.15,45
9.365,0.15,45
9.366,0.15,45
9.367,0.15,45
9.368,0.15,45
9.369,0.15,45
9.37,0.15,45
9.371,0.15,45
9.372,0.15,45
9.373,0.15,45
9.374,0.15,45
9.375,0.15,45
9.376,0.15,45
9.377,0.15,45
9.378,0.15,45
9.379,0.15,45
9.38,0.15,45
9.381,0.15,45
9.382,0.15,45
9.383,0.15,45
9.384,0.15,45
9.385,0.15,45
9.386,0.15,45
9.387,0.15,45
9.388,0.15,45
9.389,0.15,45
9.39,0.15,45
9.391,0.15,45
9.392,0.15,45
9.393,0.15,45
9.394,0.15,45
9.395,0.15,45
9.396,0.15,45
9.397,0.15,45
9.398,0.15,45
9.399,0.15,45
9.4,0.15,45
9.401,0.15,45
9.402,0.15,45
9.403,0.15,45
9.404,0.15,45
9.405,0.15,45
9.406,0.15,45
9.407,0.15,45
9.408,0.15,45
9.409,0.15,45
9.41,0.15,45
9.411,0.15,45
9.412,0.15,45
9.413,0.15,45
9.414,0.15,45
9.415,0.15,45
9.416,0.15,45
9.417,0.15,45
9.418,0.15,45
9.419,0.15,45
9.42,0.15,45
9.421,0.15,45
9.422,0.15,45
9.423,0.15,45
9.424,0.15,45
9.425,0.15,45
9.426,0.15,45
9.427,0.15,45
9.428,0.15,45
9.429,0.15,45
9.43,0.15,45
9.431,0.15,45
9.432,0.15,45
9.433,0.15,45
9.434,0.15,45
9.435,0.15,45
9.436,0.15,45
9.437,0.15,45
9.438,0.15,45
9.439,0.15,45
9.44,0.15,45
9.441,0.15,45
9.442,0.15,45
9.443,0.15,45
9.444,0.15,45
9.445,0.15,45
9.446,0.15,45
9.447,0.15,45
9.448,0.15,45
9.449,0.15,45
9.45,0.15,45
9.451,0.15,45
9.452,0.15,45
9.453,0.15,45
9.454,0.15,45
9.455,0.15,45
9.456,0.15,45
9.457,0.15,45
9.458,0.15,45
9.459,0.15,45
9.46,0.15,45
9.461,0.15,45
9.462,0.15,45
9.463,0.15,45
9.464,0.15,45
9.465,0.15,45
9.466,0.15,45
9.467,0.15,45
9.468,0.15,45
9.469,0.15,45
9.47,0.15,45
9.471,0.15,45
9.472,0.15,45
9.473,0.15,45
9.474,0.15,45
9.475,0.15,45
9.476,0.15,45
9.477,0.15,45
9.478,0.15,45
9.479,0.15,45
9.48,0.15,45
9.481,0.15,45
9.482,0.15,45
9.483,0.15,45
9.484,0.15,45
9.485,0.15,45
9.486,0.15,45
9.487,0.15,45
9.488,0.15,45
9.489,0.15,45
9.49,0.15,45
9.491,0.15,45
9.492,0.15,45
9.493,0.15,45
9.494,0.15,45
9.495,0.15,45
9.496,0.15,45
9.497,0.15,45
9.498,0.15,45
9.499,0.15,45
9.5,0.15,45
9.501,0.15,45
9.502,0.15,45
9.503,0.15,45
9.504,0.15,45
9.505,0.15,45
9.506,0.15,45
9.507,0.15,45
9.508,0.15,45
9.509,0.15,45
9.51,0.15,45
9.511,0.15,45
9.512,0.15,45
9.513,0.15,45
9.514,0.15,45
9.515,0.15,45
9.516,0.15,45
9.517,0.15,45
9.518,0.15,45
9.519,0.15,45
9.52,0.15,45
9.521,0.15,45
9.522,0.15,45
9.523,0.15,45
9.524,0.15,45
9.525,0.15,45
9.526,0.15,45
9.527,0.15,45
9.528,0.15,45
9.529,0.15,45
9.53,0.15,45
9.531,0.15,45
9.532,0.15,45
9.533,0.15,45
9.534,0.15,45
9.535,0.15,45
9.536,0.15,45
9.537,0.15,45
9.538,0.15,45
9.539,0.15,45
9.54,0.15,45
9.541,0.15,45
9.542,0.15,45
9.543,0.15,45
9.544,0.15,45
9.545,0.15,45
9.546,0.15,45
9.547,0.15,45
9.548,0.15,45
9.549,0.15,45
9.55,0.15,45
9.551,0.15,45
9.552,0.15,45
9.553,0.15,45
9.554,0.15,45
9.555,0.15,45
9.556,0.15,45
9.557,0.15,45
9.558,0.15,45
9.559,0.15,45
9.56,0.15,45
9.561,0.15,45
9.562,0.15,45
9.563,0.15,45
9.564,0.15,45
9.565,0.15,45
9.566,0.15,45
9.567,0.15,45
9.568,0.15,45
9.569,0.15,45
9.57,0.15,45
9.571,0.15,45
9.572,0.15,45
9.573,0.15,45
9.574,0.15,45
9.575,0.15,45
9.576,0.15,45
9.577,0.15,45
9.578,0.15,45
9.579,0.15,45
9.58,0.15,45
9.581,0.15,45
9.582,0.15,45
9.583,0.15,45
9.584,0.15,45
9.585,0.15,45
9.586,0.15,45
9.587,0.15,45
9.588,0.15,45
9.589,0.15,45
9.59,0.15,45
9.591,0.15,45
9.592,0.15,45
9.593,0.15,45
9.594,0.15,45
9.595,0.15,45
9.596,0.15,45
9.597,0.15,45
9.598,0.15,45
9.599,0.15,45
9.6,0.15,45
9.601,0.15,45
9.602,0.15,45
9.603,0.15,45
9.604,0.15,45
9.605,0.15,45
9.606,0.15,45
9.607,0.15,45
9.608,0.15,45
9.609,0.15,45
9.61,0.15,45
9.611,0.15,45
9.612,0.15,45
9.613,0.15,45
9.614,0.15,45
9.615,0.15,45
9.616,0.15,45
9.617,0.15,45
9.618,0.15,45
9.619,0.15,45
9.62,0.15,45
9.621,0.15,45
9.622,0.15,45
9.623,0.15,45
9.624,0.15,45
9.625,0.15,45
9.626,0.15,45
9.627,0.15,45
9.628,0.15,45
9.629,0.15,45
9.63,0.15,45
9.631,0.15,45
9.632,0.15,45
9.633,0.15,45
9.634,0.15,45
9.635,0.15,45
9.636,0.15,45
9.637,0.15,45
9.638,0.15,45
9.639,0.15,45
9.64,0.15,45
9.641,0.15,45
9.642,0.15,45
9.643,0.15,45
9.644,0.15,45
9.645,0.15,45
9.646,0.15,45
9.647,0.15,45
9.648,0.15,45
9.649,0.15,45
9.65,0.15,45
9.651,0.15,45
9.652,0.15,45
9.653,0.15,45
9.654,0.15,45
9.655,0.15,45
9.656,0.15,45
9.657,0.15,45
9.658,0.15,45
9.659,0.15,45
9.66,0.15,45
9.661,0.15,45
9.662,0.15,45
9.663,0.15,45
9.664,0.15,45
9.665,0.15,45
9.666,0.15,45
9.667,0.15,45
9.668,0.15,45
9.669,0.15,45
9.67,0.15,45
9.671,0.15,45
9.672,0.15,45
9.673,0.15,45
9.674,0.15,45
9.675,0.15,45
9.676,0.15,45
9.677,0.15,45
9.678,0.15,45
9.679,0.15,45
9.68,0.15,45
9.681,0.15,45
9.682,0.15,45
9.683,0.15,45
9.684,0.15,45
9.685,0.15,45
9.686,0.15,45
9.687,0.15,45
9.688,0.15,45
9.689,0.15,45
9.69,0.15,45
9.691,0.15,45
9.692,0.15,45
9.693,0.15,45
9.694,0.15,45
9.695,0.15,45
9.696,0.15,45
9.697,0.15,45
9.698,0.15,45
9.699,0.15,45
9.7,0.15,45
9.701,0.15,45
9.702,0.15,45
9.703,0.15,45
9.704,0.15,45
9.705,0.15,45
9.706,0.15,45
9.707,0.15,45
9.708,0.15,45
9.709,0.15,45
9.71,0.15,45
9.711,0.15,45
9.712,0.15,45
9.713,0.15,45
9.714,0.15,45
9.715,0.15,45
9.716,0.15,45
9.717,0.15,45
9.718,0.15,45
9.719,0.15,45
9.72,0.15,45
9.721,0.15,45
9.722,0.15,45
9.723,0.15,45
9.724,0.15,45
9.725,0.15,45
9.726,0.15,45
9.727,0.15,45
9.728,0.15,45
9.729,0.15,45
9.73,0.15,45
9.731,0.15,45
9.732,0.15,45
9.733,0.15,45
9.734,0.15,45
9.735,0.15,45
9.736,0.15,45
9.737,0.15,45
9.738,0.15,45
9.739,0.15,45
9.74,0.15,45
9.741,0.15,45
9.742,0.15,45
9.743,0.15,45
9.744,0.15,45
9.745,0.15,45
9.746,0.15,45
9.747,0.15,45
9.748,0.15,45
9.749,0.15,45
9.75,0.15,45
9.751,0.15,45
9.752,0.15,45
9.753,0.15,45
9.754,0.15,45
9.755,0.15,45
9.756,0.15,45
9.757,0.15,45
9.758,0.15,45
9.759,0.15,45
9.76,0.15,45
9.761,0.15,45
9.762,0.15,45
9.763,0.15,45
9.764,0.15,45
9.765,0.15,45
9.766,0.15,45
9.767,0.15,45
9.768,0.15,45
9.769,0.15,45
9.77,0.15,45
9.771,0.15,45
9.772,0.15,45
9.773,0.15,45
9.774,0.15,45
9.775,0.15,45
9.776,0.15,45
9.777,0.15,45
9.778,0.15,45
9.779,0.15,45
9.78,0.15,45
9.781,0.15,45
9.782,0.15,45
9.783,0.15,45
9.784,0.15,45
9.785,0.15,45
9.786,0.15,45
9.787,0.15,45
9.788,0.15,45
9.789,0.15,45
9.79,0.15,45
9.791,0.15,45
9.792,0.15,45
9.793,0.15,45
9.794,0.15,45
9.795,0.15,45
9.796,0.15,45
9.797,0.15,45
9.798,0.15,45
9.799,0.15,45
9.8,0.15,45
9.801,0.15,45
9.802,0.15,45
9.803,0.15,45
9.804,0.15,45
9.805,0.15,45
9.806,0.15,45
9.807,0.15,45
9.808,0.15,45
9.809,0.15,45
9.81,0.15,45
9.811,0.15,45
9.812,0.15,45
9.813,0.15,45
9.814,0.15,45
9.815,0.15,45
9.816,0.15,45
9.817,0.15,45
9.818,0.15,45
9.819,0.15,45
9.82,0.15,45
9.821,0.15,45
9.822,0.15,45
9.823,0.15,45
9.824,0.15,45
9.825,0.15,45
9.826,0.15,45
9.827,0.15,45
9.828,0.15,45
9.829,0.15,45
9.83,0.15,45
9.831,0.15,45
9.832,0.15,45
9.833,0.15,45
9.834,0.15,45
9.835,0.15,45
9.836,0.15,45
9.837,0.15,45
9.838,0.15,45
9.839,0.15,45
9.84,0.15,45
9.841,0.15,45
9.842,0.15,45
9.843,0.15,45
9.844,0.15,45
9.845,0.15,45
9.846,0.15,45
9.847,0.15,45
9.848,0.15,45
9.849,0.15,45
9.85,0.15,45
9.851,0.15,45
9.852,0.15,45
9.853,0.15,45
9.854,0.15,45
9.855,0.15,45
9.856,0.15,45
9.857,0.15,45
9.858,0.15,45
9.859,0.15,45
9.86,0.15,45
9.861,0.15,45
9.862,0.15,45
9.863,0.15,45
9.864,0.15,45
9.865,0.15,45
9.866,0.15,45
9.867,0.15,45
9.868,0.15,45
9.869,0.15,45
9.87,0.15,45
9.871,0.15,45
9.872,0.15,45
9.873,0.15,45
9.874,0.15,45
9.875,0.15,45
9.876,0.15,45
9.877,0.15,45
9.878,0.15,45
9.879,0.15,45
9.88,0.15,45
9.881,0.15,45
9.882,0.15,45
9.883,0.15,45
9.884,0.15,45
9.885,0.15,45
9.886,0.15,45
9.887,0.15,45
9.888,0.15,45
9.889,0.15,45
9.89,0.15,45
9.891,0.15,45
9.892,0.15,45
9.893,0.15,45
9.894,0.15,45
9.895,0.15,45
9.896,0.15,45
9.897,0.15,45
9.898,0.15,45
9.899,0.15,45
9.9,0.15,45
9.901,0.15,45
9.902,0.15,45
9.903,0.15,45
9.904,0.15,45
9.905,0.15,45
9.906,0.15,45
9.907,0.15,45
9.908,0.15,45
9.909,0.15,45
9.91,0.15,45
9.911,0.15,45
9.912,0.15,45
9.913,0.15,45
9.914,0.15,45
9.915,0.15,45
9.916,0.15,45
9.917,0.15,45
9.918,0.15,45
9.919,0.15,45
9.92,0.15,45
9.921,0.15,45
9.922,0.15,45
9.923,0.15,45
9.924,0.15,45
9.925,0.15,45
9.926,0.15,45
9.927,0.15,45
9.928,0.15,45
9.929,0.15,45
9.93,0.15,45
9.931,0.15,45
9.932,0.15,45
9.933,0.15,45
9.934,0.15,45
9.935,0.15,45
9.936,0.15,45
9.937,0.15,45
9.938,0.15,45
9.939,0.15,45
9.94,0.15,45
9.941,0.15,45
9.942,0.15,45
9.943,0.15,45
9.944,0.15,45
9.945,0.15,45
9.946,0.15,45
9.947,0.15,45
9.948,0.15,45
9.949,0.15,45
9.95,0.15,45
9.951,0.15,45
9.952,0.15,45
9.953,0.15,45
9.954,0.15,45
9.955,0.15,45
9.956,0.15,45
9.957,0.15,45
9.958,0.15,45
9.959,0.15,45
9.96,0.15,45
9.961,0.15,45
9.962,0.15,45
9.963,0.15,45
9.964,0.15,45
9.965,0.15,45
9.966,0.15,45
9.967,0.15,45
9.968,0.15,45
9.969,0.15,45
9.97,0.15,45
9.971,0.15,45
9.972,0.15,45
9.973,0.15,45
9.974,0.15,45
9.975,0.15,45
9.976,0.15,45
9.977,0.15,45
9.978,0.15,45
9.979,0.15,45
9.98,0.15,45
9.981,0.15,45
9.982,0.15,45
9.983,0.15,45
9.984,0.15,45
9.985,0.15,45
9.986,0.15,45
9.987,0.15,45
9.988,0.15,45
9.989,0.15,45
9.99,0.15,45
9.991,0.15,45
9.992,0.15,45
9.993,0.15,45
9.994,0.15,45
9.995,0.15,45
9.996,0.15,45
9.997,0.15,45
9.998,0.15,45
9.999,0.15,45
10,0.15,45
10.001,0.15,45
10.002,0.15,45
10.003,0.15,45
10.004,0.15,45
10.005,0.15,45
10.006,0.15,45
10.007,0.15,45
10.008,0.15,45
10.009,0.15,45
10.01,0.15,45
10.011,0.15,45
10.012,0.15,45
10.013,0.15,45
10.014,0.15,45
10.015,0.15,45
10.016,0.15,45
10.017,0.15,45
10.018,0.15,45
10.019,0.15,45
10.02,0.15,45
10.021,0.15,45
10.022,0.15,45
10.023,0.15,45
10.024,0.15,45
10.025,0.15,45
10.026,0.15,45
10.027,0.15,45
10.028,0.15,45
10.029,0.15,45
10.03,0.15,45
10.031,0.15,45
10.032,0.15,45
10.033,0.15,45
10.034,0.15,45
10.035,0.15,45
10.036,0.15,45
10.037,0.15,45
10.038,0.15,45
10.039,0.15,45
10.04,0.15,45
10.041,0.15,45
10.042,0.15,45
10.043,0.15,45
10.044,0.15,45
10.045,0.15,45
10.046,0.15,45
10.047,0.15,45
10.048,0.15,45
10.049,0.15,45
10.05,0.15,45
10.051,0.15,45
10.052,0.15,45
10.053,0.15,45
10.054,0.15,45
10.055,0.15,45
10.056,0.15,45
10.057,0.15,45
10.058,0.15,45
10.059,0.15,45
10.06,0.15,45
10.061,0.15,45
10.062,0.15,45
10.063,0.15,45
10.064,0.15,45
10.065,0.15,45
10.066,0.15,45
10.067,0.15,45
10.068,0.15,45
10.069,0.15,45
10.07,0.15,45
10.071,0.15,45
10.072,0.15,45
10.073,0.15,45
10.074,0.15,45
10.075,0.15,45
10.076,0.15,45
10.077,0.15,45
10.078,0.15,45
10.079,0.15,45
10.08,0.15,45
10.081,0.15,45
10.082,0.15,45
10.083,0.15,45
10.084,0.15,45
10.085,0.15,45
10.086,0.15,45
10.087,0.15,45
10.088,0.15,45
10.089,0.15,45
10.09,0.15,45
10.091,0.15,45
10.092,0.15,45
10.093,0.15,45
10.094,0.15,45
10.095,0.15,45
10.096,0.15,45
10.097,0.15,45
10.098,0.15,45
10.099,0.15,45
10.1,0.15,45
10.101,0.15,45
10.102,0.15,45
10.103,0.15,45
10.104,0.15,45
10.105,0.15,45
10.106,0.15,45
10.107,0.15,45
10.108,0.15,45
10.109,0.15,45
10.11,0.15,45
10.111,0.15,45
10.112,0.15,45
10.113,0.15,45
10.114,0.15,45
10.115,0.15,45
10.116,0.15,45
10.117,0.15,45
10.118,0.15,45
10.119,0.15,45
10.12,0.15,45
10.121,0.15,45
10.122,0.15,45
10.123,0.15,45
10.124,0.15,45
10.125,0.15,45
10.126,0.15,45
10.127,0.15,45
10.128,0.15,45
10.129,0.15,45
10.13,0.15,45
10.131,0.15,45
10.132,0.15,45
10.133,0.15,45
10.134,0.15,45
10.135,0.15,45
10.136,0.15,45
10.137,0.15,45
10.138,0.15,45
10.139,0.15,45
10.14,0.15,45
10.141,0.15,45
10.142,0.15,45
10.143,0.15,45
10.144,0.15,45
10.145,0.15,45
10.146,0.15,45
10.147,0.15,45
10.148,0.15,45
10.149,0.15,45
10.15,0.15,45
10.151,0.15,45
10.152,0.15,45
10.153,0.15,45
10.154,0.15,45
10.155,0.15,45
10.156,0.15,45
10.157,0.15,45
10.158,0.15,45
10.159,0.15,45
10.16,0.15,45
10.161,0.15,45
10.162,0.15,45
10.163,0.15,45
10.164,0.15,45
10.165,0.15,45
10.166,0.15,45
10.167,0.15,45
10.168,0.15,45
10.169,0.15,45
10.17,0.15,45
10.171,0.15,45
10.172,0.15,45
10.173,0.15,45
10.174,0.15,45
10.175,0.15,45
10.176,0.15,45
10.177,0.15,45
10.178,0.15,45
10.179,0.15,45
10.18,0.15,45
10.181,0.15,45
10.182,0.15,45
10.183,0.15,45
10.184,0.15,45
10.185,0.15,45
10.186,0.15,45
10.187,0.15,45
10.188,0.15,45
10.189,0.15,45
10.19,0.15,45
10.191,0.15,45
10.192,0.15,45
10.193,0.15,45
10.194,0.15,45
10.195,0.15,45
10.196,0.15,45
10.197,0.15,45
10.198,0.15,45
10.199,0.15,45
10.2,0.15,45
10.201,0.15,45
10.202,0.15,45
10.203,0.15,45
10.204,0.15,45
10.205,0.15,45
10.206,0.15,45
10.207,0.15,45
10.208,0.15,45
10.209,0.15,45
10.21,0.15,45
10.211,0.15,45
10.212,0.15,45
10.213,0.15,45
10.214,0.15,45
10.215,0.15,45
10.216,0.15,45
10.217,0.15,45
10.218,0.15,45
10.219,0.15,45
10.22,0.15,45
10.221,0.15,45
10.222,0.15,45
10.223,0.15,45
10.224,0.15,45
10.225,0.15,45
10.226,0.15,45
10.227,0.15,45
10.228,0.15,45
10.229,0.15,45
10.23,0.15,45
10.231,0.15,45
10.232,0.15,45
10.233,0.15,45
10.234,0.15,45
10.235,0.15,45
10.236,0.15,45
10.237,0.15,45
10.238,0.15,45
10.239,0.15,45
10.24,0.15,45
10.241,0.15,45
10.242,0.15,45
10.243,0.15,45
10.244,0.15,45
10.245,0.15,45
10.246,0.15,45
10.247,0.15,45
10.248,0.15,45
10.249,0.15,45
10.25,0.15,45
10.251,0.15,45
10.252,0.15,45
10.253,0.15,45
10.254,0.15,45
10.255,0.15,45
10.256,0.15,45
10.257,0.15,45
10.258,0.15,45
10.259,0.15,45
10.26,0.15,45
10.261,0.15,45
10.262,0.15,45
10.263,0.15,45
10.264,0.15,45
10.265,0.15,45
10.266,0.15,45
10.267,0.15,45
10.268,0.15,45
10.269,0.15,45
10.27,0.15,45
10.271,0.15,45
10.272,0.15,45
10.273,0.15,45
10.274,0.15,45
10.275,0.15,45
10.276,0.15,45
10.277,0.15,45
10.278,0.15,45
10.279,0.15,45
10.28,0.15,45
10.281,0.15,45
10.282,0.15,45
10.283,0.15,45
10.284,0.15,45
10.285,0.15,45
10.286,0.15,45
10.287,0.15,45
10.288,0.15,45
10.289,0.15,45
10.29,0.15,45
10.291,0.15,45
10.292,0.15,45
10.293,0.15,45
10.294,0.15,45
10.295,0.15,45
10.296,0.15,45
10.297,0.15,45
10.298,0.15,45
10.299,0.15,45
10.3,0.15,45
10.301,0.15,45
10.302,0.15,45
10.303,0.15,45
10.304,0.15,45
10.305,0.15,45
10.306,0.15,45
10.307,0.15,45
10.308,0.15,45
10.309,0.15,45
10.31,0.15,45
10.311,0.15,45
10.312,0.15,45
10.313,0.15,45
10.314,0.15,45
10.315,0.15,45
10.316,0.15,45
10.317,0.15,45
10.318,0.15,45
10.319,0.15,45
10.32,0.15,45
10.321,0.15,45
10.322,0.15,45
10.323,0.15,45
10.324,0.15,45
10.325,0.15,45
10.326,0.15,45
10.327,0.15,45
10.328,0.15,45
10.329,0.15,45
10.33,0.15,45
10.331,0.15,45
10.332,0.15,45
10.333,0.15,45
10.334,0.15,45
10.335,0.15,45
10.336,0.15,45
10.337,0.15,45
10.338,0.15,45
10.339,0.15,45
10.34,0.15,45
10.341,0.15,45
10.342,0.15,45
10.343,0.15,45
10.344,0.15,45
10.345,0.15,45
10.346,0.15,45
10.347,0.15,45
10.348,0.15,45
10.349,0.15,45
10.35,0.15,45
10.351,0.15,45
10.352,0.15,45
10.353,0.15,45
10.354,0.15,45
10.355,0.15,45
10.356,0.15,45
10.357,0.15,45
10.358,0.15,45
10.359,0.15,45
10.36,0.15,45
10.361,0.15,45
10.362,0.15,45
10.363,0.15,45
10.364,0.15,45
10.365,0.15,45
10.366,0.15,45
10.367,0.15,45
10.368,0.15,45
10.369,0.15,45
10.37,0.15,45
10.371,0.15,45
10.372,0.15,45
10.373,0.15,45
10.374,0.15,45
10.375,0.15,45
10.376,0.15,45
10.377,0.15,45
10.378,0.15,45
10.379,0.15,45
10.38,0.15,45
10.381,0.15,45
10.382,0.15,45
10.383,0.15,45
10.384,0.15,45
10.385,0.15,45
10.386,0.15,45
10.387,0.15,45
10.388,0.15,45
10.389,0.15,45
10.39,0.15,45
10.391,0.15,45
10.392,0.15,45
10.393,0.15,45
10.394,0.15,45
10.395,0.15,45
10.396,0.15,45
10.397,0.15,45
10.398,0.15,45
10.399,0.15,45
10.4,0.15,45
10.401,0.15,45
10.402,0.15,45
10.403,0.15,45
10.404,0.15,45
10.405,0.15,45
10.406,0.15,45
10.407,0.15,45
10.408,0.15,45
10.409,0.15,45
10.41,0.15,45
10.411,0.15,45
10.412,0.15,45
10.413,0.15,45
10.414,0.15,45
10.415,0.15,45
10.416,0.15,45
10.417,0.15,45
10.418,0.15,45
10.419,0.15,45
10.42,0.15,45
10.421,0.15,45
10.422,0.15,45
10.423,0.15,45
10.424,0.15,45
10.425,0.15,45
10.426,0.15,45
10.427,0.15,45
10.428,0.15,45
10.429,0.15,45
10.43,0.15,45
10.431,0.15,45
10.432,0.15,45
10.433,0.15,45
10.434,0.15,45
10.435,0.15,45
10.436,0.15,45
10.437,0.15,45
10.438,0.15,45
10.439,0.15,45
10.44,0.15,45
10.441,0.15,45
10.442,0.15,45
10.443,0.15,45
10.444,0.15,45
10.445,0.15,45
10.446,0.15,45
10.447,0.15,45
10.448,0.15,45
10.449,0.15,45
10.45,0.15,45
10.451,0.15,45
10.452,0.15,45
10.453,0.15,45
10.454,0.15,45
10.455,0.15,45
10.456,0.15,45
10.457,0.15,45
10.458,0.15,45
10.459,0.15,45
10.46,0.15,45
10.461,0.15,45
10.462,0.15,45
10.463,0.15,45
10.464,0.15,45
10.465,0.15,45
10.466,0.15,45
10.467,0.15,45
10.468,0.15,45
10.469,0.15,45
10.47,0.15,45
10.471,0.15,45
10.472,0.15,45
10.473,0.15,45
10.474,0.15,45
10.475,0.15,45
10.476,0.15,45
10.477,0.15,45
10.478,0.15,45
10.479,0.15,45
10.48,0.15,45
10.481,0.15,45
10.482,0.15,45
10.483,0.15,45
10.484,0.15,45
10.485,0.15,45
10.486,0.15,45
10.487,0.15,45
10.488,0.15,45
10.489,0.15,45
10.49,0.15,45
10.491,0.15,45
10.492,0.15,45
10.493,0.15,45
10.494,0.15,45
10.495,0.15,45
10.496,0.15,45
10.497,0.15,45
10.498,0.15,45
10.499,0.15,45
10.5,0.15,45
10.501,0.15,45
10.502,0.15,45
10.503,0.15,45
10.504,0.15,45
10.505,0.15,45
10.506,0.15,45
10.507,0.15,45
10.508,0.15,45
10.509,0.15,45
10.51,0.15,45
10.511,0.15,45
10.512,0.15,45
10.513,0.15,45
10.514,0.15,45
10.515,0.15,45
10.516,0.15,45
10.517,0.15,45
10.518,0.15,45
10.519,0.15,45
10.52,0.15,45
10.521,0.15,45
10.522,0.15,45
10.523,0.15,45
10.524,0.15,45
10.525,0.15,45
10.526,0.15,45
10.527,0.15,45
10.528,0.15,45
10.529,0.15,45
10.53,0.15,45
10.531,0.15,45
10.532,0.15,45
10.533,0.15,45
10.534,0.15,45
10.535,0.15,45
10.536,0.15,45
10.537,0.15,45
10.538,0.15,45
10.539,0.15,45
10.54,0.15,45
10.541,0.15,45
10.542,0.15,45
10.543,0.15,45
10.544,0.15,45
10.545,0.15,45
10.546,0.15,45
10.547,0.15,45
10.548,0.15,45
10.549,0.15,45
10.55,0.15,45
10.551,0.15,45
10.552,0.15,45
10.553,0.15,45
10.554,0.15,45
10.555,0.15,45
10.556,0.15,45
10.557,0.15,45
10.558,0.15,45
10.559,0.15,45
10.56,0.15,45
10.561,0.15,45
10.562,0.15,45
10.563,0.15,45
10.564,0.15,45
10.565,0.15,45
10.566,0.15,45
10.567,0.15,45
10.568,0.15,45
10.569,0.15,45
10.57,0.15,45
10.571,0.15,45
10.572,0.15,45
10.573,0.15,45
10.574,0.15,45
10.575,0.15,45
10.576,0.15,45
10.577,0.15,45
10.578,0.15,45
10.579,0.15,45
10.58,0.15,45
10.581,0.15,45
10.582,0.15,45
10.583,0.15,45
10.584,0.15,45
10.585,0.15,45
10.586,0.15,45
10.587,0.15,45
10.588,0.15,45
10.589,0.15,45
10.59,0.15,45
10.591,0.15,45
10.592,0.15,45
10.593,0.15,45
10.594,0.15,45
10.595,0.15,45
10.596,0.15,45
10.597,0.15,45
10.598,0.15,45
10.599,0.15,45
10.6,0.15,45
10.601,0.15,45
10.602,0.15,45
10.603,0.15,45
10.604,0.15,45
10.605,0.15,45
10.606,0.15,45
10.607,0.15,45
10.608,0.15,45
10.609,0.15,45
10.61,0.15,45
10.611,0.15,45
10.612,0.15,45
10.613,0.15,45
10.614,0.15,45
10.615,0.15,45
10.616,0.15,45
10.617,0.15,45
10.618,0.15,45
10.619,0.15,45
10.62,0.15,45
10.621,0.15,45
10.622,0.15,45
10.623,0.15,45
10.624,0.15,45
10.625,0.15,45
10.626,0.15,45
10.627,0.15,45
10.628,0.15,45
10.629,0.15,45
10.63,0.15,45
10.631,0.15,45
10.632,0.15,45
10.633,0.15,45
10.634,0.15,45
10.635,0.15,45
10.636,0.15,45
10.637,0.15,45
10.638,0.15,45
10.639,0.15,45
10.64,0.15,45
10.641,0.15,45
10.642,0.15,45
10.643,0.15,45
10.644,0.15,45
10.645,0.15,45
10.646,0.15,45
10.647,0.15,45
10.648,0.15,45
10.649,0.15,45
10.65,0.15,45
10.651,0.15,45
10.652,0.15,45
10.653,0.15,45
10.654,0.15,45
10.655,0.15,45
10.656,0.15,45
10.657,0.15,45
10.658,0.15,45
10.659,0.15,45
10.66,0.15,45
10.661,0.15,45
10.662,0.15,45
10.663,0.15,45
10.664,0.15,45
10.665,0.15,45
10.666,0.15,45
10.667,0.15,45
10.668,0.15,45
10.669,0.15,45
10.67,0.15,45
10.671,0.15,45
10.672,0.15,45
10.673,0.15,45
10.674,0.15,45
10.675,0.15,45
10.676,0.15,45
10.677,0.15,45
10.678,0.15,45
10.679,0.15,45
10.68,0.15,45
10.681,0.15,45
10.682,0.15,45
10.683,0.15,45
10.684,0.15,45
10.685,0.15,45
10.686,0.15,45
10.687,0.15,45
10.688,0.15,45
10.689,0.15,45
10.69,0.15,45
10.691,0.15,45
10.692,0.15,45
10.693,0.15,45
10.694,0.15,45
10.695,0.15,45
10.696,0.15,45
10.697,0.15,45
10.698,0.15,45
10.699,0.15,45
10.7,0.15,45
10.701,0.15,45
10.702,0.15,45
10.703,0.15,45
10.704,0.15,45
10.705,0.15,45
10.706,0.15,45
10.707,0.15,45
10.708,0.15,45
10.709,0.15,45
10.71,0.15,45
10.711,0.15,45
10.712,0.15,45
10.713,0.15,45
10.714,0.15,45
10.715,0.15,45
10.716,0.15,45
10.717,0.15,45
10.718,0.15,45
10.719,0.15,45
10.72,0.15,45
10.721,0.15,45
10.722,0.15,45
10.723,0.15,45
10.724,0.15,45
10.725,0.15,45
10.726,0.15,45
10.727,0.15,45
10.728,0.15,45
10.729,0.15,45
10.73,0.15,45
10.731,0.15,45
10.732,0.15,45
10.733,0.15,45
10.734,0.15,45
10.735,0.15,45
10.736,0.15,45
10.737,0.15,45
10.738,0.15,45
10.739,0.15,45
10.74,0.15,45
10.741,0.15,45
10.742,0.15,45
10.743,0.15,45
10.744,0.15,45
10.745,0.15,45
10.746,0.15,45
10.747,0.15,45
10.748,0.15,45
10.749,0.15,45
10.75,0.15,45
10.751,0.15,45
10.752,0.15,45
10.753,0.15,45
10.754,0.15,45
10.755,0.15,45
10.756,0.15,45
10.757,0.15,45
10.758,0.15,45
10.759,0.15,45
10.76,0.15,45
10.761,0.15,45
10.762,0.15,45
10.763,0.15,45
10.764,0.15,45
10.765,0.15,45
10.766,0.15,45
10.767,0.15,45
10.768,0.15,45
10.769,0.15,45
10.77,0.15,45
10.771,0.15,45
10.772,0.15,45
10.773,0.15,45
10.774,0.15,45
10.775,0.15,45
10.776,0.15,45
10.777,0.15,45
10.778,0.15,45
10.779,0.15,45
10.78,0.15,45
10.781,0.15,45
10.782,0.15,45
10.783,0.15,45
10.784,0.15,45
10.785,0.15,45
10.786,0.15,45
10.787,0.15,45
10.788,0.15,45
10.789,0.15,45
10.79,0.15,45
10.791,0.15,45
10.792,0.15,45
10.793,0.15,45
10.794,0.15,45
10.795,0.15,45
10.796,0.15,45
10.797,0.15,45
10.798,0.15,45
10.799,0.15,45
10.8,0.15,45
10.801,0.15,45
10.802,0.15,45
10.803,0.15,45
10.804,0.15,45
10.805,0.15,45
10.806,0.15,45
10.807,0.15,45
10.808,0.15,45
10.809,0.15,45
10.81,0.15,45
10.811,0.15,45
10.812,0.15,45
10.813,0.15,45
10.814,0.15,45
10.815,0.15,45
10.816,0.15,45
10.817,0.15,45
10.818,0.15,45
10.819,0.15,45
10.82,0.15,45
10.821,0.15,45
10.822,0.15,45
10.823,0.15,45
10.824,0.15,45
10.825,0.15,45
10.826,0.15,45
10.827,0.15,45
10.828,0.15,45
10.829,0.15,45
10.83,0.15,45
10.831,0.15,45
10.832,0.15,45
10.833,0.15,45
10.834,0.15,45
10.835,0.15,45
10.836,0.15,45
10.837,0.15,45
10.838,0.15,45
10.839,0.15,45
10.84,0.15,45
10.841,0.15,45
10.842,0.15,45
10.843,0.15,45
10.844,0.15,45
10.845,0.15,45
10.846,0.15,45
10.847,0.15,45
10.848,0.15,45
10.849,0.15,45
10.85,0.15,45
10.851,0.15,45
10.852,0.15,45
10.853,0.15,45
10.854,0.15,45
10.855,0.15,45
10.856,0.15,45
10.857,0.15,45
10.858,0.15,45
10.859,0.15,45
10.86,0.15,45
10.861,0.15,45
10.862,0.15,45
10.863,0.15,45
10.864,0.15,45
10.865,0.15,45
10.866,0.15,45
10.867,0.15,45
10.868,0.15,45
10.869,0.15,45
10.87,0.15,45
10.871,0.15,45
10.872,0.15,45
10.873,0.15,45
10.874,0.15,45
10.875,0.15,45
10.876,0.15,45
10.877,0.15,45
10.878,0.15,45
10.879,0.15,45
10.88,0.15,45
10.881,0.15,45
10.882,0.15,45
10.883,0.15,45
10.884,0.15,45
10.885,0.15,45
10.886,0.15,45
10.887,0.15,45
10.888,0.15,45
10.889,0.15,45
10.89,0.15,45
10.891,0.15,45
10.892,0.15,45
10.893,0.15,45
10.894,0.15,45
10.895,0.15,45
10.896,0.15,45
10.897,0.15,45
10.898,0.15,45
10.899,0.15,45
10.9,0.15,45
10.901,0.15,45
10.902,0.15,45
10.903,0.15,45
10.904,0.15,45
10.905,0.15,45
10.906,0.15,45
10.907,0.15,45
10.908,0.15,45
10.909,0.15,45
10.91,0.15,45
10.911,0.15,45
10.912,0.15,45
10.913,0.15,45
10.914,0.15,45
10.915,0.15,45
10.916,0.15,45
10.917,0.15,45
10.918,0.15,45
10.919,0.15,45
10.92,0.15,45
10.921,0.15,45
10.922,0.15,45
10.923,0.15,45
10.924,0.15,45
10.925,0.15,45
10.926,0.15,45
10.927,0.15,45
10.928,0.15,45
10.929,0.15,45
10.93,0.15,45
10.931,0.15,45
10.932,0.15,45
10.933,0.15,45
10.934,0.15,45
10.935,0.15,45
10.936,0.15,45
10.937,0.15,45
10.938,0.15,45
10.939,0.15,45
10.94,0.15,45
10.941,0.15,45
10.942,0.15,45
10.943,0.15,45
10.944,0.15,45
10.945,0.15,45
10.946,0.15,45
10.947,0.15,45
10.948,0.15,45
10.949,0.15,45
10.95,0.15,45
10.951,0.15,45
10.952,0.15,45
10.953,0.15,45
10.954,0.15,45
10.955,0.15,45
10.956,0.15,45
10.957,0.15,45
10.958,0.15,45
10.959,0.15,45
10.96,0.15,45
10.961,0.15,45
10.962,0.15,45
10.963,0.15,45
10.964,0.15,45
10.965,0.15,45
10.966,0.15,45
10.967,0.15,45
10.968,0.15,45
10.969,0.15,45
10.97,0.15,45
10.971,0.15,45
10.972,0.15,45
10.973,0.15,45
10.974,0.15,45
10.975,0.15,45
10.976,0.15,45
10.977,0.15,45
10.978,0.15,45
10.979,0.15,45
10.98,0.15,45
10.981,0.15,45
10.982,0.15,45
10.983,0.15,45
10.984,0.15,45
10.985,0.15,45
10.986,0.15,45
10.987,0.15,45
10.988,0.15,45
10.989,0.15,45
10.99,0.15,45
10.991,0.15,45
10.992,0.15,45
10.993,0.15,45
10.994,0.15,45
10.995,0.15,45
10.996,0.15,45
10.997,0.15,45
10.998,0.15,45
10.999,0.15,45
11,0.15,45
11.001,0.15,45
11.002,0.15,45
11.003,0.15,45
11.004,0.15,45
11.005,0.15,45
11.006,0.15,45
11.007,0.15,45
11.008,0.15,45
11.009,0.15,45
11.01,0.15,45
11.011,0.15,45
11.012,0.15,45
11.013,0.15,45
11.014,0.15,45
11.015,0.15,45
11.016,0.15,45
11.017,0.15,45
11.018,0.15,45
11.019,0.15,45
11.02,0.15,45
11.021,0.15,45
11.022,0.15,45
11.023,0.15,45
11.024,0.15,45
11.025,0.15,45
11.026,0.15,45
11.027,0.15,45
11.028,0.15,45
11.029,0.15,45
11.03,0.15,45
11.031,0.15,45
11.032,0.15,45
11.033,0.15,45
11.034,0.15,45
11.035,0.15,45
11.036,0.15,45
11.037,0.15,45
11.038,0.15,45
11.039,0.15,45
11.04,0.15,45
11.041,0.15,45
11.042,0.15,45
11.043,0.15,45
11.044,0.15,45
11.045,0.15,45
11.046,0.15,45
11.047,0.15,45
11.048,0.15,45
11.049,0.15,45
11.05,0.15,45
11.051,0.15,45
11.052,0.15,45
11.053,0.15,45
11.054,0.15,45
11.055,0.15,45
11.056,0.15,45
11.057,0.15,45
11.058,0.15,45
11.059,0.15,45
11.06,0.15,45
11.061,0.15,45
11.062,0.15,45
11.063,0.15,45
11.064,0.15,45
11.065,0.15,45
11.066,0.15,45
11.067,0.15,45
11.068,0.15,45
11.069,0.15,45
11.07,0.15,45
11.071,0.15,45
11.072,0.15,45
11.073,0.15,45
11.074,0.15,45
11.075,0.15,45
11.076,0.15,45
11.077,0.15,45
11.078,0.15,45
11.079,0.15,45
11.08,0.15,45
11.081,0.15,45
11.082,0.15,45
11.083,0.15,45
11.084,0.15,45
11.085,0.15,45
11.086,0.15,45
11.087,0.15,45
11.088,0.15,45
11.089,0.15,45
11.09,0.15,45
11.091,0.15,45
11.092,0.15,45
11.093,0.15,45
11.094,0.15,45
11.095,0.15,45
11.096,0.15,45
11.097,0.15,45
11.098,0.15,45
11.099,0.15,45
11.1,0.15,45
11.101,0.15,45
11.102,0.15,45
11.103,0.15,45
11.104,0.15,45
11.105,0.15,45
11.106,0.15,45
11.107,0.15,45
11.108,0.15,45
11.109,0.15,45
11.11,0.15,45
11.111,0.15,45
11.112,0.15,45
11.113,0.15,45
11.114,0.15,45
11.115,0.15,45
11.116,0.15,45
11.117,0.15,45
11.118,0.15,45
11.119,0.15,45
11.12,0.15,45
11.121,0.15,45
11.122,0.15,45
11.123,0.15,45
11.124,0.15,45
11.125,0.15,45
11.126,0.15,45
11.127,0.15,45
11.128,0.15,45
11.129,0.15,45
11.13,0.15,45
11.131,0.15,45
11.132,0.15,45
11.133,0.15,45
11.134,0.15,45
11.135,0.15,45
11.136,0.15,45
11.137,0.15,45
11.138,0.15,45
11.139,0.15,45
11.14,0.15,45
11.141,0.15,45
11.142,0.15,45
11.143,0.15,45
11.144,0.15,45
11.145,0.15,45
11.146,0.15,45
11.147,0.15,45
11.148,0.15,45
11.149,0.15,45
11.15,0.15,45
11.151,0.15,45
11.152,0.15,45
11.153,0.15,45
11.154,0.15,45
11.155,0.15,45
11.156,0.15,45
11.157,0.15,45
11.158,0.15,45
11.159,0.15,45
11.16,0.15,45
11.161,0.15,45
11.162,0.15,45
11.163,0.15,45
11.164,0.15,45
11.165,0.15,45
11.166,0.15,45
11.167,0.15,45
11.168,0.15,45
11.169,0.15,45
11.17,0.15,45
11.171,0.15,45
11.172,0.15,45
11.173,0.15,45
11.174,0.15,45
11.175,0.15,45
11.176,0.15,45
11.177,0.15,45
11.178,0.15,45
11.179,0.15,45
11.18,0.15,45
11.181,0.15,45
11.182,0.15,45
11.183,0.15,45
11.184,0.15,45
11.185,0.15,45
11.186,0.15,45
11.187,0.15,45
11.188,0.15,45
11.189,0.15,45
11.19,0.15,45
11.191,0.15,45
11.192,0.15,45
11.193,0.15,45
11.194,0.15,45
11.195,0.15,45
11.196,0.15,45
11.197,0.15,45
11.198,0.15,45
11.199,0.15,45
11.2,0.15,45
11.201,0.15,45
11.202,0.15,45
11.203,0.15,45
11.204,0.15,45
11.205,0.15,45
11.206,0.15,45
11.207,0.15,45
11.208,0.15,45
11.209,0.15,45
11.21,0.15,45
11.211,0.15,45
11.212,0.15,45
11.213,0.15,45
11.214,0.15,45
11.215,0.15,45
11.216,0.15,45
11.217,0.15,45
11.218,0.15,45
11.219,0.15,45
11.22,0.15,45
11.221,0.15,45
11.222,0.15,45
11.223,0.15,45
11.224,0.15,45
11.225,0.15,45
11.226,0.15,45
11.227,0.15,45
11.228,0.15,45
11.229,0.15,45
11.23,0.15,45
11.231,0.15,45
11.232,0.15,45
11.233,0.15,45
11.234,0.15,45
11.235,0.15,45
11.236,0.15,45
11.237,0.15,45
11.238,0.15,45
11.239,0.15,45
11.24,0.15,45
11.241,0.15,45
11.242,0.15,45
11.243,0.15,45
11.244,0.15,45
11.245,0.15,45
11.246,0.15,45
11.247,0.15,45
11.248,0.15,45
11.249,0.15,45
11.25,0.15,45
11.251,0.15,45
11.252,0.15,45
11.253,0.15,45
11.254,0.15,45
11.255,0.15,45
11.256,0.15,45
11.257,0.15,45
11.258,0.15,45
11.259,0.15,45
11.26,0.15,45
11.261,0.15,45
11.262,0.15,45
11.263,0.15,45
11.264,0.15,45
11.265,0.15,45
11.266,0.15,45
11.267,0.15,45
11.268,0.15,45
11.269,0.15,45
11.27,0.15,45
11.271,0.15,45
11.272,0.15,45
11.273,0.15,45
11.274,0.15,45
11.275,0.15,45
11.276,0.15,45
11.277,0.15,45
11.278,0.15,45
11.279,0.15,45
11.28,0.15,45
11.281,0.15,45
11.282,0.15,45
11.283,0.15,45
11.284,0.15,45
11.285,0.15,45
11.286,0.15,45
11.287,0.15,45
11.288,0.15,45
11.289,0.15,45
11.29,0.15,45
11.291,0.15,45
11.292,0.15,45
11.293,0.15,45
11.294,0.15,45
11.295,0.15,45
11.296,0.15,45
11.297,0.15,45
11.298,0.15,45
11.299,0.15,45
11.3,0.15,45
11.301,0.15,45
11.302,0.15,45
11.303,0.15,45
11.304,0.15,45
11.305,0.15,45
11.306,0.15,45
11.307,0.15,45
11.308,0.15,45
11.309,0.15,45
11.31,0.15,45
11.311,0.15,45
11.312,0.15,45
11.313,0.15,45
11.314,0.15,45
11.315,0.15,45
11.316,0.15,45
11.317,0.15,45
11.318,0.15,45
11.319,0.15,45
11.32,0.15,45
11.321,0.15,45
11.322,0.15,45
11.323,0.15,45
11.324,0.15,45
11.325,0.15,45
11.326,0.15,45
11.327,0.15,45
11.328,0.15,45
11.329,0.15,45
11.33,0.15,45
11.331,0.15,45
11.332,0.15,45
11.333,0.15,45
11.334,0.15,45
11.335,0.15,45
11.336,0.15,45
11.337,0.15,45
11.338,0.15,45
11.339,0.15,45
11.34,0.15,45
11.341,0.15,45
11.342,0.15,45
11.343,0.15,45
11.344,0.15,45
11.345,0.15,45
11.346,0.15,45
11.347,0.15,45
11.348,0.15,45
11.349,0.15,45
11.35,0.15,45
11.351,0.15,45
11.352,0.15,45
11.353,0.15,45
11.354,0.15,45
11.355,0.15,45
11.356,0.15,45
11.357,0.15,45
11.358,0.15,45
11.359,0.15,45
11.36,0.15,45
11.361,0.15,45
11.362,0.15,45
11.363,0.15,45
11.364,0.15,45
11.365,0.15,45
11.366,0.15,45
11.367,0.15,45
11.368,0.15,45
11.369,0.15,45
11.37,0.15,45
11.371,0.15,45
11.372,0.15,45
11.373,0.15,45
11.374,0.15,45
11.375,0.15,45
11.376,0.15,45
11.377,0.15,45
11.378,0.15,45
11.379,0.15,45
11.38,0.15,45
11.381,0.15,45
11.382,0.15,45
11.383,0.15,45
11.384,0.15,45
11.385,0.15,45
11.386,0.15,45
11.387,0.15,45
11.388,0.15,45
11.389,0.15,45
11.39,0.15,45
11.391,0.15,45
11.392,0.15,45
11.393,0.15,45
11.394,0.15,45
11.395,0.15,45
11.396,0.15,45
11.397,0.15,45
11.398,0.15,45
11.399,0.15,45
11.4,0.15,45
11.401,0.15,45
11.402,0.15,45
11.403,0.15,45
11.404,0.15,45
11.405,0.15,45
11.406,0.15,45
11.407,0.15,45
11.408,0.15,45
11.409,0.15,45
11.41,0.15,45
11.411,0.15,45
11.412,0.15,45
11.413,0.15,45
11.414,0.15,45
11.415,0.15,45
11.416,0.15,45
11.417,0.15,45
11.418,0.15,45
11.419,0.15,45
11.42,0.15,45
11.421,0.15,45
11.422,0.15,45
11.423,0.15,45
11.424,0.15,45
11.425,0.15,45
11.426,0.15,45
11.427,0.15,45
11.428,0.15,45
11.429,0.15,45
11.43,0.15,45
11.431,0.15,45
11.432,0.15,45
11.433,0.15,45
11.434,0.15,45
11.435,0.15,45
11.436,0.15,45
11.437,0.15,45
11.438,0.15,45
11.439,0.15,45
11.44,0.15,45
11.441,0.15,45
11.442,0.15,45
11.443,0.15,45
11.444,0.15,45
11.445,0.15,45
11.446,0.15,45
11.447,0.15,45
11.448,0.15,45
11.449,0.15,45
11.45,0.15,45
11.451,0.15,45
11.452,0.15,45
11.453,0.15,45
11.454,0.15,45
11.455,0.15,45
11.456,0.15,45
11.457,0.15,45
11.458,0.15,45
11.459,0.15,45
11.46,0.15,45
11.461,0.15,45
11.462,0.15,45
11.463,0.15,45
11.464,0.15,45
11.465,0.15,45
11.466,0.15,45
11.467,0.15,45
11.468,0.15,45
11.469,0.15,45
11.47,0.15,45
11.471,0.15,45
11.472,0.15,45
11.473,0.15,45
11.474,0.15,45
11.475,0.15,45
11.476,0.15,45
11.477,0.15,45
11.478,0.15,45
11.479,0.15,45
11.48,0.15,45
11.481,0.15,45
11.482,0.15,45
11.483,0.15,45
11.484,0.15,45
11.485,0.15,45
11.486,0.15,45
11.487,0.15,45
11.488,0.15,45
11.489,0.15,45
11.49,0.15,45
11.491,0.15,45
11.492,0.15,45
11.493,0.15,45
11.494,0.15,45
11.495,0.15,45
11.496,0.15,45
11.497,0.15,45
11.498,0.15,45
11.499,0.15,45
11.5,0.15,45
11.501,0.15,45
11.502,0.15,45
11.503,0.15,45
11.504,0.15,45
11.505,0.15,45
11.506,0.15,45
11.507,0.15,45
11.508,0.15,45
11.509,0.15,45
11.51,0.15,45
11.511,0.15,45
11.512,0.15,45
11.513,0.15,45
11.514,0.15,45
11.515,0.15,45
11.516,0.15,45
11.517,0.15,45
11.518,0.15,45
11.519,0.15,45
11.52,0.15,45
11.521,0.15,45
11.522,0.15,45
11.523,0.15,45
11.524,0.15,45
11.525,0.15,45
11.526,0.15,45
11.527,0.15,45
11.528,0.15,45
11.529,0.15,45
11.53,0.15,45
11.531,0.15,45
11.532,0.15,45
11.533,0.15,45
11.534,0.15,45
11.535,0.15,45
11.536,0.15,45
11.537,0.15,45
11.538,0.15,45
11.539,0.15,45
11.54,0.15,45
11.541,0.15,45
11.542,0.15,45
11.543,0.15,45
11.544,0.15,45
11.545,0.15,45
11.546,0.15,45
11.547,0.15,45
11.548,0.15,45
11.549,0.15,45
11.55,0.15,45
11.551,0.15,45
11.552,0.15,45
11.553,0.15,45
11.554,0.15,45
11.555,0.15,45
11.556,0.15,45
11.557,0.15,45
11.558,0.15,45
11.559,0.15,45
11.56,0.15,45
11.561,0.15,45
11.562,0.15,45
11.563,0.15,45
11.564,0.15,45
11.565,0.15,45
11.566,0.15,45
11.567,0.15,45
11.568,0.15,45
11.569,0.15,45
11.57,0.15,45
11.571,0.15,45
11.572,0.15,45
11.573,0.15,45
11.574,0.15,45
11.575,0.15,45
11.576,0.15,45
11.577,0.15,45
11.578,0.15,45
11.579,0.15,45
11.58,0.15,45
11.581,0.15,45
11.582,0.15,45
11.583,0.15,45
11.584,0.15,45
11.585,0.15,45
11.586,0.15,45
11.587,0.15,45
11.588,0.15,45
11.589,0.15,45
11.59,0.15,45
11.591,0.15,45
11.592,0.15,45
11.593,0.15,45
11.594,0.15,45
11.595,0.15,45
11.596,0.15,45
11.597,0.15,45
11.598,0.15,45
11.599,0.15,45
11.6,0.15,45
11.601,0.15,45
11.602,0.15,45
11.603,0.15,45
11.604,0.15,45
11.605,0.15,45
11.606,0.15,45
11.607,0.15,45
11.608,0.15,45
11.609,0.15,45
11.61,0.15,45
11.611,0.15,45
11.612,0.15,45
11.613,0.15,45
11.614,0.15,45
11.615,0.15,45
11.616,0.15,45
11.617,0.15,45
11.618,0.15,45
11.619,0.15,45
11.62,0.15,45
11.621,0.15,45
11.622,0.15,45
11.623,0.15,45
11.624,0.15,45
11.625,0.15,45
11.626,0.15,45
11.627,0.15,45
11.628,0.15,45
11.629,0.15,45
11.63,0.15,45
11.631,0.15,45
11.632,0.15,45
11.633,0.15,45
11.634,0.15,45
11.635,0.15,45
11.636,0.15,45
11.637,0.15,45
11.638,0.15,45
11.639,0.15,45
11.64,0.15,45
11.641,0.15,45
11.642,0.15,45
11.643,0.15,45
11.644,0.15,45
11.645,0.15,45
11.646,0.15,45
11.647,0.15,45
11.648,0.15,45
11.649,0.15,45
11.65,0.15,45
11.651,0.15,45
11.652,0.15,45
11.653,0.15,45
11.654,0.15,45
11.655,0.15,45
11.656,0.15,45
11.657,0.15,45
11.658,0.15,45
11.659,0.15,45
11.66,0.15,45
11.661,0.15,45
11.662,0.15,45
11.663,0.15,45
11.664,0.15,45
11.665,0.15,45
11.666,0.15,45
11.667,0.15,45
11.668,0.15,45
11.669,0.15,45
11.67,0.15,45
11.671,0.15,45
11.672,0.15,45
11.673,0.15,45
11.674,0.15,45
11.675,0.15,45
11.676,0.15,45
11.677,0.15,45
11.678,0.15,45
11.679,0.15,45
11.68,0.15,45
11.681,0.15,45
11.682,0.15,45
11.683,0.15,45
11.684,0.15,45
11.685,0.15,45
11.686,0.15,45
11.687,0.15,45
11.688,0.15,45
11.689,0.15,45
11.69,0.15,45
11.691,0.15,45
11.692,0.15,45
11.693,0.15,45
11.694,0.15,45
11.695,0.15,45
11.696,0.15,45
11.697,0.15,45
11.698,0.15,45
11.699,0.15,45
11.7,0.15,45
11.701,0.15,45
11.702,0.15,45
11.703,0.15,45
11.704,0.15,45
11.705,0.15,45
11.706,0.15,45
11.707,0.15,45
11.708,0.15,45
11.709,0.15,45
11.71,0.15,45
11.711,0.15,45
11.712,0.15,45
11.713,0.15,45
11.714,0.15,45
11.715,0.15,45
11.716,0.15,45
11.717,0.15,45
11.718,0.15,45
11.719,0.15,45
11.72,0.15,45
11.721,0.15,45
11.722,0.15,45
11.723,0.15,45
11.724,0.15,45
11.725,0.15,45
11.726,0.15,45
11.727,0.15,45
11.728,0.15,45
11.729,0.15,45
11.73,0.15,45
11.731,0.15,45
11.732,0.15,45
11.733,0.15,45
11.734,0.15,45
11.735,0.15,45
11.736,0.15,45
11.737,0.15,45
11.738,0.15,45
11.739,0.15,45
11.74,0.15,45
11.741,0.15,45
11.742,0.15,45
11.743,0.15,45
11.744,0.15,45
11.745,0.15,45
11.746,0.15,45
11.747,0.15,45
11.748,0.15,45
11.749,0.15,45
11.75,0.15,45
11.751,0.15,45
11.752,0.15,45
11.753,0.15,45
11.754,0.15,45
11.755,0.15,45
11.756,0.15,45
11.757,0.15,45
11.758,0.15,45
11.759,0.15,45
11.76,0.15,45
11.761,0.15,45
11.762,0.15,45
11.763,0.15,45
11.764,0.15,45
11.765,0.15,45
11.766,0.15,45
11.767,0.15,45
11.768,0.15,45
11.769,0.15,45
11.77,0.15,45
11.771,0.15,45
11.772,0.15,45
11.773,0.15,45
11.774,0.15,45
11.775,0.15,45
11.776,0.15,45
11.777,0.15,45
11.778,0.15,45
11.779,0.15,45
11.78,0.15,45
11.781,0.15,45
11.782,0.15,45
11.783,0.15,45
11.784,0.15,45
11.785,0.15,45
11.786,0.15,45
11.787,0.15,45
11.788,0.15,45
11.789,0.15,45
11.79,0.15,45
11.791,0.15,45
11.792,0.15,45
11.793,0.15,45
11.794,0.15,45
11.795,0.15,45
11.796,0.15,45
11.797,0.15,45
11.798,0.15,45
11.799,0.15,45
11.8,0.15,45
11.801,0.15,45
11.802,0.15,45
11.803,0.15,45
11.804,0.15,45
11.805,0.15,45
11.806,0.15,45
11.807,0.15,45
11.808,0.15,45
11.809,0.15,45
11.81,0.15,45
11.811,0.15,45
11.812,0.15,45
11.813,0.15,45
11.814,0.15,45
11.815,0.15,45
11.816,0.15,45
11.817,0.15,45
11.818,0.15,45
11.819,0.15,45
11.82,0.15,45
11.821,0.15,45
11.822,0.15,45
11.823,0.15,45
11.824,0.15,45
11.825,0.15,45
11.826,0.15,45
11.827,0.15,45
11.828,0.15,45
11.829,0.15,45
11.83,0.15,45
11.831,0.15,45
11.832,0.15,45
11.833,0.15,45
11.834,0.15,45
11.835,0.15,45
11.836,0.15,45
11.837,0.15,45
11.838,0.15,45
11.839,0.15,45
11.84,0.15,45
11.841,0.15,45
11.842,0.15,45
11.843,0.15,45
11.844,0.15,45
11.845,0.15,45
11.846,0.15,45
11.847,0.15,45
11.848,0.15,45
11.849,0.15,45
11.85,0.15,45
11.851,0.15,45
11.852,0.15,45
11.853,0.15,45
11.854,0.15,45
11.855,0.15,45
11.856,0.15,45
11.857,0.15,45
11.858,0.15,45
11.859,0.15,45
11.86,0.15,45
11.861,0.15,45
11.862,0.15,45
11.863,0.15,45
11.864,0.15,45
11.865,0.15,45
11.866,0.15,45
11.867,0.15,45
11.868,0.15,45
11.869,0.15,45
11.87,0.15,45
11.871,0.15,45
11.872,0.15,45
11.873,0.15,45
11.874,0.15,45
11.875,0.15,45
11.876,0.15,45
11.877,0.15,45
11.878,0.15,45
11.879,0.15,45
11.88,0.15,45
11.881,0.15,45
11.882,0.15,45
11.883,0.15,45
11.884,0.15,45
11.885,0.15,45
11.886,0.15,45
11.887,0.15,45
11.888,0.15,45
11.889,0.15,45
11.89,0.15,45
11.891,0.15,45
11.892,0.15,45
11.893,0.15,45
11.894,0.15,45
11.895,0.15,45
11.896,0.15,45
11.897,0.15,45
11.898,0.15,45
11.899,0.15,45
11.9,0.15,45
11.901,0.15,45
11.902,0.15,45
11.903,0.15,45
11.904,0.15,45
11.905,0.15,45
11.906,0.15,45
11.907,0.15,45
11.908,0.15,45
11.909,0.15,45
11.91,0.15,45
11.911,0.15,45
11.912,0.15,45
11.913,0.15,45
11.914,0.15,45
11.915,0.15,45
11.916,0.15,45
11.917,0.15,45
11.918,0.15,45
11.919,0.15,45
11.92,0.15,45
11.921,0.15,45
11.922,0.15,45
11.923,0.15,45
11.924,0.15,45
11.925,0.15,45
11.926,0.15,45
11.927,0.15,45
11.928,0.15,45
11.929,0.15,45
11.93,0.15,45
11.931,0.15,45
11.932,0.15,45
11.933,0.15,45
11.934,0.15,45
11.935,0.15,45
11.936,0.15,45
11.937,0.15,45
11.938,0.15,45
11.939,0.15,45
11.94,0.15,45
11.941,0.15,45
11.942,0.15,45
11.943,0.15,45
11.944,0.15,45
11.945,0.15,45
11.946,0.15,45
11.947,0.15,45
11.948,0.15,45
11.949,0.15,45
11.95,0.15,45
11.951,0.15,45
11.952,0.15,45
11.953,0.15,45
11.954,0.15,45
11.955,0.15,45
11.956,0.15,45
11.957,0.15,45
11.958,0.15,45
11.959,0.15,45
11.96,0.15,45
11.961,0.15,45
11.962,0.15,45
11.963,0.15,45
11.964,0.15,45
11.965,0.15,45
11.966,0.15,45
11.967,0.15,45
11.968,0.15,45
11.969,0.15,45
11.97,0.15,45
11.971,0.15,45
11.972,0.15,45
11.973,0.15,45
11.974,0.15,45
11.975,0.15,45
11.976,0.15,45
11.977,0.15,45
11.978,0.15,45
11.979,0.15,45
11.98,0.15,45
11.981,0.15,45
11.982,0.15,45
11.983,0.15,45
11.984,0.15,45
11.985,0.15,45
11.986,0.15,45
11.987,0.15,45
11.988,0.15,45
11.989,0.15,45
11.99,0.15,45
11.991,0.15,45
11.992,0.15,45
11.993,0.15,45
11.994,0.15,45
11.995,0.15,45
11.996,0.15,45
11.997,0.15,45
11.998,0.15,45
11.999,0.15,45
12,0.15,45
12.001,0.15,45
12.002,0.15,45
12.003,0.15,45
12.004,0.15,45
12.005,0.15,45
12.006,0.15,45
12.007,0.15,45
12.008,0.15,45
12.009,0.15,45
12.01,0.15,45
12.011,0.15,45
12.012,0.15,45
12.013,0.15,45
12.014,0.15,45
12.015,0.15,45
12.016,0.15,45
12.017,0.15,45
12.018,0.15,45
12.019,0.15,45
12.02,0.15,45
12.021,0.15,45
12.022,0.15,45
12.023,0.15,45
12.024,0.15,45
12.025,0.15,45
12.026,0.15,45
12.027,0.15,45
12.028,0.15,45
12.029,0.15,45
12.03,0.15,45
12.031,0.15,45
12.032,0.15,45
12.033,0.15,45
12.034,0.15,45
12.035,0.15,45
12.036,0.15,45
12.037,0.15,45
12.038,0.15,45
12.039,0.15,45
12.04,0.15,45
12.041,0.15,45
12.042,0.15,45
12.043,0.15,45
12.044,0.15,45
12.045,0.15,45
12.046,0.15,45
12.047,0.15,45
12.048,0.15,45
12.049,0.15,45
12.05,0.15,45
12.051,0.15,45
12.052,0.15,45
12.053,0.15,45
12.054,0.15,45
12.055,0.15,45
12.056,0.15,45
12.057,0.15,45
12.058,0.15,45
12.059,0.15,45
12.06,0.15,45
12.061,0.15,45
12.062,0.15,45
12.063,0.15,45
12.064,0.15,45
12.065,0.15,45
12.066,0.15,45
12.067,0.15,45
12.068,0.15,45
12.069,0.15,45
12.07,0.15,45
12.071,0.15,45
12.072,0.15,45
12.073,0.15,45
12.074,0.15,45
12.075,0.15,45
12.076,0.15,45
12.077,0.15,45
12.078,0.15,45
12.079,0.15,45
12.08,0.15,45
12.081,0.15,45
12.082,0.15,45
12.083,0.15,45
12.084,0.15,45
12.085,0.15,45
12.086,0.15,45
12.087,0.15,45
12.088,0.15,45
12.089,0.15,45
12.09,0.15,45
12.091,0.15,45
12.092,0.15,45
12.093,0.15,45
12.094,0.15,45
12.095,0.15,45
12.096,0.15,45
12.097,0.15,45
12.098,0.15,45
12.099,0.15,45
12.1,0.15,45
12.101,0.15,45
12.102,0.15,45
12.103,0.15,45
12.104,0.15,45
12.105,0.15,45
12.106,0.15,45
12.107,0.15,45
12.108,0.15,45
12.109,0.15,45
12.11,0.15,45
12.111,0.15,45
12.112,0.15,45
12.113,0.15,45
12.114,0.15,45
12.115,0.15,45
12.116,0.15,45
12.117,0.15,45
12.118,0.15,45
12.119,0.15,45
12.12,0.15,45
12.121,0.15,45
12.122,0.15,45
12.123,0.15,45
12.124,0.15,45
12.125,0.15,45
12.126,0.15,45
12.127,0.15,45
12.128,0.15,45
12.129,0.15,45
12.13,0.15,45
12.131,0.15,45
12.132,0.15,45
12.133,0.15,45
12.134,0.15,45
12.135,0.15,45
12.136,0.15,45
12.137,0.15,45
12.138,0.15,45
12.139,0.15,45
12.14,0.15,45
12.141,0.15,45
12.142,0.15,45
12.143,0.15,45
12.144,0.15,45
12.145,0.15,45
12.146,0.15,45
12.147,0.15,45
12.148,0.15,45
12.149,0.15,45
12.15,0.15,45
12.151,0.15,45
12.152,0.15,45
12.153,0.15,45
12.154,0.15,45
12.155,0.15,45
12.156,0.15,45
12.157,0.15,45
12.158,0.15,45
12.159,0.15,45
12.16,0.15,45
12.161,0.15,45
12.162,0.15,45
12.163,0.15,45
12.164,0.15,45
12.165,0.15,45
12.166,0.15,45
12.167,0.15,45
12.168,0.15,45
12.169,0.15,45
12.17,0.15,45
12.171,0.15,45
12.172,0.15,45
12.173,0.15,45
12.174,0.15,45
12.175,0.15,45
12.176,0.15,45
12.177,0.15,45
12.178,0.15,45
12.179,0.15,45
12.18,0.15,45
12.181,0.15,45
12.182,0.15,45
12.183,0.15,45
12.184,0.15,45
12.185,0.15,45
12.186,0.15,45
12.187,0.15,45
12.188,0.15,45
12.189,0.15,45
12.19,0.15,45
12.191,0.15,45
12.192,0.15,45
12.193,0.15,45
12.194,0.15,45
12.195,0.15,45
12.196,0.15,45
12.197,0.15,45
12.198,0.15,45
12.199,0.15,45
12.2,0.15,45
12.201,0.15,45
12.202,0.15,45
12.203,0.15,45
12.204,0.15,45
12.205,0.15,45
12.206,0.15,45
12.207,0.15,45
12.208,0.15,45
12.209,0.15,45
12.21,0.15,45
12.211,0.15,45
12.212,0.15,45
12.213,0.15,45
12.214,0.15,45
12.215,0.15,45
12.216,0.15,45
12.217,0.15,45
12.218,0.15,45
12.219,0.15,45
12.22,0.15,45
12.221,0.15,45
12.222,0.15,45
12.223,0.15,45
12.224,0.15,45
12.225,0.15,45
12.226,0.15,45
12.227,0.15,45
12.228,0.15,45
12.229,0.15,45
12.23,0.15,45
12.231,0.15,45
12.232,0.15,45
12.233,0.15,45
12.234,0.15,45
12.235,0.15,45
12.236,0.15,45
12.237,0.15,45
12.238,0.15,45
12.239,0.15,45
12.24,0.15,45
12.241,0.15,45
12.242,0.15,45
12.243,0.15,45
12.244,0.15,45
12.245,0.15,45
12.246,0.15,45
12.247,0.15,45
12.248,0.15,45
12.249,0.15,45
12.25,0.15,45
12.251,0.15,45
12.252,0.15,45
12.253,0.15,45
12.254,0.15,45
12.255,0.15,45
12.256,0.15,45
12.257,0.15,45
12.258,0.15,45
12.259,0.15,45
12.26,0.15,45
12.261,0.15,45
12.262,0.15,45
12.263,0.15,45
12.264,0.15,45
12.265,0.15,45
12.266,0.15,45
12.267,0.15,45
12.268,0.15,45
12.269,0.15,45
12.27,0.15,45
12.271,0.15,45
12.272,0.15,45
12.273,0.15,45
12.274,0.15,45
12.275,0.15,45
12.276,0.15,45
12.277,0.15,45
12.278,0.15,45
12.279,0.15,45
12.28,0.15,45
12.281,0.15,45
12.282,0.15,45
12.283,0.15,45
12.284,0.15,45
12.285,0.15,45
12.286,0.15,45
12.287,0.15,45
12.288,0.15,45
12.289,0.15,45
12.29,0.15,45
12.291,0.15,45
12.292,0.15,45
12.293,0.15,45
12.294,0.15,45
12.295,0.15,45
12.296,0.15,45
12.297,0.15,45
12.298,0.15,45
12.299,0.15,45
12.3,0.15,45
12.301,0.15,45
12.302,0.15,45
12.303,0.15,45
12.304,0.15,45
12.305,0.15,45
12.306,0.15,45
12.307,0.15,45
12.308,0.15,45
12.309,0.15,45
12.31,0.15,45
12.311,0.15,45
12.312,0.15,45
12.313,0.15,45
12.314,0.15,45
12.315,0.15,45
12.316,0.15,45
12.317,0.15,45
12.318,0.15,45
12.319,0.15,45
12.32,0.15,45
12.321,0.15,45
12.322,0.15,45
12.323,0.15,45
12.324,0.15,45
12.325,0.15,45
12.326,0.15,45
12.327,0.15,45
12.328,0.15,45
12.329,0.15,45
12.33,0.15,45
12.331,0.15,45
12.332,0.15,45
12.333,0.15,45
12.334,0.15,45
12.335,0.15,45
12.336,0.15,45
12.337,0.15,45
12.338,0.15,45
12.339,0.15,45
12.34,0.15,45
12.341,0.15,45
12.342,0.15,45
12.343,0.15,45
12.344,0.15,45
12.345,0.15,45
12.346,0.15,45
12.347,0.15,45
12.348,0.15,45
12.349,0.15,45
12.35,0.15,45
12.351,0.15,45
12.352,0.15,45
12.353,0.15,45
12.354,0.15,45
12.355,0.15,45
12.356,0.15,45
12.357,0.15,45
12.358,0.15,45
12.359,0.15,45
12.36,0.15,45
12.361,0.15,45
12.362,0.15,45
12.363,0.15,45
12.364,0.15,45
12.365,0.15,45
12.366,0.15,45
12.367,0.15,45
12.368,0.15,45
12.369,0.15,45
12.37,0.15,45
12.371,0.15,45
12.372,0.15,45
12.373,0.15,45
12.374,0.15,45
12.375,0.15,45
12.376,0.15,45
12.377,0.15,45
12.378,0.15,45
12.379,0.15,45
12.38,0.15,45
12.381,0.15,45
12.382,0.15,45
12.383,0.15,45
12.384,0.15,45
12.385,0.15,45
12.386,0.15,45
12.387,0.15,45
12.388,0.15,45
12.389,0.15,45
12.39,0.15,45
12.391,0.15,45
12.392,0.15,45
12.393,0.15,45
12.394,0.15,45
12.395,0.15,45
12.396,0.15,45
12.397,0.15,45
12.398,0.15,45
12.399,0.15,45
12.4,0.15,45
12.401,0.15,45
12.402,0.15,45
12.403,0.15,45
12.404,0.15,45
12.405,0.15,45
12.406,0.15,45
12.407,0.15,45
12.408,0.15,45
12.409,0.15,45
12.41,0.15,45
12.411,0.15,45
12.412,0.15,45
12.413,0.15,45
12.414,0.15,45
12.415,0.15,45
12.416,0.15,45
12.417,0.15,45
12.418,0.15,45
12.419,0.15,45
12.42,0.15,45
12.421,0.15,45
12.422,0.15,45
12.423,0.15,45
12.424,0.15,45
12.425,0.15,45
12.426,0.15,45
12.427,0.15,45
12.428,0.15,45
12.429,0.15,45
12.43,0.15,45
12.431,0.15,45
12.432,0.15,45
12.433,0.15,45
12.434,0.15,45
12.435,0.15,45
12.436,0.15,45
12.437,0.15,45
12.438,0.15,45
12.439,0.15,45
12.44,0.15,45
12.441,0.15,45
12.442,0.15,45
12.443,0.15,45
12.444,0.15,45
12.445,0.15,45
12.446,0.15,45
12.447,0.15,45
12.448,0.15,45
12.449,0.15,45
12.45,0.15,45
12.451,0.15,45
12.452,0.15,45
12.453,0.15,45
12.454,0.15,45
12.455,0.15,45
12.456,0.15,45
12.457,0.15,45
12.458,0.15,45
12.459,0.15,45
12.46,0.15,45
12.461,0.15,45
12.462,0.15,45
12.463,0.15,45
12.464,0.15,45
12.465,0.15,45
12.466,0.15,45
12.467,0.15,45
12.468,0.15,45
12.469,0.15,45
12.47,0.15,45
12.471,0.15,45
12.472,0.15,45
12.473,0.15,45
12.474,0.15,45
12.475,0.15,45
12.476,0.15,45
12.477,0.15,45
12.478,0.15,45
12.479,0.15,45
12.48,0.15,45
12.481,0.15,45
12.482,0.15,45
12.483,0.15,45
12.484,0.15,45
12.485,0.15,45
12.486,0.15,45
12.487,0.15,45
12.488,0.15,45
12.489,0.15,45
12.49,0.15,45
12.491,0.15,45
12.492,0.15,45
12.493,0.15,45
12.494,0.15,45
12.495,0.15,45
12.496,0.15,45
12.497,0.15,45
12.498,0.15,45
12.499,0.15,45
12.5,0.15,45
12.501,0.15,45
12.502,0.15,45
12.503,0.15,45
12.504,0.15,45
12.505,0.15,45
12.506,0.15,45
12.507,0.15,45
12.508,0.15,45
12.509,0.15,45
12.51,0.15,45
12.511,0.15,45
12.512,0.15,45
12.513,0.15,45
12.514,0.15,45
12.515,0.15,45
12.516,0.15,45
12.517,0.15,45
12.518,0.15,45
12.519,0.15,45
12.52,0.15,45
12.521,0.15,45
12.522,0.15,45
12.523,0.15,45
12.524,0.15,45
12.525,0.15,45
12.526,0.15,45
12.527,0.15,45
12.528,0.15,45
12.529,0.15,45
12.53,0.15,45
12.531,0.15,45
12.532,0.15,45
12.533,0.15,45
12.534,0.15,45
12.535,0.15,45
12.536,0.15,45
12.537,0.15,45
12.538,0.15,45
12.539,0.15,45
12.54,0.15,45
12.541,0.15,45
12.542,0.15,45
12.543,0.15,45
12.544,0.15,45
12.545,0.15,45
12.546,0.15,45
12.547,0.15,45
12.548,0.15,45
12.549,0.15,45
12.55,0.15,45
12.551,0.15,45
12.552,0.15,45
12.553,0.15,45
12.554,0.15,45
12.555,0.15,45
12.556,0.15,45
12.557,0.15,45
12.558,0.15,45
12.559,0.15,45
12.56,0.15,45
12.561,0.15,45
12.562,0.15,45
12.563,0.15,45
12.564,0.15,45
12.565,0.15,45
12.566,0.15,45
12.567,0.15,45
12.568,0.15,45
12.569,0.15,45
12.57,0.15,45
12.571,0.15,45
12.572,0.15,45
12.573,0.15,45
12.574,0.15,45
12.575,0.15,45
12.576,0.15,45
12.577,0.15,45
12.578,0.15,45
12.579,0.15,45
12.58,0.15,45
12.581,0.15,45
12.582,0.15,45
12.583,0.15,45
12.584,0.15,45
12.585,0.15,45
12.586,0.15,45
12.587,0.15,45
12.588,0.15,45
12.589,0.15,45
12.59,0.15,45
12.591,0.15,45
12.592,0.15,45
12.593,0.15,45
12.594,0.15,45
12.595,0.15,45
12.596,0.15,45
12.597,0.15,45
12.598,0.15,45
12.599,0.15,45
12.6,0.15,45
12.601,0.15,45
12.602,0.15,45
12.603,0.15,45
12.604,0.15,45
12.605,0.15,45
12.606,0.15,45
12.607,0.15,45
12.608,0.15,45
12.609,0.15,45
12.61,0.15,45
12.611,0.15,45
12.612,0.15,45
12.613,0.15,45
12.614,0.15,45
12.615,0.15,45
12.616,0.15,45
12.617,0.15,45
12.618,0.15,45
12.619,0.15,45
12.62,0.15,45
12.621,0.15,45
12.622,0.15,45
12.623,0.15,45
12.624,0.15,45
12.625,0.15,45
12.626,0.15,45
12.627,0.15,45
12.628,0.15,45
12.629,0.15,45
12.63,0.15,45
12.631,0.15,45
12.632,0.15,45
12.633,0.15,45
12.634,0.15,45
12.635,0.15,45
12.636,0.15,45
12.637,0.15,45
12.638,0.15,45
12.639,0.15,45
12.64,0.15,45
12.641,0.15,45
12.642,0.15,45
12.643,0.15,45
12.644,0.15,45
12.645,0.15,45
12.646,0.15,45
12.647,0.15,45
12.648,0.15,45
12.649,0.15,45
12.65,0.15,45
12.651,0.15,45
12.652,0.15,45
12.653,0.15,45
12.654,0.15,45
12.655,0.15,45
12.656,0.15,45
12.657,0.15,45
12.658,0.15,45
12.659,0.15,45
12.66,0.15,45
12.661,0.15,45
12.662,0.15,45
12.663,0.15,45
12.664,0.15,45
12.665,0.15,45
12.666,0.15,45
12.667,0.15,45
12.668,0.15,45
12.669,0.15,45
12.67,0.15,45
12.671,0.15,45
12.672,0.15,45
12.673,0.15,45
12.674,0.15,45
12.675,0.15,45
12.676,0.15,45
12.677,0.15,45
12.678,0.15,45
12.679,0.15,45
12.68,0.15,45
12.681,0.15,45
12.682,0.15,45
12.683,0.15,45
12.684,0.15,45
12.685,0.15,45
12.686,0.15,45
12.687,0.15,45
12.688,0.15,45
12.689,0.15,45
12.69,0.15,45
12.691,0.15,45
12.692,0.15,45
12.693,0.15,45
12.694,0.15,45
12.695,0.15,45
12.696,0.15,45
12.697,0.15,45
12.698,0.15,45
12.699,0.15,45
12.7,0.15,45
12.701,0.15,45
12.702,0.15,45
12.703,0.15,45
12.704,0.15,45
12.705,0.15,45
12.706,0.15,45
12.707,0.15,45
12.708,0.15,45
12.709,0.15,45
12.71,0.15,45
12.711,0.15,45
12.712,0.15,45
12.713,0.15,45
12.714,0.15,45
12.715,0.15,45
12.716,0.15,45
12.717,0.15,45
12.718,0.15,45
12.719,0.15,45
12.72,0.15,45
12.721,0.15,45
12.722,0.15,45
12.723,0.15,45
12.724,0.15,45
12.725,0.15,45
12.726,0.15,45
12.727,0.15,45
12.728,0.15,45
12.729,0.15,45
12.73,0.15,45
12.731,0.15,45
12.732,0.15,45
12.733,0.15,45
12.734,0.15,45
12.735,0.15,45
12.736,0.15,45
12.737,0.15,45
12.738,0.15,45
12.739,0.15,45
12.74,0.15,45
12.741,0.15,45
12.742,0.15,45
12.743,0.15,45
12.744,0.15,45
12.745,0.15,45
12.746,0.15,45
12.747,0.15,45
12.748,0.15,45
12.749,0.15,45
12.75,0.15,45
12.751,0.15,45
12.752,0.15,45
12.753,0.15,45
12.754,0.15,45
12.755,0.15,45
12.756,0.15,45
12.757,0.15,45
12.758,0.15,45
12.759,0.15,45
12.76,0.15,45
12.761,0.15,45
12.762,0.15,45
12.763,0.15,45
12.764,0.15,45
12.765,0.15,45
12.766,0.15,45
12.767,0.15,45
12.768,0.15,45
12.769,0.15,45
12.77,0.15,45
12.771,0.15,45
12.772,0.15,45
12.773,0.15,45
12.774,0.15,45
12.775,0.15,45
12.776,0.15,45
12.777,0.15,45
12.778,0.15,45
12.779,0.15,45
12.78,0.15,45
12.781,0.15,45
12.782,0.15,45
12.783,0.15,45
12.784,0.15,45
12.785,0.15,45
12.786,0.15,45
12.787,0.15,45
12.788,0.15,45
12.789,0.15,45
12.79,0.15,45
12.791,0.15,45
12.792,0.15,45
12.793,0.15,45
12.794,0.15,45
12.795,0.15,45
12.796,0.15,45
12.797,0.15,45
12.798,0.15,45
12.799,0.15,45
12.8,0.15,45
12.801,0.15,45
12.802,0.15,45
12.803,0.15,45
12.804,0.15,45
12.805,0.15,45
12.806,0.15,45
12.807,0.15,45
12.808,0.15,45
12.809,0.15,45
12.81,0.15,45
12.811,0.15,45
12.812,0.15,45
12.813,0.15,45
12.814,0.15,45
12.815,0.15,45
12.816,0.15,45
12.817,0.15,45
12.818,0.15,45
12.819,0.15,45
12.82,0.15,45
12.821,0.15,45
12.822,0.15,45
12.823,0.15,45
12.824,0.15,45
12.825,0.15,45
12.826,0.15,45
12.827,0.15,45
12.828,0.15,45
12.829,0.15,45
12.83,0.15,45
12.831,0.15,45
12.832,0.15,45
12.833,0.15,45
12.834,0.15,45
12.835,0.15,45
12.836,0.15,45
12.837,0.15,45
12.838,0.15,45
12.839,0.15,45
12.84,0.15,45
12.841,0.15,45
12.842,0.15,45
12.843,0.15,45
12.844,0.15,45
12.845,0.15,45
12.846,0.15,45
12.847,0.15,45
12.848,0.15,45
12.849,0.15,45
12.85,0.15,45
12.851,0.15,45
12.852,0.15,45
12.853,0.15,45
12.854,0.15,45
12.855,0.15,45
12.856,0.15,45
12.857,0.15,45
12.858,0.15,45
12.859,0.15,45
12.86,0.15,45
12.861,0.15,45
12.862,0.15,45
12.863,0.15,45
12.864,0.15,45
12.865,0.15,45
12.866,0.15,45
12.867,0.15,45
12.868,0.15,45
12.869,0.15,45
12.87,0.15,45
12.871,0.15,45
12.872,0.15,45
12.873,0.15,45
12.874,0.15,45
12.875,0.15,45
12.876,0.15,45
12.877,0.15,45
12.878,0.15,45
12.879,0.15,45
12.88,0.15,45
12.881,0.15,45
12.882,0.15,45
12.883,0.15,45
12.884,0.15,45
12.885,0.15,45
12.886,0.15,45
12.887,0.15,45
12.888,0.15,45
12.889,0.15,45
12.89,0.15,45
12.891,0.15,45
12.892,0.15,45
12.893,0.15,45
12.894,0.15,45
12.895,0.15,45
12.896,0.15,45
12.897,0.15,45
12.898,0.15,45
12.899,0.15,45
12.9,0.15,45
12.901,0.15,45
12.902,0.15,45
12.903,0.15,45
12.904,0.15,45
12.905,0.15,45
12.906,0.15,45
12.907,0.15,45
12.908,0.15,45
12.909,0.15,45
12.91,0.15,45
12.911,0.15,45
12.912,0.15,45
12.913,0.15,45
12.914,0.15,45
12.915,0.15,45
12.916,0.15,45
12.917,0.15,45
12.918,0.15,45
12.919,0.15,45
12.92,0.15,45
12.921,0.15,45
12.922,0.15,45
12.923,0.15,45
12.924,0.15,45
12.925,0.15,45
12.926,0.15,45
12.927,0.15,45
12.928,0.15,45
12.929,0.15,45
12.93,0.15,45
12.931,0.15,45
12.932,0.15,45
12.933,0.15,45
12.934,0.15,45
12.935,0.15,45
12.936,0.15,45
12.937,0.15,45
12.938,0.15,45
12.939,0.15,45
12.94,0.15,45
12.941,0.15,45
12.942,0.15,45
12.943,0.15,45
12.944,0.15,45
12.945,0.15,45
12.946,0.15,45
12.947,0.15,45
12.948,0.15,45
12.949,0.15,45
12.95,0.15,45
12.951,0.15,45
12.952,0.15,45
12.953,0.15,45
12.954,0.15,45
12.955,0.15,45
12.956,0.15,45
12.957,0.15,45
12.958,0.15,45
12.959,0.15,45
12.96,0.15,45
12.961,0.15,45
12.962,0.15,45
12.963,0.15,45
12.964,0.15,45
12.965,0.15,45
12.966,0.15,45
12.967,0.15,45
12.968,0.15,45
12.969,0.15,45
12.97,0.15,45
12.971,0.15,45
12.972,0.15,45
12.973,0.15,45
12.974,0.15,45
12.975,0.15,45
12.976,0.15,45
12.977,0.15,45
12.978,0.15,45
12.979,0.15,45
12.98,0.15,45
12.981,0.15,45
12.982,0.15,45
12.983,0.15,45
12.984,0.15,45
12.985,0.15,45
12.986,0.15,45
12.987,0.15,45
12.988,0.15,45
12.989,0.15,45
12.99,0.15,45
12.991,0.15,45
12.992,0.15,45
12.993,0.15,45
12.994,0.15,45
12.995,0.15,45
12.996,0.15,45
12.997,0.15,45
12.998,0.15,45
12.999,0.15,45
13,0.15,45
13.001,0.15,45
13.002,0.15,45
13.003,0.15,45
13.004,0.15,45
13.005,0.15,45
13.006,0.15,45
13.007,0.15,45
13.008,0.15,45
13.009,0.15,45
13.01,0.15,45
13.011,0.15,45
13.012,0.15,45
13.013,0.15,45
13.014,0.15,45
13.015,0.15,45
13.016,0.15,45
13.017,0.15,45
13.018,0.15,45
13.019,0.15,45
13.02,0.15,45
13.021,0.15,45
13.022,0.15,45
13.023,0.15,45
13.024,0.15,45
13.025,0.15,45
13.026,0.15,45
13.027,0.15,45
13.028,0.15,45
13.029,0.15,45
13.03,0.15,45
13.031,0.15,45
13.032,0.15,45
13.033,0.15,45
13.034,0.15,45
13.035,0.15,45
13.036,0.15,45
13.037,0.15,45
13.038,0.15,45
13.039,0.15,45
13.04,0.15,45
13.041,0.15,45
13.042,0.15,45
13.043,0.15,45
13.044,0.15,45
13.045,0.15,45
13.046,0.15,45
13.047,0.15,45
13.048,0.15,45
13.049,0.15,45
13.05,0.15,45
13.051,0.15,45
13.052,0.15,45
13.053,0.15,45
13.054,0.15,45
13.055,0.15,45
13.056,0.15,45
13.057,0.15,45
13.058,0.15,45
13.059,0.15,45
13.06,0.15,45
13.061,0.15,45
13.062,0.15,45
13.063,0.15,45
13.064,0.15,45
13.065,0.15,45
13.066,0.15,45
13.067,0.15,45
13.068,0.15,45
13.069,0.15,45
13.07,0.15,45
13.071,0.15,45
13.072,0.15,45
13.073,0.15,45
13.074,0.15,45
13.075,0.15,45
13.076,0.15,45
13.077,0.15,45
13.078,0.15,45
13.079,0.15,45
13.08,0.15,45
13.081,0.15,45
13.082,0.15,45
13.083,0.15,45
13.084,0.15,45
13.085,0.15,45
13.086,0.15,45
13.087,0.15,45
13.088,0.15,45
13.089,0.15,45
13.09,0.15,45
13.091,0.15,45
13.092,0.15,45
13.093,0.15,45
13.094,0.15,45
13.095,0.15,45
13.096,0.15,45
13.097,0.15,45
13.098,0.15,45
13.099,0.15,45
13.1,0.15,45
13.101,0.15,45
13.102,0.15,45
13.103,0.15,45
13.104,0.15,45
13.105,0.15,45
13.106,0.15,45
13.107,0.15,45
13.108,0.15,45
13.109,0.15,45
13.11,0.15,45
13.111,0.15,45
13.112,0.15,45
13.113,0.15,45
13.114,0.15,45
13.115,0.15,45
13.116,0.15,45
13.117,0.15,45
13.118,0.15,45
13.119,0.15,45
13.12,0.15,45
13.121,0.15,45
13.122,0.15,45
13.123,0.15,45
13.124,0.15,45
13.125,0.15,45
13.126,0.15,45
13.127,0.15,45
13.128,0.15,45
13.129,0.15,45
13.13,0.15,45
13.131,0.15,45
13.132,0.15,45
13.133,0.15,45
13.134,0.15,45
13.135,0.15,45
13.136,0.15,45
13.137,0.15,45
13.138,0.15,45
13.139,0.15,45
13.14,0.15,45
13.141,0.15,45
13.142,0.15,45
13.143,0.15,45
13.144,0.15,45
13.145,0.15,45
13.146,0.15,45
13.147,0.15,45
13.148,0.15,45
13.149,0.15,45
13.15,0.15,45
13.151,0.15,45
13.152,0.15,45
13.153,0.15,45
13.154,0.15,45
13.155,0.15,45
13.156,0.15,45
13.157,0.15,45
13.158,0.15,45
13.159,0.15,45
13.16,0.15,45
13.161,0.15,45
13.162,0.15,45
13.163,0.15,45
13.164,0.15,45
13.165,0.15,45
13.166,0.15,45
13.167,0.15,45
13.168,0.15,45
13.169,0.15,45
13.17,0.15,45
13.171,0.15,45
13.172,0.15,45
13.173,0.15,45
13.174,0.15,45
13.175,0.15,45
13.176,0.15,45
13.177,0.15,45
13.178,0.15,45
13.179,0.15,45
13.18,0.15,45
13.181,0.15,45
13.182,0.15,45
13.183,0.15,45
13.184,0.15,45
13.185,0.15,45
13.186,0.15,45
13.187,0.15,45
13.188,0.15,45
13.189,0.15,45
13.19,0.15,45
13.191,0.15,45
13.192,0.15,45
13.193,0.15,45
13.194,0.15,45
13.195,0.15,45
13.196,0.15,45
13.197,0.15,45
13.198,0.15,45
13.199,0.15,45
13.2,0.15,45
13.201,0.15,45
13.202,0.15,45
13.203,0.15,45
13.204,0.15,45
13.205,0.15,45
13.206,0.15,45
13.207,0.15,45
13.208,0.15,45
13.209,0.15,45
13.21,0.15,45
13.211,0.15,45
13.212,0.15,45
13.213,0.15,45
13.214,0.15,45
13.215,0.15,45
13.216,0.15,45
13.217,0.15,45
13.218,0.15,45
13.219,0.15,45
13.22,0.15,45
13.221,0.15,45
13.222,0.15,45
13.223,0.15,45
13.224,0.15,45
13.225,0.15,45
13.226,0.15,45
13.227,0.15,45
13.228,0.15,45
13.229,0.15,45
13.23,0.15,45
13.231,0.15,45
13.232,0.15,45
13.233,0.15,45
13.234,0.15,45
13.235,0.15,45
13.236,0.15,45
13.237,0.15,45
13.238,0.15,45
13.239,0.15,45
13.24,0.15,45
13.241,0.15,45
13.242,0.15,45
13.243,0.15,45
13.244,0.15,45
13.245,0.15,45
13.246,0.15,45
13.247,0.15,45
13.248,0.15,45
13.249,0.15,45
13.25,0.15,45
13.251,0.15,45
13.252,0.15,45
13.253,0.15,45
13.254,0.15,45
13.255,0.15,45
13.256,0.15,45
13.257,0.15,45
13.258,0.15,45
13.259,0.15,45
13.26,0.15,45
13.261,0.15,45
13.262,0.15,45
13.263,0.15,45
13.264,0.15,45
13.265,0.15,45
13.266,0.15,45
13.267,0.15,45
13.268,0.15,45
13.269,0.15,45
13.27,0.15,45
13.271,0.15,45
13.272,0.15,45
13.273,0.15,45
13.274,0.15,45
13.275,0.15,45
13.276,0.15,45
13.277,0.15,45
13.278,0.15,45
13.279,0.15,45
13.28,0.15,45
13.281,0.15,45
13.282,0.15,45
13.283,0.15,45
13.284,0.15,45
13.285,0.15,45
13.286,0.15,45
13.287,0.15,45
13.288,0.15,45
13.289,0.15,45
13.29,0.15,45
13.291,0.15,45
13.292,0.15,45
13.293,0.15,45
13.294,0.15,45
13.295,0.15,45
13.296,0.15,45
13.297,0.15,45
13.298,0.15,45
13.299,0.15,45
13.3,0.15,45
13.301,0.15,45
13.302,0.15,45
13.303,0.15,45
13.304,0.15,45
13.305,0.15,45
13.306,0.15,45
13.307,0.15,45
13.308,0.15,45
13.309,0.15,45
13.31,0.15,45
13.311,0.15,45
13.312,0.15,45
13.313,0.15,45
13.314,0.15,45
13.315,0.15,45
13.316,0.15,45
13.317,0.15,45
13.318,0.15,45
13.319,0.15,45
13.32,0.15,45
13.321,0.15,45
13.322,0.15,45
13.323,0.15,45
13.324,0.15,45
13.325,0.15,45
13.326,0.15,45
13.327,0.15,45
13.328,0.15,45
13.329,0.15,45
13.33,0.15,45
13.331,0.15,45
13.332,0.15,45
13.333,0.15,45
13.334,0.15,45
13.335,0.15,45
13.336,0.15,45
13.337,0.15,45
13.338,0.15,45
13.339,0.15,45
13.34,0.15,45
13.341,0.15,45
13.342,0.15,45
13.343,0.15,45
13.344,0.15,45
13.345,0.15,45
13.346,0.15,45
13.347,0.15,45
13.348,0.15,45
13.349,0.15,45
13.35,0.15,45
13.351,0.15,45
13.352,0.15,45
13.353,0.15,45
13.354,0.15,45
13.355,0.15,45
13.356,0.15,45
13.357,0.15,45
13.358,0.15,45
13.359,0.15,45
13.36,0.15,45
13.361,0.15,45
13.362,0.15,45
13.363,0.15,45
13.364,0.15,45
13.365,0.15,45
13.366,0.15,45
13.367,0.15,45
13.368,0.15,45
13.369,0.15,45
13.37,0.15,45
13.371,0.15,45
13.372,0.15,45
13.373,0.15,45
13.374,0.15,45
13.375,0.15,45
13.376,0.15,45
13.377,0.15,45
13.378,0.15,45
13.379,0.15,45
13.38,0.15,45
13.381,0.15,45
13.382,0.15,45
13.383,0.15,45
13.384,0.15,45
13.385,0.15,45
13.386,0.15,45
13.387,0.15,45
13.388,0.15,45
13.389,0.15,45
13.39,0.15,45
13.391,0.15,45
13.392,0.15,45
13.393,0.15,45
13.394,0.15,45
13.395,0.15,45
13.396,0.15,45
13.397,0.15,45
13.398,0.15,45
13.399,0.15,45
13.4,0.15,45
13.401,0.15,45
13.402,0.15,45
13.403,0.15,45
13.404,0.15,45
13.405,0.15,45
13.406,0.15,45
13.407,0.15,45
13.408,0.15,45
13.409,0.15,45
13.41,0.15,45
13.411,0.15,45
13.412,0.15,45
13.413,0.15,45
13.414,0.15,45
13.415,0.15,45
13.416,0.15,45
13.417,0.15,45
13.418,0.15,45
13.419,0.15,45
13.42,0.15,45
13.421,0.15,45
13.422,0.15,45
13.423,0.15,45
13.424,0.15,45
13.425,0.15,45
13.426,0.15,45
13.427,0.15,45
13.428,0.15,45
13.429,0.15,45
13.43,0.15,45
13.431,0.15,45
13.432,0.15,45
13.433,0.15,45
13.434,0.15,45
13.435,0.15,45
13.436,0.15,45
13.437,0.15,45
13.438,0.15,45
13.439,0.15,45
13.44,0.15,45
13.441,0.15,45
13.442,0.15,45
13.443,0.15,45
13.444,0.15,45
13.445,0.15,45
13.446,0.15,45
13.447,0.15,45
13.448,0.15,45
13.449,0.15,45
13.45,0.15,45
13.451,0.15,45
13.452,0.15,45
13.453,0.15,45
13.454,0.15,45
13.455,0.15,45
13.456,0.15,45
13.457,0.15,45
13.458,0.15,45
13.459,0.15,45
13.46,0.15,45
13.461,0.15,45
13.462,0.15,45
13.463,0.15,45
13.464,0.15,45
13.465,0.15,45
13.466,0.15,45
13.467,0.15,45
13.468,0.15,45
13.469,0.15,45
13.47,0.15,45
13.471,0.15,45
13.472,0.15,45
13.473,0.15,45
13.474,0.15,45
13.475,0.15,45
13.476,0.15,45
13.477,0.15,45
13.478,0.15,45
13.479,0.15,45
13.48,0.15,45
13.481,0.15,45
13.482,0.15,45
13.483,0.15,45
13.484,0.15,45
13.485,0.15,45
13.486,0.15,45
13.487,0.15,45
13.488,0.15,45
13.489,0.15,45
13.49,0.15,45
13.491,0.15,45
13.492,0.15,45
13.493,0.15,45
13.494,0.15,45
13.495,0.15,45
13.496,0.15,45
13.497,0.15,45
13.498,0.15,45
13.499,0.15,45
13.5,0.15,45
13.501,0.15,45
13.502,0.15,45
13.503,0.15,45
13.504,0.15,45
13.505,0.15,45
13.506,0.15,45
13.507,0.15,45
13.508,0.15,45
13.509,0.15,45
13.51,0.15,45
13.511,0.15,45
13.512,0.15,45
13.513,0.15,45
13.514,0.15,45
13.515,0.15,45
13.516,0.15,45
13.517,0.15,45
13.518,0.15,45
13.519,0.15,45
13.52,0.15,45
13.521,0.15,45
13.522,0.15,45
13.523,0.15,45
13.524,0.15,45
13.525,0.15,45
13.526,0.15,45
13.527,0.15,45
13.528,0.15,45
13.529,0.15,45
13.53,0.15,45
13.531,0.15,45
13.532,0.15,45
13.533,0.15,45
13.534,0.15,45
13.535,0.15,45
13.536,0.15,45
13.537,0.15,45
13.538,0.15,45
13.539,0.15,45
13.54,0.15,45
13.541,0.15,45
13.542,0.15,45
13.543,0.15,45
13.544,0.15,45
13.545,0.15,45
13.546,0.15,45
13.547,0.15,45
13.548,0.15,45
13.549,0.15,45
13.55,0.15,45
13.551,0.15,45
13.552,0.15,45
13.553,0.15,45
13.554,0.15,45
13.555,0.15,45
13.556,0.15,45
13.557,0.15,45
13.558,0.15,45
13.559,0.15,45
13.56,0.15,45
13.561,0.15,45
13.562,0.15,45
13.563,0.15,45
13.564,0.15,45
13.565,0.15,45
13.566,0.15,45
13.567,0.15,45
13.568,0.15,45
13.569,0.15,45
13.57,0.15,45
13.571,0.15,45
13.572,0.15,45
13.573,0.15,45
13.574,0.15,45
13.575,0.15,45
13.576,0.15,45
13.577,0.15,45
13.578,0.15,45
13.579,0.15,45
13.58,0.15,45
13.581,0.15,45
13.582,0.15,45
13.583,0.15,45
13.584,0.15,45
13.585,0.15,45
13.586,0.15,45
13.587,0.15,45
13.588,0.15,45
13.589,0.15,45
13.59,0.15,45
13.591,0.15,45
13.592,0.15,45
13.593,0.15,45
13.594,0.15,45
13.595,0.15,45
13.596,0.15,45
13.597,0.15,45
13.598,0.15,45
13.599,0.15,45
13.6,0.15,45
13.601,0.15,45
13.602,0.15,45
13.603,0.15,45
13.604,0.15,45
13.605,0.15,45
13.606,0.15,45
13.607,0.15,45
13.608,0.15,45
13.609,0.15,45
13.61,0.15,45
13.611,0.15,45
13.612,0.15,45
13.613,0.15,45
13.614,0.15,45
13.615,0.15,45
13.616,0.15,45
13.617,0.15,45
13.618,0.15,45
13.619,0.15,45
13.62,0.15,45
13.621,0.15,45
13.622,0.15,45
13.623,0.15,45
13.624,0.15,45
13.625,0.15,45
13.626,0.15,45
13.627,0.15,45
13.628,0.15,45
13.629,0.15,45
13.63,0.15,45
13.631,0.15,45
13.632,0.15,45
13.633,0.15,45
13.634,0.15,45
13.635,0.15,45
13.636,0.15,45
13.637,0.15,45
13.638,0.15,45
13.639,0.15,45
13.64,0.15,45
13.641,0.15,45
13.642,0.15,45
13.643,0.15,45
13.644,0.15,45
13.645,0.15,45
13.646,0.15,45
13.647,0.15,45
13.648,0.15,45
13.649,0.15,45
13.65,0.15,45
13.651,0.15,45
13.652,0.15,45
13.653,0.15,45
13.654,0.15,45
13.655,0.15,45
13.656,0.15,45
13.657,0.15,45
13.658,0.15,45
13.659,0.15,45
13.66,0.15,45
13.661,0.15,45
13.662,0.15,45
13.663,0.15,45
13.664,0.15,45
13.665,0.15,45
13.666,0.15,45
13.667,0.15,45
13.668,0.15,45
13.669,0.15,45
13.67,0.15,45
13.671,0.15,45
13.672,0.15,45
13.673,0.15,45
13.674,0.15,45
13.675,0.15,45
13.676,0.15,45
13.677,0.15,45
13.678,0.15,45
13.679,0.15,45
13.68,0.15,45
13.681,0.15,45
13.682,0.15,45
13.683,0.15,45
13.684,0.15,45
13.685,0.15,45
13.686,0.15,45
13.687,0.15,45
13.688,0.15,45
13.689,0.15,45
13.69,0.15,45
13.691,0.15,45
13.692,0.15,45
13.693,0.15,45
13.694,0.15,45
13.695,0.15,45
13.696,0.15,45
13.697,0.15,45
13.698,0.15,45
13.699,0.15,45
13.7,0.15,45
13.701,0.15,45
13.702,0.15,45
13.703,0.15,45
13.704,0.15,45
13.705,0.15,45
13.706,0.15,45
13.707,0.15,45
13.708,0.15,45
13.709,0.15,45
13.71,0.15,45
13.711,0.15,45
13.712,0.15,45
13.713,0.15,45
13.714,0.15,45
13.715,0.15,45
13.716,0.15,45
13.717,0.15,45
13.718,0.15,45
13.719,0.15,45
13.72,0.15,45
13.721,0.15,45
13.722,0.15,45
13.723,0.15,45
13.724,0.15,45
13.725,0.15,45
13.726,0.15,45
13.727,0.15,45
13.728,0.15,45
13.729,0.15,45
13.73,0.15,45
13.731,0.15,45
13.732,0.15,45
13.733,0.15,45
13.734,0.15,45
13.735,0.15,45
13.736,0.15,45
13.737,0.15,45
13.738,0.15,45
13.739,0.15,45
13.74,0.15,45
13.741,0.15,45
13.742,0.15,45
13.743,0.15,45
13.744,0.15,45
13.745,0.15,45
13.746,0.15,45
13.747,0.15,45
13.748,0.15,45
13.749,0.15,45
13.75,0.15,45
13.751,0.15,45
13.752,0.15,45
13.753,0.15,45
13.754,0.15,45
13.755,0.15,45
13.756,0.15,45
13.757,0.15,45
13.758,0.15,45
13.759,0.15,45
13.76,0.15,45
13.761,0.15,45
13.762,0.15,45
13.763,0.15,45
13.764,0.15,45
13.765,0.15,45
13.766,0.15,45
13.767,0.15,45
13.768,0.15,45
13.769,0.15,45
13.77,0.15,45
13.771,0.15,45
13.772,0.15,45
13.773,0.15,45
13.774,0.15,45
13.775,0.15,45
13.776,0.15,45
13.777,0.15,45
13.778,0.15,45
13.779,0.15,45
13.78,0.15,45
13.781,0.15,45
13.782,0.15,45
13.783,0.15,45
13.784,0.15,45
13.785,0.15,45
13.786,0.15,45
13.787,0.15,45
13.788,0.15,45
13.789,0.15,45
13.79,0.15,45
13.791,0.15,45
13.792,0.15,45
13.793,0.15,45
13.794,0.15,45
13.795,0.15,45
13.796,0.15,45
13.797,0.15,45
13.798,0.15,45
13.799,0.15,45
13.8,0.15,45
13.801,0.15,45
13.802,0.15,45
13.803,0.15,45
13.804,0.15,45
13.805,0.15,45
13.806,0.15,45
13.807,0.15,45
13.808,0.15,45
13.809,0.15,45
13.81,0.15,45
13.811,0.15,45
13.812,0.15,45
13.813,0.15,45
13.814,0.15,45
13.815,0.15,45
13.816,0.15,45
13.817,0.15,45
13.818,0.15,45
13.819,0.15,45
13.82,0.15,45
13.821,0.15,45
13.822,0.15,45
13.823,0.15,45
13.824,0.15,45
13.825,0.15,45
13.826,0.15,45
13.827,0.15,45
13.828,0.15,45
13.829,0.15,45
13.83,0.15,45
13.831,0.15,45
13.832,0.15,45
13.833,0.15,45
13.834,0.15,45
13.835,0.15,45
13.836,0.15,45
13.837,0.15,45
13.838,0.15,45
13.839,0.15,45
13.84,0.15,45
13.841,0.15,45
13.842,0.15,45
13.843,0.15,45
13.844,0.15,45
13.845,0.15,45
13.846,0.15,45
13.847,0.15,45
13.848,0.15,45
13.849,0.15,45
13.85,0.15,45
13.851,0.15,45
13.852,0.15,45
13.853,0.15,45
13.854,0.15,45
13.855,0.15,45
13.856,0.15,45
13.857,0.15,45
13.858,0.15,45
13.859,0.15,45
13.86,0.15,45
13.861,0.15,45
13.862,0.15,45
13.863,0.15,45
13.864,0.15,45
13.865,0.15,45
13.866,0.15,45
13.867,0.15,45
13.868,0.15,45
13.869,0.15,45
13.87,0.15,45
13.871,0.15,45
13.872,0.15,45
13.873,0.15,45
13.874,0.15,45
13.875,0.15,45
13.876,0.15,45
13.877,0.15,45
13.878,0.15,45
13.879,0.15,45
13.88,0.15,45
13.881,0.15,45
13.882,0.15,45
13.883,0.15,45
13.884,0.15,45
13.885,0.15,45
13.886,0.15,45
13.887,0.15,45
13.888,0.15,45
13.889,0.15,45
13.89,0.15,45
13.891,0.15,45
13.892,0.15,45
13.893,0.15,45
13.894,0.15,45
13.895,0.15,45
13.896,0.15,45
13.897,0.15,45
13.898,0.15,45
13.899,0.15,45
13.9,0.15,45
13.901,0.15,45
13.902,0.15,45
13.903,0.15,45
13.904,0.15,45
13.905,0.15,45
13.906,0.15,45
13.907,0.15,45
13.908,0.15,45
13.909,0.15,45
13.91,0.15,45
13.911,0.15,45
13.912,0.15,45
13.913,0.15,45
13.914,0.15,45
13.915,0.15,45
13.916,0.15,45
13.917,0.15,45
13.918,0.15,45
13.919,0.15,45
13.92,0.15,45
13.921,0.15,45
13.922,0.15,45
13.923,0.15,45
13.924,0.15,45
13.925,0.15,45
13.926,0.15,45
13.927,0.15,45
13.928,0.15,45
13.929,0.15,45
13.93,0.15,45
13.931,0.15,45
13.932,0.15,45
13.933,0.15,45
13.934,0.15,45
13.935,0.15,45
13.936,0.15,45
13.937,0.15,45
13.938,0.15,45
13.939,0.15,45
13.94,0.15,45
13.941,0.15,45
13.942,0.15,45
13.943,0.15,45
13.944,0.15,45
13.945,0.15,45
13.946,0.15,45
13.947,0.15,45
13.948,0.15,45
13.949,0.15,45
13.95,0.15,45
13.951,0.15,45
13.952,0.15,45
13.953,0.15,45
13.954,0.15,45
13.955,0.15,45
13.956,0.15,45
13.957,0.15,45
13.958,0.15,45
13.959,0.15,45
13.96,0.15,45
13.961,0.15,45
13.962,0.15,45
13.963,0.15,45
13.964,0.15,45
13.965,0.15,45
13.966,0.15,45
13.967,0.15,45
13.968,0.15,45
13.969,0.15,45
13.97,0.15,45
13.971,0.15,45
13.972,0.15,45
13.973,0.15,45
13.974,0.15,45
13.975,0.15,45
13.976,0.15,45
13.977,0.15,45
13.978,0.15,45
13.979,0.15,45
13.98,0.15,45
13.981,0.15,45
13.982,0.15,45
13.983,0.15,45
13.984,0.15,45
13.985,0.15,45
13.986,0.15,45
13.987,0.15,45
13.988,0.15,45
13.989,0.15,45
13.99,0.15,45
13.991,0.15,45
13.992,0.15,45
13.993,0.15,45
13.994,0.15,45
13.995,0.15,45
13.996,0.15,45
13.997,0.15,45
13.998,0.15,45
13.999,0.15,45
14,0.15,45
14.001,0.15,45
14.002,0.15,45
14.003,0.15,45
14.004,0.15,45
14.005,0.15,45
14.006,0.15,45
14.007,0.15,45
14.008,0.15,45
14.009,0.15,45
14.01,0.15,45
14.011,0.15,45
14.012,0.15,45
14.013,0.15,45
14.014,0.15,45
14.015,0.15,45
14.016,0.15,45
14.017,0.15,45
14.018,0.15,45
14.019,0.15,45
14.02,0.15,45
14.021,0.15,45
14.022,0.15,45
14.023,0.15,45
14.024,0.15,45
14.025,0.15,45
14.026,0.15,45
14.027,0.15,45
14.028,0.15,45
14.029,0.15,45
14.03,0.15,45
14.031,0.15,45
14.032,0.15,45
14.033,0.15,45
14.034,0.15,45
14.035,0.15,45
14.036,0.15,45
14.037,0.15,45
14.038,0.15,45
14.039,0.15,45
14.04,0.15,45
14.041,0.15,45
14.042,0.15,45
14.043,0.15,45
14.044,0.15,45
14.045,0.15,45
14.046,0.15,45
14.047,0.15,45
14.048,0.15,45
14.049,0.15,45
14.05,0.15,45
14.051,0.15,45
14.052,0.15,45
14.053,0.15,45
14.054,0.15,45
14.055,0.15,45
14.056,0.15,45
14.057,0.15,45
14.058,0.15,45
14.059,0.15,45
14.06,0.15,45
14.061,0.15,45
14.062,0.15,45
14.063,0.15,45
14.064,0.15,45
14.065,0.15,45
14.066,0.15,45
14.067,0.15,45
14.068,0.15,45
14.069,0.15,45
14.07,0.15,45
14.071,0.15,45
14.072,0.15,45
14.073,0.15,45
14.074,0.15,45
14.075,0.15,45
14.076,0.15,45
14.077,0.15,45
14.078,0.15,45
14.079,0.15,45
14.08,0.15,45
14.081,0.15,45
14.082,0.15,45
14.083,0.15,45
14.084,0.15,45
14.085,0.15,45
14.086,0.15,45
14.087,0.15,45
14.088,0.15,45
14.089,0.15,45
14.09,0.15,45
14.091,0.15,45
14.092,0.15,45
14.093,0.15,45
14.094,0.15,45
14.095,0.15,45
14.096,0.15,45
14.097,0.15,45
14.098,0.15,45
14.099,0.15,45
14.1,0.15,45
14.101,0.15,45
14.102,0.15,45
14.103,0.15,45
14.104,0.15,45
14.105,0.15,45
14.106,0.15,45
14.107,0.15,45
14.108,0.15,45
14.109,0.15,45
14.11,0.15,45
14.111,0.15,45
14.112,0.15,45
14.113,0.15,45
14.114,0.15,45
14.115,0.15,45
14.116,0.15,45
14.117,0.15,45
14.118,0.15,45
14.119,0.15,45
14.12,0.15,45
14.121,0.15,45
14.122,0.15,45
14.123,0.15,45
14.124,0.15,45
14.125,0.15,45
14.126,0.15,45
14.127,0.15,45
14.128,0.15,45
14.129,0.15,45
14.13,0.15,45
14.131,0.15,45
14.132,0.15,45
14.133,0.15,45
14.134,0.15,45
14.135,0.15,45
14.136,0.15,45
14.137,0.15,45
14.138,0.15,45
14.139,0.15,45
14.14,0.15,45
14.141,0.15,45
14.142,0.15,45
14.143,0.15,45
14.144,0.15,45
14.145,0.15,45
14.146,0.15,45
14.147,0.15,45
14.148,0.15,45
14.149,0.15,45
14.15,0.15,45
14.151,0.15,45
14.152,0.15,45
14.153,0.15,45
14.154,0.15,45
14.155,0.15,45
14.156,0.15,45
14.157,0.15,45
14.158,0.15,45
14.159,0.15,45
14.16,0.15,45
14.161,0.15,45
14.162,0.15,45
14.163,0.15,45
14.164,0.15,45
14.165,0.15,45
14.166,0.15,45
14.167,0.15,45
14.168,0.15,45
14.169,0.15,45
14.17,0.15,45
14.171,0.15,45
14.172,0.15,45
14.173,0.15,45
14.174,0.15,45
14.175,0.15,45
14.176,0.15,45
14.177,0.15,45
14.178,0.15,45
14.179,0.15,45
14.18,0.15,45
14.181,0.15,45
14.182,0.15,45
14.183,0.15,45
14.184,0.15,45
14.185,0.15,45
14.186,0.15,45
14.187,0.15,45
14.188,0.15,45
14.189,0.15,45
14.19,0.15,45
14.191,0.15,45
14.192,0.15,45
14.193,0.15,45
14.194,0.15,45
14.195,0.15,45
14.196,0.15,45
14.197,0.15,45
14.198,0.15,45
14.199,0.15,45
14.2,0.15,45
14.201,0.15,45
14.202,0.15,45
14.203,0.15,45
14.204,0.15,45
14.205,0.15,45
14.206,0.15,45
14.207,0.15,45
14.208,0.15,45
14.209,0.15,45
14.21,0.15,45
14.211,0.15,45
14.212,0.15,45
14.213,0.15,45
14.214,0.15,45
14.215,0.15,45
14.216,0.15,45
14.217,0.15,45
14.218,0.15,45
14.219,0.15,45
14.22,0.15,45
14.221,0.15,45
14.222,0.15,45
14.223,0.15,45
14.224,0.15,45
14.225,0.15,45
14.226,0.15,45
14.227,0.15,45
14.228,0.15,45
14.229,0.15,45
14.23,0.15,45
14.231,0.15,45
14.232,0.15,45
14.233,0.15,45
14.234,0.15,45
14.235,0.15,45
14.236,0.15,45
14.237,0.15,45
14.238,0.15,45
14.239,0.15,45
14.24,0.15,45
14.241,0.15,45
14.242,0.15,45
14.243,0.15,45
14.244,0.15,45
14.245,0.15,45
14.246,0.15,45
14.247,0.15,45
14.248,0.15,45
14.249,0.15,45
14.25,0.15,45
14.251,0.15,45
14.252,0.15,45
14.253,0.15,45
14.254,0.15,45
14.255,0.15,45
14.256,0.15,45
14.257,0.15,45
14.258,0.15,45
14.259,0.15,45
14.26,0.15,45
14.261,0.15,45
14.262,0.15,45
14.263,0.15,45
14.264,0.15,45
14.265,0.15,45
14.266,0.15,45
14.267,0.15,45
14.268,0.15,45
14.269,0.15,45
14.27,0.15,45
14.271,0.15,45
14.272,0.15,45
14.273,0.15,45
14.274,0.15,45
14.275,0.15,45
14.276,0.15,45
14.277,0.15,45
14.278,0.15,45
14.279,0.15,45
14.28,0.15,45
14.281,0.15,45
14.282,0.15,45
14.283,0.15,45
14.284,0.15,45
14.285,0.15,45
14.286,0.15,45
14.287,0.15,45
14.288,0.15,45
14.289,0.15,45
14.29,0.15,45
14.291,0.15,45
14.292,0.15,45
14.293,0.15,45
14.294,0.15,45
14.295,0.15,45
14.296,0.15,45
14.297,0.15,45
14.298,0.15,45
14.299,0.15,45
14.3,0.15,45
14.301,0.15,45
14.302,0.15,45
14.303,0.15,45
14.304,0.15,45
14.305,0.15,45
14.306,0.15,45
14.307,0.15,45
14.308,0.15,45
14.309,0.15,45
14.31,0.15,45
14.311,0.15,45
14.312,0.15,45
14.313,0.15,45
14.314,0.15,45
14.315,0.15,45
14.316,0.15,45
14.317,0.15,45
14.318,0.15,45
14.319,0.15,45
14.32,0.15,45
14.321,0.15,45
14.322,0.15,45
14.323,0.15,45
14.324,0.15,45
14.325,0.15,45
14.326,0.15,45
14.327,0.15,45
14.328,0.15,45
14.329,0.15,45
14.33,0.15,45
14.331,0.15,45
14.332,0.15,45
14.333,0.15,45
14.334,0.15,45
14.335,0.15,45
14.336,0.15,45
14.337,0.15,45
14.338,0.15,45
14.339,0.15,45
14.34,0.15,45
14.341,0.15,45
14.342,0.15,45
14.343,0.15,45
14.344,0.15,45
14.345,0.15,45
14.346,0.15,45
14.347,0.15,45
14.348,0.15,45
14.349,0.15,45
14.35,0.15,45
14.351,0.15,45
14.352,0.15,45
14.353,0.15,45
14.354,0.15,45
14.355,0.15,45
14.356,0.15,45
14.357,0.15,45
14.358,0.15,45
14.359,0.15,45
14.36,0.15,45
14.361,0.15,45
14.362,0.15,45
14.363,0.15,45
14.364,0.15,45
14.365,0.15,45
14.366,0.15,45
14.367,0.15,45
14.368,0.15,45
14.369,0.15,45
14.37,0.15,45
14.371,0.15,45
14.372,0.15,45
14.373,0.15,45
14.374,0.15,45
14.375,0.15,45
14.376,0.15,45
14.377,0.15,45
14.378,0.15,45
14.379,0.15,45
14.38,0.15,45
14.381,0.15,45
14.382,0.15,45
14.383,0.15,45
14.384,0.15,45
14.385,0.15,45
14.386,0.15,45
14.387,0.15,45
14.388,0.15,45
14.389,0.15,45
14.39,0.15,45
14.391,0.15,45
14.392,0.15,45
14.393,0.15,45
14.394,0.15,45
14.395,0.15,45
14.396,0.15,45
14.397,0.15,45
14.398,0.15,45
14.399,0.15,45
14.4,0.15,45
14.401,0.15,45
14.402,0.15,45
14.403,0.15,45
14.404,0.15,45
14.405,0.15,45
14.406,0.15,45
14.407,0.15,45
14.408,0.15,45
14.409,0.15,45
14.41,0.15,45
14.411,0.15,45
14.412,0.15,45
14.413,0.15,45
14.414,0.15,45
14.415,0.15,45
14.416,0.15,45
14.417,0.15,45
14.418,0.15,45
14.419,0.15,45
14.42,0.15,45
14.421,0.15,45
14.422,0.15,45
14.423,0.15,45
14.424,0.15,45
14.425,0.15,45
14.426,0.15,45
14.427,0.15,45
14.428,0.15,45
14.429,0.15,45
14.43,0.15,45
14.431,0.15,45
14.432,0.15,45
14.433,0.15,45
14.434,0.15,45
14.435,0.15,45
14.436,0.15,45
14.437,0.15,45
14.438,0.15,45
14.439,0.15,45
14.44,0.15,45
14.441,0.15,45
14.442,0.15,45
14.443,0.15,45
14.444,0.15,45
14.445,0.15,45
14.446,0.15,45
14.447,0.15,45
14.448,0.15,45
14.449,0.15,45
14.45,0.15,45
14.451,0.15,45
14.452,0.15,45
14.453,0.15,45
14.454,0.15,45
14.455,0.15,45
14.456,0.15,45
14.457,0.15,45
14.458,0.15,45
14.459,0.15,45
14.46,0.15,45
14.461,0.15,45
14.462,0.15,45
14.463,0.15,45
14.464,0.15,45
14.465,0.15,45
14.466,0.15,45
14.467,0.15,45
14.468,0.15,45
14.469,0.15,45
14.47,0.15,45
14.471,0.15,45
14.472,0.15,45
14.473,0.15,45
14.474,0.15,45
14.475,0.15,45
14.476,0.15,45
14.477,0.15,45
14.478,0.15,45
14.479,0.15,45
14.48,0.15,45
14.481,0.15,45
14.482,0.15,45
14.483,0.15,45
14.484,0.15,45
14.485,0.15,45
14.486,0.15,45
14.487,0.15,45
14.488,0.15,45
14.489,0.15,45
14.49,0.15,45
14.491,0.15,45
14.492,0.15,45
14.493,0.15,45
14.494,0.15,45
14.495,0.15,45
14.496,0.15,45
14.497,0.15,45
14.498,0.15,45
14.499,0.15,45
14.5,0.15,45
14.501,0.15,45
14.502,0.15,45
14.503,0.15,45
14.504,0.15,45
14.505,0.15,45
14.506,0.15,45
14.507,0.15,45
14.508,0.15,45
14.509,0.15,45
14.51,0.15,45
14.511,0.15,45
14.512,0.15,45
14.513,0.15,45
14.514,0.15,45
14.515,0.15,45
14.516,0.15,45
14.517,0.15,45
14.518,0.15,45
14.519,0.15,45
14.52,0.15,45
14.521,0.15,45
14.522,0.15,45
14.523,0.15,45
14.524,0.15,45
14.525,0.15,45
14.526,0.15,45
14.527,0.15,45
14.528,0.15,45
14.529,0.15,45
14.53,0.15,45
14.531,0.15,45
14.532,0.15,45
14.533,0.15,45
14.534,0.15,45
14.535,0.15,45
14.536,0.15,45
14.537,0.15,45
14.538,0.15,45
14.539,0.15,45
14.54,0.15,45
14.541,0.15,45
14.542,0.15,45
14.543,0.15,45
14.544,0.15,45
14.545,0.15,45
14.546,0.15,45
14.547,0.15,45
14.548,0.15,45
14.549,0.15,45
14.55,0.15,45
14.551,0.15,45
14.552,0.15,45
14.553,0.15,45
14.554,0.15,45
14.555,0.15,45
14.556,0.15,45
14.557,0.15,45
14.558,0.15,45
14.559,0.15,45
14.56,0.15,45
14.561,0.15,45
14.562,0.15,45
14.563,0.15,45
14.564,0.15,45
14.565,0.15,45
14.566,0.15,45
14.567,0.15,45
14.568,0.15,45
14.569,0.15,45
14.57,0.15,45
14.571,0.15,45
14.572,0.15,45
14.573,0.15,45
14.574,0.15,45
14.575,0.15,45
14.576,0.15,45
14.577,0.15,45
14.578,0.15,45
14.579,0.15,45
14.58,0.15,45
14.581,0.15,45
14.582,0.15,45
14.583,0.15,45
14.584,0.15,45
14.585,0.15,45
14.586,0.15,45
14.587,0.15,45
14.588,0.15,45
14.589,0.15,45
14.59,0.15,45
14.591,0.15,45
14.592,0.15,45
14.593,0.15,45
14.594,0.15,45
14.595,0.15,45
14.596,0.15,45
14.597,0.15,45
14.598,0.15,45
14.599,0.15,45
14.6,0.15,45
14.601,0.15,45
14.602,0.15,45
14.603,0.15,45
14.604,0.15,45
14.605,0.15,45
14.606,0.15,45
14.607,0.15,45
14.608,0.15,45
14.609,0.15,45
14.61,0.15,45
14.611,0.15,45
14.612,0.15,45
14.613,0.15,45
14.614,0.15,45
14.615,0.15,45
14.616,0.15,45
14.617,0.15,45
14.618,0.15,45
14.619,0.15,45
14.62,0.15,45
14.621,0.15,45
14.622,0.15,45
14.623,0.15,45
14.624,0.15,45
14.625,0.15,45
14.626,0.15,45
14.627,0.15,45
14.628,0.15,45
14.629,0.15,45
14.63,0.15,45
14.631,0.15,45
14.632,0.15,45
14.633,0.15,45
14.634,0.15,45
14.635,0.15,45
14.636,0.15,45
14.637,0.15,45
14.638,0.15,45
14.639,0.15,45
14.64,0.15,45
14.641,0.15,45
14.642,0.15,45
14.643,0.15,45
14.644,0.15,45
14.645,0.15,45
14.646,0.15,45
14.647,0.15,45
14.648,0.15,45
14.649,0.15,45
14.65,0.15,45
14.651,0.15,45
14.652,0.15,45
14.653,0.15,45
14.654,0.15,45
14.655,0.15,45
14.656,0.15,45
14.657,0.15,45
14.658,0.15,45
14.659,0.15,45
14.66,0.15,45
14.661,0.15,45
14.662,0.15,45
14.663,0.15,45
14.664,0.15,45
14.665,0.15,45
14.666,0.15,45
14.667,0.15,45
14.668,0.15,45
14.669,0.15,45
14.67,0.15,45
14.671,0.15,45
14.672,0.15,45
14.673,0.15,45
14.674,0.15,45
14.675,0.15,45
14.676,0.15,45
14.677,0.15,45
14.678,0.15,45
14.679,0.15,45
14.68,0.15,45
14.681,0.15,45
14.682,0.15,45
14.683,0.15,45
14.684,0.15,45
14.685,0.15,45
14.686,0.15,45
14.687,0.15,45
14.688,0.15,45
14.689,0.15,45
14.69,0.15,45
14.691,0.15,45
14.692,0.15,45
14.693,0.15,45
14.694,0.15,45
14.695,0.15,45
14.696,0.15,45
14.697,0.15,45
14.698,0.15,45
14.699,0.15,45
14.7,0.15,45
14.701,0.15,45
14.702,0.15,45
14.703,0.15,45
14.704,0.15,45
14.705,0.15,45
14.706,0.15,45
14.707,0.15,45
14.708,0.15,45
14.709,0.15,45
14.71,0.15,45
14.711,0.15,45
14.712,0.15,45
14.713,0.15,45
14.714,0.15,45
14.715,0.15,45
14.716,0.15,45
14.717,0.15,45
14.718,0.15,45
14.719,0.15,45
14.72,0.15,45
14.721,0.15,45
14.722,0.15,45
14.723,0.15,45
14.724,0.15,45
14.725,0.15,45
14.726,0.15,45
14.727,0.15,45
14.728,0.15,45
14.729,0.15,45
14.73,0.15,45
14.731,0.15,45
14.732,0.15,45
14.733,0.15,45
14.734,0.15,45
14.735,0.15,45
14.736,0.15,45
14.737,0.15,45
14.738,0.15,45
14.739,0.15,45
14.74,0.15,45
14.741,0.15,45
14.742,0.15,45
14.743,0.15,45
14.744,0.15,45
14.745,0.15,45
14.746,0.15,45
14.747,0.15,45
14.748,0.15,45
14.749,0.15,45
14.75,0.15,45
14.751,0.15,45
14.752,0.15,45
14.753,0.15,45
14.754,0.15,45
14.755,0.15,45
14.756,0.15,45
14.757,0.15,45
14.758,0.15,45
14.759,0.15,45
14.76,0.15,45
14.761,0.15,45
14.762,0.15,45
14.763,0.15,45
14.764,0.15,45
14.765,0.15,45
14.766,0.15,45
14.767,0.15,45
14.768,0.15,45
14.769,0.15,45
14.77,0.15,45
14.771,0.15,45
14.772,0.15,45
14.773,0.15,45
14.774,0.15,45
14.775,0.15,45
14.776,0.15,45
14.777,0.15,45
14.778,0.15,45
14.779,0.15,45
14.78,0.15,45
14.781,0.15,45
14.782,0.15,45
14.783,0.15,45
14.784,0.15,45
14.785,0.15,45
14.786,0.15,45
14.787,0.15,45
14.788,0.15,45
14.789,0.15,45
14.79,0.15,45
14.791,0.15,45
14.792,0.15,45
14.793,0.15,45
14.794,0.15,45
14.795,0.15,45
14.796,0.15,45
14.797,0.15,45
14.798,0.15,45
14.799,0.15,45
14.8,0.15,45
14.801,0.15,45
14.802,0.15,45
14.803,0.15,45
14.804,0.15,45
14.805,0.15,45
14.806,0.15,45
14.807,0.15,45
14.808,0.15,45
14.809,0.15,45
14.81,0.15,45
14.811,0.15,45
14.812,0.15,45
14.813,0.15,45
14.814,0.15,45
14.815,0.15,45
14.816,0.15,45
14.817,0.15,45
14.818,0.15,45
14.819,0.15,45
14.82,0.15,45
14.821,0.15,45
14.822,0.15,45
14.823,0.15,45
14.824,0.15,45
14.825,0.15,45
14.826,0.15,45
14.827,0.15,45
14.828,0.15,45
14.829,0.15,45
14.83,0.15,45
14.831,0.15,45
14.832,0.15,45
14.833,0.15,45
14.834,0.15,45
14.835,0.15,45
14.836,0.15,45
14.837,0.15,45
14.838,0.15,45
14.839,0.15,45
14.84,0.15,45
14.841,0.15,45
14.842,0.15,45
14.843,0.15,45
14.844,0.15,45
14.845,0.15,45
14.846,0.15,45
14.847,0.15,45
14.848,0.15,45
14.849,0.15,45
14.85,0.15,45
14.851,0.15,45
14.852,0.15,45
14.853,0.15,45
14.854,0.15,45
14.855,0.15,45
14.856,0.15,45
14.857,0.15,45
14.858,0.15,45
14.859,0.15,45
14.86,0.15,45
14.861,0.15,45
14.862,0.15,45
14.863,0.15,45
14.864,0.15,45
14.865,0.15,45
14.866,0.15,45
14.867,0.15,45
14.868,0.15,45
14.869,0.15,45
14.87,0.15,45
14.871,0.15,45
14.872,0.15,45
14.873,0.15,45
14.874,0.15,45
14.875,0.15,45
14.876,0.15,45
14.877,0.15,45
14.878,0.15,45
14.879,0.15,45
14.88,0.15,45
14.881,0.15,45
14.882,0.15,45
14.883,0.15,45
14.884,0.15,45
14.885,0.15,45
14.886,0.15,45
14.887,0.15,45
14.888,0.15,45
14.889,0.15,45
14.89,0.15,45
14.891,0.15,45
14.892,0.15,45
14.893,0.15,45
14.894,0.15,45
14.895,0.15,45
14.896,0.15,45
14.897,0.15,45
14.898,0.15,45
14.899,0.15,45
14.9,0.15,45
14.901,0.15,45
14.902,0.15,45
14.903,0.15,45
14.904,0.15,45
14.905,0.15,45
14.906,0.15,45
14.907,0.15,45
14.908,0.15,45
14.909,0.15,45
14.91,0.15,45
14.911,0.15,45
14.912,0.15,45
14.913,0.15,45
14.914,0.15,45
14.915,0.15,45
14.916,0.15,45
14.917,0.15,45
14.918,0.15,45
14.919,0.15,45
14.92,0.15,45
14.921,0.15,45
14.922,0.15,45
14.923,0.15,45
14.924,0.15,45
14.925,0.15,45
14.926,0.15,45
14.927,0.15,45
14.928,0.15,45
14.929,0.15,45
14.93,0.15,45
14.931,0.15,45
14.932,0.15,45
14.933,0.15,45
14.934,0.15,45
14.935,0.15,45
14.936,0.15,45
14.937,0.15,45
14.938,0.15,45
14.939,0.15,45
14.94,0.15,45
14.941,0.15,45
14.942,0.15,45
14.943,0.15,45
14.944,0.15,45
14.945,0.15,45
14.946,0.15,45
14.947,0.15,45
14.948,0.15,45
14.949,0.15,45
14.95,0.15,45
14.951,0.15,45
14.952,0.15,45
14.953,0.15,45
14.954,0.15,45
14.955,0.15,45
14.956,0.15,45
14.957,0.15,45
14.958,0.15,45
14.959,0.15,45
14.96,0.15,45
14.961,0.15,45
14.962,0.15,45
14.963,0.15,45
14.964,0.15,45
14.965,0.15,45
14.966,0.15,45
14.967,0.15,45
14.968,0.15,45
14.969,0.15,45
14.97,0.15,45
14.971,0.15,45
14.972,0.15,45
14.973,0.15,45
14.974,0.15,45
14.975,0.15,45
14.976,0.15,45
14.977,0.15,45
14.978,0.15,45
14.979,0.15,45
14.98,0.15,45
14.981,0.15,45
14.982,0.15,45
14.983,0.15,45
14.984,0.15,45
14.985,0.15,45
14.986,0.15,45
14.987,0.15,45
14.988,0.15,45
14.989,0.15,45
14.99,0.15,45
14.991,0.15,45
14.992,0.15,45
14.993,0.15,45
14.994,0.15,45
14.995,0.15,45
14.996,0.15,45
14.997,0.15,45
14.998,0.15,45
14.999,0.15,45
15,0.15,45
15.001,0.15,45
15.002,0.15,45
15.003,0.15,45
15.004,0.15,45
15.005,0.15,45
15.006,0.15,45
15.007,0.15,45
15.008,0.15,45
15.009,0.15,45
15.01,0.15,45
15.011,0.15,45
15.012,0.15,45
15.013,0.15,45
15.014,0.15,45
15.015,0.15,45
15.016,0.15,45
15.017,0.15,45
15.018,0.15,45
15.019,0.15,45
15.02,0.15,45
15.021,0.15,45
15.022,0.15,45
15.023,0.15,45
15.024,0.15,45
15.025,0.15,45
15.026,0.15,45
15.027,0.15,45
15.028,0.15,45
15.029,0.15,45
15.03,0.15,45
15.031,0.15,45
15.032,0.15,45
15.033,0.15,45
15.034,0.15,45
15.035,0.15,45
15.036,0.15,45
15.037,0.15,45
15.038,0.15,45
15.039,0.15,45
15.04,0.15,45
15.041,0.15,45
15.042,0.15,45
15.043,0.15,45
15.044,0.15,45
15.045,0.15,45
15.046,0.15,45
15.047,0.15,45
15.048,0.15,45
15.049,0.15,45
15.05,0.15,45
15.051,0.15,45
15.052,0.15,45
15.053,0.15,45
15.054,0.15,45
15.055,0.15,45
15.056,0.15,45
15.057,0.15,45
15.058,0.15,45
15.059,0.15,45
15.06,0.15,45
15.061,0.15,45
15.062,0.15,45
15.063,0.15,45
15.064,0.15,45
15.065,0.15,45
15.066,0.15,45
15.067,0.15,45
15.068,0.15,45
15.069,0.15,45
15.07,0.15,45
15.071,0.15,45
15.072,0.15,45
15.073,0.15,45
15.074,0.15,45
15.075,0.15,45
15.076,0.15,45
15.077,0.15,45
15.078,0.15,45
15.079,0.15,45
15.08,0.15,45
15.081,0.15,45
15.082,0.15,45
15.083,0.15,45
15.084,0.15,45
15.085,0.15,45
15.086,0.15,45
15.087,0.15,45
15.088,0.15,45
15.089,0.15,45
15.09,0.15,45
15.091,0.15,45
15.092,0.15,45
15.093,0.15,45
15.094,0.15,45
15.095,0.15,45
15.096,0.15,45
15.097,0.15,45
15.098,0.15,45
15.099,0.15,45
15.1,0.15,45
15.101,0.15,45
15.102,0.15,45
15.103,0.15,45
15.104,0.15,45
15.105,0.15,45
15.106,0.15,45
15.107,0.15,45
15.108,0.15,45
15.109,0.15,45
15.11,0.15,45
15.111,0.15,45
15.112,0.15,45
15.113,0.15,45
15.114,0.15,45
15.115,0.15,45
15.116,0.15,45
15.117,0.15,45
15.118,0.15,45
15.119,0.15,45
15.12,0.15,45
15.121,0.15,45
15.122,0.15,45
15.123,0.15,45
15.124,0.15,45
15.125,0.15,45
15.126,0.15,45
15.127,0.15,45
15.128,0.15,45
15.129,0.15,45
15.13,0.15,45
15.131,0.15,45
15.132,0.15,45
15.133,0.15,45
15.134,0.15,45
15.135,0.15,45
15.136,0.15,45
15.137,0.15,45
15.138,0.15,45
15.139,0.15,45
15.14,0.15,45
15.141,0.15,45
15.142,0.15,45
15.143,0.15,45
15.144,0.15,45
15.145,0.15,45
15.146,0.15,45
15.147,0.15,45
15.148,0.15,45
15.149,0.15,45
15.15,0.15,45
15.151,0.15,45
15.152,0.15,45
15.153,0.15,45
15.154,0.15,45
15.155,0.15,45
15.156,0.15,45
15.157,0.15,45
15.158,0.15,45
15.159,0.15,45
15.16,0.15,45
15.161,0.15,45
15.162,0.15,45
15.163,0.15,45
15.164,0.15,45
15.165,0.15,45
15.166,0.15,45
15.167,0.15,45
15.168,0.15,45
15.169,0.15,45
15.17,0.15,45
15.171,0.15,45
15.172,0.15,45
15.173,0.15,45
15.174,0.15,45
15.175,0.15,45
15.176,0.15,45
15.177,0.15,45
15.178,0.15,45
15.179,0.15,45
15.18,0.15,45
15.181,0.15,45
15.182,0.15,45
15.183,0.15,45
15.184,0.15,45
15.185,0.15,45
15.186,0.15,45
15.187,0.15,45
15.188,0.15,45
15.189,0.15,45
15.19,0.15,45
15.191,0.15,45
15.192,0.15,45
15.193,0.15,45
15.194,0.15,45
15.195,0.15,45
15.196,0.15,45
15.197,0.15,45
15.198,0.15,45
15.199,0.15,45
15.2,0.15,45
15.201,0.15,45
15.202,0.15,45
15.203,0.15,45
15.204,0.15,45
15.205,0.15,45
15.206,0.15,45
15.207,0.15,45
15.208,0.15,45
15.209,0.15,45
15.21,0.15,45
15.211,0.15,45
15.212,0.15,45
15.213,0.15,45
15.214,0.15,45
15.215,0.15,45
15.216,0.15,45
15.217,0.15,45
15.218,0.15,45
15.219,0.15,45
15.22,0.15,45
15.221,0.15,45
15.222,0.15,45
15.223,0.15,45
15.224,0.15,45
15.225,0.15,45
15.226,0.15,45
15.227,0.15,45
15.228,0.15,45
15.229,0.15,45
15.23,0.15,45
15.231,0.15,45
15.232,0.15,45
15.233,0.15,45
15.234,0.15,45
15.235,0.15,45
15.236,0.15,45
15.237,0.15,45
15.238,0.15,45
15.239,0.15,45
15.24,0.15,45
15.241,0.15,45
15.242,0.15,45
15.243,0.15,45
15.244,0.15,45
15.245,0.15,45
15.246,0.15,45
15.247,0.15,45
15.248,0.15,45
15.249,0.15,45
15.25,0.15,45
15.251,0.15,45
15.252,0.15,45
15.253,0.15,45
15.254,0.15,45
15.255,0.15,45
15.256,0.15,45
15.257,0.15,45
15.258,0.15,45
15.259,0.15,45
15.26,0.15,45
15.261,0.15,45
15.262,0.15,45
15.263,0.15,45
15.264,0.15,45
15.265,0.15,45
15.266,0.15,45
15.267,0.15,45
15.268,0.15,45
15.269,0.15,45
15.27,0.15,45
15.271,0.15,45
15.272,0.15,45
15.273,0.15,45
15.274,0.15,45
15.275,0.15,45
15.276,0.15,45
15.277,0.15,45
15.278,0.15,45
15.279,0.15,45
15.28,0.15,45
15.281,0.15,45
15.282,0.15,45
15.283,0.15,45
15.284,0.15,45
15.285,0.15,45
15.286,0.15,45
15.287,0.15,45
15.288,0.15,45
15.289,0.15,45
15.29,0.15,45
15.291,0.15,45
15.292,0.15,45
15.293,0.15,45
15.294,0.15,45
15.295,0.15,45
15.296,0.15,45
15.297,0.15,45
15.298,0.15,45
15.299,0.15,45
15.3,0.15,45
15.301,0.15,45
15.302,0.15,45
15.303,0.15,45
15.304,0.15,45
15.305,0.15,45
15.306,0.15,45
15.307,0.15,45
15.308,0.15,45
15.309,0.15,45
15.31,0.15,45
15.311,0.15,45
15.312,0.15,45
15.313,0.15,45
15.314,0.15,45
15.315,0.15,45
15.316,0.15,45
15.317,0.15,45
15.318,0.15,45
15.319,0.15,45
15.32,0.15,45
15.321,0.15,45
15.322,0.15,45
15.323,0.15,45
15.324,0.15,45
15.325,0.15,45
15.326,0.15,45
15.327,0.15,45
15.328,0.15,45
15.329,0.15,45
15.33,0.15,45
15.331,0.15,45
15.332,0.15,45
15.333,0.15,45
15.334,0.15,45
15.335,0.15,45
15.336,0.15,45
15.337,0.15,45
15.338,0.15,45
15.339,0.15,45
15.34,0.15,45
15.341,0.15,45
15.342,0.15,45
15.343,0.15,45
15.344,0.15,45
15.345,0.15,45
15.346,0.15,45
15.347,0.15,45
15.348,0.15,45
15.349,0.15,45
15.35,0.15,45
15.351,0.15,45
15.352,0.15,45
15.353,0.15,45
15.354,0.15,45
15.355,0.15,45
15.356,0.15,45
15.357,0.15,45
15.358,0.15,45
15.359,0.15,45
15.36,0.15,45
15.361,0.15,45
15.362,0.15,45
15.363,0.15,45
15.364,0.15,45
15.365,0.15,45
15.366,0.15,45
15.367,0.15,45
15.368,0.15,45
15.369,0.15,45
15.37,0.15,45
15.371,0.15,45
15.372,0.15,45
15.373,0.15,45
15.374,0.15,45
15.375,0.15,45
15.376,0.15,45
15.377,0.15,45
15.378,0.15,45
15.379,0.15,45
15.38,0.15,45
15.381,0.15,45
15.382,0.15,45
15.383,0.15,45
15.384,0.15,45
15.385,0.15,45
15.386,0.15,45
15.387,0.15,45
15.388,0.15,45
15.389,0.15,45
15.39,0.15,45
15.391,0.15,45
15.392,0.15,45
15.393,0.15,45
15.394,0.15,45
15.395,0.15,45
15.396,0.15,45
15.397,0.15,45
15.398,0.15,45
15.399,0.15,45
15.4,0.15,45
15.401,0.15,45
15.402,0.15,45
15.403,0.15,45
15.404,0.15,45
15.405,0.15,45
15.406,0.15,45
15.407,0.15,45
15.408,0.15,45
15.409,0.15,45
15.41,0.15,45
15.411,0.15,45
15.412,0.15,45
15.413,0.15,45
15.414,0.15,45
15.415,0.15,45
15.416,0.15,45
15.417,0.15,45
15.418,0.15,45
15.419,0.15,45
15.42,0.15,45
15.421,0.15,45
15.422,0.15,45
15.423,0.15,45
15.424,0.15,45
15.425,0.15,45
15.426,0.15,45
15.427,0.15,45
15.428,0.15,45
15.429,0.15,45
15.43,0.15,45
15.431,0.15,45
15.432,0.15,45
15.433,0.15,45
15.434,0.15,45
15.435,0.15,45
15.436,0.15,45
15.437,0.15,45
15.438,0.15,45
15.439,0.15,45
15.44,0.15,45
15.441,0.15,45
15.442,0.15,45
15.443,0.15,45
15.444,0.15,45
15.445,0.15,45
15.446,0.15,45
15.447,0.15,45
15.448,0.15,45
15.449,0.15,45
15.45,0.15,45
15.451,0.15,45
15.452,0.15,45
15.453,0.15,45
15.454,0.15,45
15.455,0.15,45
15.456,0.15,45
15.457,0.15,45
15.458,0.15,45
15.459,0.15,45
15.46,0.15,45
15.461,0.15,45
15.462,0.15,45
15.463,0.15,45
15.464,0.15,45
15.465,0.15,45
15.466,0.15,45
15.467,0.15,45
15.468,0.15,45
15.469,0.15,45
15.47,0.15,45
15.471,0.15,45
15.472,0.15,45
15.473,0.15,45
15.474,0.15,45
15.475,0.15,45
15.476,0.15,45
15.477,0.15,45
15.478,0.15,45
15.479,0.15,45
15.48,0.15,45
15.481,0.15,45
15.482,0.15,45
15.483,0.15,45
15.484,0.15,45
15.485,0.15,45
15.486,0.15,45
15.487,0.15,45
15.488,0.15,45
15.489,0.15,45
15.49,0.15,45
15.491,0.15,45
15.492,0.15,45
15.493,0.15,45
15.494,0.15,45
15.495,0.15,45
15.496,0.15,45
15.497,0.15,45
15.498,0.15,45
15.499,0.15,45
15.5,0.15,45
15.501,0.15,45
15.502,0.15,45
15.503,0.15,45
15.504,0.15,45
15.505,0.15,45
15.506,0.15,45
15.507,0.15,45
15.508,0.15,45
15.509,0.15,45
15.51,0.15,45
15.511,0.15,45
15.512,0.15,45
15.513,0.15,45
15.514,0.15,45
15.515,0.15,45
15.516,0.15,45
15.517,0.15,45
15.518,0.15,45
15.519,0.15,45
15.52,0.15,45
15.521,0.15,45
15.522,0.15,45
15.523,0.15,45
15.524,0.15,45
15.525,0.15,45
15.526,0.15,45
15.527,0.15,45
15.528,0.15,45
15.529,0.15,45
15.53,0.15,45
15.531,0.15,45
15.532,0.15,45
15.533,0.15,45
15.534,0.15,45
15.535,0.15,45
15.536,0.15,45
15.537,0.15,45
15.538,0.15,45
15.539,0.15,45
15.54,0.15,45
15.541,0.15,45
15.542,0.15,45
15.543,0.15,45
15.544,0.15,45
15.545,0.15,45
15.546,0.15,45
15.547,0.15,45
15.548,0.15,45
15.549,0.15,45
15.55,0.15,45
15.551,0.15,45
15.552,0.15,45
15.553,0.15,45
15.554,0.15,45
15.555,0.15,45
15.556,0.15,45
15.557,0.15,45
15.558,0.15,45
15.559,0.15,45
15.56,0.15,45
15.561,0.15,45
15.562,0.15,45
15.563,0.15,45
15.564,0.15,45
15.565,0.15,45
15.566,0.15,45
15.567,0.15,45
15.568,0.15,45
15.569,0.15,45
15.57,0.15,45
15.571,0.15,45
15.572,0.15,45
15.573,0.15,45
15.574,0.15,45
15.575,0.15,45
15.576,0.15,45
15.577,0.15,45
15.578,0.15,45
15.579,0.15,45
15.58,0.15,45
15.581,0.15,45
15.582,0.15,45
15.583,0.15,45
15.584,0.15,45
15.585,0.15,45
15.586,0.15,45
15.587,0.15,45
15.588,0.15,45
15.589,0.15,45
15.59,0.15,45
15.591,0.15,45
15.592,0.15,45
15.593,0.15,45
15.594,0.15,45
15.595,0.15,45
15.596,0.15,45
15.597,0.15,45
15.598,0.15,45
15.599,0.15,45
15.6,0.15,45
15.601,0.15,45
15.602,0.15,45
15.603,0.15,45
15.604,0.15,45
15.605,0.15,45
15.606,0.15,45
15.607,0.15,45
15.608,0.15,45
15.609,0.15,45
15.61,0.15,45
15.611,0.15,45
15.612,0.15,45
15.613,0.15,45
15.614,0.15,45
15.615,0.15,45
15.616,0.15,45
15.617,0.15,45
15.618,0.15,45
15.619,0.15,45
15.62,0.15,45
15.621,0.15,45
15.622,0.15,45
15.623,0.15,45
15.624,0.15,45
15.625,0.15,45
15.626,0.15,45
15.627,0.15,45
15.628,0.15,45
15.629,0.15,45
15.63,0.15,45
15.631,0.15,45
15.632,0.15,45
15.633,0.15,45
15.634,0.15,45
15.635,0.15,45
15.636,0.15,45
15.637,0.15,45
15.638,0.15,45
15.639,0.15,45
15.64,0.15,45
15.641,0.15,45
15.642,0.15,45
15.643,0.15,45
15.644,0.15,45
15.645,0.15,45
15.646,0.15,45
15.647,0.15,45
15.648,0.15,45
15.649,0.15,45
15.65,0.15,45
15.651,0.15,45
15.652,0.15,45
15.653,0.15,45
15.654,0.15,45
15.655,0.15,45
15.656,0.15,45
15.657,0.15,45
15.658,0.15,45
15.659,0.15,45
15.66,0.15,45
15.661,0.15,45
15.662,0.15,45
15.663,0.15,45
15.664,0.15,45
15.665,0.15,45
15.666,0.15,45
15.667,0.15,45
15.668,0.15,45
15.669,0.15,45
15.67,0.15,45
15.671,0.15,45
15.672,0.15,45
15.673,0.15,45
15.674,0.15,45
15.675,0.15,45
15.676,0.15,45
15.677,0.15,45
15.678,0.15,45
15.679,0.15,45
15.68,0.15,45
15.681,0.15,45
15.682,0.15,45
15.683,0.15,45
15.684,0.15,45
15.685,0.15,45
15.686,0.15,45
15.687,0.15,45
15.688,0.15,45
15.689,0.15,45
15.69,0.15,45
15.691,0.15,45
15.692,0.15,45
15.693,0.15,45
15.694,0.15,45
15.695,0.15,45
15.696,0.15,45
15.697,0.15,45
15.698,0.15,45
15.699,0.15,45
15.7,0.15,45
15.701,0.15,45
15.702,0.15,45
15.703,0.15,45
15.704,0.15,45
15.705,0.15,45
15.706,0.15,45
15.707,0.15,45
15.708,0.15,45
15.709,0.15,45
15.71,0.15,45
15.711,0.15,45
15.712,0.15,45
15.713,0.15,45
15.714,0.15,45
15.715,0.15,45
15.716,0.15,45
15.717,0.15,45
15.718,0.15,45
15.719,0.15,45
15.72,0.15,45
15.721,0.15,45
15.722,0.15,45
15.723,0.15,45
15.724,0.15,45
15.725,0.15,45
15.726,0.15,45
15.727,0.15,45
15.728,0.15,45
15.729,0.15,45
15.73,0.15,45
15.731,0.15,45
15.732,0.15,45
15.733,0.15,45
15.734,0.15,45
15.735,0.15,45
15.736,0.15,45
15.737,0.15,45
15.738,0.15,45
15.739,0.15,45
15.74,0.15,45
15.741,0.15,45
15.742,0.15,45
15.743,0.15,45
15.744,0.15,45
15.745,0.15,45
15.746,0.15,45
15.747,0.15,45
15.748,0.15,45
15.749,0.15,45
15.75,0.15,45
15.751,0.15,45
15.752,0.15,45
15.753,0.15,45
15.754,0.15,45
15.755,0.15,45
15.756,0.15,45
15.757,0.15,45
15.758,0.15,45
15.759,0.15,45
15.76,0.15,45
15.761,0.15,45
15.762,0.15,45
15.763,0.15,45
15.764,0.15,45
15.765,0.15,45
15.766,0.15,45
15.767,0.15,45
15.768,0.15,45
15.769,0.15,45
15.77,0.15,45
15.771,0.15,45
15.772,0.15,45
15.773,0.15,45
15.774,0.15,45
15.775,0.15,45
15.776,0.15,45
15.777,0.15,45
15.778,0.15,45
15.779,0.15,45
15.78,0.15,45
15.781,0.15,45
15.782,0.15,45
15.783,0.15,45
15.784,0.15,45
15.785,0.15,45
15.786,0.15,45
15.787,0.15,45
15.788,0.15,45
15.789,0.15,45
15.79,0.15,45
15.791,0.15,45
15.792,0.15,45
15.793,0.15,45
15.794,0.15,45
15.795,0.15,45
15.796,0.15,45
15.797,0.15,45
15.798,0.15,45
15.799,0.15,45
15.8,0.15,45
15.801,0.15,45
15.802,0.15,45
15.803,0.15,45
15.804,0.15,45
15.805,0.15,45
15.806,0.15,45
15.807,0.15,45
15.808,0.15,45
15.809,0.15,45
15.81,0.15,45
15.811,0.15,45
15.812,0.15,45
15.813,0.15,45
15.814,0.15,45
15.815,0.15,45
15.816,0.15,45
15.817,0.15,45
15.818,0.15,45
15.819,0.15,45
15.82,0.15,45
15.821,0.15,45
15.822,0.15,45
15.823,0.15,45
15.824,0.15,45
15.825,0.15,45
15.826,0.15,45
15.827,0.15,45
15.828,0.15,45
15.829,0.15,45
15.83,0.15,45
15.831,0.15,45
15.832,0.15,45
15.833,0.15,45
15.834,0.15,45
15.835,0.15,45
15.836,0.15,45
15.837,0.15,45
15.838,0.15,45
15.839,0.15,45
15.84,0.15,45
15.841,0.15,45
15.842,0.15,45
15.843,0.15,45
15.844,0.15,45
15.845,0.15,45
15.846,0.15,45
15.847,0.15,45
15.848,0.15,45
15.849,0.15,45
15.85,0.15,45
15.851,0.15,45
15.852,0.15,45
15.853,0.15,45
15.854,0.15,45
15.855,0.15,45
15.856,0.15,45
15.857,0.15,45
15.858,0.15,45
15.859,0.15,45
15.86,0.15,45
15.861,0.15,45
15.862,0.15,45
15.863,0.15,45
15.864,0.15,45
15.865,0.15,45
15.866,0.15,45
15.867,0.15,45
15.868,0.15,45
15.869,0.15,45
15.87,0.15,45
15.871,0.15,45
15.872,0.15,45
15.873,0.15,45
15.874,0.15,45
15.875,0.15,45
15.876,0.15,45
15.877,0.15,45
15.878,0.15,45
15.879,0.15,45
15.88,0.15,45
15.881,0.15,45
15.882,0.15,45
15.883,0.15,45
15.884,0.15,45
15.885,0.15,45
15.886,0.15,45
15.887,0.15,45
15.888,0.15,45
15.889,0.15,45
15.89,0.15,45
15.891,0.15,45
15.892,0.15,45
15.893,0.15,45
15.894,0.15,45
15.895,0.15,45
15.896,0.15,45
15.897,0.15,45
15.898,0.15,45
15.899,0.15,45
15.9,0.15,45
15.901,0.15,45
15.902,0.15,45
15.903,0.15,45
15.904,0.15,45
15.905,0.15,45
15.906,0.15,45
15.907,0.15,45
15.908,0.15,45
15.909,0.15,45
15.91,0.15,45
15.911,0.15,45
15.912,0.15,45
15.913,0.15,45
15.914,0.15,45
15.915,0.15,45
15.916,0.15,45
15.917,0.15,45
15.918,0.15,45
15.919,0.15,45
15.92,0.15,45
15.921,0.15,45
15.922,0.15,45
15.923,0.15,45
15.924,0.15,45
15.925,0.15,45
15.926,0.15,45
15.927,0.15,45
15.928,0.15,45
15.929,0.15,45
15.93,0.15,45
15.931,0.15,45
15.932,0.15,45
15.933,0.15,45
15.934,0.15,45
15.935,0.15,45
15.936,0.15,45
15.937,0.15,45
15.938,0.15,45
15.939,0.15,45
15.94,0.15,45
15.941,0.15,45
15.942,0.15,45
15.943,0.15,45
15.944,0.15,45
15.945,0.15,45
15.946,0.15,45
15.947,0.15,45
15.948,0.15,45
15.949,0.15,45
15.95,0.15,45
15.951,0.15,45
15.952,0.15,45
15.953,0.15,45
15.954,0.15,45
15.955,0.15,45
15.956,0.15,45
15.957,0.15,45
15.958,0.15,45
15.959,0.15,45
15.96,0.15,45
15.961,0.15,45
15.962,0.15,45
15.963,0.15,45
15.964,0.15,45
15.965,0.15,45
15.966,0.15,45
15.967,0.15,45
15.968,0.15,45
15.969,0.15,45
15.97,0.15,45
15.971,0.15,45
15.972,0.15,45
15.973,0.15,45
15.974,0.15,45
15.975,0.15,45
15.976,0.15,45
15.977,0.15,45
15.978,0.15,45
15.979,0.15,45
15.98,0.15,45
15.981,0.15,45
15.982,0.15,45
15.983,0.15,45
15.984,0.15,45
15.985,0.15,45
15.986,0.15,45
15.987,0.15,45
15.988,0.15,45
15.989,0.15,45
15.99,0.15,45
15.991,0.15,45
15.992,0.15,45
15.993,0.15,45
15.994,0.15,45
15.995,0.15,45
15.996,0.15,45
15.997,0.15,45
15.998,0.15,45
15.999,0.15,45
16,0.15,45
16.001,0.15,45
16.002,0.15,45
16.003,0.15,45
16.004,0.15,45
16.005,0.15,45
16.006,0.15,45
16.007,0.15,45
16.008,0.15,45
16.009,0.15,45
16.01,0.15,45
16.011,0.15,45
16.012,0.15,45
16.013,0.15,45
16.014,0.15,45
16.015,0.15,45
16.016,0.15,45
16.017,0.15,45
16.018,0.15,45
16.019,0.15,45
16.02,0.15,45
16.021,0.15,45
16.022,0.15,45
16.023,0.15,45
16.024,0.15,45
16.025,0.15,45
16.026,0.15,45
16.027,0.15,45
16.028,0.15,45
16.029,0.15,45
16.03,0.15,45
16.031,0.15,45
16.032,0.15,45
16.033,0.15,45
16.034,0.15,45
16.035,0.15,45
16.036,0.15,45
16.037,0.15,45
16.038,0.15,45
16.039,0.15,45
16.04,0.15,45
16.041,0.15,45
16.042,0.15,45
16.043,0.15,45
16.044,0.15,45
16.045,0.15,45
16.046,0.15,45
16.047,0.15,45
16.048,0.15,45
16.049,0.15,45
16.05,0.15,45
16.051,0.15,45
16.052,0.15,45
16.053,0.15,45
16.054,0.15,45
16.055,0.15,45
16.056,0.15,45
16.057,0.15,45
16.058,0.15,45
16.059,0.15,45
16.06,0.15,45
16.061,0.15,45
16.062,0.15,45
16.063,0.15,45
16.064,0.15,45
16.065,0.15,45
16.066,0.15,45
16.067,0.15,45
16.068,0.15,45
16.069,0.15,45
16.07,0.15,45
16.071,0.15,45
16.072,0.15,45
16.073,0.15,45
16.074,0.15,45
16.075,0.15,45
16.076,0.15,45
16.077,0.15,45
16.078,0.15,45
16.079,0.15,45
16.08,0.15,45
16.081,0.15,45
16.082,0.15,45
16.083,0.15,45
16.084,0.15,45
16.085,0.15,45
16.086,0.15,45
16.087,0.15,45
16.088,0.15,45
16.089,0.15,45
16.09,0.15,45
16.091,0.15,45
16.092,0.15,45
16.093,0.15,45
16.094,0.15,45
16.095,0.15,45
16.096,0.15,45
16.097,0.15,45
16.098,0.15,45
16.099,0.15,45
16.1,0.15,45
16.101,0.15,45
16.102,0.15,45
16.103,0.15,45
16.104,0.15,45
16.105,0.15,45
16.106,0.15,45
16.107,0.15,45
16.108,0.15,45
16.109,0.15,45
16.11,0.15,45
16.111,0.15,45
16.112,0.15,45
16.113,0.15,45
16.114,0.15,45
16.115,0.15,45
16.116,0.15,45
16.117,0.15,45
16.118,0.15,45
16.119,0.15,45
16.12,0.15,45
16.121,0.15,45
16.122,0.15,45
16.123,0.15,45
16.124,0.15,45
16.125,0.15,45
16.126,0.15,45
16.127,0.15,45
16.128,0.15,45
16.129,0.15,45
16.13,0.15,45
16.131,0.15,45
16.132,0.15,45
16.133,0.15,45
16.134,0.15,45
16.135,0.15,45
16.136,0.15,45
16.137,0.15,45
16.138,0.15,45
16.139,0.15,45
16.14,0.15,45
16.141,0.15,45
16.142,0.15,45
16.143,0.15,45
16.144,0.15,45
16.145,0.15,45
16.146,0.15,45
16.147,0.15,45
16.148,0.15,45
16.149,0.15,45
16.15,0.15,45
16.151,0.15,45
16.152,0.15,45
16.153,0.15,45
16.154,0.15,45
16.155,0.15,45
16.156,0.15,45
16.157,0.15,45
16.158,0.15,45
16.159,0.15,45
16.16,0.15,45
16.161,0.15,45
16.162,0.15,45
16.163,0.15,45
16.164,0.15,45
16.165,0.15,45
16.166,0.15,45
16.167,0.15,45
16.168,0.15,45
16.169,0.15,45
16.17,0.15,45
16.171,0.15,45
16.172,0.15,45
16.173,0.15,45
16.174,0.15,45
16.175,0.15,45
16.176,0.15,45
16.177,0.15,45
16.178,0.15,45
16.179,0.15,45
16.18,0.15,45
16.181,0.15,45
16.182,0.15,45
16.183,0.15,45
16.184,0.15,45
16.185,0.15,45
16.186,0.15,45
16.187,0.15,45
16.188,0.15,45
16.189,0.15,45
16.19,0.15,45
16.191,0.15,45
16.192,0.15,45
16.193,0.15,45
16.194,0.15,45
16.195,0.15,45
16.196,0.15,45
16.197,0.15,45
16.198,0.15,45
16.199,0.15,45
16.2,0.15,45
16.201,0.15,45
16.202,0.15,45
16.203,0.15,45
16.204,0.15,45
16.205,0.15,45
16.206,0.15,45
16.207,0.15,45
16.208,0.15,45
16.209,0.15,45
16.21,0.15,45
16.211,0.15,45
16.212,0.15,45
16.213,0.15,45
16.214,0.15,45
16.215,0.15,45
16.216,0.15,45
16.217,0.15,45
16.218,0.15,45
16.219,0.15,45
16.22,0.15,45
16.221,0.15,45
16.222,0.15,45
16.223,0.15,45
16.224,0.15,45
16.225,0.15,45
16.226,0.15,45
16.227,0.15,45
16.228,0.15,45
16.229,0.15,45
16.23,0.15,45
16.231,0.15,45
16.232,0.15,45
16.233,0.15,45
16.234,0.15,45
16.235,0.15,45
16.236,0.15,45
16.237,0.15,45
16.238,0.15,45
16.239,0.15,45
16.24,0.15,45
16.241,0.15,45
16.242,0.15,45
16.243,0.15,45
16.244,0.15,45
16.245,0.15,45
16.246,0.15,45
16.247,0.15,45
16.248,0.15,45
16.249,0.15,45
16.25,0.15,45
16.251,0.15,45
16.252,0.15,45
16.253,0.15,45
16.254,0.15,45
16.255,0.15,45
16.256,0.15,45
16.257,0.15,45
16.258,0.15,45
16.259,0.15,45
16.26,0.15,45
16.261,0.15,45
16.262,0.15,45
16.263,0.15,45
16.264,0.15,45
16.265,0.15,45
16.266,0.15,45
16.267,0.15,45
16.268,0.15,45
16.269,0.15,45
16.27,0.15,45
16.271,0.15,45
16.272,0.15,45
16.273,0.15,45
16.274,0.15,45
16.275,0.15,45
16.276,0.15,45
16.277,0.15,45
16.278,0.15,45
16.279,0.15,45
16.28,0.15,45
16.281,0.15,45
16.282,0.15,45
16.283,0.15,45
16.284,0.15,45
16.285,0.15,45
16.286,0.15,45
16.287,0.15,45
16.288,0.15,45
16.289,0.15,45
16.29,0.15,45
16.291,0.15,45
16.292,0.15,45
16.293,0.15,45
16.294,0.15,45
16.295,0.15,45
16.296,0.15,45
16.297,0.15,45
16.298,0.15,45
16.299,0.15,45
16.3,0.15,45
16.301,0.15,45
16.302,0.15,45
16.303,0.15,45
16.304,0.15,45
16.305,0.15,45
16.306,0.15,45
16.307,0.15,45
16.308,0.15,45
16.309,0.15,45
16.31,0.15,45
16.311,0.15,45
16.312,0.15,45
16.313,0.15,45
16.314,0.15,45
16.315,0.15,45
16.316,0.15,45
16.317,0.15,45
16.318,0.15,45
16.319,0.15,45
16.32,0.15,45
16.321,0.15,45
16.322,0.15,45
16.323,0.15,45
16.324,0.15,45
16.325,0.15,45
16.326,0.15,45
16.327,0.15,45
16.328,0.15,45
16.329,0.15,45
16.33,0.15,45
16.331,0.15,45
16.332,0.15,45
16.333,0.15,45
16.334,0.15,45
16.335,0.15,45
16.336,0.15,45
16.337,0.15,45
16.338,0.15,45
16.339,0.15,45
16.34,0.15,45
16.341,0.15,45
16.342,0.15,45
16.343,0.15,45
16.344,0.15,45
16.345,0.15,45
16.346,0.15,45
16.347,0.15,45
16.348,0.15,45
16.349,0.15,45
16.35,0.15,45
16.351,0.15,45
16.352,0.15,45
16.353,0.15,45
16.354,0.15,45
16.355,0.15,45
16.356,0.15,45
16.357,0.15,45
16.358,0.15,45
16.359,0.15,45
16.36,0.15,45
16.361,0.15,45
16.362,0.15,45
16.363,0.15,45
16.364,0.15,45
16.365,0.15,45
16.366,0.15,45
16.367,0.15,45
16.368,0.15,45
16.369,0.15,45
16.37,0.15,45
16.371,0.15,45
16.372,0.15,45
16.373,0.15,45
16.374,0.15,45
16.375,0.15,45
16.376,0.15,45
16.377,0.15,45
16.378,0.15,45
16.379,0.15,45
16.38,0.15,45
16.381,0.15,45
16.382,0.15,45
16.383,0.15,45
16.384,0.15,45
16.385,0.15,45
16.386,0.15,45
16.387,0.15,45
16.388,0.15,45
16.389,0.15,45
16.39,0.15,45
16.391,0.15,45
16.392,0.15,45
16.393,0.15,45
16.394,0.15,45
16.395,0.15,45
16.396,0.15,45
16.397,0.15,45
16.398,0.15,45
16.399,0.15,45
16.4,0.15,45
16.401,0.15,45
16.402,0.15,45
16.403,0.15,45
16.404,0.15,45
16.405,0.15,45
16.406,0.15,45
16.407,0.15,45
16.408,0.15,45
16.409,0.15,45
16.41,0.15,45
16.411,0.15,45
16.412,0.15,45
16.413,0.15,45
16.414,0.15,45
16.415,0.15,45
16.416,0.15,45
16.417,0.15,45
16.418,0.15,45
16.419,0.15,45
16.42,0.15,45
16.421,0.15,45
16.422,0.15,45
16.423,0.15,45
16.424,0.15,45
16.425,0.15,45
16.426,0.15,45
16.427,0.15,45
16.428,0.15,45
16.429,0.15,45
16.43,0.15,45
16.431,0.15,45
16.432,0.15,45
16.433,0.15,45
16.434,0.15,45
16.435,0.15,45
16.436,0.15,45
16.437,0.15,45
16.438,0.15,45
16.439,0.15,45
16.44,0.15,45
16.441,0.15,45
16.442,0.15,45
16.443,0.15,45
16.444,0.15,45
16.445,0.15,45
16.446,0.15,45
16.447,0.15,45
16.448,0.15,45
16.449,0.15,45
16.45,0.15,45
16.451,0.15,45
16.452,0.15,45
16.453,0.15,45
16.454,0.15,45
16.455,0.15,45
16.456,0.15,45
16.457,0.15,45
16.458,0.15,45
16.459,0.15,45
16.46,0.15,45
16.461,0.15,45
16.462,0.15,45
16.463,0.15,45
16.464,0.15,45
16.465,0.15,45
16.466,0.15,45
16.467,0.15,45
16.468,0.15,45
16.469,0.15,45
16.47,0.15,45
16.471,0.15,45
16.472,0.15,45
16.473,0.15,45
16.474,0.15,45
16.475,0.15,45
16.476,0.15,45
16.477,0.15,45
16.478,0.15,45
16.479,0.15,45
16.48,0.15,45
16.481,0.15,45
16.482,0.15,45
16.483,0.15,45
16.484,0.15,45
16.485,0.15,45
16.486,0.15,45
16.487,0.15,45
16.488,0.15,45
16.489,0.15,45
16.49,0.15,45
16.491,0.15,45
16.492,0.15,45
16.493,0.15,45
16.494,0.15,45
16.495,0.15,45
16.496,0.15,45
16.497,0.15,45
16.498,0.15,45
16.499,0.15,45
16.5,0.15,45
16.501,0.15,45
16.502,0.15,45
16.503,0.15,45
16.504,0.15,45
16.505,0.15,45
16.506,0.15,45
16.507,0.15,45
16.508,0.15,45
16.509,0.15,45
16.51,0.15,45
16.511,0.15,45
16.512,0.15,45
16.513,0.15,45
16.514,0.15,45
16.515,0.15,45
16.516,0.15,45
16.517,0.15,45
16.518,0.15,45
16.519,0.15,45
16.52,0.15,45
16.521,0.15,45
16.522,0.15,45
16.523,0.15,45
16.524,0.15,45
16.525,0.15,45
16.526,0.15,45
16.527,0.15,45
16.528,0.15,45
16.529,0.15,45
16.53,0.15,45
16.531,0.15,45
16.532,0.15,45
16.533,0.15,45
16.534,0.15,45
16.535,0.15,45
16.536,0.15,45
16.537,0.15,45
16.538,0.15,45
16.539,0.15,45
16.54,0.15,45
16.541,0.15,45
16.542,0.15,45
16.543,0.15,45
16.544,0.15,45
16.545,0.15,45
16.546,0.15,45
16.547,0.15,45
16.548,0.15,45
16.549,0.15,45
16.55,0.15,45
16.551,0.15,45
16.552,0.15,45
16.553,0.15,45
16.554,0.15,45
16.555,0.15,45
16.556,0.15,45
16.557,0.15,45
16.558,0.15,45
16.559,0.15,45
16.56,0.15,45
16.561,0.15,45
16.562,0.15,45
16.563,0.15,45
16.564,0.15,45
16.565,0.15,45
16.566,0.15,45
16.567,0.15,45
16.568,0.15,45
16.569,0.15,45
16.57,0.15,45
16.571,0.15,45
16.572,0.15,45
16.573,0.15,45
16.574,0.15,45
16.575,0.15,45
16.576,0.15,45
16.577,0.15,45
16.578,0.15,45
16.579,0.15,45
16.58,0.15,45
16.581,0.15,45
16.582,0.15,45
16.583,0.15,45
16.584,0.15,45
16.585,0.15,45
16.586,0.15,45
16.587,0.15,45
16.588,0.15,45
16.589,0.15,45
16.59,0.15,45
16.591,0.15,45
16.592,0.15,45
16.593,0.15,45
16.594,0.15,45
16.595,0.15,45
16.596,0.15,45
16.597,0.15,45
16.598,0.15,45
16.599,0.15,45
16.6,0.15,45
16.601,0.15,45
16.602,0.15,45
16.603,0.15,45
16.604,0.15,45
16.605,0.15,45
16.606,0.15,45
16.607,0.15,45
16.608,0.15,45
16.609,0.15,45
16.61,0.15,45
16.611,0.15,45
16.612,0.15,45
16.613,0.15,45
16.614,0.15,45
16.615,0.15,45
16.616,0.15,45
16.617,0.15,45
16.618,0.15,45
16.619,0.15,45
16.62,0.15,45
16.621,0.15,45
16.622,0.15,45
16.623,0.15,45
16.624,0.15,45
16.625,0.15,45
16.626,0.15,45
16.627,0.15,45
16.628,0.15,45
16.629,0.15,45
16.63,0.15,45
16.631,0.15,45
16.632,0.15,45
16.633,0.15,45
16.634,0.15,45
16.635,0.15,45
16.636,0.15,45
16.637,0.15,45
16.638,0.15,45
16.639,0.15,45
16.64,0.15,45
16.641,0.15,45
16.642,0.15,45
16.643,0.15,45
16.644,0.15,45
16.645,0.15,45
16.646,0.15,45
16.647,0.15,45
16.648,0.15,45
16.649,0.15,45
16.65,0.15,45
16.651,0.15,45
16.652,0.15,45
16.653,0.15,45
16.654,0.15,45
16.655,0.15,45
16.656,0.15,45
16.657,0.15,45
16.658,0.15,45
16.659,0.15,45
16.66,0.15,45
16.661,0.15,45
16.662,0.15,45
16.663,0.15,45
16.664,0.15,45
16.665,0.15,45
16.666,0.15,45
16.667,0.15,45
16.668,0.15,45
16.669,0.15,45
16.67,0.15,45
16.671,0.15,45
16.672,0.15,45
16.673,0.15,45
16.674,0.15,45
16.675,0.15,45
16.676,0.15,45
16.677,0.15,45
16.678,0.15,45
16.679,0.15,45
16.68,0.15,45
16.681,0.15,45
16.682,0.15,45
16.683,0.15,45
16.684,0.15,45
16.685,0.15,45
16.686,0.15,45
16.687,0.15,45
16.688,0.15,45
16.689,0.15,45
16.69,0.15,45
16.691,0.15,45
16.692,0.15,45
16.693,0.15,45
16.694,0.15,45
16.695,0.15,45
16.696,0.15,45
16.697,0.15,45
16.698,0.15,45
16.699,0.15,45
16.7,0.15,45
16.701,0.15,45
16.702,0.15,45
16.703,0.15,45
16.704,0.15,45
16.705,0.15,45
16.706,0.15,45
16.707,0.15,45
16.708,0.15,45
16.709,0.15,45
16.71,0.15,45
16.711,0.15,45
16.712,0.15,45
16.713,0.15,45
16.714,0.15,45
16.715,0.15,45
16.716,0.15,45
16.717,0.15,45
16.718,0.15,45
16.719,0.15,45
16.72,0.15,45
16.721,0.15,45
16.722,0.15,45
16.723,0.15,45
16.724,0.15,45
16.725,0.15,45
16.726,0.15,45
16.727,0.15,45
16.728,0.15,45
16.729,0.15,45
16.73,0.15,45
16.731,0.15,45
16.732,0.15,45
16.733,0.15,45
16.734,0.15,45
16.735,0.15,45
16.736,0.15,45
16.737,0.15,45
16.738,0.15,45
16.739,0.15,45
16.74,0.15,45
16.741,0.15,45
16.742,0.15,45
16.743,0.15,45
16.744,0.15,45
16.745,0.15,45
16.746,0.15,45
16.747,0.15,45
16.748,0.15,45
16.749,0.15,45
16.75,0.15,45
16.751,0.15,45
16.752,0.15,45
16.753,0.15,45
16.754,0.15,45
16.755,0.15,45
16.756,0.15,45
16.757,0.15,45
16.758,0.15,45
16.759,0.15,45
16.76,0.15,45
16.761,0.15,45
16.762,0.15,45
16.763,0.15,45
16.764,0.15,45
16.765,0.15,45
16.766,0.15,45
16.767,0.15,45
16.768,0.15,45
16.769,0.15,45
16.77,0.15,45
16.771,0.15,45
16.772,0.15,45
16.773,0.15,45
16.774,0.15,45
16.775,0.15,45
16.776,0.15,45
16.777,0.15,45
16.778,0.15,45
16.779,0.15,45
16.78,0.15,45
16.781,0.15,45
16.782,0.15,45
16.783,0.15,45
16.784,0.15,45
16.785,0.15,45
16.786,0.15,45
16.787,0.15,45
16.788,0.15,45
16.789,0.15,45
16.79,0.15,45
16.791,0.15,45
16.792,0.15,45
16.793,0.15,45
16.794,0.15,45
16.795,0.15,45
16.796,0.15,45
16.797,0.15,45
16.798,0.15,45
16.799,0.15,45
16.8,0.15,45
16.801,0.15,45
16.802,0.15,45
16.803,0.15,45
16.804,0.15,45
16.805,0.15,45
16.806,0.15,45
16.807,0.15,45
16.808,0.15,45
16.809,0.15,45
16.81,0.15,45
16.811,0.15,45
16.812,0.15,45
16.813,0.15,45
16.814,0.15,45
16.815,0.15,45
16.816,0.15,45
16.817,0.15,45
16.818,0.15,45
16.819,0.15,45
16.82,0.15,45
16.821,0.15,45
16.822,0.15,45
16.823,0.15,45
16.824,0.15,45
16.825,0.15,45
16.826,0.15,45
16.827,0.15,45
16.828,0.15,45
16.829,0.15,45
16.83,0.15,45
16.831,0.15,45
16.832,0.15,45
16.833,0.15,45
16.834,0.15,45
16.835,0.15,45
16.836,0.15,45
16.837,0.15,45
16.838,0.15,45
16.839,0.15,45
16.84,0.15,45
16.841,0.15,45
16.842,0.15,45
16.843,0.15,45
16.844,0.15,45
16.845,0.15,45
16.846,0.15,45
16.847,0.15,45
16.848,0.15,45
16.849,0.15,45
16.85,0.15,45
16.851,0.15,45
16.852,0.15,45
16.853,0.15,45
16.854,0.15,45
16.855,0.15,45
16.856,0.15,45
16.857,0.15,45
16.858,0.15,45
16.859,0.15,45
16.86,0.15,45
16.861,0.15,45
16.862,0.15,45
16.863,0.15,45
16.864,0.15,45
16.865,0.15,45
16.866,0.15,45
16.867,0.15,45
16.868,0.15,45
16.869,0.15,45
16.87,0.15,45
16.871,0.15,45
16.872,0.15,45
16.873,0.15,45
16.874,0.15,45
16.875,0.15,45
16.876,0.15,45
16.877,0.15,45
16.878,0.15,45
16.879,0.15,45
16.88,0.15,45
16.881,0.15,45
16.882,0.15,45
16.883,0.15,45
16.884,0.15,45
16.885,0.15,45
16.886,0.15,45
16.887,0.15,45
16.888,0.15,45
16.889,0.15,45
16.89,0.15,45
16.891,0.15,45
16.892,0.15,45
16.893,0.15,45
16.894,0.15,45
16.895,0.15,45
16.896,0.15,45
16.897,0.15,45
16.898,0.15,45
16.899,0.15,45
16.9,0.15,45
16.901,0.15,45
16.902,0.15,45
16.903,0.15,45
16.904,0.15,45
16.905,0.15,45
16.906,0.15,45
16.907,0.15,45
16.908,0.15,45
16.909,0.15,45
16.91,0.15,45
16.911,0.15,45
16.912,0.15,45
16.913,0.15,45
16.914,0.15,45
16.915,0.15,45
16.916,0.15,45
16.917,0.15,45
16.918,0.15,45
16.919,0.15,45
16.92,0.15,45
16.921,0.15,45
16.922,0.15,45
16.923,0.15,45
16.924,0.15,45
16.925,0.15,45
16.926,0.15,45
16.927,0.15,45
16.928,0.15,45
16.929,0.15,45
16.93,0.15,45
16.931,0.15,45
16.932,0.15,45
16.933,0.15,45
16.934,0.15,45
16.935,0.15,45
16.936,0.15,45
16.937,0.15,45
16.938,0.15,45
16.939,0.15,45
16.94,0.15,45
16.941,0.15,45
16.942,0.15,45
16.943,0.15,45
16.944,0.15,45
16.945,0.15,45
16.946,0.15,45
16.947,0.15,45
16.948,0.15,45
16.949,0.15,45
16.95,0.15,45
16.951,0.15,45
16.952,0.15,45
16.953,0.15,45
16.954,0.15,45
16.955,0.15,45
16.956,0.15,45
16.957,0.15,45
16.958,0.15,45
16.959,0.15,45
16.96,0.15,45
16.961,0.15,45
16.962,0.15,45
16.963,0.15,45
16.964,0.15,45
16.965,0.15,45
16.966,0.15,45
16.967,0.15,45
16.968,0.15,45
16.969,0.15,45
16.97,0.15,45
16.971,0.15,45
16.972,0.15,45
16.973,0.15,45
16.974,0.15,45
16.975,0.15,45
16.976,0.15,45
16.977,0.15,45
16.978,0.15,45
16.979,0.15,45
16.98,0.15,45
16.981,0.15,45
16.982,0.15,45
16.983,0.15,45
16.984,0.15,45
16.985,0.15,45
16.986,0.15,45
16.987,0.15,45
16.988,0.15,45
16.989,0.15,45
16.99,0.15,45
16.991,0.15,45
16.992,0.15,45
16.993,0.15,45
16.994,0.15,45
16.995,0.15,45
16.996,0.15,45
16.997,0.15,45
16.998,0.15,45
16.999,0.15,45
17,0.15,45
17.001,0.15,45
17.002,0.15,45
17.003,0.15,45
17.004,0.15,45
17.005,0.15,45
17.006,0.15,45
17.007,0.15,45
17.008,0.15,45
17.009,0.15,45
17.01,0.15,45
17.011,0.15,45
17.012,0.15,45
17.013,0.15,45
17.014,0.15,45
17.015,0.15,45
17.016,0.15,45
17.017,0.15,45
17.018,0.15,45
17.019,0.15,45
17.02,0.15,45
17.021,0.15,45
17.022,0.15,45
17.023,0.15,45
17.024,0.15,45
17.025,0.15,45
17.026,0.15,45
17.027,0.15,45
17.028,0.15,45
17.029,0.15,45
17.03,0.15,45
17.031,0.15,45
17.032,0.15,45
17.033,0.15,45
17.034,0.15,45
17.035,0.15,45
17.036,0.15,45
17.037,0.15,45
17.038,0.15,45
17.039,0.15,45
17.04,0.15,45
17.041,0.15,45
17.042,0.15,45
17.043,0.15,45
17.044,0.15,45
17.045,0.15,45
17.046,0.15,45
17.047,0.15,45
17.048,0.15,45
17.049,0.15,45
17.05,0.15,45
17.051,0.15,45
17.052,0.15,45
17.053,0.15,45
17.054,0.15,45
17.055,0.15,45
17.056,0.15,45
17.057,0.15,45
17.058,0.15,45
17.059,0.15,45
17.06,0.15,45
17.061,0.15,45
17.062,0.15,45
17.063,0.15,45
17.064,0.15,45
17.065,0.15,45
17.066,0.15,45
17.067,0.15,45
17.068,0.15,45
17.069,0.15,45
17.07,0.15,45
17.071,0.15,45
17.072,0.15,45
17.073,0.15,45
17.074,0.15,45
17.075,0.15,45
17.076,0.15,45
17.077,0.15,45
17.078,0.15,45
17.079,0.15,45
17.08,0.15,45
17.081,0.15,45
17.082,0.15,45
17.083,0.15,45
17.084,0.15,45
17.085,0.15,45
17.086,0.15,45
17.087,0.15,45
17.088,0.15,45
17.089,0.15,45
17.09,0.15,45
17.091,0.15,45
17.092,0.15,45
17.093,0.15,45
17.094,0.15,45
17.095,0.15,45
17.096,0.15,45
17.097,0.15,45
17.098,0.15,45
17.099,0.15,45
17.1,0.15,45
17.101,0.15,45
17.102,0.15,45
17.103,0.15,45
17.104,0.15,45
17.105,0.15,45
17.106,0.15,45
17.107,0.15,45
17.108,0.15,45
17.109,0.15,45
17.11,0.15,45
17.111,0.15,45
17.112,0.15,45
17.113,0.15,45
17.114,0.15,45
17.115,0.15,45
17.116,0.15,45
17.117,0.15,45
17.118,0.15,45
17.119,0.15,45
17.12,0.15,45
17.121,0.15,45
17.122,0.15,45
17.123,0.15,45
17.124,0.15,45
17.125,0.15,45
17.126,0.15,45
17.127,0.15,45
17.128,0.15,45
17.129,0.15,45
17.13,0.15,45
17.131,0.15,45
17.132,0.15,45
17.133,0.15,45
17.134,0.15,45
17.135,0.15,45
17.136,0.15,45
17.137,0.15,45
17.138,0.15,45
17.139,0.15,45
17.14,0.15,45
17.141,0.15,45
17.142,0.15,45
17.143,0.15,45
17.144,0.15,45
17.145,0.15,45
17.146,0.15,45
17.147,0.15,45
17.148,0.15,45
17.149,0.15,45
17.15,0.15,45
17.151,0.15,45
17.152,0.15,45
17.153,0.15,45
17.154,0.15,45
17.155,0.15,45
17.156,0.15,45
17.157,0.15,45
17.158,0.15,45
17.159,0.15,45
17.16,0.15,45
17.161,0.15,45
17.162,0.15,45
17.163,0.15,45
17.164,0.15,45
17.165,0.15,45
17.166,0.15,45
17.167,0.15,45
17.168,0.15,45
17.169,0.15,45
17.17,0.15,45
17.171,0.15,45
17.172,0.15,45
17.173,0.15,45
17.174,0.15,45
17.175,0.15,45
17.176,0.15,45
17.177,0.15,45
17.178,0.15,45
17.179,0.15,45
17.18,0.15,45
17.181,0.15,45
17.182,0.15,45
17.183,0.15,45
17.184,0.15,45
17.185,0.15,45
17.186,0.15,45
17.187,0.15,45
17.188,0.15,45
17.189,0.15,45
17.19,0.15,45
17.191,0.15,45
17.192,0.15,45
17.193,0.15,45
17.194,0.15,45
17.195,0.15,45
17.196,0.15,45
17.197,0.15,45
17.198,0.15,45
17.199,0.15,45
17.2,0.15,45
17.201,0.15,45
17.202,0.15,45
17.203,0.15,45
17.204,0.15,45
17.205,0.15,45
17.206,0.15,45
17.207,0.15,45
17.208,0.15,45
17.209,0.15,45
17.21,0.15,45
17.211,0.15,45
17.212,0.15,45
17.213,0.15,45
17.214,0.15,45
17.215,0.15,45
17.216,0.15,45
17.217,0.15,45
17.218,0.15,45
17.219,0.15,45
17.22,0.15,45
17.221,0.15,45
17.222,0.15,45
17.223,0.15,45
17.224,0.15,45
17.225,0.15,45
17.226,0.15,45
17.227,0.15,45
17.228,0.15,45
17.229,0.15,45
17.23,0.15,45
17.231,0.15,45
17.232,0.15,45
17.233,0.15,45
17.234,0.15,45
17.235,0.15,45
17.236,0.15,45
17.237,0.15,45
17.238,0.15,45
17.239,0.15,45
17.24,0.15,45
17.241,0.15,45
17.242,0.15,45
17.243,0.15,45
17.244,0.15,45
17.245,0.15,45
17.246,0.15,45
17.247,0.15,45
17.248,0.15,45
17.249,0.15,45
17.25,0.15,45
17.251,0.15,45
17.252,0.15,45
17.253,0.15,45
17.254,0.15,45
17.255,0.15,45
17.256,0.15,45
17.257,0.15,45
17.258,0.15,45
17.259,0.15,45
17.26,0.15,45
17.261,0.15,45
17.262,0.15,45
17.263,0.15,45
17.264,0.15,45
17.265,0.15,45
17.266,0.15,45
17.267,0.15,45
17.268,0.15,45
17.269,0.15,45
17.27,0.15,45
17.271,0.15,45
17.272,0.15,45
17.273,0.15,45
17.274,0.15,45
17.275,0.15,45
17.276,0.15,45
17.277,0.15,45
17.278,0.15,45
17.279,0.15,45
17.28,0.15,45
17.281,0.15,45
17.282,0.15,45
17.283,0.15,45
17.284,0.15,45
17.285,0.15,45
17.286,0.15,45
17.287,0.15,45
17.288,0.15,45
17.289,0.15,45
17.29,0.15,45
17.291,0.15,45
17.292,0.15,45
17.293,0.15,45
17.294,0.15,45
17.295,0.15,45
17.296,0.15,45
17.297,0.15,45
17.298,0.15,45
17.299,0.15,45
17.3,0.15,45
17.301,0.15,45
17.302,0.15,45
17.303,0.15,45
17.304,0.15,45
17.305,0.15,45
17.306,0.15,45
17.307,0.15,45
17.308,0.15,45
17.309,0.15,45
17.31,0.15,45
17.311,0.15,45
17.312,0.15,45
17.313,0.15,45
17.314,0.15,45
17.315,0.15,45
17.316,0.15,45
17.317,0.15,45
17.318,0.15,45
17.319,0.15,45
17.32,0.15,45
17.321,0.15,45
17.322,0.15,45
17.323,0.15,45
17.324,0.15,45
17.325,0.15,45
17.326,0.15,45
17.327,0.15,45
17.328,0.15,45
17.329,0.15,45
17.33,0.15,45
17.331,0.15,45
17.332,0.15,45
17.333,0.15,45
17.334,0.15,45
17.335,0.15,45
17.336,0.15,45
17.337,0.15,45
17.338,0.15,45
17.339,0.15,45
17.34,0.15,45
17.341,0.15,45
17.342,0.15,45
17.343,0.15,45
17.344,0.15,45
17.345,0.15,45
17.346,0.15,45
17.347,0.15,45
17.348,0.15,45
17.349,0.15,45
17.35,0.15,45
17.351,0.15,45
17.352,0.15,45
17.353,0.15,45
17.354,0.15,45
17.355,0.15,45
17.356,0.15,45
17.357,0.15,45
17.358,0.15,45
17.359,0.15,45
17.36,0.15,45
17.361,0.15,45
17.362,0.15,45
17.363,0.15,45
17.364,0.15,45
17.365,0.15,45
17.366,0.15,45
17.367,0.15,45
17.368,0.15,45
17.369,0.15,45
17.37,0.15,45
17.371,0.15,45
17.372,0.15,45
17.373,0.15,45
17.374,0.15,45
17.375,0.15,45
17.376,0.15,45
17.377,0.15,45
17.378,0.15,45
17.379,0.15,45
17.38,0.15,45
17.381,0.15,45
17.382,0.15,45
17.383,0.15,45
17.384,0.15,45
17.385,0.15,45
17.386,0.15,45
17.387,0.15,45
17.388,0.15,45
17.389,0.15,45
17.39,0.15,45
17.391,0.15,45
17.392,0.15,45
17.393,0.15,45
17.394,0.15,45
17.395,0.15,45
17.396,0.15,45
17.397,0.15,45
17.398,0.15,45
17.399,0.15,45
17.4,0.15,45
17.401,0.15,45
17.402,0.15,45
17.403,0.15,45
17.404,0.15,45
17.405,0.15,45
17.406,0.15,45
17.407,0.15,45
17.408,0.15,45
17.409,0.15,45
17.41,0.15,45
17.411,0.15,45
17.412,0.15,45
17.413,0.15,45
17.414,0.15,45
17.415,0.15,45
17.416,0.15,45
17.417,0.15,45
17.418,0.15,45
17.419,0.15,45
17.42,0.15,45
17.421,0.15,45
17.422,0.15,45
17.423,0.15,45
17.424,0.15,45
17.425,0.15,45
17.426,0.15,45
17.427,0.15,45
17.428,0.15,45
17.429,0.15,45
17.43,0.15,45
17.431,0.15,45
17.432,0.15,45
17.433,0.15,45
17.434,0.15,45
17.435,0.15,45
17.436,0.15,45
17.437,0.15,45
17.438,0.15,45
17.439,0.15,45
17.44,0.15,45
17.441,0.15,45
17.442,0.15,45
17.443,0.15,45
17.444,0.15,45
17.445,0.15,45
17.446,0.15,45
17.447,0.15,45
17.448,0.15,45
17.449,0.15,45
17.45,0.15,45
17.451,0.15,45
17.452,0.15,45
17.453,0.15,45
17.454,0.15,45
17.455,0.15,45
17.456,0.15,45
17.457,0.15,45
17.458,0.15,45
17.459,0.15,45
17.46,0.15,45
17.461,0.15,45
17.462,0.15,45
17.463,0.15,45
17.464,0.15,45
17.465,0.15,45
17.466,0.15,45
17.467,0.15,45
17.468,0.15,45
17.469,0.15,45
17.47,0.15,45
17.471,0.15,45
17.472,0.15,45
17.473,0.15,45
17.474,0.15,45
17.475,0.15,45
17.476,0.15,45
17.477,0.15,45
17.478,0.15,45
17.479,0.15,45
17.48,0.15,45
17.481,0.15,45
17.482,0.15,45
17.483,0.15,45
17.484,0.15,45
17.485,0.15,45
17.486,0.15,45
17.487,0.15,45
17.488,0.15,45
17.489,0.15,45
17.49,0.15,45
17.491,0.15,45
17.492,0.15,45
17.493,0.15,45
17.494,0.15,45
17.495,0.15,45
17.496,0.15,45
17.497,0.15,45
17.498,0.15,45
17.499,0.15,45
17.5,0.15,45
17.501,0.15,45
17.502,0.15,45
17.503,0.15,45
17.504,0.15,45
17.505,0.15,45
17.506,0.15,45
17.507,0.15,45
17.508,0.15,45
17.509,0.15,45
17.51,0.15,45
17.511,0.15,45
17.512,0.15,45
17.513,0.15,45
17.514,0.15,45
17.515,0.15,45
17.516,0.15,45
17.517,0.15,45
17.518,0.15,45
17.519,0.15,45
17.52,0.15,45
17.521,0.15,45
17.522,0.15,45
17.523,0.15,45
17.524,0.15,45
17.525,0.15,45
17.526,0.15,45
17.527,0.15,45
17.528,0.15,45
17.529,0.15,45
17.53,0.15,45
17.531,0.15,45
17.532,0.15,45
17.533,0.15,45
17.534,0.15,45
17.535,0.15,45
17.536,0.15,45
17.537,0.15,45
17.538,0.15,45
17.539,0.15,45
17.54,0.15,45
17.541,0.15,45
17.542,0.15,45
17.543,0.15,45
17.544,0.15,45
17.545,0.15,45
17.546,0.15,45
17.547,0.15,45
17.548,0.15,45
17.549,0.15,45
17.55,0.15,45
17.551,0.15,45
17.552,0.15,45
17.553,0.15,45
17.554,0.15,45
17.555,0.15,45
17.556,0.15,45
17.557,0.15,45
17.558,0.15,45
17.559,0.15,45
17.56,0.15,45
17.561,0.15,45
17.562,0.15,45
17.563,0.15,45
17.564,0.15,45
17.565,0.15,45
17.566,0.15,45
17.567,0.15,45
17.568,0.15,45
17.569,0.15,45
17.57,0.15,45
17.571,0.15,45
17.572,0.15,45
17.573,0.15,45
17.574,0.15,45
17.575,0.15,45
17.576,0.15,45
17.577,0.15,45
17.578,0.15,45
17.579,0.15,45
17.58,0.15,45
17.581,0.15,45
17.582,0.15,45
17.583,0.15,45
17.584,0.15,45
17.585,0.15,45
17.586,0.15,45
17.587,0.15,45
17.588,0.15,45
17.589,0.15,45
17.59,0.15,45
17.591,0.15,45
17.592,0.15,45
17.593,0.15,45
17.594,0.15,45
17.595,0.15,45
17.596,0.15,45
17.597,0.15,45
17.598,0.15,45
17.599,0.15,45
17.6,0.15,45
17.601,0.15,45
17.602,0.15,45
17.603,0.15,45
17.604,0.15,45
17.605,0.15,45
17.606,0.15,45
17.607,0.15,45
17.608,0.15,45
17.609,0.15,45
17.61,0.15,45
17.611,0.15,45
17.612,0.15,45
17.613,0.15,45
17.614,0.15,45
17.615,0.15,45
17.616,0.15,45
17.617,0.15,45
17.618,0.15,45
17.619,0.15,45
17.62,0.15,45
17.621,0.15,45
17.622,0.15,45
17.623,0.15,45
17.624,0.15,45
17.625,0.15,45
17.626,0.15,45
17.627,0.15,45
17.628,0.15,45
17.629,0.15,45
17.63,0.15,45
17.631,0.15,45
17.632,0.15,45
17.633,0.15,45
17.634,0.15,45
17.635,0.15,45
17.636,0.15,45
17.637,0.15,45
17.638,0.15,45
17.639,0.15,45
17.64,0.15,45
17.641,0.15,45
17.642,0.15,45
17.643,0.15,45
17.644,0.15,45
17.645,0.15,45
17.646,0.15,45
17.647,0.15,45
17.648,0.15,45
17.649,0.15,45
17.65,0.15,45
17.651,0.15,45
17.652,0.15,45
17.653,0.15,45
17.654,0.15,45
17.655,0.15,45
17.656,0.15,45
17.657,0.15,45
17.658,0.15,45
17.659,0.15,45
17.66,0.15,45
17.661,0.15,45
17.662,0.15,45
17.663,0.15,45
17.664,0.15,45
17.665,0.15,45
17.666,0.15,45
17.667,0.15,45
17.668,0.15,45
17.669,0.15,45
17.67,0.15,45
17.671,0.15,45
17.672,0.15,45
17.673,0.15,45
17.674,0.15,45
17.675,0.15,45
17.676,0.15,45
17.677,0.15,45
17.678,0.15,45
17.679,0.15,45
17.68,0.15,45
17.681,0.15,45
17.682,0.15,45
17.683,0.15,45
17.684,0.15,45
17.685,0.15,45
17.686,0.15,45
17.687,0.15,45
17.688,0.15,45
17.689,0.15,45
17.69,0.15,45
17.691,0.15,45
17.692,0.15,45
17.693,0.15,45
17.694,0.15,45
17.695,0.15,45
17.696,0.15,45
17.697,0.15,45
17.698,0.15,45
17.699,0.15,45
17.7,0.15,45
17.701,0.15,45
17.702,0.15,45
17.703,0.15,45
17.704,0.15,45
17.705,0.15,45
17.706,0.15,45
17.707,0.15,45
17.708,0.15,45
17.709,0.15,45
17.71,0.15,45
17.711,0.15,45
17.712,0.15,45
17.713,0.15,45
17.714,0.15,45
17.715,0.15,45
17.716,0.15,45
17.717,0.15,45
17.718,0.15,45
17.719,0.15,45
17.72,0.15,45
17.721,0.15,45
17.722,0.15,45
17.723,0.15,45
17.724,0.15,45
17.725,0.15,45
17.726,0.15,45
17.727,0.15,45
17.728,0.15,45
17.729,0.15,45
17.73,0.15,45
17.731,0.15,45
17.732,0.15,45
17.733,0.15,45
17.734,0.15,45
17.735,0.15,45
17.736,0.15,45
17.737,0.15,45
17.738,0.15,45
17.739,0.15,45
17.74,0.15,45
17.741,0.15,45
17.742,0.15,45
17.743,0.15,45
17.744,0.15,45
17.745,0.15,45
17.746,0.15,45
17.747,0.15,45
17.748,0.15,45
17.749,0.15,45
17.75,0.15,45
17.751,0.15,45
17.752,0.15,45
17.753,0.15,45
17.754,0.15,45
17.755,0.15,45
17.756,0.15,45
17.757,0.15,45
17.758,0.15,45
17.759,0.15,45
17.76,0.15,45
17.761,0.15,45
17.762,0.15,45
17.763,0.15,45
17.764,0.15,45
17.765,0.15,45
17.766,0.15,45
17.767,0.15,45
17.768,0.15,45
17.769,0.15,45
17.77,0.15,45
17.771,0.15,45
17.772,0.15,45
17.773,0.15,45
17.774,0.15,45
17.775,0.15,45
17.776,0.15,45
17.777,0.15,45
17.778,0.15,45
17.779,0.15,45
17.78,0.15,45
17.781,0.15,45
17.782,0.15,45
17.783,0.15,45
17.784,0.15,45
17.785,0.15,45
17.786,0.15,45
17.787,0.15,45
17.788,0.15,45
17.789,0.15,45
17.79,0.15,45
17.791,0.15,45
17.792,0.15,45
17.793,0.15,45
17.794,0.15,45
17.795,0.15,45
17.796,0.15,45
17.797,0.15,45
17.798,0.15,45
17.799,0.15,45
17.8,0.15,45
17.801,0.15,45
17.802,0.15,45
17.803,0.15,45
17.804,0.15,45
17.805,0.15,45
17.806,0.15,45
17.807,0.15,45
17.808,0.15,45
17.809,0.15,45
17.81,0.15,45
17.811,0.15,45
17.812,0.15,45
17.813,0.15,45
17.814,0.15,45
17.815,0.15,45
17.816,0.15,45
17.817,0.15,45
17.818,0.15,45
17.819,0.15,45
17.82,0.15,45
17.821,0.15,45
17.822,0.15,45
17.823,0.15,45
17.824,0.15,45
17.825,0.15,45
17.826,0.15,45
17.827,0.15,45
17.828,0.15,45
17.829,0.15,45
17.83,0.15,45
17.831,0.15,45
17.832,0.15,45
17.833,0.15,45
17.834,0.15,45
17.835,0.15,45
17.836,0.15,45
17.837,0.15,45
17.838,0.15,45
17.839,0.15,45
17.84,0.15,45
17.841,0.15,45
17.842,0.15,45
17.843,0.15,45
17.844,0.15,45
17.845,0.15,45
17.846,0.15,45
17.847,0.15,45
17.848,0.15,45
17.849,0.15,45
17.85,0.15,45
17.851,0.15,45
17.852,0.15,45
17.853,0.15,45
17.854,0.15,45
17.855,0.15,45
17.856,0.15,45
17.857,0.15,45
17.858,0.15,45
17.859,0.15,45
17.86,0.15,45
17.861,0.15,45
17.862,0.15,45
17.863,0.15,45
17.864,0.15,45
17.865,0.15,45
17.866,0.15,45
17.867,0.15,45
17.868,0.15,45
17.869,0.15,45
17.87,0.15,45
17.871,0.15,45
17.872,0.15,45
17.873,0.15,45
17.874,0.15,45
17.875,0.15,45
17.876,0.15,45
17.877,0.15,45
17.878,0.15,45
17.879,0.15,45
17.88,0.15,45
17.881,0.15,45
17.882,0.15,45
17.883,0.15,45
17.884,0.15,45
17.885,0.15,45
17.886,0.15,45
17.887,0.15,45
17.888,0.15,45
17.889,0.15,45
17.89,0.15,45
17.891,0.15,45
17.892,0.15,45
17.893,0.15,45
17.894,0.15,45
17.895,0.15,45
17.896,0.15,45
17.897,0.15,45
17.898,0.15,45
17.899,0.15,45
17.9,0.15,45
17.901,0.15,45
17.902,0.15,45
17.903,0.15,45
17.904,0.15,45
17.905,0.15,45
17.906,0.15,45
17.907,0.15,45
17.908,0.15,45
17.909,0.15,45
17.91,0.15,45
17.911,0.15,45
17.912,0.15,45
17.913,0.15,45
17.914,0.15,45
17.915,0.15,45
17.916,0.15,45
17.917,0.15,45
17.918,0.15,45
17.919,0.15,45
17.92,0.15,45
17.921,0.15,45
17.922,0.15,45
17.923,0.15,45
17.924,0.15,45
17.925,0.15,45
17.926,0.15,45
17.927,0.15,45
17.928,0.15,45
17.929,0.15,45
17.93,0.15,45
17.931,0.15,45
17.932,0.15,45
17.933,0.15,45
17.934,0.15,45
17.935,0.15,45
17.936,0.15,45
17.937,0.15,45
17.938,0.15,45
17.939,0.15,45
17.94,0.15,45
17.941,0.15,45
17.942,0.15,45
17.943,0.15,45
17.944,0.15,45
17.945,0.15,45
17.946,0.15,45
17.947,0.15,45
17.948,0.15,45
17.949,0.15,45
17.95,0.15,45
17.951,0.15,45
17.952,0.15,45
17.953,0.15,45
17.954,0.15,45
17.955,0.15,45
17.956,0.15,45
17.957,0.15,45
17.958,0.15,45
17.959,0.15,45
17.96,0.15,45
17.961,0.15,45
17.962,0.15,45
17.963,0.15,45
17.964,0.15,45
17.965,0.15,45
17.966,0.15,45
17.967,0.15,45
17.968,0.15,45
17.969,0.15,45
17.97,0.15,45
17.971,0.15,45
17.972,0.15,45
17.973,0.15,45
17.974,0.15,45
17.975,0.15,45
17.976,0.15,45
17.977,0.15,45
17.978,0.15,45
17.979,0.15,45
17.98,0.15,45
17.981,0.15,45
17.982,0.15,45
17.983,0.15,45
17.984,0.15,45
17.985,0.15,45
17.986,0.15,45
17.987,0.15,45
17.988,0.15,45
17.989,0.15,45
17.99,0.15,45
17.991,0.15,45
17.992,0.15,45
17.993,0.15,45
17.994,0.15,45
17.995,0.15,45
17.996,0.15,45
17.997,0.15,45
17.998,0.15,45
17.999,0.15,45
18,0.15,45
18.001,0.15,45
18.002,0.15,45
18.003,0.15,45
18.004,0.15,45
18.005,0.15,45
18.006,0.15,45
18.007,0.15,45
18.008,0.15,45
18.009,0.15,45
18.01,0.15,45
18.011,0.15,45
18.012,0.15,45
18.013,0.15,45
18.014,0.15,45
18.015,0.15,45
18.016,0.15,45
18.017,0.15,45
18.018,0.15,45
18.019,0.15,45
18.02,0.15,45
18.021,0.15,45
18.022,0.15,45
18.023,0.15,45
18.024,0.15,45
18.025,0.15,45
18.026,0.15,45
18.027,0.15,45
18.028,0.15,45
18.029,0.15,45
18.03,0.15,45
18.031,0.15,45
18.032,0.15,45
18.033,0.15,45
18.034,0.15,45
18.035,0.15,45
18.036,0.15,45
18.037,0.15,45
18.038,0.15,45
18.039,0.15,45
18.04,0.15,45
18.041,0.15,45
18.042,0.15,45
18.043,0.15,45
18.044,0.15,45
18.045,0.15,45
18.046,0.15,45
18.047,0.15,45
18.048,0.15,45
18.049,0.15,45
18.05,0.15,45
18.051,0.15,45
18.052,0.15,45
18.053,0.15,45
18.054,0.15,45
18.055,0.15,45
18.056,0.15,45
18.057,0.15,45
18.058,0.15,45
18.059,0.15,45
18.06,0.15,45
18.061,0.15,45
18.062,0.15,45
18.063,0.15,45
18.064,0.15,45
18.065,0.15,45
18.066,0.15,45
18.067,0.15,45
18.068,0.15,45
18.069,0.15,45
18.07,0.15,45
18.071,0.15,45
18.072,0.15,45
18.073,0.15,45
18.074,0.15,45
18.075,0.15,45
18.076,0.15,45
18.077,0.15,45
18.078,0.15,45
18.079,0.15,45
18.08,0.15,45
18.081,0.15,45
18.082,0.15,45
18.083,0.15,45
18.084,0.15,45
18.085,0.15,45
18.086,0.15,45
18.087,0.15,45
18.088,0.15,45
18.089,0.15,45
18.09,0.15,45
18.091,0.15,45
18.092,0.15,45
18.093,0.15,45
18.094,0.15,45
18.095,0.15,45
18.096,0.15,45
18.097,0.15,45
18.098,0.15,45
18.099,0.15,45
18.1,0.15,45
18.101,0.15,45
18.102,0.15,45
18.103,0.15,45
18.104,0.15,45
18.105,0.15,45
18.106,0.15,45
18.107,0.15,45
18.108,0.15,45
18.109,0.15,45
18.11,0.15,45
18.111,0.15,45
18.112,0.15,45
18.113,0.15,45
18.114,0.15,45
18.115,0.15,45
18.116,0.15,45
18.117,0.15,45
18.118,0.15,45
18.119,0.15,45
18.12,0.15,45
18.121,0.15,45
18.122,0.15,45
18.123,0.15,45
18.124,0.15,45
18.125,0.15,45
18.126,0.15,45
18.127,0.15,45
18.128,0.15,45
18.129,0.15,45
18.13,0.15,45
18.131,0.15,45
18.132,0.15,45
18.133,0.15,45
18.134,0.15,45
18.135,0.15,45
18.136,0.15,45
18.137,0.15,45
18.138,0.15,45
18.139,0.15,45
18.14,0.15,45
18.141,0.15,45
18.142,0.15,45
18.143,0.15,45
18.144,0.15,45
18.145,0.15,45
18.146,0.15,45
18.147,0.15,45
18.148,0.15,45
18.149,0.15,45
18.15,0.15,45
18.151,0.15,45
18.152,0.15,45
18.153,0.15,45
18.154,0.15,45
18.155,0.15,45
18.156,0.15,45
18.157,0.15,45
18.158,0.15,45
18.159,0.15,45
18.16,0.15,45
18.161,0.15,45
18.162,0.15,45
18.163,0.15,45
18.164,0.15,45
18.165,0.15,45
18.166,0.15,45
18.167,0.15,45
18.168,0.15,45
18.169,0.15,45
18.17,0.15,45
18.171,0.15,45
18.172,0.15,45
18.173,0.15,45
18.174,0.15,45
18.175,0.15,45
18.176,0.15,45
18.177,0.15,45
18.178,0.15,45
18.179,0.15,45
18.18,0.15,45
18.181,0.15,45
18.182,0.15,45
18.183,0.15,45
18.184,0.15,45
18.185,0.15,45
18.186,0.15,45
18.187,0.15,45
18.188,0.15,45
18.189,0.15,45
18.19,0.15,45
18.191,0.15,45
18.192,0.15,45
18.193,0.15,45
18.194,0.15,45
18.195,0.15,45
18.196,0.15,45
18.197,0.15,45
18.198,0.15,45
18.199,0.15,45
18.2,0.15,45
18.201,0.15,45
18.202,0.15,45
18.203,0.15,45
18.204,0.15,45
18.205,0.15,45
18.206,0.15,45
18.207,0.15,45
18.208,0.15,45
18.209,0.15,45
18.21,0.15,45
18.211,0.15,45
18.212,0.15,45
18.213,0.15,45
18.214,0.15,45
18.215,0.15,45
18.216,0.15,45
18.217,0.15,45
18.218,0.15,45
18.219,0.15,45
18.22,0.15,45
18.221,0.15,45
18.222,0.15,45
18.223,0.15,45
18.224,0.15,45
18.225,0.15,45
18.226,0.15,45
18.227,0.15,45
18.228,0.15,45
18.229,0.15,45
18.23,0.15,45
18.231,0.15,45
18.232,0.15,45
18.233,0.15,45
18.234,0.15,45
18.235,0.15,45
18.236,0.15,45
18.237,0.15,45
18.238,0.15,45
18.239,0.15,45
18.24,0.15,45
18.241,0.15,45
18.242,0.15,45
18.243,0.15,45
18.244,0.15,45
18.245,0.15,45
18.246,0.15,45
18.247,0.15,45
18.248,0.15,45
18.249,0.15,45
18.25,0.15,45
18.251,0.15,45
18.252,0.15,45
18.253,0.15,45
18.254,0.15,45
18.255,0.15,45
18.256,0.15,45
18.257,0.15,45
18.258,0.15,45
18.259,0.15,45
18.26,0.15,45
18.261,0.15,45
18.262,0.15,45
18.263,0.15,45
18.264,0.15,45
18.265,0.15,45
18.266,0.15,45
18.267,0.15,45
18.268,0.15,45
18.269,0.15,45
18.27,0.15,45
18.271,0.15,45
18.272,0.15,45
18.273,0.15,45
18.274,0.15,45
18.275,0.15,45
18.276,0.15,45
18.277,0.15,45
18.278,0.15,45
18.279,0.15,45
18.28,0.15,45
18.281,0.15,45
18.282,0.15,45
18.283,0.15,45
18.284,0.15,45
18.285,0.15,45
18.286,0.15,45
18.287,0.15,45
18.288,0.15,45
18.289,0.15,45
18.29,0.15,45
18.291,0.15,45
18.292,0.15,45
18.293,0.15,45
18.294,0.15,45
18.295,0.15,45
18.296,0.15,45
18.297,0.15,45
18.298,0.15,45
18.299,0.15,45
18.3,0.15,45
18.301,0.15,45
18.302,0.15,45
18.303,0.15,45
18.304,0.15,45
18.305,0.15,45
18.306,0.15,45
18.307,0.15,45
18.308,0.15,45
18.309,0.15,45
18.31,0.15,45
18.311,0.15,45
18.312,0.15,45
18.313,0.15,45
18.314,0.15,45
18.315,0.15,45
18.316,0.15,45
18.317,0.15,45
18.318,0.15,45
18.319,0.15,45
18.32,0.15,45
18.321,0.15,45
18.322,0.15,45
18.323,0.15,45
18.324,0.15,45
18.325,0.15,45
18.326,0.15,45
18.327,0.15,45
18.328,0.15,45
18.329,0.15,45
18.33,0.15,45
18.331,0.15,45
18.332,0.15,45
18.333,0.15,45
18.334,0.15,45
18.335,0.15,45
18.336,0.15,45
18.337,0.15,45
18.338,0.15,45
18.339,0.15,45
18.34,0.15,45
18.341,0.15,45
18.342,0.15,45
18.343,0.15,45
18.344,0.15,45
18.345,0.15,45
18.346,0.15,45
18.347,0.15,45
18.348,0.15,45
18.349,0.15,45
18.35,0.15,45
18.351,0.15,45
18.352,0.15,45
18.353,0.15,45
18.354,0.15,45
18.355,0.15,45
18.356,0.15,45
18.357,0.15,45
18.358,0.15,45
18.359,0.15,45
18.36,0.15,45
18.361,0.15,45
18.362,0.15,45
18.363,0.15,45
18.364,0.15,45
18.365,0.15,45
18.366,0.15,45
18.367,0.15,45
18.368,0.15,45
18.369,0.15,45
18.37,0.15,45
18.371,0.15,45
18.372,0.15,45
18.373,0.15,45
18.374,0.15,45
18.375,0.15,45
18.376,0.15,45
18.377,0.15,45
18.378,0.15,45
18.379,0.15,45
18.38,0.15,45
18.381,0.15,45
18.382,0.15,45
18.383,0.15,45
18.384,0.15,45
18.385,0.15,45
18.386,0.15,45
18.387,0.15,45
18.388,0.15,45
18.389,0.15,45
18.39,0.15,45
18.391,0.15,45
18.392,0.15,45
18.393,0.15,45
18.394,0.15,45
18.395,0.15,45
18.396,0.15,45
18.397,0.15,45
18.398,0.15,45
18.399,0.15,45
18.4,0.15,45
18.401,0.15,45
18.402,0.15,45
18.403,0.15,45
18.404,0.15,45
18.405,0.15,45
18.406,0.15,45
18.407,0.15,45
18.408,0.15,45
18.409,0.15,45
18.41,0.15,45
18.411,0.15,45
18.412,0.15,45
18.413,0.15,45
18.414,0.15,45
18.415,0.15,45
18.416,0.15,45
18.417,0.15,45
18.418,0.15,45
18.419,0.15,45
18.42,0.15,45
18.421,0.15,45
18.422,0.15,45
18.423,0.15,45
18.424,0.15,45
18.425,0.15,45
18.426,0.15,45
18.427,0.15,45
18.428,0.15,45
18.429,0.15,45
18.43,0.15,45
18.431,0.15,45
18.432,0.15,45
18.433,0.15,45
18.434,0.15,45
18.435,0.15,45
18.436,0.15,45
18.437,0.15,45
18.438,0.15,45
18.439,0.15,45
18.44,0.15,45
18.441,0.15,45
18.442,0.15,45
18.443,0.15,45
18.444,0.15,45
18.445,0.15,45
18.446,0.15,45
18.447,0.15,45
18.448,0.15,45
18.449,0.15,45
18.45,0.15,45
18.451,0.15,45
18.452,0.15,45
18.453,0.15,45
18.454,0.15,45
18.455,0.15,45
18.456,0.15,45
18.457,0.15,45
18.458,0.15,45
18.459,0.15,45
18.46,0.15,45
18.461,0.15,45
18.462,0.15,45
18.463,0.15,45
18.464,0.15,45
18.465,0.15,45
18.466,0.15,45
18.467,0.15,45
18.468,0.15,45
18.469,0.15,45
18.47,0.15,45
18.471,0.15,45
18.472,0.15,45
18.473,0.15,45
18.474,0.15,45
18.475,0.15,45
18.476,0.15,45
18.477,0.15,45
18.478,0.15,45
18.479,0.15,45
18.48,0.15,45
18.481,0.15,45
18.482,0.15,45
18.483,0.15,45
18.484,0.15,45
18.485,0.15,45
18.486,0.15,45
18.487,0.15,45
18.488,0.15,45
18.489,0.15,45
18.49,0.15,45
18.491,0.15,45
18.492,0.15,45
18.493,0.15,45
18.494,0.15,45
18.495,0.15,45
18.496,0.15,45
18.497,0.15,45
18.498,0.15,45
18.499,0.15,45
18.5,0.15,45
18.501,0.15,45
18.502,0.15,45
18.503,0.15,45
18.504,0.15,45
18.505,0.15,45
18.506,0.15,45
18.507,0.15,45
18.508,0.15,45
18.509,0.15,45
18.51,0.15,45
18.511,0.15,45
18.512,0.15,45
18.513,0.15,45
18.514,0.15,45
18.515,0.15,45
18.516,0.15,45
18.517,0.15,45
18.518,0.15,45
18.519,0.15,45
18.52,0.15,45
18.521,0.15,45
18.522,0.15,45
18.523,0.15,45
18.524,0.15,45
18.525,0.15,45
18.526,0.15,45
18.527,0.15,45
18.528,0.15,45
18.529,0.15,45
18.53,0.15,45
18.531,0.15,45
18.532,0.15,45
18.533,0.15,45
18.534,0.15,45
18.535,0.15,45
18.536,0.15,45
18.537,0.15,45
18.538,0.15,45
18.539,0.15,45
18.54,0.15,45
18.541,0.15,45
18.542,0.15,45
18.543,0.15,45
18.544,0.15,45
18.545,0.15,45
18.546,0.15,45
18.547,0.15,45
18.548,0.15,45
18.549,0.15,45
18.55,0.15,45
18.551,0.15,45
18.552,0.15,45
18.553,0.15,45
18.554,0.15,45
18.555,0.15,45
18.556,0.15,45
18.557,0.15,45
18.558,0.15,45
18.559,0.15,45
18.56,0.15,45
18.561,0.15,45
18.562,0.15,45
18.563,0.15,45
18.564,0.15,45
18.565,0.15,45
18.566,0.15,45
18.567,0.15,45
18.568,0.15,45
18.569,0.15,45
18.57,0.15,45
18.571,0.15,45
18.572,0.15,45
18.573,0.15,45
18.574,0.15,45
18.575,0.15,45
18.576,0.15,45
18.577,0.15,45
18.578,0.15,45
18.579,0.15,45
18.58,0.15,45
18.581,0.15,45
18.582,0.15,45
18.583,0.15,45
18.584,0.15,45
18.585,0.15,45
18.586,0.15,45
18.587,0.15,45
18.588,0.15,45
18.589,0.15,45
18.59,0.15,45
18.591,0.15,45
18.592,0.15,45
18.593,0.15,45
18.594,0.15,45
18.595,0.15,45
18.596,0.15,45
18.597,0.15,45
18.598,0.15,45
18.599,0.15,45
18.6,0.15,45
18.601,0.15,45
18.602,0.15,45
18.603,0.15,45
18.604,0.15,45
18.605,0.15,45
18.606,0.15,45
18.607,0.15,45
18.608,0.15,45
18.609,0.15,45
18.61,0.15,45
18.611,0.15,45
18.612,0.15,45
18.613,0.15,45
18.614,0.15,45
18.615,0.15,45
18.616,0.15,45
18.617,0.15,45
18.618,0.15,45
18.619,0.15,45
18.62,0.15,45
18.621,0.15,45
18.622,0.15,45
18.623,0.15,45
18.624,0.15,45
18.625,0.15,45
18.626,0.15,45
18.627,0.15,45
18.628,0.15,45
18.629,0.15,45
18.63,0.15,45
18.631,0.15,45
18.632,0.15,45
18.633,0.15,45
18.634,0.15,45
18.635,0.15,45
18.636,0.15,45
18.637,0.15,45
18.638,0.15,45
18.639,0.15,45
18.64,0.15,45
18.641,0.15,45
18.642,0.15,45
18.643,0.15,45
18.644,0.15,45
18.645,0.15,45
18.646,0.15,45
18.647,0.15,45
18.648,0.15,45
18.649,0.15,45
18.65,0.15,45
18.651,0.15,45
18.652,0.15,45
18.653,0.15,45
18.654,0.15,45
18.655,0.15,45
18.656,0.15,45
18.657,0.15,45
18.658,0.15,45
18.659,0.15,45
18.66,0.15,45
18.661,0.15,45
18.662,0.15,45
18.663,0.15,45
18.664,0.15,45
18.665,0.15,45
18.666,0.15,45
18.667,0.15,45
18.668,0.15,45
18.669,0.15,45
18.67,0.15,45
18.671,0.15,45
18.672,0.15,45
18.673,0.15,45
18.674,0.15,45
18.675,0.15,45
18.676,0.15,45
18.677,0.15,45
18.678,0.15,45
18.679,0.15,45
18.68,0.15,45
18.681,0.15,45
18.682,0.15,45
18.683,0.15,45
18.684,0.15,45
18.685,0.15,45
18.686,0.15,45
18.687,0.15,45
18.688,0.15,45
18.689,0.15,45
18.69,0.15,45
18.691,0.15,45
18.692,0.15,45
18.693,0.15,45
18.694,0.15,45
18.695,0.15,45
18.696,0.15,45
18.697,0.15,45
18.698,0.15,45
18.699,0.15,45
18.7,0.15,45
18.701,0.15,45
18.702,0.15,45
18.703,0.15,45
18.704,0.15,45
18.705,0.15,45
18.706,0.15,45
18.707,0.15,45
18.708,0.15,45
18.709,0.15,45
18.71,0.15,45
18.711,0.15,45
18.712,0.15,45
18.713,0.15,45
18.714,0.15,45
18.715,0.15,45
18.716,0.15,45
18.717,0.15,45
18.718,0.15,45
18.719,0.15,45
18.72,0.15,45
18.721,0.15,45
18.722,0.15,45
18.723,0.15,45
18.724,0.15,45
18.725,0.15,45
18.726,0.15,45
18.727,0.15,45
18.728,0.15,45
18.729,0.15,45
18.73,0.15,45
18.731,0.15,45
18.732,0.15,45
18.733,0.15,45
18.734,0.15,45
18.735,0.15,45
18.736,0.15,45
18.737,0.15,45
18.738,0.15,45
18.739,0.15,45
18.74,0.15,45
18.741,0.15,45
18.742,0.15,45
18.743,0.15,45
18.744,0.15,45
18.745,0.15,45
18.746,0.15,45
18.747,0.15,45
18.748,0.15,45
18.749,0.15,45
18.75,0.15,45
18.751,0.15,45
18.752,0.15,45
18.753,0.15,45
18.754,0.15,45
18.755,0.15,45
18.756,0.15,45
18.757,0.15,45
18.758,0.15,45
18.759,0.15,45
18.76,0.15,45
18.761,0.15,45
18.762,0.15,45
18.763,0.15,45
18.764,0.15,45
18.765,0.15,45
18.766,0.15,45
18.767,0.15,45
18.768,0.15,45
18.769,0.15,45
18.77,0.15,45
18.771,0.15,45
18.772,0.15,45
18.773,0.15,45
18.774,0.15,45
18.775,0.15,45
18.776,0.15,45
18.777,0.15,45
18.778,0.15,45
18.779,0.15,45
18.78,0.15,45
18.781,0.15,45
18.782,0.15,45
18.783,0.15,45
18.784,0.15,45
18.785,0.15,45
18.786,0.15,45
18.787,0.15,45
18.788,0.15,45
18.789,0.15,45
18.79,0.15,45
18.791,0.15,45
18.792,0.15,45
18.793,0.15,45
18.794,0.15,45
18.795,0.15,45
18.796,0.15,45
18.797,0.15,45
18.798,0.15,45
18.799,0.15,45
18.8,0.15,45
18.801,0.15,45
18.802,0.15,45
18.803,0.15,45
18.804,0.15,45
18.805,0.15,45
18.806,0.15,45
18.807,0.15,45
18.808,0.15,45
18.809,0.15,45
18.81,0.15,45
18.811,0.15,45
18.812,0.15,45
18.813,0.15,45
18.814,0.15,45
18.815,0.15,45
18.816,0.15,45
18.817,0.15,45
18.818,0.15,45
18.819,0.15,45
18.82,0.15,45
18.821,0.15,45
18.822,0.15,45
18.823,0.15,45
18.824,0.15,45
18.825,0.15,45
18.826,0.15,45
18.827,0.15,45
18.828,0.15,45
18.829,0.15,45
18.83,0.15,45
18.831,0.15,45
18.832,0.15,45
18.833,0.15,45
18.834,0.15,45
18.835,0.15,45
18.836,0.15,45
18.837,0.15,45
18.838,0.15,45
18.839,0.15,45
18.84,0.15,45
18.841,0.15,45
18.842,0.15,45
18.843,0.15,45
18.844,0.15,45
18.845,0.15,45
18.846,0.15,45
18.847,0.15,45
18.848,0.15,45
18.849,0.15,45
18.85,0.15,45
18.851,0.15,45
18.852,0.15,45
18.853,0.15,45
18.854,0.15,45
18.855,0.15,45
18.856,0.15,45
18.857,0.15,45
18.858,0.15,45
18.859,0.15,45
18.86,0.15,45
18.861,0.15,45
18.862,0.15,45
18.863,0.15,45
18.864,0.15,45
18.865,0.15,45
18.866,0.15,45
18.867,0.15,45
18.868,0.15,45
18.869,0.15,45
18.87,0.15,45
18.871,0.15,45
18.872,0.15,45
18.873,0.15,45
18.874,0.15,45
18.875,0.15,45
18.876,0.15,45
18.877,0.15,45
18.878,0.15,45
18.879,0.15,45
18.88,0.15,45
18.881,0.15,45
18.882,0.15,45
18.883,0.15,45
18.884,0.15,45
18.885,0.15,45
18.886,0.15,45
18.887,0.15,45
18.888,0.15,45
18.889,0.15,45
18.89,0.15,45
18.891,0.15,45
18.892,0.15,45
18.893,0.15,45
18.894,0.15,45
18.895,0.15,45
18.896,0.15,45
18.897,0.15,45
18.898,0.15,45
18.899,0.15,45
18.9,0.15,45
18.901,0.15,45
18.902,0.15,45
18.903,0.15,45
18.904,0.15,45
18.905,0.15,45
18.906,0.15,45
18.907,0.15,45
18.908,0.15,45
18.909,0.15,45
18.91,0.15,45
18.911,0.15,45
18.912,0.15,45
18.913,0.15,45
18.914,0.15,45
18.915,0.15,45
18.916,0.15,45
18.917,0.15,45
18.918,0.15,45
18.919,0.15,45
18.92,0.15,45
18.921,0.15,45
18.922,0.15,45
18.923,0.15,45
18.924,0.15,45
18.925,0.15,45
18.926,0.15,45
18.927,0.15,45
18.928,0.15,45
18.929,0.15,45
18.93,0.15,45
18.931,0.15,45
18.932,0.15,45
18.933,0.15,45
18.934,0.15,45
18.935,0.15,45
18.936,0.15,45
18.937,0.15,45
18.938,0.15,45
18.939,0.15,45
18.94,0.15,45
18.941,0.15,45
18.942,0.15,45
18.943,0.15,45
18.944,0.15,45
18.945,0.15,45
18.946,0.15,45
18.947,0.15,45
18.948,0.15,45
18.949,0.15,45
18.95,0.15,45
18.951,0.15,45
18.952,0.15,45
18.953,0.15,45
18.954,0.15,45
18.955,0.15,45
18.956,0.15,45
18.957,0.15,45
18.958,0.15,45
18.959,0.15,45
18.96,0.15,45
18.961,0.15,45
18.962,0.15,45
18.963,0.15,45
18.964,0.15,45
18.965,0.15,45
18.966,0.15,45
18.967,0.15,45
18.968,0.15,45
18.969,0.15,45
18.97,0.15,45
18.971,0.15,45
18.972,0.15,45
18.973,0.15,45
18.974,0.15,45
18.975,0.15,45
18.976,0.15,45
18.977,0.15,45
18.978,0.15,45
18.979,0.15,45
18.98,0.15,45
18.981,0.15,45
18.982,0.15,45
18.983,0.15,45
18.984,0.15,45
18.985,0.15,45
18.986,0.15,45
18.987,0.15,45
18.988,0.15,45
18.989,0.15,45
18.99,0.15,45
18.991,0.15,45
18.992,0.15,45
18.993,0.15,45
18.994,0.15,45
18.995,0.15,45
18.996,0.15,45
18.997,0.15,45
18.998,0.15,45
18.999,0.15,45
19,0.15,45
19.001,0.15,45
19.002,0.15,45
19.003,0.15,45
19.004,0.15,45
19.005,0.15,45
19.006,0.15,45
19.007,0.15,45
19.008,0.15,45
19.009,0.15,45
19.01,0.15,45
19.011,0.15,45
19.012,0.15,45
19.013,0.15,45
19.014,0.15,45
19.015,0.15,45
19.016,0.15,45
19.017,0.15,45
19.018,0.15,45
19.019,0.15,45
19.02,0.15,45
19.021,0.15,45
19.022,0.15,45
19.023,0.15,45
19.024,0.15,45
19.025,0.15,45
19.026,0.15,45
19.027,0.15,45
19.028,0.15,45
19.029,0.15,45
19.03,0.15,45
19.031,0.15,45
19.032,0.15,45
19.033,0.15,45
19.034,0.15,45
19.035,0.15,45
19.036,0.15,45
19.037,0.15,45
19.038,0.15,45
19.039,0.15,45
19.04,0.15,45
19.041,0.15,45
19.042,0.15,45
19.043,0.15,45
19.044,0.15,45
19.045,0.15,45
19.046,0.15,45
19.047,0.15,45
19.048,0.15,45
19.049,0.15,45
19.05,0.15,45
19.051,0.15,45
19.052,0.15,45
19.053,0.15,45
19.054,0.15,45
19.055,0.15,45
19.056,0.15,45
19.057,0.15,45
19.058,0.15,45
19.059,0.15,45
19.06,0.15,45
19.061,0.15,45
19.062,0.15,45
19.063,0.15,45
19.064,0.15,45
19.065,0.15,45
19.066,0.15,45
19.067,0.15,45
19.068,0.15,45
19.069,0.15,45
19.07,0.15,45
19.071,0.15,45
19.072,0.15,45
19.073,0.15,45
19.074,0.15,45
19.075,0.15,45
19.076,0.15,45
19.077,0.15,45
19.078,0.15,45
19.079,0.15,45
19.08,0.15,45
19.081,0.15,45
19.082,0.15,45
19.083,0.15,45
19.084,0.15,45
19.085,0.15,45
19.086,0.15,45
19.087,0.15,45
19.088,0.15,45
19.089,0.15,45
19.09,0.15,45
19.091,0.15,45
19.092,0.15,45
19.093,0.15,45
19.094,0.15,45
19.095,0.15,45
19.096,0.15,45
19.097,0.15,45
19.098,0.15,45
19.099,0.15,45
19.1,0.15,45
19.101,0.15,45
19.102,0.15,45
19.103,0.15,45
19.104,0.15,45
19.105,0.15,45
19.106,0.15,45
19.107,0.15,45
19.108,0.15,45
19.109,0.15,45
19.11,0.15,45
19.111,0.15,45
19.112,0.15,45
19.113,0.15,45
19.114,0.15,45
19.115,0.15,45
19.116,0.15,45
19.117,0.15,45
19.118,0.15,45
19.119,0.15,45
19.12,0.15,45
19.121,0.15,45
19.122,0.15,45
19.123,0.15,45
19.124,0.15,45
19.125,0.15,45
19.126,0.15,45
19.127,0.15,45
19.128,0.15,45
19.129,0.15,45
19.13,0.15,45
19.131,0.15,45
19.132,0.15,45
19.133,0.15,45
19.134,0.15,45
19.135,0.15,45
19.136,0.15,45
19.137,0.15,45
19.138,0.15,45
19.139,0.15,45
19.14,0.15,45
19.141,0.15,45
19.142,0.15,45
19.143,0.15,45
19.144,0.15,45
19.145,0.15,45
19.146,0.15,45
19.147,0.15,45
19.148,0.15,45
19.149,0.15,45
19.15,0.15,45
19.151,0.15,45
19.152,0.15,45
19.153,0.15,45
19.154,0.15,45
19.155,0.15,45
19.156,0.15,45
19.157,0.15,45
19.158,0.15,45
19.159,0.15,45
19.16,0.15,45
19.161,0.15,45
19.162,0.15,45
19.163,0.15,45
19.164,0.15,45
19.165,0.15,45
19.166,0.15,45
19.167,0.15,45
19.168,0.15,45
19.169,0.15,45
19.17,0.15,45
19.171,0.15,45
19.172,0.15,45
19.173,0.15,45
19.174,0.15,45
19.175,0.15,45
19.176,0.15,45
19.177,0.15,45
19.178,0.15,45
19.179,0.15,45
19.18,0.15,45
19.181,0.15,45
19.182,0.15,45
19.183,0.15,45
19.184,0.15,45
19.185,0.15,45
19.186,0.15,45
19.187,0.15,45
19.188,0.15,45
19.189,0.15,45
19.19,0.15,45
19.191,0.15,45
19.192,0.15,45
19.193,0.15,45
19.194,0.15,45
19.195,0.15,45
19.196,0.15,45
19.197,0.15,45
19.198,0.15,45
19.199,0.15,45
19.2,0.15,45
19.201,0.15,45
19.202,0.15,45
19.203,0.15,45
19.204,0.15,45
19.205,0.15,45
19.206,0.15,45
19.207,0.15,45
19.208,0.15,45
19.209,0.15,45
19.21,0.15,45
19.211,0.15,45
19.212,0.15,45
19.213,0.15,45
19.214,0.15,45
19.215,0.15,45
19.216,0.15,45
19.217,0.15,45
19.218,0.15,45
19.219,0.15,45
19.22,0.15,45
19.221,0.15,45
19.222,0.15,45
19.223,0.15,45
19.224,0.15,45
19.225,0.15,45
19.226,0.15,45
19.227,0.15,45
19.228,0.15,45
19.229,0.15,45
19.23,0.15,45
19.231,0.15,45
19.232,0.15,45
19.233,0.15,45
19.234,0.15,45
19.235,0.15,45
19.236,0.15,45
19.237,0.15,45
19.238,0.15,45
19.239,0.15,45
19.24,0.15,45
19.241,0.15,45
19.242,0.15,45
19.243,0.15,45
19.244,0.15,45
19.245,0.15,45
19.246,0.15,45
19.247,0.15,45
19.248,0.15,45
19.249,0.15,45
19.25,0.15,45
19.251,0.15,45
19.252,0.15,45
19.253,0.15,45
19.254,0.15,45
19.255,0.15,45
19.256,0.15,45
19.257,0.15,45
19.258,0.15,45
19.259,0.15,45
19.26,0.15,45
19.261,0.15,45
19.262,0.15,45
19.263,0.15,45
19.264,0.15,45
19.265,0.15,45
19.266,0.15,45
19.267,0.15,45
19.268,0.15,45
19.269,0.15,45
19.27,0.15,45
19.271,0.15,45
19.272,0.15,45
19.273,0.15,45
19.274,0.15,45
19.275,0.15,45
19.276,0.15,45
19.277,0.15,45
19.278,0.15,45
19.279,0.15,45
19.28,0.15,45
19.281,0.15,45
19.282,0.15,45
19.283,0.15,45
19.284,0.15,45
19.285,0.15,45
19.286,0.15,45
19.287,0.15,45
19.288,0.15,45
19.289,0.15,45
19.29,0.15,45
19.291,0.15,45
19.292,0.15,45
19.293,0.15,45
19.294,0.15,45
19.295,0.15,45
19.296,0.15,45
19.297,0.15,45
19.298,0.15,45
19.299,0.15,45
19.3,0.15,45
19.301,0.15,45
19.302,0.15,45
19.303,0.15,45
19.304,0.15,45
19.305,0.15,45
19.306,0.15,45
19.307,0.15,45
19.308,0.15,45
19.309,0.15,45
19.31,0.15,45
19.311,0.15,45
19.312,0.15,45
19.313,0.15,45
19.314,0.15,45
19.315,0.15,45
19.316,0.15,45
19.317,0.15,45
19.318,0.15,45
19.319,0.15,45
19.32,0.15,45
19.321,0.15,45
19.322,0.15,45
19.323,0.15,45
19.324,0.15,45
19.325,0.15,45
19.326,0.15,45
19.327,0.15,45
19.328,0.15,45
19.329,0.15,45
19.33,0.15,45
19.331,0.15,45
19.332,0.15,45
19.333,0.15,45
19.334,0.15,45
19.335,0.15,45
19.336,0.15,45
19.337,0.15,45
19.338,0.15,45
19.339,0.15,45
19.34,0.15,45
19.341,0.15,45
19.342,0.15,45
19.343,0.15,45
19.344,0.15,45
19.345,0.15,45
19.346,0.15,45
19.347,0.15,45
19.348,0.15,45
19.349,0.15,45
19.35,0.15,45
19.351,0.15,45
19.352,0.15,45
19.353,0.15,45
19.354,0.15,45
19.355,0.15,45
19.356,0.15,45
19.357,0.15,45
19.358,0.15,45
19.359,0.15,45
19.36,0.15,45
19.361,0.15,45
19.362,0.15,45
19.363,0.15,45
19.364,0.15,45
19.365,0.15,45
19.366,0.15,45
19.367,0.15,45
19.368,0.15,45
19.369,0.15,45
19.37,0.15,45
19.371,0.15,45
19.372,0.15,45
19.373,0.15,45
19.374,0.15,45
19.375,0.15,45
19.376,0.15,45
19.377,0.15,45
19.378,0.15,45
19.379,0.15,45
19.38,0.15,45
19.381,0.15,45
19.382,0.15,45
19.383,0.15,45
19.384,0.15,45
19.385,0.15,45
19.386,0.15,45
19.387,0.15,45
19.388,0.15,45
19.389,0.15,45
19.39,0.15,45
19.391,0.15,45
19.392,0.15,45
19.393,0.15,45
19.394,0.15,45
19.395,0.15,45
19.396,0.15,45
19.397,0.15,45
19.398,0.15,45
19.399,0.15,45
19.4,0.15,45
19.401,0.15,45
19.402,0.15,45
19.403,0.15,45
19.404,0.15,45
19.405,0.15,45
19.406,0.15,45
19.407,0.15,45
19.408,0.15,45
19.409,0.15,45
19.41,0.15,45
19.411,0.15,45
19.412,0.15,45
19.413,0.15,45
19.414,0.15,45
19.415,0.15,45
19.416,0.15,45
19.417,0.15,45
19.418,0.15,45
19.419,0.15,45
19.42,0.15,45
19.421,0.15,45
19.422,0.15,45
19.423,0.15,45
19.424,0.15,45
19.425,0.15,45
19.426,0.15,45
19.427,0.15,45
19.428,0.15,45
19.429,0.15,45
19.43,0.15,45
19.431,0.15,45
19.432,0.15,45
19.433,0.15,45
19.434,0.15,45
19.435,0.15,45
19.436,0.15,45
19.437,0.15,45
19.438,0.15,45
19.439,0.15,45
19.44,0.15,45
19.441,0.15,45
19.442,0.15,45
19.443,0.15,45
19.444,0.15,45
19.445,0.15,45
19.446,0.15,45
19.447,0.15,45
19.448,0.15,45
19.449,0.15,45
19.45,0.15,45
19.451,0.15,45
19.452,0.15,45
19.453,0.15,45
19.454,0.15,45
19.455,0.15,45
19.456,0.15,45
19.457,0.15,45
19.458,0.15,45
19.459,0.15,45
19.46,0.15,45
19.461,0.15,45
19.462,0.15,45
19.463,0.15,45
19.464,0.15,45
19.465,0.15,45
19.466,0.15,45
19.467,0.15,45
19.468,0.15,45
19.469,0.15,45
19.47,0.15,45
19.471,0.15,45
19.472,0.15,45
19.473,0.15,45
19.474,0.15,45
19.475,0.15,45
19.476,0.15,45
19.477,0.15,45
19.478,0.15,45
19.479,0.15,45
19.48,0.15,45
19.481,0.15,45
19.482,0.15,45
19.483,0.15,45
19.484,0.15,45
19.485,0.15,45
19.486,0.15,45
19.487,0.15,45
19.488,0.15,45
19.489,0.15,45
19.49,0.15,45
19.491,0.15,45
19.492,0.15,45
19.493,0.15,45
19.494,0.15,45
19.495,0.15,45
19.496,0.15,45
19.497,0.15,45
19.498,0.15,45
19.499,0.15,45
19.5,0.15,45
19.501,0.15,45
19.502,0.15,45
19.503,0.15,45
19.504,0.15,45
19.505,0.15,45
19.506,0.15,45
19.507,0.15,45
19.508,0.15,45
19.509,0.15,45
19.51,0.15,45
19.511,0.15,45
19.512,0.15,45
19.513,0.15,45
19.514,0.15,45
19.515,0.15,45
19.516,0.15,45
19.517,0.15,45
19.518,0.15,45
19.519,0.15,45
19.52,0.15,45
19.521,0.15,45
19.522,0.15,45
19.523,0.15,45
19.524,0.15,45
19.525,0.15,45
19.526,0.15,45
19.527,0.15,45
19.528,0.15,45
19.529,0.15,45
19.53,0.15,45
19.531,0.15,45
19.532,0.15,45
19.533,0.15,45
19.534,0.15,45
19.535,0.15,45
19.536,0.15,45
19.537,0.15,45
19.538,0.15,45
19.539,0.15,45
19.54,0.15,45
19.541,0.15,45
19.542,0.15,45
19.543,0.15,45
19.544,0.15,45
19.545,0.15,45
19.546,0.15,45
19.547,0.15,45
19.548,0.15,45
19.549,0.15,45
19.55,0.15,45
19.551,0.15,45
19.552,0.15,45
19.553,0.15,45
19.554,0.15,45
19.555,0.15,45
19.556,0.15,45
19.557,0.15,45
19.558,0.15,45
19.559,0.15,45
19.56,0.15,45
19.561,0.15,45
19.562,0.15,45
19.563,0.15,45
19.564,0.15,45
19.565,0.15,45
19.566,0.15,45
19.567,0.15,45
19.568,0.15,45
19.569,0.15,45
19.57,0.15,45
19.571,0.15,45
19.572,0.15,45
19.573,0.15,45
19.574,0.15,45
19.575,0.15,45
19.576,0.15,45
19.577,0.15,45
19.578,0.15,45
19.579,0.15,45
19.58,0.15,45
19.581,0.15,45
19.582,0.15,45
19.583,0.15,45
19.584,0.15,45
19.585,0.15,45
19.586,0.15,45
19.587,0.15,45
19.588,0.15,45
19.589,0.15,45
19.59,0.15,45
19.591,0.15,45
19.592,0.15,45
19.593,0.15,45
19.594,0.15,45
19.595,0.15,45
19.596,0.15,45
19.597,0.15,45
19.598,0.15,45
19.599,0.15,45
19.6,0.15,45
19.601,0.15,45
19.602,0.15,45
19.603,0.15,45
19.604,0.15,45
19.605,0.15,45
19.606,0.15,45
19.607,0.15,45
19.608,0.15,45
19.609,0.15,45
19.61,0.15,45
19.611,0.15,45
19.612,0.15,45
19.613,0.15,45
19.614,0.15,45
19.615,0.15,45
19.616,0.15,45
19.617,0.15,45
19.618,0.15,45
19.619,0.15,45
19.62,0.15,45
19.621,0.15,45
19.622,0.15,45
19.623,0.15,45
19.624,0.15,45
19.625,0.15,45
19.626,0.15,45
19.627,0.15,45
19.628,0.15,45
19.629,0.15,45
19.63,0.15,45
19.631,0.15,45
19.632,0.15,45
19.633,0.15,45
19.634,0.15,45
19.635,0.15,45
19.636,0.15,45
19.637,0.15,45
19.638,0.15,45
19.639,0.15,45
19.64,0.15,45
19.641,0.15,45
19.642,0.15,45
19.643,0.15,45
19.644,0.15,45
19.645,0.15,45
19.646,0.15,45
19.647,0.15,45
19.648,0.15,45
19.649,0.15,45
19.65,0.15,45
19.651,0.15,45
19.652,0.15,45
19.653,0.15,45
19.654,0.15,45
19.655,0.15,45
19.656,0.15,45
19.657,0.15,45
19.658,0.15,45
19.659,0.15,45
19.66,0.15,45
19.661,0.15,45
19.662,0.15,45
19.663,0.15,45
19.664,0.15,45
19.665,0.15,45
19.666,0.15,45
19.667,0.15,45
19.668,0.15,45
19.669,0.15,45
19.67,0.15,45
19.671,0.15,45
19.672,0.15,45
19.673,0.15,45
19.674,0.15,45
19.675,0.15,45
19.676,0.15,45
19.677,0.15,45
19.678,0.15,45
19.679,0.15,45
19.68,0.15,45
19.681,0.15,45
19.682,0.15,45
19.683,0.15,45
19.684,0.15,45
19.685,0.15,45
19.686,0.15,45
19.687,0.15,45
19.688,0.15,45
19.689,0.15,45
19.69,0.15,45
19.691,0.15,45
19.692,0.15,45
19.693,0.15,45
19.694,0.15,45
19.695,0.15,45
19.696,0.15,45
19.697,0.15,45
19.698,0.15,45
19.699,0.15,45
19.7,0.15,45
19.701,0.15,45
19.702,0.15,45
19.703,0.15,45
19.704,0.15,45
19.705,0.15,45
19.706,0.15,45
19.707,0.15,45
19.708,0.15,45
19.709,0.15,45
19.71,0.15,45
19.711,0.15,45
19.712,0.15,45
19.713,0.15,45
19.714,0.15,45
19.715,0.15,45
19.716,0.15,45
19.717,0.15,45
19.718,0.15,45
19.719,0.15,45
19.72,0.15,45
19.721,0.15,45
19.722,0.15,45
19.723,0.15,45
19.724,0.15,45
19.725,0.15,45
19.726,0.15,45
19.727,0.15,45
19.728,0.15,45
19.729,0.15,45
19.73,0.15,45
19.731,0.15,45
19.732,0.15,45
19.733,0.15,45
19.734,0.15,45
19.735,0.15,45
19.736,0.15,45
19.737,0.15,45
19.738,0.15,45
19.739,0.15,45
19.74,0.15,45
19.741,0.15,45
19.742,0.15,45
19.743,0.15,45
19.744,0.15,45
19.745,0.15,45
19.746,0.15,45
19.747,0.15,45
19.748,0.15,45
19.749,0.15,45
19.75,0.15,45
19.751,0.15,45
19.752,0.15,45
19.753,0.15,45
19.754,0.15,45
19.755,0.15,45
19.756,0.15,45
19.757,0.15,45
19.758,0.15,45
19.759,0.15,45
19.76,0.15,45
19.761,0.15,45
19.762,0.15,45
19.763,0.15,45
19.764,0.15,45
19.765,0.15,45
19.766,0.15,45
19.767,0.15,45
19.768,0.15,45
19.769,0.15,45
19.77,0.15,45
19.771,0.15,45
19.772,0.15,45
19.773,0.15,45
19.774,0.15,45
19.775,0.15,45
19.776,0.15,45
19.777,0.15,45
19.778,0.15,45
19.779,0.15,45
19.78,0.15,45
19.781,0.15,45
19.782,0.15,45
19.783,0.15,45
19.784,0.15,45
19.785,0.15,45
19.786,0.15,45
19.787,0.15,45
19.788,0.15,45
19.789,0.15,45
19.79,0.15,45
19.791,0.15,45
19.792,0.15,45
19.793,0.15,45
19.794,0.15,45
19.795,0.15,45
19.796,0.15,45
19.797,0.15,45
19.798,0.15,45
19.799,0.15,45
19.8,0.15,45
19.801,0.15,45
19.802,0.15,45
19.803,0.15,45
19.804,0.15,45
19.805,0.15,45
19.806,0.15,45
19.807,0.15,45
19.808,0.15,45
19.809,0.15,45
19.81,0.15,45
19.811,0.15,45
19.812,0.15,45
19.813,0.15,45
19.814,0.15,45
19.815,0.15,45
19.816,0.15,45
19.817,0.15,45
19.818,0.15,45
19.819,0.15,45
19.82,0.15,45
19.821,0.15,45
19.822,0.15,45
19.823,0.15,45
19.824,0.15,45
19.825,0.15,45
19.826,0.15,45
19.827,0.15,45
19.828,0.15,45
19.829,0.15,45
19.83,0.15,45
19.831,0.15,45
19.832,0.15,45
19.833,0.15,45
19.834,0.15,45
19.835,0.15,45
19.836,0.15,45
19.837,0.15,45
19.838,0.15,45
19.839,0.15,45
19.84,0.15,45
19.841,0.15,45
19.842,0.15,45
19.843,0.15,45
19.844,0.15,45
19.845,0.15,45
19.846,0.15,45
19.847,0.15,45
19.848,0.15,45
19.849,0.15,45
19.85,0.15,45
19.851,0.15,45
19.852,0.15,45
19.853,0.15,45
19.854,0.15,45
19.855,0.15,45
19.856,0.15,45
19.857,0.15,45
19.858,0.15,45
19.859,0.15,45
19.86,0.15,45
19.861,0.15,45
19.862,0.15,45
19.863,0.15,45
19.864,0.15,45
19.865,0.15,45
19.866,0.15,45
19.867,0.15,45
19.868,0.15,45
19.869,0.15,45
19.87,0.15,45
19.871,0.15,45
19.872,0.15,45
19.873,0.15,45
19.874,0.15,45
19.875,0.15,45
19.876,0.15,45
19.877,0.15,45
19.878,0.15,45
19.879,0.15,45
19.88,0.15,45
19.881,0.15,45
19.882,0.15,45
19.883,0.15,45
19.884,0.15,45
19.885,0.15,45
19.886,0.15,45
19.887,0.15,45
19.888,0.15,45
19.889,0.15,45
19.89,0.15,45
19.891,0.15,45
19.892,0.15,45
19.893,0.15,45
19.894,0.15,45
19.895,0.15,45
19.896,0.15,45
19.897,0.15,45
19.898,0.15,45
19.899,0.15,45
19.9,0.15,45
19.901,0.15,45
19.902,0.15,45
19.903,0.15,45
19.904,0.15,45
19.905,0.15,45
19.906,0.15,45
19.907,0.15,45
19.908,0.15,45
19.909,0.15,45
19.91,0.15,45
19.911,0.15,45
19.912,0.15,45
19.913,0.15,45
19.914,0.15,45
19.915,0.15,45
19.916,0.15,45
19.917,0.15,45
19.918,0.15,45
19.919,0.15,45
19.92,0.15,45
19.921,0.15,45
19.922,0.15,45
19.923,0.15,45
19.924,0.15,45
19.925,0.15,45
19.926,0.15,45
19.927,0.15,45
19.928,0.15,45
19.929,0.15,45
19.93,0.15,45
19.931,0.15,45
19.932,0.15,45
19.933,0.15,45
19.934,0.15,45
19.935,0.15,45
19.936,0.15,45
19.937,0.15,45
19.938,0.15,45
19.939,0.15,45
19.94,0.15,45
19.941,0.15,45
19.942,0.15,45
19.943,0.15,45
19.944,0.15,45
19.945,0.15,45
19.946,0.15,45
19.947,0.15,45
19.948,0.15,45
19.949,0.15,45
19.95,0.15,45
19.951,0.15,45
19.952,0.15,45
19.953,0.15,45
19.954,0.15,45
19.955,0.15,45
19.956,0.15,45
19.957,0.15,45
19.958,0.15,45
19.959,0.15,45
19.96,0.15,45
19.961,0.15,45
19.962,0.15,45
19.963,0.15,45
19.964,0.15,45
19.965,0.15,45
19.966,0.15,45
19.967,0.15,45
19.968,0.15,45
19.969,0.15,45
19.97,0.15,45
19.971,0.15,45
19.972,0.15,45
19.973,0.15,45
19.974,0.15,45
19.975,0.15,45
19.976,0.15,45
19.977,0.15,45
19.978,0.15,45
19.979,0.15,45
19.98,0.15,45
19.981,0.15,45
19.982,0.15,45
19.983,0.15,45
19.984,0.15,45
19.985,0.15,45
19.986,0.15,45
19.987,0.15,45
19.988,0.15,45
19.989,0.15,45
19.99,0.15,45
19.991,0.15,45
19.992,0.15,45
19.993,0.15,45
19.994,0.15,45
19.995,0.15,45
19.996,0.15,45
19.997,0.15,45
19.998,0.15,45
19.999,0.15,45
20,0.15,45
20.001,0.15,45
20.002,0.15,45
20.003,0.15,45
20.004,0.15,45
20.005,0.15,45
20.006,0.15,45
20.007,0.15,45
20.008,0.15,45
20.009,0.15,45
20.01,0.15,45
20.011,0.15,45
20.012,0.15,45
20.013,0.15,45
20.014,0.15,45
20.015,0.15,45
20.016,0.15,45
20.017,0.15,45
20.018,0.15,45
20.019,0.15,45
20.02,0.15,45
20.021,0.15,45
20.022,0.15,45
20.023,0.15,45
20.024,0.15,45
20.025,0.15,45
20.026,0.15,45
20.027,0.15,45
20.028,0.15,45
20.029,0.15,45
20.03,0.15,45
20.031,0.15,45
20.032,0.15,45
20.033,0.15,45
20.034,0.15,45
20.035,0.15,45
20.036,0.15,45
20.037,0.15,45
20.038,0.15,45
20.039,0.15,45
20.04,0.15,45
20.041,0.15,45
20.042,0.15,45
20.043,0.15,45
20.044,0.15,45
20.045,0.15,45
20.046,0.15,45
20.047,0.15,45
20.048,0.15,45
20.049,0.15,45
20.05,0.15,45
20.051,0.15,45
20.052,0.15,45
20.053,0.15,45
20.054,0.15,45
20.055,0.15,45
20.056,0.15,45
20.057,0.15,45
20.058,0.15,45
20.059,0.15,45
20.06,0.15,45
20.061,0.15,45
20.062,0.15,45
20.063,0.15,45
20.064,0.15,45
20.065,0.15,45
20.066,0.15,45
20.067,0.15,45
20.068,0.15,45
20.069,0.15,45
20.07,0.15,45
20.071,0.15,45
20.072,0.15,45
20.073,0.15,45
20.074,0.15,45
20.075,0.15,45
20.076,0.15,45
20.077,0.15,45
20.078,0.15,45
20.079,0.15,45
20.08,0.15,45
20.081,0.15,45
20.082,0.15,45
20.083,0.15,45
20.084,0.15,45
20.085,0.15,45
20.086,0.15,45
20.087,0.15,45
20.088,0.15,45
20.089,0.15,45
20.09,0.15,45
20.091,0.15,45
20.092,0.15,45
20.093,0.15,45
20.094,0.15,45
20.095,0.15,45
20.096,0.15,45
20.097,0.15,45
20.098,0.15,45
20.099,0.15,45
20.1,0.15,45
20.101,0.15,45
20.102,0.15,45
20.103,0.15,45
20.104,0.15,45
20.105,0.15,45
20.106,0.15,45
20.107,0.15,45
20.108,0.15,45
20.109,0.15,45
20.11,0.15,45
20.111,0.15,45
20.112,0.15,45
20.113,0.15,45
20.114,0.15,45
20.115,0.15,45
20.116,0.15,45
20.117,0.15,45
20.118,0.15,45
20.119,0.15,45
20.12,0.15,45
20.121,0.15,45
20.122,0.15,45
20.123,0.15,45
20.124,0.15,45
20.125,0.15,45
20.126,0.15,45
20.127,0.15,45
20.128,0.15,45
20.129,0.15,45
20.13,0.15,45
20.131,0.15,45
20.132,0.15,45
20.133,0.15,45
20.134,0.15,45
20.135,0.15,45
20.136,0.15,45
20.137,0.15,45
20.138,0.15,45
20.139,0.15,45
20.14,0.15,45
20.141,0.15,45
20.142,0.15,45
20.143,0.15,45
20.144,0.15,45
20.145,0.15,45
20.146,0.15,45
20.147,0.15,45
20.148,0.15,45
20.149,0.15,45
20.15,0.15,45
20.151,0.15,45
20.152,0.15,45
20.153,0.15,45
20.154,0.15,45
20.155,0.15,45
20.156,0.15,45
20.157,0.15,45
20.158,0.15,45
20.159,0.15,45
20.16,0.15,45
20.161,0.15,45
20.162,0.15,45
20.163,0.15,45
20.164,0.15,45
20.165,0.15,45
20.166,0.15,45
20.167,0.15,45
20.168,0.15,45
20.169,0.15,45
20.17,0.15,45
20.171,0.15,45
20.172,0.15,45
20.173,0.15,45
20.174,0.15,45
20.175,0.15,45
20.176,0.15,45
20.177,0.15,45
20.178,0.15,45
20.179,0.15,45
20.18,0.15,45
20.181,0.15,45
20.182,0.15,45
20.183,0.15,45
20.184,0.15,45
20.185,0.15,45
20.186,0.15,45
20.187,0.15,45
20.188,0.15,45
20.189,0.15,45
20.19,0.15,45
20.191,0.15,45
20.192,0.15,45
20.193,0.15,45
20.194,0.15,45
20.195,0.15,45
20.196,0.15,45
20.197,0.15,45
20.198,0.15,45
20.199,0.15,45
20.2,0.15,45
20.201,0.15,45
20.202,0.15,45
20.203,0.15,45
20.204,0.15,45
20.205,0.15,45
20.206,0.15,45
20.207,0.15,45
20.208,0.15,45
20.209,0.15,45
20.21,0.15,45
20.211,0.15,45
20.212,0.15,45
20.213,0.15,45
20.214,0.15,45
20.215,0.15,45
20.216,0.15,45
20.217,0.15,45
20.218,0.15,45
20.219,0.15,45
20.22,0.15,45
20.221,0.15,45
20.222,0.15,45
20.223,0.15,45
20.224,0.15,45
20.225,0.15,45
20.226,0.15,45
20.227,0.15,45
20.228,0.15,45
20.229,0.15,45
20.23,0.15,45
20.231,0.15,45
20.232,0.15,45
20.233,0.15,45
20.234,0.15,45
20.235,0.15,45
20.236,0.15,45
20.237,0.15,45
20.238,0.15,45
20.239,0.15,45
20.24,0.15,45
20.241,0.15,45
20.242,0.15,45
20.243,0.15,45
20.244,0.15,45
20.245,0.15,45
20.246,0.15,45
20.247,0.15,45
20.248,0.15,45
20.249,0.15,45
20.25,0.15,45
20.251,0.15,45
20.252,0.15,45
20.253,0.15,45
20.254,0.15,45
20.255,0.15,45
20.256,0.15,45
20.257,0.15,45
20.258,0.15,45
20.259,0.15,45
20.26,0.15,45
20.261,0.15,45
20.262,0.15,45
20.263,0.15,45
20.264,0.15,45
20.265,0.15,45
20.266,0.15,45
20.267,0.15,45
20.268,0.15,45
20.269,0.15,45
20.27,0.15,45
20.271,0.15,45
20.272,0.15,45
20.273,0.15,45
20.274,0.15,45
20.275,0.15,45
20.276,0.15,45
20.277,0.15,45
20.278,0.15,45
20.279,0.15,45
20.28,0.15,45
20.281,0.15,45
20.282,0.15,45
20.283,0.15,45
20.284,0.15,45
20.285,0.15,45
20.286,0.15,45
20.287,0.15,45
20.288,0.15,45
20.289,0.15,45
20.29,0.15,45
20.291,0.15,45
20.292,0.15,45
20.293,0.15,45
20.294,0.15,45
20.295,0.15,45
20.296,0.15,45
20.297,0.15,45
20.298,0.15,45
20.299,0.15,45
20.3,0.15,45
20.301,0.15,45
20.302,0.15,45
20.303,0.15,45
20.304,0.15,45
20.305,0.15,45
20.306,0.15,45
20.307,0.15,45
20.308,0.15,45
20.309,0.15,45
20.31,0.15,45
20.311,0.15,45
20.312,0.15,45
20.313,0.15,45
20.314,0.15,45
20.315,0.15,45
20.316,0.15,45
20.317,0.15,45
20.318,0.15,45
20.319,0.15,45
20.32,0.15,45
20.321,0.15,45
20.322,0.15,45
20.323,0.15,45
20.324,0.15,45
20.325,0.15,45
20.326,0.15,45
20.327,0.15,45
20.328,0.15,45
20.329,0.15,45
20.33,0.15,45
20.331,0.15,45
20.332,0.15,45
20.333,0.15,45
20.334,0.15,45
20.335,0.15,45
20.336,0.15,45
20.337,0.15,45
20.338,0.15,45
20.339,0.15,45
20.34,0.15,45
20.341,0.15,45
20.342,0.15,45
20.343,0.15,45
20.344,0.15,45
20.345,0.15,45
20.346,0.15,45
20.347,0.15,45
20.348,0.15,45
20.349,0.15,45
20.35,0.15,45
20.351,0.15,45
20.352,0.15,45
20.353,0.15,45
20.354,0.15,45
20.355,0.15,45
20.356,0.15,45
20.357,0.15,45
20.358,0.15,45
20.359,0.15,45
20.36,0.15,45
20.361,0.15,45
20.362,0.15,45
20.363,0.15,45
20.364,0.15,45
20.365,0.15,45
20.366,0.15,45
20.367,0.15,45
20.368,0.15,45
20.369,0.15,45
20.37,0.15,45
20.371,0.15,45
20.372,0.15,45
20.373,0.15,45
20.374,0.15,45
20.375,0.15,45
20.376,0.15,45
20.377,0.15,45
20.378,0.15,45
20.379,0.15,45
20.38,0.15,45
20.381,0.15,45
20.382,0.15,45
20.383,0.15,45
20.384,0.15,45
20.385,0.15,45
20.386,0.15,45
20.387,0.15,45
20.388,0.15,45
20.389,0.15,45
20.39,0.15,45
20.391,0.15,45
20.392,0.15,45
20.393,0.15,45
20.394,0.15,45
20.395,0.15,45
20.396,0.15,45
20.397,0.15,45
20.398,0.15,45
20.399,0.15,45
20.4,0.15,45
20.401,0.15,45
20.402,0.15,45
20.403,0.15,45
20.404,0.15,45
20.405,0.15,45
20.406,0.15,45
20.407,0.15,45
20.408,0.15,45
20.409,0.15,45
20.41,0.15,45
20.411,0.15,45
20.412,0.15,45
20.413,0.15,45
20.414,0.15,45
20.415,0.15,45
20.416,0.15,45
20.417,0.15,45
20.418,0.15,45
20.419,0.15,45
20.42,0.15,45
20.421,0.15,45
20.422,0.15,45
20.423,0.15,45
20.424,0.15,45
20.425,0.15,45
20.426,0.15,45
20.427,0.15,45
20.428,0.15,45
20.429,0.15,45
20.43,0.15,45
20.431,0.15,45
20.432,0.15,45
20.433,0.15,45
20.434,0.15,45
20.435,0.15,45
20.436,0.15,45
20.437,0.15,45
20.438,0.15,45
20.439,0.15,45
20.44,0.15,45
20.441,0.15,45
20.442,0.15,45
20.443,0.15,45
20.444,0.15,45
20.445,0.15,45
20.446,0.15,45
20.447,0.15,45
20.448,0.15,45
20.449,0.15,45
20.45,0.15,45
20.451,0.15,45
20.452,0.15,45
20.453,0.15,45
20.454,0.15,45
20.455,0.15,45
20.456,0.15,45
20.457,0.15,45
20.458,0.15,45
20.459,0.15,45
20.46,0.15,45
20.461,0.15,45
20.462,0.15,45
20.463,0.15,45
20.464,0.15,45
20.465,0.15,45
20.466,0.15,45
20.467,0.15,45
20.468,0.15,45
20.469,0.15,45
20.47,0.15,45
20.471,0.15,45
20.472,0.15,45
20.473,0.15,45
20.474,0.15,45
20.475,0.15,45
20.476,0.15,45
20.477,0.15,45
20.478,0.15,45
20.479,0.15,45
20.48,0.15,45
20.481,0.15,45
20.482,0.15,45
20.483,0.15,45
20.484,0.15,45
20.485,0.15,45
20.486,0.15,45
20.487,0.15,45
20.488,0.15,45
20.489,0.15,45
20.49,0.15,45
20.491,0.15,45
20.492,0.15,45
20.493,0.15,45
20.494,0.15,45
20.495,0.15,45
20.496,0.15,45
20.497,0.15,45
20.498,0.15,45
20.499,0.15,45
20.5,0.15,45
20.501,0.15,45
20.502,0.15,45
20.503,0.15,45
20.504,0.15,45
20.505,0.15,45
20.506,0.15,45
20.507,0.15,45
20.508,0.15,45
20.509,0.15,45
20.51,0.15,45
20.511,0.15,45
20.512,0.15,45
20.513,0.15,45
20.514,0.15,45
20.515,0.15,45
20.516,0.15,45
20.517,0.15,45
20.518,0.15,45
20.519,0.15,45
20.52,0.15,45
20.521,0.15,45
20.522,0.15,45
20.523,0.15,45
20.524,0.15,45
20.525,0.15,45
20.526,0.15,45
20.527,0.15,45
20.528,0.15,45
20.529,0.15,45
20.53,0.15,45
20.531,0.15,45
20.532,0.15,45
20.533,0.15,45
20.534,0.15,45
20.535,0.15,45
20.536,0.15,45
20.537,0.15,45
20.538,0.15,45
20.539,0.15,45
20.54,0.15,45
20.541,0.15,45
20.542,0.15,45
20.543,0.15,45
20.544,0.15,45
20.545,0.15,45
20.546,0.15,45
20.547,0.15,45
20.548,0.15,45
20.549,0.15,45
20.55,0.15,45
20.551,0.15,45
20.552,0.15,45
20.553,0.15,45
20.554,0.15,45
20.555,0.15,45
20.556,0.15,45
20.557,0.15,45
20.558,0.15,45
20.559,0.15,45
20.56,0.15,45
20.561,0.15,45
20.562,0.15,45
20.563,0.15,45
20.564,0.15,45
20.565,0.15,45
20.566,0.15,45
20.567,0.15,45
20.568,0.15,45
20.569,0.15,45
20.57,0.15,45
20.571,0.15,45
20.572,0.15,45
20.573,0.15,45
20.574,0.15,45
20.575,0.15,45
20.576,0.15,45
20.577,0.15,45
20.578,0.15,45
20.579,0.15,45
20.58,0.15,45
20.581,0.15,45
20.582,0.15,45
20.583,0.15,45
20.584,0.15,45
20.585,0.15,45
20.586,0.15,45
20.587,0.15,45
20.588,0.15,45
20.589,0.15,45
20.59,0.15,45
20.591,0.15,45
20.592,0.15,45
20.593,0.15,45
20.594,0.15,45
20.595,0.15,45
20.596,0.15,45
20.597,0.15,45
20.598,0.15,45
20.599,0.15,45
20.6,0.15,45
20.601,0.15,45
20.602,0.15,45
20.603,0.15,45
20.604,0.15,45
20.605,0.15,45
20.606,0.15,45
20.607,0.15,45
20.608,0.15,45
20.609,0.15,45
20.61,0.15,45
20.611,0.15,45
20.612,0.15,45
20.613,0.15,45
20.614,0.15,45
20.615,0.15,45
20.616,0.15,45
20.617,0.15,45
20.618,0.15,45
20.619,0.15,45
20.62,0.15,45
20.621,0.15,45
20.622,0.15,45
20.623,0.15,45
20.624,0.15,45
20.625,0.15,45
20.626,0.15,45
20.627,0.15,45
20.628,0.15,45
20.629,0.15,45
20.63,0.15,45
20.631,0.15,45
20.632,0.15,45
20.633,0.15,45
20.634,0.15,45
20.635,0.15,45
20.636,0.15,45
20.637,0.15,45
20.638,0.15,45
20.639,0.15,45
20.64,0.15,45
20.641,0.15,45
20.642,0.15,45
20.643,0.15,45
20.644,0.15,45
20.645,0.15,45
20.646,0.15,45
20.647,0.15,45
20.648,0.15,45
20.649,0.15,45
20.65,0.15,45
20.651,0.15,45
20.652,0.15,45
20.653,0.15,45
20.654,0.15,45
20.655,0.15,45
20.656,0.15,45
20.657,0.15,45
20.658,0.15,45
20.659,0.15,45
20.66,0.15,45
20.661,0.15,45
20.662,0.15,45
20.663,0.15,45
20.664,0.15,45
20.665,0.15,45
20.666,0.15,45
20.667,0.15,45
20.668,0.15,45
20.669,0.15,45
20.67,0.15,45
20.671,0.15,45
20.672,0.15,45
20.673,0.15,45
20.674,0.15,45
20.675,0.15,45
20.676,0.15,45
20.677,0.15,45
20.678,0.15,45
20.679,0.15,45
20.68,0.15,45
20.681,0.15,45
20.682,0.15,45
20.683,0.15,45
20.684,0.15,45
20.685,0.15,45
20.686,0.15,45
20.687,0.15,45
20.688,0.15,45
20.689,0.15,45
20.69,0.15,45
20.691,0.15,45
20.692,0.15,45
20.693,0.15,45
20.694,0.15,45
20.695,0.15,45
20.696,0.15,45
20.697,0.15,45
20.698,0.15,45
20.699,0.15,45
20.7,0.15,45
20.701,0.15,45
20.702,0.15,45
20.703,0.15,45
20.704,0.15,45
20.705,0.15,45
20.706,0.15,45
20.707,0.15,45
20.708,0.15,45
20.709,0.15,45
20.71,0.15,45
20.711,0.15,45
20.712,0.15,45
20.713,0.15,45
20.714,0.15,45
20.715,0.15,45
20.716,0.15,45
20.717,0.15,45
20.718,0.15,45
20.719,0.15,45
20.72,0.15,45
20.721,0.15,45
20.722,0.15,45
20.723,0.15,45
20.724,0.15,45
20.725,0.15,45
20.726,0.15,45
20.727,0.15,45
20.728,0.15,45
20.729,0.15,45
20.73,0.15,45
20.731,0.15,45
20.732,0.15,45
20.733,0.15,45
20.734,0.15,45
20.735,0.15,45
20.736,0.15,45
20.737,0.15,45
20.738,0.15,45
20.739,0.15,45
20.74,0.15,45
20.741,0.15,45
20.742,0.15,45
20.743,0.15,45
20.744,0.15,45
20.745,0.15,45
20.746,0.15,45
20.747,0.15,45
20.748,0.15,45
20.749,0.15,45
20.75,0.15,45
20.751,0.15,45
20.752,0.15,45
20.753,0.15,45
20.754,0.15,45
20.755,0.15,45
20.756,0.15,45
20.757,0.15,45
20.758,0.15,45
20.759,0.15,45
20.76,0.15,45
20.761,0.15,45
20.762,0.15,45
20.763,0.15,45
20.764,0.15,45
20.765,0.15,45
20.766,0.15,45
20.767,0.15,45
20.768,0.15,45
20.769,0.15,45
20.77,0.15,45
20.771,0.15,45
20.772,0.15,45
20.773,0.15,45
20.774,0.15,45
20.775,0.15,45
20.776,0.15,45
20.777,0.15,45
20.778,0.15,45
20.779,0.15,45
20.78,0.15,45
20.781,0.15,45
20.782,0.15,45
20.783,0.15,45
20.784,0.15,45
20.785,0.15,45
20.786,0.15,45
20.787,0.15,45
20.788,0.15,45
20.789,0.15,45
20.79,0.15,45
20.791,0.15,45
20.792,0.15,45
20.793,0.15,45
20.794,0.15,45
20.795,0.15,45
20.796,0.15,45
20.797,0.15,45
20.798,0.15,45
20.799,0.15,45
20.8,0.15,45
20.801,0.15,45
20.802,0.15,45
20.803,0.15,45
20.804,0.15,45
20.805,0.15,45
20.806,0.15,45
20.807,0.15,45
20.808,0.15,45
20.809,0.15,45
20.81,0.15,45
20.811,0.15,45
20.812,0.15,45
20.813,0.15,45
20.814,0.15,45
20.815,0.15,45
20.816,0.15,45
20.817,0.15,45
20.818,0.15,45
20.819,0.15,45
20.82,0.15,45
20.821,0.15,45
20.822,0.15,45
20.823,0.15,45
20.824,0.15,45
20.825,0.15,45
20.826,0.15,45
20.827,0.15,45
20.828,0.15,45
20.829,0.15,45
20.83,0.15,45
20.831,0.15,45
20.832,0.15,45
20.833,0.15,45
20.834,0.15,45
20.835,0.15,45
20.836,0.15,45
20.837,0.15,45
20.838,0.15,45
20.839,0.15,45
20.84,0.15,45
20.841,0.15,45
20.842,0.15,45
20.843,0.15,45
20.844,0.15,45
20.845,0.15,45
20.846,0.15,45
20.847,0.15,45
20.848,0.15,45
20.849,0.15,45
20.85,0.15,45
20.851,0.15,45
20.852,0.15,45
20.853,0.15,45
20.854,0.15,45
20.855,0.15,45
20.856,0.15,45
20.857,0.15,45
20.858,0.15,45
20.859,0.15,45
20.86,0.15,45
20.861,0.15,45
20.862,0.15,45
20.863,0.15,45
20.864,0.15,45
20.865,0.15,45
20.866,0.15,45
20.867,0.15,45
20.868,0.15,45
20.869,0.15,45
20.87,0.15,45
20.871,0.15,45
20.872,0.15,45
20.873,0.15,45
20.874,0.15,45
20.875,0.15,45
20.876,0.15,45
20.877,0.15,45
20.878,0.15,45
20.879,0.15,45
20.88,0.15,45
20.881,0.15,45
20.882,0.15,45
20.883,0.15,45
20.884,0.15,45
20.885,0.15,45
20.886,0.15,45
20.887,0.15,45
20.888,0.15,45
20.889,0.15,45
20.89,0.15,45
20.891,0.15,45
20.892,0.15,45
20.893,0.15,45
20.894,0.15,45
20.895,0.15,45
20.896,0.15,45
20.897,0.15,45
20.898,0.15,45
20.899,0.15,45
20.9,0.15,45
20.901,0.15,45
20.902,0.15,45
20.903,0.15,45
20.904,0.15,45
20.905,0.15,45
20.906,0.15,45
20.907,0.15,45
20.908,0.15,45
20.909,0.15,45
20.91,0.15,45
20.911,0.15,45
20.912,0.15,45
20.913,0.15,45
20.914,0.15,45
20.915,0.15,45
20.916,0.15,45
20.917,0.15,45
20.918,0.15,45
20.919,0.15,45
20.92,0.15,45
20.921,0.15,45
20.922,0.15,45
20.923,0.15,45
20.924,0.15,45
20.925,0.15,45
20.926,0.15,45
20.927,0.15,45
20.928,0.15,45
20.929,0.15,45
20.93,0.15,45
20.931,0.15,45
20.932,0.15,45
20.933,0.15,45
20.934,0.15,45
20.935,0.15,45
20.936,0.15,45
20.937,0.15,45
20.938,0.15,45
20.939,0.15,45
20.94,0.15,45
20.941,0.15,45
20.942,0.15,45
20.943,0.15,45
20.944,0.15,45
20.945,0.15,45
20.946,0.15,45
20.947,0.15,45
20.948,0.15,45
20.949,0.15,45
20.95,0.15,45
20.951,0.15,45
20.952,0.15,45
20.953,0.15,45
20.954,0.15,45
20.955,0.15,45
20.956,0.15,45
20.957,0.15,45
20.958,0.15,45
20.959,0.15,45
20.96,0.15,45
20.961,0.15,45
20.962,0.15,45
20.963,0.15,45
20.964,0.15,45
20.965,0.15,45
20.966,0.15,45
20.967,0.15,45
20.968,0.15,45
20.969,0.15,45
20.97,0.15,45
20.971,0.15,45
20.972,0.15,45
20.973,0.15,45
20.974,0.15,45
20.975,0.15,45
20.976,0.15,45
20.977,0.15,45
20.978,0.15,45
20.979,0.15,45
20.98,0.15,45
20.981,0.15,45
20.982,0.15,45
20.983,0.15,45
20.984,0.15,45
20.985,0.15,45
20.986,0.15,45
20.987,0.15,45
20.988,0.15,45
20.989,0.15,45
20.99,0.15,45
20.991,0.15,45
20.992,0.15,45
20.993,0.15,45
20.994,0.15,45
20.995,0.15,45
20.996,0.15,45
20.997,0.15,45
20.998,0.15,45
20.999,0.15,45
21,0.15,45
21.001,0.15,45
21.002,0.15,45
21.003,0.15,45
21.004,0.15,45
21.005,0.15,45
21.006,0.15,45
21.007,0.15,45
21.008,0.15,45
21.009,0.15,45
21.01,0.15,45
21.011,0.15,45
21.012,0.15,45
21.013,0.15,45
21.014,0.15,45
21.015,0.15,45
21.016,0.15,45
21.017,0.15,45
21.018,0.15,45
21.019,0.15,45
21.02,0.15,45
21.021,0.15,45
21.022,0.15,45
21.023,0.15,45
21.024,0.15,45
21.025,0.15,45
21.026,0.15,45
21.027,0.15,45
21.028,0.15,45
21.029,0.15,45
21.03,0.15,45
21.031,0.15,45
21.032,0.15,45
21.033,0.15,45
21.034,0.15,45
21.035,0.15,45
21.036,0.15,45
21.037,0.15,45
21.038,0.15,45
21.039,0.15,45
21.04,0.15,45
21.041,0.15,45
21.042,0.15,45
21.043,0.15,45
21.044,0.15,45
21.045,0.15,45
21.046,0.15,45
21.047,0.15,45
21.048,0.15,45
21.049,0.15,45
21.05,0.15,45
21.051,0.15,45
21.052,0.15,45
21.053,0.15,45
21.054,0.15,45
21.055,0.15,45
21.056,0.15,45
21.057,0.15,45
21.058,0.15,45
21.059,0.15,45
21.06,0.15,45
21.061,0.15,45
21.062,0.15,45
21.063,0.15,45
21.064,0.15,45
21.065,0.15,45
21.066,0.15,45
21.067,0.15,45
21.068,0.15,45
21.069,0.15,45
21.07,0.15,45
21.071,0.15,45
21.072,0.15,45
21.073,0.15,45
21.074,0.15,45
21.075,0.15,45
21.076,0.15,45
21.077,0.15,45
21.078,0.15,45
21.079,0.15,45
21.08,0.15,45
21.081,0.15,45
21.082,0.15,45
21.083,0.15,45
21.084,0.15,45
21.085,0.15,45
21.086,0.15,45
21.087,0.15,45
21.088,0.15,45
21.089,0.15,45
21.09,0.15,45
21.091,0.15,45
21.092,0.15,45
21.093,0.15,45
21.094,0.15,45
21.095,0.15,45
21.096,0.15,45
21.097,0.15,45
21.098,0.15,45
21.099,0.15,45
21.1,0.15,45
21.101,0.15,45
21.102,0.15,45
21.103,0.15,45
21.104,0.15,45
21.105,0.15,45
21.106,0.15,45
21.107,0.15,45
21.108,0.15,45
21.109,0.15,45
21.11,0.15,45
21.111,0.15,45
21.112,0.15,45
21.113,0.15,45
21.114,0.15,45
21.115,0.15,45
21.116,0.15,45
21.117,0.15,45
21.118,0.15,45
21.119,0.15,45
21.12,0.15,45
21.121,0.15,45
21.122,0.15,45
21.123,0.15,45
21.124,0.15,45
21.125,0.15,45
21.126,0.15,45
21.127,0.15,45
21.128,0.15,45
21.129,0.15,45
21.13,0.15,45
21.131,0.15,45
21.132,0.15,45
21.133,0.15,45
21.134,0.15,45
21.135,0.15,45
21.136,0.15,45
21.137,0.15,45
21.138,0.15,45
21.139,0.15,45
21.14,0.15,45
21.141,0.15,45
21.142,0.15,45
21.143,0.15,45
21.144,0.15,45
21.145,0.15,45
21.146,0.15,45
21.147,0.15,45
21.148,0.15,45
21.149,0.15,45
21.15,0.15,45
21.151,0.15,45
21.152,0.15,45
21.153,0.15,45
21.154,0.15,45
21.155,0.15,45
21.156,0.15,45
21.157,0.15,45
21.158,0.15,45
21.159,0.15,45
21.16,0.15,45
21.161,0.15,45
21.162,0.15,45
21.163,0.15,45
21.164,0.15,45
21.165,0.15,45
21.166,0.15,45
21.167,0.15,45
21.168,0.15,45
21.169,0.15,45
21.17,0.15,45
21.171,0.15,45
21.172,0.15,45
21.173,0.15,45
21.174,0.15,45
21.175,0.15,45
21.176,0.15,45
21.177,0.15,45
21.178,0.15,45
21.179,0.15,45
21.18,0.15,45
21.181,0.15,45
21.182,0.15,45
21.183,0.15,45
21.184,0.15,45
21.185,0.15,45
21.186,0.15,45
21.187,0.15,45
21.188,0.15,45
21.189,0.15,45
21.19,0.15,45
21.191,0.15,45
21.192,0.15,45
21.193,0.15,45
21.194,0.15,45
21.195,0.15,45
21.196,0.15,45
21.197,0.15,45
21.198,0.15,45
21.199,0.15,45
21.2,0.15,45
21.201,0.15,45
21.202,0.15,45
21.203,0.15,45
21.204,0.15,45
21.205,0.15,45
21.206,0.15,45
21.207,0.15,45
21.208,0.15,45
21.209,0.15,45
21.21,0.15,45
21.211,0.15,45
21.212,0.15,45
21.213,0.15,45
21.214,0.15,45
21.215,0.15,45
21.216,0.15,45
21.217,0.15,45
21.218,0.15,45
21.219,0.15,45
21.22,0.15,45
21.221,0.15,45
21.222,0.15,45
21.223,0.15,45
21.224,0.15,45
21.225,0.15,45
21.226,0.15,45
21.227,0.15,45
21.228,0.15,45
21.229,0.15,45
21.23,0.15,45
21.231,0.15,45
21.232,0.15,45
21.233,0.15,45
21.234,0.15,45
21.235,0.15,45
21.236,0.15,45
21.237,0.15,45
21.238,0.15,45
21.239,0.15,45
21.24,0.15,45
21.241,0.15,45
21.242,0.15,45
21.243,0.15,45
21.244,0.15,45
21.245,0.15,45
21.246,0.15,45
21.247,0.15,45
21.248,0.15,45
21.249,0.15,45
21.25,0.15,45
21.251,0.15,45
21.252,0.15,45
21.253,0.15,45
21.254,0.15,45
21.255,0.15,45
21.256,0.15,45
21.257,0.15,45
21.258,0.15,45
21.259,0.15,45
21.26,0.15,45
21.261,0.15,45
21.262,0.15,45
21.263,0.15,45
21.264,0.15,45
21.265,0.15,45
21.266,0.15,45
21.267,0.15,45
21.268,0.15,45
21.269,0.15,45
21.27,0.15,45
21.271,0.15,45
21.272,0.15,45
21.273,0.15,45
21.274,0.15,45
21.275,0.15,45
21.276,0.15,45
21.277,0.15,45
21.278,0.15,45
21.279,0.15,45
21.28,0.15,45
21.281,0.15,45
21.282,0.15,45
21.283,0.15,45
21.284,0.15,45
21.285,0.15,45
21.286,0.15,45
21.287,0.15,45
21.288,0.15,45
21.289,0.15,45
21.29,0.15,45
21.291,0.15,45
21.292,0.15,45
21.293,0.15,45
21.294,0.15,45
21.295,0.15,45
21.296,0.15,45
21.297,0.15,45
21.298,0.15,45
21.299,0.15,45
21.3,0.15,45
21.301,0.15,45
21.302,0.15,45
21.303,0.15,45
21.304,0.15,45
21.305,0.15,45
21.306,0.15,45
21.307,0.15,45
21.308,0.15,45
21.309,0.15,45
21.31,0.15,45
21.311,0.15,45
21.312,0.15,45
21.313,0.15,45
21.314,0.15,45
21.315,0.15,45
21.316,0.15,45
21.317,0.15,45
21.318,0.15,45
21.319,0.15,45
21.32,0.15,45
21.321,0.15,45
21.322,0.15,45
21.323,0.15,45
21.324,0.15,45
21.325,0.15,45
21.326,0.15,45
21.327,0.15,45
21.328,0.15,45
21.329,0.15,45
21.33,0.15,45
21.331,0.15,45
21.332,0.15,45
21.333,0.15,45
21.334,0.15,45
21.335,0.15,45
21.336,0.15,45
21.337,0.15,45
21.338,0.15,45
21.339,0.15,45
21.34,0.15,45
21.341,0.15,45
21.342,0.15,45
21.343,0.15,45
21.344,0.15,45
21.345,0.15,45
21.346,0.15,45
21.347,0.15,45
21.348,0.15,45
21.349,0.15,45
21.35,0.15,45
21.351,0.15,45
21.352,0.15,45
21.353,0.15,45
21.354,0.15,45
21.355,0.15,45
21.356,0.15,45
21.357,0.15,45
21.358,0.15,45
21.359,0.15,45
21.36,0.15,45
21.361,0.15,45
21.362,0.15,45
21.363,0.15,45
21.364,0.15,45
21.365,0.15,45
21.366,0.15,45
21.367,0.15,45
21.368,0.15,45
21.369,0.15,45
21.37,0.15,45
21.371,0.15,45
21.372,0.15,45
21.373,0.15,45
21.374,0.15,45
21.375,0.15,45
21.376,0.15,45
21.377,0.15,45
21.378,0.15,45
21.379,0.15,45
21.38,0.15,45
21.381,0.15,45
21.382,0.15,45
21.383,0.15,45
21.384,0.15,45
21.385,0.15,45
21.386,0.15,45
21.387,0.15,45
21.388,0.15,45
21.389,0.15,45
21.39,0.15,45
21.391,0.15,45
21.392,0.15,45
21.393,0.15,45
21.394,0.15,45
21.395,0.15,45
21.396,0.15,45
21.397,0.15,45
21.398,0.15,45
21.399,0.15,45
21.4,0.15,45
21.401,0.15,45
21.402,0.15,45
21.403,0.15,45
21.404,0.15,45
21.405,0.15,45
21.406,0.15,45
21.407,0.15,45
21.408,0.15,45
21.409,0.15,45
21.41,0.15,45
21.411,0.15,45
21.412,0.15,45
21.413,0.15,45
21.414,0.15,45
21.415,0.15,45
21.416,0.15,45
21.417,0.15,45
21.418,0.15,45
21.419,0.15,45
21.42,0.15,45
21.421,0.15,45
21.422,0.15,45
21.423,0.15,45
21.424,0.15,45
21.425,0.15,45
21.426,0.15,45
21.427,0.15,45
21.428,0.15,45
21.429,0.15,45
21.43,0.15,45
21.431,0.15,45
21.432,0.15,45
21.433,0.15,45
21.434,0.15,45
21.435,0.15,45
21.436,0.15,45
21.437,0.15,45
21.438,0.15,45
21.439,0.15,45
21.44,0.15,45
21.441,0.15,45
21.442,0.15,45
21.443,0.15,45
21.444,0.15,45
21.445,0.15,45
21.446,0.15,45
21.447,0.15,45
21.448,0.15,45
21.449,0.15,45
21.45,0.15,45
21.451,0.15,45
21.452,0.15,45
21.453,0.15,45
21.454,0.15,45
21.455,0.15,45
21.456,0.15,45
21.457,0.15,45
21.458,0.15,45
21.459,0.15,45
21.46,0.15,45
21.461,0.15,45
21.462,0.15,45
21.463,0.15,45
21.464,0.15,45
21.465,0.15,45
21.466,0.15,45
21.467,0.15,45
21.468,0.15,45
21.469,0.15,45
21.47,0.15,45
21.471,0.15,45
21.472,0.15,45
21.473,0.15,45
21.474,0.15,45
21.475,0.15,45
21.476,0.15,45
21.477,0.15,45
21.478,0.15,45
21.479,0.15,45
21.48,0.15,45
21.481,0.15,45
21.482,0.15,45
21.483,0.15,45
21.484,0.15,45
21.485,0.15,45
21.486,0.15,45
21.487,0.15,45
21.488,0.15,45
21.489,0.15,45
21.49,0.15,45
21.491,0.15,45
21.492,0.15,45
21.493,0.15,45
21.494,0.15,45
21.495,0.15,45
21.496,0.15,45
21.497,0.15,45
21.498,0.15,45
21.499,0.15,45
21.5,0.15,45
21.501,0.15,45
21.502,0.15,45
21.503,0.15,45
21.504,0.15,45
21.505,0.15,45
21.506,0.15,45
21.507,0.15,45
21.508,0.15,45
21.509,0.15,45
21.51,0.15,45
21.511,0.15,45
21.512,0.15,45
21.513,0.15,45
21.514,0.15,45
21.515,0.15,45
21.516,0.15,45
21.517,0.15,45
21.518,0.15,45
21.519,0.15,45
21.52,0.15,45
21.521,0.15,45
21.522,0.15,45
21.523,0.15,45
21.524,0.15,45
21.525,0.15,45
21.526,0.15,45
21.527,0.15,45
21.528,0.15,45
21.529,0.15,45
21.53,0.15,45
21.531,0.15,45
21.532,0.15,45
21.533,0.15,45
21.534,0.15,45
21.535,0.15,45
21.536,0.15,45
21.537,0.15,45
21.538,0.15,45
21.539,0.15,45
21.54,0.15,45
21.541,0.15,45
21.542,0.15,45
21.543,0.15,45
21.544,0.15,45
21.545,0.15,45
21.546,0.15,45
21.547,0.15,45
21.548,0.15,45
21.549,0.15,45
21.55,0.15,45
21.551,0.15,45
21.552,0.15,45
21.553,0.15,45
21.554,0.15,45
21.555,0.15,45
21.556,0.15,45
21.557,0.15,45
21.558,0.15,45
21.559,0.15,45
21.56,0.15,45
21.561,0.15,45
21.562,0.15,45
21.563,0.15,45
21.564,0.15,45
21.565,0.15,45
21.566,0.15,45
21.567,0.15,45
21.568,0.15,45
21.569,0.15,45
21.57,0.15,45
21.571,0.15,45
21.572,0.15,45
21.573,0.15,45
21.574,0.15,45
21.575,0.15,45
21.576,0.15,45
21.577,0.15,45
21.578,0.15,45
21.579,0.15,45
21.58,0.15,45
21.581,0.15,45
21.582,0.15,45
21.583,0.15,45
21.584,0.15,45
21.585,0.15,45
21.586,0.15,45
21.587,0.15,45
21.588,0.15,45
21.589,0.15,45
21.59,0.15,45
21.591,0.15,45
21.592,0.15,45
21.593,0.15,45
21.594,0.15,45
21.595,0.15,45
21.596,0.15,45
21.597,0.15,45
21.598,0.15,45
21.599,0.15,45
21.6,0.15,45
21.601,0.15,45
21.602,0.15,45
21.603,0.15,45
21.604,0.15,45
21.605,0.15,45
21.606,0.15,45
21.607,0.15,45
21.608,0.15,45
21.609,0.15,45
21.61,0.15,45
21.611,0.15,45
21.612,0.15,45
21.613,0.15,45
21.614,0.15,45
21.615,0.15,45
21.616,0.15,45
21.617,0.15,45
21.618,0.15,45
21.619,0.15,45
21.62,0.15,45
21.621,0.15,45
21.622,0.15,45
21.623,0.15,45
21.624,0.15,45
21.625,0.15,45
21.626,0.15,45
21.627,0.15,45
21.628,0.15,45
21.629,0.15,45
21.63,0.15,45
21.631,0.15,45
21.632,0.15,45
21.633,0.15,45
21.634,0.15,45
21.635,0.15,45
21.636,0.15,45
21.637,0.15,45
21.638,0.15,45
21.639,0.15,45
21.64,0.15,45
21.641,0.15,45
21.642,0.15,45
21.643,0.15,45
21.644,0.15,45
21.645,0.15,45
21.646,0.15,45
21.647,0.15,45
21.648,0.15,45
21.649,0.15,45
21.65,0.15,45
21.651,0.15,45
21.652,0.15,45
21.653,0.15,45
21.654,0.15,45
21.655,0.15,45
21.656,0.15,45
21.657,0.15,45
21.658,0.15,45
21.659,0.15,45
21.66,0.15,45
21.661,0.15,45
21.662,0.15,45
21.663,0.15,45
21.664,0.15,45
21.665,0.15,45
21.666,0.15,45
21.667,0.15,45
21.668,0.15,45
21.669,0.15,45
21.67,0.15,45
21.671,0.15,45
21.672,0.15,45
21.673,0.15,45
21.674,0.15,45
21.675,0.15,45
21.676,0.15,45
21.677,0.15,45
21.678,0.15,45
21.679,0.15,45
21.68,0.15,45
21.681,0.15,45
21.682,0.15,45
21.683,0.15,45
21.684,0.15,45
21.685,0.15,45
21.686,0.15,45
21.687,0.15,45
21.688,0.15,45
21.689,0.15,45
21.69,0.15,45
21.691,0.15,45
21.692,0.15,45
21.693,0.15,45
21.694,0.15,45
21.695,0.15,45
21.696,0.15,45
21.697,0.15,45
21.698,0.15,45
21.699,0.15,45
21.7,0.15,45
21.701,0.15,45
21.702,0.15,45
21.703,0.15,45
21.704,0.15,45
21.705,0.15,45
21.706,0.15,45
21.707,0.15,45
21.708,0.15,45
21.709,0.15,45
21.71,0.15,45
21.711,0.15,45
21.712,0.15,45
21.713,0.15,45
21.714,0.15,45
21.715,0.15,45
21.716,0.15,45
21.717,0.15,45
21.718,0.15,45
21.719,0.15,45
21.72,0.15,45
21.721,0.15,45
21.722,0.15,45
21.723,0.15,45
21.724,0.15,45
21.725,0.15,45
21.726,0.15,45
21.727,0.15,45
21.728,0.15,45
21.729,0.15,45
21.73,0.15,45
21.731,0.15,45
21.732,0.15,45
21.733,0.15,45
21.734,0.15,45
21.735,0.15,45
21.736,0.15,45
21.737,0.15,45
21.738,0.15,45
21.739,0.15,45
21.74,0.15,45
21.741,0.15,45
21.742,0.15,45
21.743,0.15,45
21.744,0.15,45
21.745,0.15,45
21.746,0.15,45
21.747,0.15,45
21.748,0.15,45
21.749,0.15,45
21.75,0.15,45
21.751,0.15,45
21.752,0.15,45
21.753,0.15,45
21.754,0.15,45
21.755,0.15,45
21.756,0.15,45
21.757,0.15,45
21.758,0.15,45
21.759,0.15,45
21.76,0.15,45
21.761,0.15,45
21.762,0.15,45
21.763,0.15,45
21.764,0.15,45
21.765,0.15,45
21.766,0.15,45
21.767,0.15,45
21.768,0.15,45
21.769,0.15,45
21.77,0.15,45
21.771,0.15,45
21.772,0.15,45
21.773,0.15,45
21.774,0.15,45
21.775,0.15,45
21.776,0.15,45
21.777,0.15,45
21.778,0.15,45
21.779,0.15,45
21.78,0.15,45
21.781,0.15,45
21.782,0.15,45
21.783,0.15,45
21.784,0.15,45
21.785,0.15,45
21.786,0.15,45
21.787,0.15,45
21.788,0.15,45
21.789,0.15,45
21.79,0.15,45
21.791,0.15,45
21.792,0.15,45
21.793,0.15,45
21.794,0.15,45
21.795,0.15,45
21.796,0.15,45
21.797,0.15,45
21.798,0.15,45
21.799,0.15,45
21.8,0.15,45
21.801,0.15,45
21.802,0.15,45
21.803,0.15,45
21.804,0.15,45
21.805,0.15,45
21.806,0.15,45
21.807,0.15,45
21.808,0.15,45
21.809,0.15,45
21.81,0.15,45
21.811,0.15,45
21.812,0.15,45
21.813,0.15,45
21.814,0.15,45
21.815,0.15,45
21.816,0.15,45
21.817,0.15,45
21.818,0.15,45
21.819,0.15,45
21.82,0.15,45
21.821,0.15,45
21.822,0.15,45
21.823,0.15,45
21.824,0.15,45
21.825,0.15,45
21.826,0.15,45
21.827,0.15,45
21.828,0.15,45
21.829,0.15,45
21.83,0.15,45
21.831,0.15,45
21.832,0.15,45
21.833,0.15,45
21.834,0.15,45
21.835,0.15,45
21.836,0.15,45
21.837,0.15,45
21.838,0.15,45
21.839,0.15,45
21.84,0.15,45
21.841,0.15,45
21.842,0.15,45
21.843,0.15,45
21.844,0.15,45
21.845,0.15,45
21.846,0.15,45
21.847,0.15,45
21.848,0.15,45
21.849,0.15,45
21.85,0.15,45
21.851,0.15,45
21.852,0.15,45
21.853,0.15,45
21.854,0.15,45
21.855,0.15,45
21.856,0.15,45
21.857,0.15,45
21.858,0.15,45
21.859,0.15,45
21.86,0.15,45
21.861,0.15,45
21.862,0.15,45
21.863,0.15,45
21.864,0.15,45
21.865,0.15,45
21.866,0.15,45
21.867,0.15,45
21.868,0.15,45
21.869,0.15,45
21.87,0.15,45
21.871,0.15,45
21.872,0.15,45
21.873,0.15,45
21.874,0.15,45
21.875,0.15,45
21.876,0.15,45
21.877,0.15,45
21.878,0.15,45
21.879,0.15,45
21.88,0.15,45
21.881,0.15,45
21.882,0.15,45
21.883,0.15,45
21.884,0.15,45
21.885,0.15,45
21.886,0.15,45
21.887,0.15,45
21.888,0.15,45
21.889,0.15,45
21.89,0.15,45
21.891,0.15,45
21.892,0.15,45
21.893,0.15,45
21.894,0.15,45
21.895,0.15,45
21.896,0.15,45
21.897,0.15,45
21.898,0.15,45
21.899,0.15,45
21.9,0.15,45
21.901,0.15,45
21.902,0.15,45
21.903,0.15,45
21.904,0.15,45
21.905,0.15,45
21.906,0.15,45
21.907,0.15,45
21.908,0.15,45
21.909,0.15,45
21.91,0.15,45
21.911,0.15,45
21.912,0.15,45
21.913,0.15,45
21.914,0.15,45
21.915,0.15,45
21.916,0.15,45
21.917,0.15,45
21.918,0.15,45
21.919,0.15,45
21.92,0.15,45
21.921,0.15,45
21.922,0.15,45
21.923,0.15,45
21.924,0.15,45
21.925,0.15,45
21.926,0.15,45
21.927,0.15,45
21.928,0.15,45
21.929,0.15,45
21.93,0.15,45
21.931,0.15,45
21.932,0.15,45
21.933,0.15,45
21.934,0.15,45
21.935,0.15,45
21.936,0.15,45
21.937,0.15,45
21.938,0.15,45
21.939,0.15,45
21.94,0.15,45
21.941,0.15,45
21.942,0.15,45
21.943,0.15,45
21.944,0.15,45
21.945,0.15,45
21.946,0.15,45
21.947,0.15,45
21.948,0.15,45
21.949,0.15,45
21.95,0.15,45
21.951,0.15,45
21.952,0.15,45
21.953,0.15,45
21.954,0.15,45
21.955,0.15,45
21.956,0.15,45
21.957,0.15,45
21.958,0.15,45
21.959,0.15,45
21.96,0.15,45
21.961,0.15,45
21.962,0.15,45
21.963,0.15,45
21.964,0.15,45
21.965,0.15,45
21.966,0.15,45
21.967,0.15,45
21.968,0.15,45
21.969,0.15,45
21.97,0.15,45
21.971,0.15,45
21.972,0.15,45
21.973,0.15,45
21.974,0.15,45
21.975,0.15,45
21.976,0.15,45
21.977,0.15,45
21.978,0.15,45
21.979,0.15,45
21.98,0.15,45
21.981,0.15,45
21.982,0.15,45
21.983,0.15,45
21.984,0.15,45
21.985,0.15,45
21.986,0.15,45
21.987,0.15,45
21.988,0.15,45
21.989,0.15,45
21.99,0.15,45
21.991,0.15,45
21.992,0.15,45
21.993,0.15,45
21.994,0.15,45
21.995,0.15,45
21.996,0.15,45
21.997,0.15,45
21.998,0.15,45
21.999,0.15,45
22,0.15,45
22.001,0.15,45
22.002,0.15,45
22.003,0.15,45
22.004,0.15,45
22.005,0.15,45
22.006,0.15,45
22.007,0.15,45
22.008,0.15,45
22.009,0.15,45
22.01,0.15,45
22.011,0.15,45
22.012,0.15,45
22.013,0.15,45
22.014,0.15,45
22.015,0.15,45
22.016,0.15,45
22.017,0.15,45
22.018,0.15,45
22.019,0.15,45
22.02,0.15,45
22.021,0.15,45
22.022,0.15,45
22.023,0.15,45
22.024,0.15,45
22.025,0.15,45
22.026,0.15,45
22.027,0.15,45
22.028,0.15,45
22.029,0.15,45
22.03,0.15,45
22.031,0.15,45
22.032,0.15,45
22.033,0.15,45
22.034,0.15,45
22.035,0.15,45
22.036,0.15,45
22.037,0.15,45
22.038,0.15,45
22.039,0.15,45
22.04,0.15,45
22.041,0.15,45
22.042,0.15,45
22.043,0.15,45
22.044,0.15,45
22.045,0.15,45
22.046,0.15,45
22.047,0.15,45
22.048,0.15,45
22.049,0.15,45
22.05,0.15,45
22.051,0.15,45
22.052,0.15,45
22.053,0.15,45
22.054,0.15,45
22.055,0.15,45
22.056,0.15,45
22.057,0.15,45
22.058,0.15,45
22.059,0.15,45
22.06,0.15,45
22.061,0.15,45
22.062,0.15,45
22.063,0.15,45
22.064,0.15,45
22.065,0.15,45
22.066,0.15,45
22.067,0.15,45
22.068,0.15,45
22.069,0.15,45
22.07,0.15,45
22.071,0.15,45
22.072,0.15,45
22.073,0.15,45
22.074,0.15,45
22.075,0.15,45
22.076,0.15,45
22.077,0.15,45
22.078,0.15,45
22.079,0.15,45
22.08,0.15,45
22.081,0.15,45
22.082,0.15,45
22.083,0.15,45
22.084,0.15,45
22.085,0.15,45
22.086,0.15,45
22.087,0.15,45
22.088,0.15,45
22.089,0.15,45
22.09,0.15,45
22.091,0.15,45
22.092,0.15,45
22.093,0.15,45
22.094,0.15,45
22.095,0.15,45
22.096,0.15,45
22.097,0.15,45
22.098,0.15,45
22.099,0.15,45
22.1,0.15,45
22.101,0.15,45
22.102,0.15,45
22.103,0.15,45
22.104,0.15,45
22.105,0.15,45
22.106,0.15,45
22.107,0.15,45
22.108,0.15,45
22.109,0.15,45
22.11,0.15,45
22.111,0.15,45
22.112,0.15,45
22.113,0.15,45
22.114,0.15,45
22.115,0.15,45
22.116,0.15,45
22.117,0.15,45
22.118,0.15,45
22.119,0.15,45
22.12,0.15,45
22.121,0.15,45
22.122,0.15,45
22.123,0.15,45
22.124,0.15,45
22.125,0.15,45
22.126,0.15,45
22.127,0.15,45
22.128,0.15,45
22.129,0.15,45
22.13,0.15,45
22.131,0.15,45
22.132,0.15,45
22.133,0.15,45
22.134,0.15,45
22.135,0.15,45
22.136,0.15,45
22.137,0.15,45
22.138,0.15,45
22.139,0.15,45
22.14,0.15,45
22.141,0.15,45
22.142,0.15,45
22.143,0.15,45
22.144,0.15,45
22.145,0.15,45
22.146,0.15,45
22.147,0.15,45
22.148,0.15,45
22.149,0.15,45
22.15,0.15,45
22.151,0.15,45
22.152,0.15,45
22.153,0.15,45
22.154,0.15,45
22.155,0.15,45
22.156,0.15,45
22.157,0.15,45
22.158,0.15,45
22.159,0.15,45
22.16,0.15,45
22.161,0.15,45
22.162,0.15,45
22.163,0.15,45
22.164,0.15,45
22.165,0.15,45
22.166,0.15,45
22.167,0.15,45
22.168,0.15,45
22.169,0.15,45
22.17,0.15,45
22.171,0.15,45
22.172,0.15,45
22.173,0.15,45
22.174,0.15,45
22.175,0.15,45
22.176,0.15,45
22.177,0.15,45
22.178,0.15,45
22.179,0.15,45
22.18,0.15,45
22.181,0.15,45
22.182,0.15,45
22.183,0.15,45
22.184,0.15,45
22.185,0.15,45
22.186,0.15,45
22.187,0.15,45
22.188,0.15,45
22.189,0.15,45
22.19,0.15,45
22.191,0.15,45
22.192,0.15,45
22.193,0.15,45
22.194,0.15,45
22.195,0.15,45
22.196,0.15,45
22.197,0.15,45
22.198,0.15,45
22.199,0.15,45
22.2,0.15,45
22.201,0.15,45
22.202,0.15,45
22.203,0.15,45
22.204,0.15,45
22.205,0.15,45
22.206,0.15,45
22.207,0.15,45
22.208,0.15,45
22.209,0.15,45
22.21,0.15,45
22.211,0.15,45
22.212,0.15,45
22.213,0.15,45
22.214,0.15,45
22.215,0.15,45
22.216,0.15,45
22.217,0.15,45
22.218,0.15,45
22.219,0.15,45
22.22,0.15,45
22.221,0.15,45
22.222,0.15,45
22.223,0.15,45
22.224,0.15,45
22.225,0.15,45
22.226,0.15,45
22.227,0.15,45
22.228,0.15,45
22.229,0.15,45
22.23,0.15,45
22.231,0.15,45
22.232,0.15,45
22.233,0.15,45
22.234,0.15,45
22.235,0.15,45
22.236,0.15,45
22.237,0.15,45
22.238,0.15,45
22.239,0.15,45
22.24,0.15,45
22.241,0.15,45
22.242,0.15,45
22.243,0.15,45
22.244,0.15,45
22.245,0.15,45
22.246,0.15,45
22.247,0.15,45
22.248,0.15,45
22.249,0.15,45
22.25,0.15,45
22.251,0.15,45
22.252,0.15,45
22.253,0.15,45
22.254,0.15,45
22.255,0.15,45
22.256,0.15,45
22.257,0.15,45
22.258,0.15,45
22.259,0.15,45
22.26,0.15,45
22.261,0.15,45
22.262,0.15,45
22.263,0.15,45
22.264,0.15,45
22.265,0.15,45
22.266,0.15,45
22.267,0.15,45
22.268,0.15,45
22.269,0.15,45
22.27,0.15,45
22.271,0.15,45
22.272,0.15,45
22.273,0.15,45
22.274,0.15,45
22.275,0.15,45
22.276,0.15,45
22.277,0.15,45
22.278,0.15,45
22.279,0.15,45
22.28,0.15,45
22.281,0.15,45
22.282,0.15,45
22.283,0.15,45
22.284,0.15,45
22.285,0.15,45
22.286,0.15,45
22.287,0.15,45
22.288,0.15,45
22.289,0.15,45
22.29,0.15,45
22.291,0.15,45
22.292,0.15,45
22.293,0.15,45
22.294,0.15,45
22.295,0.15,45
22.296,0.15,45
22.297,0.15,45
22.298,0.15,45
22.299,0.15,45
22.3,0.15,45
22.301,0.15,45
22.302,0.15,45
22.303,0.15,45
22.304,0.15,45
22.305,0.15,45
22.306,0.15,45
22.307,0.15,45
22.308,0.15,45
22.309,0.15,45
22.31,0.15,45
22.311,0.15,45
22.312,0.15,45
22.313,0.15,45
22.314,0.15,45
22.315,0.15,45
22.316,0.15,45
22.317,0.15,45
22.318,0.15,45
22.319,0.15,45
22.32,0.15,45
22.321,0.15,45
22.322,0.15,45
22.323,0.15,45
22.324,0.15,45
22.325,0.15,45
22.326,0.15,45
22.327,0.15,45
22.328,0.15,45
22.329,0.15,45
22.33,0.15,45
22.331,0.15,45
22.332,0.15,45
22.333,0.15,45
22.334,0.15,45
22.335,0.15,45
22.336,0.15,45
22.337,0.15,45
22.338,0.15,45
22.339,0.15,45
22.34,0.15,45
22.341,0.15,45
22.342,0.15,45
22.343,0.15,45
22.344,0.15,45
22.345,0.15,45
22.346,0.15,45
22.347,0.15,45
22.348,0.15,45
22.349,0.15,45
22.35,0.15,45
22.351,0.15,45
22.352,0.15,45
22.353,0.15,45
22.354,0.15,45
22.355,0.15,45
22.356,0.15,45
22.357,0.15,45
22.358,0.15,45
22.359,0.15,45
22.36,0.15,45
22.361,0.15,45
22.362,0.15,45
22.363,0.15,45
22.364,0.15,45
22.365,0.15,45
22.366,0.15,45
22.367,0.15,45
22.368,0.15,45
22.369,0.15,45
22.37,0.15,45
22.371,0.15,45
22.372,0.15,45
22.373,0.15,45
22.374,0.15,45
22.375,0.15,45
22.376,0.15,45
22.377,0.15,45
22.378,0.15,45
22.379,0.15,45
22.38,0.15,45
22.381,0.15,45
22.382,0.15,45
22.383,0.15,45
22.384,0.15,45
22.385,0.15,45
22.386,0.15,45
22.387,0.15,45
22.388,0.15,45
22.389,0.15,45
22.39,0.15,45
22.391,0.15,45
22.392,0.15,45
22.393,0.15,45
22.394,0.15,45
22.395,0.15,45
22.396,0.15,45
22.397,0.15,45
22.398,0.15,45
22.399,0.15,45
22.4,0.15,45
22.401,0.15,45
22.402,0.15,45
22.403,0.15,45
22.404,0.15,45
22.405,0.15,45
22.406,0.15,45
22.407,0.15,45
22.408,0.15,45
22.409,0.15,45
22.41,0.15,45
22.411,0.15,45
22.412,0.15,45
22.413,0.15,45
22.414,0.15,45
22.415,0.15,45
22.416,0.15,45
22.417,0.15,45
22.418,0.15,45
22.419,0.15,45
22.42,0.15,45
22.421,0.15,45
22.422,0.15,45
22.423,0.15,45
22.424,0.15,45
22.425,0.15,45
22.426,0.15,45
22.427,0.15,45
22.428,0.15,45
22.429,0.15,45
22.43,0.15,45
22.431,0.15,45
22.432,0.15,45
22.433,0.15,45
22.434,0.15,45
22.435,0.15,45
22.436,0.15,45
22.437,0.15,45
22.438,0.15,45
22.439,0.15,45
22.44,0.15,45
22.441,0.15,45
22.442,0.15,45
22.443,0.15,45
22.444,0.15,45
22.445,0.15,45
22.446,0.15,45
22.447,0.15,45
22.448,0.15,45
22.449,0.15,45
22.45,0.15,45
22.451,0.15,45
22.452,0.15,45
22.453,0.15,45
22.454,0.15,45
22.455,0.15,45
22.456,0.15,45
22.457,0.15,45
22.458,0.15,45
22.459,0.15,45
22.46,0.15,45
22.461,0.15,45
22.462,0.15,45
22.463,0.15,45
22.464,0.15,45
22.465,0.15,45
22.466,0.15,45
22.467,0.15,45
22.468,0.15,45
22.469,0.15,45
22.47,0.15,45
22.471,0.15,45
22.472,0.15,45
22.473,0.15,45
22.474,0.15,45
22.475,0.15,45
22.476,0.15,45
22.477,0.15,45
22.478,0.15,45
22.479,0.15,45
22.48,0.15,45
22.481,0.15,45
22.482,0.15,45
22.483,0.15,45
22.484,0.15,45
22.485,0.15,45
22.486,0.15,45
22.487,0.15,45
22.488,0.15,45
22.489,0.15,45
22.49,0.15,45
22.491,0.15,45
22.492,0.15,45
22.493,0.15,45
22.494,0.15,45
22.495,0.15,45
22.496,0.15,45
22.497,0.15,45
22.498,0.15,45
22.499,0.15,45
22.5,0.15,45
22.501,0.15,45
22.502,0.15,45
22.503,0.15,45
22.504,0.15,45
22.505,0.15,45
22.506,0.15,45
22.507,0.15,45
22.508,0.15,45
22.509,0.15,45
22.51,0.15,45
22.511,0.15,45
22.512,0.15,45
22.513,0.15,45
22.514,0.15,45
22.515,0.15,45
22.516,0.15,45
22.517,0.15,45
22.518,0.15,45
22.519,0.15,45
22.52,0.15,45
22.521,0.15,45
22.522,0.15,45
22.523,0.15,45
22.524,0.15,45
22.525,0.15,45
22.526,0.15,45
22.527,0.15,45
22.528,0.15,45
22.529,0.15,45
22.53,0.15,45
22.531,0.15,45
22.532,0.15,45
22.533,0.15,45
22.534,0.15,45
22.535,0.15,45
22.536,0.15,45
22.537,0.15,45
22.538,0.15,45
22.539,0.15,45
22.54,0.15,45
22.541,0.15,45
22.542,0.15,45
22.543,0.15,45
22.544,0.15,45
22.545,0.15,45
22.546,0.15,45
22.547,0.15,45
22.548,0.15,45
22.549,0.15,45
22.55,0.15,45
22.551,0.15,45
22.552,0.15,45
22.553,0.15,45
22.554,0.15,45
22.555,0.15,45
22.556,0.15,45
22.557,0.15,45
22.558,0.15,45
22.559,0.15,45
22.56,0.15,45
22.561,0.15,45
22.562,0.15,45
22.563,0.15,45
22.564,0.15,45
22.565,0.15,45
22.566,0.15,45
22.567,0.15,45
22.568,0.15,45
22.569,0.15,45
22.57,0.15,45
22.571,0.15,45
22.572,0.15,45
22.573,0.15,45
22.574,0.15,45
22.575,0.15,45
22.576,0.15,45
22.577,0.15,45
22.578,0.15,45
22.579,0.15,45
22.58,0.15,45
22.581,0.15,45
22.582,0.15,45
22.583,0.15,45
22.584,0.15,45
22.585,0.15,45
22.586,0.15,45
22.587,0.15,45
22.588,0.15,45
22.589,0.15,45
22.59,0.15,45
22.591,0.15,45
22.592,0.15,45
22.593,0.15,45
22.594,0.15,45
22.595,0.15,45
22.596,0.15,45
22.597,0.15,45
22.598,0.15,45
22.599,0.15,45
22.6,0.15,45
22.601,0.15,45
22.602,0.15,45
22.603,0.15,45
22.604,0.15,45
22.605,0.15,45
22.606,0.15,45
22.607,0.15,45
22.608,0.15,45
22.609,0.15,45
22.61,0.15,45
22.611,0.15,45
22.612,0.15,45
22.613,0.15,45
22.614,0.15,45
22.615,0.15,45
22.616,0.15,45
22.617,0.15,45
22.618,0.15,45
22.619,0.15,45
22.62,0.15,45
22.621,0.15,45
22.622,0.15,45
22.623,0.15,45
22.624,0.15,45
22.625,0.15,45
22.626,0.15,45
22.627,0.15,45
22.628,0.15,45
22.629,0.15,45
22.63,0.15,45
22.631,0.15,45
22.632,0.15,45
22.633,0.15,45
22.634,0.15,45
22.635,0.15,45
22.636,0.15,45
22.637,0.15,45
22.638,0.15,45
22.639,0.15,45
22.64,0.15,45
22.641,0.15,45
22.642,0.15,45
22.643,0.15,45
22.644,0.15,45
22.645,0.15,45
22.646,0.15,45
22.647,0.15,45
22.648,0.15,45
22.649,0.15,45
22.65,0.15,45
22.651,0.15,45
22.652,0.15,45
22.653,0.15,45
22.654,0.15,45
22.655,0.15,45
22.656,0.15,45
22.657,0.15,45
22.658,0.15,45
22.659,0.15,45
22.66,0.15,45
22.661,0.15,45
22.662,0.15,45
22.663,0.15,45
22.664,0.15,45
22.665,0.15,45
22.666,0.15,45
22.667,0.15,45
22.668,0.15,45
22.669,0.15,45
22.67,0.15,45
22.671,0.15,45
22.672,0.15,45
22.673,0.15,45
22.674,0.15,45
22.675,0.15,45
22.676,0.15,45
22.677,0.15,45
22.678,0.15,45
22.679,0.15,45
22.68,0.15,45
22.681,0.15,45
22.682,0.15,45
22.683,0.15,45
22.684,0.15,45
22.685,0.15,45
22.686,0.15,45
22.687,0.15,45
22.688,0.15,45
22.689,0.15,45
22.69,0.15,45
22.691,0.15,45
22.692,0.15,45
22.693,0.15,45
22.694,0.15,45
22.695,0.15,45
22.696,0.15,45
22.697,0.15,45
22.698,0.15,45
22.699,0.15,45
22.7,0.15,45
22.701,0.15,45
22.702,0.15,45
22.703,0.15,45
22.704,0.15,45
22.705,0.15,45
22.706,0.15,45
22.707,0.15,45
22.708,0.15,45
22.709,0.15,45
22.71,0.15,45
22.711,0.15,45
22.712,0.15,45
22.713,0.15,45
22.714,0.15,45
22.715,0.15,45
22.716,0.15,45
22.717,0.15,45
22.718,0.15,45
22.719,0.15,45
22.72,0.15,45
22.721,0.15,45
22.722,0.15,45
22.723,0.15,45
22.724,0.15,45
22.725,0.15,45
22.726,0.15,45
22.727,0.15,45
22.728,0.15,45
22.729,0.15,45
22.73,0.15,45
22.731,0.15,45
22.732,0.15,45
22.733,0.15,45
22.734,0.15,45
22.735,0.15,45
22.736,0.15,45
22.737,0.15,45
22.738,0.15,45
22.739,0.15,45
22.74,0.15,45
22.741,0.15,45
22.742,0.15,45
22.743,0.15,45
22.744,0.15,45
22.745,0.15,45
22.746,0.15,45
22.747,0.15,45
22.748,0.15,45
22.749,0.15,45
22.75,0.15,45
22.751,0.15,45
22.752,0.15,45
22.753,0.15,45
22.754,0.15,45
22.755,0.15,45
22.756,0.15,45
22.757,0.15,45
22.758,0.15,45
22.759,0.15,45
22.76,0.15,45
22.761,0.15,45
22.762,0.15,45
22.763,0.15,45
22.764,0.15,45
22.765,0.15,45
22.766,0.15,45
22.767,0.15,45
22.768,0.15,45
22.769,0.15,45
22.77,0.15,45
22.771,0.15,45
22.772,0.15,45
22.773,0.15,45
22.774,0.15,45
22.775,0.15,45
22.776,0.15,45
22.777,0.15,45
22.778,0.15,45
22.779,0.15,45
22.78,0.15,45
22.781,0.15,45
22.782,0.15,45
22.783,0.15,45
22.784,0.15,45
22.785,0.15,45
22.786,0.15,45
22.787,0.15,45
22.788,0.15,45
22.789,0.15,45
22.79,0.15,45
22.791,0.15,45
22.792,0.15,45
22.793,0.15,45
22.794,0.15,45
22.795,0.15,45
22.796,0.15,45
22.797,0.15,45
22.798,0.15,45
22.799,0.15,45
22.8,0.15,45
22.801,0.15,45
22.802,0.15,45
22.803,0.15,45
22.804,0.15,45
22.805,0.15,45
22.806,0.15,45
22.807,0.15,45
22.808,0.15,45
22.809,0.15,45
22.81,0.15,45
22.811,0.15,45
22.812,0.15,45
22.813,0.15,45
22.814,0.15,45
22.815,0.15,45
22.816,0.15,45
22.817,0.15,45
22.818,0.15,45
22.819,0.15,45
22.82,0.15,45
22.821,0.15,45
22.822,0.15,45
22.823,0.15,45
22.824,0.15,45
22.825,0.15,45
22.826,0.15,45
22.827,0.15,45
22.828,0.15,45
22.829,0.15,45
22.83,0.15,45
22.831,0.15,45
22.832,0.15,45
22.833,0.15,45
22.834,0.15,45
22.835,0.15,45
22.836,0.15,45
22.837,0.15,45
22.838,0.15,45
22.839,0.15,45
22.84,0.15,45
22.841,0.15,45
22.842,0.15,45
22.843,0.15,45
22.844,0.15,45
22.845,0.15,45
22.846,0.15,45
22.847,0.15,45
22.848,0.15,45
22.849,0.15,45
22.85,0.15,45
22.851,0.15,45
22.852,0.15,45
22.853,0.15,45
22.854,0.15,45
22.855,0.15,45
22.856,0.15,45
22.857,0.15,45
22.858,0.15,45
22.859,0.15,45
22.86,0.15,45
22.861,0.15,45
22.862,0.15,45
22.863,0.15,45
22.864,0.15,45
22.865,0.15,45
22.866,0.15,45
22.867,0.15,45
22.868,0.15,45
22.869,0.15,45
22.87,0.15,45
22.871,0.15,45
22.872,0.15,45
22.873,0.15,45
22.874,0.15,45
22.875,0.15,45
22.876,0.15,45
22.877,0.15,45
22.878,0.15,45
22.879,0.15,45
22.88,0.15,45
22.881,0.15,45
22.882,0.15,45
22.883,0.15,45
22.884,0.15,45
22.885,0.15,45
22.886,0.15,45
22.887,0.15,45
22.888,0.15,45
22.889,0.15,45
22.89,0.15,45
22.891,0.15,45
22.892,0.15,45
22.893,0.15,45
22.894,0.15,45
22.895,0.15,45
22.896,0.15,45
22.897,0.15,45
22.898,0.15,45
22.899,0.15,45
22.9,0.15,45
22.901,0.15,45
22.902,0.15,45
22.903,0.15,45
22.904,0.15,45
22.905,0.15,45
22.906,0.15,45
22.907,0.15,45
22.908,0.15,45
22.909,0.15,45
22.91,0.15,45
22.911,0.15,45
22.912,0.15,45
22.913,0.15,45
22.914,0.15,45
22.915,0.15,45
22.916,0.15,45
22.917,0.15,45
22.918,0.15,45
22.919,0.15,45
22.92,0.15,45
22.921,0.15,45
22.922,0.15,45
22.923,0.15,45
22.924,0.15,45
22.925,0.15,45
22.926,0.15,45
22.927,0.15,45
22.928,0.15,45
22.929,0.15,45
22.93,0.15,45
22.931,0.15,45
22.932,0.15,45
22.933,0.15,45
22.934,0.15,45
22.935,0.15,45
22.936,0.15,45
22.937,0.15,45
22.938,0.15,45
22.939,0.15,45
22.94,0.15,45
22.941,0.15,45
22.942,0.15,45
22.943,0.15,45
22.944,0.15,45
22.945,0.15,45
22.946,0.15,45
22.947,0.15,45
22.948,0.15,45
22.949,0.15,45
22.95,0.15,45
22.951,0.15,45
22.952,0.15,45
22.953,0.15,45
22.954,0.15,45
22.955,0.15,45
22.956,0.15,45
22.957,0.15,45
22.958,0.15,45
22.959,0.15,45
22.96,0.15,45
22.961,0.15,45
22.962,0.15,45
22.963,0.15,45
22.964,0.15,45
22.965,0.15,45
22.966,0.15,45
22.967,0.15,45
22.968,0.15,45
22.969,0.15,45
22.97,0.15,45
22.971,0.15,45
22.972,0.15,45
22.973,0.15,45
22.974,0.15,45
22.975,0.15,45
22.976,0.15,45
22.977,0.15,45
22.978,0.15,45
22.979,0.15,45
22.98,0.15,45
22.981,0.15,45
22.982,0.15,45
22.983,0.15,45
22.984,0.15,45
22.985,0.15,45
22.986,0.15,45
22.987,0.15,45
22.988,0.15,45
22.989,0.15,45
22.99,0.15,45
22.991,0.15,45
22.992,0.15,45
22.993,0.15,45
22.994,0.15,45
22.995,0.15,45
22.996,0.15,45
22.997,0.15,45
22.998,0.15,45
22.999,0.15,45
23,0.15,45
23.001,0.15,45
23.002,0.15,45
23.003,0.15,45
23.004,0.15,45
23.005,0.15,45
23.006,0.15,45
23.007,0.15,45
23.008,0.15,45
23.009,0.15,45
23.01,0.15,45
23.011,0.15,45
23.012,0.15,45
23.013,0.15,45
23.014,0.15,45
23.015,0.15,45
23.016,0.15,45
23.017,0.15,45
23.018,0.15,45
23.019,0.15,45
23.02,0.15,45
23.021,0.15,45
23.022,0.15,45
23.023,0.15,45
23.024,0.15,45
23.025,0.15,45
23.026,0.15,45
23.027,0.15,45
23.028,0.15,45
23.029,0.15,45
23.03,0.15,45
23.031,0.15,45
23.032,0.15,45
23.033,0.15,45
23.034,0.15,45
23.035,0.15,45
23.036,0.15,45
23.037,0.15,45
23.038,0.15,45
23.039,0.15,45
23.04,0.15,45
23.041,0.15,45
23.042,0.15,45
23.043,0.15,45
23.044,0.15,45
23.045,0.15,45
23.046,0.15,45
23.047,0.15,45
23.048,0.15,45
23.049,0.15,45
23.05,0.15,45
23.051,0.15,45
23.052,0.15,45
23.053,0.15,45
23.054,0.15,45
23.055,0.15,45
23.056,0.15,45
23.057,0.15,45
23.058,0.15,45
23.059,0.15,45
23.06,0.15,45
23.061,0.15,45
23.062,0.15,45
23.063,0.15,45
23.064,0.15,45
23.065,0.15,45
23.066,0.15,45
23.067,0.15,45
23.068,0.15,45
23.069,0.15,45
23.07,0.15,45
23.071,0.15,45
23.072,0.15,45
23.073,0.15,45
23.074,0.15,45
23.075,0.15,45
23.076,0.15,45
23.077,0.15,45
23.078,0.15,45
23.079,0.15,45
23.08,0.15,45
23.081,0.15,45
23.082,0.15,45
23.083,0.15,45
23.084,0.15,45
23.085,0.15,45
23.086,0.15,45
23.087,0.15,45
23.088,0.15,45
23.089,0.15,45
23.09,0.15,45
23.091,0.15,45
23.092,0.15,45
23.093,0.15,45
23.094,0.15,45
23.095,0.15,45
23.096,0.15,45
23.097,0.15,45
23.098,0.15,45
23.099,0.15,45
23.1,0.15,45
23.101,0.15,45
23.102,0.15,45
23.103,0.15,45
23.104,0.15,45
23.105,0.15,45
23.106,0.15,45
23.107,0.15,45
23.108,0.15,45
23.109,0.15,45
23.11,0.15,45
23.111,0.15,45
23.112,0.15,45
23.113,0.15,45
23.114,0.15,45
23.115,0.15,45
23.116,0.15,45
23.117,0.15,45
23.118,0.15,45
23.119,0.15,45
23.12,0.15,45
23.121,0.15,45
23.122,0.15,45
23.123,0.15,45
23.124,0.15,45
23.125,0.15,45
23.126,0.15,45
23.127,0.15,45
23.128,0.15,45
23.129,0.15,45
23.13,0.15,45
23.131,0.15,45
23.132,0.15,45
23.133,0.15,45
23.134,0.15,45
23.135,0.15,45
23.136,0.15,45
23.137,0.15,45
23.138,0.15,45
23.139,0.15,45
23.14,0.15,45
23.141,0.15,45
23.142,0.15,45
23.143,0.15,45
23.144,0.15,45
23.145,0.15,45
23.146,0.15,45
23.147,0.15,45
23.148,0.15,45
23.149,0.15,45
23.15,0.15,45
23.151,0.15,45
23.152,0.15,45
23.153,0.15,45
23.154,0.15,45
23.155,0.15,45
23.156,0.15,45
23.157,0.15,45
23.158,0.15,45
23.159,0.15,45
23.16,0.15,45
23.161,0.15,45
23.162,0.15,45
23.163,0.15,45
23.164,0.15,45
23.165,0.15,45
23.166,0.15,45
23.167,0.15,45
23.168,0.15,45
23.169,0.15,45
23.17,0.15,45
23.171,0.15,45
23.172,0.15,45
23.173,0.15,45
23.174,0.15,45
23.175,0.15,45
23.176,0.15,45
23.177,0.15,45
23.178,0.15,45
23.179,0.15,45
23.18,0.15,45
23.181,0.15,45
23.182,0.15,45
23.183,0.15,45
23.184,0.15,45
23.185,0.15,45
23.186,0.15,45
23.187,0.15,45
23.188,0.15,45
23.189,0.15,45
23.19,0.15,45
23.191,0.15,45
23.192,0.15,45
23.193,0.15,45
23.194,0.15,45
23.195,0.15,45
23.196,0.15,45
23.197,0.15,45
23.198,0.15,45
23.199,0.15,45
23.2,0.15,45
23.201,0.15,45
23.202,0.15,45
23.203,0.15,45
23.204,0.15,45
23.205,0.15,45
23.206,0.15,45
23.207,0.15,45
23.208,0.15,45
23.209,0.15,45
23.21,0.15,45
23.211,0.15,45
23.212,0.15,45
23.213,0.15,45
23.214,0.15,45
23.215,0.15,45
23.216,0.15,45
23.217,0.15,45
23.218,0.15,45
23.219,0.15,45
23.22,0.15,45
23.221,0.15,45
23.222,0.15,45
23.223,0.15,45
23.224,0.15,45
23.225,0.15,45
23.226,0.15,45
23.227,0.15,45
23.228,0.15,45
23.229,0.15,45
23.23,0.15,45
23.231,0.15,45
23.232,0.15,45
23.233,0.15,45
23.234,0.15,45
23.235,0.15,45
23.236,0.15,45
23.237,0.15,45
23.238,0.15,45
23.239,0.15,45
23.24,0.15,45
23.241,0.15,45
23.242,0.15,45
23.243,0.15,45
23.244,0.15,45
23.245,0.15,45
23.246,0.15,45
23.247,0.15,45
23.248,0.15,45
23.249,0.15,45
23.25,0.15,45
23.251,0.15,45
23.252,0.15,45
23.253,0.15,45
23.254,0.15,45
23.255,0.15,45
23.256,0.15,45
23.257,0.15,45
23.258,0.15,45
23.259,0.15,45
23.26,0.15,45
23.261,0.15,45
23.262,0.15,45
23.263,0.15,45
23.264,0.15,45
23.265,0.15,45
23.266,0.15,45
23.267,0.15,45
23.268,0.15,45
23.269,0.15,45
23.27,0.15,45
23.271,0.15,45
23.272,0.15,45
23.273,0.15,45
23.274,0.15,45
23.275,0.15,45
23.276,0.15,45
23.277,0.15,45
23.278,0.15,45
23.279,0.15,45
23.28,0.15,45
23.281,0.15,45
23.282,0.15,45
23.283,0.15,45
23.284,0.15,45
23.285,0.15,45
23.286,0.15,45
23.287,0.15,45
23.288,0.15,45
23.289,0.15,45
23.29,0.15,45
23.291,0.15,45
23.292,0.15,45
23.293,0.15,45
23.294,0.15,45
23.295,0.15,45
23.296,0.15,45
23.297,0.15,45
23.298,0.15,45
23.299,0.15,45
23.3,0.15,45
23.301,0.15,45
23.302,0.15,45
23.303,0.15,45
23.304,0.15,45
23.305,0.15,45
23.306,0.15,45
23.307,0.15,45
23.308,0.15,45
23.309,0.15,45
23.31,0.15,45
23.311,0.15,45
23.312,0.15,45
23.313,0.15,45
23.314,0.15,45
23.315,0.15,45
23.316,0.15,45
23.317,0.15,45
23.318,0.15,45
23.319,0.15,45
23.32,0.15,45
23.321,0.15,45
23.322,0.15,45
23.323,0.15,45
23.324,0.15,45
23.325,0.15,45
23.326,0.15,45
23.327,0.15,45
23.328,0.15,45
23.329,0.15,45
23.33,0.15,45
23.331,0.15,45
23.332,0.15,45
23.333,0.15,45
23.334,0.15,45
23.335,0.15,45
23.336,0.15,45
23.337,0.15,45
23.338,0.15,45
23.339,0.15,45
23.34,0.15,45
23.341,0.15,45
23.342,0.15,45
23.343,0.15,45
23.344,0.15,45
23.345,0.15,45
23.346,0.15,45
23.347,0.15,45
23.348,0.15,45
23.349,0.15,45
23.35,0.15,45
23.351,0.15,45
23.352,0.15,45
23.353,0.15,45
23.354,0.15,45
23.355,0.15,45
23.356,0.15,45
23.357,0.15,45
23.358,0.15,45
23.359,0.15,45
23.36,0.15,45
23.361,0.15,45
23.362,0.15,45
23.363,0.15,45
23.364,0.15,45
23.365,0.15,45
23.366,0.15,45
23.367,0.15,45
23.368,0.15,45
23.369,0.15,45
23.37,0.15,45
23.371,0.15,45
23.372,0.15,45
23.373,0.15,45
23.374,0.15,45
23.375,0.15,45
23.376,0.15,45
23.377,0.15,45
23.378,0.15,45
23.379,0.15,45
23.38,0.15,45
23.381,0.15,45
23.382,0.15,45
23.383,0.15,45
23.384,0.15,45
23.385,0.15,45
23.386,0.15,45
23.387,0.15,45
23.388,0.15,45
23.389,0.15,45
23.39,0.15,45
23.391,0.15,45
23.392,0.15,45
23.393,0.15,45
23.394,0.15,45
23.395,0.15,45
23.396,0.15,45
23.397,0.15,45
23.398,0.15,45
23.399,0.15,45
23.4,0.15,45
23.401,0.15,45
23.402,0.15,45
23.403,0.15,45
23.404,0.15,45
23.405,0.15,45
23.406,0.15,45
23.407,0.15,45
23.408,0.15,45
23.409,0.15,45
23.41,0.15,45
23.411,0.15,45
23.412,0.15,45
23.413,0.15,45
23.414,0.15,45
23.415,0.15,45
23.416,0.15,45
23.417,0.15,45
23.418,0.15,45
23.419,0.15,45
23.42,0.15,45
23.421,0.15,45
23.422,0.15,45
23.423,0.15,45
23.424,0.15,45
23.425,0.15,45
23.426,0.15,45
23.427,0.15,45
23.428,0.15,45
23.429,0.15,45
23.43,0.15,45
23.431,0.15,45
23.432,0.15,45
23.433,0.15,45
23.434,0.15,45
23.435,0.15,45
23.436,0.15,45
23.437,0.15,45
23.438,0.15,45
23.439,0.15,45
23.44,0.15,45
23.441,0.15,45
23.442,0.15,45
23.443,0.15,45
23.444,0.15,45
23.445,0.15,45
23.446,0.15,45
23.447,0.15,45
23.448,0.15,45
23.449,0.15,45
23.45,0.15,45
23.451,0.15,45
23.452,0.15,45
23.453,0.15,45
23.454,0.15,45
23.455,0.15,45
23.456,0.15,45
23.457,0.15,45
23.458,0.15,45
23.459,0.15,45
23.46,0.15,45
23.461,0.15,45
23.462,0.15,45
23.463,0.15,45
23.464,0.15,45
23.465,0.15,45
23.466,0.15,45
23.467,0.15,45
23.468,0.15,45
23.469,0.15,45
23.47,0.15,45
23.471,0.15,45
23.472,0.15,45
23.473,0.15,45
23.474,0.15,45
23.475,0.15,45
23.476,0.15,45
23.477,0.15,45
23.478,0.15,45
23.479,0.15,45
23.48,0.15,45
23.481,0.15,45
23.482,0.15,45
23.483,0.15,45
23.484,0.15,45
23.485,0.15,45
23.486,0.15,45
23.487,0.15,45
23.488,0.15,45
23.489,0.15,45
23.49,0.15,45
23.491,0.15,45
23.492,0.15,45
23.493,0.15,45
23.494,0.15,45
23.495,0.15,45
23.496,0.15,45
23.497,0.15,45
23.498,0.15,45
23.499,0.15,45
23.5,0.15,45
23.501,0.15,45
23.502,0.15,45
23.503,0.15,45
23.504,0.15,45
23.505,0.15,45
23.506,0.15,45
23.507,0.15,45
23.508,0.15,45
23.509,0.15,45
23.51,0.15,45
23.511,0.15,45
23.512,0.15,45
23.513,0.15,45
23.514,0.15,45
23.515,0.15,45
23.516,0.15,45
23.517,0.15,45
23.518,0.15,45
23.519,0.15,45
23.52,0.15,45
23.521,0.15,45
23.522,0.15,45
23.523,0.15,45
23.524,0.15,45
23.525,0.15,45
23.526,0.15,45
23.527,0.15,45
23.528,0.15,45
23.529,0.15,45
23.53,0.15,45
23.531,0.15,45
23.532,0.15,45
23.533,0.15,45
23.534,0.15,45
23.535,0.15,45
23.536,0.15,45
23.537,0.15,45
23.538,0.15,45
23.539,0.15,45
23.54,0.15,45
23.541,0.15,45
23.542,0.15,45
23.543,0.15,45
23.544,0.15,45
23.545,0.15,45
23.546,0.15,45
23.547,0.15,45
23.548,0.15,45
23.549,0.15,45
23.55,0.15,45
23.551,0.15,45
23.552,0.15,45
23.553,0.15,45
23.554,0.15,45
23.555,0.15,45
23.556,0.15,45
23.557,0.15,45
23.558,0.15,45
23.559,0.15,45
23.56,0.15,45
23.561,0.15,45
23.562,0.15,45
23.563,0.15,45
23.564,0.15,45
23.565,0.15,45
23.566,0.15,45
23.567,0.15,45
23.568,0.15,45
23.569,0.15,45
23.57,0.15,45
23.571,0.15,45
23.572,0.15,45
23.573,0.15,45
23.574,0.15,45
23.575,0.15,45
23.576,0.15,45
23.577,0.15,45
23.578,0.15,45
23.579,0.15,45
23.58,0.15,45
23.581,0.15,45
23.582,0.15,45
23.583,0.15,45
23.584,0.15,45
23.585,0.15,45
23.586,0.15,45
23.587,0.15,45
23.588,0.15,45
23.589,0.15,45
23.59,0.15,45
23.591,0.15,45
23.592,0.15,45
23.593,0.15,45
23.594,0.15,45
23.595,0.15,45
23.596,0.15,45
23.597,0.15,45
23.598,0.15,45
23.599,0.15,45
23.6,0.15,45
23.601,0.15,45
23.602,0.15,45
23.603,0.15,45
23.604,0.15,45
23.605,0.15,45
23.606,0.15,45
23.607,0.15,45
23.608,0.15,45
23.609,0.15,45
23.61,0.15,45
23.611,0.15,45
23.612,0.15,45
23.613,0.15,45
23.614,0.15,45
23.615,0.15,45
23.616,0.15,45
23.617,0.15,45
23.618,0.15,45
23.619,0.15,45
23.62,0.15,45
23.621,0.15,45
23.622,0.15,45
23.623,0.15,45
23.624,0.15,45
23.625,0.15,45
23.626,0.15,45
23.627,0.15,45
23.628,0.15,45
23.629,0.15,45
23.63,0.15,45
23.631,0.15,45
23.632,0.15,45
23.633,0.15,45
23.634,0.15,45
23.635,0.15,45
23.636,0.15,45
23.637,0.15,45
23.638,0.15,45
23.639,0.15,45
23.64,0.15,45
23.641,0.15,45
23.642,0.15,45
23.643,0.15,45
23.644,0.15,45
23.645,0.15,45
23.646,0.15,45
23.647,0.15,45
23.648,0.15,45
23.649,0.15,45
23.65,0.15,45
23.651,0.15,45
23.652,0.15,45
23.653,0.15,45
23.654,0.15,45
23.655,0.15,45
23.656,0.15,45
23.657,0.15,45
23.658,0.15,45
23.659,0.15,45
23.66,0.15,45
23.661,0.15,45
23.662,0.15,45
23.663,0.15,45
23.664,0.15,45
23.665,0.15,45
23.666,0.15,45
23.667,0.15,45
23.668,0.15,45
23.669,0.15,45
23.67,0.15,45
23.671,0.15,45
23.672,0.15,45
23.673,0.15,45
23.674,0.15,45
23.675,0.15,45
23.676,0.15,45
23.677,0.15,45
23.678,0.15,45
23.679,0.15,45
23.68,0.15,45
23.681,0.15,45
23.682,0.15,45
23.683,0.15,45
23.684,0.15,45
23.685,0.15,45
23.686,0.15,45
23.687,0.15,45
23.688,0.15,45
23.689,0.15,45
23.69,0.15,45
23.691,0.15,45
23.692,0.15,45
23.693,0.15,45
23.694,0.15,45
23.695,0.15,45
23.696,0.15,45
23.697,0.15,45
23.698,0.15,45
23.699,0.15,45
23.7,0.15,45
23.701,0.15,45
23.702,0.15,45
23.703,0.15,45
23.704,0.15,45
23.705,0.15,45
23.706,0.15,45
23.707,0.15,45
23.708,0.15,45
23.709,0.15,45
23.71,0.15,45
23.711,0.15,45
23.712,0.15,45
23.713,0.15,45
23.714,0.15,45
23.715,0.15,45
23.716,0.15,45
23.717,0.15,45
23.718,0.15,45
23.719,0.15,45
23.72,0.15,45
23.721,0.15,45
23.722,0.15,45
23.723,0.15,45
23.724,0.15,45
23.725,0.15,45
23.726,0.15,45
23.727,0.15,45
23.728,0.15,45
23.729,0.15,45
23.73,0.15,45
23.731,0.15,45
23.732,0.15,45
23.733,0.15,45
23.734,0.15,45
23.735,0.15,45
23.736,0.15,45
23.737,0.15,45
23.738,0.15,45
23.739,0.15,45
23.74,0.15,45
23.741,0.15,45
23.742,0.15,45
23.743,0.15,45
23.744,0.15,45
23.745,0.15,45
23.746,0.15,45
23.747,0.15,45
23.748,0.15,45
23.749,0.15,45
23.75,0.15,45
23.751,0.15,45
23.752,0.15,45
23.753,0.15,45
23.754,0.15,45
23.755,0.15,45
23.756,0.15,45
23.757,0.15,45
23.758,0.15,45
23.759,0.15,45
23.76,0.15,45
23.761,0.15,45
23.762,0.15,45
23.763,0.15,45
23.764,0.15,45
23.765,0.15,45
23.766,0.15,45
23.767,0.15,45
23.768,0.15,45
23.769,0.15,45
23.77,0.15,45
23.771,0.15,45
23.772,0.15,45
23.773,0.15,45
23.774,0.15,45
23.775,0.15,45
23.776,0.15,45
23.777,0.15,45
23.778,0.15,45
23.779,0.15,45
23.78,0.15,45
23.781,0.15,45
23.782,0.15,45
23.783,0.15,45
23.784,0.15,45
23.785,0.15,45
23.786,0.15,45
23.787,0.15,45
23.788,0.15,45
23.789,0.15,45
23.79,0.15,45
23.791,0.15,45
23.792,0.15,45
23.793,0.15,45
23.794,0.15,45
23.795,0.15,45
23.796,0.15,45
23.797,0.15,45
23.798,0.15,45
23.799,0.15,45
23.8,0.15,45
23.801,0.15,45
23.802,0.15,45
23.803,0.15,45
23.804,0.15,45
23.805,0.15,45
23.806,0.15,45
23.807,0.15,45
23.808,0.15,45
23.809,0.15,45
23.81,0.15,45
23.811,0.15,45
23.812,0.15,45
23.813,0.15,45
23.814,0.15,45
23.815,0.15,45
23.816,0.15,45
23.817,0.15,45
23.818,0.15,45
23.819,0.15,45
23.82,0.15,45
23.821,0.15,45
23.822,0.15,45
23.823,0.15,45
23.824,0.15,45
23.825,0.15,45
23.826,0.15,45
23.827,0.15,45
23.828,0.15,45
23.829,0.15,45
23.83,0.15,45
23.831,0.15,45
23.832,0.15,45
23.833,0.15,45
23.834,0.15,45
23.835,0.15,45
23.836,0.15,45
23.837,0.15,45
23.838,0.15,45
23.839,0.15,45
23.84,0.15,45
23.841,0.15,45
23.842,0.15,45
23.843,0.15,45
23.844,0.15,45
23.845,0.15,45
23.846,0.15,45
23.847,0.15,45
23.848,0.15,45
23.849,0.15,45
23.85,0.15,45
23.851,0.15,45
23.852,0.15,45
23.853,0.15,45
23.854,0.15,45
23.855,0.15,45
23.856,0.15,45
23.857,0.15,45
23.858,0.15,45
23.859,0.15,45
23.86,0.15,45
23.861,0.15,45
23.862,0.15,45
23.863,0.15,45
23.864,0.15,45
23.865,0.15,45
23.866,0.15,45
23.867,0.15,45
23.868,0.15,45
23.869,0.15,45
23.87,0.15,45
23.871,0.15,45
23.872,0.15,45
23.873,0.15,45
23.874,0.15,45
23.875,0.15,45
23.876,0.15,45
23.877,0.15,45
23.878,0.15,45
23.879,0.15,45
23.88,0.15,45
23.881,0.15,45
23.882,0.15,45
23.883,0.15,45
23.884,0.15,45
23.885,0.15,45
23.886,0.15,45
23.887,0.15,45
23.888,0.15,45
23.889,0.15,45
23.89,0.15,45
23.891,0.15,45
23.892,0.15,45
23.893,0.15,45
23.894,0.15,45
23.895,0.15,45
23.896,0.15,45
23.897,0.15,45
23.898,0.15,45
23.899,0.15,45
23.9,0.15,45
23.901,0.15,45
23.902,0.15,45
23.903,0.15,45
23.904,0.15,45
23.905,0.15,45
23.906,0.15,45
23.907,0.15,45
23.908,0.15,45
23.909,0.15,45
23.91,0.15,45
23.911,0.15,45
23.912,0.15,45
23.913,0.15,45
23.914,0.15,45
23.915,0.15,45
23.916,0.15,45
23.917,0.15,45
23.918,0.15,45
23.919,0.15,45
23.92,0.15,45
23.921,0.15,45
23.922,0.15,45
23.923,0.15,45
23.924,0.15,45
23.925,0.15,45
23.926,0.15,45
23.927,0.15,45
23.928,0.15,45
23.929,0.15,45
23.93,0.15,45
23.931,0.15,45
23.932,0.15,45
23.933,0.15,45
23.934,0.15,45
23.935,0.15,45
23.936,0.15,45
23.937,0.15,45
23.938,0.15,45
23.939,0.15,45
23.94,0.15,45
23.941,0.15,45
23.942,0.15,45
23.943,0.15,45
23.944,0.15,45
23.945,0.15,45
23.946,0.15,45
23.947,0.15,45
23.948,0.15,45
23.949,0.15,45
23.95,0.15,45
23.951,0.15,45
23.952,0.15,45
23.953,0.15,45
23.954,0.15,45
23.955,0.15,45
23.956,0.15,45
23.957,0.15,45
23.958,0.15,45
23.959,0.15,45
23.96,0.15,45
23.961,0.15,45
23.962,0.15,45
23.963,0.15,45
23.964,0.15,45
23.965,0.15,45
23.966,0.15,45
23.967,0.15,45
23.968,0.15,45
23.969,0.15,45
23.97,0.15,45
23.971,0.15,45
23.972,0.15,45
23.973,0.15,45
23.974,0.15,45
23.975,0.15,45
23.976,0.15,45
23.977,0.15,45
23.978,0.15,45
23.979,0.15,45
23.98,0.15,45
23.981,0.15,45
23.982,0.15,45
23.983,0.15,45
23.984,0.15,45
23.985,0.15,45
23.986,0.15,45
23.987,0.15,45
23.988,0.15,45
23.989,0.15,45
23.99,0.15,45
23.991,0.15,45
23.992,0.15,45
23.993,0.15,45
23.994,0.15,45
23.995,0.15,45
23.996,0.15,45
23.997,0.15,45
23.998,0.15,45
23.999,0.15,45
24,0.15,45
24.001,0.15,45
24.002,0.15,45
24.003,0.15,45
24.004,0.15,45
24.005,0.15,45
24.006,0.15,45
24.007,0.15,45
24.008,0.15,45
24.009,0.15,45
24.01,0.15,45
24.011,0.15,45
24.012,0.15,45
24.013,0.15,45
24.014,0.15,45
24.015,0.15,45
24.016,0.15,45
24.017,0.15,45
24.018,0.15,45
24.019,0.15,45
24.02,0.15,45
24.021,0.15,45
24.022,0.15,45
24.023,0.15,45
24.024,0.15,45
24.025,0.15,45
24.026,0.15,45
24.027,0.15,45
24.028,0.15,45
24.029,0.15,45
24.03,0.15,45
24.031,0.15,45
24.032,0.15,45
24.033,0.15,45
24.034,0.15,45
24.035,0.15,45
24.036,0.15,45
24.037,0.15,45
24.038,0.15,45
24.039,0.15,45
24.04,0.15,45
24.041,0.15,45
24.042,0.15,45
24.043,0.15,45
24.044,0.15,45
24.045,0.15,45
24.046,0.15,45
24.047,0.15,45
24.048,0.15,45
24.049,0.15,45
24.05,0.15,45
24.051,0.15,45
24.052,0.15,45
24.053,0.15,45
24.054,0.15,45
24.055,0.15,45
24.056,0.15,45
24.057,0.15,45
24.058,0.15,45
24.059,0.15,45
24.06,0.15,45
24.061,0.15,45
24.062,0.15,45
24.063,0.15,45
24.064,0.15,45
24.065,0.15,45
24.066,0.15,45
24.067,0.15,45
24.068,0.15,45
24.069,0.15,45
24.07,0.15,45
24.071,0.15,45
24.072,0.15,45
24.073,0.15,45
24.074,0.15,45
24.075,0.15,45
24.076,0.15,45
24.077,0.15,45
24.078,0.15,45
24.079,0.15,45
24.08,0.15,45
24.081,0.15,45
24.082,0.15,45
24.083,0.15,45
24.084,0.15,45
24.085,0.15,45
24.086,0.15,45
24.087,0.15,45
24.088,0.15,45
24.089,0.15,45
24.09,0.15,45
24.091,0.15,45
24.092,0.15,45
24.093,0.15,45
24.094,0.15,45
24.095,0.15,45
24.096,0.15,45
24.097,0.15,45
24.098,0.15,45
24.099,0.15,45
24.1,0.15,45
24.101,0.15,45
24.102,0.15,45
24.103,0.15,45
24.104,0.15,45
24.105,0.15,45
24.106,0.15,45
24.107,0.15,45
24.108,0.15,45
24.109,0.15,45
24.11,0.15,45
24.111,0.15,45
24.112,0.15,45
24.113,0.15,45
24.114,0.15,45
24.115,0.15,45
24.116,0.15,45
24.117,0.15,45
24.118,0.15,45
24.119,0.15,45
24.12,0.15,45
24.121,0.15,45
24.122,0.15,45
24.123,0.15,45
24.124,0.15,45
24.125,0.15,45
24.126,0.15,45
24.127,0.15,45
24.128,0.15,45
24.129,0.15,45
24.13,0.15,45
24.131,0.15,45
24.132,0.15,45
24.133,0.15,45
24.134,0.15,45
24.135,0.15,45
24.136,0.15,45
24.137,0.15,45
24.138,0.15,45
24.139,0.15,45
24.14,0.15,45
24.141,0.15,45
24.142,0.15,45
24.143,0.15,45
24.144,0.15,45
24.145,0.15,45
24.146,0.15,45
24.147,0.15,45
24.148,0.15,45
24.149,0.15,45
24.15,0.15,45
24.151,0.15,45
24.152,0.15,45
24.153,0.15,45
24.154,0.15,45
24.155,0.15,45
24.156,0.15,45
24.157,0.15,45
24.158,0.15,45
24.159,0.15,45
24.16,0.15,45
24.161,0.15,45
24.162,0.15,45
24.163,0.15,45
24.164,0.15,45
24.165,0.15,45
24.166,0.15,45
24.167,0.15,45
24.168,0.15,45
24.169,0.15,45
24.17,0.15,45
24.171,0.15,45
24.172,0.15,45
24.173,0.15,45
24.174,0.15,45
24.175,0.15,45
24.176,0.15,45
24.177,0.15,45
24.178,0.15,45
24.179,0.15,45
24.18,0.15,45
24.181,0.15,45
24.182,0.15,45
24.183,0.15,45
24.184,0.15,45
24.185,0.15,45
24.186,0.15,45
24.187,0.15,45
24.188,0.15,45
24.189,0.15,45
24.19,0.15,45
24.191,0.15,45
24.192,0.15,45
24.193,0.15,45
24.194,0.15,45
24.195,0.15,45
24.196,0.15,45
24.197,0.15,45
24.198,0.15,45
24.199,0.15,45
24.2,0.15,45
24.201,0.15,45
24.202,0.15,45
24.203,0.15,45
24.204,0.15,45
24.205,0.15,45
24.206,0.15,45
24.207,0.15,45
24.208,0.15,45
24.209,0.15,45
24.21,0.15,45
24.211,0.15,45
24.212,0.15,45
24.213,0.15,45
24.214,0.15,45
24.215,0.15,45
24.216,0.15,45
24.217,0.15,45
24.218,0.15,45
24.219,0.15,45
24.22,0.15,45
24.221,0.15,45
24.222,0.15,45
24.223,0.15,45
24.224,0.15,45
24.225,0.15,45
24.226,0.15,45
24.227,0.15,45
24.228,0.15,45
24.229,0.15,45
24.23,0.15,45
24.231,0.15,45
24.232,0.15,45
24.233,0.15,45
24.234,0.15,45
24.235,0.15,45
24.236,0.15,45
24.237,0.15,45
24.238,0.15,45
24.239,0.15,45
24.24,0.15,45
24.241,0.15,45
24.242,0.15,45
24.243,0.15,45
24.244,0.15,45
24.245,0.15,45
24.246,0.15,45
24.247,0.15,45
24.248,0.15,45
24.249,0.15,45
24.25,0.15,45
24.251,0.15,45
24.252,0.15,45
24.253,0.15,45
24.254,0.15,45
24.255,0.15,45
24.256,0.15,45
24.257,0.15,45
24.258,0.15,45
24.259,0.15,45
24.26,0.15,45
24.261,0.15,45
24.262,0.15,45
24.263,0.15,45
24.264,0.15,45
24.265,0.15,45
24.266,0.15,45
24.267,0.15,45
24.268,0.15,45
24.269,0.15,45
24.27,0.15,45
24.271,0.15,45
24.272,0.15,45
24.273,0.15,45
24.274,0.15,45
24.275,0.15,45
24.276,0.15,45
24.277,0.15,45
24.278,0.15,45
24.279,0.15,45
24.28,0.15,45
24.281,0.15,45
24.282,0.15,45
24.283,0.15,45
24.284,0.15,45
24.285,0.15,45
24.286,0.15,45
24.287,0.15,45
24.288,0.15,45
24.289,0.15,45
24.29,0.15,45
24.291,0.15,45
24.292,0.15,45
24.293,0.15,45
24.294,0.15,45
24.295,0.15,45
24.296,0.15,45
24.297,0.15,45
24.298,0.15,45
24.299,0.15,45
24.3,0.15,45
24.301,0.15,45
24.302,0.15,45
24.303,0.15,45
24.304,0.15,45
24.305,0.15,45
24.306,0.15,45
24.307,0.15,45
24.308,0.15,45
24.309,0.15,45
24.31,0.15,45
24.311,0.15,45
24.312,0.15,45
24.313,0.15,45
24.314,0.15,45
24.315,0.15,45
24.316,0.15,45
24.317,0.15,45
24.318,0.15,45
24.319,0.15,45
24.32,0.15,45
24.321,0.15,45
24.322,0.15,45
24.323,0.15,45
24.324,0.15,45
24.325,0.15,45
24.326,0.15,45
24.327,0.15,45
24.328,0.15,45
24.329,0.15,45
24.33,0.15,45
24.331,0.15,45
24.332,0.15,45
24.333,0.15,45
24.334,0.15,45
24.335,0.15,45
24.336,0.15,45
24.337,0.15,45
24.338,0.15,45
24.339,0.15,45
24.34,0.15,45
24.341,0.15,45
24.342,0.15,45
24.343,0.15,45
24.344,0.15,45
24.345,0.15,45
24.346,0.15,45
24.347,0.15,45
24.348,0.15,45
24.349,0.15,45
24.35,0.15,45
24.351,0.15,45
24.352,0.15,45
24.353,0.15,45
24.354,0.15,45
24.355,0.15,45
24.356,0.15,45
24.357,0.15,45
24.358,0.15,45
24.359,0.15,45
24.36,0.15,45
24.361,0.15,45
24.362,0.15,45
24.363,0.15,45
24.364,0.15,45
24.365,0.15,45
24.366,0.15,45
24.367,0.15,45
24.368,0.15,45
24.369,0.15,45
24.37,0.15,45
24.371,0.15,45
24.372,0.15,45
24.373,0.15,45
24.374,0.15,45
24.375,0.15,45
24.376,0.15,45
24.377,0.15,45
24.378,0.15,45
24.379,0.15,45
24.38,0.15,45
24.381,0.15,45
24.382,0.15,45
24.383,0.15,45
24.384,0.15,45
24.385,0.15,45
24.386,0.15,45
24.387,0.15,45
24.388,0.15,45
24.389,0.15,45
24.39,0.15,45
24.391,0.15,45
24.392,0.15,45
24.393,0.15,45
24.394,0.15,45
24.395,0.15,45
24.396,0.15,45
24.397,0.15,45
24.398,0.15,45
24.399,0.15,45
24.4,0.15,45
24.401,0.15,45
24.402,0.15,45
24.403,0.15,45
24.404,0.15,45
24.405,0.15,45
24.406,0.15,45
24.407,0.15,45
24.408,0.15,45
24.409,0.15,45
24.41,0.15,45
24.411,0.15,45
24.412,0.15,45
24.413,0.15,45
24.414,0.15,45
24.415,0.15,45
24.416,0.15,45
24.417,0.15,45
24.418,0.15,45
24.419,0.15,45
24.42,0.15,45
24.421,0.15,45
24.422,0.15,45
24.423,0.15,45
24.424,0.15,45
24.425,0.15,45
24.426,0.15,45
24.427,0.15,45
24.428,0.15,45
24.429,0.15,45
24.43,0.15,45
24.431,0.15,45
24.432,0.15,45
24.433,0.15,45
24.434,0.15,45
24.435,0.15,45
24.436,0.15,45
24.437,0.15,45
24.438,0.15,45
24.439,0.15,45
24.44,0.15,45
24.441,0.15,45
24.442,0.15,45
24.443,0.15,45
24.444,0.15,45
24.445,0.15,45
24.446,0.15,45
24.447,0.15,45
24.448,0.15,45
24.449,0.15,45
24.45,0.15,45
24.451,0.15,45
24.452,0.15,45
24.453,0.15,45
24.454,0.15,45
24.455,0.15,45
24.456,0.15,45
24.457,0.15,45
24.458,0.15,45
24.459,0.15,45
24.46,0.15,45
24.461,0.15,45
24.462,0.15,45
24.463,0.15,45
24.464,0.15,45
24.465,0.15,45
24.466,0.15,45
24.467,0.15,45
24.468,0.15,45
24.469,0.15,45
24.47,0.15,45
24.471,0.15,45
24.472,0.15,45
24.473,0.15,45
24.474,0.15,45
24.475,0.15,45
24.476,0.15,45
24.477,0.15,45
24.478,0.15,45
24.479,0.15,45
24.48,0.15,45
24.481,0.15,45
24.482,0.15,45
24.483,0.15,45
24.484,0.15,45
24.485,0.15,45
24.486,0.15,45
24.487,0.15,45
24.488,0.15,45
24.489,0.15,45
24.49,0.15,45
24.491,0.15,45
24.492,0.15,45
24.493,0.15,45
24.494,0.15,45
24.495,0.15,45
24.496,0.15,45
24.497,0.15,45
24.498,0.15,45
24.499,0.15,45
24.5,0.15,45
24.501,0.15,45
24.502,0.15,45
24.503,0.15,45
24.504,0.15,45
24.505,0.15,45
24.506,0.15,45
24.507,0.15,45
24.508,0.15,45
24.509,0.15,45
24.51,0.15,45
24.511,0.15,45
24.512,0.15,45
24.513,0.15,45
24.514,0.15,45
24.515,0.15,45
24.516,0.15,45
24.517,0.15,45
24.518,0.15,45
24.519,0.15,45
24.52,0.15,45
24.521,0.15,45
24.522,0.15,45
24.523,0.15,45
24.524,0.15,45
24.525,0.15,45
24.526,0.15,45
24.527,0.15,45
24.528,0.15,45
24.529,0.15,45
24.53,0.15,45
24.531,0.15,45
24.532,0.15,45
24.533,0.15,45
24.534,0.15,45
24.535,0.15,45
24.536,0.15,45
24.537,0.15,45
24.538,0.15,45
24.539,0.15,45
24.54,0.15,45
24.541,0.15,45
24.542,0.15,45
24.543,0.15,45
24.544,0.15,45
24.545,0.15,45
24.546,0.15,45
24.547,0.15,45
24.548,0.15,45
24.549,0.15,45
24.55,0.15,45
24.551,0.15,45
24.552,0.15,45
24.553,0.15,45
24.554,0.15,45
24.555,0.15,45
24.556,0.15,45
24.557,0.15,45
24.558,0.15,45
24.559,0.15,45
24.56,0.15,45
24.561,0.15,45
24.562,0.15,45
24.563,0.15,45
24.564,0.15,45
24.565,0.15,45
24.566,0.15,45
24.567,0.15,45
24.568,0.15,45
24.569,0.15,45
24.57,0.15,45
24.571,0.15,45
24.572,0.15,45
24.573,0.15,45
24.574,0.15,45
24.575,0.15,45
24.576,0.15,45
24.577,0.15,45
24.578,0.15,45
24.579,0.15,45
24.58,0.15,45
24.581,0.15,45
24.582,0.15,45
24.583,0.15,45
24.584,0.15,45
24.585,0.15,45
24.586,0.15,45
24.587,0.15,45
24.588,0.15,45
24.589,0.15,45
24.59,0.15,45
24.591,0.15,45
24.592,0.15,45
24.593,0.15,45
24.594,0.15,45
24.595,0.15,45
24.596,0.15,45
24.597,0.15,45
24.598,0.15,45
24.599,0.15,45
24.6,0.15,45
24.601,0.15,45
24.602,0.15,45
24.603,0.15,45
24.604,0.15,45
24.605,0.15,45
24.606,0.15,45
24.607,0.15,45
24.608,0.15,45
24.609,0.15,45
24.61,0.15,45
24.611,0.15,45
24.612,0.15,45
24.613,0.15,45
24.614,0.15,45
24.615,0.15,45
24.616,0.15,45
24.617,0.15,45
24.618,0.15,45
24.619,0.15,45
24.62,0.15,45
24.621,0.15,45
24.622,0.15,45
24.623,0.15,45
24.624,0.15,45
24.625,0.15,45
24.626,0.15,45
24.627,0.15,45
24.628,0.15,45
24.629,0.15,45
24.63,0.15,45
24.631,0.15,45
24.632,0.15,45
24.633,0.15,45
24.634,0.15,45
24.635,0.15,45
24.636,0.15,45
24.637,0.15,45
24.638,0.15,45
24.639,0.15,45
24.64,0.15,45
24.641,0.15,45
24.642,0.15,45
24.643,0.15,45
24.644,0.15,45
24.645,0.15,45
24.646,0.15,45
24.647,0.15,45
24.648,0.15,45
24.649,0.15,45
24.65,0.15,45
24.651,0.15,45
24.652,0.15,45
24.653,0.15,45
24.654,0.15,45
24.655,0.15,45
24.656,0.15,45
24.657,0.15,45
24.658,0.15,45
24.659,0.15,45
24.66,0.15,45
24.661,0.15,45
24.662,0.15,45
24.663,0.15,45
24.664,0.15,45
24.665,0.15,45
24.666,0.15,45
24.667,0.15,45
24.668,0.15,45
24.669,0.15,45
24.67,0.15,45
24.671,0.15,45
24.672,0.15,45
24.673,0.15,45
24.674,0.15,45
24.675,0.15,45
24.676,0.15,45
24.677,0.15,45
24.678,0.15,45
24.679,0.15,45
24.68,0.15,45
24.681,0.15,45
24.682,0.15,45
24.683,0.15,45
24.684,0.15,45
24.685,0.15,45
24.686,0.15,45
24.687,0.15,45
24.688,0.15,45
24.689,0.15,45
24.69,0.15,45
24.691,0.15,45
24.692,0.15,45
24.693,0.15,45
24.694,0.15,45
24.695,0.15,45
24.696,0.15,45
24.697,0.15,45
24.698,0.15,45
24.699,0.15,45
24.7,0.15,45
24.701,0.15,45
24.702,0.15,45
24.703,0.15,45
24.704,0.15,45
24.705,0.15,45
24.706,0.15,45
24.707,0.15,45
24.708,0.15,45
24.709,0.15,45
24.71,0.15,45
24.711,0.15,45
24.712,0.15,45
24.713,0.15,45
24.714,0.15,45
24.715,0.15,45
24.716,0.15,45
24.717,0.15,45
24.718,0.15,45
24.719,0.15,45
24.72,0.15,45
24.721,0.15,45
24.722,0.15,45
24.723,0.15,45
24.724,0.15,45
24.725,0.15,45
24.726,0.15,45
24.727,0.15,45
24.728,0.15,45
24.729,0.15,45
24.73,0.15,45
24.731,0.15,45
24.732,0.15,45
24.733,0.15,45
24.734,0.15,45
24.735,0.15,45
24.736,0.15,45
24.737,0.15,45
24.738,0.15,45
24.739,0.15,45
24.74,0.15,45
24.741,0.15,45
24.742,0.15,45
24.743,0.15,45
24.744,0.15,45
24.745,0.15,45
24.746,0.15,45
24.747,0.15,45
24.748,0.15,45
24.749,0.15,45
24.75,0.15,45
24.751,0.15,45
24.752,0.15,45
24.753,0.15,45
24.754,0.15,45
24.755,0.15,45
24.756,0.15,45
24.757,0.15,45
24.758,0.15,45
24.759,0.15,45
24.76,0.15,45
24.761,0.15,45
24.762,0.15,45
24.763,0.15,45
24.764,0.15,45
24.765,0.15,45
24.766,0.15,45
24.767,0.15,45
24.768,0.15,45
24.769,0.15,45
24.77,0.15,45
24.771,0.15,45
24.772,0.15,45
24.773,0.15,45
24.774,0.15,45
24.775,0.15,45
24.776,0.15,45
24.777,0.15,45
24.778,0.15,45
24.779,0.15,45
24.78,0.15,45
24.781,0.15,45
24.782,0.15,45
24.783,0.15,45
24.784,0.15,45
24.785,0.15,45
24.786,0.15,45
24.787,0.15,45
24.788,0.15,45
24.789,0.15,45
24.79,0.15,45
24.791,0.15,45
24.792,0.15,45
24.793,0.15,45
24.794,0.15,45
24.795,0.15,45
24.796,0.15,45
24.797,0.15,45
24.798,0.15,45
24.799,0.15,45
24.8,0.15,45
24.801,0.15,45
24.802,0.15,45
24.803,0.15,45
24.804,0.15,45
24.805,0.15,45
24.806,0.15,45
24.807,0.15,45
24.808,0.15,45
24.809,0.15,45
24.81,0.15,45
24.811,0.15,45
24.812,0.15,45
24.813,0.15,45
24.814,0.15,45
24.815,0.15,45
24.816,0.15,45
24.817,0.15,45
24.818,0.15,45
24.819,0.15,45
24.82,0.15,45
24.821,0.15,45
24.822,0.15,45
24.823,0.15,45
24.824,0.15,45
24.825,0.15,45
24.826,0.15,45
24.827,0.15,45
24.828,0.15,45
24.829,0.15,45
24.83,0.15,45
24.831,0.15,45
24.832,0.15,45
24.833,0.15,45
24.834,0.15,45
24.835,0.15,45
24.836,0.15,45
24.837,0.15,45
24.838,0.15,45
24.839,0.15,45
24.84,0.15,45
24.841,0.15,45
24.842,0.15,45
24.843,0.15,45
24.844,0.15,45
24.845,0.15,45
24.846,0.15,45
24.847,0.15,45
24.848,0.15,45
24.849,0.15,45
24.85,0.15,45
24.851,0.15,45
24.852,0.15,45
24.853,0.15,45
24.854,0.15,45
24.855,0.15,45
24.856,0.15,45
24.857,0.15,45
24.858,0.15,45
24.859,0.15,45
24.86,0.15,45
24.861,0.15,45
24.862,0.15,45
24.863,0.15,45
24.864,0.15,45
24.865,0.15,45
24.866,0.15,45
24.867,0.15,45
24.868,0.15,45
24.869,0.15,45
24.87,0.15,45
24.871,0.15,45
24.872,0.15,45
24.873,0.15,45
24.874,0.15,45
24.875,0.15,45
24.876,0.15,45
24.877,0.15,45
24.878,0.15,45
24.879,0.15,45
24.88,0.15,45
24.881,0.15,45
24.882,0.15,45
24.883,0.15,45
24.884,0.15,45
24.885,0.15,45
24.886,0.15,45
24.887,0.15,45
24.888,0.15,45
24.889,0.15,45
24.89,0.15,45
24.891,0.15,45
24.892,0.15,45
24.893,0.15,45
24.894,0.15,45
24.895,0.15,45
24.896,0.15,45
24.897,0.15,45
24.898,0.15,45
24.899,0.15,45
24.9,0.15,45
24.901,0.15,45
24.902,0.15,45
24.903,0.15,45
24.904,0.15,45
24.905,0.15,45
24.906,0.15,45
24.907,0.15,45
24.908,0.15,45
24.909,0.15,45
24.91,0.15,45
24.911,0.15,45
24.912,0.15,45
24.913,0.15,45
24.914,0.15,45
24.915,0.15,45
24.916,0.15,45
24.917,0.15,45
24.918,0.15,45
24.919,0.15,45
24.92,0.15,45
24.921,0.15,45
24.922,0.15,45
24.923,0.15,45
24.924,0.15,45
24.925,0.15,45
24.926,0.15,45
24.927,0.15,45
24.928,0.15,45
24.929,0.15,45
24.93,0.15,45
24.931,0.15,45
24.932,0.15,45
24.933,0.15,45
24.934,0.15,45
24.935,0.15,45
24.936,0.15,45
24.937,0.15,45
24.938,0.15,45
24.939,0.15,45
24.94,0.15,45
24.941,0.15,45
24.942,0.15,45
24.943,0.15,45
24.944,0.15,45
24.945,0.15,45
24.946,0.15,45
24.947,0.15,45
24.948,0.15,45
24.949,0.15,45
24.95,0.15,45
24.951,0.15,45
24.952,0.15,45
24.953,0.15,45
24.954,0.15,45
24.955,0.15,45
24.956,0.15,45
24.957,0.15,45
24.958,0.15,45
24.959,0.15,45
24.96,0.15,45
24.961,0.15,45
24.962,0.15,45
24.963,0.15,45
24.964,0.15,45
24.965,0.15,45
24.966,0.15,45
24.967,0.15,45
24.968,0.15,45
24.969,0.15,45
24.97,0.15,45
24.971,0.15,45
24.972,0.15,45
24.973,0.15,45
24.974,0.15,45
24.975,0.15,45
24.976,0.15,45
24.977,0.15,45
24.978,0.15,45
24.979,0.15,45
24.98,0.15,45
24.981,0.15,45
24.982,0.15,45
24.983,0.15,45
24.984,0.15,45
24.985,0.15,45
24.986,0.15,45
24.987,0.15,45
24.988,0.15,45
24.989,0.15,45
24.99,0.15,45
24.991,0.15,45
24.992,0.15,45
24.993,0.15,45
24.994,0.15,45
24.995,0.15,45
24.996,0.15,45
24.997,0.15,45
24.998,0.15,45
24.999,0.15,45
25,0.15,45
25.001,0.15,45
25.002,0.15,45
25.003,0.15,45
25.004,0.15,45
25.005,0.15,45
25.006,0.15,45
25.007,0.15,45
25.008,0.15,45
25.009,0.15,45
25.01,0.15,45
25.011,0.15,45
25.012,0.15,45
25.013,0.15,45
25.014,0.15,45
25.015,0.15,45
25.016,0.15,45
25.017,0.15,45
25.018,0.15,45
25.019,0.15,45
25.02,0.15,45
25.021,0.15,45
25.022,0.15,45
25.023,0.15,45
25.024,0.15,45
25.025,0.15,45
25.026,0.15,45
25.027,0.15,45
25.028,0.15,45
25.029,0.15,45
25.03,0.15,45
25.031,0.15,45
25.032,0.15,45
25.033,0.15,45
25.034,0.15,45
25.035,0.15,45
25.036,0.15,45
25.037,0.15,45
25.038,0.15,45
25.039,0.15,45
25.04,0.15,45
25.041,0.15,45
25.042,0.15,45
25.043,0.15,45
25.044,0.15,45
25.045,0.15,45
25.046,0.15,45
25.047,0.15,45
25.048,0.15,45
25.049,0.15,45
25.05,0.15,45
25.051,0.15,45
25.052,0.15,45
25.053,0.15,45
25.054,0.15,45
25.055,0.15,45
25.056,0.15,45
25.057,0.15,45
25.058,0.15,45
25.059,0.15,45
25.06,0.15,45
25.061,0.15,45
25.062,0.15,45
25.063,0.15,45
25.064,0.15,45
25.065,0.15,45
25.066,0.15,45
25.067,0.15,45
25.068,0.15,45
25.069,0.15,45
25.07,0.15,45
25.071,0.15,45
25.072,0.15,45
25.073,0.15,45
25.074,0.15,45
25.075,0.15,45
25.076,0.15,45
25.077,0.15,45
25.078,0.15,45
25.079,0.15,45
25.08,0.15,45
25.081,0.15,45
25.082,0.15,45
25.083,0.15,45
25.084,0.15,45
25.085,0.15,45
25.086,0.15,45
25.087,0.15,45
25.088,0.15,45
25.089,0.15,45
25.09,0.15,45
25.091,0.15,45
25.092,0.15,45
25.093,0.15,45
25.094,0.15,45
25.095,0.15,45
25.096,0.15,45
25.097,0.15,45
25.098,0.15,45
25.099,0.15,45
25.1,0.15,45
25.101,0.15,45
25.102,0.15,45
25.103,0.15,45
25.104,0.15,45
25.105,0.15,45
25.106,0.15,45
25.107,0.15,45
25.108,0.15,45
25.109,0.15,45
25.11,0.15,45
25.111,0.15,45
25.112,0.15,45
25.113,0.15,45
25.114,0.15,45
25.115,0.15,45
25.116,0.15,45
25.117,0.15,45
25.118,0.15,45
25.119,0.15,45
25.12,0.15,45
25.121,0.15,45
25.122,0.15,45
25.123,0.15,45
25.124,0.15,45
25.125,0.15,45
25.126,0.15,45
25.127,0.15,45
25.128,0.15,45
25.129,0.15,45
25.13,0.15,45
25.131,0.15,45
25.132,0.15,45
25.133,0.15,45
25.134,0.15,45
25.135,0.15,45
25.136,0.15,45
25.137,0.15,45
25.138,0.15,45
25.139,0.15,45
25.14,0.15,45
25.141,0.15,45
25.142,0.15,45
25.143,0.15,45
25.144,0.15,45
25.145,0.15,45
25.146,0.15,45
25.147,0.15,45
25.148,0.15,45
25.149,0.15,45
25.15,0.15,45
25.151,0.15,45
25.152,0.15,45
25.153,0.15,45
25.154,0.15,45
25.155,0.15,45
25.156,0.15,45
25.157,0.15,45
25.158,0.15,45
25.159,0.15,45
25.16,0.15,45
25.161,0.15,45
25.162,0.15,45
25.163,0.15,45
25.164,0.15,45
25.165,0.15,45
25.166,0.15,45
25.167,0.15,45
25.168,0.15,45
25.169,0.15,45
25.17,0.15,45
25.171,0.15,45
25.172,0.15,45
25.173,0.15,45
25.174,0.15,45
25.175,0.15,45
25.176,0.15,45
25.177,0.15,45
25.178,0.15,45
25.179,0.15,45
25.18,0.15,45
25.181,0.15,45
25.182,0.15,45
25.183,0.15,45
25.184,0.15,45
25.185,0.15,45
25.186,0.15,45
25.187,0.15,45
25.188,0.15,45
25.189,0.15,45
25.19,0.15,45
25.191,0.15,45
25.192,0.15,45
25.193,0.15,45
25.194,0.15,45
25.195,0.15,45
25.196,0.15,45
25.197,0.15,45
25.198,0.15,45
25.199,0.15,45
25.2,0.15,45
25.201,0.15,45
25.202,0.15,45
25.203,0.15,45
25.204,0.15,45
25.205,0.15,45
25.206,0.15,45
25.207,0.15,45
25.208,0.15,45
25.209,0.15,45
25.21,0.15,45
25.211,0.15,45
25.212,0.15,45
25.213,0.15,45
25.214,0.15,45
25.215,0.15,45
25.216,0.15,45
25.217,0.15,45
25.218,0.15,45
25.219,0.15,45
25.22,0.15,45
25.221,0.15,45
25.222,0.15,45
25.223,0.15,45
25.224,0.15,45
25.225,0.15,45
25.226,0.15,45
25.227,0.15,45
25.228,0.15,45
25.229,0.15,45
25.23,0.15,45
25.231,0.15,45
25.232,0.15,45
25.233,0.15,45
25.234,0.15,45
25.235,0.15,45
25.236,0.15,45
25.237,0.15,45
25.238,0.15,45
25.239,0.15,45
25.24,0.15,45
25.241,0.15,45
25.242,0.15,45
25.243,0.15,45
25.244,0.15,45
25.245,0.15,45
25.246,0.15,45
25.247,0.15,45
25.248,0.15,45
25.249,0.15,45
25.25,0.15,45
25.251,0.15,45
25.252,0.15,45
25.253,0.15,45
25.254,0.15,45
25.255,0.15,45
25.256,0.15,45
25.257,0.15,45
25.258,0.15,45
25.259,0.15,45
25.26,0.15,45
25.261,0.15,45
25.262,0.15,45
25.263,0.15,45
25.264,0.15,45
25.265,0.15,45
25.266,0.15,45
25.267,0.15,45
25.268,0.15,45
25.269,0.15,45
25.27,0.15,45
25.271,0.15,45
25.272,0.15,45
25.273,0.15,45
25.274,0.15,45
25.275,0.15,45
25.276,0.15,45
25.277,0.15,45
25.278,0.15,45
25.279,0.15,45
25.28,0.15,45
25.281,0.15,45
25.282,0.15,45
25.283,0.15,45
25.284,0.15,45
25.285,0.15,45
25.286,0.15,45
25.287,0.15,45
25.288,0.15,45
25.289,0.15,45
25.29,0.15,45
25.291,0.15,45
25.292,0.15,45
25.293,0.15,45
25.294,0.15,45
25.295,0.15,45
25.296,0.15,45
25.297,0.15,45
25.298,0.15,45
25.299,0.15,45
25.3,0.15,45
25.301,0.15,45
25.302,0.15,45
25.303,0.15,45
25.304,0.15,45
25.305,0.15,45
25.306,0.15,45
25.307,0.15,45
25.308,0.15,45
25.309,0.15,45
25.31,0.15,45
25.311,0.15,45
25.312,0.15,45
25.313,0.15,45
25.314,0.15,45
25.315,0.15,45
25.316,0.15,45
25.317,0.15,45
25.318,0.15,45
25.319,0.15,45
25.32,0.15,45
25.321,0.15,45
25.322,0.15,45
25.323,0.15,45
25.324,0.15,45
25.325,0.15,45
25.326,0.15,45
25.327,0.15,45
25.328,0.15,45
25.329,0.15,45
25.33,0.15,45
25.331,0.15,45
25.332,0.15,45
25.333,0.15,45
25.334,0.15,45
25.335,0.15,45
25.336,0.15,45
25.337,0.15,45
25.338,0.15,45
25.339,0.15,45
25.34,0.15,45
25.341,0.15,45
25.342,0.15,45
25.343,0.15,45
25.344,0.15,45
25.345,0.15,45
25.346,0.15,45
25.347,0.15,45
25.348,0.15,45
25.349,0.15,45
25.35,0.15,45
25.351,0.15,45
25.352,0.15,45
25.353,0.15,45
25.354,0.15,45
25.355,0.15,45
25.356,0.15,45
25.357,0.15,45
25.358,0.15,45
25.359,0.15,45
25.36,0.15,45
25.361,0.15,45
25.362,0.15,45
25.363,0.15,45
25.364,0.15,45
25.365,0.15,45
25.366,0.15,45
25.367,0.15,45
25.368,0.15,45
25.369,0.15,45
25.37,0.15,45
25.371,0.15,45
25.372,0.15,45
25.373,0.15,45
25.374,0.15,45
25.375,0.15,45
25.376,0.15,45
25.377,0.15,45
25.378,0.15,45
25.379,0.15,45
25.38,0.15,45
25.381,0.15,45
25.382,0.15,45
25.383,0.15,45
25.384,0.15,45
25.385,0.15,45
25.386,0.15,45
25.387,0.15,45
25.388,0.15,45
25.389,0.15,45
25.39,0.15,45
25.391,0.15,45
25.392,0.15,45
25.393,0.15,45
25.394,0.15,45
25.395,0.15,45
25.396,0.15,45
25.397,0.15,45
25.398,0.15,45
25.399,0.15,45
25.4,0.15,45
25.401,0.15,45
25.402,0.15,45
25.403,0.15,45
25.404,0.15,45
25.405,0.15,45
25.406,0.15,45
25.407,0.15,45
25.408,0.15,45
25.409,0.15,45
25.41,0.15,45
25.411,0.15,45
25.412,0.15,45
25.413,0.15,45
25.414,0.15,45
25.415,0.15,45
25.416,0.15,45
25.417,0.15,45
25.418,0.15,45
25.419,0.15,45
25.42,0.15,45
25.421,0.15,45
25.422,0.15,45
25.423,0.15,45
25.424,0.15,45
25.425,0.15,45
25.426,0.15,45
25.427,0.15,45
25.428,0.15,45
25.429,0.15,45
25.43,0.15,45
25.431,0.15,45
25.432,0.15,45
25.433,0.15,45
25.434,0.15,45
25.435,0.15,45
25.436,0.15,45
25.437,0.15,45
25.438,0.15,45
25.439,0.15,45
25.44,0.15,45
25.441,0.15,45
25.442,0.15,45
25.443,0.15,45
25.444,0.15,45
25.445,0.15,45
25.446,0.15,45
25.447,0.15,45
25.448,0.15,45
25.449,0.15,45
25.45,0.15,45
25.451,0.15,45
25.452,0.15,45
25.453,0.15,45
25.454,0.15,45
25.455,0.15,45
25.456,0.15,45
25.457,0.15,45
25.458,0.15,45
25.459,0.15,45
25.46,0.15,45
25.461,0.15,45
25.462,0.15,45
25.463,0.15,45
25.464,0.15,45
25.465,0.15,45
25.466,0.15,45
25.467,0.15,45
25.468,0.15,45
25.469,0.15,45
25.47,0.15,45
25.471,0.15,45
25.472,0.15,45
25.473,0.15,45
25.474,0.15,45
25.475,0.15,45
25.476,0.15,45
25.477,0.15,45
25.478,0.15,45
25.479,0.15,45
25.48,0.15,45
25.481,0.15,45
25.482,0.15,45
25.483,0.15,45
25.484,0.15,45
25.485,0.15,45
25.486,0.15,45
25.487,0.15,45
25.488,0.15,45
25.489,0.15,45
25.49,0.15,45
25.491,0.15,45
25.492,0.15,45
25.493,0.15,45
25.494,0.15,45
25.495,0.15,45
25.496,0.15,45
25.497,0.15,45
25.498,0.15,45
25.499,0.15,45
25.5,0.15,45
25.501,0.15,45
25.502,0.15,45
25.503,0.15,45
25.504,0.15,45
25.505,0.15,45
25.506,0.15,45
25.507,0.15,45
25.508,0.15,45
25.509,0.15,45
25.51,0.15,45
25.511,0.15,45
25.512,0.15,45
25.513,0.15,45
25.514,0.15,45
25.515,0.15,45
25.516,0.15,45
25.517,0.15,45
25.518,0.15,45
25.519,0.15,45
25.52,0.15,45
25.521,0.15,45
25.522,0.15,45
25.523,0.15,45
25.524,0.15,45
25.525,0.15,45
25.526,0.15,45
25.527,0.15,45
25.528,0.15,45
25.529,0.15,45
25.53,0.15,45
25.531,0.15,45
25.532,0.15,45
25.533,0.15,45
25.534,0.15,45
25.535,0.15,45
25.536,0.15,45
25.537,0.15,45
25.538,0.15,45
25.539,0.15,45
25.54,0.15,45
25.541,0.15,45
25.542,0.15,45
25.543,0.15,45
25.544,0.15,45
25.545,0.15,45
25.546,0.15,45
25.547,0.15,45
25.548,0.15,45
25.549,0.15,45
25.55,0.15,45
25.551,0.15,45
25.552,0.15,45
25.553,0.15,45
25.554,0.15,45
25.555,0.15,45
25.556,0.15,45
25.557,0.15,45
25.558,0.15,45
25.559,0.15,45
25.56,0.15,45
25.561,0.15,45
25.562,0.15,45
25.563,0.15,45
25.564,0.15,45
25.565,0.15,45
25.566,0.15,45
25.567,0.15,45
25.568,0.15,45
25.569,0.15,45
25.57,0.15,45
25.571,0.15,45
25.572,0.15,45
25.573,0.15,45
25.574,0.15,45
25.575,0.15,45
25.576,0.15,45
25.577,0.15,45
25.578,0.15,45
25.579,0.15,45
25.58,0.15,45
25.581,0.15,45
25.582,0.15,45
25.583,0.15,45
25.584,0.15,45
25.585,0.15,45
25.586,0.15,45
25.587,0.15,45
25.588,0.15,45
25.589,0.15,45
25.59,0.15,45
25.591,0.15,45
25.592,0.15,45
25.593,0.15,45
25.594,0.15,45
25.595,0.15,45
25.596,0.15,45
25.597,0.15,45
25.598,0.15,45
25.599,0.15,45
25.6,0.15,45
25.601,0.15,45
25.602,0.15,45
25.603,0.15,45
25.604,0.15,45
25.605,0.15,45
25.606,0.15,45
25.607,0.15,45
25.608,0.15,45
25.609,0.15,45
25.61,0.15,45
25.611,0.15,45
25.612,0.15,45
25.613,0.15,45
25.614,0.15,45
25.615,0.15,45
25.616,0.15,45
25.617,0.15,45
25.618,0.15,45
25.619,0.15,45
25.62,0.15,45
25.621,0.15,45
25.622,0.15,45
25.623,0.15,45
25.624,0.15,45
25.625,0.15,45
25.626,0.15,45
25.627,0.15,45
25.628,0.15,45
25.629,0.15,45
25.63,0.15,45
25.631,0.15,45
25.632,0.15,45
25.633,0.15,45
25.634,0.15,45
25.635,0.15,45
25.636,0.15,45
25.637,0.15,45
25.638,0.15,45
25.639,0.15,45
25.64,0.15,45
25.641,0.15,45
25.642,0.15,45
25.643,0.15,45
25.644,0.15,45
25.645,0.15,45
25.646,0.15,45
25.647,0.15,45
25.648,0.15,45
25.649,0.15,45
25.65,0.15,45
25.651,0.15,45
25.652,0.15,45
25.653,0.15,45
25.654,0.15,45
25.655,0.15,45
25.656,0.15,45
25.657,0.15,45
25.658,0.15,45
25.659,0.15,45
25.66,0.15,45
25.661,0.15,45
25.662,0.15,45
25.663,0.15,45
25.664,0.15,45
25.665,0.15,45
25.666,0.15,45
25.667,0.15,45
25.668,0.15,45
25.669,0.15,45
25.67,0.15,45
25.671,0.15,45
25.672,0.15,45
25.673,0.15,45
25.674,0.15,45
25.675,0.15,45
25.676,0.15,45
25.677,0.15,45
25.678,0.15,45
25.679,0.15,45
25.68,0.15,45
25.681,0.15,45
25.682,0.15,45
25.683,0.15,45
25.684,0.15,45
25.685,0.15,45
25.686,0.15,45
25.687,0.15,45
25.688,0.15,45
25.689,0.15,45
25.69,0.15,45
25.691,0.15,45
25.692,0.15,45
25.693,0.15,45
25.694,0.15,45
25.695,0.15,45
25.696,0.15,45
25.697,0.15,45
25.698,0.15,45
25.699,0.15,45
25.7,0.15,45
25.701,0.15,45
25.702,0.15,45
25.703,0.15,45
25.704,0.15,45
25.705,0.15,45
25.706,0.15,45
25.707,0.15,45
25.708,0.15,45
25.709,0.15,45
25.71,0.15,45
25.711,0.15,45
25.712,0.15,45
25.713,0.15,45
25.714,0.15,45
25.715,0.15,45
25.716,0.15,45
25.717,0.15,45
25.718,0.15,45
25.719,0.15,45
25.72,0.15,45
25.721,0.15,45
25.722,0.15,45
25.723,0.15,45
25.724,0.15,45
25.725,0.15,45
25.726,0.15,45
25.727,0.15,45
25.728,0.15,45
25.729,0.15,45
25.73,0.15,45
25.731,0.15,45
25.732,0.15,45
25.733,0.15,45
25.734,0.15,45
25.735,0.15,45
25.736,0.15,45
25.737,0.15,45
25.738,0.15,45
25.739,0.15,45
25.74,0.15,45
25.741,0.15,45
25.742,0.15,45
25.743,0.15,45
25.744,0.15,45
25.745,0.15,45
25.746,0.15,45
25.747,0.15,45
25.748,0.15,45
25.749,0.15,45
25.75,0.15,45
25.751,0.15,45
25.752,0.15,45
25.753,0.15,45
25.754,0.15,45
25.755,0.15,45
25.756,0.15,45
25.757,0.15,45
25.758,0.15,45
25.759,0.15,45
25.76,0.15,45
25.761,0.15,45
25.762,0.15,45
25.763,0.15,45
25.764,0.15,45
25.765,0.15,45
25.766,0.15,45
25.767,0.15,45
25.768,0.15,45
25.769,0.15,45
25.77,0.15,45
25.771,0.15,45
25.772,0.15,45
25.773,0.15,45
25.774,0.15,45
25.775,0.15,45
25.776,0.15,45
25.777,0.15,45
25.778,0.15,45
25.779,0.15,45
25.78,0.15,45
25.781,0.15,45
25.782,0.15,45
25.783,0.15,45
25.784,0.15,45
25.785,0.15,45
25.786,0.15,45
25.787,0.15,45
25.788,0.15,45
25.789,0.15,45
25.79,0.15,45
25.791,0.15,45
25.792,0.15,45
25.793,0.15,45
25.794,0.15,45
25.795,0.15,45
25.796,0.15,45
25.797,0.15,45
25.798,0.15,45
25.799,0.15,45
25.8,0.15,45
25.801,0.15,45
25.802,0.15,45
25.803,0.15,45
25.804,0.15,45
25.805,0.15,45
25.806,0.15,45
25.807,0.15,45
25.808,0.15,45
25.809,0.15,45
25.81,0.15,45
25.811,0.15,45
25.812,0.15,45
25.813,0.15,45
25.814,0.15,45
25.815,0.15,45
25.816,0.15,45
25.817,0.15,45
25.818,0.15,45
25.819,0.15,45
25.82,0.15,45
25.821,0.15,45
25.822,0.15,45
25.823,0.15,45
25.824,0.15,45
25.825,0.15,45
25.826,0.15,45
25.827,0.15,45
25.828,0.15,45
25.829,0.15,45
25.83,0.15,45
25.831,0.15,45
25.832,0.15,45
25.833,0.15,45
25.834,0.15,45
25.835,0.15,45
25.836,0.15,45
25.837,0.15,45
25.838,0.15,45
25.839,0.15,45
25.84,0.15,45
25.841,0.15,45
25.842,0.15,45
25.843,0.15,45
25.844,0.15,45
25.845,0.15,45
25.846,0.15,45
25.847,0.15,45
25.848,0.15,45
25.849,0.15,45
25.85,0.15,45
25.851,0.15,45
25.852,0.15,45
25.853,0.15,45
25.854,0.15,45
25.855,0.15,45
25.856,0.15,45
25.857,0.15,45
25.858,0.15,45
25.859,0.15,45
25.86,0.15,45
25.861,0.15,45
25.862,0.15,45
25.863,0.15,45
25.864,0.15,45
25.865,0.15,45
25.866,0.15,45
25.867,0.15,45
25.868,0.15,45
25.869,0.15,45
25.87,0.15,45
25.871,0.15,45
25.872,0.15,45
25.873,0.15,45
25.874,0.15,45
25.875,0.15,45
25.876,0.15,45
25.877,0.15,45
25.878,0.15,45
25.879,0.15,45
25.88,0.15,45
25.881,0.15,45
25.882,0.15,45
25.883,0.15,45
25.884,0.15,45
25.885,0.15,45
25.886,0.15,45
25.887,0.15,45
25.888,0.15,45
25.889,0.15,45
25.89,0.15,45
25.891,0.15,45
25.892,0.15,45
25.893,0.15,45
25.894,0.15,45
25.895,0.15,45
25.896,0.15,45
25.897,0.15,45
25.898,0.15,45
25.899,0.15,45
25.9,0.15,45
25.901,0.15,45
25.902,0.15,45
25.903,0.15,45
25.904,0.15,45
25.905,0.15,45
25.906,0.15,45
25.907,0.15,45
25.908,0.15,45
25.909,0.15,45
25.91,0.15,45
25.911,0.15,45
25.912,0.15,45
25.913,0.15,45
25.914,0.15,45
25.915,0.15,45
25.916,0.15,45
25.917,0.15,45
25.918,0.15,45
25.919,0.15,45
25.92,0.15,45
25.921,0.15,45
25.922,0.15,45
25.923,0.15,45
25.924,0.15,45
25.925,0.15,45
25.926,0.15,45
25.927,0.15,45
25.928,0.15,45
25.929,0.15,45
25.93,0.15,45
25.931,0.15,45
25.932,0.15,45
25.933,0.15,45
25.934,0.15,45
25.935,0.15,45
25.936,0.15,45
25.937,0.15,45
25.938,0.15,45
25.939,0.15,45
25.94,0.15,45
25.941,0.15,45
25.942,0.15,45
25.943,0.15,45
25.944,0.15,45
25.945,0.15,45
25.946,0.15,45
25.947,0.15,45
25.948,0.15,45
25.949,0.15,45
25.95,0.15,45
25.951,0.15,45
25.952,0.15,45
25.953,0.15,45
25.954,0.15,45
25.955,0.15,45
25.956,0.15,45
25.957,0.15,45
25.958,0.15,45
25.959,0.15,45
25.96,0.15,45
25.961,0.15,45
25.962,0.15,45
25.963,0.15,45
25.964,0.15,45
25.965,0.15,45
25.966,0.15,45
25.967,0.15,45
25.968,0.15,45
25.969,0.15,45
25.97,0.15,45
25.971,0.15,45
25.972,0.15,45
25.973,0.15,45
25.974,0.15,45
25.975,0.15,45
25.976,0.15,45
25.977,0.15,45
25.978,0.15,45
25.979,0.15,45
25.98,0.15,45
25.981,0.15,45
25.982,0.15,45
25.983,0.15,45
25.984,0.15,45
25.985,0.15,45
25.986,0.15,45
25.987,0.15,45
25.988,0.15,45
25.989,0.15,45
25.99,0.15,45
25.991,0.15,45
25.992,0.15,45
25.993,0.15,45
25.994,0.15,45
25.995,0.15,45
25.996,0.15,45
25.997,0.15,45
25.998,0.15,45
25.999,0.15,45
26,0.15,45
26.001,0.15,45
26.002,0.15,45
26.003,0.15,45
26.004,0.15,45
26.005,0.15,45
26.006,0.15,45
26.007,0.15,45
26.008,0.15,45
26.009,0.15,45
26.01,0.15,45
26.011,0.15,45
26.012,0.15,45
26.013,0.15,45
26.014,0.15,45
26.015,0.15,45
26.016,0.15,45
26.017,0.15,45
26.018,0.15,45
26.019,0.15,45
26.02,0.15,45
26.021,0.15,45
26.022,0.15,45
26.023,0.15,45
26.024,0.15,45
26.025,0.15,45
26.026,0.15,45
26.027,0.15,45
26.028,0.15,45
26.029,0.15,45
26.03,0.15,45
26.031,0.15,45
26.032,0.15,45
26.033,0.15,45
26.034,0.15,45
26.035,0.15,45
26.036,0.15,45
26.037,0.15,45
26.038,0.15,45
26.039,0.15,45
26.04,0.15,45
26.041,0.15,45
26.042,0.15,45
26.043,0.15,45
26.044,0.15,45
26.045,0.15,45
26.046,0.15,45
26.047,0.15,45
26.048,0.15,45
26.049,0.15,45
26.05,0.15,45
26.051,0.15,45
26.052,0.15,45
26.053,0.15,45
26.054,0.15,45
26.055,0.15,45
26.056,0.15,45
26.057,0.15,45
26.058,0.15,45
26.059,0.15,45
26.06,0.15,45
26.061,0.15,45
26.062,0.15,45
26.063,0.15,45
26.064,0.15,45
26.065,0.15,45
26.066,0.15,45
26.067,0.15,45
26.068,0.15,45
26.069,0.15,45
26.07,0.15,45
26.071,0.15,45
26.072,0.15,45
26.073,0.15,45
26.074,0.15,45
26.075,0.15,45
26.076,0.15,45
26.077,0.15,45
26.078,0.15,45
26.079,0.15,45
26.08,0.15,45
26.081,0.15,45
26.082,0.15,45
26.083,0.15,45
26.084,0.15,45
26.085,0.15,45
26.086,0.15,45
26.087,0.15,45
26.088,0.15,45
26.089,0.15,45
26.09,0.15,45
26.091,0.15,45
26.092,0.15,45
26.093,0.15,45
26.094,0.15,45
26.095,0.15,45
26.096,0.15,45
26.097,0.15,45
26.098,0.15,45
26.099,0.15,45
26.1,0.15,45
26.101,0.15,45
26.102,0.15,45
26.103,0.15,45
26.104,0.15,45
26.105,0.15,45
26.106,0.15,45
26.107,0.15,45
26.108,0.15,45
26.109,0.15,45
26.11,0.15,45
26.111,0.15,45
26.112,0.15,45
26.113,0.15,45
26.114,0.15,45
26.115,0.15,45
26.116,0.15,45
26.117,0.15,45
26.118,0.15,45
26.119,0.15,45
26.12,0.15,45
26.121,0.15,45
26.122,0.15,45
26.123,0.15,45
26.124,0.15,45
26.125,0.15,45
26.126,0.15,45
26.127,0.15,45
26.128,0.15,45
26.129,0.15,45
26.13,0.15,45
26.131,0.15,45
26.132,0.15,45
26.133,0.15,45
26.134,0.15,45
26.135,0.15,45
26.136,0.15,45
26.137,0.15,45
26.138,0.15,45
26.139,0.15,45
26.14,0.15,45
26.141,0.15,45
26.142,0.15,45
26.143,0.15,45
26.144,0.15,45
26.145,0.15,45
26.146,0.15,45
26.147,0.15,45
26.148,0.15,45
26.149,0.15,45
26.15,0.15,45
26.151,0.15,45
26.152,0.15,45
26.153,0.15,45
26.154,0.15,45
26.155,0.15,45
26.156,0.15,45
26.157,0.15,45
26.158,0.15,45
26.159,0.15,45
26.16,0.15,45
26.161,0.15,45
26.162,0.15,45
26.163,0.15,45
26.164,0.15,45
26.165,0.15,45
26.166,0.15,45
26.167,0.15,45
26.168,0.15,45
26.169,0.15,45
26.17,0.15,45
26.171,0.15,45
26.172,0.15,45
26.173,0.15,45
26.174,0.15,45
26.175,0.15,45
26.176,0.15,45
26.177,0.15,45
26.178,0.15,45
26.179,0.15,45
26.18,0.15,45
26.181,0.15,45
26.182,0.15,45
26.183,0.15,45
26.184,0.15,45
26.185,0.15,45
26.186,0.15,45
26.187,0.15,45
26.188,0.15,45
26.189,0.15,45
26.19,0.15,45
26.191,0.15,45
26.192,0.15,45
26.193,0.15,45
26.194,0.15,45
26.195,0.15,45
26.196,0.15,45
26.197,0.15,45
26.198,0.15,45
26.199,0.15,45
26.2,0.15,45
26.201,0.15,45
26.202,0.15,45
26.203,0.15,45
26.204,0.15,45
26.205,0.15,45
26.206,0.15,45
26.207,0.15,45
26.208,0.15,45
26.209,0.15,45
26.21,0.15,45
26.211,0.15,45
26.212,0.15,45
26.213,0.15,45
26.214,0.15,45
26.215,0.15,45
26.216,0.15,45
26.217,0.15,45
26.218,0.15,45
26.219,0.15,45
26.22,0.15,45
26.221,0.15,45
26.222,0.15,45
26.223,0.15,45
26.224,0.15,45
26.225,0.15,45
26.226,0.15,45
26.227,0.15,45
26.228,0.15,45
26.229,0.15,45
26.23,0.15,45
26.231,0.15,45
26.232,0.15,45
26.233,0.15,45
26.234,0.15,45
26.235,0.15,45
26.236,0.15,45
26.237,0.15,45
26.238,0.15,45
26.239,0.15,45
26.24,0.15,45
26.241,0.15,45
26.242,0.15,45
26.243,0.15,45
26.244,0.15,45
26.245,0.15,45
26.246,0.15,45
26.247,0.15,45
26.248,0.15,45
26.249,0.15,45
26.25,0.15,45
26.251,0.15,45
26.252,0.15,45
26.253,0.15,45
26.254,0.15,45
26.255,0.15,45
26.256,0.15,45
26.257,0.15,45
26.258,0.15,45
26.259,0.15,45
26.26,0.15,45
26.261,0.15,45
26.262,0.15,45
26.263,0.15,45
26.264,0.15,45
26.265,0.15,45
26.266,0.15,45
26.267,0.15,45
26.268,0.15,45
26.269,0.15,45
26.27,0.15,45
26.271,0.15,45
26.272,0.15,45
26.273,0.15,45
26.274,0.15,45
26.275,0.15,45
26.276,0.15,45
26.277,0.15,45
26.278,0.15,45
26.279,0.15,45
26.28,0.15,45
26.281,0.15,45
26.282,0.15,45
26.283,0.15,45
26.284,0.15,45
26.285,0.15,45
26.286,0.15,45
26.287,0.15,45
26.288,0.15,45
26.289,0.15,45
26.29,0.15,45
26.291,0.15,45
26.292,0.15,45
26.293,0.15,45
26.294,0.15,45
26.295,0.15,45
26.296,0.15,45
26.297,0.15,45
26.298,0.15,45
26.299,0.15,45
26.3,0.15,45
26.301,0.15,45
26.302,0.15,45
26.303,0.15,45
26.304,0.15,45
26.305,0.15,45
26.306,0.15,45
26.307,0.15,45
26.308,0.15,45
26.309,0.15,45
26.31,0.15,45
26.311,0.15,45
26.312,0.15,45
26.313,0.15,45
26.314,0.15,45
26.315,0.15,45
26.316,0.15,45
26.317,0.15,45
26.318,0.15,45
26.319,0.15,45
26.32,0.15,45
26.321,0.15,45
26.322,0.15,45
26.323,0.15,45
26.324,0.15,45
26.325,0.15,45
26.326,0.15,45
26.327,0.15,45
26.328,0.15,45
26.329,0.15,45
26.33,0.15,45
26.331,0.15,45
26.332,0.15,45
26.333,0.15,45
26.334,0.15,45
26.335,0.15,45
26.336,0.15,45
26.337,0.15,45
26.338,0.15,45
26.339,0.15,45
26.34,0.15,45
26.341,0.15,45
26.342,0.15,45
26.343,0.15,45
26.344,0.15,45
26.345,0.15,45
26.346,0.15,45
26.347,0.15,45
26.348,0.15,45
26.349,0.15,45
26.35,0.15,45
26.351,0.15,45
26.352,0.15,45
26.353,0.15,45
26.354,0.15,45
26.355,0.15,45
26.356,0.15,45
26.357,0.15,45
26.358,0.15,45
26.359,0.15,45
26.36,0.15,45
26.361,0.15,45
26.362,0.15,45
26.363,0.15,45
26.364,0.15,45
26.365,0.15,45
26.366,0.15,45
26.367,0.15,45
26.368,0.15,45
26.369,0.15,45
26.37,0.15,45
26.371,0.15,45
26.372,0.15,45
26.373,0.15,45
26.374,0.15,45
26.375,0.15,45
26.376,0.15,45
26.377,0.15,45
26.378,0.15,45
26.379,0.15,45
26.38,0.15,45
26.381,0.15,45
26.382,0.15,45
26.383,0.15,45
26.384,0.15,45
26.385,0.15,45
26.386,0.15,45
26.387,0.15,45
26.388,0.15,45
26.389,0.15,45
26.39,0.15,45
26.391,0.15,45
26.392,0.15,45
26.393,0.15,45
26.394,0.15,45
26.395,0.15,45
26.396,0.15,45
26.397,0.15,45
26.398,0.15,45
26.399,0.15,45
26.4,0.15,45
26.401,0.15,45
26.402,0.15,45
26.403,0.15,45
26.404,0.15,45
26.405,0.15,45
26.406,0.15,45
26.407,0.15,45
26.408,0.15,45
26.409,0.15,45
26.41,0.15,45
26.411,0.15,45
26.412,0.15,45
26.413,0.15,45
26.414,0.15,45
26.415,0.15,45
26.416,0.15,45
26.417,0.15,45
26.418,0.15,45
26.419,0.15,45
26.42,0.15,45
26.421,0.15,45
26.422,0.15,45
26.423,0.15,45
26.424,0.15,45
26.425,0.15,45
26.426,0.15,45
26.427,0.15,45
26.428,0.15,45
26.429,0.15,45
26.43,0.15,45
26.431,0.15,45
26.432,0.15,45
26.433,0.15,45
26.434,0.15,45
26.435,0.15,45
26.436,0.15,45
26.437,0.15,45
26.438,0.15,45
26.439,0.15,45
26.44,0.15,45
26.441,0.15,45
26.442,0.15,45
26.443,0.15,45
26.444,0.15,45
26.445,0.15,45
26.446,0.15,45
26.447,0.15,45
26.448,0.15,45
26.449,0.15,45
26.45,0.15,45
26.451,0.15,45
26.452,0.15,45
26.453,0.15,45
26.454,0.15,45
26.455,0.15,45
26.456,0.15,45
26.457,0.15,45
26.458,0.15,45
26.459,0.15,45
26.46,0.15,45
26.461,0.15,45
26.462,0.15,45
26.463,0.15,45
26.464,0.15,45
26.465,0.15,45
26.466,0.15,45
26.467,0.15,45
26.468,0.15,45
26.469,0.15,45
26.47,0.15,45
26.471,0.15,45
26.472,0.15,45
26.473,0.15,45
26.474,0.15,45
26.475,0.15,45
26.476,0.15,45
26.477,0.15,45
26.478,0.15,45
26.479,0.15,45
26.48,0.15,45
26.481,0.15,45
26.482,0.15,45
26.483,0.15,45
26.484,0.15,45
26.485,0.15,45
26.486,0.15,45
26.487,0.15,45
26.488,0.15,45
26.489,0.15,45
26.49,0.15,45
26.491,0.15,45
26.492,0.15,45
26.493,0.15,45
26.494,0.15,45
26.495,0.15,45
26.496,0.15,45
26.497,0.15,45
26.498,0.15,45
26.499,0.15,45
26.5,0.15,45
26.501,0.15,45
26.502,0.15,45
26.503,0.15,45
26.504,0.15,45
26.505,0.15,45
26.506,0.15,45
26.507,0.15,45
26.508,0.15,45
26.509,0.15,45
26.51,0.15,45
26.511,0.15,45
26.512,0.15,45
26.513,0.15,45
26.514,0.15,45
26.515,0.15,45
26.516,0.15,45
26.517,0.15,45
26.518,0.15,45
26.519,0.15,45
26.52,0.15,45
26.521,0.15,45
26.522,0.15,45
26.523,0.15,45
26.524,0.15,45
26.525,0.15,45
26.526,0.15,45
26.527,0.15,45
26.528,0.15,45
26.529,0.15,45
26.53,0.15,45
26.531,0.15,45
26.532,0.15,45
26.533,0.15,45
26.534,0.15,45
26.535,0.15,45
26.536,0.15,45
26.537,0.15,45
26.538,0.15,45
26.539,0.15,45
26.54,0.15,45
26.541,0.15,45
26.542,0.15,45
26.543,0.15,45
26.544,0.15,45
26.545,0.15,45
26.546,0.15,45
26.547,0.15,45
26.548,0.15,45
26.549,0.15,45
26.55,0.15,45
26.551,0.15,45
26.552,0.15,45
26.553,0.15,45
26.554,0.15,45
26.555,0.15,45
26.556,0.15,45
26.557,0.15,45
26.558,0.15,45
26.559,0.15,45
26.56,0.15,45
26.561,0.15,45
26.562,0.15,45
26.563,0.15,45
26.564,0.15,45
26.565,0.15,45
26.566,0.15,45
26.567,0.15,45
26.568,0.15,45
26.569,0.15,45
26.57,0.15,45
26.571,0.15,45
26.572,0.15,45
26.573,0.15,45
26.574,0.15,45
26.575,0.15,45
26.576,0.15,45
26.577,0.15,45
26.578,0.15,45
26.579,0.15,45
26.58,0.15,45
26.581,0.15,45
26.582,0.15,45
26.583,0.15,45
26.584,0.15,45
26.585,0.15,45
26.586,0.15,45
26.587,0.15,45
26.588,0.15,45
26.589,0.15,45
26.59,0.15,45
26.591,0.15,45
26.592,0.15,45
26.593,0.15,45
26.594,0.15,45
26.595,0.15,45
26.596,0.15,45
26.597,0.15,45
26.598,0.15,45
26.599,0.15,45
26.6,0.15,45
26.601,0.15,45
26.602,0.15,45
26.603,0.15,45
26.604,0.15,45
26.605,0.15,45
26.606,0.15,45
26.607,0.15,45
26.608,0.15,45
26.609,0.15,45
26.61,0.15,45
26.611,0.15,45
26.612,0.15,45
26.613,0.15,45
26.614,0.15,45
26.615,0.15,45
26.616,0.15,45
26.617,0.15,45
26.618,0.15,45
26.619,0.15,45
26.62,0.15,45
26.621,0.15,45
26.622,0.15,45
26.623,0.15,45
26.624,0.15,45
26.625,0.15,45
26.626,0.15,45
26.627,0.15,45
26.628,0.15,45
26.629,0.15,45
26.63,0.15,45
26.631,0.15,45
26.632,0.15,45
26.633,0.15,45
26.634,0.15,45
26.635,0.15,45
26.636,0.15,45
26.637,0.15,45
26.638,0.15,45
26.639,0.15,45
26.64,0.15,45
26.641,0.15,45
26.642,0.15,45
26.643,0.15,45
26.644,0.15,45
26.645,0.15,45
26.646,0.15,45
26.647,0.15,45
26.648,0.15,45
26.649,0.15,45
26.65,0.15,45
26.651,0.15,45
26.652,0.15,45
26.653,0.15,45
26.654,0.15,45
26.655,0.15,45
26.656,0.15,45
26.657,0.15,45
26.658,0.15,45
26.659,0.15,45
26.66,0.15,45
26.661,0.15,45
26.662,0.15,45
26.663,0.15,45
26.664,0.15,45
26.665,0.15,45
26.666,0.15,45
26.667,0.15,45
26.668,0.15,45
26.669,0.15,45
26.67,0.15,45
26.671,0.15,45
26.672,0.15,45
26.673,0.15,45
26.674,0.15,45
26.675,0.15,45
26.676,0.15,45
26.677,0.15,45
26.678,0.15,45
26.679,0.15,45
26.68,0.15,45
26.681,0.15,45
26.682,0.15,45
26.683,0.15,45
26.684,0.15,45
26.685,0.15,45
26.686,0.15,45
26.687,0.15,45
26.688,0.15,45
26.689,0.15,45
26.69,0.15,45
26.691,0.15,45
26.692,0.15,45
26.693,0.15,45
26.694,0.15,45
26.695,0.15,45
26.696,0.15,45
26.697,0.15,45
26.698,0.15,45
26.699,0.15,45
26.7,0.15,45
26.701,0.15,45
26.702,0.15,45
26.703,0.15,45
26.704,0.15,45
26.705,0.15,45
26.706,0.15,45
26.707,0.15,45
26.708,0.15,45
26.709,0.15,45
26.71,0.15,45
26.711,0.15,45
26.712,0.15,45
26.713,0.15,45
26.714,0.15,45
26.715,0.15,45
26.716,0.15,45
26.717,0.15,45
26.718,0.15,45
26.719,0.15,45
26.72,0.15,45
26.721,0.15,45
26.722,0.15,45
26.723,0.15,45
26.724,0.15,45
26.725,0.15,45
26.726,0.15,45
26.727,0.15,45
26.728,0.15,45
26.729,0.15,45
26.73,0.15,45
26.731,0.15,45
26.732,0.15,45
26.733,0.15,45
26.734,0.15,45
26.735,0.15,45
26.736,0.15,45
26.737,0.15,45
26.738,0.15,45
26.739,0.15,45
26.74,0.15,45
26.741,0.15,45
26.742,0.15,45
26.743,0.15,45
26.744,0.15,45
26.745,0.15,45
26.746,0.15,45
26.747,0.15,45
26.748,0.15,45
26.749,0.15,45
26.75,0.15,45
26.751,0.15,45
26.752,0.15,45
26.753,0.15,45
26.754,0.15,45
26.755,0.15,45
26.756,0.15,45
26.757,0.15,45
26.758,0.15,45
26.759,0.15,45
26.76,0.15,45
26.761,0.15,45
26.762,0.15,45
26.763,0.15,45
26.764,0.15,45
26.765,0.15,45
26.766,0.15,45
26.767,0.15,45
26.768,0.15,45
26.769,0.15,45
26.77,0.15,45
26.771,0.15,45
26.772,0.15,45
26.773,0.15,45
26.774,0.15,45
26.775,0.15,45
26.776,0.15,45
26.777,0.15,45
26.778,0.15,45
26.779,0.15,45
26.78,0.15,45
26.781,0.15,45
26.782,0.15,45
26.783,0.15,45
26.784,0.15,45
26.785,0.15,45
26.786,0.15,45
26.787,0.15,45
26.788,0.15,45
26.789,0.15,45
26.79,0.15,45
26.791,0.15,45
26.792,0.15,45
26.793,0.15,45
26.794,0.15,45
26.795,0.15,45
26.796,0.15,45
26.797,0.15,45
26.798,0.15,45
26.799,0.15,45
26.8,0.15,45
26.801,0.15,45
26.802,0.15,45
26.803,0.15,45
26.804,0.15,45
26.805,0.15,45
26.806,0.15,45
26.807,0.15,45
26.808,0.15,45
26.809,0.15,45
26.81,0.15,45
26.811,0.15,45
26.812,0.15,45
26.813,0.15,45
26.814,0.15,45
26.815,0.15,45
26.816,0.15,45
26.817,0.15,45
26.818,0.15,45
26.819,0.15,45
26.82,0.15,45
26.821,0.15,45
26.822,0.15,45
26.823,0.15,45
26.824,0.15,45
26.825,0.15,45
26.826,0.15,45
26.827,0.15,45
26.828,0.15,45
26.829,0.15,45
26.83,0.15,45
26.831,0.15,45
26.832,0.15,45
26.833,0.15,45
26.834,0.15,45
26.835,0.15,45
26.836,0.15,45
26.837,0.15,45
26.838,0.15,45
26.839,0.15,45
26.84,0.15,45
26.841,0.15,45
26.842,0.15,45
26.843,0.15,45
26.844,0.15,45
26.845,0.15,45
26.846,0.15,45
26.847,0.15,45
26.848,0.15,45
26.849,0.15,45
26.85,0.15,45
26.851,0.15,45
26.852,0.15,45
26.853,0.15,45
26.854,0.15,45
26.855,0.15,45
26.856,0.15,45
26.857,0.15,45
26.858,0.15,45
26.859,0.15,45
26.86,0.15,45
26.861,0.15,45
26.862,0.15,45
26.863,0.15,45
26.864,0.15,45
26.865,0.15,45
26.866,0.15,45
26.867,0.15,45
26.868,0.15,45
26.869,0.15,45
26.87,0.15,45
26.871,0.15,45
26.872,0.15,45
26.873,0.15,45
26.874,0.15,45
26.875,0.15,45
26.876,0.15,45
26.877,0.15,45
26.878,0.15,45
26.879,0.15,45
26.88,0.15,45
26.881,0.15,45
26.882,0.15,45
26.883,0.15,45
26.884,0.15,45
26.885,0.15,45
26.886,0.15,45
26.887,0.15,45
26.888,0.15,45
26.889,0.15,45
26.89,0.15,45
26.891,0.15,45
26.892,0.15,45
26.893,0.15,45
26.894,0.15,45
26.895,0.15,45
26.896,0.15,45
26.897,0.15,45
26.898,0.15,45
26.899,0.15,45
26.9,0.15,45
26.901,0.15,45
26.902,0.15,45
26.903,0.15,45
26.904,0.15,45
26.905,0.15,45
26.906,0.15,45
26.907,0.15,45
26.908,0.15,45
26.909,0.15,45
26.91,0.15,45
26.911,0.15,45
26.912,0.15,45
26.913,0.15,45
26.914,0.15,45
26.915,0.15,45
26.916,0.15,45
26.917,0.15,45
26.918,0.15,45
26.919,0.15,45
26.92,0.15,45
26.921,0.15,45
26.922,0.15,45
26.923,0.15,45
26.924,0.15,45
26.925,0.15,45
26.926,0.15,45
26.927,0.15,45
26.928,0.15,45
26.929,0.15,45
26.93,0.15,45
26.931,0.15,45
26.932,0.15,45
26.933,0.15,45
26.934,0.15,45
26.935,0.15,45
26.936,0.15,45
26.937,0.15,45
26.938,0.15,45
26.939,0.15,45
26.94,0.15,45
26.941,0.15,45
26.942,0.15,45
26.943,0.15,45
26.944,0.15,45
26.945,0.15,45
26.946,0.15,45
26.947,0.15,45
26.948,0.15,45
26.949,0.15,45
26.95,0.15,45
26.951,0.15,45
26.952,0.15,45
26.953,0.15,45
26.954,0.15,45
26.955,0.15,45
26.956,0.15,45
26.957,0.15,45
26.958,0.15,45
26.959,0.15,45
26.96,0.15,45
26.961,0.15,45
26.962,0.15,45
26.963,0.15,45
26.964,0.15,45
26.965,0.15,45
26.966,0.15,45
26.967,0.15,45
26.968,0.15,45
26.969,0.15,45
26.97,0.15,45
26.971,0.15,45
26.972,0.15,45
26.973,0.15,45
26.974,0.15,45
26.975,0.15,45
26.976,0.15,45
26.977,0.15,45
26.978,0.15,45
26.979,0.15,45
26.98,0.15,45
26.981,0.15,45
26.982,0.15,45
26.983,0.15,45
26.984,0.15,45
26.985,0.15,45
26.986,0.15,45
26.987,0.15,45
26.988,0.15,45
26.989,0.15,45
26.99,0.15,45
26.991,0.15,45
26.992,0.15,45
26.993,0.15,45
26.994,0.15,45
26.995,0.15,45
26.996,0.15,45
26.997,0.15,45
26.998,0.15,45
26.999,0.15,45
27,0.15,45
27.001,0.15,45
27.002,0.15,45
27.003,0.15,45
27.004,0.15,45
27.005,0.15,45
27.006,0.15,45
27.007,0.15,45
27.008,0.15,45
27.009,0.15,45
27.01,0.15,45
27.011,0.15,45
27.012,0.15,45
27.013,0.15,45
27.014,0.15,45
27.015,0.15,45
27.016,0.15,45
27.017,0.15,45
27.018,0.15,45
27.019,0.15,45
27.02,0.15,45
27.021,0.15,45
27.022,0.15,45
27.023,0.15,45
27.024,0.15,45
27.025,0.15,45
27.026,0.15,45
27.027,0.15,45
27.028,0.15,45
27.029,0.15,45
27.03,0.15,45
27.031,0.15,45
27.032,0.15,45
27.033,0.15,45
27.034,0.15,45
27.035,0.15,45
27.036,0.15,45
27.037,0.15,45
27.038,0.15,45
27.039,0.15,45
27.04,0.15,45
27.041,0.15,45
27.042,0.15,45
27.043,0.15,45
27.044,0.15,45
27.045,0.15,45
27.046,0.15,45
27.047,0.15,45
27.048,0.15,45
27.049,0.15,45
27.05,0.15,45
27.051,0.15,45
27.052,0.15,45
27.053,0.15,45
27.054,0.15,45
27.055,0.15,45
27.056,0.15,45
27.057,0.15,45
27.058,0.15,45
27.059,0.15,45
27.06,0.15,45
27.061,0.15,45
27.062,0.15,45
27.063,0.15,45
27.064,0.15,45
27.065,0.15,45
27.066,0.15,45
27.067,0.15,45
27.068,0.15,45
27.069,0.15,45
27.07,0.15,45
27.071,0.15,45
27.072,0.15,45
27.073,0.15,45
27.074,0.15,45
27.075,0.15,45
27.076,0.15,45
27.077,0.15,45
27.078,0.15,45
27.079,0.15,45
27.08,0.15,45
27.081,0.15,45
27.082,0.15,45
27.083,0.15,45
27.084,0.15,45
27.085,0.15,45
27.086,0.15,45
27.087,0.15,45
27.088,0.15,45
27.089,0.15,45
27.09,0.15,45
27.091,0.15,45
27.092,0.15,45
27.093,0.15,45
27.094,0.15,45
27.095,0.15,45
27.096,0.15,45
27.097,0.15,45
27.098,0.15,45
27.099,0.15,45
27.1,0.15,45
27.101,0.15,45
27.102,0.15,45
27.103,0.15,45
27.104,0.15,45
27.105,0.15,45
27.106,0.15,45
27.107,0.15,45
27.108,0.15,45
27.109,0.15,45
27.11,0.15,45
27.111,0.15,45
27.112,0.15,45
27.113,0.15,45
27.114,0.15,45
27.115,0.15,45
27.116,0.15,45
27.117,0.15,45
27.118,0.15,45
27.119,0.15,45
27.12,0.15,45
27.121,0.15,45
27.122,0.15,45
27.123,0.15,45
27.124,0.15,45
27.125,0.15,45
27.126,0.15,45
27.127,0.15,45
27.128,0.15,45
27.129,0.15,45
27.13,0.15,45
27.131,0.15,45
27.132,0.15,45
27.133,0.15,45
27.134,0.15,45
27.135,0.15,45
27.136,0.15,45
27.137,0.15,45
27.138,0.15,45
27.139,0.15,45
27.14,0.15,45
27.141,0.15,45
27.142,0.15,45
27.143,0.15,45
27.144,0.15,45
27.145,0.15,45
27.146,0.15,45
27.147,0.15,45
27.148,0.15,45
27.149,0.15,45
27.15,0.15,45
27.151,0.15,45
27.152,0.15,45
27.153,0.15,45
27.154,0.15,45
27.155,0.15,45
27.156,0.15,45
27.157,0.15,45
27.158,0.15,45
27.159,0.15,45
27.16,0.15,45
27.161,0.15,45
27.162,0.15,45
27.163,0.15,45
27.164,0.15,45
27.165,0.15,45
27.166,0.15,45
27.167,0.15,45
27.168,0.15,45
27.169,0.15,45
27.17,0.15,45
27.171,0.15,45
27.172,0.15,45
27.173,0.15,45
27.174,0.15,45
27.175,0.15,45
27.176,0.15,45
27.177,0.15,45
27.178,0.15,45
27.179,0.15,45
27.18,0.15,45
27.181,0.15,45
27.182,0.15,45
27.183,0.15,45
27.184,0.15,45
27.185,0.15,45
27.186,0.15,45
27.187,0.15,45
27.188,0.15,45
27.189,0.15,45
27.19,0.15,45
27.191,0.15,45
27.192,0.15,45
27.193,0.15,45
27.194,0.15,45
27.195,0.15,45
27.196,0.15,45
27.197,0.15,45
27.198,0.15,45
27.199,0.15,45
27.2,0.15,45
27.201,0.15,45
27.202,0.15,45
27.203,0.15,45
27.204,0.15,45
27.205,0.15,45
27.206,0.15,45
27.207,0.15,45
27.208,0.15,45
27.209,0.15,45
27.21,0.15,45
27.211,0.15,45
27.212,0.15,45
27.213,0.15,45
27.214,0.15,45
27.215,0.15,45
27.216,0.15,45
27.217,0.15,45
27.218,0.15,45
27.219,0.15,45
27.22,0.15,45
27.221,0.15,45
27.222,0.15,45
27.223,0.15,45
27.224,0.15,45
27.225,0.15,45
27.226,0.15,45
27.227,0.15,45
27.228,0.15,45
27.229,0.15,45
27.23,0.15,45
27.231,0.15,45
27.232,0.15,45
27.233,0.15,45
27.234,0.15,45
27.235,0.15,45
27.236,0.15,45
27.237,0.15,45
27.238,0.15,45
27.239,0.15,45
27.24,0.15,45
27.241,0.15,45
27.242,0.15,45
27.243,0.15,45
27.244,0.15,45
27.245,0.15,45
27.246,0.15,45
27.247,0.15,45
27.248,0.15,45
27.249,0.15,45
27.25,0.15,45
27.251,0.15,45
27.252,0.15,45
27.253,0.15,45
27.254,0.15,45
27.255,0.15,45
27.256,0.15,45
27.257,0.15,45
27.258,0.15,45
27.259,0.15,45
27.26,0.15,45
27.261,0.15,45
27.262,0.15,45
27.263,0.15,45
27.264,0.15,45
27.265,0.15,45
27.266,0.15,45
27.267,0.15,45
27.268,0.15,45
27.269,0.15,45
27.27,0.15,45
27.271,0.15,45
27.272,0.15,45
27.273,0.15,45
27.274,0.15,45
27.275,0.15,45
27.276,0.15,45
27.277,0.15,45
27.278,0.15,45
27.279,0.15,45
27.28,0.15,45
27.281,0.15,45
27.282,0.15,45
27.283,0.15,45
27.284,0.15,45
27.285,0.15,45
27.286,0.15,45
27.287,0.15,45
27.288,0.15,45
27.289,0.15,45
27.29,0.15,45
27.291,0.15,45
27.292,0.15,45
27.293,0.15,45
27.294,0.15,45
27.295,0.15,45
27.296,0.15,45
27.297,0.15,45
27.298,0.15,45
27.299,0.15,45
27.3,0.15,45
27.301,0.15,45
27.302,0.15,45
27.303,0.15,45
27.304,0.15,45
27.305,0.15,45
27.306,0.15,45
27.307,0.15,45
27.308,0.15,45
27.309,0.15,45
27.31,0.15,45
27.311,0.15,45
27.312,0.15,45
27.313,0.15,45
27.314,0.15,45
27.315,0.15,45
27.316,0.15,45
27.317,0.15,45
27.318,0.15,45
27.319,0.15,45
27.32,0.15,45
27.321,0.15,45
27.322,0.15,45
27.323,0.15,45
27.324,0.15,45
27.325,0.15,45
27.326,0.15,45
27.327,0.15,45
27.328,0.15,45
27.329,0.15,45
27.33,0.15,45
27.331,0.15,45
27.332,0.15,45
27.333,0.15,45
27.334,0.15,45
27.335,0.15,45
27.336,0.15,45
27.337,0.15,45
27.338,0.15,45
27.339,0.15,45
27.34,0.15,45
27.341,0.15,45
27.342,0.15,45
27.343,0.15,45
27.344,0.15,45
27.345,0.15,45
27.346,0.15,45
27.347,0.15,45
27.348,0.15,45
27.349,0.15,45
27.35,0.15,45
27.351,0.15,45
27.352,0.15,45
27.353,0.15,45
27.354,0.15,45
27.355,0.15,45
27.356,0.15,45
27.357,0.15,45
27.358,0.15,45
27.359,0.15,45
27.36,0.15,45
27.361,0.15,45
27.362,0.15,45
27.363,0.15,45
27.364,0.15,45
27.365,0.15,45
27.366,0.15,45
27.367,0.15,45
27.368,0.15,45
27.369,0.15,45
27.37,0.15,45
27.371,0.15,45
27.372,0.15,45
27.373,0.15,45
27.374,0.15,45
27.375,0.15,45
27.376,0.15,45
27.377,0.15,45
27.378,0.15,45
27.379,0.15,45
27.38,0.15,45
27.381,0.15,45
27.382,0.15,45
27.383,0.15,45
27.384,0.15,45
27.385,0.15,45
27.386,0.15,45
27.387,0.15,45
27.388,0.15,45
27.389,0.15,45
27.39,0.15,45
27.391,0.15,45
27.392,0.15,45
27.393,0.15,45
27.394,0.15,45
27.395,0.15,45
27.396,0.15,45
27.397,0.15,45
27.398,0.15,45
27.399,0.15,45
27.4,0.15,45
27.401,0.15,45
27.402,0.15,45
27.403,0.15,45
27.404,0.15,45
27.405,0.15,45
27.406,0.15,45
27.407,0.15,45
27.408,0.15,45
27.409,0.15,45
27.41,0.15,45
27.411,0.15,45
27.412,0.15,45
27.413,0.15,45
27.414,0.15,45
27.415,0.15,45
27.416,0.15,45
27.417,0.15,45
27.418,0.15,45
27.419,0.15,45
27.42,0.15,45
27.421,0.15,45
27.422,0.15,45
27.423,0.15,45
27.424,0.15,45
27.425,0.15,45
27.426,0.15,45
27.427,0.15,45
27.428,0.15,45
27.429,0.15,45
27.43,0.15,45
27.431,0.15,45
27.432,0.15,45
27.433,0.15,45
27.434,0.15,45
27.435,0.15,45
27.436,0.15,45
27.437,0.15,45
27.438,0.15,45
27.439,0.15,45
27.44,0.15,45
27.441,0.15,45
27.442,0.15,45
27.443,0.15,45
27.444,0.15,45
27.445,0.15,45
27.446,0.15,45
27.447,0.15,45
27.448,0.15,45
27.449,0.15,45
27.45,0.15,45
27.451,0.15,45
27.452,0.15,45
27.453,0.15,45
27.454,0.15,45
27.455,0.15,45
27.456,0.15,45
27.457,0.15,45
27.458,0.15,45
27.459,0.15,45
27.46,0.15,45
27.461,0.15,45
27.462,0.15,45
27.463,0.15,45
27.464,0.15,45
27.465,0.15,45
27.466,0.15,45
27.467,0.15,45
27.468,0.15,45
27.469,0.15,45
27.47,0.15,45
27.471,0.15,45
27.472,0.15,45
27.473,0.15,45
27.474,0.15,45
27.475,0.15,45
27.476,0.15,45
27.477,0.15,45
27.478,0.15,45
27.479,0.15,45
27.48,0.15,45
27.481,0.15,45
27.482,0.15,45
27.483,0.15,45
27.484,0.15,45
27.485,0.15,45
27.486,0.15,45
27.487,0.15,45
27.488,0.15,45
27.489,0.15,45
27.49,0.15,45
27.491,0.15,45
27.492,0.15,45
27.493,0.15,45
27.494,0.15,45
27.495,0.15,45
27.496,0.15,45
27.497,0.15,45
27.498,0.15,45
27.499,0.15,45
27.5,0.15,45
27.501,0.15,45
27.502,0.15,45
27.503,0.15,45
27.504,0.15,45
27.505,0.15,45
27.506,0.15,45
27.507,0.15,45
27.508,0.15,45
27.509,0.15,45
27.51,0.15,45
27.511,0.15,45
27.512,0.15,45
27.513,0.15,45
27.514,0.15,45
27.515,0.15,45
27.516,0.15,45
27.517,0.15,45
27.518,0.15,45
27.519,0.15,45
27.52,0.15,45
27.521,0.15,45
27.522,0.15,45
27.523,0.15,45
27.524,0.15,45
27.525,0.15,45
27.526,0.15,45
27.527,0.15,45
27.528,0.15,45
27.529,0.15,45
27.53,0.15,45
27.531,0.15,45
27.532,0.15,45
27.533,0.15,45
27.534,0.15,45
27.535,0.15,45
27.536,0.15,45
27.537,0.15,45
27.538,0.15,45
27.539,0.15,45
27.54,0.15,45
27.541,0.15,45
27.542,0.15,45
27.543,0.15,45
27.544,0.15,45
27.545,0.15,45
27.546,0.15,45
27.547,0.15,45
27.548,0.15,45
27.549,0.15,45
27.55,0.15,45
27.551,0.15,45
27.552,0.15,45
27.553,0.15,45
27.554,0.15,45
27.555,0.15,45
27.556,0.15,45
27.557,0.15,45
27.558,0.15,45
27.559,0.15,45
27.56,0.15,45
27.561,0.15,45
27.562,0.15,45
27.563,0.15,45
27.564,0.15,45
27.565,0.15,45
27.566,0.15,45
27.567,0.15,45
27.568,0.15,45
27.569,0.15,45
27.57,0.15,45
27.571,0.15,45
27.572,0.15,45
27.573,0.15,45
27.574,0.15,45
27.575,0.15,45
27.576,0.15,45
27.577,0.15,45
27.578,0.15,45
27.579,0.15,45
27.58,0.15,45
27.581,0.15,45
27.582,0.15,45
27.583,0.15,45
27.584,0.15,45
27.585,0.15,45
27.586,0.15,45
27.587,0.15,45
27.588,0.15,45
27.589,0.15,45
27.59,0.15,45
27.591,0.15,45
27.592,0.15,45
27.593,0.15,45
27.594,0.15,45
27.595,0.15,45
27.596,0.15,45
27.597,0.15,45
27.598,0.15,45
27.599,0.15,45
27.6,0.15,45
27.601,0.15,45
27.602,0.15,45
27.603,0.15,45
27.604,0.15,45
27.605,0.15,45
27.606,0.15,45
27.607,0.15,45
27.608,0.15,45
27.609,0.15,45
27.61,0.15,45
27.611,0.15,45
27.612,0.15,45
27.613,0.15,45
27.614,0.15,45
27.615,0.15,45
27.616,0.15,45
27.617,0.15,45
27.618,0.15,45
27.619,0.15,45
27.62,0.15,45
27.621,0.15,45
27.622,0.15,45
27.623,0.15,45
27.624,0.15,45
27.625,0.15,45
27.626,0.15,45
27.627,0.15,45
27.628,0.15,45
27.629,0.15,45
27.63,0.15,45
27.631,0.15,45
27.632,0.15,45
27.633,0.15,45
27.634,0.15,45
27.635,0.15,45
27.636,0.15,45
27.637,0.15,45
27.638,0.15,45
27.639,0.15,45
27.64,0.15,45
27.641,0.15,45
27.642,0.15,45
27.643,0.15,45
27.644,0.15,45
27.645,0.15,45
27.646,0.15,45
27.647,0.15,45
27.648,0.15,45
27.649,0.15,45
27.65,0.15,45
27.651,0.15,45
27.652,0.15,45
27.653,0.15,45
27.654,0.15,45
27.655,0.15,45
27.656,0.15,45
27.657,0.15,45
27.658,0.15,45
27.659,0.15,45
27.66,0.15,45
27.661,0.15,45
27.662,0.15,45
27.663,0.15,45
27.664,0.15,45
27.665,0.15,45
27.666,0.15,45
27.667,0.15,45
27.668,0.15,45
27.669,0.15,45
27.67,0.15,45
27.671,0.15,45
27.672,0.15,45
27.673,0.15,45
27.674,0.15,45
27.675,0.15,45
27.676,0.15,45
27.677,0.15,45
27.678,0.15,45
27.679,0.15,45
27.68,0.15,45
27.681,0.15,45
27.682,0.15,45
27.683,0.15,45
27.684,0.15,45
27.685,0.15,45
27.686,0.15,45
27.687,0.15,45
27.688,0.15,45
27.689,0.15,45
27.69,0.15,45
27.691,0.15,45
27.692,0.15,45
27.693,0.15,45
27.694,0.15,45
27.695,0.15,45
27.696,0.15,45
27.697,0.15,45
27.698,0.15,45
27.699,0.15,45
27.7,0.15,45
27.701,0.15,45
27.702,0.15,45
27.703,0.15,45
27.704,0.15,45
27.705,0.15,45
27.706,0.15,45
27.707,0.15,45
27.708,0.15,45
27.709,0.15,45
27.71,0.15,45
27.711,0.15,45
27.712,0.15,45
27.713,0.15,45
27.714,0.15,45
27.715,0.15,45
27.716,0.15,45
27.717,0.15,45
27.718,0.15,45
27.719,0.15,45
27.72,0.15,45
27.721,0.15,45
27.722,0.15,45
27.723,0.15,45
27.724,0.15,45
27.725,0.15,45
27.726,0.15,45
27.727,0.15,45
27.728,0.15,45
27.729,0.15,45
27.73,0.15,45
27.731,0.15,45
27.732,0.15,45
27.733,0.15,45
27.734,0.15,45
27.735,0.15,45
27.736,0.15,45
27.737,0.15,45
27.738,0.15,45
27.739,0.15,45
27.74,0.15,45
27.741,0.15,45
27.742,0.15,45
27.743,0.15,45
27.744,0.15,45
27.745,0.15,45
27.746,0.15,45
27.747,0.15,45
27.748,0.15,45
27.749,0.15,45
27.75,0.15,45
27.751,0.15,45
27.752,0.15,45
27.753,0.15,45
27.754,0.15,45
27.755,0.15,45
27.756,0.15,45
27.757,0.15,45
27.758,0.15,45
27.759,0.15,45
27.76,0.15,45
27.761,0.15,45
27.762,0.15,45
27.763,0.15,45
27.764,0.15,45
27.765,0.15,45
27.766,0.15,45
27.767,0.15,45
27.768,0.15,45
27.769,0.15,45
27.77,0.15,45
27.771,0.15,45
27.772,0.15,45
27.773,0.15,45
27.774,0.15,45
27.775,0.15,45
27.776,0.15,45
27.777,0.15,45
27.778,0.15,45
27.779,0.15,45
27.78,0.15,45
27.781,0.15,45
27.782,0.15,45
27.783,0.15,45
27.784,0.15,45
27.785,0.15,45
27.786,0.15,45
27.787,0.15,45
27.788,0.15,45
27.789,0.15,45
27.79,0.15,45
27.791,0.15,45
27.792,0.15,45
27.793,0.15,45
27.794,0.15,45
27.795,0.15,45
27.796,0.15,45
27.797,0.15,45
27.798,0.15,45
27.799,0.15,45
27.8,0.15,45
27.801,0.15,45
27.802,0.15,45
27.803,0.15,45
27.804,0.15,45
27.805,0.15,45
27.806,0.15,45
27.807,0.15,45
27.808,0.15,45
27.809,0.15,45
27.81,0.15,45
27.811,0.15,45
27.812,0.15,45
27.813,0.15,45
27.814,0.15,45
27.815,0.15,45
27.816,0.15,45
27.817,0.15,45
27.818,0.15,45
27.819,0.15,45
27.82,0.15,45
27.821,0.15,45
27.822,0.15,45
27.823,0.15,45
27.824,0.15,45
27.825,0.15,45
27.826,0.15,45
27.827,0.15,45
27.828,0.15,45
27.829,0.15,45
27.83,0.15,45
27.831,0.15,45
27.832,0.15,45
27.833,0.15,45
27.834,0.15,45
27.835,0.15,45
27.836,0.15,45
27.837,0.15,45
27.838,0.15,45
27.839,0.15,45
27.84,0.15,45
27.841,0.15,45
27.842,0.15,45
27.843,0.15,45
27.844,0.15,45
27.845,0.15,45
27.846,0.15,45
27.847,0.15,45
27.848,0.15,45
27.849,0.15,45
27.85,0.15,45
27.851,0.15,45
27.852,0.15,45
27.853,0.15,45
27.854,0.15,45
27.855,0.15,45
27.856,0.15,45
27.857,0.15,45
27.858,0.15,45
27.859,0.15,45
27.86,0.15,45
27.861,0.15,45
27.862,0.15,45
27.863,0.15,45
27.864,0.15,45
27.865,0.15,45
27.866,0.15,45
27.867,0.15,45
27.868,0.15,45
27.869,0.15,45
27.87,0.15,45
27.871,0.15,45
27.872,0.15,45
27.873,0.15,45
27.874,0.15,45
27.875,0.15,45
27.876,0.15,45
27.877,0.15,45
27.878,0.15,45
27.879,0.15,45
27.88,0.15,45
27.881,0.15,45
27.882,0.15,45
27.883,0.15,45
27.884,0.15,45
27.885,0.15,45
27.886,0.15,45
27.887,0.15,45
27.888,0.15,45
27.889,0.15,45
27.89,0.15,45
27.891,0.15,45
27.892,0.15,45
27.893,0.15,45
27.894,0.15,45
27.895,0.15,45
27.896,0.15,45
27.897,0.15,45
27.898,0.15,45
27.899,0.15,45
27.9,0.15,45
27.901,0.15,45
27.902,0.15,45
27.903,0.15,45
27.904,0.15,45
27.905,0.15,45
27.906,0.15,45
27.907,0.15,45
27.908,0.15,45
27.909,0.15,45
27.91,0.15,45
27.911,0.15,45
27.912,0.15,45
27.913,0.15,45
27.914,0.15,45
27.915,0.15,45
27.916,0.15,45
27.917,0.15,45
27.918,0.15,45
27.919,0.15,45
27.92,0.15,45
27.921,0.15,45
27.922,0.15,45
27.923,0.15,45
27.924,0.15,45
27.925,0.15,45
27.926,0.15,45
27.927,0.15,45
27.928,0.15,45
27.929,0.15,45
27.93,0.15,45
27.931,0.15,45
27.932,0.15,45
27.933,0.15,45
27.934,0.15,45
27.935,0.15,45
27.936,0.15,45
27.937,0.15,45
27.938,0.15,45
27.939,0.15,45
27.94,0.15,45
27.941,0.15,45
27.942,0.15,45
27.943,0.15,45
27.944,0.15,45
27.945,0.15,45
27.946,0.15,45
27.947,0.15,45
27.948,0.15,45
27.949,0.15,45
27.95,0.15,45
27.951,0.15,45
27.952,0.15,45
27.953,0.15,45
27.954,0.15,45
27.955,0.15,45
27.956,0.15,45
27.957,0.15,45
27.958,0.15,45
27.959,0.15,45
27.96,0.15,45
27.961,0.15,45
27.962,0.15,45
27.963,0.15,45
27.964,0.15,45
27.965,0.15,45
27.966,0.15,45
27.967,0.15,45
27.968,0.15,45
27.969,0.15,45
27.97,0.15,45
27.971,0.15,45
27.972,0.15,45
27.973,0.15,45
27.974,0.15,45
27.975,0.15,45
27.976,0.15,45
27.977,0.15,45
27.978,0.15,45
27.979,0.15,45
27.98,0.15,45
27.981,0.15,45
27.982,0.15,45
27.983,0.15,45
27.984,0.15,45
27.985,0.15,45
27.986,0.15,45
27.987,0.15,45
27.988,0.15,45
27.989,0.15,45
27.99,0.15,45
27.991,0.15,45
27.992,0.15,45
27.993,0.15,45
27.994,0.15,45
27.995,0.15,45
27.996,0.15,45
27.997,0.15,45
27.998,0.15,45
27.999,0.15,45
28,0.15,45
28.001,0.15,45
28.002,0.15,45
28.003,0.15,45
28.004,0.15,45
28.005,0.15,45
28.006,0.15,45
28.007,0.15,45
28.008,0.15,45
28.009,0.15,45
28.01,0.15,45
28.011,0.15,45
28.012,0.15,45
28.013,0.15,45
28.014,0.15,45
28.015,0.15,45
28.016,0.15,45
28.017,0.15,45
28.018,0.15,45
28.019,0.15,45
28.02,0.15,45
28.021,0.15,45
28.022,0.15,45
28.023,0.15,45
28.024,0.15,45
28.025,0.15,45
28.026,0.15,45
28.027,0.15,45
28.028,0.15,45
28.029,0.15,45
28.03,0.15,45
28.031,0.15,45
28.032,0.15,45
28.033,0.15,45
28.034,0.15,45
28.035,0.15,45
28.036,0.15,45
28.037,0.15,45
28.038,0.15,45
28.039,0.15,45
28.04,0.15,45
28.041,0.15,45
28.042,0.15,45
28.043,0.15,45
28.044,0.15,45
28.045,0.15,45
28.046,0.15,45
28.047,0.15,45
28.048,0.15,45
28.049,0.15,45
28.05,0.15,45
28.051,0.15,45
28.052,0.15,45
28.053,0.15,45
28.054,0.15,45
28.055,0.15,45
28.056,0.15,45
28.057,0.15,45
28.058,0.15,45
28.059,0.15,45
28.06,0.15,45
28.061,0.15,45
28.062,0.15,45
28.063,0.15,45
28.064,0.15,45
28.065,0.15,45
28.066,0.15,45
28.067,0.15,45
28.068,0.15,45
28.069,0.15,45
28.07,0.15,45
28.071,0.15,45
28.072,0.15,45
28.073,0.15,45
28.074,0.15,45
28.075,0.15,45
28.076,0.15,45
28.077,0.15,45
28.078,0.15,45
28.079,0.15,45
28.08,0.15,45
28.081,0.15,45
28.082,0.15,45
28.083,0.15,45
28.084,0.15,45
28.085,0.15,45
28.086,0.15,45
28.087,0.15,45
28.088,0.15,45
28.089,0.15,45
28.09,0.15,45
28.091,0.15,45
28.092,0.15,45
28.093,0.15,45
28.094,0.15,45
28.095,0.15,45
28.096,0.15,45
28.097,0.15,45
28.098,0.15,45
28.099,0.15,45
28.1,0.15,45
28.101,0.15,45
28.102,0.15,45
28.103,0.15,45
28.104,0.15,45
28.105,0.15,45
28.106,0.15,45
28.107,0.15,45
28.108,0.15,45
28.109,0.15,45
28.11,0.15,45
28.111,0.15,45
28.112,0.15,45
28.113,0.15,45
28.114,0.15,45
28.115,0.15,45
28.116,0.15,45
28.117,0.15,45
28.118,0.15,45
28.119,0.15,45
28.12,0.15,45
28.121,0.15,45
28.122,0.15,45
28.123,0.15,45
28.124,0.15,45
28.125,0.15,45
28.126,0.15,45
28.127,0.15,45
28.128,0.15,45
28.129,0.15,45
28.13,0.15,45
28.131,0.15,45
28.132,0.15,45
28.133,0.15,45
28.134,0.15,45
28.135,0.15,45
28.136,0.15,45
28.137,0.15,45
28.138,0.15,45
28.139,0.15,45
28.14,0.15,45
28.141,0.15,45
28.142,0.15,45
28.143,0.15,45
28.144,0.15,45
28.145,0.15,45
28.146,0.15,45
28.147,0.15,45
28.148,0.15,45
28.149,0.15,45
28.15,0.15,45
28.151,0.15,45
28.152,0.15,45
28.153,0.15,45
28.154,0.15,45
28.155,0.15,45
28.156,0.15,45
28.157,0.15,45
28.158,0.15,45
28.159,0.15,45
28.16,0.15,45
28.161,0.15,45
28.162,0.15,45
28.163,0.15,45
28.164,0.15,45
28.165,0.15,45
28.166,0.15,45
28.167,0.15,45
28.168,0.15,45
28.169,0.15,45
28.17,0.15,45
28.171,0.15,45
28.172,0.15,45
28.173,0.15,45
28.174,0.15,45
28.175,0.15,45
28.176,0.15,45
28.177,0.15,45
28.178,0.15,45
28.179,0.15,45
28.18,0.15,45
28.181,0.15,45
28.182,0.15,45
28.183,0.15,45
28.184,0.15,45
28.185,0.15,45
28.186,0.15,45
28.187,0.15,45
28.188,0.15,45
28.189,0.15,45
28.19,0.15,45
28.191,0.15,45
28.192,0.15,45
28.193,0.15,45
28.194,0.15,45
28.195,0.15,45
28.196,0.15,45
28.197,0.15,45
28.198,0.15,45
28.199,0.15,45
28.2,0.15,45
28.201,0.15,45
28.202,0.15,45
28.203,0.15,45
28.204,0.15,45
28.205,0.15,45
28.206,0.15,45
28.207,0.15,45
28.208,0.15,45
28.209,0.15,45
28.21,0.15,45
28.211,0.15,45
28.212,0.15,45
28.213,0.15,45
28.214,0.15,45
28.215,0.15,45
28.216,0.15,45
28.217,0.15,45
28.218,0.15,45
28.219,0.15,45
28.22,0.15,45
28.221,0.15,45
28.222,0.15,45
28.223,0.15,45
28.224,0.15,45
28.225,0.15,45
28.226,0.15,45
28.227,0.15,45
28.228,0.15,45
28.229,0.15,45
28.23,0.15,45
28.231,0.15,45
28.232,0.15,45
28.233,0.15,45
28.234,0.15,45
28.235,0.15,45
28.236,0.15,45
28.237,0.15,45
28.238,0.15,45
28.239,0.15,45
28.24,0.15,45
28.241,0.15,45
28.242,0.15,45
28.243,0.15,45
28.244,0.15,45
28.245,0.15,45
28.246,0.15,45
28.247,0.15,45
28.248,0.15,45
28.249,0.15,45
28.25,0.15,45
28.251,0.15,45
28.252,0.15,45
28.253,0.15,45
28.254,0.15,45
28.255,0.15,45
28.256,0.15,45
28.257,0.15,45
28.258,0.15,45
28.259,0.15,45
28.26,0.15,45
28.261,0.15,45
28.262,0.15,45
28.263,0.15,45
28.264,0.15,45
28.265,0.15,45
28.266,0.15,45
28.267,0.15,45
28.268,0.15,45
28.269,0.15,45
28.27,0.15,45
28.271,0.15,45
28.272,0.15,45
28.273,0.15,45
28.274,0.15,45
28.275,0.15,45
28.276,0.15,45
28.277,0.15,45
28.278,0.15,45
28.279,0.15,45
28.28,0.15,45
28.281,0.15,45
28.282,0.15,45
28.283,0.15,45
28.284,0.15,45
28.285,0.15,45
28.286,0.15,45
28.287,0.15,45
28.288,0.15,45
28.289,0.15,45
28.29,0.15,45
28.291,0.15,45
28.292,0.15,45
28.293,0.15,45
28.294,0.15,45
28.295,0.15,45
28.296,0.15,45
28.297,0.15,45
28.298,0.15,45
28.299,0.15,45
28.3,0.15,45
28.301,0.15,45
28.302,0.15,45
28.303,0.15,45
28.304,0.15,45
28.305,0.15,45
28.306,0.15,45
28.307,0.15,45
28.308,0.15,45
28.309,0.15,45
28.31,0.15,45
28.311,0.15,45
28.312,0.15,45
28.313,0.15,45
28.314,0.15,45
28.315,0.15,45
28.316,0.15,45
28.317,0.15,45
28.318,0.15,45
28.319,0.15,45
28.32,0.15,45
28.321,0.15,45
28.322,0.15,45
28.323,0.15,45
28.324,0.15,45
28.325,0.15,45
28.326,0.15,45
28.327,0.15,45
28.328,0.15,45
28.329,0.15,45
28.33,0.15,45
28.331,0.15,45
28.332,0.15,45
28.333,0.15,45
28.334,0.15,45
28.335,0.15,45
28.336,0.15,45
28.337,0.15,45
28.338,0.15,45
28.339,0.15,45
28.34,0.15,45
28.341,0.15,45
28.342,0.15,45
28.343,0.15,45
28.344,0.15,45
28.345,0.15,45
28.346,0.15,45
28.347,0.15,45
28.348,0.15,45
28.349,0.15,45
28.35,0.15,45
28.351,0.15,45
28.352,0.15,45
28.353,0.15,45
28.354,0.15,45
28.355,0.15,45
28.356,0.15,45
28.357,0.15,45
28.358,0.15,45
28.359,0.15,45
28.36,0.15,45
28.361,0.15,45
28.362,0.15,45
28.363,0.15,45
28.364,0.15,45
28.365,0.15,45
28.366,0.15,45
28.367,0.15,45
28.368,0.15,45
28.369,0.15,45
28.37,0.15,45
28.371,0.15,45
28.372,0.15,45
28.373,0.15,45
28.374,0.15,45
28.375,0.15,45
28.376,0.15,45
28.377,0.15,45
28.378,0.15,45
28.379,0.15,45
28.38,0.15,45
28.381,0.15,45
28.382,0.15,45
28.383,0.15,45
28.384,0.15,45
28.385,0.15,45
28.386,0.15,45
28.387,0.15,45
28.388,0.15,45
28.389,0.15,45
28.39,0.15,45
28.391,0.15,45
28.392,0.15,45
28.393,0.15,45
28.394,0.15,45
28.395,0.15,45
28.396,0.15,45
28.397,0.15,45
28.398,0.15,45
28.399,0.15,45
28.4,0.15,45
28.401,0.15,45
28.402,0.15,45
28.403,0.15,45
28.404,0.15,45
28.405,0.15,45
28.406,0.15,45
28.407,0.15,45
28.408,0.15,45
28.409,0.15,45
28.41,0.15,45
28.411,0.15,45
28.412,0.15,45
28.413,0.15,45
28.414,0.15,45
28.415,0.15,45
28.416,0.15,45
28.417,0.15,45
28.418,0.15,45
28.419,0.15,45
28.42,0.15,45
28.421,0.15,45
28.422,0.15,45
28.423,0.15,45
28.424,0.15,45
28.425,0.15,45
28.426,0.15,45
28.427,0.15,45
28.428,0.15,45
28.429,0.15,45
28.43,0.15,45
28.431,0.15,45
28.432,0.15,45
28.433,0.15,45
28.434,0.15,45
28.435,0.15,45
28.436,0.15,45
28.437,0.15,45
28.438,0.15,45
28.439,0.15,45
28.44,0.15,45
28.441,0.15,45
28.442,0.15,45
28.443,0.15,45
28.444,0.15,45
28.445,0.15,45
28.446,0.15,45
28.447,0.15,45
28.448,0.15,45
28.449,0.15,45
28.45,0.15,45
28.451,0.15,45
28.452,0.15,45
28.453,0.15,45
28.454,0.15,45
28.455,0.15,45
28.456,0.15,45
28.457,0.15,45
28.458,0.15,45
28.459,0.15,45
28.46,0.15,45
28.461,0.15,45
28.462,0.15,45
28.463,0.15,45
28.464,0.15,45
28.465,0.15,45
28.466,0.15,45
28.467,0.15,45
28.468,0.15,45
28.469,0.15,45
28.47,0.15,45
28.471,0.15,45
28.472,0.15,45
28.473,0.15,45
28.474,0.15,45
28.475,0.15,45
28.476,0.15,45
28.477,0.15,45
28.478,0.15,45
28.479,0.15,45
28.48,0.15,45
28.481,0.15,45
28.482,0.15,45
28.483,0.15,45
28.484,0.15,45
28.485,0.15,45
28.486,0.15,45
28.487,0.15,45
28.488,0.15,45
28.489,0.15,45
28.49,0.15,45
28.491,0.15,45
28.492,0.15,45
28.493,0.15,45
28.494,0.15,45
28.495,0.15,45
28.496,0.15,45
28.497,0.15,45
28.498,0.15,45
28.499,0.15,45
28.5,0.15,45
28.501,0.15,45
28.502,0.15,45
28.503,0.15,45
28.504,0.15,45
28.505,0.15,45
28.506,0.15,45
28.507,0.15,45
28.508,0.15,45
28.509,0.15,45
28.51,0.15,45
28.511,0.15,45
28.512,0.15,45
28.513,0.15,45
28.514,0.15,45
28.515,0.15,45
28.516,0.15,45
28.517,0.15,45
28.518,0.15,45
28.519,0.15,45
28.52,0.15,45
28.521,0.15,45
28.522,0.15,45
28.523,0.15,45
28.524,0.15,45
28.525,0.15,45
28.526,0.15,45
28.527,0.15,45
28.528,0.15,45
28.529,0.15,45
28.53,0.15,45
28.531,0.15,45
28.532,0.15,45
28.533,0.15,45
28.534,0.15,45
28.535,0.15,45
28.536,0.15,45
28.537,0.15,45
28.538,0.15,45
28.539,0.15,45
28.54,0.15,45
28.541,0.15,45
28.542,0.15,45
28.543,0.15,45
28.544,0.15,45
28.545,0.15,45
28.546,0.15,45
28.547,0.15,45
28.548,0.15,45
28.549,0.15,45
28.55,0.15,45
28.551,0.15,45
28.552,0.15,45
28.553,0.15,45
28.554,0.15,45
28.555,0.15,45
28.556,0.15,45
28.557,0.15,45
28.558,0.15,45
28.559,0.15,45
28.56,0.15,45
28.561,0.15,45
28.562,0.15,45
28.563,0.15,45
28.564,0.15,45
28.565,0.15,45
28.566,0.15,45
28.567,0.15,45
28.568,0.15,45
28.569,0.15,45
28.57,0.15,45
28.571,0.15,45
28.572,0.15,45
28.573,0.15,45
28.574,0.15,45
28.575,0.15,45
28.576,0.15,45
28.577,0.15,45
28.578,0.15,45
28.579,0.15,45
28.58,0.15,45
28.581,0.15,45
28.582,0.15,45
28.583,0.15,45
28.584,0.15,45
28.585,0.15,45
28.586,0.15,45
28.587,0.15,45
28.588,0.15,45
28.589,0.15,45
28.59,0.15,45
28.591,0.15,45
28.592,0.15,45
28.593,0.15,45
28.594,0.15,45
28.595,0.15,45
28.596,0.15,45
28.597,0.15,45
28.598,0.15,45
28.599,0.15,45
28.6,0.15,45
28.601,0.15,45
28.602,0.15,45
28.603,0.15,45
28.604,0.15,45
28.605,0.15,45
28.606,0.15,45
28.607,0.15,45
28.608,0.15,45
28.609,0.15,45
28.61,0.15,45
28.611,0.15,45
28.612,0.15,45
28.613,0.15,45
28.614,0.15,45
28.615,0.15,45
28.616,0.15,45
28.617,0.15,45
28.618,0.15,45
28.619,0.15,45
28.62,0.15,45
28.621,0.15,45
28.622,0.15,45
28.623,0.15,45
28.624,0.15,45
28.625,0.15,45
28.626,0.15,45
28.627,0.15,45
28.628,0.15,45
28.629,0.15,45
28.63,0.15,45
28.631,0.15,45
28.632,0.15,45
28.633,0.15,45
28.634,0.15,45
28.635,0.15,45
28.636,0.15,45
28.637,0.15,45
28.638,0.15,45
28.639,0.15,45
28.64,0.15,45
28.641,0.15,45
28.642,0.15,45
28.643,0.15,45
28.644,0.15,45
28.645,0.15,45
28.646,0.15,45
28.647,0.15,45
28.648,0.15,45
28.649,0.15,45
28.65,0.15,45
28.651,0.15,45
28.652,0.15,45
28.653,0.15,45
28.654,0.15,45
28.655,0.15,45
28.656,0.15,45
28.657,0.15,45
28.658,0.15,45
28.659,0.15,45
28.66,0.15,45
28.661,0.15,45
28.662,0.15,45
28.663,0.15,45
28.664,0.15,45
28.665,0.15,45
28.666,0.15,45
28.667,0.15,45
28.668,0.15,45
28.669,0.15,45
28.67,0.15,45
28.671,0.15,45
28.672,0.15,45
28.673,0.15,45
28.674,0.15,45
28.675,0.15,45
28.676,0.15,45
28.677,0.15,45
28.678,0.15,45
28.679,0.15,45
28.68,0.15,45
28.681,0.15,45
28.682,0.15,45
28.683,0.15,45
28.684,0.15,45
28.685,0.15,45
28.686,0.15,45
28.687,0.15,45
28.688,0.15,45
28.689,0.15,45
28.69,0.15,45
28.691,0.15,45
28.692,0.15,45
28.693,0.15,45
28.694,0.15,45
28.695,0.15,45
28.696,0.15,45
28.697,0.15,45
28.698,0.15,45
28.699,0.15,45
28.7,0.15,45
28.701,0.15,45
28.702,0.15,45
28.703,0.15,45
28.704,0.15,45
28.705,0.15,45
28.706,0.15,45
28.707,0.15,45
28.708,0.15,45
28.709,0.15,45
28.71,0.15,45
28.711,0.15,45
28.712,0.15,45
28.713,0.15,45
28.714,0.15,45
28.715,0.15,45
28.716,0.15,45
28.717,0.15,45
28.718,0.15,45
28.719,0.15,45
28.72,0.15,45
28.721,0.15,45
28.722,0.15,45
28.723,0.15,45
28.724,0.15,45
28.725,0.15,45
28.726,0.15,45
28.727,0.15,45
28.728,0.15,45
28.729,0.15,45
28.73,0.15,45
28.731,0.15,45
28.732,0.15,45
28.733,0.15,45
28.734,0.15,45
28.735,0.15,45
28.736,0.15,45
28.737,0.15,45
28.738,0.15,45
28.739,0.15,45
28.74,0.15,45
28.741,0.15,45
28.742,0.15,45
28.743,0.15,45
28.744,0.15,45
28.745,0.15,45
28.746,0.15,45
28.747,0.15,45
28.748,0.15,45
28.749,0.15,45
28.75,0.15,45
28.751,0.15,45
28.752,0.15,45
28.753,0.15,45
28.754,0.15,45
28.755,0.15,45
28.756,0.15,45
28.757,0.15,45
28.758,0.15,45
28.759,0.15,45
28.76,0.15,45
28.761,0.15,45
28.762,0.15,45
28.763,0.15,45
28.764,0.15,45
28.765,0.15,45
28.766,0.15,45
28.767,0.15,45
28.768,0.15,45
28.769,0.15,45
28.77,0.15,45
28.771,0.15,45
28.772,0.15,45
28.773,0.15,45
28.774,0.15,45
28.775,0.15,45
28.776,0.15,45
28.777,0.15,45
28.778,0.15,45
28.779,0.15,45
28.78,0.15,45
28.781,0.15,45
28.782,0.15,45
28.783,0.15,45
28.784,0.15,45
28.785,0.15,45
28.786,0.15,45
28.787,0.15,45
28.788,0.15,45
28.789,0.15,45
28.79,0.15,45
28.791,0.15,45
28.792,0.15,45
28.793,0.15,45
28.794,0.15,45
28.795,0.15,45
28.796,0.15,45
28.797,0.15,45
28.798,0.15,45
28.799,0.15,45
28.8,0.15,45
28.801,0.15,45
28.802,0.15,45
28.803,0.15,45
28.804,0.15,45
28.805,0.15,45
28.806,0.15,45
28.807,0.15,45
28.808,0.15,45
28.809,0.15,45
28.81,0.15,45
28.811,0.15,45
28.812,0.15,45
28.813,0.15,45
28.814,0.15,45
28.815,0.15,45
28.816,0.15,45
28.817,0.15,45
28.818,0.15,45
28.819,0.15,45
28.82,0.15,45
28.821,0.15,45
28.822,0.15,45
28.823,0.15,45
28.824,0.15,45
28.825,0.15,45
28.826,0.15,45
28.827,0.15,45
28.828,0.15,45
28.829,0.15,45
28.83,0.15,45
28.831,0.15,45
28.832,0.15,45
28.833,0.15,45
28.834,0.15,45
28.835,0.15,45
28.836,0.15,45
28.837,0.15,45
28.838,0.15,45
28.839,0.15,45
28.84,0.15,45
28.841,0.15,45
28.842,0.15,45
28.843,0.15,45
28.844,0.15,45
28.845,0.15,45
28.846,0.15,45
28.847,0.15,45
28.848,0.15,45
28.849,0.15,45
28.85,0.15,45
28.851,0.15,45
28.852,0.15,45
28.853,0.15,45
28.854,0.15,45
28.855,0.15,45
28.856,0.15,45
28.857,0.15,45
28.858,0.15,45
28.859,0.15,45
28.86,0.15,45
28.861,0.15,45
28.862,0.15,45
28.863,0.15,45
28.864,0.15,45
28.865,0.15,45
28.866,0.15,45
28.867,0.15,45
28.868,0.15,45
28.869,0.15,45
28.87,0.15,45
28.871,0.15,45
28.872,0.15,45
28.873,0.15,45
28.874,0.15,45
28.875,0.15,45
28.876,0.15,45
28.877,0.15,45
28.878,0.15,45
28.879,0.15,45
28.88,0.15,45
28.881,0.15,45
28.882,0.15,45
28.883,0.15,45
28.884,0.15,45
28.885,0.15,45
28.886,0.15,45
28.887,0.15,45
28.888,0.15,45
28.889,0.15,45
28.89,0.15,45
28.891,0.15,45
28.892,0.15,45
28.893,0.15,45
28.894,0.15,45
28.895,0.15,45
28.896,0.15,45
28.897,0.15,45
28.898,0.15,45
28.899,0.15,45
28.9,0.15,45
28.901,0.15,45
28.902,0.15,45
28.903,0.15,45
28.904,0.15,45
28.905,0.15,45
28.906,0.15,45
28.907,0.15,45
28.908,0.15,45
28.909,0.15,45
28.91,0.15,45
28.911,0.15,45
28.912,0.15,45
28.913,0.15,45
28.914,0.15,45
28.915,0.15,45
28.916,0.15,45
28.917,0.15,45
28.918,0.15,45
28.919,0.15,45
28.92,0.15,45
28.921,0.15,45
28.922,0.15,45
28.923,0.15,45
28.924,0.15,45
28.925,0.15,45
28.926,0.15,45
28.927,0.15,45
28.928,0.15,45
28.929,0.15,45
28.93,0.15,45
28.931,0.15,45
28.932,0.15,45
28.933,0.15,45
28.934,0.15,45
28.935,0.15,45
28.936,0.15,45
28.937,0.15,45
28.938,0.15,45
28.939,0.15,45
28.94,0.15,45
28.941,0.15,45
28.942,0.15,45
28.943,0.15,45
28.944,0.15,45
28.945,0.15,45
28.946,0.15,45
28.947,0.15,45
28.948,0.15,45
28.949,0.15,45
28.95,0.15,45
28.951,0.15,45
28.952,0.15,45
28.953,0.15,45
28.954,0.15,45
28.955,0.15,45
28.956,0.15,45
28.957,0.15,45
28.958,0.15,45
28.959,0.15,45
28.96,0.15,45
28.961,0.15,45
28.962,0.15,45
28.963,0.15,45
28.964,0.15,45
28.965,0.15,45
28.966,0.15,45
28.967,0.15,45
28.968,0.15,45
28.969,0.15,45
28.97,0.15,45
28.971,0.15,45
28.972,0.15,45
28.973,0.15,45
28.974,0.15,45
28.975,0.15,45
28.976,0.15,45
28.977,0.15,45
28.978,0.15,45
28.979,0.15,45
28.98,0.15,45
28.981,0.15,45
28.982,0.15,45
28.983,0.15,45
28.984,0.15,45
28.985,0.15,45
28.986,0.15,45
28.987,0.15,45
28.988,0.15,45
28.989,0.15,45
28.99,0.15,45
28.991,0.15,45
28.992,0.15,45
28.993,0.15,45
28.994,0.15,45
28.995,0.15,45
28.996,0.15,45
28.997,0.15,45
28.998,0.15,45
28.999,0.15,45
29,0.15,45
29.001,0.15,45
29.002,0.15,45
29.003,0.15,45
29.004,0.15,45
29.005,0.15,45
29.006,0.15,45
29.007,0.15,45
29.008,0.15,45
29.009,0.15,45
29.01,0.15,45
29.011,0.15,45
29.012,0.15,45
29.013,0.15,45
29.014,0.15,45
29.015,0.15,45
29.016,0.15,45
29.017,0.15,45
29.018,0.15,45
29.019,0.15,45
29.02,0.15,45
29.021,0.15,45
29.022,0.15,45
29.023,0.15,45
29.024,0.15,45
29.025,0.15,45
29.026,0.15,45
29.027,0.15,45
29.028,0.15,45
29.029,0.15,45
29.03,0.15,45
29.031,0.15,45
29.032,0.15,45
29.033,0.15,45
29.034,0.15,45
29.035,0.15,45
29.036,0.15,45
29.037,0.15,45
29.038,0.15,45
29.039,0.15,45
29.04,0.15,45
29.041,0.15,45
29.042,0.15,45
29.043,0.15,45
29.044,0.15,45
29.045,0.15,45
29.046,0.15,45
29.047,0.15,45
29.048,0.15,45
29.049,0.15,45
29.05,0.15,45
29.051,0.15,45
29.052,0.15,45
29.053,0.15,45
29.054,0.15,45
29.055,0.15,45
29.056,0.15,45
29.057,0.15,45
29.058,0.15,45
29.059,0.15,45
29.06,0.15,45
29.061,0.15,45
29.062,0.15,45
29.063,0.15,45
29.064,0.15,45
29.065,0.15,45
29.066,0.15,45
29.067,0.15,45
29.068,0.15,45
29.069,0.15,45
29.07,0.15,45
29.071,0.15,45
29.072,0.15,45
29.073,0.15,45
29.074,0.15,45
29.075,0.15,45
29.076,0.15,45
29.077,0.15,45
29.078,0.15,45
29.079,0.15,45
29.08,0.15,45
29.081,0.15,45
29.082,0.15,45
29.083,0.15,45
29.084,0.15,45
29.085,0.15,45
29.086,0.15,45
29.087,0.15,45
29.088,0.15,45
29.089,0.15,45
29.09,0.15,45
29.091,0.15,45
29.092,0.15,45
29.093,0.15,45
29.094,0.15,45
29.095,0.15,45
29.096,0.15,45
29.097,0.15,45
29.098,0.15,45
29.099,0.15,45
29.1,0.15,45
29.101,0.15,45
29.102,0.15,45
29.103,0.15,45
29.104,0.15,45
29.105,0.15,45
29.106,0.15,45
29.107,0.15,45
29.108,0.15,45
29.109,0.15,45
29.11,0.15,45
29.111,0.15,45
29.112,0.15,45
29.113,0.15,45
29.114,0.15,45
29.115,0.15,45
29.116,0.15,45
29.117,0.15,45
29.118,0.15,45
29.119,0.15,45
29.12,0.15,45
29.121,0.15,45
29.122,0.15,45
29.123,0.15,45
29.124,0.15,45
29.125,0.15,45
29.126,0.15,45
29.127,0.15,45
29.128,0.15,45
29.129,0.15,45
29.13,0.15,45
29.131,0.15,45
29.132,0.15,45
29.133,0.15,45
29.134,0.15,45
29.135,0.15,45
29.136,0.15,45
29.137,0.15,45
29.138,0.15,45
29.139,0.15,45
29.14,0.15,45
29.141,0.15,45
29.142,0.15,45
29.143,0.15,45
29.144,0.15,45
29.145,0.15,45
29.146,0.15,45
29.147,0.15,45
29.148,0.15,45
29.149,0.15,45
29.15,0.15,45
29.151,0.15,45
29.152,0.15,45
29.153,0.15,45
29.154,0.15,45
29.155,0.15,45
29.156,0.15,45
29.157,0.15,45
29.158,0.15,45
29.159,0.15,45
29.16,0.15,45
29.161,0.15,45
29.162,0.15,45
29.163,0.15,45
29.164,0.15,45
29.165,0.15,45
29.166,0.15,45
29.167,0.15,45
29.168,0.15,45
29.169,0.15,45
29.17,0.15,45
29.171,0.15,45
29.172,0.15,45
29.173,0.15,45
29.174,0.15,45
29.175,0.15,45
29.176,0.15,45
29.177,0.15,45
29.178,0.15,45
29.179,0.15,45
29.18,0.15,45
29.181,0.15,45
29.182,0.15,45
29.183,0.15,45
29.184,0.15,45
29.185,0.15,45
29.186,0.15,45
29.187,0.15,45
29.188,0.15,45
29.189,0.15,45
29.19,0.15,45
29.191,0.15,45
29.192,0.15,45
29.193,0.15,45
29.194,0.15,45
29.195,0.15,45
29.196,0.15,45
29.197,0.15,45
29.198,0.15,45
29.199,0.15,45
29.2,0.15,45
29.201,0.15,45
29.202,0.15,45
29.203,0.15,45
29.204,0.15,45
29.205,0.15,45
29.206,0.15,45
29.207,0.15,45
29.208,0.15,45
29.209,0.15,45
29.21,0.15,45
29.211,0.15,45
29.212,0.15,45
29.213,0.15,45
29.214,0.15,45
29.215,0.15,45
29.216,0.15,45
29.217,0.15,45
29.218,0.15,45
29.219,0.15,45
29.22,0.15,45
29.221,0.15,45
29.222,0.15,45
29.223,0.15,45
29.224,0.15,45
29.225,0.15,45
29.226,0.15,45
29.227,0.15,45
29.228,0.15,45
29.229,0.15,45
29.23,0.15,45
29.231,0.15,45
29.232,0.15,45
29.233,0.15,45
29.234,0.15,45
29.235,0.15,45
29.236,0.15,45
29.237,0.15,45
29.238,0.15,45
29.239,0.15,45
29.24,0.15,45
29.241,0.15,45
29.242,0.15,45
29.243,0.15,45
29.244,0.15,45
29.245,0.15,45
29.246,0.15,45
29.247,0.15,45
29.248,0.15,45
29.249,0.15,45
29.25,0.15,45
29.251,0.15,45
29.252,0.15,45
29.253,0.15,45
29.254,0.15,45
29.255,0.15,45
29.256,0.15,45
29.257,0.15,45
29.258,0.15,45
29.259,0.15,45
29.26,0.15,45
29.261,0.15,45
29.262,0.15,45
29.263,0.15,45
29.264,0.15,45
29.265,0.15,45
29.266,0.15,45
29.267,0.15,45
29.268,0.15,45
29.269,0.15,45
29.27,0.15,45
29.271,0.15,45
29.272,0.15,45
29.273,0.15,45
29.274,0.15,45
29.275,0.15,45
29.276,0.15,45
29.277,0.15,45
29.278,0.15,45
29.279,0.15,45
29.28,0.15,45
29.281,0.15,45
29.282,0.15,45
29.283,0.15,45
29.284,0.15,45
29.285,0.15,45
29.286,0.15,45
29.287,0.15,45
29.288,0.15,45
29.289,0.15,45
29.29,0.15,45
29.291,0.15,45
29.292,0.15,45
29.293,0.15,45
29.294,0.15,45
29.295,0.15,45
29.296,0.15,45
29.297,0.15,45
29.298,0.15,45
29.299,0.15,45
29.3,0.15,45
29.301,0.15,45
29.302,0.15,45
29.303,0.15,45
29.304,0.15,45
29.305,0.15,45
29.306,0.15,45
29.307,0.15,45
29.308,0.15,45
29.309,0.15,45
29.31,0.15,45
29.311,0.15,45
29.312,0.15,45
29.313,0.15,45
29.314,0.15,45
29.315,0.15,45
29.316,0.15,45
29.317,0.15,45
29.318,0.15,45
29.319,0.15,45
29.32,0.15,45
29.321,0.15,45
29.322,0.15,45
29.323,0.15,45
29.324,0.15,45
29.325,0.15,45
29.326,0.15,45
29.327,0.15,45
29.328,0.15,45
29.329,0.15,45
29.33,0.15,45
29.331,0.15,45
29.332,0.15,45
29.333,0.15,45
29.334,0.15,45
29.335,0.15,45
29.336,0.15,45
29.337,0.15,45
29.338,0.15,45
29.339,0.15,45
29.34,0.15,45
29.341,0.15,45
29.342,0.15,45
29.343,0.15,45
29.344,0.15,45
29.345,0.15,45
29.346,0.15,45
29.347,0.15,45
29.348,0.15,45
29.349,0.15,45
29.35,0.15,45
29.351,0.15,45
29.352,0.15,45
29.353,0.15,45
29.354,0.15,45
29.355,0.15,45
29.356,0.15,45
29.357,0.15,45
29.358,0.15,45
29.359,0.15,45
29.36,0.15,45
29.361,0.15,45
29.362,0.15,45
29.363,0.15,45
29.364,0.15,45
29.365,0.15,45
29.366,0.15,45
29.367,0.15,45
29.368,0.15,45
29.369,0.15,45
29.37,0.15,45
29.371,0.15,45
29.372,0.15,45
29.373,0.15,45
29.374,0.15,45
29.375,0.15,45
29.376,0.15,45
29.377,0.15,45
29.378,0.15,45
29.379,0.15,45
29.38,0.15,45
29.381,0.15,45
29.382,0.15,45
29.383,0.15,45
29.384,0.15,45
29.385,0.15,45
29.386,0.15,45
29.387,0.15,45
29.388,0.15,45
29.389,0.15,45
29.39,0.15,45
29.391,0.15,45
29.392,0.15,45
29.393,0.15,45
29.394,0.15,45
29.395,0.15,45
29.396,0.15,45
29.397,0.15,45
29.398,0.15,45
29.399,0.15,45
29.4,0.15,45
29.401,0.15,45
29.402,0.15,45
29.403,0.15,45
29.404,0.15,45
29.405,0.15,45
29.406,0.15,45
29.407,0.15,45
29.408,0.15,45
29.409,0.15,45
29.41,0.15,45
29.411,0.15,45
29.412,0.15,45
29.413,0.15,45
29.414,0.15,45
29.415,0.15,45
29.416,0.15,45
29.417,0.15,45
29.418,0.15,45
29.419,0.15,45
29.42,0.15,45
29.421,0.15,45
29.422,0.15,45
29.423,0.15,45
29.424,0.15,45
29.425,0.15,45
29.426,0.15,45
29.427,0.15,45
29.428,0.15,45
29.429,0.15,45
29.43,0.15,45
29.431,0.15,45
29.432,0.15,45
29.433,0.15,45
29.434,0.15,45
29.435,0.15,45
29.436,0.15,45
29.437,0.15,45
29.438,0.15,45
29.439,0.15,45
29.44,0.15,45
29.441,0.15,45
29.442,0.15,45
29.443,0.15,45
29.444,0.15,45
29.445,0.15,45
29.446,0.15,45
29.447,0.15,45
29.448,0.15,45
29.449,0.15,45
29.45,0.15,45
29.451,0.15,45
29.452,0.15,45
29.453,0.15,45
29.454,0.15,45
29.455,0.15,45
29.456,0.15,45
29.457,0.15,45
29.458,0.15,45
29.459,0.15,45
29.46,0.15,45
29.461,0.15,45
29.462,0.15,45
29.463,0.15,45
29.464,0.15,45
29.465,0.15,45
29.466,0.15,45
29.467,0.15,45
29.468,0.15,45
29.469,0.15,45
29.47,0.15,45
29.471,0.15,45
29.472,0.15,45
29.473,0.15,45
29.474,0.15,45
29.475,0.15,45
29.476,0.15,45
29.477,0.15,45
29.478,0.15,45
29.479,0.15,45
29.48,0.15,45
29.481,0.15,45
29.482,0.15,45
29.483,0.15,45
29.484,0.15,45
29.485,0.15,45
29.486,0.15,45
29.487,0.15,45
29.488,0.15,45
29.489,0.15,45
29.49,0.15,45
29.491,0.15,45
29.492,0.15,45
29.493,0.15,45
29.494,0.15,45
29.495,0.15,45
29.496,0.15,45
29.497,0.15,45
29.498,0.15,45
29.499,0.15,45
29.5,0.15,45
29.501,0.15,45
29.502,0.15,45
29.503,0.15,45
29.504,0.15,45
29.505,0.15,45
29.506,0.15,45
29.507,0.15,45
29.508,0.15,45
29.509,0.15,45
29.51,0.15,45
29.511,0.15,45
29.512,0.15,45
29.513,0.15,45
29.514,0.15,45
29.515,0.15,45
29.516,0.15,45
29.517,0.15,45
29.518,0.15,45
29.519,0.15,45
29.52,0.15,45
29.521,0.15,45
29.522,0.15,45
29.523,0.15,45
29.524,0.15,45
29.525,0.15,45
29.526,0.15,45
29.527,0.15,45
29.528,0.15,45
29.529,0.15,45
29.53,0.15,45
29.531,0.15,45
29.532,0.15,45
29.533,0.15,45
29.534,0.15,45
29.535,0.15,45
29.536,0.15,45
29.537,0.15,45
29.538,0.15,45
29.539,0.15,45
29.54,0.15,45
29.541,0.15,45
29.542,0.15,45
29.543,0.15,45
29.544,0.15,45
29.545,0.15,45
29.546,0.15,45
29.547,0.15,45
29.548,0.15,45
29.549,0.15,45
29.55,0.15,45
29.551,0.15,45
29.552,0.15,45
29.553,0.15,45
29.554,0.15,45
29.555,0.15,45
29.556,0.15,45
29.557,0.15,45
29.558,0.15,45
29.559,0.15,45
29.56,0.15,45
29.561,0.15,45
29.562,0.15,45
29.563,0.15,45
29.564,0.15,45
29.565,0.15,45
29.566,0.15,45
29.567,0.15,45
29.568,0.15,45
29.569,0.15,45
29.57,0.15,45
29.571,0.15,45
29.572,0.15,45
29.573,0.15,45
29.574,0.15,45
29.575,0.15,45
29.576,0.15,45
29.577,0.15,45
29.578,0.15,45
29.579,0.15,45
29.58,0.15,45
29.581,0.15,45
29.582,0.15,45
29.583,0.15,45
29.584,0.15,45
29.585,0.15,45
29.586,0.15,45
29.587,0.15,45
29.588,0.15,45
29.589,0.15,45
29.59,0.15,45
29.591,0.15,45
29.592,0.15,45
29.593,0.15,45
29.594,0.15,45
29.595,0.15,45
29.596,0.15,45
29.597,0.15,45
29.598,0.15,45
29.599,0.15,45
29.6,0.15,45
29.601,0.15,45
29.602,0.15,45
29.603,0.15,45
29.604,0.15,45
29.605,0.15,45
29.606,0.15,45
29.607,0.15,45
29.608,0.15,45
29.609,0.15,45
29.61,0.15,45
29.611,0.15,45
29.612,0.15,45
29.613,0.15,45
29.614,0.15,45
29.615,0.15,45
29.616,0.15,45
29.617,0.15,45
29.618,0.15,45
29.619,0.15,45
29.62,0.15,45
29.621,0.15,45
29.622,0.15,45
29.623,0.15,45
29.624,0.15,45
29.625,0.15,45
29.626,0.15,45
29.627,0.15,45
29.628,0.15,45
29.629,0.15,45
29.63,0.15,45
29.631,0.15,45
29.632,0.15,45
29.633,0.15,45
29.634,0.15,45
29.635,0.15,45
29.636,0.15,45
29.637,0.15,45
29.638,0.15,45
29.639,0.15,45
29.64,0.15,45
29.641,0.15,45
29.642,0.15,45
29.643,0.15,45
29.644,0.15,45
29.645,0.15,45
29.646,0.15,45
29.647,0.15,45
29.648,0.15,45
29.649,0.15,45
29.65,0.15,45
29.651,0.15,45
29.652,0.15,45
29.653,0.15,45
29.654,0.15,45
29.655,0.15,45
29.656,0.15,45
29.657,0.15,45
29.658,0.15,45
29.659,0.15,45
29.66,0.15,45
29.661,0.15,45
29.662,0.15,45
29.663,0.15,45
29.664,0.15,45
29.665,0.15,45
29.666,0.15,45
29.667,0.15,45
29.668,0.15,45
29.669,0.15,45
29.67,0.15,45
29.671,0.15,45
29.672,0.15,45
29.673,0.15,45
29.674,0.15,45
29.675,0.15,45
29.676,0.15,45
29.677,0.15,45
29.678,0.15,45
29.679,0.15,45
29.68,0.15,45
29.681,0.15,45
29.682,0.15,45
29.683,0.15,45
29.684,0.15,45
29.685,0.15,45
29.686,0.15,45
29.687,0.15,45
29.688,0.15,45
29.689,0.15,45
29.69,0.15,45
29.691,0.15,45
29.692,0.15,45
29.693,0.15,45
29.694,0.15,45
29.695,0.15,45
29.696,0.15,45
29.697,0.15,45
29.698,0.15,45
29.699,0.15,45
29.7,0.15,45
29.701,0.15,45
29.702,0.15,45
29.703,0.15,45
29.704,0.15,45
29.705,0.15,45
29.706,0.15,45
29.707,0.15,45
29.708,0.15,45
29.709,0.15,45
29.71,0.15,45
29.711,0.15,45
29.712,0.15,45
29.713,0.15,45
29.714,0.15,45
29.715,0.15,45
29.716,0.15,45
29.717,0.15,45
29.718,0.15,45
29.719,0.15,45
29.72,0.15,45
29.721,0.15,45
29.722,0.15,45
29.723,0.15,45
29.724,0.15,45
29.725,0.15,45
29.726,0.15,45
29.727,0.15,45
29.728,0.15,45
29.729,0.15,45
29.73,0.15,45
29.731,0.15,45
29.732,0.15,45
29.733,0.15,45
29.734,0.15,45
29.735,0.15,45
29.736,0.15,45
29.737,0.15,45
29.738,0.15,45
29.739,0.15,45
29.74,0.15,45
29.741,0.15,45
29.742,0.15,45
29.743,0.15,45
29.744,0.15,45
29.745,0.15,45
29.746,0.15,45
29.747,0.15,45
29.748,0.15,45
29.749,0.15,45
29.75,0.15,45
29.751,0.15,45
29.752,0.15,45
29.753,0.15,45
29.754,0.15,45
29.755,0.15,45
29.756,0.15,45
29.757,0.15,45
29.758,0.15,45
29.759,0.15,45
29.76,0.15,45
29.761,0.15,45
29.762,0.15,45
29.763,0.15,45
29.764,0.15,45
29.765,0.15,45
29.766,0.15,45
29.767,0.15,45
29.768,0.15,45
29.769,0.15,45
29.77,0.15,45
29.771,0.15,45
29.772,0.15,45
29.773,0.15,45
29.774,0.15,45
29.775,0.15,45
29.776,0.15,45
29.777,0.15,45
29.778,0.15,45
29.779,0.15,45
29.78,0.15,45
29.781,0.15,45
29.782,0.15,45
29.783,0.15,45
29.784,0.15,45
29.785,0.15,45
29.786,0.15,45
29.787,0.15,45
29.788,0.15,45
29.789,0.15,45
29.79,0.15,45
29.791,0.15,45
29.792,0.15,45
29.793,0.15,45
29.794,0.15,45
29.795,0.15,45
29.796,0.15,45
29.797,0.15,45
29.798,0.15,45
29.799,0.15,45
29.8,0.15,45
29.801,0.15,45
29.802,0.15,45
29.803,0.15,45
29.804,0.15,45
29.805,0.15,45
29.806,0.15,45
29.807,0.15,45
29.808,0.15,45
29.809,0.15,45
29.81,0.15,45
29.811,0.15,45
29.812,0.15,45
29.813,0.15,45
29.814,0.15,45
29.815,0.15,45
29.816,0.15,45
29.817,0.15,45
29.818,0.15,45
29.819,0.15,45
29.82,0.15,45
29.821,0.15,45
29.822,0.15,45
29.823,0.15,45
29.824,0.15,45
29.825,0.15,45
29.826,0.15,45
29.827,0.15,45
29.828,0.15,45
29.829,0.15,45
29.83,0.15,45
29.831,0.15,45
29.832,0.15,45
29.833,0.15,45
29.834,0.15,45
29.835,0.15,45
29.836,0.15,45
29.837,0.15,45
29.838,0.15,45
29.839,0.15,45
29.84,0.15,45
29.841,0.15,45
29.842,0.15,45
29.843,0.15,45
29.844,0.15,45
29.845,0.15,45
29.846,0.15,45
29.847,0.15,45
29.848,0.15,45
29.849,0.15,45
29.85,0.15,45
29.851,0.15,45
29.852,0.15,45
29.853,0.15,45
29.854,0.15,45
29.855,0.15,45
29.856,0.15,45
29.857,0.15,45
29.858,0.15,45
29.859,0.15,45
29.86,0.15,45
29.861,0.15,45
29.862,0.15,45
29.863,0.15,45
29.864,0.15,45
29.865,0.15,45
29.866,0.15,45
29.867,0.15,45
29.868,0.15,45
29.869,0.15,45
29.87,0.15,45
29.871,0.15,45
29.872,0.15,45
29.873,0.15,45
29.874,0.15,45
29.875,0.15,45
29.876,0.15,45
29.877,0.15,45
29.878,0.15,45
29.879,0.15,45
29.88,0.15,45
29.881,0.15,45
29.882,0.15,45
29.883,0.15,45
29.884,0.15,45
29.885,0.15,45
29.886,0.15,45
29.887,0.15,45
29.888,0.15,45
29.889,0.15,45
29.89,0.15,45
29.891,0.15,45
29.892,0.15,45
29.893,0.15,45
29.894,0.15,45
29.895,0.15,45
29.896,0.15,45
29.897,0.15,45
29.898,0.15,45
29.899,0.15,45
29.9,0.15,45
29.901,0.15,45
29.902,0.15,45
29.903,0.15,45
29.904,0.15,45
29.905,0.15,45
29.906,0.15,45
29.907,0.15,45
29.908,0.15,45
29.909,0.15,45
29.91,0.15,45
29.911,0.15,45
29.912,0.15,45
29.913,0.15,45
29.914,0.15,45
29.915,0.15,45
29.916,0.15,45
29.917,0.15,45
29.918,0.15,45
29.919,0.15,45
29.92,0.15,45
29.921,0.15,45
29.922,0.15,45
29.923,0.15,45
29.924,0.15,45
29.925,0.15,45
29.926,0.15,45
29.927,0.15,45
29.928,0.15,45
29.929,0.15,45
29.93,0.15,45
29.931,0.15,45
29.932,0.15,45
29.933,0.15,45
29.934,0.15,45
29.935,0.15,45
29.936,0.15,45
29.937,0.15,45
29.938,0.15,45
29.939,0.15,45
29.94,0.15,45
29.941,0.15,45
29.942,0.15,45
29.943,0.15,45
29.944,0.15,45
29.945,0.15,45
29.946,0.15,45
29.947,0.15,45
29.948,0.15,45
29.949,0.15,45
29.95,0.15,45
29.951,0.15,45
29.952,0.15,45
29.953,0.15,45
29.954,0.15,45
29.955,0.15,45
29.956,0.15,45
29.957,0.15,45
29.958,0.15,45
29.959,0.15,45
29.96,0.15,45
29.961,0.15,45
29.962,0.15,45
29.963,0.15,45
29.964,0.15,45
29.965,0.15,45
29.966,0.15,45
29.967,0.15,45
29.968,0.15,45
29.969,0.15,45
29.97,0.15,45
29.971,0.15,45
29.972,0.15,45
29.973,0.15,45
29.974,0.15,45
29.975,0.15,45
29.976,0.15,45
29.977,0.15,45
29.978,0.15,45
29.979,0.15,45
29.98,0.15,45
29.981,0.15,45
29.982,0.15,45
29.983,0.15,45
29.984,0.15,45
29.985,0.15,45
29.986,0.15,45
29.987,0.15,45
29.988,0.15,45
29.989,0.15,45
29.99,0.15,45
29.991,0.15,45
29.992,0.15,45
29.993,0.15,45
29.994,0.15,45
29.995,0.15,45
29.996,0.15,45
29.997,0.15,45
29.998,0.15,45
29.999,0.15,45
30,0.15,45
30.001,0.15,45
30.002,0.15,45
30.003,0.15,45
30.004,0.15,45
30.005,0.15,45
30.006,0.15,45
30.007,0.15,45
30.008,0.15,45
30.009,0.15,45
30.01,0.15,45
30.011,0.15,45
30.012,0.15,45
30.013,0.15,45
30.014,0.15,45
30.015,0.15,45
30.016,0.15,45
30.017,0.15,45
30.018,0.15,45
30.019,0.15,45
30.02,0.15,45
30.021,0.15,45
30.022,0.15,45
30.023,0.15,45
30.024,0.15,45
30.025,0.15,45
30.026,0.15,45
30.027,0.15,45
30.028,0.15,45
30.029,0.15,45
30.03,0.15,45
30.031,0.15,45
30.032,0.15,45
30.033,0.15,45
30.034,0.15,45
30.035,0.15,45
30.036,0.15,45
30.037,0.15,45
30.038,0.15,45
30.039,0.15,45
30.04,0.15,45
30.041,0.15,45
30.042,0.15,45
30.043,0.15,45
30.044,0.15,45
30.045,0.15,45
30.046,0.15,45
30.047,0.15,45
30.048,0.15,45
30.049,0.15,45
30.05,0.15,45
30.051,0.15,45
30.052,0.15,45
30.053,0.15,45
30.054,0.15,45
30.055,0.15,45
30.056,0.15,45
30.057,0.15,45
30.058,0.15,45
30.059,0.15,45
30.06,0.15,45
30.061,0.15,45
30.062,0.15,45
30.063,0.15,45
30.064,0.15,45
30.065,0.15,45
30.066,0.15,45
30.067,0.15,45
30.068,0.15,45
30.069,0.15,45
30.07,0.15,45
30.071,0.15,45
30.072,0.15,45
30.073,0.15,45
30.074,0.15,45
30.075,0.15,45
30.076,0.15,45
30.077,0.15,45
30.078,0.15,45
30.079,0.15,45
30.08,0.15,45
30.081,0.15,45
30.082,0.15,45
30.083,0.15,45
30.084,0.15,45
30.085,0.15,45
30.086,0.15,45
30.087,0.15,45
30.088,0.15,45
30.089,0.15,45
30.09,0.15,45
30.091,0.15,45
30.092,0.15,45
30.093,0.15,45
30.094,0.15,45
30.095,0.15,45
30.096,0.15,45
30.097,0.15,45
30.098,0.15,45
30.099,0.15,45
30.1,0.15,45
30.101,0.15,45
30.102,0.15,45
30.103,0.15,45
30.104,0.15,45
30.105,0.15,45
30.106,0.15,45
30.107,0.15,45
30.108,0.15,45
30.109,0.15,45
30.11,0.15,45
30.111,0.15,45
30.112,0.15,45
30.113,0.15,45
30.114,0.15,45
30.115,0.15,45
30.116,0.15,45
30.117,0.15,45
30.118,0.15,45
30.119,0.15,45
30.12,0.15,45
30.121,0.15,45
30.122,0.15,45
30.123,0.15,45
30.124,0.15,45
30.125,0.15,45
30.126,0.15,45
30.127,0.15,45
30.128,0.15,45
30.129,0.15,45
30.13,0.15,45
30.131,0.15,45
30.132,0.15,45
30.133,0.15,45
30.134,0.15,45
30.135,0.15,45
30.136,0.15,45
30.137,0.15,45
30.138,0.15,45
30.139,0.15,45
30.14,0.15,45
30.141,0.15,45
30.142,0.15,45
30.143,0.15,45
30.144,0.15,45
30.145,0.15,45
30.146,0.15,45
30.147,0.15,45
30.148,0.15,45
30.149,0.15,45
30.15,0.15,45
30.151,0.15,45
30.152,0.15,45
30.153,0.15,45
30.154,0.15,45
30.155,0.15,45
30.156,0.15,45
30.157,0.15,45
30.158,0.15,45
30.159,0.15,45
30.16,0.15,45
30.161,0.15,45
30.162,0.15,45
30.163,0.15,45
30.164,0.15,45
30.165,0.15,45
30.166,0.15,45
30.167,0.15,45
30.168,0.15,45
30.169,0.15,45
30.17,0.15,45
30.171,0.15,45
30.172,0.15,45
30.173,0.15,45
30.174,0.15,45
30.175,0.15,45
30.176,0.15,45
30.177,0.15,45
30.178,0.15,45
30.179,0.15,45
30.18,0.15,45
30.181,0.15,45
30.182,0.15,45
30.183,0.15,45
30.184,0.15,45
30.185,0.15,45
30.186,0.15,45
30.187,0.15,45
30.188,0.15,45
30.189,0.15,45
30.19,0.15,45
30.191,0.15,45
30.192,0.15,45
30.193,0.15,45
30.194,0.15,45
30.195,0.15,45
30.196,0.15,45
30.197,0.15,45
30.198,0.15,45
30.199,0.15,45
30.2,0.15,45
30.201,0.15,45
30.202,0.15,45
30.203,0.15,45
30.204,0.15,45
30.205,0.15,45
30.206,0.15,45
30.207,0.15,45
30.208,0.15,45
30.209,0.15,45
30.21,0.15,45
30.211,0.15,45
30.212,0.15,45
30.213,0.15,45
30.214,0.15,45
30.215,0.15,45
30.216,0.15,45
30.217,0.15,45
30.218,0.15,45
30.219,0.15,45
30.22,0.15,45
30.221,0.15,45
30.222,0.15,45
30.223,0.15,45
30.224,0.15,45
30.225,0.15,45
30.226,0.15,45
30.227,0.15,45
30.228,0.15,45
30.229,0.15,45
30.23,0.15,45
30.231,0.15,45
30.232,0.15,45
30.233,0.15,45
30.234,0.15,45
30.235,0.15,45
30.236,0.15,45
30.237,0.15,45
30.238,0.15,45
30.239,0.15,45
30.24,0.15,45
30.241,0.15,45
30.242,0.15,45
30.243,0.15,45
30.244,0.15,45
30.245,0.15,45
30.246,0.15,45
30.247,0.15,45
30.248,0.15,45
30.249,0.15,45
30.25,0.15,45
30.251,0.15,45
30.252,0.15,45
30.253,0.15,45
30.254,0.15,45
30.255,0.15,45
30.256,0.15,45
30.257,0.15,45
30.258,0.15,45
30.259,0.15,45
30.26,0.15,45
30.261,0.15,45
30.262,0.15,45
30.263,0.15,45
30.264,0.15,45
30.265,0.15,45
30.266,0.15,45
30.267,0.15,45
30.268,0.15,45
30.269,0.15,45
30.27,0.15,45
30.271,0.15,45
30.272,0.15,45
30.273,0.15,45
30.274,0.15,45
30.275,0.15,45
30.276,0.15,45
30.277,0.15,45
30.278,0.15,45
30.279,0.15,45
30.28,0.15,45
30.281,0.15,45
30.282,0.15,45
30.283,0.15,45
30.284,0.15,45
30.285,0.15,45
30.286,0.15,45
30.287,0.15,45
30.288,0.15,45
30.289,0.15,45
30.29,0.15,45
30.291,0.15,45
30.292,0.15,45
30.293,0.15,45
30.294,0.15,45
30.295,0.15,45
30.296,0.15,45
30.297,0.15,45
30.298,0.15,45
30.299,0.15,45
30.3,0.15,45
30.301,0.15,45
30.302,0.15,45
30.303,0.15,45
30.304,0.15,45
30.305,0.15,45
30.306,0.15,45
30.307,0.15,45
30.308,0.15,45
30.309,0.15,45
30.31,0.15,45
30.311,0.15,45
30.312,0.15,45
30.313,0.15,45
30.314,0.15,45
30.315,0.15,45
30.316,0.15,45
30.317,0.15,45
30.318,0.15,45
30.319,0.15,45
30.32,0.15,45
30.321,0.15,45
30.322,0.15,45
30.323,0.15,45
30.324,0.15,45
30.325,0.15,45
30.326,0.15,45
30.327,0.15,45
30.328,0.15,45
30.329,0.15,45
30.33,0.15,45
30.331,0.15,45
30.332,0.15,45
30.333,0.15,45
30.334,0.15,45
30.335,0.15,45
30.336,0.15,45
30.337,0.15,45
30.338,0.15,45
30.339,0.15,45
30.34,0.15,45
30.341,0.15,45
30.342,0.15,45
30.343,0.15,45
30.344,0.15,45
30.345,0.15,45
30.346,0.15,45
30.347,0.15,45
30.348,0.15,45
30.349,0.15,45
30.35,0.15,45
30.351,0.15,45
30.352,0.15,45
30.353,0.15,45
30.354,0.15,45
30.355,0.15,45
30.356,0.15,45
30.357,0.15,45
30.358,0.15,45
30.359,0.15,45
30.36,0.15,45
30.361,0.15,45
30.362,0.15,45
30.363,0.15,45
30.364,0.15,45
30.365,0.15,45
30.366,0.15,45
30.367,0.15,45
30.368,0.15,45
30.369,0.15,45
30.37,0.15,45
30.371,0.15,45
30.372,0.15,45
30.373,0.15,45
30.374,0.15,45
30.375,0.15,45
30.376,0.15,45
30.377,0.15,45
30.378,0.15,45
30.379,0.15,45
30.38,0.15,45
30.381,0.15,45
30.382,0.15,45
30.383,0.15,45
30.384,0.15,45
30.385,0.15,45
30.386,0.15,45
30.387,0.15,45
30.388,0.15,45
30.389,0.15,45
30.39,0.15,45
30.391,0.15,45
30.392,0.15,45
30.393,0.15,45
30.394,0.15,45
30.395,0.15,45
30.396,0.15,45
30.397,0.15,45
30.398,0.15,45
30.399,0.15,45
30.4,0.15,45
30.401,0.15,45
30.402,0.15,45
30.403,0.15,45
30.404,0.15,45
30.405,0.15,45
30.406,0.15,45
30.407,0.15,45
30.408,0.15,45
30.409,0.15,45
30.41,0.15,45
30.411,0.15,45
30.412,0.15,45
30.413,0.15,45
30.414,0.15,45
30.415,0.15,45
30.416,0.15,45
30.417,0.15,45
30.418,0.15,45
30.419,0.15,45
30.42,0.15,45
30.421,0.15,45
30.422,0.15,45
30.423,0.15,45
30.424,0.15,45
30.425,0.15,45
30.426,0.15,45
30.427,0.15,45
30.428,0.15,45
30.429,0.15,45
30.43,0.15,45
30.431,0.15,45
30.432,0.15,45
30.433,0.15,45
30.434,0.15,45
30.435,0.15,45
30.436,0.15,45
30.437,0.15,45
30.438,0.15,45
30.439,0.15,45
30.44,0.15,45
30.441,0.15,45
30.442,0.15,45
30.443,0.15,45
30.444,0.15,45
30.445,0.15,45
30.446,0.15,45
30.447,0.15,45
30.448,0.15,45
30.449,0.15,45
30.45,0.15,45
30.451,0.15,45
30.452,0.15,45
30.453,0.15,45
30.454,0.15,45
30.455,0.15,45
30.456,0.15,45
30.457,0.15,45
30.458,0.15,45
30.459,0.15,45
30.46,0.15,45
30.461,0.15,45
30.462,0.15,45
30.463,0.15,45
30.464,0.15,45
30.465,0.15,45
30.466,0.15,45
30.467,0.15,45
30.468,0.15,45
30.469,0.15,45
30.47,0.15,45
30.471,0.15,45
30.472,0.15,45
30.473,0.15,45
30.474,0.15,45
30.475,0.15,45
30.476,0.15,45
30.477,0.15,45
30.478,0.15,45
30.479,0.15,45
30.48,0.15,45
30.481,0.15,45
30.482,0.15,45
30.483,0.15,45
30.484,0.15,45
30.485,0.15,45
30.486,0.15,45
30.487,0.15,45
30.488,0.15,45
30.489,0.15,45
30.49,0.15,45
30.491,0.15,45
30.492,0.15,45
30.493,0.15,45
30.494,0.15,45
30.495,0.15,45
30.496,0.15,45
30.497,0.15,45
30.498,0.15,45
30.499,0.15,45
30.5,0.15,45
30.501,0.15,45
30.502,0.15,45
30.503,0.15,45
30.504,0.15,45
30.505,0.15,45
30.506,0.15,45
30.507,0.15,45
30.508,0.15,45
30.509,0.15,45
30.51,0.15,45
30.511,0.15,45
30.512,0.15,45
30.513,0.15,45
30.514,0.15,45
30.515,0.15,45
30.516,0.15,45
30.517,0.15,45
30.518,0.15,45
30.519,0.15,45
30.52,0.15,45
30.521,0.15,45
30.522,0.15,45
30.523,0.15,45
30.524,0.15,45
30.525,0.15,45
30.526,0.15,45
30.527,0.15,45
30.528,0.15,45
30.529,0.15,45
30.53,0.15,45
30.531,0.15,45
30.532,0.15,45
30.533,0.15,45
30.534,0.15,45
30.535,0.15,45
30.536,0.15,45
30.537,0.15,45
30.538,0.15,45
30.539,0.15,45
30.54,0.15,45
30.541,0.15,45
30.542,0.15,45
30.543,0.15,45
30.544,0.15,45
30.545,0.15,45
30.546,0.15,45
30.547,0.15,45
30.548,0.15,45
30.549,0.15,45
30.55,0.15,45
30.551,0.15,45
30.552,0.15,45
30.553,0.15,45
30.554,0.15,45
30.555,0.15,45
30.556,0.15,45
30.557,0.15,45
30.558,0.15,45
30.559,0.15,45
30.56,0.15,45
30.561,0.15,45
30.562,0.15,45
30.563,0.15,45
30.564,0.15,45
30.565,0.15,45
30.566,0.15,45
30.567,0.15,45
30.568,0.15,45
30.569,0.15,45
30.57,0.15,45
30.571,0.15,45
30.572,0.15,45
30.573,0.15,45
30.574,0.15,45
30.575,0.15,45
30.576,0.15,45
30.577,0.15,45
30.578,0.15,45
30.579,0.15,45
30.58,0.15,45
30.581,0.15,45
30.582,0.15,45
30.583,0.15,45
30.584,0.15,45
30.585,0.15,45
30.586,0.15,45
30.587,0.15,45
30.588,0.15,45
30.589,0.15,45
30.59,0.15,45
30.591,0.15,45
30.592,0.15,45
30.593,0.15,45
30.594,0.15,45
30.595,0.15,45
30.596,0.15,45
30.597,0.15,45
30.598,0.15,45
30.599,0.15,45
30.6,0.15,45
30.601,0.15,45
30.602,0.15,45
30.603,0.15,45
30.604,0.15,45
30.605,0.15,45
30.606,0.15,45
30.607,0.15,45
30.608,0.15,45
30.609,0.15,45
30.61,0.15,45
30.611,0.15,45
30.612,0.15,45
30.613,0.15,45
30.614,0.15,45
30.615,0.15,45
30.616,0.15,45
30.617,0.15,45
30.618,0.15,45
30.619,0.15,45
30.62,0.15,45
30.621,0.15,45
30.622,0.15,45
30.623,0.15,45
30.624,0.15,45
30.625,0.15,45
30.626,0.15,45
30.627,0.15,45
30.628,0.15,45
30.629,0.15,45
30.63,0.15,45
30.631,0.15,45
30.632,0.15,45
30.633,0.15,45
30.634,0.15,45
30.635,0.15,45
30.636,0.15,45
30.637,0.15,45
30.638,0.15,45
30.639,0.15,45
30.64,0.15,45
30.641,0.15,45
30.642,0.15,45
30.643,0.15,45
30.644,0.15,45
30.645,0.15,45
30.646,0.15,45
30.647,0.15,45
30.648,0.15,45
30.649,0.15,45
30.65,0.15,45
30.651,0.15,45
30.652,0.15,45
30.653,0.15,45
30.654,0.15,45
30.655,0.15,45
30.656,0.15,45
30.657,0.15,45
30.658,0.15,45
30.659,0.15,45
30.66,0.15,45
30.661,0.15,45
30.662,0.15,45
30.663,0.15,45
30.664,0.15,45
30.665,0.15,45
30.666,0.15,45
30.667,0.15,45
30.668,0.15,45
30.669,0.15,45
30.67,0.15,45
30.671,0.15,45
30.672,0.15,45
30.673,0.15,45
30.674,0.15,45
30.675,0.15,45
30.676,0.15,45
30.677,0.15,45
30.678,0.15,45
30.679,0.15,45
30.68,0.15,45
30.681,0.15,45
30.682,0.15,45
30.683,0.15,45
30.684,0.15,45
30.685,0.15,45
30.686,0.15,45
30.687,0.15,45
30.688,0.15,45
30.689,0.15,45
30.69,0.15,45
30.691,0.15,45
30.692,0.15,45
30.693,0.15,45
30.694,0.15,45
30.695,0.15,45
30.696,0.15,45
30.697,0.15,45
30.698,0.15,45
30.699,0.15,45
30.7,0.15,45
30.701,0.15,45
30.702,0.15,45
30.703,0.15,45
30.704,0.15,45
30.705,0.15,45
30.706,0.15,45
30.707,0.15,45
30.708,0.15,45
30.709,0.15,45
30.71,0.15,45
30.711,0.15,45
30.712,0.15,45
30.713,0.15,45
30.714,0.15,45
30.715,0.15,45
30.716,0.15,45
30.717,0.15,45
30.718,0.15,45
30.719,0.15,45
30.72,0.15,45
30.721,0.15,45
30.722,0.15,45
30.723,0.15,45
30.724,0.15,45
30.725,0.15,45
30.726,0.15,45
30.727,0.15,45
30.728,0.15,45
30.729,0.15,45
30.73,0.15,45
30.731,0.15,45
30.732,0.15,45
30.733,0.15,45
30.734,0.15,45
30.735,0.15,45
30.736,0.15,45
30.737,0.15,45
30.738,0.15,45
30.739,0.15,45
30.74,0.15,45
30.741,0.15,45
30.742,0.15,45
30.743,0.15,45
30.744,0.15,45
30.745,0.15,45
30.746,0.15,45
30.747,0.15,45
30.748,0.15,45
30.749,0.15,45
30.75,0.15,45
30.751,0.15,45
30.752,0.15,45
30.753,0.15,45
30.754,0.15,45
30.755,0.15,45
30.756,0.15,45
30.757,0.15,45
30.758,0.15,45
30.759,0.15,45
30.76,0.15,45
30.761,0.15,45
30.762,0.15,45
30.763,0.15,45
30.764,0.15,45
30.765,0.15,45
30.766,0.15,45
30.767,0.15,45
30.768,0.15,45
30.769,0.15,45
30.77,0.15,45
30.771,0.15,45
30.772,0.15,45
30.773,0.15,45
30.774,0.15,45
30.775,0.15,45
30.776,0.15,45
30.777,0.15,45
30.778,0.15,45
30.779,0.15,45
30.78,0.15,45
30.781,0.15,45
30.782,0.15,45
30.783,0.15,45
30.784,0.15,45
30.785,0.15,45
30.786,0.15,45
30.787,0.15,45
30.788,0.15,45
30.789,0.15,45
30.79,0.15,45
30.791,0.15,45
30.792,0.15,45
30.793,0.15,45
30.794,0.15,45
30.795,0.15,45
30.796,0.15,45
30.797,0.15,45
30.798,0.15,45
30.799,0.15,45
30.8,0.15,45
30.801,0.15,45
30.802,0.15,45
30.803,0.15,45
30.804,0.15,45
30.805,0.15,45
30.806,0.15,45
30.807,0.15,45
30.808,0.15,45
30.809,0.15,45
30.81,0.15,45
30.811,0.15,45
30.812,0.15,45
30.813,0.15,45
30.814,0.15,45
30.815,0.15,45
30.816,0.15,45
30.817,0.15,45
30.818,0.15,45
30.819,0.15,45
30.82,0.15,45
30.821,0.15,45
30.822,0.15,45
30.823,0.15,45
30.824,0.15,45
30.825,0.15,45
30.826,0.15,45
30.827,0.15,45
30.828,0.15,45
30.829,0.15,45
30.83,0.15,45
30.831,0.15,45
30.832,0.15,45
30.833,0.15,45
30.834,0.15,45
30.835,0.15,45
30.836,0.15,45
30.837,0.15,45
30.838,0.15,45
30.839,0.15,45
30.84,0.15,45
30.841,0.15,45
30.842,0.15,45
30.843,0.15,45
30.844,0.15,45
30.845,0.15,45
30.846,0.15,45
30.847,0.15,45
30.848,0.15,45
30.849,0.15,45
30.85,0.15,45
30.851,0.15,45
30.852,0.15,45
30.853,0.15,45
30.854,0.15,45
30.855,0.15,45
30.856,0.15,45
30.857,0.15,45
30.858,0.15,45
30.859,0.15,45
30.86,0.15,45
30.861,0.15,45
30.862,0.15,45
30.863,0.15,45
30.864,0.15,45
30.865,0.15,45
30.866,0.15,45
30.867,0.15,45
30.868,0.15,45
30.869,0.15,45
30.87,0.15,45
30.871,0.15,45
30.872,0.15,45
30.873,0.15,45
30.874,0.15,45
30.875,0.15,45
30.876,0.15,45
30.877,0.15,45
30.878,0.15,45
30.879,0.15,45
30.88,0.15,45
30.881,0.15,45
30.882,0.15,45
30.883,0.15,45
30.884,0.15,45
30.885,0.15,45
30.886,0.15,45
30.887,0.15,45
30.888,0.15,45
30.889,0.15,45
30.89,0.15,45
30.891,0.15,45
30.892,0.15,45
30.893,0.15,45
30.894,0.15,45
30.895,0.15,45
30.896,0.15,45
30.897,0.15,45
30.898,0.15,45
30.899,0.15,45
30.9,0.15,45
30.901,0.15,45
30.902,0.15,45
30.903,0.15,45
30.904,0.15,45
30.905,0.15,45
30.906,0.15,45
30.907,0.15,45
30.908,0.15,45
30.909,0.15,45
30.91,0.15,45
30.911,0.15,45
30.912,0.15,45
30.913,0.15,45
30.914,0.15,45
30.915,0.15,45
30.916,0.15,45
30.917,0.15,45
30.918,0.15,45
30.919,0.15,45
30.92,0.15,45
30.921,0.15,45
30.922,0.15,45
30.923,0.15,45
30.924,0.15,45
30.925,0.15,45
30.926,0.15,45
30.927,0.15,45
30.928,0.15,45
30.929,0.15,45
30.93,0.15,45
30.931,0.15,45
30.932,0.15,45
30.933,0.15,45
30.934,0.15,45
30.935,0.15,45
30.936,0.15,45
30.937,0.15,45
30.938,0.15,45
30.939,0.15,45
30.94,0.15,45
30.941,0.15,45
30.942,0.15,45
30.943,0.15,45
30.944,0.15,45
30.945,0.15,45
30.946,0.15,45
30.947,0.15,45
30.948,0.15,45
30.949,0.15,45
30.95,0.15,45
30.951,0.15,45
30.952,0.15,45
30.953,0.15,45
30.954,0.15,45
30.955,0.15,45
30.956,0.15,45
30.957,0.15,45
30.958,0.15,45
30.959,0.15,45
30.96,0.15,45
30.961,0.15,45
30.962,0.15,45
30.963,0.15,45
30.964,0.15,45
30.965,0.15,45
30.966,0.15,45
30.967,0.15,45
30.968,0.15,45
30.969,0.15,45
30.97,0.15,45
30.971,0.15,45
30.972,0.15,45
30.973,0.15,45
30.974,0.15,45
30.975,0.15,45
30.976,0.15,45
30.977,0.15,45
30.978,0.15,45
30.979,0.15,45
30.98,0.15,45
30.981,0.15,45
30.982,0.15,45
30.983,0.15,45
30.984,0.15,45
30.985,0.15,45
30.986,0.15,45
30.987,0.15,45
30.988,0.15,45
30.989,0.15,45
30.99,0.15,45
30.991,0.15,45
30.992,0.15,45
30.993,0.15,45
30.994,0.15,45
30.995,0.15,45
30.996,0.15,45
30.997,0.15,45
30.998,0.15,45
30.999,0.15,45
31,0.15,45
31.001,0.15,45
31.002,0.15,45
31.003,0.15,45
31.004,0.15,45
31.005,0.15,45
31.006,0.15,45
31.007,0.15,45
31.008,0.15,45
31.009,0.15,45
31.01,0.15,45
31.011,0.15,45
31.012,0.15,45
31.013,0.15,45
31.014,0.15,45
31.015,0.15,45
31.016,0.15,45
31.017,0.15,45
31.018,0.15,45
31.019,0.15,45
31.02,0.15,45
31.021,0.15,45
31.022,0.15,45
31.023,0.15,45
31.024,0.15,45
31.025,0.15,45
31.026,0.15,45
31.027,0.15,45
31.028,0.15,45
31.029,0.15,45
31.03,0.15,45
31.031,0.15,45
31.032,0.15,45
31.033,0.15,45
31.034,0.15,45
31.035,0.15,45
31.036,0.15,45
31.037,0.15,45
31.038,0.15,45
31.039,0.15,45
31.04,0.15,45
31.041,0.15,45
31.042,0.15,45
31.043,0.15,45
31.044,0.15,45
31.045,0.15,45
31.046,0.15,45
31.047,0.15,45
31.048,0.15,45
31.049,0.15,45
31.05,0.15,45
31.051,0.15,45
31.052,0.15,45
31.053,0.15,45
31.054,0.15,45
31.055,0.15,45
31.056,0.15,45
31.057,0.15,45
31.058,0.15,45
31.059,0.15,45
31.06,0.15,45
31.061,0.15,45
31.062,0.15,45
31.063,0.15,45
31.064,0.15,45
31.065,0.15,45
31.066,0.15,45
31.067,0.15,45
31.068,0.15,45
31.069,0.15,45
31.07,0.15,45
31.071,0.15,45
31.072,0.15,45
31.073,0.15,45
31.074,0.15,45
31.075,0.15,45
31.076,0.15,45
31.077,0.15,45
31.078,0.15,45
31.079,0.15,45
31.08,0.15,45
31.081,0.15,45
31.082,0.15,45
31.083,0.15,45
31.084,0.15,45
31.085,0.15,45
31.086,0.15,45
31.087,0.15,45
31.088,0.15,45
31.089,0.15,45
31.09,0.15,45
31.091,0.15,45
31.092,0.15,45
31.093,0.15,45
31.094,0.15,45
31.095,0.15,45
31.096,0.15,45
31.097,0.15,45
31.098,0.15,45
31.099,0.15,45
31.1,0.15,45
31.101,0.15,45
31.102,0.15,45
31.103,0.15,45
31.104,0.15,45
31.105,0.15,45
31.106,0.15,45
31.107,0.15,45
31.108,0.15,45
31.109,0.15,45
31.11,0.15,45
31.111,0.15,45
31.112,0.15,45
31.113,0.15,45
31.114,0.15,45
31.115,0.15,45
31.116,0.15,45
31.117,0.15,45
31.118,0.15,45
31.119,0.15,45
31.12,0.15,45
31.121,0.15,45
31.122,0.15,45
31.123,0.15,45
31.124,0.15,45
31.125,0.15,45
31.126,0.15,45
31.127,0.15,45
31.128,0.15,45
31.129,0.15,45
31.13,0.15,45
31.131,0.15,45
31.132,0.15,45
31.133,0.15,45
31.134,0.15,45
31.135,0.15,45
31.136,0.15,45
31.137,0.15,45
31.138,0.15,45
31.139,0.15,45
31.14,0.15,45
31.141,0.15,45
31.142,0.15,45
31.143,0.15,45
31.144,0.15,45
31.145,0.15,45
31.146,0.15,45
31.147,0.15,45
31.148,0.15,45
31.149,0.15,45
31.15,0.15,45
31.151,0.15,45
31.152,0.15,45
31.153,0.15,45
31.154,0.15,45
31.155,0.15,45
31.156,0.15,45
31.157,0.15,45
31.158,0.15,45
31.159,0.15,45
31.16,0.15,45
31.161,0.15,45
31.162,0.15,45
31.163,0.15,45
31.164,0.15,45
31.165,0.15,45
31.166,0.15,45
31.167,0.15,45
31.168,0.15,45
31.169,0.15,45
31.17,0.15,45
31.171,0.15,45
31.172,0.15,45
31.173,0.15,45
31.174,0.15,45
31.175,0.15,45
31.176,0.15,45
31.177,0.15,45
31.178,0.15,45
31.179,0.15,45
31.18,0.15,45
31.181,0.15,45
31.182,0.15,45
31.183,0.15,45
31.184,0.15,45
31.185,0.15,45
31.186,0.15,45
31.187,0.15,45
31.188,0.15,45
31.189,0.15,45
31.19,0.15,45
31.191,0.15,45
31.192,0.15,45
31.193,0.15,45
31.194,0.15,45
31.195,0.15,45
31.196,0.15,45
31.197,0.15,45
31.198,0.15,45
31.199,0.15,45
31.2,0.15,45
31.201,0.15,45
31.202,0.15,45
31.203,0.15,45
31.204,0.15,45
31.205,0.15,45
31.206,0.15,45
31.207,0.15,45
31.208,0.15,45
31.209,0.15,45
31.21,0.15,45
31.211,0.15,45
31.212,0.15,45
31.213,0.15,45
31.214,0.15,45
31.215,0.15,45
31.216,0.15,45
31.217,0.15,45
31.218,0.15,45
31.219,0.15,45
31.22,0.15,45
31.221,0.15,45
31.222,0.15,45
31.223,0.15,45
31.224,0.15,45
31.225,0.15,45
31.226,0.15,45
31.227,0.15,45
31.228,0.15,45
31.229,0.15,45
31.23,0.15,45
31.231,0.15,45
31.232,0.15,45
31.233,0.15,45
31.234,0.15,45
31.235,0.15,45
31.236,0.15,45
31.237,0.15,45
31.238,0.15,45
31.239,0.15,45
31.24,0.15,45
31.241,0.15,45
31.242,0.15,45
31.243,0.15,45
31.244,0.15,45
31.245,0.15,45
31.246,0.15,45
31.247,0.15,45
31.248,0.15,45
31.249,0.15,45
31.25,0.15,45
31.251,0.15,45
31.252,0.15,45
31.253,0.15,45
31.254,0.15,45
31.255,0.15,45
31.256,0.15,45
31.257,0.15,45
31.258,0.15,45
31.259,0.15,45
31.26,0.15,45
31.261,0.15,45
31.262,0.15,45
31.263,0.15,45
31.264,0.15,45
31.265,0.15,45
31.266,0.15,45
31.267,0.15,45
31.268,0.15,45
31.269,0.15,45
31.27,0.15,45
31.271,0.15,45
31.272,0.15,45
31.273,0.15,45
31.274,0.15,45
31.275,0.15,45
31.276,0.15,45
31.277,0.15,45
31.278,0.15,45
31.279,0.15,45
31.28,0.15,45
31.281,0.15,45
31.282,0.15,45
31.283,0.15,45
31.284,0.15,45
31.285,0.15,45
31.286,0.15,45
31.287,0.15,45
31.288,0.15,45
31.289,0.15,45
31.29,0.15,45
31.291,0.15,45
31.292,0.15,45
31.293,0.15,45
31.294,0.15,45
31.295,0.15,45
31.296,0.15,45
31.297,0.15,45
31.298,0.15,45
31.299,0.15,45
31.3,0.15,45
31.301,0.15,45
31.302,0.15,45
31.303,0.15,45
31.304,0.15,45
31.305,0.15,45
31.306,0.15,45
31.307,0.15,45
31.308,0.15,45
31.309,0.15,45
31.31,0.15,45
31.311,0.15,45
31.312,0.15,45
31.313,0.15,45
31.314,0.15,45
31.315,0.15,45
31.316,0.15,45
31.317,0.15,45
31.318,0.15,45
31.319,0.15,45
31.32,0.15,45
31.321,0.15,45
31.322,0.15,45
31.323,0.15,45
31.324,0.15,45
31.325,0.15,45
31.326,0.15,45
31.327,0.15,45
31.328,0.15,45
31.329,0.15,45
31.33,0.15,45
31.331,0.15,45
31.332,0.15,45
31.333,0.15,45
31.334,0.15,45
31.335,0.15,45
31.336,0.15,45
31.337,0.15,45
31.338,0.15,45
31.339,0.15,45
31.34,0.15,45
31.341,0.15,45
31.342,0.15,45
31.343,0.15,45
31.344,0.15,45
31.345,0.15,45
31.346,0.15,45
31.347,0.15,45
31.348,0.15,45
31.349,0.15,45
31.35,0.15,45
31.351,0.15,45
31.352,0.15,45
31.353,0.15,45
31.354,0.15,45
31.355,0.15,45
31.356,0.15,45
31.357,0.15,45
31.358,0.15,45
31.359,0.15,45
31.36,0.15,45
31.361,0.15,45
31.362,0.15,45
31.363,0.15,45
31.364,0.15,45
31.365,0.15,45
31.366,0.15,45
31.367,0.15,45
31.368,0.15,45
31.369,0.15,45
31.37,0.15,45
31.371,0.15,45
31.372,0.15,45
31.373,0.15,45
31.374,0.15,45
31.375,0.15,45
31.376,0.15,45
31.377,0.15,45
31.378,0.15,45
31.379,0.15,45
31.38,0.15,45
31.381,0.15,45
31.382,0.15,45
31.383,0.15,45
31.384,0.15,45
31.385,0.15,45
31.386,0.15,45
31.387,0.15,45
31.388,0.15,45
31.389,0.15,45
31.39,0.15,45
31.391,0.15,45
31.392,0.15,45
31.393,0.15,45
31.394,0.15,45
31.395,0.15,45
31.396,0.15,45
31.397,0.15,45
31.398,0.15,45
31.399,0.15,45
31.4,0.15,45
31.401,0.15,45
31.402,0.15,45
31.403,0.15,45
31.404,0.15,45
31.405,0.15,45
31.406,0.15,45
31.407,0.15,45
31.408,0.15,45
31.409,0.15,45
31.41,0.15,45
31.411,0.15,45
31.412,0.15,45
31.413,0.15,45
31.414,0.15,45
31.415,0.15,45
31.416,0.15,45
31.417,0.15,45
31.418,0.15,45
31.419,0.15,45
31.42,0.15,45
31.421,0.15,45
31.422,0.15,45
31.423,0.15,45
31.424,0.15,45
31.425,0.15,45
31.426,0.15,45
31.427,0.15,45
31.428,0.15,45
31.429,0.15,45
31.43,0.15,45
31.431,0.15,45
31.432,0.15,45
31.433,0.15,45
31.434,0.15,45
31.435,0.15,45
31.436,0.15,45
31.437,0.15,45
31.438,0.15,45
31.439,0.15,45
31.44,0.15,45
31.441,0.15,45
31.442,0.15,45
31.443,0.15,45
31.444,0.15,45
31.445,0.15,45
31.446,0.15,45
31.447,0.15,45
31.448,0.15,45
31.449,0.15,45
31.45,0.15,45
31.451,0.15,45
31.452,0.15,45
31.453,0.15,45
31.454,0.15,45
31.455,0.15,45
31.456,0.15,45
31.457,0.15,45
31.458,0.15,45
31.459,0.15,45
31.46,0.15,45
31.461,0.15,45
31.462,0.15,45
31.463,0.15,45
31.464,0.15,45
31.465,0.15,45
31.466,0.15,45
31.467,0.15,45
31.468,0.15,45
31.469,0.15,45
31.47,0.15,45
31.471,0.15,45
31.472,0.15,45
31.473,0.15,45
31.474,0.15,45
31.475,0.15,45
31.476,0.15,45
31.477,0.15,45
31.478,0.15,45
31.479,0.15,45
31.48,0.15,45
31.481,0.15,45
31.482,0.15,45
31.483,0.15,45
31.484,0.15,45
31.485,0.15,45
31.486,0.15,45
31.487,0.15,45
31.488,0.15,45
31.489,0.15,45
31.49,0.15,45
31.491,0.15,45
31.492,0.15,45
31.493,0.15,45
31.494,0.15,45
31.495,0.15,45
31.496,0.15,45
31.497,0.15,45
31.498,0.15,45
31.499,0.15,45
31.5,0.15,45
31.501,0.15,45
31.502,0.15,45
31.503,0.15,45
31.504,0.15,45
31.505,0.15,45
31.506,0.15,45
31.507,0.15,45
31.508,0.15,45
31.509,0.15,45
31.51,0.15,45
31.511,0.15,45
31.512,0.15,45
31.513,0.15,45
31.514,0.15,45
31.515,0.15,45
31.516,0.15,45
31.517,0.15,45
31.518,0.15,45
31.519,0.15,45
31.52,0.15,45
31.521,0.15,45
31.522,0.15,45
31.523,0.15,45
31.524,0.15,45
31.525,0.15,45
31.526,0.15,45
31.527,0.15,45
31.528,0.15,45
31.529,0.15,45
31.53,0.15,45
31.531,0.15,45
31.532,0.15,45
31.533,0.15,45
31.534,0.15,45
31.535,0.15,45
31.536,0.15,45
31.537,0.15,45
31.538,0.15,45
31.539,0.15,45
31.54,0.15,45
31.541,0.15,45
31.542,0.15,45
31.543,0.15,45
31.544,0.15,45
31.545,0.15,45
31.546,0.15,45
31.547,0.15,45
31.548,0.15,45
31.549,0.15,45
31.55,0.15,45
31.551,0.15,45
31.552,0.15,45
31.553,0.15,45
31.554,0.15,45
31.555,0.15,45
31.556,0.15,45
31.557,0.15,45
31.558,0.15,45
31.559,0.15,45
31.56,0.15,45
31.561,0.15,45
31.562,0.15,45
31.563,0.15,45
31.564,0.15,45
31.565,0.15,45
31.566,0.15,45
31.567,0.15,45
31.568,0.15,45
31.569,0.15,45
31.57,0.15,45
31.571,0.15,45
31.572,0.15,45
31.573,0.15,45
31.574,0.15,45
31.575,0.15,45
31.576,0.15,45
31.577,0.15,45
31.578,0.15,45
31.579,0.15,45
31.58,0.15,45
31.581,0.15,45
31.582,0.15,45
31.583,0.15,45
31.584,0.15,45
31.585,0.15,45
31.586,0.15,45
31.587,0.15,45
31.588,0.15,45
31.589,0.15,45
31.59,0.15,45
31.591,0.15,45
31.592,0.15,45
31.593,0.15,45
31.594,0.15,45
31.595,0.15,45
31.596,0.15,45
31.597,0.15,45
31.598,0.15,45
31.599,0.15,45
31.6,0.15,45
31.601,0.15,45
31.602,0.15,45
31.603,0.15,45
31.604,0.15,45
31.605,0.15,45
31.606,0.15,45
31.607,0.15,45
31.608,0.15,45
31.609,0.15,45
31.61,0.15,45
31.611,0.15,45
31.612,0.15,45
31.613,0.15,45
31.614,0.15,45
31.615,0.15,45
31.616,0.15,45
31.617,0.15,45
31.618,0.15,45
31.619,0.15,45
31.62,0.15,45
31.621,0.15,45
31.622,0.15,45
31.623,0.15,45
31.624,0.15,45
31.625,0.15,45
31.626,0.15,45
31.627,0.15,45
31.628,0.15,45
31.629,0.15,45
31.63,0.15,45
31.631,0.15,45
31.632,0.15,45
31.633,0.15,45
31.634,0.15,45
31.635,0.15,45
31.636,0.15,45
31.637,0.15,45
31.638,0.15,45
31.639,0.15,45
31.64,0.15,45
31.641,0.15,45
31.642,0.15,45
31.643,0.15,45
31.644,0.15,45
31.645,0.15,45
31.646,0.15,45
31.647,0.15,45
31.648,0.15,45
31.649,0.15,45
31.65,0.15,45
31.651,0.15,45
31.652,0.15,45
31.653,0.15,45
31.654,0.15,45
31.655,0.15,45
31.656,0.15,45
31.657,0.15,45
31.658,0.15,45
31.659,0.15,45
31.66,0.15,45
31.661,0.15,45
31.662,0.15,45
31.663,0.15,45
31.664,0.15,45
31.665,0.15,45
31.666,0.15,45
31.667,0.15,45
31.668,0.15,45
31.669,0.15,45
31.67,0.15,45
31.671,0.15,45
31.672,0.15,45
31.673,0.15,45
31.674,0.15,45
31.675,0.15,45
31.676,0.15,45
31.677,0.15,45
31.678,0.15,45
31.679,0.15,45
31.68,0.15,45
31.681,0.15,45
31.682,0.15,45
31.683,0.15,45
31.684,0.15,45
31.685,0.15,45
31.686,0.15,45
31.687,0.15,45
31.688,0.15,45
31.689,0.15,45
31.69,0.15,45
31.691,0.15,45
31.692,0.15,45
31.693,0.15,45
31.694,0.15,45
31.695,0.15,45
31.696,0.15,45
31.697,0.15,45
31.698,0.15,45
31.699,0.15,45
31.7,0.15,45
31.701,0.15,45
31.702,0.15,45
31.703,0.15,45
31.704,0.15,45
31.705,0.15,45
31.706,0.15,45
31.707,0.15,45
31.708,0.15,45
31.709,0.15,45
31.71,0.15,45
31.711,0.15,45
31.712,0.15,45
31.713,0.15,45
31.714,0.15,45
31.715,0.15,45
31.716,0.15,45
31.717,0.15,45
31.718,0.15,45
31.719,0.15,45
31.72,0.15,45
31.721,0.15,45
31.722,0.15,45
31.723,0.15,45
31.724,0.15,45
31.725,0.15,45
31.726,0.15,45
31.727,0.15,45
31.728,0.15,45
31.729,0.15,45
31.73,0.15,45
31.731,0.15,45
31.732,0.15,45
31.733,0.15,45
31.734,0.15,45
31.735,0.15,45
31.736,0.15,45
31.737,0.15,45
31.738,0.15,45
31.739,0.15,45
31.74,0.15,45
31.741,0.15,45
31.742,0.15,45
31.743,0.15,45
31.744,0.15,45
31.745,0.15,45
31.746,0.15,45
31.747,0.15,45
31.748,0.15,45
31.749,0.15,45
31.75,0.15,45
31.751,0.15,45
31.752,0.15,45
31.753,0.15,45
31.754,0.15,45
31.755,0.15,45
31.756,0.15,45
31.757,0.15,45
31.758,0.15,45
31.759,0.15,45
31.76,0.15,45
31.761,0.15,45
31.762,0.15,45
31.763,0.15,45
31.764,0.15,45
31.765,0.15,45
31.766,0.15,45
31.767,0.15,45
31.768,0.15,45
31.769,0.15,45
31.77,0.15,45
31.771,0.15,45
31.772,0.15,45
31.773,0.15,45
31.774,0.15,45
31.775,0.15,45
31.776,0.15,45
31.777,0.15,45
31.778,0.15,45
31.779,0.15,45
31.78,0.15,45
31.781,0.15,45
31.782,0.15,45
31.783,0.15,45
31.784,0.15,45
31.785,0.15,45
31.786,0.15,45
31.787,0.15,45
31.788,0.15,45
31.789,0.15,45
31.79,0.15,45
31.791,0.15,45
31.792,0.15,45
31.793,0.15,45
31.794,0.15,45
31.795,0.15,45
31.796,0.15,45
31.797,0.15,45
31.798,0.15,45
31.799,0.15,45
31.8,0.15,45
31.801,0.15,45
31.802,0.15,45
31.803,0.15,45
31.804,0.15,45
31.805,0.15,45
31.806,0.15,45
31.807,0.15,45
31.808,0.15,45
31.809,0.15,45
31.81,0.15,45
31.811,0.15,45
31.812,0.15,45
31.813,0.15,45
31.814,0.15,45
31.815,0.15,45
31.816,0.15,45
31.817,0.15,45
31.818,0.15,45
31.819,0.15,45
31.82,0.15,45
31.821,0.15,45
31.822,0.15,45
31.823,0.15,45
31.824,0.15,45
31.825,0.15,45
31.826,0.15,45
31.827,0.15,45
31.828,0.15,45
31.829,0.15,45
31.83,0.15,45
31.831,0.15,45
31.832,0.15,45
31.833,0.15,45
31.834,0.15,45
31.835,0.15,45
31.836,0.15,45
31.837,0.15,45
31.838,0.15,45
31.839,0.15,45
31.84,0.15,45
31.841,0.15,45
31.842,0.15,45
31.843,0.15,45
31.844,0.15,45
31.845,0.15,45
31.846,0.15,45
31.847,0.15,45
31.848,0.15,45
31.849,0.15,45
31.85,0.15,45
31.851,0.15,45
31.852,0.15,45
31.853,0.15,45
31.854,0.15,45
31.855,0.15,45
31.856,0.15,45
31.857,0.15,45
31.858,0.15,45
31.859,0.15,45
31.86,0.15,45
31.861,0.15,45
31.862,0.15,45
31.863,0.15,45
31.864,0.15,45
31.865,0.15,45
31.866,0.15,45
31.867,0.15,45
31.868,0.15,45
31.869,0.15,45
31.87,0.15,45
31.871,0.15,45
31.872,0.15,45
31.873,0.15,45
31.874,0.15,45
31.875,0.15,45
31.876,0.15,45
31.877,0.15,45
31.878,0.15,45
31.879,0.15,45
31.88,0.15,45
31.881,0.15,45
31.882,0.15,45
31.883,0.15,45
31.884,0.15,45
31.885,0.15,45
31.886,0.15,45
31.887,0.15,45
31.888,0.15,45
31.889,0.15,45
31.89,0.15,45
31.891,0.15,45
31.892,0.15,45
31.893,0.15,45
31.894,0.15,45
31.895,0.15,45
31.896,0.15,45
31.897,0.15,45
31.898,0.15,45
31.899,0.15,45
31.9,0.15,45
31.901,0.15,45
31.902,0.15,45
31.903,0.15,45
31.904,0.15,45
31.905,0.15,45
31.906,0.15,45
31.907,0.15,45
31.908,0.15,45
31.909,0.15,45
31.91,0.15,45
31.911,0.15,45
31.912,0.15,45
31.913,0.15,45
31.914,0.15,45
31.915,0.15,45
31.916,0.15,45
31.917,0.15,45
31.918,0.15,45
31.919,0.15,45
31.92,0.15,45
31.921,0.15,45
31.922,0.15,45
31.923,0.15,45
31.924,0.15,45
31.925,0.15,45
31.926,0.15,45
31.927,0.15,45
31.928,0.15,45
31.929,0.15,45
31.93,0.15,45
31.931,0.15,45
31.932,0.15,45
31.933,0.15,45
31.934,0.15,45
31.935,0.15,45
31.936,0.15,45
31.937,0.15,45
31.938,0.15,45
31.939,0.15,45
31.94,0.15,45
31.941,0.15,45
31.942,0.15,45
31.943,0.15,45
31.944,0.15,45
31.945,0.15,45
31.946,0.15,45
31.947,0.15,45
31.948,0.15,45
31.949,0.15,45
31.95,0.15,45
31.951,0.15,45
31.952,0.15,45
31.953,0.15,45
31.954,0.15,45
31.955,0.15,45
31.956,0.15,45
31.957,0.15,45
31.958,0.15,45
31.959,0.15,45
31.96,0.15,45
31.961,0.15,45
31.962,0.15,45
31.963,0.15,45
31.964,0.15,45
31.965,0.15,45
31.966,0.15,45
31.967,0.15,45
31.968,0.15,45
31.969,0.15,45
31.97,0.15,45
31.971,0.15,45
31.972,0.15,45
31.973,0.15,45
31.974,0.15,45
31.975,0.15,45
31.976,0.15,45
31.977,0.15,45
31.978,0.15,45
31.979,0.15,45
31.98,0.15,45
31.981,0.15,45
31.982,0.15,45
31.983,0.15,45
31.984,0.15,45
31.985,0.15,45
31.986,0.15,45
31.987,0.15,45
31.988,0.15,45
31.989,0.15,45
31.99,0.15,45
31.991,0.15,45
31.992,0.15,45
31.993,0.15,45
31.994,0.15,45
31.995,0.15,45
31.996,0.15,45
31.997,0.15,45
31.998,0.15,45
31.999,0.15,45
32,0.15,45
32.001,0.15,45
32.002,0.15,45
32.003,0.15,45
32.004,0.15,45
32.005,0.15,45
32.006,0.15,45
32.007,0.15,45
32.008,0.15,45
32.009,0.15,45
32.01,0.15,45
32.011,0.15,45
32.012,0.15,45
32.013,0.15,45
32.014,0.15,45
32.015,0.15,45
32.016,0.15,45
32.017,0.15,45
32.018,0.15,45
32.019,0.15,45
32.02,0.15,45
32.021,0.15,45
32.022,0.15,45
32.023,0.15,45
32.024,0.15,45
32.025,0.15,45
32.026,0.15,45
32.027,0.15,45
32.028,0.15,45
32.029,0.15,45
32.03,0.15,45
32.031,0.15,45
32.032,0.15,45
32.033,0.15,45
32.034,0.15,45
32.035,0.15,45
32.036,0.15,45
32.037,0.15,45
32.038,0.15,45
32.039,0.15,45
32.04,0.15,45
32.041,0.15,45
32.042,0.15,45
32.043,0.15,45
32.044,0.15,45
32.045,0.15,45
32.046,0.15,45
32.047,0.15,45
32.048,0.15,45
32.049,0.15,45
32.05,0.15,45
32.051,0.15,45
32.052,0.15,45
32.053,0.15,45
32.054,0.15,45
32.055,0.15,45
32.056,0.15,45
32.057,0.15,45
32.058,0.15,45
32.059,0.15,45
32.06,0.15,45
32.061,0.15,45
32.062,0.15,45
32.063,0.15,45
32.064,0.15,45
32.065,0.15,45
32.066,0.15,45
32.067,0.15,45
32.068,0.15,45
32.069,0.15,45
32.07,0.15,45
32.071,0.15,45
32.072,0.15,45
32.073,0.15,45
32.074,0.15,45
32.075,0.15,45
32.076,0.15,45
32.077,0.15,45
32.078,0.15,45
32.079,0.15,45
32.08,0.15,45
32.081,0.15,45
32.082,0.15,45
32.083,0.15,45
32.084,0.15,45
32.085,0.15,45
32.086,0.15,45
32.087,0.15,45
32.088,0.15,45
32.089,0.15,45
32.09,0.15,45
32.091,0.15,45
32.092,0.15,45
32.093,0.15,45
32.094,0.15,45
32.095,0.15,45
32.096,0.15,45
32.097,0.15,45
32.098,0.15,45
32.099,0.15,45
32.1,0.15,45
32.101,0.15,45
32.102,0.15,45
32.103,0.15,45
32.104,0.15,45
32.105,0.15,45
32.106,0.15,45
32.107,0.15,45
32.108,0.15,45
32.109,0.15,45
32.11,0.15,45
32.111,0.15,45
32.112,0.15,45
32.113,0.15,45
32.114,0.15,45
32.115,0.15,45
32.116,0.15,45
32.117,0.15,45
32.118,0.15,45
32.119,0.15,45
32.12,0.15,45
32.121,0.15,45
32.122,0.15,45
32.123,0.15,45
32.124,0.15,45
32.125,0.15,45
32.126,0.15,45
32.127,0.15,45
32.128,0.15,45
32.129,0.15,45
32.13,0.15,45
32.131,0.15,45
32.132,0.15,45
32.133,0.15,45
32.134,0.15,45
32.135,0.15,45
32.136,0.15,45
32.137,0.15,45
32.138,0.15,45
32.139,0.15,45
32.14,0.15,45
32.141,0.15,45
32.142,0.15,45
32.143,0.15,45
32.144,0.15,45
32.145,0.15,45
32.146,0.15,45
32.147,0.15,45
32.148,0.15,45
32.149,0.15,45
32.15,0.15,45
32.151,0.15,45
32.152,0.15,45
32.153,0.15,45
32.154,0.15,45
32.155,0.15,45
32.156,0.15,45
32.157,0.15,45
32.158,0.15,45
32.159,0.15,45
32.16,0.15,45
32.161,0.15,45
32.162,0.15,45
32.163,0.15,45
32.164,0.15,45
32.165,0.15,45
32.166,0.15,45
32.167,0.15,45
32.168,0.15,45
32.169,0.15,45
32.17,0.15,45
32.171,0.15,45
32.172,0.15,45
32.173,0.15,45
32.174,0.15,45
32.175,0.15,45
32.176,0.15,45
32.177,0.15,45
32.178,0.15,45
32.179,0.15,45
32.18,0.15,45
32.181,0.15,45
32.182,0.15,45
32.183,0.15,45
32.184,0.15,45
32.185,0.15,45
32.186,0.15,45
32.187,0.15,45
32.188,0.15,45
32.189,0.15,45
32.19,0.15,45
32.191,0.15,45
32.192,0.15,45
32.193,0.15,45
32.194,0.15,45
32.195,0.15,45
32.196,0.15,45
32.197,0.15,45
32.198,0.15,45
32.199,0.15,45
32.2,0.15,45
32.201,0.15,45
32.202,0.15,45
32.203,0.15,45
32.204,0.15,45
32.205,0.15,45
32.206,0.15,45
32.207,0.15,45
32.208,0.15,45
32.209,0.15,45
32.21,0.15,45
32.211,0.15,45
32.212,0.15,45
32.213,0.15,45
32.214,0.15,45
32.215,0.15,45
32.216,0.15,45
32.217,0.15,45
32.218,0.15,45
32.219,0.15,45
32.22,0.15,45
32.221,0.15,45
32.222,0.15,45
32.223,0.15,45
32.224,0.15,45
32.225,0.15,45
32.226,0.15,45
32.227,0.15,45
32.228,0.15,45
32.229,0.15,45
32.23,0.15,45
32.231,0.15,45
32.232,0.15,45
32.233,0.15,45
32.234,0.15,45
32.235,0.15,45
32.236,0.15,45
32.237,0.15,45
32.238,0.15,45
32.239,0.15,45
32.24,0.15,45
32.241,0.15,45
32.242,0.15,45
32.243,0.15,45
32.244,0.15,45
32.245,0.15,45
32.246,0.15,45
32.247,0.15,45
32.248,0.15,45
32.249,0.15,45
32.25,0.15,45
32.251,0.15,45
32.252,0.15,45
32.253,0.15,45
32.254,0.15,45
32.255,0.15,45
32.256,0.15,45
32.257,0.15,45
32.258,0.15,45
32.259,0.15,45
32.26,0.15,45
32.261,0.15,45
32.262,0.15,45
32.263,0.15,45
32.264,0.15,45
32.265,0.15,45
32.266,0.15,45
32.267,0.15,45
32.268,0.15,45
32.269,0.15,45
32.27,0.15,45
32.271,0.15,45
32.272,0.15,45
32.273,0.15,45
32.274,0.15,45
32.275,0.15,45
32.276,0.15,45
32.277,0.15,45
32.278,0.15,45
32.279,0.15,45
32.28,0.15,45
32.281,0.15,45
32.282,0.15,45
32.283,0.15,45
32.284,0.15,45
32.285,0.15,45
32.286,0.15,45
32.287,0.15,45
32.288,0.15,45
32.289,0.15,45
32.29,0.15,45
32.291,0.15,45
32.292,0.15,45
32.293,0.15,45
32.294,0.15,45
32.295,0.15,45
32.296,0.15,45
32.297,0.15,45
32.298,0.15,45
32.299,0.15,45
32.3,0.15,45
32.301,0.15,45
32.302,0.15,45
32.303,0.15,45
32.304,0.15,45
32.305,0.15,45
32.306,0.15,45
32.307,0.15,45
32.308,0.15,45
32.309,0.15,45
32.31,0.15,45
32.311,0.15,45
32.312,0.15,45
32.313,0.15,45
32.314,0.15,45
32.315,0.15,45
32.316,0.15,45
32.317,0.15,45
32.318,0.15,45
32.319,0.15,45
32.32,0.15,45
32.321,0.15,45
32.322,0.15,45
32.323,0.15,45
32.324,0.15,45
32.325,0.15,45
32.326,0.15,45
32.327,0.15,45
32.328,0.15,45
32.329,0.15,45
32.33,0.15,45
32.331,0.15,45
32.332,0.15,45
32.333,0.15,45
32.334,0.15,45
32.335,0.15,45
32.336,0.15,45
32.337,0.15,45
32.338,0.15,45
32.339,0.15,45
32.34,0.15,45
32.341,0.15,45
32.342,0.15,45
32.343,0.15,45
32.344,0.15,45
32.345,0.15,45
32.346,0.15,45
32.347,0.15,45
32.348,0.15,45
32.349,0.15,45
32.35,0.15,45
32.351,0.15,45
32.352,0.15,45
32.353,0.15,45
32.354,0.15,45
32.355,0.15,45
32.356,0.15,45
32.357,0.15,45
32.358,0.15,45
32.359,0.15,45
32.36,0.15,45
32.361,0.15,45
32.362,0.15,45
32.363,0.15,45
32.364,0.15,45
32.365,0.15,45
32.366,0.15,45
32.367,0.15,45
32.368,0.15,45
32.369,0.15,45
32.37,0.15,45
32.371,0.15,45
32.372,0.15,45
32.373,0.15,45
32.374,0.15,45
32.375,0.15,45
32.376,0.15,45
32.377,0.15,45
32.378,0.15,45
32.379,0.15,45
32.38,0.15,45
32.381,0.15,45
32.382,0.15,45
32.383,0.15,45
32.384,0.15,45
32.385,0.15,45
32.386,0.15,45
32.387,0.15,45
32.388,0.15,45
32.389,0.15,45
32.39,0.15,45
32.391,0.15,45
32.392,0.15,45
32.393,0.15,45
32.394,0.15,45
32.395,0.15,45
32.396,0.15,45
32.397,0.15,45
32.398,0.15,45
32.399,0.15,45
32.4,0.15,45
32.401,0.15,45
32.402,0.15,45
32.403,0.15,45
32.404,0.15,45
32.405,0.15,45
32.406,0.15,45
32.407,0.15,45
32.408,0.15,45
32.409,0.15,45
32.41,0.15,45
32.411,0.15,45
32.412,0.15,45
32.413,0.15,45
32.414,0.15,45
32.415,0.15,45
32.416,0.15,45
32.417,0.15,45
32.418,0.15,45
32.419,0.15,45
32.42,0.15,45
32.421,0.15,45
32.422,0.15,45
32.423,0.15,45
32.424,0.15,45
32.425,0.15,45
32.426,0.15,45
32.427,0.15,45
32.428,0.15,45
32.429,0.15,45
32.43,0.15,45
32.431,0.15,45
32.432,0.15,45
32.433,0.15,45
32.434,0.15,45
32.435,0.15,45
32.436,0.15,45
32.437,0.15,45
32.438,0.15,45
32.439,0.15,45
32.44,0.15,45
32.441,0.15,45
32.442,0.15,45
32.443,0.15,45
32.444,0.15,45
32.445,0.15,45
32.446,0.15,45
32.447,0.15,45
32.448,0.15,45
32.449,0.15,45
32.45,0.15,45
32.451,0.15,45
32.452,0.15,45
32.453,0.15,45
32.454,0.15,45
32.455,0.15,45
32.456,0.15,45
32.457,0.15,45
32.458,0.15,45
32.459,0.15,45
32.46,0.15,45
32.461,0.15,45
32.462,0.15,45
32.463,0.15,45
32.464,0.15,45
32.465,0.15,45
32.466,0.15,45
32.467,0.15,45
32.468,0.15,45
32.469,0.15,45
32.47,0.15,45
32.471,0.15,45
32.472,0.15,45
32.473,0.15,45
32.474,0.15,45
32.475,0.15,45
32.476,0.15,45
32.477,0.15,45
32.478,0.15,45
32.479,0.15,45
32.48,0.15,45
32.481,0.15,45
32.482,0.15,45
32.483,0.15,45
32.484,0.15,45
32.485,0.15,45
32.486,0.15,45
32.487,0.15,45
32.488,0.15,45
32.489,0.15,45
32.49,0.15,45
32.491,0.15,45
32.492,0.15,45
32.493,0.15,45
32.494,0.15,45
32.495,0.15,45
32.496,0.15,45
32.497,0.15,45
32.498,0.15,45
32.499,0.15,45
32.5,0.15,45
32.501,0.15,45
32.502,0.15,45
32.503,0.15,45
32.504,0.15,45
32.505,0.15,45
32.506,0.15,45
32.507,0.15,45
32.508,0.15,45
32.509,0.15,45
32.51,0.15,45
32.511,0.15,45
32.512,0.15,45
32.513,0.15,45
32.514,0.15,45
32.515,0.15,45
32.516,0.15,45
32.517,0.15,45
32.518,0.15,45
32.519,0.15,45
32.52,0.15,45
32.521,0.15,45
32.522,0.15,45
32.523,0.15,45
32.524,0.15,45
32.525,0.15,45
32.526,0.15,45
32.527,0.15,45
32.528,0.15,45
32.529,0.15,45
32.53,0.15,45
32.531,0.15,45
32.532,0.15,45
32.533,0.15,45
32.534,0.15,45
32.535,0.15,45
32.536,0.15,45
32.537,0.15,45
32.538,0.15,45
32.539,0.15,45
32.54,0.15,45
32.541,0.15,45
32.542,0.15,45
32.543,0.15,45
32.544,0.15,45
32.545,0.15,45
32.546,0.15,45
32.547,0.15,45
32.548,0.15,45
32.549,0.15,45
32.55,0.15,45
32.551,0.15,45
32.552,0.15,45
32.553,0.15,45
32.554,0.15,45
32.555,0.15,45
32.556,0.15,45
32.557,0.15,45
32.558,0.15,45
32.559,0.15,45
32.56,0.15,45
32.561,0.15,45
32.562,0.15,45
32.563,0.15,45
32.564,0.15,45
32.565,0.15,45
32.566,0.15,45
32.567,0.15,45
32.568,0.15,45
32.569,0.15,45
32.57,0.15,45
32.571,0.15,45
32.572,0.15,45
32.573,0.15,45
32.574,0.15,45
32.575,0.15,45
32.576,0.15,45
32.577,0.15,45
32.578,0.15,45
32.579,0.15,45
32.58,0.15,45
32.581,0.15,45
32.582,0.15,45
32.583,0.15,45
32.584,0.15,45
32.585,0.15,45
32.586,0.15,45
32.587,0.15,45
32.588,0.15,45
32.589,0.15,45
32.59,0.15,45
32.591,0.15,45
32.592,0.15,45
32.593,0.15,45
32.594,0.15,45
32.595,0.15,45
32.596,0.15,45
32.597,0.15,45
32.598,0.15,45
32.599,0.15,45
32.6,0.15,45
32.601,0.15,45
32.602,0.15,45
32.603,0.15,45
32.604,0.15,45
32.605,0.15,45
32.606,0.15,45
32.607,0.15,45
32.608,0.15,45
32.609,0.15,45
32.61,0.15,45
32.611,0.15,45
32.612,0.15,45
32.613,0.15,45
32.614,0.15,45
32.615,0.15,45
32.616,0.15,45
32.617,0.15,45
32.618,0.15,45
32.619,0.15,45
32.62,0.15,45
32.621,0.15,45
32.622,0.15,45
32.623,0.15,45
32.624,0.15,45
32.625,0.15,45
32.626,0.15,45
32.627,0.15,45
32.628,0.15,45
32.629,0.15,45
32.63,0.15,45
32.631,0.15,45
32.632,0.15,45
32.633,0.15,45
32.634,0.15,45
32.635,0.15,45
32.636,0.15,45
32.637,0.15,45
32.638,0.15,45
32.639,0.15,45
32.64,0.15,45
32.641,0.15,45
32.642,0.15,45
32.643,0.15,45
32.644,0.15,45
32.645,0.15,45
32.646,0.15,45
32.647,0.15,45
32.648,0.15,45
32.649,0.15,45
32.65,0.15,45
32.651,0.15,45
32.652,0.15,45
32.653,0.15,45
32.654,0.15,45
32.655,0.15,45
32.656,0.15,45
32.657,0.15,45
32.658,0.15,45
32.659,0.15,45
32.66,0.15,45
32.661,0.15,45
32.662,0.15,45
32.663,0.15,45
32.664,0.15,45
32.665,0.15,45
32.666,0.15,45
32.667,0.15,45
32.668,0.15,45
32.669,0.15,45
32.67,0.15,45
32.671,0.15,45
32.672,0.15,45
32.673,0.15,45
32.674,0.15,45
32.675,0.15,45
32.676,0.15,45
32.677,0.15,45
32.678,0.15,45
32.679,0.15,45
32.68,0.15,45
32.681,0.15,45
32.682,0.15,45
32.683,0.15,45
32.684,0.15,45
32.685,0.15,45
32.686,0.15,45
32.687,0.15,45
32.688,0.15,45
32.689,0.15,45
32.69,0.15,45
32.691,0.15,45
32.692,0.15,45
32.693,0.15,45
32.694,0.15,45
32.695,0.15,45
32.696,0.15,45
32.697,0.15,45
32.698,0.15,45
32.699,0.15,45
32.7,0.15,45
32.701,0.15,45
32.702,0.15,45
32.703,0.15,45
32.704,0.15,45
32.705,0.15,45
32.706,0.15,45
32.707,0.15,45
32.708,0.15,45
32.709,0.15,45
32.71,0.15,45
32.711,0.15,45
32.712,0.15,45
32.713,0.15,45
32.714,0.15,45
32.715,0.15,45
32.716,0.15,45
32.717,0.15,45
32.718,0.15,45
32.719,0.15,45
32.72,0.15,45
32.721,0.15,45
32.722,0.15,45
32.723,0.15,45
32.724,0.15,45
32.725,0.15,45
32.726,0.15,45
32.727,0.15,45
32.728,0.15,45
32.729,0.15,45
32.73,0.15,45
32.731,0.15,45
32.732,0.15,45
32.733,0.15,45
32.734,0.15,45
32.735,0.15,45
32.736,0.15,45
32.737,0.15,45
32.738,0.15,45
32.739,0.15,45
32.74,0.15,45
32.741,0.15,45
32.742,0.15,45
32.743,0.15,45
32.744,0.15,45
32.745,0.15,45
32.746,0.15,45
32.747,0.15,45
32.748,0.15,45
32.749,0.15,45
32.75,0.15,45
32.751,0.15,45
32.752,0.15,45
32.753,0.15,45
32.754,0.15,45
32.755,0.15,45
32.756,0.15,45
32.757,0.15,45
32.758,0.15,45
32.759,0.15,45
32.76,0.15,45
32.761,0.15,45
32.762,0.15,45
32.763,0.15,45
32.764,0.15,45
32.765,0.15,45
32.766,0.15,45
32.767,0.15,45
32.768,0.15,45
32.769,0.15,45
32.77,0.15,45
32.771,0.15,45
32.772,0.15,45
32.773,0.15,45
32.774,0.15,45
32.775,0.15,45
32.776,0.15,45
32.777,0.15,45
32.778,0.15,45
32.779,0.15,45
32.78,0.15,45
32.781,0.15,45
32.782,0.15,45
32.783,0.15,45
32.784,0.15,45
32.785,0.15,45
32.786,0.15,45
32.787,0.15,45
32.788,0.15,45
32.789,0.15,45
32.79,0.15,45
32.791,0.15,45
32.792,0.15,45
32.793,0.15,45
32.794,0.15,45
32.795,0.15,45
32.796,0.15,45
32.797,0.15,45
32.798,0.15,45
32.799,0.15,45
32.8,0.15,45
32.801,0.15,45
32.802,0.15,45
32.803,0.15,45
32.804,0.15,45
32.805,0.15,45
32.806,0.15,45
32.807,0.15,45
32.808,0.15,45
32.809,0.15,45
32.81,0.15,45
32.811,0.15,45
32.812,0.15,45
32.813,0.15,45
32.814,0.15,45
32.815,0.15,45
32.816,0.15,45
32.817,0.15,45
32.818,0.15,45
32.819,0.15,45
32.82,0.15,45
32.821,0.15,45
32.822,0.15,45
32.823,0.15,45
32.824,0.15,45
32.825,0.15,45
32.826,0.15,45
32.827,0.15,45
32.828,0.15,45
32.829,0.15,45
32.83,0.15,45
32.831,0.15,45
32.832,0.15,45
32.833,0.15,45
32.834,0.15,45
32.835,0.15,45
32.836,0.15,45
32.837,0.15,45
32.838,0.15,45
32.839,0.15,45
32.84,0.15,45
32.841,0.15,45
32.842,0.15,45
32.843,0.15,45
32.844,0.15,45
32.845,0.15,45
32.846,0.15,45
32.847,0.15,45
32.848,0.15,45
32.849,0.15,45
32.85,0.15,45
32.851,0.15,45
32.852,0.15,45
32.853,0.15,45
32.854,0.15,45
32.855,0.15,45
32.856,0.15,45
32.857,0.15,45
32.858,0.15,45
32.859,0.15,45
32.86,0.15,45
32.861,0.15,45
32.862,0.15,45
32.863,0.15,45
32.864,0.15,45
32.865,0.15,45
32.866,0.15,45
32.867,0.15,45
32.868,0.15,45
32.869,0.15,45
32.87,0.15,45
32.871,0.15,45
32.872,0.15,45
32.873,0.15,45
32.874,0.15,45
32.875,0.15,45
32.876,0.15,45
32.877,0.15,45
32.878,0.15,45
32.879,0.15,45
32.88,0.15,45
32.881,0.15,45
32.882,0.15,45
32.883,0.15,45
32.884,0.15,45
32.885,0.15,45
32.886,0.15,45
32.887,0.15,45
32.888,0.15,45
32.889,0.15,45
32.89,0.15,45
32.891,0.15,45
32.892,0.15,45
32.893,0.15,45
32.894,0.15,45
32.895,0.15,45
32.896,0.15,45
32.897,0.15,45
32.898,0.15,45
32.899,0.15,45
32.9,0.15,45
32.901,0.15,45
32.902,0.15,45
32.903,0.15,45
32.904,0.15,45
32.905,0.15,45
32.906,0.15,45
32.907,0.15,45
32.908,0.15,45
32.909,0.15,45
32.91,0.15,45
32.911,0.15,45
32.912,0.15,45
32.913,0.15,45
32.914,0.15,45
32.915,0.15,45
32.916,0.15,45
32.917,0.15,45
32.918,0.15,45
32.919,0.15,45
32.92,0.15,45
32.921,0.15,45
32.922,0.15,45
32.923,0.15,45
32.924,0.15,45
32.925,0.15,45
32.926,0.15,45
32.927,0.15,45
32.928,0.15,45
32.929,0.15,45
32.93,0.15,45
32.931,0.15,45
32.932,0.15,45
32.933,0.15,45
32.934,0.15,45
32.935,0.15,45
32.936,0.15,45
32.937,0.15,45
32.938,0.15,45
32.939,0.15,45
32.94,0.15,45
32.941,0.15,45
32.942,0.15,45
32.943,0.15,45
32.944,0.15,45
32.945,0.15,45
32.946,0.15,45
32.947,0.15,45
32.948,0.15,45
32.949,0.15,45
32.95,0.15,45
32.951,0.15,45
32.952,0.15,45
32.953,0.15,45
32.954,0.15,45
32.955,0.15,45
32.956,0.15,45
32.957,0.15,45
32.958,0.15,45
32.959,0.15,45
32.96,0.15,45
32.961,0.15,45
32.962,0.15,45
32.963,0.15,45
32.964,0.15,45
32.965,0.15,45
32.966,0.15,45
32.967,0.15,45
32.968,0.15,45
32.969,0.15,45
32.97,0.15,45
32.971,0.15,45
32.972,0.15,45
32.973,0.15,45
32.974,0.15,45
32.975,0.15,45
32.976,0.15,45
32.977,0.15,45
32.978,0.15,45
32.979,0.15,45
32.98,0.15,45
32.981,0.15,45
32.982,0.15,45
32.983,0.15,45
32.984,0.15,45
32.985,0.15,45
32.986,0.15,45
32.987,0.15,45
32.988,0.15,45
32.989,0.15,45
32.99,0.15,45
32.991,0.15,45
32.992,0.15,45
32.993,0.15,45
32.994,0.15,45
32.995,0.15,45
32.996,0.15,45
32.997,0.15,45
32.998,0.15,45
32.999,0.15,45
33,0.15,45
33.001,0.15,45
33.002,0.15,45
33.003,0.15,45
33.004,0.15,45
33.005,0.15,45
33.006,0.15,45
33.007,0.15,45
33.008,0.15,45
33.009,0.15,45
33.01,0.15,45
33.011,0.15,45
33.012,0.15,45
33.013,0.15,45
33.014,0.15,45
33.015,0.15,45
33.016,0.15,45
33.017,0.15,45
33.018,0.15,45
33.019,0.15,45
33.02,0.15,45
33.021,0.15,45
33.022,0.15,45
33.023,0.15,45
33.024,0.15,45
33.025,0.15,45
33.026,0.15,45
33.027,0.15,45
33.028,0.15,45
33.029,0.15,45
33.03,0.15,45
33.031,0.15,45
33.032,0.15,45
33.033,0.15,45
33.034,0.15,45
33.035,0.15,45
33.036,0.15,45
33.037,0.15,45
33.038,0.15,45
33.039,0.15,45
33.04,0.15,45
33.041,0.15,45
33.042,0.15,45
33.043,0.15,45
33.044,0.15,45
33.045,0.15,45
33.046,0.15,45
33.047,0.15,45
33.048,0.15,45
33.049,0.15,45
33.05,0.15,45
33.051,0.15,45
33.052,0.15,45
33.053,0.15,45
33.054,0.15,45
33.055,0.15,45
33.056,0.15,45
33.057,0.15,45
33.058,0.15,45
33.059,0.15,45
33.06,0.15,45
33.061,0.15,45
33.062,0.15,45
33.063,0.15,45
33.064,0.15,45
33.065,0.15,45
33.066,0.15,45
33.067,0.15,45
33.068,0.15,45
33.069,0.15,45
33.07,0.15,45
33.071,0.15,45
33.072,0.15,45
33.073,0.15,45
33.074,0.15,45
33.075,0.15,45
33.076,0.15,45
33.077,0.15,45
33.078,0.15,45
33.079,0.15,45
33.08,0.15,45
33.081,0.15,45
33.082,0.15,45
33.083,0.15,45
33.084,0.15,45
33.085,0.15,45
33.086,0.15,45
33.087,0.15,45
33.088,0.15,45
33.089,0.15,45
33.09,0.15,45
33.091,0.15,45
33.092,0.15,45
33.093,0.15,45
33.094,0.15,45
33.095,0.15,45
33.096,0.15,45
33.097,0.15,45
33.098,0.15,45
33.099,0.15,45
33.1,0.15,45
33.101,0.15,45
33.102,0.15,45
33.103,0.15,45
33.104,0.15,45
33.105,0.15,45
33.106,0.15,45
33.107,0.15,45
33.108,0.15,45
33.109,0.15,45
33.11,0.15,45
33.111,0.15,45
33.112,0.15,45
33.113,0.15,45
33.114,0.15,45
33.115,0.15,45
33.116,0.15,45
33.117,0.15,45
33.118,0.15,45
33.119,0.15,45
33.12,0.15,45
33.121,0.15,45
33.122,0.15,45
33.123,0.15,45
33.124,0.15,45
33.125,0.15,45
33.126,0.15,45
33.127,0.15,45
33.128,0.15,45
33.129,0.15,45
33.13,0.15,45
33.131,0.15,45
33.132,0.15,45
33.133,0.15,45
33.134,0.15,45
33.135,0.15,45
33.136,0.15,45
33.137,0.15,45
33.138,0.15,45
33.139,0.15,45
33.14,0.15,45
33.141,0.15,45
33.142,0.15,45
33.143,0.15,45
33.144,0.15,45
33.145,0.15,45
33.146,0.15,45
33.147,0.15,45
33.148,0.15,45
33.149,0.15,45
33.15,0.15,45
33.151,0.15,45
33.152,0.15,45
33.153,0.15,45
33.154,0.15,45
33.155,0.15,45
33.156,0.15,45
33.157,0.15,45
33.158,0.15,45
33.159,0.15,45
33.16,0.15,45
33.161,0.15,45
33.162,0.15,45
33.163,0.15,45
33.164,0.15,45
33.165,0.15,45
33.166,0.15,45
33.167,0.15,45
33.168,0.15,45
33.169,0.15,45
33.17,0.15,45
33.171,0.15,45
33.172,0.15,45
33.173,0.15,45
33.174,0.15,45
33.175,0.15,45
33.176,0.15,45
33.177,0.15,45
33.178,0.15,45
33.179,0.15,45
33.18,0.15,45
33.181,0.15,45
33.182,0.15,45
33.183,0.15,45
33.184,0.15,45
33.185,0.15,45
33.186,0.15,45
33.187,0.15,45
33.188,0.15,45
33.189,0.15,45
33.19,0.15,45
33.191,0.15,45
33.192,0.15,45
33.193,0.15,45
33.194,0.15,45
33.195,0.15,45
33.196,0.15,45
33.197,0.15,45
33.198,0.15,45
33.199,0.15,45
33.2,0.15,45
33.201,0.15,45
33.202,0.15,45
33.203,0.15,45
33.204,0.15,45
33.205,0.15,45
33.206,0.15,45
33.207,0.15,45
33.208,0.15,45
33.209,0.15,45
33.21,0.15,45
33.211,0.15,45
33.212,0.15,45
33.213,0.15,45
33.214,0.15,45
33.215,0.15,45
33.216,0.15,45
33.217,0.15,45
33.218,0.15,45
33.219,0.15,45
33.22,0.15,45
33.221,0.15,45
33.222,0.15,45
33.223,0.15,45
33.224,0.15,45
33.225,0.15,45
33.226,0.15,45
33.227,0.15,45
33.228,0.15,45
33.229,0.15,45
33.23,0.15,45
33.231,0.15,45
33.232,0.15,45
33.233,0.15,45
33.234,0.15,45
33.235,0.15,45
33.236,0.15,45
33.237,0.15,45
33.238,0.15,45
33.239,0.15,45
33.24,0.15,45
33.241,0.15,45
33.242,0.15,45
33.243,0.15,45
33.244,0.15,45
33.245,0.15,45
33.246,0.15,45
33.247,0.15,45
33.248,0.15,45
33.249,0.15,45
33.25,0.15,45
33.251,0.15,45
33.252,0.15,45
33.253,0.15,45
33.254,0.15,45
33.255,0.15,45
33.256,0.15,45
33.257,0.15,45
33.258,0.15,45
33.259,0.15,45
33.26,0.15,45
33.261,0.15,45
33.262,0.15,45
33.263,0.15,45
33.264,0.15,45
33.265,0.15,45
33.266,0.15,45
33.267,0.15,45
33.268,0.15,45
33.269,0.15,45
33.27,0.15,45
33.271,0.15,45
33.272,0.15,45
33.273,0.15,45
33.274,0.15,45
33.275,0.15,45
33.276,0.15,45
33.277,0.15,45
33.278,0.15,45
33.279,0.15,45
33.28,0.15,45
33.281,0.15,45
33.282,0.15,45
33.283,0.15,45
33.284,0.15,45
33.285,0.15,45
33.286,0.15,45
33.287,0.15,45
33.288,0.15,45
33.289,0.15,45
33.29,0.15,45
33.291,0.15,45
33.292,0.15,45
33.293,0.15,45
33.294,0.15,45
33.295,0.15,45
33.296,0.15,45
33.297,0.15,45
33.298,0.15,45
33.299,0.15,45
33.3,0.15,45
33.301,0.15,45
33.302,0.15,45
33.303,0.15,45
33.304,0.15,45
33.305,0.15,45
33.306,0.15,45
33.307,0.15,45
33.308,0.15,45
33.309,0.15,45
33.31,0.15,45
33.311,0.15,45
33.312,0.15,45
33.313,0.15,45
33.314,0.15,45
33.315,0.15,45
33.316,0.15,45
33.317,0.15,45
33.318,0.15,45
33.319,0.15,45
33.32,0.15,45
33.321,0.15,45
33.322,0.15,45
33.323,0.15,45
33.324,0.15,45
33.325,0.15,45
33.326,0.15,45
33.327,0.15,45
33.328,0.15,45
33.329,0.15,45
33.33,0.15,45
33.331,0.15,45
33.332,0.15,45
33.333,0.15,45
33.334,0.15,45
33.335,0.15,45
33.336,0.15,45
33.337,0.15,45
33.338,0.15,45
33.339,0.15,45
33.34,0.15,45
33.341,0.15,45
33.342,0.15,45
33.343,0.15,45
33.344,0.15,45
33.345,0.15,45
33.346,0.15,45
33.347,0.15,45
33.348,0.15,45
33.349,0.15,45
33.35,0.15,45
33.351,0.15,45
33.352,0.15,45
33.353,0.15,45
33.354,0.15,45
33.355,0.15,45
33.356,0.15,45
33.357,0.15,45
33.358,0.15,45
33.359,0.15,45
33.36,0.15,45
33.361,0.15,45
33.362,0.15,45
33.363,0.15,45
33.364,0.15,45
33.365,0.15,45
33.366,0.15,45
33.367,0.15,45
33.368,0.15,45
33.369,0.15,45
33.37,0.15,45
33.371,0.15,45
33.372,0.15,45
33.373,0.15,45
33.374,0.15,45
33.375,0.15,45
33.376,0.15,45
33.377,0.15,45
33.378,0.15,45
33.379,0.15,45
33.38,0.15,45
33.381,0.15,45
33.382,0.15,45
33.383,0.15,45
33.384,0.15,45
33.385,0.15,45
33.386,0.15,45
33.387,0.15,45
33.388,0.15,45
33.389,0.15,45
33.39,0.15,45
33.391,0.15,45
33.392,0.15,45
33.393,0.15,45
33.394,0.15,45
33.395,0.15,45
33.396,0.15,45
33.397,0.15,45
33.398,0.15,45
33.399,0.15,45
33.4,0.15,45
33.401,0.15,45
33.402,0.15,45
33.403,0.15,45
33.404,0.15,45
33.405,0.15,45
33.406,0.15,45
33.407,0.15,45
33.408,0.15,45
33.409,0.15,45
33.41,0.15,45
33.411,0.15,45
33.412,0.15,45
33.413,0.15,45
33.414,0.15,45
33.415,0.15,45
33.416,0.15,45
33.417,0.15,45
33.418,0.15,45
33.419,0.15,45
33.42,0.15,45
33.421,0.15,45
33.422,0.15,45
33.423,0.15,45
33.424,0.15,45
33.425,0.15,45
33.426,0.15,45
33.427,0.15,45
33.428,0.15,45
33.429,0.15,45
33.43,0.15,45
33.431,0.15,45
33.432,0.15,45
33.433,0.15,45
33.434,0.15,45
33.435,0.15,45
33.436,0.15,45
33.437,0.15,45
33.438,0.15,45
33.439,0.15,45
33.44,0.15,45
33.441,0.15,45
33.442,0.15,45
33.443,0.15,45
33.444,0.15,45
33.445,0.15,45
33.446,0.15,45
33.447,0.15,45
33.448,0.15,45
33.449,0.15,45
33.45,0.15,45
33.451,0.15,45
33.452,0.15,45
33.453,0.15,45
33.454,0.15,45
33.455,0.15,45
33.456,0.15,45
33.457,0.15,45
33.458,0.15,45
33.459,0.15,45
33.46,0.15,45
33.461,0.15,45
33.462,0.15,45
33.463,0.15,45
33.464,0.15,45
33.465,0.15,45
33.466,0.15,45
33.467,0.15,45
33.468,0.15,45
33.469,0.15,45
33.47,0.15,45
33.471,0.15,45
33.472,0.15,45
33.473,0.15,45
33.474,0.15,45
33.475,0.15,45
33.476,0.15,45
33.477,0.15,45
33.478,0.15,45
33.479,0.15,45
33.48,0.15,45
33.481,0.15,45
33.482,0.15,45
33.483,0.15,45
33.484,0.15,45
33.485,0.15,45
33.486,0.15,45
33.487,0.15,45
33.488,0.15,45
33.489,0.15,45
33.49,0.15,45
33.491,0.15,45
33.492,0.15,45
33.493,0.15,45
33.494,0.15,45
33.495,0.15,45
33.496,0.15,45
33.497,0.15,45
33.498,0.15,45
33.499,0.15,45
33.5,0.15,45
33.501,0.15,45
33.502,0.15,45
33.503,0.15,45
33.504,0.15,45
33.505,0.15,45
33.506,0.15,45
33.507,0.15,45
33.508,0.15,45
33.509,0.15,45
33.51,0.15,45
33.511,0.15,45
33.512,0.15,45
33.513,0.15,45
33.514,0.15,45
33.515,0.15,45
33.516,0.15,45
33.517,0.15,45
33.518,0.15,45
33.519,0.15,45
33.52,0.15,45
33.521,0.15,45
33.522,0.15,45
33.523,0.15,45
33.524,0.15,45
33.525,0.15,45
33.526,0.15,45
33.527,0.15,45
33.528,0.15,45
33.529,0.15,45
33.53,0.15,45
33.531,0.15,45
33.532,0.15,45
33.533,0.15,45
33.534,0.15,45
33.535,0.15,45
33.536,0.15,45
33.537,0.15,45
33.538,0.15,45
33.539,0.15,45
33.54,0.15,45
33.541,0.15,45
33.542,0.15,45
33.543,0.15,45
33.544,0.15,45
33.545,0.15,45
33.546,0.15,45
33.547,0.15,45
33.548,0.15,45
33.549,0.15,45
33.55,0.15,45
33.551,0.15,45
33.552,0.15,45
33.553,0.15,45
33.554,0.15,45
33.555,0.15,45
33.556,0.15,45
33.557,0.15,45
33.558,0.15,45
33.559,0.15,45
33.56,0.15,45
33.561,0.15,45
33.562,0.15,45
33.563,0.15,45
33.564,0.15,45
33.565,0.15,45
33.566,0.15,45
33.567,0.15,45
33.568,0.15,45
33.569,0.15,45
33.57,0.15,45
33.571,0.15,45
33.572,0.15,45
33.573,0.15,45
33.574,0.15,45
33.575,0.15,45
33.576,0.15,45
33.577,0.15,45
33.578,0.15,45
33.579,0.15,45
33.58,0.15,45
33.581,0.15,45
33.582,0.15,45
33.583,0.15,45
33.584,0.15,45
33.585,0.15,45
33.586,0.15,45
33.587,0.15,45
33.588,0.15,45
33.589,0.15,45
33.59,0.15,45
33.591,0.15,45
33.592,0.15,45
33.593,0.15,45
33.594,0.15,45
33.595,0.15,45
33.596,0.15,45
33.597,0.15,45
33.598,0.15,45
33.599,0.15,45
33.6,0.15,45
33.601,0.15,45
33.602,0.15,45
33.603,0.15,45
33.604,0.15,45
33.605,0.15,45
33.606,0.15,45
33.607,0.15,45
33.608,0.15,45
33.609,0.15,45
33.61,0.15,45
33.611,0.15,45
33.612,0.15,45
33.613,0.15,45
33.614,0.15,45
33.615,0.15,45
33.616,0.15,45
33.617,0.15,45
33.618,0.15,45
33.619,0.15,45
33.62,0.15,45
33.621,0.15,45
33.622,0.15,45
33.623,0.15,45
33.624,0.15,45
33.625,0.15,45
33.626,0.15,45
33.627,0.15,45
33.628,0.15,45
33.629,0.15,45
33.63,0.15,45
33.631,0.15,45
33.632,0.15,45
33.633,0.15,45
33.634,0.15,45
33.635,0.15,45
33.636,0.15,45
33.637,0.15,45
33.638,0.15,45
33.639,0.15,45
33.64,0.15,45
33.641,0.15,45
33.642,0.15,45
33.643,0.15,45
33.644,0.15,45
33.645,0.15,45
33.646,0.15,45
33.647,0.15,45
33.648,0.15,45
33.649,0.15,45
33.65,0.15,45
33.651,0.15,45
33.652,0.15,45
33.653,0.15,45
33.654,0.15,45
33.655,0.15,45
33.656,0.15,45
33.657,0.15,45
33.658,0.15,45
33.659,0.15,45
33.66,0.15,45
33.661,0.15,45
33.662,0.15,45
33.663,0.15,45
33.664,0.15,45
33.665,0.15,45
33.666,0.15,45
33.667,0.15,45
33.668,0.15,45
33.669,0.15,45
33.67,0.15,45
33.671,0.15,45
33.672,0.15,45
33.673,0.15,45
33.674,0.15,45
33.675,0.15,45
33.676,0.15,45
33.677,0.15,45
33.678,0.15,45
33.679,0.15,45
33.68,0.15,45
33.681,0.15,45
33.682,0.15,45
33.683,0.15,45
33.684,0.15,45
33.685,0.15,45
33.686,0.15,45
33.687,0.15,45
33.688,0.15,45
33.689,0.15,45
33.69,0.15,45
33.691,0.15,45
33.692,0.15,45
33.693,0.15,45
33.694,0.15,45
33.695,0.15,45
33.696,0.15,45
33.697,0.15,45
33.698,0.15,45
33.699,0.15,45
33.7,0.15,45
33.701,0.15,45
33.702,0.15,45
33.703,0.15,45
33.704,0.15,45
33.705,0.15,45
33.706,0.15,45
33.707,0.15,45
33.708,0.15,45
33.709,0.15,45
33.71,0.15,45
33.711,0.15,45
33.712,0.15,45
33.713,0.15,45
33.714,0.15,45
33.715,0.15,45
33.716,0.15,45
33.717,0.15,45
33.718,0.15,45
33.719,0.15,45
33.72,0.15,45
33.721,0.15,45
33.722,0.15,45
33.723,0.15,45
33.724,0.15,45
33.725,0.15,45
33.726,0.15,45
33.727,0.15,45
33.728,0.15,45
33.729,0.15,45
33.73,0.15,45
33.731,0.15,45
33.732,0.15,45
33.733,0.15,45
33.734,0.15,45
33.735,0.15,45
33.736,0.15,45
33.737,0.15,45
33.738,0.15,45
33.739,0.15,45
33.74,0.15,45
33.741,0.15,45
33.742,0.15,45
33.743,0.15,45
33.744,0.15,45
33.745,0.15,45
33.746,0.15,45
33.747,0.15,45
33.748,0.15,45
33.749,0.15,45
33.75,0.15,45
33.751,0.15,45
33.752,0.15,45
33.753,0.15,45
33.754,0.15,45
33.755,0.15,45
33.756,0.15,45
33.757,0.15,45
33.758,0.15,45
33.759,0.15,45
33.76,0.15,45
33.761,0.15,45
33.762,0.15,45
33.763,0.15,45
33.764,0.15,45
33.765,0.15,45
33.766,0.15,45
33.767,0.15,45
33.768,0.15,45
33.769,0.15,45
33.77,0.15,45
33.771,0.15,45
33.772,0.15,45
33.773,0.15,45
33.774,0.15,45
33.775,0.15,45
33.776,0.15,45
33.777,0.15,45
33.778,0.15,45
33.779,0.15,45
33.78,0.15,45
33.781,0.15,45
33.782,0.15,45
33.783,0.15,45
33.784,0.15,45
33.785,0.15,45
33.786,0.15,45
33.787,0.15,45
33.788,0.15,45
33.789,0.15,45
33.79,0.15,45
33.791,0.15,45
33.792,0.15,45
33.793,0.15,45
33.794,0.15,45
33.795,0.15,45
33.796,0.15,45
33.797,0.15,45
33.798,0.15,45
33.799,0.15,45
33.8,0.15,45
33.801,0.15,45
33.802,0.15,45
33.803,0.15,45
33.804,0.15,45
33.805,0.15,45
33.806,0.15,45
33.807,0.15,45
33.808,0.15,45
33.809,0.15,45
33.81,0.15,45
33.811,0.15,45
33.812,0.15,45
33.813,0.15,45
33.814,0.15,45
33.815,0.15,45
33.816,0.15,45
33.817,0.15,45
33.818,0.15,45
33.819,0.15,45
33.82,0.15,45
33.821,0.15,45
33.822,0.15,45
33.823,0.15,45
33.824,0.15,45
33.825,0.15,45
33.826,0.15,45
33.827,0.15,45
33.828,0.15,45
33.829,0.15,45
33.83,0.15,45
33.831,0.15,45
33.832,0.15,45
33.833,0.15,45
33.834,0.15,45
33.835,0.15,45
33.836,0.15,45
33.837,0.15,45
33.838,0.15,45
33.839,0.15,45
33.84,0.15,45
33.841,0.15,45
33.842,0.15,45
33.843,0.15,45
33.844,0.15,45
33.845,0.15,45
33.846,0.15,45
33.847,0.15,45
33.848,0.15,45
33.849,0.15,45
33.85,0.15,45
33.851,0.15,45
33.852,0.15,45
33.853,0.15,45
33.854,0.15,45
33.855,0.15,45
33.856,0.15,45
33.857,0.15,45
33.858,0.15,45
33.859,0.15,45
33.86,0.15,45
33.861,0.15,45
33.862,0.15,45
33.863,0.15,45
33.864,0.15,45
33.865,0.15,45
33.866,0.15,45
33.867,0.15,45
33.868,0.15,45
33.869,0.15,45
33.87,0.15,45
33.871,0.15,45
33.872,0.15,45
33.873,0.15,45
33.874,0.15,45
33.875,0.15,45
33.876,0.15,45
33.877,0.15,45
33.878,0.15,45
33.879,0.15,45
33.88,0.15,45
33.881,0.15,45
33.882,0.15,45
33.883,0.15,45
33.884,0.15,45
33.885,0.15,45
33.886,0.15,45
33.887,0.15,45
33.888,0.15,45
33.889,0.15,45
33.89,0.15,45
33.891,0.15,45
33.892,0.15,45
33.893,0.15,45
33.894,0.15,45
33.895,0.15,45
33.896,0.15,45
33.897,0.15,45
33.898,0.15,45
33.899,0.15,45
33.9,0.15,45
33.901,0.15,45
33.902,0.15,45
33.903,0.15,45
33.904,0.15,45
33.905,0.15,45
33.906,0.15,45
33.907,0.15,45
33.908,0.15,45
33.909,0.15,45
33.91,0.15,45
33.911,0.15,45
33.912,0.15,45
33.913,0.15,45
33.914,0.15,45
33.915,0.15,45
33.916,0.15,45
33.917,0.15,45
33.918,0.15,45
33.919,0.15,45
33.92,0.15,45
33.921,0.15,45
33.922,0.15,45
33.923,0.15,45
33.924,0.15,45
33.925,0.15,45
33.926,0.15,45
33.927,0.15,45
33.928,0.15,45
33.929,0.15,45
33.93,0.15,45
33.931,0.15,45
33.932,0.15,45
33.933,0.15,45
33.934,0.15,45
33.935,0.15,45
33.936,0.15,45
33.937,0.15,45
33.938,0.15,45
33.939,0.15,45
33.94,0.15,45
33.941,0.15,45
33.942,0.15,45
33.943,0.15,45
33.944,0.15,45
33.945,0.15,45
33.946,0.15,45
33.947,0.15,45
33.948,0.15,45
33.949,0.15,45
33.95,0.15,45
33.951,0.15,45
33.952,0.15,45
33.953,0.15,45
33.954,0.15,45
33.955,0.15,45
33.956,0.15,45
33.957,0.15,45
33.958,0.15,45
33.959,0.15,45
33.96,0.15,45
33.961,0.15,45
33.962,0.15,45
33.963,0.15,45
33.964,0.15,45
33.965,0.15,45
33.966,0.15,45
33.967,0.15,45
33.968,0.15,45
33.969,0.15,45
33.97,0.15,45
33.971,0.15,45
33.972,0.15,45
33.973,0.15,45
33.974,0.15,45
33.975,0.15,45
33.976,0.15,45
33.977,0.15,45
33.978,0.15,45
33.979,0.15,45
33.98,0.15,45
33.981,0.15,45
33.982,0.15,45
33.983,0.15,45
33.984,0.15,45
33.985,0.15,45
33.986,0.15,45
33.987,0.15,45
33.988,0.15,45
33.989,0.15,45
33.99,0.15,45
33.991,0.15,45
33.992,0.15,45
33.993,0.15,45
33.994,0.15,45
33.995,0.15,45
33.996,0.15,45
33.997,0.15,45
33.998,0.15,45
33.999,0.15,45
34,0.15,45
34.001,0.15,45
34.002,0.15,45
34.003,0.15,45
34.004,0.15,45
34.005,0.15,45
34.006,0.15,45
34.007,0.15,45
34.008,0.15,45
34.009,0.15,45
34.01,0.15,45
34.011,0.15,45
34.012,0.15,45
34.013,0.15,45
34.014,0.15,45
34.015,0.15,45
34.016,0.15,45
34.017,0.15,45
34.018,0.15,45
34.019,0.15,45
34.02,0.15,45
34.021,0.15,45
34.022,0.15,45
34.023,0.15,45
34.024,0.15,45
34.025,0.15,45
34.026,0.15,45
34.027,0.15,45
34.028,0.15,45
34.029,0.15,45
34.03,0.15,45
34.031,0.15,45
34.032,0.15,45
34.033,0.15,45
34.034,0.15,45
34.035,0.15,45
34.036,0.15,45
34.037,0.15,45
34.038,0.15,45
34.039,0.15,45
34.04,0.15,45
34.041,0.15,45
34.042,0.15,45
34.043,0.15,45
34.044,0.15,45
34.045,0.15,45
34.046,0.15,45
34.047,0.15,45
34.048,0.15,45
34.049,0.15,45
34.05,0.15,45
34.051,0.15,45
34.052,0.15,45
34.053,0.15,45
34.054,0.15,45
34.055,0.15,45
34.056,0.15,45
34.057,0.15,45
34.058,0.15,45
34.059,0.15,45
34.06,0.15,45
34.061,0.15,45
34.062,0.15,45
34.063,0.15,45
34.064,0.15,45
34.065,0.15,45
34.066,0.15,45
34.067,0.15,45
34.068,0.15,45
34.069,0.15,45
34.07,0.15,45
34.071,0.15,45
34.072,0.15,45
34.073,0.15,45
34.074,0.15,45
34.075,0.15,45
34.076,0.15,45
34.077,0.15,45
34.078,0.15,45
34.079,0.15,45
34.08,0.15,45
34.081,0.15,45
34.082,0.15,45
34.083,0.15,45
34.084,0.15,45
34.085,0.15,45
34.086,0.15,45
34.087,0.15,45
34.088,0.15,45
34.089,0.15,45
34.09,0.15,45
34.091,0.15,45
34.092,0.15,45
34.093,0.15,45
34.094,0.15,45
34.095,0.15,45
34.096,0.15,45
34.097,0.15,45
34.098,0.15,45
34.099,0.15,45
34.1,0.15,45
34.101,0.15,45
34.102,0.15,45
34.103,0.15,45
34.104,0.15,45
34.105,0.15,45
34.106,0.15,45
34.107,0.15,45
34.108,0.15,45
34.109,0.15,45
34.11,0.15,45
34.111,0.15,45
34.112,0.15,45
34.113,0.15,45
34.114,0.15,45
34.115,0.15,45
34.116,0.15,45
34.117,0.15,45
34.118,0.15,45
34.119,0.15,45
34.12,0.15,45
34.121,0.15,45
34.122,0.15,45
34.123,0.15,45
34.124,0.15,45
34.125,0.15,45
34.126,0.15,45
34.127,0.15,45
34.128,0.15,45
34.129,0.15,45
34.13,0.15,45
34.131,0.15,45
34.132,0.15,45
34.133,0.15,45
34.134,0.15,45
34.135,0.15,45
34.136,0.15,45
34.137,0.15,45
34.138,0.15,45
34.139,0.15,45
34.14,0.15,45
34.141,0.15,45
34.142,0.15,45
34.143,0.15,45
34.144,0.15,45
34.145,0.15,45
34.146,0.15,45
34.147,0.15,45
34.148,0.15,45
34.149,0.15,45
34.15,0.15,45
34.151,0.15,45
34.152,0.15,45
34.153,0.15,45
34.154,0.15,45
34.155,0.15,45
34.156,0.15,45
34.157,0.15,45
34.158,0.15,45
34.159,0.15,45
34.16,0.15,45
34.161,0.15,45
34.162,0.15,45
34.163,0.15,45
34.164,0.15,45
34.165,0.15,45
34.166,0.15,45
34.167,0.15,45
34.168,0.15,45
34.169,0.15,45
34.17,0.15,45
34.171,0.15,45
34.172,0.15,45
34.173,0.15,45
34.174,0.15,45
34.175,0.15,45
34.176,0.15,45
34.177,0.15,45
34.178,0.15,45
34.179,0.15,45
34.18,0.15,45
34.181,0.15,45
34.182,0.15,45
34.183,0.15,45
34.184,0.15,45
34.185,0.15,45
34.186,0.15,45
34.187,0.15,45
34.188,0.15,45
34.189,0.15,45
34.19,0.15,45
34.191,0.15,45
34.192,0.15,45
34.193,0.15,45
34.194,0.15,45
34.195,0.15,45
34.196,0.15,45
34.197,0.15,45
34.198,0.15,45
34.199,0.15,45
34.2,0.15,45
34.201,0.15,45
34.202,0.15,45
34.203,0.15,45
34.204,0.15,45
34.205,0.15,45
34.206,0.15,45
34.207,0.15,45
34.208,0.15,45
34.209,0.15,45
34.21,0.15,45
34.211,0.15,45
34.212,0.15,45
34.213,0.15,45
34.214,0.15,45
34.215,0.15,45
34.216,0.15,45
34.217,0.15,45
34.218,0.15,45
34.219,0.15,45
34.22,0.15,45
34.221,0.15,45
34.222,0.15,45
34.223,0.15,45
34.224,0.15,45
34.225,0.15,45
34.226,0.15,45
34.227,0.15,45
34.228,0.15,45
34.229,0.15,45
34.23,0.15,45
34.231,0.15,45
34.232,0.15,45
34.233,0.15,45
34.234,0.15,45
34.235,0.15,45
34.236,0.15,45
34.237,0.15,45
34.238,0.15,45
34.239,0.15,45
34.24,0.15,45
34.241,0.15,45
34.242,0.15,45
34.243,0.15,45
34.244,0.15,45
34.245,0.15,45
34.246,0.15,45
34.247,0.15,45
34.248,0.15,45
34.249,0.15,45
34.25,0.15,45
34.251,0.15,45
34.252,0.15,45
34.253,0.15,45
34.254,0.15,45
34.255,0.15,45
34.256,0.15,45
34.257,0.15,45
34.258,0.15,45
34.259,0.15,45
34.26,0.15,45
34.261,0.15,45
34.262,0.15,45
34.263,0.15,45
34.264,0.15,45
34.265,0.15,45
34.266,0.15,45
34.267,0.15,45
34.268,0.15,45
34.269,0.15,45
34.27,0.15,45
34.271,0.15,45
34.272,0.15,45
34.273,0.15,45
34.274,0.15,45
34.275,0.15,45
34.276,0.15,45
34.277,0.15,45
34.278,0.15,45
34.279,0.15,45
34.28,0.15,45
34.281,0.15,45
34.282,0.15,45
34.283,0.15,45
34.284,0.15,45
34.285,0.15,45
34.286,0.15,45
34.287,0.15,45
34.288,0.15,45
34.289,0.15,45
34.29,0.15,45
34.291,0.15,45
34.292,0.15,45
34.293,0.15,45
34.294,0.15,45
34.295,0.15,45
34.296,0.15,45
34.297,0.15,45
34.298,0.15,45
34.299,0.15,45
34.3,0.15,45
34.301,0.15,45
34.302,0.15,45
34.303,0.15,45
34.304,0.15,45
34.305,0.15,45
34.306,0.15,45
34.307,0.15,45
34.308,0.15,45
34.309,0.15,45
34.31,0.15,45
34.311,0.15,45
34.312,0.15,45
34.313,0.15,45
34.314,0.15,45
34.315,0.15,45
34.316,0.15,45
34.317,0.15,45
34.318,0.15,45
34.319,0.15,45
34.32,0.15,45
34.321,0.15,45
34.322,0.15,45
34.323,0.15,45
34.324,0.15,45
34.325,0.15,45
34.326,0.15,45
34.327,0.15,45
34.328,0.15,45
34.329,0.15,45
34.33,0.15,45
34.331,0.15,45
34.332,0.15,45
34.333,0.15,45
34.334,0.15,45
34.335,0.15,45
34.336,0.15,45
34.337,0.15,45
34.338,0.15,45
34.339,0.15,45
34.34,0.15,45
34.341,0.15,45
34.342,0.15,45
34.343,0.15,45
34.344,0.15,45
34.345,0.15,45
34.346,0.15,45
34.347,0.15,45
34.348,0.15,45
34.349,0.15,45
34.35,0.15,45
34.351,0.15,45
34.352,0.15,45
34.353,0.15,45
34.354,0.15,45
34.355,0.15,45
34.356,0.15,45
34.357,0.15,45
34.358,0.15,45
34.359,0.15,45
34.36,0.15,45
34.361,0.15,45
34.362,0.15,45
34.363,0.15,45
34.364,0.15,45
34.365,0.15,45
34.366,0.15,45
34.367,0.15,45
34.368,0.15,45
34.369,0.15,45
34.37,0.15,45
34.371,0.15,45
34.372,0.15,45
34.373,0.15,45
34.374,0.15,45
34.375,0.15,45
34.376,0.15,45
34.377,0.15,45
34.378,0.15,45
34.379,0.15,45
34.38,0.15,45
34.381,0.15,45
34.382,0.15,45
34.383,0.15,45
34.384,0.15,45
34.385,0.15,45
34.386,0.15,45
34.387,0.15,45
34.388,0.15,45
34.389,0.15,45
34.39,0.15,45
34.391,0.15,45
34.392,0.15,45
34.393,0.15,45
34.394,0.15,45
34.395,0.15,45
34.396,0.15,45
34.397,0.15,45
34.398,0.15,45
34.399,0.15,45
34.4,0.15,45
34.401,0.15,45
34.402,0.15,45
34.403,0.15,45
34.404,0.15,45
34.405,0.15,45
34.406,0.15,45
34.407,0.15,45
34.408,0.15,45
34.409,0.15,45
34.41,0.15,45
34.411,0.15,45
34.412,0.15,45
34.413,0.15,45
34.414,0.15,45
34.415,0.15,45
34.416,0.15,45
34.417,0.15,45
34.418,0.15,45
34.419,0.15,45
34.42,0.15,45
34.421,0.15,45
34.422,0.15,45
34.423,0.15,45
34.424,0.15,45
34.425,0.15,45
34.426,0.15,45
34.427,0.15,45
34.428,0.15,45
34.429,0.15,45
34.43,0.15,45
34.431,0.15,45
34.432,0.15,45
34.433,0.15,45
34.434,0.15,45
34.435,0.15,45
34.436,0.15,45
34.437,0.15,45
34.438,0.15,45
34.439,0.15,45
34.44,0.15,45
34.441,0.15,45
34.442,0.15,45
34.443,0.15,45
34.444,0.15,45
34.445,0.15,45
34.446,0.15,45
34.447,0.15,45
34.448,0.15,45
34.449,0.15,45
34.45,0.15,45
34.451,0.15,45
34.452,0.15,45
34.453,0.15,45
34.454,0.15,45
34.455,0.15,45
34.456,0.15,45
34.457,0.15,45
34.458,0.15,45
34.459,0.15,45
34.46,0.15,45
34.461,0.15,45
34.462,0.15,45
34.463,0.15,45
34.464,0.15,45
34.465,0.15,45
34.466,0.15,45
34.467,0.15,45
34.468,0.15,45
34.469,0.15,45
34.47,0.15,45
34.471,0.15,45
34.472,0.15,45
34.473,0.15,45
34.474,0.15,45
34.475,0.15,45
34.476,0.15,45
34.477,0.15,45
34.478,0.15,45
34.479,0.15,45
34.48,0.15,45
34.481,0.15,45
34.482,0.15,45
34.483,0.15,45
34.484,0.15,45
34.485,0.15,45
34.486,0.15,45
34.487,0.15,45
34.488,0.15,45
34.489,0.15,45
34.49,0.15,45
34.491,0.15,45
34.492,0.15,45
34.493,0.15,45
34.494,0.15,45
34.495,0.15,45
34.496,0.15,45
34.497,0.15,45
34.498,0.15,45
34.499,0.15,45
34.5,0.15,45
34.501,0.15,45
34.502,0.15,45
34.503,0.15,45
34.504,0.15,45
34.505,0.15,45
34.506,0.15,45
34.507,0.15,45
34.508,0.15,45
34.509,0.15,45
34.51,0.15,45
34.511,0.15,45
34.512,0.15,45
34.513,0.15,45
34.514,0.15,45
34.515,0.15,45
34.516,0.15,45
34.517,0.15,45
34.518,0.15,45
34.519,0.15,45
34.52,0.15,45
34.521,0.15,45
34.522,0.15,45
34.523,0.15,45
34.524,0.15,45
34.525,0.15,45
34.526,0.15,45
34.527,0.15,45
34.528,0.15,45
34.529,0.15,45
34.53,0.15,45
34.531,0.15,45
34.532,0.15,45
34.533,0.15,45
34.534,0.15,45
34.535,0.15,45
34.536,0.15,45
34.537,0.15,45
34.538,0.15,45
34.539,0.15,45
34.54,0.15,45
34.541,0.15,45
34.542,0.15,45
34.543,0.15,45
34.544,0.15,45
34.545,0.15,45
34.546,0.15,45
34.547,0.15,45
34.548,0.15,45
34.549,0.15,45
34.55,0.15,45
34.551,0.15,45
34.552,0.15,45
34.553,0.15,45
34.554,0.15,45
34.555,0.15,45
34.556,0.15,45
34.557,0.15,45
34.558,0.15,45
34.559,0.15,45
34.56,0.15,45
34.561,0.15,45
34.562,0.15,45
34.563,0.15,45
34.564,0.15,45
34.565,0.15,45
34.566,0.15,45
34.567,0.15,45
34.568,0.15,45
34.569,0.15,45
34.57,0.15,45
34.571,0.15,45
34.572,0.15,45
34.573,0.15,45
34.574,0.15,45
34.575,0.15,45
34.576,0.15,45
34.577,0.15,45
34.578,0.15,45
34.579,0.15,45
34.58,0.15,45
34.581,0.15,45
34.582,0.15,45
34.583,0.15,45
34.584,0.15,45
34.585,0.15,45
34.586,0.15,45
34.587,0.15,45
34.588,0.15,45
34.589,0.15,45
34.59,0.15,45
34.591,0.15,45
34.592,0.15,45
34.593,0.15,45
34.594,0.15,45
34.595,0.15,45
34.596,0.15,45
34.597,0.15,45
34.598,0.15,45
34.599,0.15,45
34.6,0.15,45
34.601,0.15,45
34.602,0.15,45
34.603,0.15,45
34.604,0.15,45
34.605,0.15,45
34.606,0.15,45
34.607,0.15,45
34.608,0.15,45
34.609,0.15,45
34.61,0.15,45
34.611,0.15,45
34.612,0.15,45
34.613,0.15,45
34.614,0.15,45
34.615,0.15,45
34.616,0.15,45
34.617,0.15,45
34.618,0.15,45
34.619,0.15,45
34.62,0.15,45
34.621,0.15,45
34.622,0.15,45
34.623,0.15,45
34.624,0.15,45
34.625,0.15,45
34.626,0.15,45
34.627,0.15,45
34.628,0.15,45
34.629,0.15,45
34.63,0.15,45
34.631,0.15,45
34.632,0.15,45
34.633,0.15,45
34.634,0.15,45
34.635,0.15,45
34.636,0.15,45
34.637,0.15,45
34.638,0.15,45
34.639,0.15,45
34.64,0.15,45
34.641,0.15,45
34.642,0.15,45
34.643,0.15,45
34.644,0.15,45
34.645,0.15,45
34.646,0.15,45
34.647,0.15,45
34.648,0.15,45
34.649,0.15,45
34.65,0.15,45
34.651,0.15,45
34.652,0.15,45
34.653,0.15,45
34.654,0.15,45
34.655,0.15,45
34.656,0.15,45
34.657,0.15,45
34.658,0.15,45
34.659,0.15,45
34.66,0.15,45
34.661,0.15,45
34.662,0.15,45
34.663,0.15,45
34.664,0.15,45
34.665,0.15,45
34.666,0.15,45
34.667,0.15,45
34.668,0.15,45
34.669,0.15,45
34.67,0.15,45
34.671,0.15,45
34.672,0.15,45
34.673,0.15,45
34.674,0.15,45
34.675,0.15,45
34.676,0.15,45
34.677,0.15,45
34.678,0.15,45
34.679,0.15,45
34.68,0.15,45
34.681,0.15,45
34.682,0.15,45
34.683,0.15,45
34.684,0.15,45
34.685,0.15,45
34.686,0.15,45
34.687,0.15,45
34.688,0.15,45
34.689,0.15,45
34.69,0.15,45
34.691,0.15,45
34.692,0.15,45
34.693,0.15,45
34.694,0.15,45
34.695,0.15,45
34.696,0.15,45
34.697,0.15,45
34.698,0.15,45
34.699,0.15,45
34.7,0.15,45
34.701,0.15,45
34.702,0.15,45
34.703,0.15,45
34.704,0.15,45
34.705,0.15,45
34.706,0.15,45
34.707,0.15,45
34.708,0.15,45
34.709,0.15,45
34.71,0.15,45
34.711,0.15,45
34.712,0.15,45
34.713,0.15,45
34.714,0.15,45
34.715,0.15,45
34.716,0.15,45
34.717,0.15,45
34.718,0.15,45
34.719,0.15,45
34.72,0.15,45
34.721,0.15,45
34.722,0.15,45
34.723,0.15,45
34.724,0.15,45
34.725,0.15,45
34.726,0.15,45
34.727,0.15,45
34.728,0.15,45
34.729,0.15,45
34.73,0.15,45
34.731,0.15,45
34.732,0.15,45
34.733,0.15,45
34.734,0.15,45
34.735,0.15,45
34.736,0.15,45
34.737,0.15,45
34.738,0.15,45
34.739,0.15,45
34.74,0.15,45
34.741,0.15,45
34.742,0.15,45
34.743,0.15,45
34.744,0.15,45
34.745,0.15,45
34.746,0.15,45
34.747,0.15,45
34.748,0.15,45
34.749,0.15,45
34.75,0.15,45
34.751,0.15,45
34.752,0.15,45
34.753,0.15,45
34.754,0.15,45
34.755,0.15,45
34.756,0.15,45
34.757,0.15,45
34.758,0.15,45
34.759,0.15,45
34.76,0.15,45
34.761,0.15,45
34.762,0.15,45
34.763,0.15,45
34.764,0.15,45
34.765,0.15,45
34.766,0.15,45
34.767,0.15,45
34.768,0.15,45
34.769,0.15,45
34.77,0.15,45
34.771,0.15,45
34.772,0.15,45
34.773,0.15,45
34.774,0.15,45
34.775,0.15,45
34.776,0.15,45
34.777,0.15,45
34.778,0.15,45
34.779,0.15,45
34.78,0.15,45
34.781,0.15,45
34.782,0.15,45
34.783,0.15,45
34.784,0.15,45
34.785,0.15,45
34.786,0.15,45
34.787,0.15,45
34.788,0.15,45
34.789,0.15,45
34.79,0.15,45
34.791,0.15,45
34.792,0.15,45
34.793,0.15,45
34.794,0.15,45
34.795,0.15,45
34.796,0.15,45
34.797,0.15,45
34.798,0.15,45
34.799,0.15,45
34.8,0.15,45
34.801,0.15,45
34.802,0.15,45
34.803,0.15,45
34.804,0.15,45
34.805,0.15,45
34.806,0.15,45
34.807,0.15,45
34.808,0.15,45
34.809,0.15,45
34.81,0.15,45
34.811,0.15,45
34.812,0.15,45
34.813,0.15,45
34.814,0.15,45
34.815,0.15,45
34.816,0.15,45
34.817,0.15,45
34.818,0.15,45
34.819,0.15,45
34.82,0.15,45
34.821,0.15,45
34.822,0.15,45
34.823,0.15,45
34.824,0.15,45
34.825,0.15,45
34.826,0.15,45
34.827,0.15,45
34.828,0.15,45
34.829,0.15,45
34.83,0.15,45
34.831,0.15,45
34.832,0.15,45
34.833,0.15,45
34.834,0.15,45
34.835,0.15,45
34.836,0.15,45
34.837,0.15,45
34.838,0.15,45
34.839,0.15,45
34.84,0.15,45
34.841,0.15,45
34.842,0.15,45
34.843,0.15,45
34.844,0.15,45
34.845,0.15,45
34.846,0.15,45
34.847,0.15,45
34.848,0.15,45
34.849,0.15,45
34.85,0.15,45
34.851,0.15,45
34.852,0.15,45
34.853,0.15,45
34.854,0.15,45
34.855,0.15,45
34.856,0.15,45
34.857,0.15,45
34.858,0.15,45
34.859,0.15,45
34.86,0.15,45
34.861,0.15,45
34.862,0.15,45
34.863,0.15,45
34.864,0.15,45
34.865,0.15,45
34.866,0.15,45
34.867,0.15,45
34.868,0.15,45
34.869,0.15,45
34.87,0.15,45
34.871,0.15,45
34.872,0.15,45
34.873,0.15,45
34.874,0.15,45
34.875,0.15,45
34.876,0.15,45
34.877,0.15,45
34.878,0.15,45
34.879,0.15,45
34.88,0.15,45
34.881,0.15,45
34.882,0.15,45
34.883,0.15,45
34.884,0.15,45
34.885,0.15,45
34.886,0.15,45
34.887,0.15,45
34.888,0.15,45
34.889,0.15,45
34.89,0.15,45
34.891,0.15,45
34.892,0.15,45
34.893,0.15,45
34.894,0.15,45
34.895,0.15,45
34.896,0.15,45
34.897,0.15,45
34.898,0.15,45
34.899,0.15,45
34.9,0.15,45
34.901,0.15,45
34.902,0.15,45
34.903,0.15,45
34.904,0.15,45
34.905,0.15,45
34.906,0.15,45
34.907,0.15,45
34.908,0.15,45
34.909,0.15,45
34.91,0.15,45
34.911,0.15,45
34.912,0.15,45
34.913,0.15,45
34.914,0.15,45
34.915,0.15,45
34.916,0.15,45
34.917,0.15,45
34.918,0.15,45
34.919,0.15,45
34.92,0.15,45
34.921,0.15,45
34.922,0.15,45
34.923,0.15,45
34.924,0.15,45
34.925,0.15,45
34.926,0.15,45
34.927,0.15,45
34.928,0.15,45
34.929,0.15,45
34.93,0.15,45
34.931,0.15,45
34.932,0.15,45
34.933,0.15,45
34.934,0.15,45
34.935,0.15,45
34.936,0.15,45
34.937,0.15,45
34.938,0.15,45
34.939,0.15,45
34.94,0.15,45
34.941,0.15,45
34.942,0.15,45
34.943,0.15,45
34.944,0.15,45
34.945,0.15,45
34.946,0.15,45
34.947,0.15,45
34.948,0.15,45
34.949,0.15,45
34.95,0.15,45
34.951,0.15,45
34.952,0.15,45
34.953,0.15,45
34.954,0.15,45
34.955,0.15,45
34.956,0.15,45
34.957,0.15,45
34.958,0.15,45
34.959,0.15,45
34.96,0.15,45
34.961,0.15,45
34.962,0.15,45
34.963,0.15,45
34.964,0.15,45
34.965,0.15,45
34.966,0.15,45
34.967,0.15,45
34.968,0.15,45
34.969,0.15,45
34.97,0.15,45
34.971,0.15,45
34.972,0.15,45
34.973,0.15,45
34.974,0.15,45
34.975,0.15,45
34.976,0.15,45
34.977,0.15,45
34.978,0.15,45
34.979,0.15,45
34.98,0.15,45
34.981,0.15,45
34.982,0.15,45
34.983,0.15,45
34.984,0.15,45
34.985,0.15,45
34.986,0.15,45
34.987,0.15,45
34.988,0.15,45
34.989,0.15,45
34.99,0.15,45
34.991,0.15,45
34.992,0.15,45
34.993,0.15,45
34.994,0.15,45
34.995,0.15,45
34.996,0.15,45
34.997,0.15,45
34.998,0.15,45
34.999,0.15,45
35,0.15,45
35.001,0.15,45
35.002,0.15,45
35.003,0.15,45
35.004,0.15,45
35.005,0.15,45
35.006,0.15,45
35.007,0.15,45
35.008,0.15,45
35.009,0.15,45
35.01,0.15,45
35.011,0.15,45
35.012,0.15,45
35.013,0.15,45
35.014,0.15,45
35.015,0.15,45
35.016,0.15,45
35.017,0.15,45
35.018,0.15,45
35.019,0.15,45
35.02,0.15,45
35.021,0.15,45
35.022,0.15,45
35.023,0.15,45
35.024,0.15,45
35.025,0.15,45
35.026,0.15,45
35.027,0.15,45
35.028,0.15,45
35.029,0.15,45
35.03,0.15,45
35.031,0.15,45
35.032,0.15,45
35.033,0.15,45
35.034,0.15,45
35.035,0.15,45
35.036,0.15,45
35.037,0.15,45
35.038,0.15,45
35.039,0.15,45
35.04,0.15,45
35.041,0.15,45
35.042,0.15,45
35.043,0.15,45
35.044,0.15,45
35.045,0.15,45
35.046,0.15,45
35.047,0.15,45
35.048,0.15,45
35.049,0.15,45
35.05,0.15,45
35.051,0.15,45
35.052,0.15,45
35.053,0.15,45
35.054,0.15,45
35.055,0.15,45
35.056,0.15,45
35.057,0.15,45
35.058,0.15,45
35.059,0.15,45
35.06,0.15,45
35.061,0.15,45
35.062,0.15,45
35.063,0.15,45
35.064,0.15,45
35.065,0.15,45
35.066,0.15,45
35.067,0.15,45
35.068,0.15,45
35.069,0.15,45
35.07,0.15,45
35.071,0.15,45
35.072,0.15,45
35.073,0.15,45
35.074,0.15,45
35.075,0.15,45
35.076,0.15,45
35.077,0.15,45
35.078,0.15,45
35.079,0.15,45
35.08,0.15,45
35.081,0.15,45
35.082,0.15,45
35.083,0.15,45
35.084,0.15,45
35.085,0.15,45
35.086,0.15,45
35.087,0.15,45
35.088,0.15,45
35.089,0.15,45
35.09,0.15,45
35.091,0.15,45
35.092,0.15,45
35.093,0.15,45
35.094,0.15,45
35.095,0.15,45
35.096,0.15,45
35.097,0.15,45
35.098,0.15,45
35.099,0.15,45
35.1,0.15,45
35.101,0.15,45
35.102,0.15,45
35.103,0.15,45
35.104,0.15,45
35.105,0.15,45
35.106,0.15,45
35.107,0.15,45
35.108,0.15,45
35.109,0.15,45
35.11,0.15,45
35.111,0.15,45
35.112,0.15,45
35.113,0.15,45
35.114,0.15,45
35.115,0.15,45
35.116,0.15,45
35.117,0.15,45
35.118,0.15,45
35.119,0.15,45
35.12,0.15,45
35.121,0.15,45
35.122,0.15,45
35.123,0.15,45
35.124,0.15,45
35.125,0.15,45
35.126,0.15,45
35.127,0.15,45
35.128,0.15,45
35.129,0.15,45
35.13,0.15,45
35.131,0.15,45
35.132,0.15,45
35.133,0.15,45
35.134,0.15,45
35.135,0.15,45
35.136,0.15,45
35.137,0.15,45
35.138,0.15,45
35.139,0.15,45
35.14,0.15,45
35.141,0.15,45
35.142,0.15,45
35.143,0.15,45
35.144,0.15,45
35.145,0.15,45
35.146,0.15,45
35.147,0.15,45
35.148,0.15,45
35.149,0.15,45
35.15,0.15,45
35.151,0.15,45
35.152,0.15,45
35.153,0.15,45
35.154,0.15,45
35.155,0.15,45
35.156,0.15,45
35.157,0.15,45
35.158,0.15,45
35.159,0.15,45
35.16,0.15,45
35.161,0.15,45
35.162,0.15,45
35.163,0.15,45
35.164,0.15,45
35.165,0.15,45
35.166,0.15,45
35.167,0.15,45
35.168,0.15,45
35.169,0.15,45
35.17,0.15,45
35.171,0.15,45
35.172,0.15,45
35.173,0.15,45
35.174,0.15,45
35.175,0.15,45
35.176,0.15,45
35.177,0.15,45
35.178,0.15,45
35.179,0.15,45
35.18,0.15,45
35.181,0.15,45
35.182,0.15,45
35.183,0.15,45
35.184,0.15,45
35.185,0.15,45
35.186,0.15,45
35.187,0.15,45
35.188,0.15,45
35.189,0.15,45
35.19,0.15,45
35.191,0.15,45
35.192,0.15,45
35.193,0.15,45
35.194,0.15,45
35.195,0.15,45
35.196,0.15,45
35.197,0.15,45
35.198,0.15,45
35.199,0.15,45
35.2,0.15,45
35.201,0.15,45
35.202,0.15,45
35.203,0.15,45
35.204,0.15,45
35.205,0.15,45
35.206,0.15,45
35.207,0.15,45
35.208,0.15,45
35.209,0.15,45
35.21,0.15,45
35.211,0.15,45
35.212,0.15,45
35.213,0.15,45
35.214,0.15,45
35.215,0.15,45
35.216,0.15,45
35.217,0.15,45
35.218,0.15,45
35.219,0.15,45
35.22,0.15,45
35.221,0.15,45
35.222,0.15,45
35.223,0.15,45
35.224,0.15,45
35.225,0.15,45
35.226,0.15,45
35.227,0.15,45
35.228,0.15,45
35.229,0.15,45
35.23,0.15,45
35.231,0.15,45
35.232,0.15,45
35.233,0.15,45
35.234,0.15,45
35.235,0.15,45
35.236,0.15,45
35.237,0.15,45
35.238,0.15,45
35.239,0.15,45
35.24,0.15,45
35.241,0.15,45
35.242,0.15,45
35.243,0.15,45
35.244,0.15,45
35.245,0.15,45
35.246,0.15,45
35.247,0.15,45
35.248,0.15,45
35.249,0.15,45
35.25,0.15,45
35.251,0.15,45
35.252,0.15,45
35.253,0.15,45
35.254,0.15,45
35.255,0.15,45
35.256,0.15,45
35.257,0.15,45
35.258,0.15,45
35.259,0.15,45
35.26,0.15,45
35.261,0.15,45
35.262,0.15,45
35.263,0.15,45
35.264,0.15,45
35.265,0.15,45
35.266,0.15,45
35.267,0.15,45
35.268,0.15,45
35.269,0.15,45
35.27,0.15,45
35.271,0.15,45
35.272,0.15,45
35.273,0.15,45
35.274,0.15,45
35.275,0.15,45
35.276,0.15,45
35.277,0.15,45
35.278,0.15,45
35.279,0.15,45
35.28,0.15,45
35.281,0.15,45
35.282,0.15,45
35.283,0.15,45
35.284,0.15,45
35.285,0.15,45
35.286,0.15,45
35.287,0.15,45
35.288,0.15,45
35.289,0.15,45
35.29,0.15,45
35.291,0.15,45
35.292,0.15,45
35.293,0.15,45
35.294,0.15,45
35.295,0.15,45
35.296,0.15,45
35.297,0.15,45
35.298,0.15,45
35.299,0.15,45
35.3,0.15,45
35.301,0.15,45
35.302,0.15,45
35.303,0.15,45
35.304,0.15,45
35.305,0.15,45
35.306,0.15,45
35.307,0.15,45
35.308,0.15,45
35.309,0.15,45
35.31,0.15,45
35.311,0.15,45
35.312,0.15,45
35.313,0.15,45
35.314,0.15,45
35.315,0.15,45
35.316,0.15,45
35.317,0.15,45
35.318,0.15,45
35.319,0.15,45
35.32,0.15,45
35.321,0.15,45
35.322,0.15,45
35.323,0.15,45
35.324,0.15,45
35.325,0.15,45
35.326,0.15,45
35.327,0.15,45
35.328,0.15,45
35.329,0.15,45
35.33,0.15,45
35.331,0.15,45
35.332,0.15,45
35.333,0.15,45
35.334,0.15,45
35.335,0.15,45
35.336,0.15,45
35.337,0.15,45
35.338,0.15,45
35.339,0.15,45
35.34,0.15,45
35.341,0.15,45
35.342,0.15,45
35.343,0.15,45
35.344,0.15,45
35.345,0.15,45
35.346,0.15,45
35.347,0.15,45
35.348,0.15,45
35.349,0.15,45
35.35,0.15,45
35.351,0.15,45
35.352,0.15,45
35.353,0.15,45
35.354,0.15,45
35.355,0.15,45
35.356,0.15,45
35.357,0.15,45
35.358,0.15,45
35.359,0.15,45
35.36,0.15,45
35.361,0.15,45
35.362,0.15,45
35.363,0.15,45
35.364,0.15,45
35.365,0.15,45
35.366,0.15,45
35.367,0.15,45
35.368,0.15,45
35.369,0.15,45
35.37,0.15,45
35.371,0.15,45
35.372,0.15,45
35.373,0.15,45
35.374,0.15,45
35.375,0.15,45
35.376,0.15,45
35.377,0.15,45
35.378,0.15,45
35.379,0.15,45
35.38,0.15,45
35.381,0.15,45
35.382,0.15,45
35.383,0.15,45
35.384,0.15,45
35.385,0.15,45
35.386,0.15,45
35.387,0.15,45
35.388,0.15,45
35.389,0.15,45
35.39,0.15,45
35.391,0.15,45
35.392,0.15,45
35.393,0.15,45
35.394,0.15,45
35.395,0.15,45
35.396,0.15,45
35.397,0.15,45
35.398,0.15,45
35.399,0.15,45
35.4,0.15,45
35.401,0.15,45
35.402,0.15,45
35.403,0.15,45
35.404,0.15,45
35.405,0.15,45
35.406,0.15,45
35.407,0.15,45
35.408,0.15,45
35.409,0.15,45
35.41,0.15,45
35.411,0.15,45
35.412,0.15,45
35.413,0.15,45
35.414,0.15,45
35.415,0.15,45
35.416,0.15,45
35.417,0.15,45
35.418,0.15,45
35.419,0.15,45
35.42,0.15,45
35.421,0.15,45
35.422,0.15,45
35.423,0.15,45
35.424,0.15,45
35.425,0.15,45
35.426,0.15,45
35.427,0.15,45
35.428,0.15,45
35.429,0.15,45
35.43,0.15,45
35.431,0.15,45
35.432,0.15,45
35.433,0.15,45
35.434,0.15,45
35.435,0.15,45
35.436,0.15,45
35.437,0.15,45
35.438,0.15,45
35.439,0.15,45
35.44,0.15,45
35.441,0.15,45
35.442,0.15,45
35.443,0.15,45
35.444,0.15,45
35.445,0.15,45
35.446,0.15,45
35.447,0.15,45
35.448,0.15,45
35.449,0.15,45
35.45,0.15,45
35.451,0.15,45
35.452,0.15,45
35.453,0.15,45
35.454,0.15,45
35.455,0.15,45
35.456,0.15,45
35.457,0.15,45
35.458,0.15,45
35.459,0.15,45
35.46,0.15,45
35.461,0.15,45
35.462,0.15,45
35.463,0.15,45
35.464,0.15,45
35.465,0.15,45
35.466,0.15,45
35.467,0.15,45
35.468,0.15,45
35.469,0.15,45
35.47,0.15,45
35.471,0.15,45
35.472,0.15,45
35.473,0.15,45
35.474,0.15,45
35.475,0.15,45
35.476,0.15,45
35.477,0.15,45
35.478,0.15,45
35.479,0.15,45
35.48,0.15,45
35.481,0.15,45
35.482,0.15,45
35.483,0.15,45
35.484,0.15,45
35.485,0.15,45
35.486,0.15,45
35.487,0.15,45
35.488,0.15,45
35.489,0.15,45
35.49,0.15,45
35.491,0.15,45
35.492,0.15,45
35.493,0.15,45
35.494,0.15,45
35.495,0.15,45
35.496,0.15,45
35.497,0.15,45
35.498,0.15,45
35.499,0.15,45
35.5,0.15,45
35.501,0.15,45
35.502,0.15,45
35.503,0.15,45
35.504,0.15,45
35.505,0.15,45
35.506,0.15,45
35.507,0.15,45
35.508,0.15,45
35.509,0.15,45
35.51,0.15,45
35.511,0.15,45
35.512,0.15,45
35.513,0.15,45
35.514,0.15,45
35.515,0.15,45
35.516,0.15,45
35.517,0.15,45
35.518,0.15,45
35.519,0.15,45
35.52,0.15,45
35.521,0.15,45
35.522,0.15,45
35.523,0.15,45
35.524,0.15,45
35.525,0.15,45
35.526,0.15,45
35.527,0.15,45
35.528,0.15,45
35.529,0.15,45
35.53,0.15,45
35.531,0.15,45
35.532,0.15,45
35.533,0.15,45
35.534,0.15,45
35.535,0.15,45
35.536,0.15,45
35.537,0.15,45
35.538,0.15,45
35.539,0.15,45
35.54,0.15,45
35.541,0.15,45
35.542,0.15,45
35.543,0.15,45
35.544,0.15,45
35.545,0.15,45
35.546,0.15,45
35.547,0.15,45
35.548,0.15,45
35.549,0.15,45
35.55,0.15,45
35.551,0.15,45
35.552,0.15,45
35.553,0.15,45
35.554,0.15,45
35.555,0.15,45
35.556,0.15,45
35.557,0.15,45
35.558,0.15,45
35.559,0.15,45
35.56,0.15,45
35.561,0.15,45
35.562,0.15,45
35.563,0.15,45
35.564,0.15,45
35.565,0.15,45
35.566,0.15,45
35.567,0.15,45
35.568,0.15,45
35.569,0.15,45
35.57,0.15,45
35.571,0.15,45
35.572,0.15,45
35.573,0.15,45
35.574,0.15,45
35.575,0.15,45
35.576,0.15,45
35.577,0.15,45
35.578,0.15,45
35.579,0.15,45
35.58,0.15,45
35.581,0.15,45
35.582,0.15,45
35.583,0.15,45
35.584,0.15,45
35.585,0.15,45
35.586,0.15,45
35.587,0.15,45
35.588,0.15,45
35.589,0.15,45
35.59,0.15,45
35.591,0.15,45
35.592,0.15,45
35.593,0.15,45
35.594,0.15,45
35.595,0.15,45
35.596,0.15,45
35.597,0.15,45
35.598,0.15,45
35.599,0.15,45
35.6,0.15,45
35.601,0.15,45
35.602,0.15,45
35.603,0.15,45
35.604,0.15,45
35.605,0.15,45
35.606,0.15,45
35.607,0.15,45
35.608,0.15,45
35.609,0.15,45
35.61,0.15,45
35.611,0.15,45
35.612,0.15,45
35.613,0.15,45
35.614,0.15,45
35.615,0.15,45
35.616,0.15,45
35.617,0.15,45
35.618,0.15,45
35.619,0.15,45
35.62,0.15,45
35.621,0.15,45
35.622,0.15,45
35.623,0.15,45
35.624,0.15,45
35.625,0.15,45
35.626,0.15,45
35.627,0.15,45
35.628,0.15,45
35.629,0.15,45
35.63,0.15,45
35.631,0.15,45
35.632,0.15,45
35.633,0.15,45
35.634,0.15,45
35.635,0.15,45
35.636,0.15,45
35.637,0.15,45
35.638,0.15,45
35.639,0.15,45
35.64,0.15,45
35.641,0.15,45
35.642,0.15,45
35.643,0.15,45
35.644,0.15,45
35.645,0.15,45
35.646,0.15,45
35.647,0.15,45
35.648,0.15,45
35.649,0.15,45
35.65,0.15,45
35.651,0.15,45
35.652,0.15,45
35.653,0.15,45
35.654,0.15,45
35.655,0.15,45
35.656,0.15,45
35.657,0.15,45
35.658,0.15,45
35.659,0.15,45
35.66,0.15,45
35.661,0.15,45
35.662,0.15,45
35.663,0.15,45
35.664,0.15,45
35.665,0.15,45
35.666,0.15,45
35.667,0.15,45
35.668,0.15,45
35.669,0.15,45
35.67,0.15,45
35.671,0.15,45
35.672,0.15,45
35.673,0.15,45
35.674,0.15,45
35.675,0.15,45
35.676,0.15,45
35.677,0.15,45
35.678,0.15,45
35.679,0.15,45
35.68,0.15,45
35.681,0.15,45
35.682,0.15,45
35.683,0.15,45
35.684,0.15,45
35.685,0.15,45
35.686,0.15,45
35.687,0.15,45
35.688,0.15,45
35.689,0.15,45
35.69,0.15,45
35.691,0.15,45
35.692,0.15,45
35.693,0.15,45
35.694,0.15,45
35.695,0.15,45
35.696,0.15,45
35.697,0.15,45
35.698,0.15,45
35.699,0.15,45
35.7,0.15,45
35.701,0.15,45
35.702,0.15,45
35.703,0.15,45
35.704,0.15,45
35.705,0.15,45
35.706,0.15,45
35.707,0.15,45
35.708,0.15,45
35.709,0.15,45
35.71,0.15,45
35.711,0.15,45
35.712,0.15,45
35.713,0.15,45
35.714,0.15,45
35.715,0.15,45
35.716,0.15,45
35.717,0.15,45
35.718,0.15,45
35.719,0.15,45
35.72,0.15,45
35.721,0.15,45
35.722,0.15,45
35.723,0.15,45
35.724,0.15,45
35.725,0.15,45
35.726,0.15,45
35.727,0.15,45
35.728,0.15,45
35.729,0.15,45
35.73,0.15,45
35.731,0.15,45
35.732,0.15,45
35.733,0.15,45
35.734,0.15,45
35.735,0.15,45
35.736,0.15,45
35.737,0.15,45
35.738,0.15,45
35.739,0.15,45
35.74,0.15,45
35.741,0.15,45
35.742,0.15,45
35.743,0.15,45
35.744,0.15,45
35.745,0.15,45
35.746,0.15,45
35.747,0.15,45
35.748,0.15,45
35.749,0.15,45
35.75,0.15,45
35.751,0.15,45
35.752,0.15,45
35.753,0.15,45
35.754,0.15,45
35.755,0.15,45
35.756,0.15,45
35.757,0.15,45
35.758,0.15,45
35.759,0.15,45
35.76,0.15,45
35.761,0.15,45
35.762,0.15,45
35.763,0.15,45
35.764,0.15,45
35.765,0.15,45
35.766,0.15,45
35.767,0.15,45
35.768,0.15,45
35.769,0.15,45
35.77,0.15,45
35.771,0.15,45
35.772,0.15,45
35.773,0.15,45
35.774,0.15,45
35.775,0.15,45
35.776,0.15,45
35.777,0.15,45
35.778,0.15,45
35.779,0.15,45
35.78,0.15,45
35.781,0.15,45
35.782,0.15,45
35.783,0.15,45
35.784,0.15,45
35.785,0.15,45
35.786,0.15,45
35.787,0.15,45
35.788,0.15,45
35.789,0.15,45
35.79,0.15,45
35.791,0.15,45
35.792,0.15,45
35.793,0.15,45
35.794,0.15,45
35.795,0.15,45
35.796,0.15,45
35.797,0.15,45
35.798,0.15,45
35.799,0.15,45
35.8,0.15,45
35.801,0.15,45
35.802,0.15,45
35.803,0.15,45
35.804,0.15,45
35.805,0.15,45
35.806,0.15,45
35.807,0.15,45
35.808,0.15,45
35.809,0.15,45
35.81,0.15,45
35.811,0.15,45
35.812,0.15,45
35.813,0.15,45
35.814,0.15,45
35.815,0.15,45
35.816,0.15,45
35.817,0.15,45
35.818,0.15,45
35.819,0.15,45
35.82,0.15,45
35.821,0.15,45
35.822,0.15,45
35.823,0.15,45
35.824,0.15,45
35.825,0.15,45
35.826,0.15,45
35.827,0.15,45
35.828,0.15,45
35.829,0.15,45
35.83,0.15,45
35.831,0.15,45
35.832,0.15,45
35.833,0.15,45
35.834,0.15,45
35.835,0.15,45
35.836,0.15,45
35.837,0.15,45
35.838,0.15,45
35.839,0.15,45
35.84,0.15,45
35.841,0.15,45
35.842,0.15,45
35.843,0.15,45
35.844,0.15,45
35.845,0.15,45
35.846,0.15,45
35.847,0.15,45
35.848,0.15,45
35.849,0.15,45
35.85,0.15,45
35.851,0.15,45
35.852,0.15,45
35.853,0.15,45
35.854,0.15,45
35.855,0.15,45
35.856,0.15,45
35.857,0.15,45
35.858,0.15,45
35.859,0.15,45
35.86,0.15,45
35.861,0.15,45
35.862,0.15,45
35.863,0.15,45
35.864,0.15,45
35.865,0.15,45
35.866,0.15,45
35.867,0.15,45
35.868,0.15,45
35.869,0.15,45
35.87,0.15,45
35.871,0.15,45
35.872,0.15,45
35.873,0.15,45
35.874,0.15,45
35.875,0.15,45
35.876,0.15,45
35.877,0.15,45
35.878,0.15,45
35.879,0.15,45
35.88,0.15,45
35.881,0.15,45
35.882,0.15,45
35.883,0.15,45
35.884,0.15,45
35.885,0.15,45
35.886,0.15,45
35.887,0.15,45
35.888,0.15,45
35.889,0.15,45
35.89,0.15,45
35.891,0.15,45
35.892,0.15,45
35.893,0.15,45
35.894,0.15,45
35.895,0.15,45
35.896,0.15,45
35.897,0.15,45
35.898,0.15,45
35.899,0.15,45
35.9,0.15,45
35.901,0.15,45
35.902,0.15,45
35.903,0.15,45
35.904,0.15,45
35.905,0.15,45
35.906,0.15,45
35.907,0.15,45
35.908,0.15,45
35.909,0.15,45
35.91,0.15,45
35.911,0.15,45
35.912,0.15,45
35.913,0.15,45
35.914,0.15,45
35.915,0.15,45
35.916,0.15,45
35.917,0.15,45
35.918,0.15,45
35.919,0.15,45
35.92,0.15,45
35.921,0.15,45
35.922,0.15,45
35.923,0.15,45
35.924,0.15,45
35.925,0.15,45
35.926,0.15,45
35.927,0.15,45
35.928,0.15,45
35.929,0.15,45
35.93,0.15,45
35.931,0.15,45
35.932,0.15,45
35.933,0.15,45
35.934,0.15,45
35.935,0.15,45
35.936,0.15,45
35.937,0.15,45
35.938,0.15,45
35.939,0.15,45
35.94,0.15,45
35.941,0.15,45
35.942,0.15,45
35.943,0.15,45
35.944,0.15,45
35.945,0.15,45
35.946,0.15,45
35.947,0.15,45
35.948,0.15,45
35.949,0.15,45
35.95,0.15,45
35.951,0.15,45
35.952,0.15,45
35.953,0.15,45
35.954,0.15,45
35.955,0.15,45
35.956,0.15,45
35.957,0.15,45
35.958,0.15,45
35.959,0.15,45
35.96,0.15,45
35.961,0.15,45
35.962,0.15,45
35.963,0.15,45
35.964,0.15,45
35.965,0.15,45
35.966,0.15,45
35.967,0.15,45
35.968,0.15,45
35.969,0.15,45
35.97,0.15,45
35.971,0.15,45
35.972,0.15,45
35.973,0.15,45
35.974,0.15,45
35.975,0.15,45
35.976,0.15,45
35.977,0.15,45
35.978,0.15,45
35.979,0.15,45
35.98,0.15,45
35.981,0.15,45
35.982,0.15,45
35.983,0.15,45
35.984,0.15,45
35.985,0.15,45
35.986,0.15,45
35.987,0.15,45
35.988,0.15,45
35.989,0.15,45
35.99,0.15,45
35.991,0.15,45
35.992,0.15,45
35.993,0.15,45
35.994,0.15,45
35.995,0.15,45
35.996,0.15,45
35.997,0.15,45
35.998,0.15,45
35.999,0.15,45
36,0.15,45
36.001,0.15,45
36.002,0.15,45
36.003,0.15,45
36.004,0.15,45
36.005,0.15,45
36.006,0.15,45
36.007,0.15,45
36.008,0.15,45
36.009,0.15,45
36.01,0.15,45
36.011,0.15,45
36.012,0.15,45
36.013,0.15,45
36.014,0.15,45
36.015,0.15,45
36.016,0.15,45
36.017,0.15,45
36.018,0.15,45
36.019,0.15,45
36.02,0.15,45
36.021,0.15,45
36.022,0.15,45
36.023,0.15,45
36.024,0.15,45
36.025,0.15,45
36.026,0.15,45
36.027,0.15,45
36.028,0.15,45
36.029,0.15,45
36.03,0.15,45
36.031,0.15,45
36.032,0.15,45
36.033,0.15,45
36.034,0.15,45
36.035,0.15,45
36.036,0.15,45
36.037,0.15,45
36.038,0.15,45
36.039,0.15,45
36.04,0.15,45
36.041,0.15,45
36.042,0.15,45
36.043,0.15,45
36.044,0.15,45
36.045,0.15,45
36.046,0.15,45
36.047,0.15,45
36.048,0.15,45
36.049,0.15,45
36.05,0.15,45
36.051,0.15,45
36.052,0.15,45
36.053,0.15,45
36.054,0.15,45
36.055,0.15,45
36.056,0.15,45
36.057,0.15,45
36.058,0.15,45
36.059,0.15,45
36.06,0.15,45
36.061,0.15,45
36.062,0.15,45
36.063,0.15,45
36.064,0.15,45
36.065,0.15,45
36.066,0.15,45
36.067,0.15,45
36.068,0.15,45
36.069,0.15,45
36.07,0.15,45
36.071,0.15,45
36.072,0.15,45
36.073,0.15,45
36.074,0.15,45
36.075,0.15,45
36.076,0.15,45
36.077,0.15,45
36.078,0.15,45
36.079,0.15,45
36.08,0.15,45
36.081,0.15,45
36.082,0.15,45
36.083,0.15,45
36.084,0.15,45
36.085,0.15,45
36.086,0.15,45
36.087,0.15,45
36.088,0.15,45
36.089,0.15,45
36.09,0.15,45
36.091,0.15,45
36.092,0.15,45
36.093,0.15,45
36.094,0.15,45
36.095,0.15,45
36.096,0.15,45
36.097,0.15,45
36.098,0.15,45
36.099,0.15,45
36.1,0.15,45
36.101,0.15,45
36.102,0.15,45
36.103,0.15,45
36.104,0.15,45
36.105,0.15,45
36.106,0.15,45
36.107,0.15,45
36.108,0.15,45
36.109,0.15,45
36.11,0.15,45
36.111,0.15,45
36.112,0.15,45
36.113,0.15,45
36.114,0.15,45
36.115,0.15,45
36.116,0.15,45
36.117,0.15,45
36.118,0.15,45
36.119,0.15,45
36.12,0.15,45
36.121,0.15,45
36.122,0.15,45
36.123,0.15,45
36.124,0.15,45
36.125,0.15,45
36.126,0.15,45
36.127,0.15,45
36.128,0.15,45
36.129,0.15,45
36.13,0.15,45
36.131,0.15,45
36.132,0.15,45
36.133,0.15,45
36.134,0.15,45
36.135,0.15,45
36.136,0.15,45
36.137,0.15,45
36.138,0.15,45
36.139,0.15,45
36.14,0.15,45
36.141,0.15,45
36.142,0.15,45
36.143,0.15,45
36.144,0.15,45
36.145,0.15,45
36.146,0.15,45
36.147,0.15,45
36.148,0.15,45
36.149,0.15,45
36.15,0.15,45
36.151,0.15,45
36.152,0.15,45
36.153,0.15,45
36.154,0.15,45
36.155,0.15,45
36.156,0.15,45
36.157,0.15,45
36.158,0.15,45
36.159,0.15,45
36.16,0.15,45
36.161,0.15,45
36.162,0.15,45
36.163,0.15,45
36.164,0.15,45
36.165,0.15,45
36.166,0.15,45
36.167,0.15,45
36.168,0.15,45
36.169,0.15,45
36.17,0.15,45
36.171,0.15,45
36.172,0.15,45
36.173,0.15,45
36.174,0.15,45
36.175,0.15,45
36.176,0.15,45
36.177,0.15,45
36.178,0.15,45
36.179,0.15,45
36.18,0.15,45
36.181,0.15,45
36.182,0.15,45
36.183,0.15,45
36.184,0.15,45
36.185,0.15,45
36.186,0.15,45
36.187,0.15,45
36.188,0.15,45
36.189,0.15,45
36.19,0.15,45
36.191,0.15,45
36.192,0.15,45
36.193,0.15,45
36.194,0.15,45
36.195,0.15,45
36.196,0.15,45
36.197,0.15,45
36.198,0.15,45
36.199,0.15,45
36.2,0.15,45
36.201,0.15,45
36.202,0.15,45
36.203,0.15,45
36.204,0.15,45
36.205,0.15,45
36.206,0.15,45
36.207,0.15,45
36.208,0.15,45
36.209,0.15,45
36.21,0.15,45
36.211,0.15,45
36.212,0.15,45
36.213,0.15,45
36.214,0.15,45
36.215,0.15,45
36.216,0.15,45
36.217,0.15,45
36.218,0.15,45
36.219,0.15,45
36.22,0.15,45
36.221,0.15,45
36.222,0.15,45
36.223,0.15,45
36.224,0.15,45
36.225,0.15,45
36.226,0.15,45
36.227,0.15,45
36.228,0.15,45
36.229,0.15,45
36.23,0.15,45
36.231,0.15,45
36.232,0.15,45
36.233,0.15,45
36.234,0.15,45
36.235,0.15,45
36.236,0.15,45
36.237,0.15,45
36.238,0.15,45
36.239,0.15,45
36.24,0.15,45
36.241,0.15,45
36.242,0.15,45
36.243,0.15,45
36.244,0.15,45
36.245,0.15,45
36.246,0.15,45
36.247,0.15,45
36.248,0.15,45
36.249,0.15,45
36.25,0.15,45
36.251,0.15,45
36.252,0.15,45
36.253,0.15,45
36.254,0.15,45
36.255,0.15,45
36.256,0.15,45
36.257,0.15,45
36.258,0.15,45
36.259,0.15,45
36.26,0.15,45
36.261,0.15,45
36.262,0.15,45
36.263,0.15,45
36.264,0.15,45
36.265,0.15,45
36.266,0.15,45
36.267,0.15,45
36.268,0.15,45
36.269,0.15,45
36.27,0.15,45
36.271,0.15,45
36.272,0.15,45
36.273,0.15,45
36.274,0.15,45
36.275,0.15,45
36.276,0.15,45
36.277,0.15,45
36.278,0.15,45
36.279,0.15,45
36.28,0.15,45
36.281,0.15,45
36.282,0.15,45
36.283,0.15,45
36.284,0.15,45
36.285,0.15,45
36.286,0.15,45
36.287,0.15,45
36.288,0.15,45
36.289,0.15,45
36.29,0.15,45
36.291,0.15,45
36.292,0.15,45
36.293,0.15,45
36.294,0.15,45
36.295,0.15,45
36.296,0.15,45
36.297,0.15,45
36.298,0.15,45
36.299,0.15,45
36.3,0.15,45
36.301,0.15,45
36.302,0.15,45
36.303,0.15,45
36.304,0.15,45
36.305,0.15,45
36.306,0.15,45
36.307,0.15,45
36.308,0.15,45
36.309,0.15,45
36.31,0.15,45
36.311,0.15,45
36.312,0.15,45
36.313,0.15,45
36.314,0.15,45
36.315,0.15,45
36.316,0.15,45
36.317,0.15,45
36.318,0.15,45
36.319,0.15,45
36.32,0.15,45
36.321,0.15,45
36.322,0.15,45
36.323,0.15,45
36.324,0.15,45
36.325,0.15,45
36.326,0.15,45
36.327,0.15,45
36.328,0.15,45
36.329,0.15,45
36.33,0.15,45
36.331,0.15,45
36.332,0.15,45
36.333,0.15,45
36.334,0.15,45
36.335,0.15,45
36.336,0.15,45
36.337,0.15,45
36.338,0.15,45
36.339,0.15,45
36.34,0.15,45
36.341,0.15,45
36.342,0.15,45
36.343,0.15,45
36.344,0.15,45
36.345,0.15,45
36.346,0.15,45
36.347,0.15,45
36.348,0.15,45
36.349,0.15,45
36.35,0.15,45
36.351,0.15,45
36.352,0.15,45
36.353,0.15,45
36.354,0.15,45
36.355,0.15,45
36.356,0.15,45
36.357,0.15,45
36.358,0.15,45
36.359,0.15,45
36.36,0.15,45
36.361,0.15,45
36.362,0.15,45
36.363,0.15,45
36.364,0.15,45
36.365,0.15,45
36.366,0.15,45
36.367,0.15,45
36.368,0.15,45
36.369,0.15,45
36.37,0.15,45
36.371,0.15,45
36.372,0.15,45
36.373,0.15,45
36.374,0.15,45
36.375,0.15,45
36.376,0.15,45
36.377,0.15,45
36.378,0.15,45
36.379,0.15,45
36.38,0.15,45
36.381,0.15,45
36.382,0.15,45
36.383,0.15,45
36.384,0.15,45
36.385,0.15,45
36.386,0.15,45
36.387,0.15,45
36.388,0.15,45
36.389,0.15,45
36.39,0.15,45
36.391,0.15,45
36.392,0.15,45
36.393,0.15,45
36.394,0.15,45
36.395,0.15,45
36.396,0.15,45
36.397,0.15,45
36.398,0.15,45
36.399,0.15,45
36.4,0.15,45
36.401,0.15,45
36.402,0.15,45
36.403,0.15,45
36.404,0.15,45
36.405,0.15,45
36.406,0.15,45
36.407,0.15,45
36.408,0.15,45
36.409,0.15,45
36.41,0.15,45
36.411,0.15,45
36.412,0.15,45
36.413,0.15,45
36.414,0.15,45
36.415,0.15,45
36.416,0.15,45
36.417,0.15,45
36.418,0.15,45
36.419,0.15,45
36.42,0.15,45
36.421,0.15,45
36.422,0.15,45
36.423,0.15,45
36.424,0.15,45
36.425,0.15,45
36.426,0.15,45
36.427,0.15,45
36.428,0.15,45
36.429,0.15,45
36.43,0.15,45
36.431,0.15,45
36.432,0.15,45
36.433,0.15,45
36.434,0.15,45
36.435,0.15,45
36.436,0.15,45
36.437,0.15,45
36.438,0.15,45
36.439,0.15,45
36.44,0.15,45
36.441,0.15,45
36.442,0.15,45
36.443,0.15,45
36.444,0.15,45
36.445,0.15,45
36.446,0.15,45
36.447,0.15,45
36.448,0.15,45
36.449,0.15,45
36.45,0.15,45
36.451,0.15,45
36.452,0.15,45
36.453,0.15,45
36.454,0.15,45
36.455,0.15,45
36.456,0.15,45
36.457,0.15,45
36.458,0.15,45
36.459,0.15,45
36.46,0.15,45
36.461,0.15,45
36.462,0.15,45
36.463,0.15,45
36.464,0.15,45
36.465,0.15,45
36.466,0.15,45
36.467,0.15,45
36.468,0.15,45
36.469,0.15,45
36.47,0.15,45
36.471,0.15,45
36.472,0.15,45
36.473,0.15,45
36.474,0.15,45
36.475,0.15,45
36.476,0.15,45
36.477,0.15,45
36.478,0.15,45
36.479,0.15,45
36.48,0.15,45
36.481,0.15,45
36.482,0.15,45
36.483,0.15,45
36.484,0.15,45
36.485,0.15,45
36.486,0.15,45
36.487,0.15,45
36.488,0.15,45
36.489,0.15,45
36.49,0.15,45
36.491,0.15,45
36.492,0.15,45
36.493,0.15,45
36.494,0.15,45
36.495,0.15,45
36.496,0.15,45
36.497,0.15,45
36.498,0.15,45
36.499,0.15,45
36.5,0.15,45
36.501,0.15,45
36.502,0.15,45
36.503,0.15,45
36.504,0.15,45
36.505,0.15,45
36.506,0.15,45
36.507,0.15,45
36.508,0.15,45
36.509,0.15,45
36.51,0.15,45
36.511,0.15,45
36.512,0.15,45
36.513,0.15,45
36.514,0.15,45
36.515,0.15,45
36.516,0.15,45
36.517,0.15,45
36.518,0.15,45
36.519,0.15,45
36.52,0.15,45
36.521,0.15,45
36.522,0.15,45
36.523,0.15,45
36.524,0.15,45
36.525,0.15,45
36.526,0.15,45
36.527,0.15,45
36.528,0.15,45
36.529,0.15,45
36.53,0.15,45
36.531,0.15,45
36.532,0.15,45
36.533,0.15,45
36.534,0.15,45
36.535,0.15,45
36.536,0.15,45
36.537,0.15,45
36.538,0.15,45
36.539,0.15,45
36.54,0.15,45
36.541,0.15,45
36.542,0.15,45
36.543,0.15,45
36.544,0.15,45
36.545,0.15,45
36.546,0.15,45
36.547,0.15,45
36.548,0.15,45
36.549,0.15,45
36.55,0.15,45
36.551,0.15,45
36.552,0.15,45
36.553,0.15,45
36.554,0.15,45
36.555,0.15,45
36.556,0.15,45
36.557,0.15,45
36.558,0.15,45
36.559,0.15,45
36.56,0.15,45
36.561,0.15,45
36.562,0.15,45
36.563,0.15,45
36.564,0.15,45
36.565,0.15,45
36.566,0.15,45
36.567,0.15,45
36.568,0.15,45
36.569,0.15,45
36.57,0.15,45
36.571,0.15,45
36.572,0.15,45
36.573,0.15,45
36.574,0.15,45
36.575,0.15,45
36.576,0.15,45
36.577,0.15,45
36.578,0.15,45
36.579,0.15,45
36.58,0.15,45
36.581,0.15,45
36.582,0.15,45
36.583,0.15,45
36.584,0.15,45
36.585,0.15,45
36.586,0.15,45
36.587,0.15,45
36.588,0.15,45
36.589,0.15,45
36.59,0.15,45
36.591,0.15,45
36.592,0.15,45
36.593,0.15,45
36.594,0.15,45
36.595,0.15,45
36.596,0.15,45
36.597,0.15,45
36.598,0.15,45
36.599,0.15,45
36.6,0.15,45
36.601,0.15,45
36.602,0.15,45
36.603,0.15,45
36.604,0.15,45
36.605,0.15,45
36.606,0.15,45
36.607,0.15,45
36.608,0.15,45
36.609,0.15,45
36.61,0.15,45
36.611,0.15,45
36.612,0.15,45
36.613,0.15,45
36.614,0.15,45
36.615,0.15,45
36.616,0.15,45
36.617,0.15,45
36.618,0.15,45
36.619,0.15,45
36.62,0.15,45
36.621,0.15,45
36.622,0.15,45
36.623,0.15,45
36.624,0.15,45
36.625,0.15,45
36.626,0.15,45
36.627,0.15,45
36.628,0.15,45
36.629,0.15,45
36.63,0.15,45
36.631,0.15,45
36.632,0.15,45
36.633,0.15,45
36.634,0.15,45
36.635,0.15,45
36.636,0.15,45
36.637,0.15,45
36.638,0.15,45
36.639,0.15,45
36.64,0.15,45
36.641,0.15,45
36.642,0.15,45
36.643,0.15,45
36.644,0.15,45
36.645,0.15,45
36.646,0.15,45
36.647,0.15,45
36.648,0.15,45
36.649,0.15,45
36.65,0.15,45
36.651,0.15,45
36.652,0.15,45
36.653,0.15,45
36.654,0.15,45
36.655,0.15,45
36.656,0.15,45
36.657,0.15,45
36.658,0.15,45
36.659,0.15,45
36.66,0.15,45
36.661,0.15,45
36.662,0.15,45
36.663,0.15,45
36.664,0.15,45
36.665,0.15,45
36.666,0.15,45
36.667,0.15,45
36.668,0.15,45
36.669,0.15,45
36.67,0.15,45
36.671,0.15,45
36.672,0.15,45
36.673,0.15,45
36.674,0.15,45
36.675,0.15,45
36.676,0.15,45
36.677,0.15,45
36.678,0.15,45
36.679,0.15,45
36.68,0.15,45
36.681,0.15,45
36.682,0.15,45
36.683,0.15,45
36.684,0.15,45
36.685,0.15,45
36.686,0.15,45
36.687,0.15,45
36.688,0.15,45
36.689,0.15,45
36.69,0.15,45
36.691,0.15,45
36.692,0.15,45
36.693,0.15,45
36.694,0.15,45
36.695,0.15,45
36.696,0.15,45
36.697,0.15,45
36.698,0.15,45
36.699,0.15,45
36.7,0.15,45
36.701,0.15,45
36.702,0.15,45
36.703,0.15,45
36.704,0.15,45
36.705,0.15,45
36.706,0.15,45
36.707,0.15,45
36.708,0.15,45
36.709,0.15,45
36.71,0.15,45
36.711,0.15,45
36.712,0.15,45
36.713,0.15,45
36.714,0.15,45
36.715,0.15,45
36.716,0.15,45
36.717,0.15,45
36.718,0.15,45
36.719,0.15,45
36.72,0.15,45
36.721,0.15,45
36.722,0.15,45
36.723,0.15,45
36.724,0.15,45
36.725,0.15,45
36.726,0.15,45
36.727,0.15,45
36.728,0.15,45
36.729,0.15,45
36.73,0.15,45
36.731,0.15,45
36.732,0.15,45
36.733,0.15,45
36.734,0.15,45
36.735,0.15,45
36.736,0.15,45
36.737,0.15,45
36.738,0.15,45
36.739,0.15,45
36.74,0.15,45
36.741,0.15,45
36.742,0.15,45
36.743,0.15,45
36.744,0.15,45
36.745,0.15,45
36.746,0.15,45
36.747,0.15,45
36.748,0.15,45
36.749,0.15,45
36.75,0.15,45
36.751,0.15,45
36.752,0.15,45
36.753,0.15,45
36.754,0.15,45
36.755,0.15,45
36.756,0.15,45
36.757,0.15,45
36.758,0.15,45
36.759,0.15,45
36.76,0.15,45
36.761,0.15,45
36.762,0.15,45
36.763,0.15,45
36.764,0.15,45
36.765,0.15,45
36.766,0.15,45
36.767,0.15,45
36.768,0.15,45
36.769,0.15,45
36.77,0.15,45
36.771,0.15,45
36.772,0.15,45
36.773,0.15,45
36.774,0.15,45
36.775,0.15,45
36.776,0.15,45
36.777,0.15,45
36.778,0.15,45
36.779,0.15,45
36.78,0.15,45
36.781,0.15,45
36.782,0.15,45
36.783,0.15,45
36.784,0.15,45
36.785,0.15,45
36.786,0.15,45
36.787,0.15,45
36.788,0.15,45
36.789,0.15,45
36.79,0.15,45
36.791,0.15,45
36.792,0.15,45
36.793,0.15,45
36.794,0.15,45
36.795,0.15,45
36.796,0.15,45
36.797,0.15,45
36.798,0.15,45
36.799,0.15,45
36.8,0.15,45
36.801,0.15,45
36.802,0.15,45
36.803,0.15,45
36.804,0.15,45
36.805,0.15,45
36.806,0.15,45
36.807,0.15,45
36.808,0.15,45
36.809,0.15,45
36.81,0.15,45
36.811,0.15,45
36.812,0.15,45
36.813,0.15,45
36.814,0.15,45
36.815,0.15,45
36.816,0.15,45
36.817,0.15,45
36.818,0.15,45
36.819,0.15,45
36.82,0.15,45
36.821,0.15,45
36.822,0.15,45
36.823,0.15,45
36.824,0.15,45
36.825,0.15,45
36.826,0.15,45
36.827,0.15,45
36.828,0.15,45
36.829,0.15,45
36.83,0.15,45
36.831,0.15,45
36.832,0.15,45
36.833,0.15,45
36.834,0.15,45
36.835,0.15,45
36.836,0.15,45
36.837,0.15,45
36.838,0.15,45
36.839,0.15,45
36.84,0.15,45
36.841,0.15,45
36.842,0.15,45
36.843,0.15,45
36.844,0.15,45
36.845,0.15,45
36.846,0.15,45
36.847,0.15,45
36.848,0.15,45
36.849,0.15,45
36.85,0.15,45
36.851,0.15,45
36.852,0.15,45
36.853,0.15,45
36.854,0.15,45
36.855,0.15,45
36.856,0.15,45
36.857,0.15,45
36.858,0.15,45
36.859,0.15,45
36.86,0.15,45
36.861,0.15,45
36.862,0.15,45
36.863,0.15,45
36.864,0.15,45
36.865,0.15,45
36.866,0.15,45
36.867,0.15,45
36.868,0.15,45
36.869,0.15,45
36.87,0.15,45
36.871,0.15,45
36.872,0.15,45
36.873,0.15,45
36.874,0.15,45
36.875,0.15,45
36.876,0.15,45
36.877,0.15,45
36.878,0.15,45
36.879,0.15,45
36.88,0.15,45
36.881,0.15,45
36.882,0.15,45
36.883,0.15,45
36.884,0.15,45
36.885,0.15,45
36.886,0.15,45
36.887,0.15,45
36.888,0.15,45
36.889,0.15,45
36.89,0.15,45
36.891,0.15,45
36.892,0.15,45
36.893,0.15,45
36.894,0.15,45
36.895,0.15,45
36.896,0.15,45
36.897,0.15,45
36.898,0.15,45
36.899,0.15,45
36.9,0.15,45
36.901,0.15,45
36.902,0.15,45
36.903,0.15,45
36.904,0.15,45
36.905,0.15,45
36.906,0.15,45
36.907,0.15,45
36.908,0.15,45
36.909,0.15,45
36.91,0.15,45
36.911,0.15,45
36.912,0.15,45
36.913,0.15,45
36.914,0.15,45
36.915,0.15,45
36.916,0.15,45
36.917,0.15,45
36.918,0.15,45
36.919,0.15,45
36.92,0.15,45
36.921,0.15,45
36.922,0.15,45
36.923,0.15,45
36.924,0.15,45
36.925,0.15,45
36.926,0.15,45
36.927,0.15,45
36.928,0.15,45
36.929,0.15,45
36.93,0.15,45
36.931,0.15,45
36.932,0.15,45
36.933,0.15,45
36.934,0.15,45
36.935,0.15,45
36.936,0.15,45
36.937,0.15,45
36.938,0.15,45
36.939,0.15,45
36.94,0.15,45
36.941,0.15,45
36.942,0.15,45
36.943,0.15,45
36.944,0.15,45
36.945,0.15,45
36.946,0.15,45
36.947,0.15,45
36.948,0.15,45
36.949,0.15,45
36.95,0.15,45
36.951,0.15,45
36.952,0.15,45
36.953,0.15,45
36.954,0.15,45
36.955,0.15,45
36.956,0.15,45
36.957,0.15,45
36.958,0.15,45
36.959,0.15,45
36.96,0.15,45
36.961,0.15,45
36.962,0.15,45
36.963,0.15,45
36.964,0.15,45
36.965,0.15,45
36.966,0.15,45
36.967,0.15,45
36.968,0.15,45
36.969,0.15,45
36.97,0.15,45
36.971,0.15,45
36.972,0.15,45
36.973,0.15,45
36.974,0.15,45
36.975,0.15,45
36.976,0.15,45
36.977,0.15,45
36.978,0.15,45
36.979,0.15,45
36.98,0.15,45
36.981,0.15,45
36.982,0.15,45
36.983,0.15,45
36.984,0.15,45
36.985,0.15,45
36.986,0.15,45
36.987,0.15,45
36.988,0.15,45
36.989,0.15,45
36.99,0.15,45
36.991,0.15,45
36.992,0.15,45
36.993,0.15,45
36.994,0.15,45
36.995,0.15,45
36.996,0.15,45
36.997,0.15,45
36.998,0.15,45
36.999,0.15,45
37,0.15,45
37.001,0.15,45
37.002,0.15,45
37.003,0.15,45
37.004,0.15,45
37.005,0.15,45
37.006,0.15,45
37.007,0.15,45
37.008,0.15,45
37.009,0.15,45
37.01,0.15,45
37.011,0.15,45
37.012,0.15,45
37.013,0.15,45
37.014,0.15,45
37.015,0.15,45
37.016,0.15,45
37.017,0.15,45
37.018,0.15,45
37.019,0.15,45
37.02,0.15,45
37.021,0.15,45
37.022,0.15,45
37.023,0.15,45
37.024,0.15,45
37.025,0.15,45
37.026,0.15,45
37.027,0.15,45
37.028,0.15,45
37.029,0.15,45
37.03,0.15,45
37.031,0.15,45
37.032,0.15,45
37.033,0.15,45
37.034,0.15,45
37.035,0.15,45
37.036,0.15,45
37.037,0.15,45
37.038,0.15,45
37.039,0.15,45
37.04,0.15,45
37.041,0.15,45
37.042,0.15,45
37.043,0.15,45
37.044,0.15,45
37.045,0.15,45
37.046,0.15,45
37.047,0.15,45
37.048,0.15,45
37.049,0.15,45
37.05,0.15,45
37.051,0.15,45
37.052,0.15,45
37.053,0.15,45
37.054,0.15,45
37.055,0.15,45
37.056,0.15,45
37.057,0.15,45
37.058,0.15,45
37.059,0.15,45
37.06,0.15,45
37.061,0.15,45
37.062,0.15,45
37.063,0.15,45
37.064,0.15,45
37.065,0.15,45
37.066,0.15,45
37.067,0.15,45
37.068,0.15,45
37.069,0.15,45
37.07,0.15,45
37.071,0.15,45
37.072,0.15,45
37.073,0.15,45
37.074,0.15,45
37.075,0.15,45
37.076,0.15,45
37.077,0.15,45
37.078,0.15,45
37.079,0.15,45
37.08,0.15,45
37.081,0.15,45
37.082,0.15,45
37.083,0.15,45
37.084,0.15,45
37.085,0.15,45
37.086,0.15,45
37.087,0.15,45
37.088,0.15,45
37.089,0.15,45
37.09,0.15,45
37.091,0.15,45
37.092,0.15,45
37.093,0.15,45
37.094,0.15,45
37.095,0.15,45
37.096,0.15,45
37.097,0.15,45
37.098,0.15,45
37.099,0.15,45
37.1,0.15,45
37.101,0.15,45
37.102,0.15,45
37.103,0.15,45
37.104,0.15,45
37.105,0.15,45
37.106,0.15,45
37.107,0.15,45
37.108,0.15,45
37.109,0.15,45
37.11,0.15,45
37.111,0.15,45
37.112,0.15,45
37.113,0.15,45
37.114,0.15,45
37.115,0.15,45
37.116,0.15,45
37.117,0.15,45
37.118,0.15,45
37.119,0.15,45
37.12,0.15,45
37.121,0.15,45
37.122,0.15,45
37.123,0.15,45
37.124,0.15,45
37.125,0.15,45
37.126,0.15,45
37.127,0.15,45
37.128,0.15,45
37.129,0.15,45
37.13,0.15,45
37.131,0.15,45
37.132,0.15,45
37.133,0.15,45
37.134,0.15,45
37.135,0.15,45
37.136,0.15,45
37.137,0.15,45
37.138,0.15,45
37.139,0.15,45
37.14,0.15,45
37.141,0.15,45
37.142,0.15,45
37.143,0.15,45
37.144,0.15,45
37.145,0.15,45
37.146,0.15,45
37.147,0.15,45
37.148,0.15,45
37.149,0.15,45
37.15,0.15,45
37.151,0.15,45
37.152,0.15,45
37.153,0.15,45
37.154,0.15,45
37.155,0.15,45
37.156,0.15,45
37.157,0.15,45
37.158,0.15,45
37.159,0.15,45
37.16,0.15,45
37.161,0.15,45
37.162,0.15,45
37.163,0.15,45
37.164,0.15,45
37.165,0.15,45
37.166,0.15,45
37.167,0.15,45
37.168,0.15,45
37.169,0.15,45
37.17,0.15,45
37.171,0.15,45
37.172,0.15,45
37.173,0.15,45
37.174,0.15,45
37.175,0.15,45
37.176,0.15,45
37.177,0.15,45
37.178,0.15,45
37.179,0.15,45
37.18,0.15,45
37.181,0.15,45
37.182,0.15,45
37.183,0.15,45
37.184,0.15,45
37.185,0.15,45
37.186,0.15,45
37.187,0.15,45
37.188,0.15,45
37.189,0.15,45
37.19,0.15,45
37.191,0.15,45
37.192,0.15,45
37.193,0.15,45
37.194,0.15,45
37.195,0.15,45
37.196,0.15,45
37.197,0.15,45
37.198,0.15,45
37.199,0.15,45
37.2,0.15,45
37.201,0.15,45
37.202,0.15,45
37.203,0.15,45
37.204,0.15,45
37.205,0.15,45
37.206,0.15,45
37.207,0.15,45
37.208,0.15,45
37.209,0.15,45
37.21,0.15,45
37.211,0.15,45
37.212,0.15,45
37.213,0.15,45
37.214,0.15,45
37.215,0.15,45
37.216,0.15,45
37.217,0.15,45
37.218,0.15,45
37.219,0.15,45
37.22,0.15,45
37.221,0.15,45
37.222,0.15,45
37.223,0.15,45
37.224,0.15,45
37.225,0.15,45
37.226,0.15,45
37.227,0.15,45
37.228,0.15,45
37.229,0.15,45
37.23,0.15,45
37.231,0.15,45
37.232,0.15,45
37.233,0.15,45
37.234,0.15,45
37.235,0.15,45
37.236,0.15,45
37.237,0.15,45
37.238,0.15,45
37.239,0.15,45
37.24,0.15,45
37.241,0.15,45
37.242,0.15,45
37.243,0.15,45
37.244,0.15,45
37.245,0.15,45
37.246,0.15,45
37.247,0.15,45
37.248,0.15,45
37.249,0.15,45
37.25,0.15,45
37.251,0.15,45
37.252,0.15,45
37.253,0.15,45
37.254,0.15,45
37.255,0.15,45
37.256,0.15,45
37.257,0.15,45
37.258,0.15,45
37.259,0.15,45
37.26,0.15,45
37.261,0.15,45
37.262,0.15,45
37.263,0.15,45
37.264,0.15,45
37.265,0.15,45
37.266,0.15,45
37.267,0.15,45
37.268,0.15,45
37.269,0.15,45
37.27,0.15,45
37.271,0.15,45
37.272,0.15,45
37.273,0.15,45
37.274,0.15,45
37.275,0.15,45
37.276,0.15,45
37.277,0.15,45
37.278,0.15,45
37.279,0.15,45
37.28,0.15,45
37.281,0.15,45
37.282,0.15,45
37.283,0.15,45
37.284,0.15,45
37.285,0.15,45
37.286,0.15,45
37.287,0.15,45
37.288,0.15,45
37.289,0.15,45
37.29,0.15,45
37.291,0.15,45
37.292,0.15,45
37.293,0.15,45
37.294,0.15,45
37.295,0.15,45
37.296,0.15,45
37.297,0.15,45
37.298,0.15,45
37.299,0.15,45
37.3,0.15,45
37.301,0.15,45
37.302,0.15,45
37.303,0.15,45
37.304,0.15,45
37.305,0.15,45
37.306,0.15,45
37.307,0.15,45
37.308,0.15,45
37.309,0.15,45
37.31,0.15,45
37.311,0.15,45
37.312,0.15,45
37.313,0.15,45
37.314,0.15,45
37.315,0.15,45
37.316,0.15,45
37.317,0.15,45
37.318,0.15,45
37.319,0.15,45
37.32,0.15,45
37.321,0.15,45
37.322,0.15,45
37.323,0.15,45
37.324,0.15,45
37.325,0.15,45
37.326,0.15,45
37.327,0.15,45
37.328,0.15,45
37.329,0.15,45
37.33,0.15,45
37.331,0.15,45
37.332,0.15,45
37.333,0.15,45
37.334,0.15,45
37.335,0.15,45
37.336,0.15,45
37.337,0.15,45
37.338,0.15,45
37.339,0.15,45
37.34,0.15,45
37.341,0.15,45
37.342,0.15,45
37.343,0.15,45
37.344,0.15,45
37.345,0.15,45
37.346,0.15,45
37.347,0.15,45
37.348,0.15,45
37.349,0.15,45
37.35,0.15,45
37.351,0.15,45
37.352,0.15,45
37.353,0.15,45
37.354,0.15,45
37.355,0.15,45
37.356,0.15,45
37.357,0.15,45
37.358,0.15,45
37.359,0.15,45
37.36,0.15,45
37.361,0.15,45
37.362,0.15,45
37.363,0.15,45
37.364,0.15,45
37.365,0.15,45
37.366,0.15,45
37.367,0.15,45
37.368,0.15,45
37.369,0.15,45
37.37,0.15,45
37.371,0.15,45
37.372,0.15,45
37.373,0.15,45
37.374,0.15,45
37.375,0.15,45
37.376,0.15,45
37.377,0.15,45
37.378,0.15,45
37.379,0.15,45
37.38,0.15,45
37.381,0.15,45
37.382,0.15,45
37.383,0.15,45
37.384,0.15,45
37.385,0.15,45
37.386,0.15,45
37.387,0.15,45
37.388,0.15,45
37.389,0.15,45
37.39,0.15,45
37.391,0.15,45
37.392,0.15,45
37.393,0.15,45
37.394,0.15,45
37.395,0.15,45
37.396,0.15,45
37.397,0.15,45
37.398,0.15,45
37.399,0.15,45
37.4,0.15,45
37.401,0.15,45
37.402,0.15,45
37.403,0.15,45
37.404,0.15,45
37.405,0.15,45
37.406,0.15,45
37.407,0.15,45
37.408,0.15,45
37.409,0.15,45
37.41,0.15,45
37.411,0.15,45
37.412,0.15,45
37.413,0.15,45
37.414,0.15,45
37.415,0.15,45
37.416,0.15,45
37.417,0.15,45
37.418,0.15,45
37.419,0.15,45
37.42,0.15,45
37.421,0.15,45
37.422,0.15,45
37.423,0.15,45
37.424,0.15,45
37.425,0.15,45
37.426,0.15,45
37.427,0.15,45
37.428,0.15,45
37.429,0.15,45
37.43,0.15,45
37.431,0.15,45
37.432,0.15,45
37.433,0.15,45
37.434,0.15,45
37.435,0.15,45
37.436,0.15,45
37.437,0.15,45
37.438,0.15,45
37.439,0.15,45
37.44,0.15,45
37.441,0.15,45
37.442,0.15,45
37.443,0.15,45
37.444,0.15,45
37.445,0.15,45
37.446,0.15,45
37.447,0.15,45
37.448,0.15,45
37.449,0.15,45
37.45,0.15,45
37.451,0.15,45
37.452,0.15,45
37.453,0.15,45
37.454,0.15,45
37.455,0.15,45
37.456,0.15,45
37.457,0.15,45
37.458,0.15,45
37.459,0.15,45
37.46,0.15,45
37.461,0.15,45
37.462,0.15,45
37.463,0.15,45
37.464,0.15,45
37.465,0.15,45
37.466,0.15,45
37.467,0.15,45
37.468,0.15,45
37.469,0.15,45
37.47,0.15,45
37.471,0.15,45
37.472,0.15,45
37.473,0.15,45
37.474,0.15,45
37.475,0.15,45
37.476,0.15,45
37.477,0.15,45
37.478,0.15,45
37.479,0.15,45
37.48,0.15,45
37.481,0.15,45
37.482,0.15,45
37.483,0.15,45
37.484,0.15,45
37.485,0.15,45
37.486,0.15,45
37.487,0.15,45
37.488,0.15,45
37.489,0.15,45
37.49,0.15,45
37.491,0.15,45
37.492,0.15,45
37.493,0.15,45
37.494,0.15,45
37.495,0.15,45
37.496,0.15,45
37.497,0.15,45
37.498,0.15,45
37.499,0.15,45
37.5,0.15,45
37.501,0.15,45
37.502,0.15,45
37.503,0.15,45
37.504,0.15,45
37.505,0.15,45
37.506,0.15,45
37.507,0.15,45
37.508,0.15,45
37.509,0.15,45
37.51,0.15,45
37.511,0.15,45
37.512,0.15,45
37.513,0.15,45
37.514,0.15,45
37.515,0.15,45
37.516,0.15,45
37.517,0.15,45
37.518,0.15,45
37.519,0.15,45
37.52,0.15,45
37.521,0.15,45
37.522,0.15,45
37.523,0.15,45
37.524,0.15,45
37.525,0.15,45
37.526,0.15,45
37.527,0.15,45
37.528,0.15,45
37.529,0.15,45
37.53,0.15,45
37.531,0.15,45
37.532,0.15,45
37.533,0.15,45
37.534,0.15,45
37.535,0.15,45
37.536,0.15,45
37.537,0.15,45
37.538,0.15,45
37.539,0.15,45
37.54,0.15,45
37.541,0.15,45
37.542,0.15,45
37.543,0.15,45
37.544,0.15,45
37.545,0.15,45
37.546,0.15,45
37.547,0.15,45
37.548,0.15,45
37.549,0.15,45
37.55,0.15,45
37.551,0.15,45
37.552,0.15,45
37.553,0.15,45
37.554,0.15,45
37.555,0.15,45
37.556,0.15,45
37.557,0.15,45
37.558,0.15,45
37.559,0.15,45
37.56,0.15,45
37.561,0.15,45
37.562,0.15,45
37.563,0.15,45
37.564,0.15,45
37.565,0.15,45
37.566,0.15,45
37.567,0.15,45
37.568,0.15,45
37.569,0.15,45
37.57,0.15,45
37.571,0.15,45
37.572,0.15,45
37.573,0.15,45
37.574,0.15,45
37.575,0.15,45
37.576,0.15,45
37.577,0.15,45
37.578,0.15,45
37.579,0.15,45
37.58,0.15,45
37.581,0.15,45
37.582,0.15,45
37.583,0.15,45
37.584,0.15,45
37.585,0.15,45
37.586,0.15,45
37.587,0.15,45
37.588,0.15,45
37.589,0.15,45
37.59,0.15,45
37.591,0.15,45
37.592,0.15,45
37.593,0.15,45
37.594,0.15,45
37.595,0.15,45
37.596,0.15,45
37.597,0.15,45
37.598,0.15,45
37.599,0.15,45
37.6,0.15,45
37.601,0.15,45
37.602,0.15,45
37.603,0.15,45
37.604,0.15,45
37.605,0.15,45
37.606,0.15,45
37.607,0.15,45
37.608,0.15,45
37.609,0.15,45
37.61,0.15,45
37.611,0.15,45
37.612,0.15,45
37.613,0.15,45
37.614,0.15,45
37.615,0.15,45
37.616,0.15,45
37.617,0.15,45
37.618,0.15,45
37.619,0.15,45
37.62,0.15,45
37.621,0.15,45
37.622,0.15,45
37.623,0.15,45
37.624,0.15,45
37.625,0.15,45
37.626,0.15,45
37.627,0.15,45
37.628,0.15,45
37.629,0.15,45
37.63,0.15,45
37.631,0.15,45
37.632,0.15,45
37.633,0.15,45
37.634,0.15,45
37.635,0.15,45
37.636,0.15,45
37.637,0.15,45
37.638,0.15,45
37.639,0.15,45
37.64,0.15,45
37.641,0.15,45
37.642,0.15,45
37.643,0.15,45
37.644,0.15,45
37.645,0.15,45
37.646,0.15,45
37.647,0.15,45
37.648,0.15,45
37.649,0.15,45
37.65,0.15,45
37.651,0.15,45
37.652,0.15,45
37.653,0.15,45
37.654,0.15,45
37.655,0.15,45
37.656,0.15,45
37.657,0.15,45
37.658,0.15,45
37.659,0.15,45
37.66,0.15,45
37.661,0.15,45
37.662,0.15,45
37.663,0.15,45
37.664,0.15,45
37.665,0.15,45
37.666,0.15,45
37.667,0.15,45
37.668,0.15,45
37.669,0.15,45
37.67,0.15,45
37.671,0.15,45
37.672,0.15,45
37.673,0.15,45
37.674,0.15,45
37.675,0.15,45
37.676,0.15,45
37.677,0.15,45
37.678,0.15,45
37.679,0.15,45
37.68,0.15,45
37.681,0.15,45
37.682,0.15,45
37.683,0.15,45
37.684,0.15,45
37.685,0.15,45
37.686,0.15,45
37.687,0.15,45
37.688,0.15,45
37.689,0.15,45
37.69,0.15,45
37.691,0.15,45
37.692,0.15,45
37.693,0.15,45
37.694,0.15,45
37.695,0.15,45
37.696,0.15,45
37.697,0.15,45
37.698,0.15,45
37.699,0.15,45
37.7,0.15,45
37.701,0.15,45
37.702,0.15,45
37.703,0.15,45
37.704,0.15,45
37.705,0.15,45
37.706,0.15,45
37.707,0.15,45
37.708,0.15,45
37.709,0.15,45
37.71,0.15,45
37.711,0.15,45
37.712,0.15,45
37.713,0.15,45
37.714,0.15,45
37.715,0.15,45
37.716,0.15,45
37.717,0.15,45
37.718,0.15,45
37.719,0.15,45
37.72,0.15,45
37.721,0.15,45
37.722,0.15,45
37.723,0.15,45
37.724,0.15,45
37.725,0.15,45
37.726,0.15,45
37.727,0.15,45
37.728,0.15,45
37.729,0.15,45
37.73,0.15,45
37.731,0.15,45
37.732,0.15,45
37.733,0.15,45
37.734,0.15,45
37.735,0.15,45
37.736,0.15,45
37.737,0.15,45
37.738,0.15,45
37.739,0.15,45
37.74,0.15,45
37.741,0.15,45
37.742,0.15,45
37.743,0.15,45
37.744,0.15,45
37.745,0.15,45
37.746,0.15,45
37.747,0.15,45
37.748,0.15,45
37.749,0.15,45
37.75,0.15,45
37.751,0.15,45
37.752,0.15,45
37.753,0.15,45
37.754,0.15,45
37.755,0.15,45
37.756,0.15,45
37.757,0.15,45
37.758,0.15,45
37.759,0.15,45
37.76,0.15,45
37.761,0.15,45
37.762,0.15,45
37.763,0.15,45
37.764,0.15,45
37.765,0.15,45
37.766,0.15,45
37.767,0.15,45
37.768,0.15,45
37.769,0.15,45
37.77,0.15,45
37.771,0.15,45
37.772,0.15,45
37.773,0.15,45
37.774,0.15,45
37.775,0.15,45
37.776,0.15,45
37.777,0.15,45
37.778,0.15,45
37.779,0.15,45
37.78,0.15,45
37.781,0.15,45
37.782,0.15,45
37.783,0.15,45
37.784,0.15,45
37.785,0.15,45
37.786,0.15,45
37.787,0.15,45
37.788,0.15,45
37.789,0.15,45
37.79,0.15,45
37.791,0.15,45
37.792,0.15,45
37.793,0.15,45
37.794,0.15,45
37.795,0.15,45
37.796,0.15,45
37.797,0.15,45
37.798,0.15,45
37.799,0.15,45
37.8,0.15,45
37.801,0.15,45
37.802,0.15,45
37.803,0.15,45
37.804,0.15,45
37.805,0.15,45
37.806,0.15,45
37.807,0.15,45
37.808,0.15,45
37.809,0.15,45
37.81,0.15,45
37.811,0.15,45
37.812,0.15,45
37.813,0.15,45
37.814,0.15,45
37.815,0.15,45
37.816,0.15,45
37.817,0.15,45
37.818,0.15,45
37.819,0.15,45
37.82,0.15,45
37.821,0.15,45
37.822,0.15,45
37.823,0.15,45
37.824,0.15,45
37.825,0.15,45
37.826,0.15,45
37.827,0.15,45
37.828,0.15,45
37.829,0.15,45
37.83,0.15,45
37.831,0.15,45
37.832,0.15,45
37.833,0.15,45
37.834,0.15,45
37.835,0.15,45
37.836,0.15,45
37.837,0.15,45
37.838,0.15,45
37.839,0.15,45
37.84,0.15,45
37.841,0.15,45
37.842,0.15,45
37.843,0.15,45
37.844,0.15,45
37.845,0.15,45
37.846,0.15,45
37.847,0.15,45
37.848,0.15,45
37.849,0.15,45
37.85,0.15,45
37.851,0.15,45
37.852,0.15,45
37.853,0.15,45
37.854,0.15,45
37.855,0.15,45
37.856,0.15,45
37.857,0.15,45
37.858,0.15,45
37.859,0.15,45
37.86,0.15,45
37.861,0.15,45
37.862,0.15,45
37.863,0.15,45
37.864,0.15,45
37.865,0.15,45
37.866,0.15,45
37.867,0.15,45
37.868,0.15,45
37.869,0.15,45
37.87,0.15,45
37.871,0.15,45
37.872,0.15,45
37.873,0.15,45
37.874,0.15,45
37.875,0.15,45
37.876,0.15,45
37.877,0.15,45
37.878,0.15,45
37.879,0.15,45
37.88,0.15,45
37.881,0.15,45
37.882,0.15,45
37.883,0.15,45
37.884,0.15,45
37.885,0.15,45
37.886,0.15,45
37.887,0.15,45
37.888,0.15,45
37.889,0.15,45
37.89,0.15,45
37.891,0.15,45
37.892,0.15,45
37.893,0.15,45
37.894,0.15,45
37.895,0.15,45
37.896,0.15,45
37.897,0.15,45
37.898,0.15,45
37.899,0.15,45
37.9,0.15,45
37.901,0.15,45
37.902,0.15,45
37.903,0.15,45
37.904,0.15,45
37.905,0.15,45
37.906,0.15,45
37.907,0.15,45
37.908,0.15,45
37.909,0.15,45
37.91,0.15,45
37.911,0.15,45
37.912,0.15,45
37.913,0.15,45
37.914,0.15,45
37.915,0.15,45
37.916,0.15,45
37.917,0.15,45
37.918,0.15,45
37.919,0.15,45
37.92,0.15,45
37.921,0.15,45
37.922,0.15,45
37.923,0.15,45
37.924,0.15,45
37.925,0.15,45
37.926,0.15,45
37.927,0.15,45
37.928,0.15,45
37.929,0.15,45
37.93,0.15,45
37.931,0.15,45
37.932,0.15,45
37.933,0.15,45
37.934,0.15,45
37.935,0.15,45
37.936,0.15,45
37.937,0.15,45
37.938,0.15,45
37.939,0.15,45
37.94,0.15,45
37.941,0.15,45
37.942,0.15,45
37.943,0.15,45
37.944,0.15,45
37.945,0.15,45
37.946,0.15,45
37.947,0.15,45
37.948,0.15,45
37.949,0.15,45
37.95,0.15,45
37.951,0.15,45
37.952,0.15,45
37.953,0.15,45
37.954,0.15,45
37.955,0.15,45
37.956,0.15,45
37.957,0.15,45
37.958,0.15,45
37.959,0.15,45
37.96,0.15,45
37.961,0.15,45
37.962,0.15,45
37.963,0.15,45
37.964,0.15,45
37.965,0.15,45
37.966,0.15,45
37.967,0.15,45
37.968,0.15,45
37.969,0.15,45
37.97,0.15,45
37.971,0.15,45
37.972,0.15,45
37.973,0.15,45
37.974,0.15,45
37.975,0.15,45
37.976,0.15,45
37.977,0.15,45
37.978,0.15,45
37.979,0.15,45
37.98,0.15,45
37.981,0.15,45
37.982,0.15,45
37.983,0.15,45
37.984,0.15,45
37.985,0.15,45
37.986,0.15,45
37.987,0.15,45
37.988,0.15,45
37.989,0.15,45
37.99,0.15,45
37.991,0.15,45
37.992,0.15,45
37.993,0.15,45
37.994,0.15,45
37.995,0.15,45
37.996,0.15,45
37.997,0.15,45
37.998,0.15,45
37.999,0.15,45
38,0.15,45
38.001,0.15,45
38.002,0.15,45
38.003,0.15,45
38.004,0.15,45
38.005,0.15,45
38.006,0.15,45
38.007,0.15,45
38.008,0.15,45
38.009,0.15,45
38.01,0.15,45
38.011,0.15,45
38.012,0.15,45
38.013,0.15,45
38.014,0.15,45
38.015,0.15,45
38.016,0.15,45
38.017,0.15,45
38.018,0.15,45
38.019,0.15,45
38.02,0.15,45
38.021,0.15,45
38.022,0.15,45
38.023,0.15,45
38.024,0.15,45
38.025,0.15,45
38.026,0.15,45
38.027,0.15,45
38.028,0.15,45
38.029,0.15,45
38.03,0.15,45
38.031,0.15,45
38.032,0.15,45
38.033,0.15,45
38.034,0.15,45
38.035,0.15,45
38.036,0.15,45
38.037,0.15,45
38.038,0.15,45
38.039,0.15,45
38.04,0.15,45
38.041,0.15,45
38.042,0.15,45
38.043,0.15,45
38.044,0.15,45
38.045,0.15,45
38.046,0.15,45
38.047,0.15,45
38.048,0.15,45
38.049,0.15,45
38.05,0.15,45
38.051,0.15,45
38.052,0.15,45
38.053,0.15,45
38.054,0.15,45
38.055,0.15,45
38.056,0.15,45
38.057,0.15,45
38.058,0.15,45
38.059,0.15,45
38.06,0.15,45
38.061,0.15,45
38.062,0.15,45
38.063,0.15,45
38.064,0.15,45
38.065,0.15,45
38.066,0.15,45
38.067,0.15,45
38.068,0.15,45
38.069,0.15,45
38.07,0.15,45
38.071,0.15,45
38.072,0.15,45
38.073,0.15,45
38.074,0.15,45
38.075,0.15,45
38.076,0.15,45
38.077,0.15,45
38.078,0.15,45
38.079,0.15,45
38.08,0.15,45
38.081,0.15,45
38.082,0.15,45
38.083,0.15,45
38.084,0.15,45
38.085,0.15,45
38.086,0.15,45
38.087,0.15,45
38.088,0.15,45
38.089,0.15,45
38.09,0.15,45
38.091,0.15,45
38.092,0.15,45
38.093,0.15,45
38.094,0.15,45
38.095,0.15,45
38.096,0.15,45
38.097,0.15,45
38.098,0.15,45
38.099,0.15,45
38.1,0.15,45
38.101,0.15,45
38.102,0.15,45
38.103,0.15,45
38.104,0.15,45
38.105,0.15,45
38.106,0.15,45
38.107,0.15,45
38.108,0.15,45
38.109,0.15,45
38.11,0.15,45
38.111,0.15,45
38.112,0.15,45
38.113,0.15,45
38.114,0.15,45
38.115,0.15,45
38.116,0.15,45
38.117,0.15,45
38.118,0.15,45
38.119,0.15,45
38.12,0.15,45
38.121,0.15,45
38.122,0.15,45
38.123,0.15,45
38.124,0.15,45
38.125,0.15,45
38.126,0.15,45
38.127,0.15,45
38.128,0.15,45
38.129,0.15,45
38.13,0.15,45
38.131,0.15,45
38.132,0.15,45
38.133,0.15,45
38.134,0.15,45
38.135,0.15,45
38.136,0.15,45
38.137,0.15,45
38.138,0.15,45
38.139,0.15,45
38.14,0.15,45
38.141,0.15,45
38.142,0.15,45
38.143,0.15,45
38.144,0.15,45
38.145,0.15,45
38.146,0.15,45
38.147,0.15,45
38.148,0.15,45
38.149,0.15,45
38.15,0.15,45
38.151,0.15,45
38.152,0.15,45
38.153,0.15,45
38.154,0.15,45
38.155,0.15,45
38.156,0.15,45
38.157,0.15,45
38.158,0.15,45
38.159,0.15,45
38.16,0.15,45
38.161,0.15,45
38.162,0.15,45
38.163,0.15,45
38.164,0.15,45
38.165,0.15,45
38.166,0.15,45
38.167,0.15,45
38.168,0.15,45
38.169,0.15,45
38.17,0.15,45
38.171,0.15,45
38.172,0.15,45
38.173,0.15,45
38.174,0.15,45
38.175,0.15,45
38.176,0.15,45
38.177,0.15,45
38.178,0.15,45
38.179,0.15,45
38.18,0.15,45
38.181,0.15,45
38.182,0.15,45
38.183,0.15,45
38.184,0.15,45
38.185,0.15,45
38.186,0.15,45
38.187,0.15,45
38.188,0.15,45
38.189,0.15,45
38.19,0.15,45
38.191,0.15,45
38.192,0.15,45
38.193,0.15,45
38.194,0.15,45
38.195,0.15,45
38.196,0.15,45
38.197,0.15,45
38.198,0.15,45
38.199,0.15,45
38.2,0.15,45
38.201,0.15,45
38.202,0.15,45
38.203,0.15,45
38.204,0.15,45
38.205,0.15,45
38.206,0.15,45
38.207,0.15,45
38.208,0.15,45
38.209,0.15,45
38.21,0.15,45
38.211,0.15,45
38.212,0.15,45
38.213,0.15,45
38.214,0.15,45
38.215,0.15,45
38.216,0.15,45
38.217,0.15,45
38.218,0.15,45
38.219,0.15,45
38.22,0.15,45
38.221,0.15,45
38.222,0.15,45
38.223,0.15,45
38.224,0.15,45
38.225,0.15,45
38.226,0.15,45
38.227,0.15,45
38.228,0.15,45
38.229,0.15,45
38.23,0.15,45
38.231,0.15,45
38.232,0.15,45
38.233,0.15,45
38.234,0.15,45
38.235,0.15,45
38.236,0.15,45
38.237,0.15,45
38.238,0.15,45
38.239,0.15,45
38.24,0.15,45
38.241,0.15,45
38.242,0.15,45
38.243,0.15,45
38.244,0.15,45
38.245,0.15,45
38.246,0.15,45
38.247,0.15,45
38.248,0.15,45
38.249,0.15,45
38.25,0.15,45
38.251,0.15,45
38.252,0.15,45
38.253,0.15,45
38.254,0.15,45
38.255,0.15,45
38.256,0.15,45
38.257,0.15,45
38.258,0.15,45
38.259,0.15,45
38.26,0.15,45
38.261,0.15,45
38.262,0.15,45
38.263,0.15,45
38.264,0.15,45
38.265,0.15,45
38.266,0.15,45
38.267,0.15,45
38.268,0.15,45
38.269,0.15,45
38.27,0.15,45
38.271,0.15,45
38.272,0.15,45
38.273,0.15,45
38.274,0.15,45
38.275,0.15,45
38.276,0.15,45
38.277,0.15,45
38.278,0.15,45
38.279,0.15,45
38.28,0.15,45
38.281,0.15,45
38.282,0.15,45
38.283,0.15,45
38.284,0.15,45
38.285,0.15,45
38.286,0.15,45
38.287,0.15,45
38.288,0.15,45
38.289,0.15,45
38.29,0.15,45
38.291,0.15,45
38.292,0.15,45
38.293,0.15,45
38.294,0.15,45
38.295,0.15,45
38.296,0.15,45
38.297,0.15,45
38.298,0.15,45
38.299,0.15,45
38.3,0.15,45
38.301,0.15,45
38.302,0.15,45
38.303,0.15,45
38.304,0.15,45
38.305,0.15,45
38.306,0.15,45
38.307,0.15,45
38.308,0.15,45
38.309,0.15,45
38.31,0.15,45
38.311,0.15,45
38.312,0.15,45
38.313,0.15,45
38.314,0.15,45
38.315,0.15,45
38.316,0.15,45
38.317,0.15,45
38.318,0.15,45
38.319,0.15,45
38.32,0.15,45
38.321,0.15,45
38.322,0.15,45
38.323,0.15,45
38.324,0.15,45
38.325,0.15,45
38.326,0.15,45
38.327,0.15,45
38.328,0.15,45
38.329,0.15,45
38.33,0.15,45
38.331,0.15,45
38.332,0.15,45
38.333,0.15,45
38.334,0.15,45
38.335,0.15,45
38.336,0.15,45
38.337,0.15,45
38.338,0.15,45
38.339,0.15,45
38.34,0.15,45
38.341,0.15,45
38.342,0.15,45
38.343,0.15,45
38.344,0.15,45
38.345,0.15,45
38.346,0.15,45
38.347,0.15,45
38.348,0.15,45
38.349,0.15,45
38.35,0.15,45
38.351,0.15,45
38.352,0.15,45
38.353,0.15,45
38.354,0.15,45
38.355,0.15,45
38.356,0.15,45
38.357,0.15,45
38.358,0.15,45
38.359,0.15,45
38.36,0.15,45
38.361,0.15,45
38.362,0.15,45
38.363,0.15,45
38.364,0.15,45
38.365,0.15,45
38.366,0.15,45
38.367,0.15,45
38.368,0.15,45
38.369,0.15,45
38.37,0.15,45
38.371,0.15,45
38.372,0.15,45
38.373,0.15,45
38.374,0.15,45
38.375,0.15,45
38.376,0.15,45
38.377,0.15,45
38.378,0.15,45
38.379,0.15,45
38.38,0.15,45
38.381,0.15,45
38.382,0.15,45
38.383,0.15,45
38.384,0.15,45
38.385,0.15,45
38.386,0.15,45
38.387,0.15,45
38.388,0.15,45
38.389,0.15,45
38.39,0.15,45
38.391,0.15,45
38.392,0.15,45
38.393,0.15,45
38.394,0.15,45
38.395,0.15,45
38.396,0.15,45
38.397,0.15,45
38.398,0.15,45
38.399,0.15,45
38.4,0.15,45
38.401,0.15,45
38.402,0.15,45
38.403,0.15,45
38.404,0.15,45
38.405,0.15,45
38.406,0.15,45
38.407,0.15,45
38.408,0.15,45
38.409,0.15,45
38.41,0.15,45
38.411,0.15,45
38.412,0.15,45
38.413,0.15,45
38.414,0.15,45
38.415,0.15,45
38.416,0.15,45
38.417,0.15,45
38.418,0.15,45
38.419,0.15,45
38.42,0.15,45
38.421,0.15,45
38.422,0.15,45
38.423,0.15,45
38.424,0.15,45
38.425,0.15,45
38.426,0.15,45
38.427,0.15,45
38.428,0.15,45
38.429,0.15,45
38.43,0.15,45
38.431,0.15,45
38.432,0.15,45
38.433,0.15,45
38.434,0.15,45
38.435,0.15,45
38.436,0.15,45
38.437,0.15,45
38.438,0.15,45
38.439,0.15,45
38.44,0.15,45
38.441,0.15,45
38.442,0.15,45
38.443,0.15,45
38.444,0.15,45
38.445,0.15,45
38.446,0.15,45
38.447,0.15,45
38.448,0.15,45
38.449,0.15,45
38.45,0.15,45
38.451,0.15,45
38.452,0.15,45
38.453,0.15,45
38.454,0.15,45
38.455,0.15,45
38.456,0.15,45
38.457,0.15,45
38.458,0.15,45
38.459,0.15,45
38.46,0.15,45
38.461,0.15,45
38.462,0.15,45
38.463,0.15,45
38.464,0.15,45
38.465,0.15,45
38.466,0.15,45
38.467,0.15,45
38.468,0.15,45
38.469,0.15,45
38.47,0.15,45
38.471,0.15,45
38.472,0.15,45
38.473,0.15,45
38.474,0.15,45
38.475,0.15,45
38.476,0.15,45
38.477,0.15,45
38.478,0.15,45
38.479,0.15,45
38.48,0.15,45
38.481,0.15,45
38.482,0.15,45
38.483,0.15,45
38.484,0.15,45
38.485,0.15,45
38.486,0.15,45
38.487,0.15,45
38.488,0.15,45
38.489,0.15,45
38.49,0.15,45
38.491,0.15,45
38.492,0.15,45
38.493,0.15,45
38.494,0.15,45
38.495,0.15,45
38.496,0.15,45
38.497,0.15,45
38.498,0.15,45
38.499,0.15,45
38.5,0.15,45
38.501,0.15,45
38.502,0.15,45
38.503,0.15,45
38.504,0.15,45
38.505,0.15,45
38.506,0.15,45
38.507,0.15,45
38.508,0.15,45
38.509,0.15,45
38.51,0.15,45
38.511,0.15,45
38.512,0.15,45
38.513,0.15,45
38.514,0.15,45
38.515,0.15,45
38.516,0.15,45
38.517,0.15,45
38.518,0.15,45
38.519,0.15,45
38.52,0.15,45
38.521,0.15,45
38.522,0.15,45
38.523,0.15,45
38.524,0.15,45
38.525,0.15,45
38.526,0.15,45
38.527,0.15,45
38.528,0.15,45
38.529,0.15,45
38.53,0.15,45
38.531,0.15,45
38.532,0.15,45
38.533,0.15,45
38.534,0.15,45
38.535,0.15,45
38.536,0.15,45
38.537,0.15,45
38.538,0.15,45
38.539,0.15,45
38.54,0.15,45
38.541,0.15,45
38.542,0.15,45
38.543,0.15,45
38.544,0.15,45
38.545,0.15,45
38.546,0.15,45
38.547,0.15,45
38.548,0.15,45
38.549,0.15,45
38.55,0.15,45
38.551,0.15,45
38.552,0.15,45
38.553,0.15,45
38.554,0.15,45
38.555,0.15,45
38.556,0.15,45
38.557,0.15,45
38.558,0.15,45
38.559,0.15,45
38.56,0.15,45
38.561,0.15,45
38.562,0.15,45
38.563,0.15,45
38.564,0.15,45
38.565,0.15,45
38.566,0.15,45
38.567,0.15,45
38.568,0.15,45
38.569,0.15,45
38.57,0.15,45
38.571,0.15,45
38.572,0.15,45
38.573,0.15,45
38.574,0.15,45
38.575,0.15,45
38.576,0.15,45
38.577,0.15,45
38.578,0.15,45
38.579,0.15,45
38.58,0.15,45
38.581,0.15,45
38.582,0.15,45
38.583,0.15,45
38.584,0.15,45
38.585,0.15,45
38.586,0.15,45
38.587,0.15,45
38.588,0.15,45
38.589,0.15,45
38.59,0.15,45
38.591,0.15,45
38.592,0.15,45
38.593,0.15,45
38.594,0.15,45
38.595,0.15,45
38.596,0.15,45
38.597,0.15,45
38.598,0.15,45
38.599,0.15,45
38.6,0.15,45
38.601,0.15,45
38.602,0.15,45
38.603,0.15,45
38.604,0.15,45
38.605,0.15,45
38.606,0.15,45
38.607,0.15,45
38.608,0.15,45
38.609,0.15,45
38.61,0.15,45
38.611,0.15,45
38.612,0.15,45
38.613,0.15,45
38.614,0.15,45
38.615,0.15,45
38.616,0.15,45
38.617,0.15,45
38.618,0.15,45
38.619,0.15,45
38.62,0.15,45
38.621,0.15,45
38.622,0.15,45
38.623,0.15,45
38.624,0.15,45
38.625,0.15,45
38.626,0.15,45
38.627,0.15,45
38.628,0.15,45
38.629,0.15,45
38.63,0.15,45
38.631,0.15,45
38.632,0.15,45
38.633,0.15,45
38.634,0.15,45
38.635,0.15,45
38.636,0.15,45
38.637,0.15,45
38.638,0.15,45
38.639,0.15,45
38.64,0.15,45
38.641,0.15,45
38.642,0.15,45
38.643,0.15,45
38.644,0.15,45
38.645,0.15,45
38.646,0.15,45
38.647,0.15,45
38.648,0.15,45
38.649,0.15,45
38.65,0.15,45
38.651,0.15,45
38.652,0.15,45
38.653,0.15,45
38.654,0.15,45
38.655,0.15,45
38.656,0.15,45
38.657,0.15,45
38.658,0.15,45
38.659,0.15,45
38.66,0.15,45
38.661,0.15,45
38.662,0.15,45
38.663,0.15,45
38.664,0.15,45
38.665,0.15,45
38.666,0.15,45
38.667,0.15,45
38.668,0.15,45
38.669,0.15,45
38.67,0.15,45
38.671,0.15,45
38.672,0.15,45
38.673,0.15,45
38.674,0.15,45
38.675,0.15,45
38.676,0.15,45
38.677,0.15,45
38.678,0.15,45
38.679,0.15,45
38.68,0.15,45
38.681,0.15,45
38.682,0.15,45
38.683,0.15,45
38.684,0.15,45
38.685,0.15,45
38.686,0.15,45
38.687,0.15,45
38.688,0.15,45
38.689,0.15,45
38.69,0.15,45
38.691,0.15,45
38.692,0.15,45
38.693,0.15,45
38.694,0.15,45
38.695,0.15,45
38.696,0.15,45
38.697,0.15,45
38.698,0.15,45
38.699,0.15,45
38.7,0.15,45
38.701,0.15,45
38.702,0.15,45
38.703,0.15,45
38.704,0.15,45
38.705,0.15,45
38.706,0.15,45
38.707,0.15,45
38.708,0.15,45
38.709,0.15,45
38.71,0.15,45
38.711,0.15,45
38.712,0.15,45
38.713,0.15,45
38.714,0.15,45
38.715,0.15,45
38.716,0.15,45
38.717,0.15,45
38.718,0.15,45
38.719,0.15,45
38.72,0.15,45
38.721,0.15,45
38.722,0.15,45
38.723,0.15,45
38.724,0.15,45
38.725,0.15,45
38.726,0.15,45
38.727,0.15,45
38.728,0.15,45
38.729,0.15,45
38.73,0.15,45
38.731,0.15,45
38.732,0.15,45
38.733,0.15,45
38.734,0.15,45
38.735,0.15,45
38.736,0.15,45
38.737,0.15,45
38.738,0.15,45
38.739,0.15,45
38.74,0.15,45
38.741,0.15,45
38.742,0.15,45
38.743,0.15,45
38.744,0.15,45
38.745,0.15,45
38.746,0.15,45
38.747,0.15,45
38.748,0.15,45
38.749,0.15,45
38.75,0.15,45
38.751,0.15,45
38.752,0.15,45
38.753,0.15,45
38.754,0.15,45
38.755,0.15,45
38.756,0.15,45
38.757,0.15,45
38.758,0.15,45
38.759,0.15,45
38.76,0.15,45
38.761,0.15,45
38.762,0.15,45
38.763,0.15,45
38.764,0.15,45
38.765,0.15,45
38.766,0.15,45
38.767,0.15,45
38.768,0.15,45
38.769,0.15,45
38.77,0.15,45
38.771,0.15,45
38.772,0.15,45
38.773,0.15,45
38.774,0.15,45
38.775,0.15,45
38.776,0.15,45
38.777,0.15,45
38.778,0.15,45
38.779,0.15,45
38.78,0.15,45
38.781,0.15,45
38.782,0.15,45
38.783,0.15,45
38.784,0.15,45
38.785,0.15,45
38.786,0.15,45
38.787,0.15,45
38.788,0.15,45
38.789,0.15,45
38.79,0.15,45
38.791,0.15,45
38.792,0.15,45
38.793,0.15,45
38.794,0.15,45
38.795,0.15,45
38.796,0.15,45
38.797,0.15,45
38.798,0.15,45
38.799,0.15,45
38.8,0.15,45
38.801,0.15,45
38.802,0.15,45
38.803,0.15,45
38.804,0.15,45
38.805,0.15,45
38.806,0.15,45
38.807,0.15,45
38.808,0.15,45
38.809,0.15,45
38.81,0.15,45
38.811,0.15,45
38.812,0.15,45
38.813,0.15,45
38.814,0.15,45
38.815,0.15,45
38.816,0.15,45
38.817,0.15,45
38.818,0.15,45
38.819,0.15,45
38.82,0.15,45
38.821,0.15,45
38.822,0.15,45
38.823,0.15,45
38.824,0.15,45
38.825,0.15,45
38.826,0.15,45
38.827,0.15,45
38.828,0.15,45
38.829,0.15,45
38.83,0.15,45
38.831,0.15,45
38.832,0.15,45
38.833,0.15,45
38.834,0.15,45
38.835,0.15,45
38.836,0.15,45
38.837,0.15,45
38.838,0.15,45
38.839,0.15,45
38.84,0.15,45
38.841,0.15,45
38.842,0.15,45
38.843,0.15,45
38.844,0.15,45
38.845,0.15,45
38.846,0.15,45
38.847,0.15,45
38.848,0.15,45
38.849,0.15,45
38.85,0.15,45
38.851,0.15,45
38.852,0.15,45
38.853,0.15,45
38.854,0.15,45
38.855,0.15,45
38.856,0.15,45
38.857,0.15,45
38.858,0.15,45
38.859,0.15,45
38.86,0.15,45
38.861,0.15,45
38.862,0.15,45
38.863,0.15,45
38.864,0.15,45
38.865,0.15,45
38.866,0.15,45
38.867,0.15,45
38.868,0.15,45
38.869,0.15,45
38.87,0.15,45
38.871,0.15,45
38.872,0.15,45
38.873,0.15,45
38.874,0.15,45
38.875,0.15,45
38.876,0.15,45
38.877,0.15,45
38.878,0.15,45
38.879,0.15,45
38.88,0.15,45
38.881,0.15,45
38.882,0.15,45
38.883,0.15,45
38.884,0.15,45
38.885,0.15,45
38.886,0.15,45
38.887,0.15,45
38.888,0.15,45
38.889,0.15,45
38.89,0.15,45
38.891,0.15,45
38.892,0.15,45
38.893,0.15,45
38.894,0.15,45
38.895,0.15,45
38.896,0.15,45
38.897,0.15,45
38.898,0.15,45
38.899,0.15,45
38.9,0.15,45
38.901,0.15,45
38.902,0.15,45
38.903,0.15,45
38.904,0.15,45
38.905,0.15,45
38.906,0.15,45
38.907,0.15,45
38.908,0.15,45
38.909,0.15,45
38.91,0.15,45
38.911,0.15,45
38.912,0.15,45
38.913,0.15,45
38.914,0.15,45
38.915,0.15,45
38.916,0.15,45
38.917,0.15,45
38.918,0.15,45
38.919,0.15,45
38.92,0.15,45
38.921,0.15,45
38.922,0.15,45
38.923,0.15,45
38.924,0.15,45
38.925,0.15,45
38.926,0.15,45
38.927,0.15,45
38.928,0.15,45
38.929,0.15,45
38.93,0.15,45
38.931,0.15,45
38.932,0.15,45
38.933,0.15,45
38.934,0.15,45
38.935,0.15,45
38.936,0.15,45
38.937,0.15,45
38.938,0.15,45
38.939,0.15,45
38.94,0.15,45
38.941,0.15,45
38.942,0.15,45
38.943,0.15,45
38.944,0.15,45
38.945,0.15,45
38.946,0.15,45
38.947,0.15,45
38.948,0.15,45
38.949,0.15,45
38.95,0.15,45
38.951,0.15,45
38.952,0.15,45
38.953,0.15,45
38.954,0.15,45
38.955,0.15,45
38.956,0.15,45
38.957,0.15,45
38.958,0.15,45
38.959,0.15,45
38.96,0.15,45
38.961,0.15,45
38.962,0.15,45
38.963,0.15,45
38.964,0.15,45
38.965,0.15,45
38.966,0.15,45
38.967,0.15,45
38.968,0.15,45
38.969,0.15,45
38.97,0.15,45
38.971,0.15,45
38.972,0.15,45
38.973,0.15,45
38.974,0.15,45
38.975,0.15,45
38.976,0.15,45
38.977,0.15,45
38.978,0.15,45
38.979,0.15,45
38.98,0.15,45
38.981,0.15,45
38.982,0.15,45
38.983,0.15,45
38.984,0.15,45
38.985,0.15,45
38.986,0.15,45
38.987,0.15,45
38.988,0.15,45
38.989,0.15,45
38.99,0.15,45
38.991,0.15,45
38.992,0.15,45
38.993,0.15,45
38.994,0.15,45
38.995,0.15,45
38.996,0.15,45
38.997,0.15,45
38.998,0.15,45
38.999,0.15,45
39,0.15,45
39.001,0.15,45
39.002,0.15,45
39.003,0.15,45
39.004,0.15,45
39.005,0.15,45
39.006,0.15,45
39.007,0.15,45
39.008,0.15,45
39.009,0.15,45
39.01,0.15,45
39.011,0.15,45
39.012,0.15,45
39.013,0.15,45
39.014,0.15,45
39.015,0.15,45
39.016,0.15,45
39.017,0.15,45
39.018,0.15,45
39.019,0.15,45
39.02,0.15,45
39.021,0.15,45
39.022,0.15,45
39.023,0.15,45
39.024,0.15,45
39.025,0.15,45
39.026,0.15,45
39.027,0.15,45
39.028,0.15,45
39.029,0.15,45
39.03,0.15,45
39.031,0.15,45
39.032,0.15,45
39.033,0.15,45
39.034,0.15,45
39.035,0.15,45
39.036,0.15,45
39.037,0.15,45
39.038,0.15,45
39.039,0.15,45
39.04,0.15,45
39.041,0.15,45
39.042,0.15,45
39.043,0.15,45
39.044,0.15,45
39.045,0.15,45
39.046,0.15,45
39.047,0.15,45
39.048,0.15,45
39.049,0.15,45
39.05,0.15,45
39.051,0.15,45
39.052,0.15,45
39.053,0.15,45
39.054,0.15,45
39.055,0.15,45
39.056,0.15,45
39.057,0.15,45
39.058,0.15,45
39.059,0.15,45
39.06,0.15,45
39.061,0.15,45
39.062,0.15,45
39.063,0.15,45
39.064,0.15,45
39.065,0.15,45
39.066,0.15,45
39.067,0.15,45
39.068,0.15,45
39.069,0.15,45
39.07,0.15,45
39.071,0.15,45
39.072,0.15,45
39.073,0.15,45
39.074,0.15,45
39.075,0.15,45
39.076,0.15,45
39.077,0.15,45
39.078,0.15,45
39.079,0.15,45
39.08,0.15,45
39.081,0.15,45
39.082,0.15,45
39.083,0.15,45
39.084,0.15,45
39.085,0.15,45
39.086,0.15,45
39.087,0.15,45
39.088,0.15,45
39.089,0.15,45
39.09,0.15,45
39.091,0.15,45
39.092,0.15,45
39.093,0.15,45
39.094,0.15,45
39.095,0.15,45
39.096,0.15,45
39.097,0.15,45
39.098,0.15,45
39.099,0.15,45
39.1,0.15,45
39.101,0.15,45
39.102,0.15,45
39.103,0.15,45
39.104,0.15,45
39.105,0.15,45
39.106,0.15,45
39.107,0.15,45
39.108,0.15,45
39.109,0.15,45
39.11,0.15,45
39.111,0.15,45
39.112,0.15,45
39.113,0.15,45
39.114,0.15,45
39.115,0.15,45
39.116,0.15,45
39.117,0.15,45
39.118,0.15,45
39.119,0.15,45
39.12,0.15,45
39.121,0.15,45
39.122,0.15,45
39.123,0.15,45
39.124,0.15,45
39.125,0.15,45
39.126,0.15,45
39.127,0.15,45
39.128,0.15,45
39.129,0.15,45
39.13,0.15,45
39.131,0.15,45
39.132,0.15,45
39.133,0.15,45
39.134,0.15,45
39.135,0.15,45
39.136,0.15,45
39.137,0.15,45
39.138,0.15,45
39.139,0.15,45
39.14,0.15,45
39.141,0.15,45
39.142,0.15,45
39.143,0.15,45
39.144,0.15,45
39.145,0.15,45
39.146,0.15,45
39.147,0.15,45
39.148,0.15,45
39.149,0.15,45
39.15,0.15,45
39.151,0.15,45
39.152,0.15,45
39.153,0.15,45
39.154,0.15,45
39.155,0.15,45
39.156,0.15,45
39.157,0.15,45
39.158,0.15,45
39.159,0.15,45
39.16,0.15,45
39.161,0.15,45
39.162,0.15,45
39.163,0.15,45
39.164,0.15,45
39.165,0.15,45
39.166,0.15,45
39.167,0.15,45
39.168,0.15,45
39.169,0.15,45
39.17,0.15,45
39.171,0.15,45
39.172,0.15,45
39.173,0.15,45
39.174,0.15,45
39.175,0.15,45
39.176,0.15,45
39.177,0.15,45
39.178,0.15,45
39.179,0.15,45
39.18,0.15,45
39.181,0.15,45
39.182,0.15,45
39.183,0.15,45
39.184,0.15,45
39.185,0.15,45
39.186,0.15,45
39.187,0.15,45
39.188,0.15,45
39.189,0.15,45
39.19,0.15,45
39.191,0.15,45
39.192,0.15,45
39.193,0.15,45
39.194,0.15,45
39.195,0.15,45
39.196,0.15,45
39.197,0.15,45
39.198,0.15,45
39.199,0.15,45
39.2,0.15,45
39.201,0.15,45
39.202,0.15,45
39.203,0.15,45
39.204,0.15,45
39.205,0.15,45
39.206,0.15,45
39.207,0.15,45
39.208,0.15,45
39.209,0.15,45
39.21,0.15,45
39.211,0.15,45
39.212,0.15,45
39.213,0.15,45
39.214,0.15,45
39.215,0.15,45
39.216,0.15,45
39.217,0.15,45
39.218,0.15,45
39.219,0.15,45
39.22,0.15,45
39.221,0.15,45
39.222,0.15,45
39.223,0.15,45
39.224,0.15,45
39.225,0.15,45
39.226,0.15,45
39.227,0.15,45
39.228,0.15,45
39.229,0.15,45
39.23,0.15,45
39.231,0.15,45
39.232,0.15,45
39.233,0.15,45
39.234,0.15,45
39.235,0.15,45
39.236,0.15,45
39.237,0.15,45
39.238,0.15,45
39.239,0.15,45
39.24,0.15,45
39.241,0.15,45
39.242,0.15,45
39.243,0.15,45
39.244,0.15,45
39.245,0.15,45
39.246,0.15,45
39.247,0.15,45
39.248,0.15,45
39.249,0.15,45
39.25,0.15,45
39.251,0.15,45
39.252,0.15,45
39.253,0.15,45
39.254,0.15,45
39.255,0.15,45
39.256,0.15,45
39.257,0.15,45
39.258,0.15,45
39.259,0.15,45
39.26,0.15,45
39.261,0.15,45
39.262,0.15,45
39.263,0.15,45
39.264,0.15,45
39.265,0.15,45
39.266,0.15,45
39.267,0.15,45
39.268,0.15,45
39.269,0.15,45
39.27,0.15,45
39.271,0.15,45
39.272,0.15,45
39.273,0.15,45
39.274,0.15,45
39.275,0.15,45
39.276,0.15,45
39.277,0.15,45
39.278,0.15,45
39.279,0.15,45
39.28,0.15,45
39.281,0.15,45
39.282,0.15,45
39.283,0.15,45
39.284,0.15,45
39.285,0.15,45
39.286,0.15,45
39.287,0.15,45
39.288,0.15,45
39.289,0.15,45
39.29,0.15,45
39.291,0.15,45
39.292,0.15,45
39.293,0.15,45
39.294,0.15,45
39.295,0.15,45
39.296,0.15,45
39.297,0.15,45
39.298,0.15,45
39.299,0.15,45
39.3,0.15,45
39.301,0.15,45
39.302,0.15,45
39.303,0.15,45
39.304,0.15,45
39.305,0.15,45
39.306,0.15,45
39.307,0.15,45
39.308,0.15,45
39.309,0.15,45
39.31,0.15,45
39.311,0.15,45
39.312,0.15,45
39.313,0.15,45
39.314,0.15,45
39.315,0.15,45
39.316,0.15,45
39.317,0.15,45
39.318,0.15,45
39.319,0.15,45
39.32,0.15,45
39.321,0.15,45
39.322,0.15,45
39.323,0.15,45
39.324,0.15,45
39.325,0.15,45
39.326,0.15,45
39.327,0.15,45
39.328,0.15,45
39.329,0.15,45
39.33,0.15,45
39.331,0.15,45
39.332,0.15,45
39.333,0.15,45
39.334,0.15,45
39.335,0.15,45
39.336,0.15,45
39.337,0.15,45
39.338,0.15,45
39.339,0.15,45
39.34,0.15,45
39.341,0.15,45
39.342,0.15,45
39.343,0.15,45
39.344,0.15,45
39.345,0.15,45
39.346,0.15,45
39.347,0.15,45
39.348,0.15,45
39.349,0.15,45
39.35,0.15,45
39.351,0.15,45
39.352,0.15,45
39.353,0.15,45
39.354,0.15,45
39.355,0.15,45
39.356,0.15,45
39.357,0.15,45
39.358,0.15,45
39.359,0.15,45
39.36,0.15,45
39.361,0.15,45
39.362,0.15,45
39.363,0.15,45
39.364,0.15,45
39.365,0.15,45
39.366,0.15,45
39.367,0.15,45
39.368,0.15,45
39.369,0.15,45
39.37,0.15,45
39.371,0.15,45
39.372,0.15,45
39.373,0.15,45
39.374,0.15,45
39.375,0.15,45
39.376,0.15,45
39.377,0.15,45
39.378,0.15,45
39.379,0.15,45
39.38,0.15,45
39.381,0.15,45
39.382,0.15,45
39.383,0.15,45
39.384,0.15,45
39.385,0.15,45
39.386,0.15,45
39.387,0.15,45
39.388,0.15,45
39.389,0.15,45
39.39,0.15,45
39.391,0.15,45
39.392,0.15,45
39.393,0.15,45
39.394,0.15,45
39.395,0.15,45
39.396,0.15,45
39.397,0.15,45
39.398,0.15,45
39.399,0.15,45
39.4,0.15,45
39.401,0.15,45
39.402,0.15,45
39.403,0.15,45
39.404,0.15,45
39.405,0.15,45
39.406,0.15,45
39.407,0.15,45
39.408,0.15,45
39.409,0.15,45
39.41,0.15,45
39.411,0.15,45
39.412,0.15,45
39.413,0.15,45
39.414,0.15,45
39.415,0.15,45
39.416,0.15,45
39.417,0.15,45
39.418,0.15,45
39.419,0.15,45
39.42,0.15,45
39.421,0.15,45
39.422,0.15,45
39.423,0.15,45
39.424,0.15,45
39.425,0.15,45
39.426,0.15,45
39.427,0.15,45
39.428,0.15,45
39.429,0.15,45
39.43,0.15,45
39.431,0.15,45
39.432,0.15,45
39.433,0.15,45
39.434,0.15,45
39.435,0.15,45
39.436,0.15,45
39.437,0.15,45
39.438,0.15,45
39.439,0.15,45
39.44,0.15,45
39.441,0.15,45
39.442,0.15,45
39.443,0.15,45
39.444,0.15,45
39.445,0.15,45
39.446,0.15,45
39.447,0.15,45
39.448,0.15,45
39.449,0.15,45
39.45,0.15,45
39.451,0.15,45
39.452,0.15,45
39.453,0.15,45
39.454,0.15,45
39.455,0.15,45
39.456,0.15,45
39.457,0.15,45
39.458,0.15,45
39.459,0.15,45
39.46,0.15,45
39.461,0.15,45
39.462,0.15,45
39.463,0.15,45
39.464,0.15,45
39.465,0.15,45
39.466,0.15,45
39.467,0.15,45
39.468,0.15,45
39.469,0.15,45
39.47,0.15,45
39.471,0.15,45
39.472,0.15,45
39.473,0.15,45
39.474,0.15,45
39.475,0.15,45
39.476,0.15,45
39.477,0.15,45
39.478,0.15,45
39.479,0.15,45
39.48,0.15,45
39.481,0.15,45
39.482,0.15,45
39.483,0.15,45
39.484,0.15,45
39.485,0.15,45
39.486,0.15,45
39.487,0.15,45
39.488,0.15,45
39.489,0.15,45
39.49,0.15,45
39.491,0.15,45
39.492,0.15,45
39.493,0.15,45
39.494,0.15,45
39.495,0.15,45
39.496,0.15,45
39.497,0.15,45
39.498,0.15,45
39.499,0.15,45
39.5,0.15,45
39.501,0.15,45
39.502,0.15,45
39.503,0.15,45
39.504,0.15,45
39.505,0.15,45
39.506,0.15,45
39.507,0.15,45
39.508,0.15,45
39.509,0.15,45
39.51,0.15,45
39.511,0.15,45
39.512,0.15,45
39.513,0.15,45
39.514,0.15,45
39.515,0.15,45
39.516,0.15,45
39.517,0.15,45
39.518,0.15,45
39.519,0.15,45
39.52,0.15,45
39.521,0.15,45
39.522,0.15,45
39.523,0.15,45
39.524,0.15,45
39.525,0.15,45
39.526,0.15,45
39.527,0.15,45
39.528,0.15,45
39.529,0.15,45
39.53,0.15,45
39.531,0.15,45
39.532,0.15,45
39.533,0.15,45
39.534,0.15,45
39.535,0.15,45
39.536,0.15,45
39.537,0.15,45
39.538,0.15,45
39.539,0.15,45
39.54,0.15,45
39.541,0.15,45
39.542,0.15,45
39.543,0.15,45
39.544,0.15,45
39.545,0.15,45
39.546,0.15,45
39.547,0.15,45
39.548,0.15,45
39.549,0.15,45
39.55,0.15,45
39.551,0.15,45
39.552,0.15,45
39.553,0.15,45
39.554,0.15,45
39.555,0.15,45
39.556,0.15,45
39.557,0.15,45
39.558,0.15,45
39.559,0.15,45
39.56,0.15,45
39.561,0.15,45
39.562,0.15,45
39.563,0.15,45
39.564,0.15,45
39.565,0.15,45
39.566,0.15,45
39.567,0.15,45
39.568,0.15,45
39.569,0.15,45
39.57,0.15,45
39.571,0.15,45
39.572,0.15,45
39.573,0.15,45
39.574,0.15,45
39.575,0.15,45
39.576,0.15,45
39.577,0.15,45
39.578,0.15,45
39.579,0.15,45
39.58,0.15,45
39.581,0.15,45
39.582,0.15,45
39.583,0.15,45
39.584,0.15,45
39.585,0.15,45
39.586,0.15,45
39.587,0.15,45
39.588,0.15,45
39.589,0.15,45
39.59,0.15,45
39.591,0.15,45
39.592,0.15,45
39.593,0.15,45
39.594,0.15,45
39.595,0.15,45
39.596,0.15,45
39.597,0.15,45
39.598,0.15,45
39.599,0.15,45
39.6,0.15,45
39.601,0.15,45
39.602,0.15,45
39.603,0.15,45
39.604,0.15,45
39.605,0.15,45
39.606,0.15,45
39.607,0.15,45
39.608,0.15,45
39.609,0.15,45
39.61,0.15,45
39.611,0.15,45
39.612,0.15,45
39.613,0.15,45
39.614,0.15,45
39.615,0.15,45
39.616,0.15,45
39.617,0.15,45
39.618,0.15,45
39.619,0.15,45
39.62,0.15,45
39.621,0.15,45
39.622,0.15,45
39.623,0.15,45
39.624,0.15,45
39.625,0.15,45
39.626,0.15,45
39.627,0.15,45
39.628,0.15,45
39.629,0.15,45
39.63,0.15,45
39.631,0.15,45
39.632,0.15,45
39.633,0.15,45
39.634,0.15,45
39.635,0.15,45
39.636,0.15,45
39.637,0.15,45
39.638,0.15,45
39.639,0.15,45
39.64,0.15,45
39.641,0.15,45
39.642,0.15,45
39.643,0.15,45
39.644,0.15,45
39.645,0.15,45
39.646,0.15,45
39.647,0.15,45
39.648,0.15,45
39.649,0.15,45
39.65,0.15,45
39.651,0.15,45
39.652,0.15,45
39.653,0.15,45
39.654,0.15,45
39.655,0.15,45
39.656,0.15,45
39.657,0.15,45
39.658,0.15,45
39.659,0.15,45
39.66,0.15,45
39.661,0.15,45
39.662,0.15,45
39.663,0.15,45
39.664,0.15,45
39.665,0.15,45
39.666,0.15,45
39.667,0.15,45
39.668,0.15,45
39.669,0.15,45
39.67,0.15,45
39.671,0.15,45
39.672,0.15,45
39.673,0.15,45
39.674,0.15,45
39.675,0.15,45
39.676,0.15,45
39.677,0.15,45
39.678,0.15,45
39.679,0.15,45
39.68,0.15,45
39.681,0.15,45
39.682,0.15,45
39.683,0.15,45
39.684,0.15,45
39.685,0.15,45
39.686,0.15,45
39.687,0.15,45
39.688,0.15,45
39.689,0.15,45
39.69,0.15,45
39.691,0.15,45
39.692,0.15,45
39.693,0.15,45
39.694,0.15,45
39.695,0.15,45
39.696,0.15,45
39.697,0.15,45
39.698,0.15,45
39.699,0.15,45
39.7,0.15,45
39.701,0.15,45
39.702,0.15,45
39.703,0.15,45
39.704,0.15,45
39.705,0.15,45
39.706,0.15,45
39.707,0.15,45
39.708,0.15,45
39.709,0.15,45
39.71,0.15,45
39.711,0.15,45
39.712,0.15,45
39.713,0.15,45
39.714,0.15,45
39.715,0.15,45
39.716,0.15,45
39.717,0.15,45
39.718,0.15,45
39.719,0.15,45
39.72,0.15,45
39.721,0.15,45
39.722,0.15,45
39.723,0.15,45
39.724,0.15,45
39.725,0.15,45
39.726,0.15,45
39.727,0.15,45
39.728,0.15,45
39.729,0.15,45
39.73,0.15,45
39.731,0.15,45
39.732,0.15,45
39.733,0.15,45
39.734,0.15,45
39.735,0.15,45
39.736,0.15,45
39.737,0.15,45
39.738,0.15,45
39.739,0.15,45
39.74,0.15,45
39.741,0.15,45
39.742,0.15,45
39.743,0.15,45
39.744,0.15,45
39.745,0.15,45
39.746,0.15,45
39.747,0.15,45
39.748,0.15,45
39.749,0.15,45
39.75,0.15,45
39.751,0.15,45
39.752,0.15,45
39.753,0.15,45
39.754,0.15,45
39.755,0.15,45
39.756,0.15,45
39.757,0.15,45
39.758,0.15,45
39.759,0.15,45
39.76,0.15,45
39.761,0.15,45
39.762,0.15,45
39.763,0.15,45
39.764,0.15,45
39.765,0.15,45
39.766,0.15,45
39.767,0.15,45
39.768,0.15,45
39.769,0.15,45
39.77,0.15,45
39.771,0.15,45
39.772,0.15,45
39.773,0.15,45
39.774,0.15,45
39.775,0.15,45
39.776,0.15,45
39.777,0.15,45
39.778,0.15,45
39.779,0.15,45
39.78,0.15,45
39.781,0.15,45
39.782,0.15,45
39.783,0.15,45
39.784,0.15,45
39.785,0.15,45
39.786,0.15,45
39.787,0.15,45
39.788,0.15,45
39.789,0.15,45
39.79,0.15,45
39.791,0.15,45
39.792,0.15,45
39.793,0.15,45
39.794,0.15,45
39.795,0.15,45
39.796,0.15,45
39.797,0.15,45
39.798,0.15,45
39.799,0.15,45
39.8,0.15,45
39.801,0.15,45
39.802,0.15,45
39.803,0.15,45
39.804,0.15,45
39.805,0.15,45
39.806,0.15,45
39.807,0.15,45
39.808,0.15,45
39.809,0.15,45
39.81,0.15,45
39.811,0.15,45
39.812,0.15,45
39.813,0.15,45
39.814,0.15,45
39.815,0.15,45
39.816,0.15,45
39.817,0.15,45
39.818,0.15,45
39.819,0.15,45
39.82,0.15,45
39.821,0.15,45
39.822,0.15,45
39.823,0.15,45
39.824,0.15,45
39.825,0.15,45
39.826,0.15,45
39.827,0.15,45
39.828,0.15,45
39.829,0.15,45
39.83,0.15,45
39.831,0.15,45
39.832,0.15,45
39.833,0.15,45
39.834,0.15,45
39.835,0.15,45
39.836,0.15,45
39.837,0.15,45
39.838,0.15,45
39.839,0.15,45
39.84,0.15,45
39.841,0.15,45
39.842,0.15,45
39.843,0.15,45
39.844,0.15,45
39.845,0.15,45
39.846,0.15,45
39.847,0.15,45
39.848,0.15,45
39.849,0.15,45
39.85,0.15,45
39.851,0.15,45
39.852,0.15,45
39.853,0.15,45
39.854,0.15,45
39.855,0.15,45
39.856,0.15,45
39.857,0.15,45
39.858,0.15,45
39.859,0.15,45
39.86,0.15,45
39.861,0.15,45
39.862,0.15,45
39.863,0.15,45
39.864,0.15,45
39.865,0.15,45
39.866,0.15,45
39.867,0.15,45
39.868,0.15,45
39.869,0.15,45
39.87,0.15,45
39.871,0.15,45
39.872,0.15,45
39.873,0.15,45
39.874,0.15,45
39.875,0.15,45
39.876,0.15,45
39.877,0.15,45
39.878,0.15,45
39.879,0.15,45
39.88,0.15,45
39.881,0.15,45
39.882,0.15,45
39.883,0.15,45
39.884,0.15,45
39.885,0.15,45
39.886,0.15,45
39.887,0.15,45
39.888,0.15,45
39.889,0.15,45
39.89,0.15,45
39.891,0.15,45
39.892,0.15,45
39.893,0.15,45
39.894,0.15,45
39.895,0.15,45
39.896,0.15,45
39.897,0.15,45
39.898,0.15,45
39.899,0.15,45
39.9,0.15,45
39.901,0.15,45
39.902,0.15,45
39.903,0.15,45
39.904,0.15,45
39.905,0.15,45
39.906,0.15,45
39.907,0.15,45
39.908,0.15,45
39.909,0.15,45
39.91,0.15,45
39.911,0.15,45
39.912,0.15,45
39.913,0.15,45
39.914,0.15,45
39.915,0.15,45
39.916,0.15,45
39.917,0.15,45
39.918,0.15,45
39.919,0.15,45
39.92,0.15,45
39.921,0.15,45
39.922,0.15,45
39.923,0.15,45
39.924,0.15,45
39.925,0.15,45
39.926,0.15,45
39.927,0.15,45
39.928,0.15,45
39.929,0.15,45
39.93,0.15,45
39.931,0.15,45
39.932,0.15,45
39.933,0.15,45
39.934,0.15,45
39.935,0.15,45
39.936,0.15,45
39.937,0.15,45
39.938,0.15,45
39.939,0.15,45
39.94,0.15,45
39.941,0.15,45
39.942,0.15,45
39.943,0.15,45
39.944,0.15,45
39.945,0.15,45
39.946,0.15,45
39.947,0.15,45
39.948,0.15,45
39.949,0.15,45
39.95,0.15,45
39.951,0.15,45
39.952,0.15,45
39.953,0.15,45
39.954,0.15,45
39.955,0.15,45
39.956,0.15,45
39.957,0.15,45
39.958,0.15,45
39.959,0.15,45
39.96,0.15,45
39.961,0.15,45
39.962,0.15,45
39.963,0.15,45
39.964,0.15,45
39.965,0.15,45
39.966,0.15,45
39.967,0.15,45
39.968,0.15,45
39.969,0.15,45
39.97,0.15,45
39.971,0.15,45
39.972,0.15,45
39.973,0.15,45
39.974,0.15,45
39.975,0.15,45
39.976,0.15,45
39.977,0.15,45
39.978,0.15,45
39.979,0.15,45
39.98,0.15,45
39.981,0.15,45
39.982,0.15,45
39.983,0.15,45
39.984,0.15,45
39.985,0.15,45
39.986,0.15,45
39.987,0.15,45
39.988,0.15,45
39.989,0.15,45
39.99,0.15,45
39.991,0.15,45
39.992,0.15,45
39.993,0.15,45
39.994,0.15,45
39.995,0.15,45
39.996,0.15,45
39.997,0.15,45
39.998,0.15,45
39.999,0.15,45
40,0.15,45
40.001,0.15,45
40.002,0.15,45
40.003,0.15,45
40.004,0.15,45
40.005,0.15,45
40.006,0.15,45
40.007,0.15,45
40.008,0.15,45
40.009,0.15,45
40.01,0.15,45
40.011,0.15,45
40.012,0.15,45
40.013,0.15,45
40.014,0.15,45
40.015,0.15,45
40.016,0.15,45
40.017,0.15,45
40.018,0.15,45
40.019,0.15,45
40.02,0.15,45
40.021,0.15,45
40.022,0.15,45
40.023,0.15,45
40.024,0.15,45
40.025,0.15,45
40.026,0.15,45
40.027,0.15,45
40.028,0.15,45
40.029,0.15,45
40.03,0.15,45
40.031,0.15,45
40.032,0.15,45
40.033,0.15,45
40.034,0.15,45
40.035,0.15,45
40.036,0.15,45
40.037,0.15,45
40.038,0.15,45
40.039,0.15,45
40.04,0.15,45
40.041,0.15,45
40.042,0.15,45
40.043,0.15,45
40.044,0.15,45
40.045,0.15,45
40.046,0.15,45
40.047,0.15,45
40.048,0.15,45
40.049,0.15,45
40.05,0.15,45
40.051,0.15,45
40.052,0.15,45
40.053,0.15,45
40.054,0.15,45
40.055,0.15,45
40.056,0.15,45
40.057,0.15,45
40.058,0.15,45
40.059,0.15,45
40.06,0.15,45
40.061,0.15,45
40.062,0.15,45
40.063,0.15,45
40.064,0.15,45
40.065,0.15,45
40.066,0.15,45
40.067,0.15,45
40.068,0.15,45
40.069,0.15,45
40.07,0.15,45
40.071,0.15,45
40.072,0.15,45
40.073,0.15,45
40.074,0.15,45
40.075,0.15,45
40.076,0.15,45
40.077,0.15,45
40.078,0.15,45
40.079,0.15,45
40.08,0.15,45
40.081,0.15,45
40.082,0.15,45
40.083,0.15,45
40.084,0.15,45
40.085,0.15,45
40.086,0.15,45
40.087,0.15,45
40.088,0.15,45
40.089,0.15,45
40.09,0.15,45
40.091,0.15,45
40.092,0.15,45
40.093,0.15,45
40.094,0.15,45
40.095,0.15,45
40.096,0.15,45
40.097,0.15,45
40.098,0.15,45
40.099,0.15,45
40.1,0.15,45
40.101,0.15,45
40.102,0.15,45
40.103,0.15,45
40.104,0.15,45
40.105,0.15,45
40.106,0.15,45
40.107,0.15,45
40.108,0.15,45
40.109,0.15,45
40.11,0.15,45
40.111,0.15,45
40.112,0.15,45
40.113,0.15,45
40.114,0.15,45
40.115,0.15,45
40.116,0.15,45
40.117,0.15,45
40.118,0.15,45
40.119,0.15,45
40.12,0.15,45
40.121,0.15,45
40.122,0.15,45
40.123,0.15,45
40.124,0.15,45
40.125,0.15,45
40.126,0.15,45
40.127,0.15,45
40.128,0.15,45
40.129,0.15,45
40.13,0.15,45
40.131,0.15,45
40.132,0.15,45
40.133,0.15,45
40.134,0.15,45
40.135,0.15,45
40.136,0.15,45
40.137,0.15,45
40.138,0.15,45
40.139,0.15,45
40.14,0.15,45
40.141,0.15,45
40.142,0.15,45
40.143,0.15,45
40.144,0.15,45
40.145,0.15,45
40.146,0.15,45
40.147,0.15,45
40.148,0.15,45
40.149,0.15,45
40.15,0.15,45
40.151,0.15,45
40.152,0.15,45
40.153,0.15,45
40.154,0.15,45
40.155,0.15,45
40.156,0.15,45
40.157,0.15,45
40.158,0.15,45
40.159,0.15,45
40.16,0.15,45
40.161,0.15,45
40.162,0.15,45
40.163,0.15,45
40.164,0.15,45
40.165,0.15,45
40.166,0.15,45
40.167,0.15,45
40.168,0.15,45
40.169,0.15,45
40.17,0.15,45
40.171,0.15,45
40.172,0.15,45
40.173,0.15,45
40.174,0.15,45
40.175,0.15,45
40.176,0.15,45
40.177,0.15,45
40.178,0.15,45
40.179,0.15,45
40.18,0.15,45
40.181,0.15,45
40.182,0.15,45
40.183,0.15,45
40.184,0.15,45
40.185,0.15,45
40.186,0.15,45
40.187,0.15,45
40.188,0.15,45
40.189,0.15,45
40.19,0.15,45
40.191,0.15,45
40.192,0.15,45
40.193,0.15,45
40.194,0.15,45
40.195,0.15,45
40.196,0.15,45
40.197,0.15,45
40.198,0.15,45
40.199,0.15,45
40.2,0.15,45
40.201,0.15,45
40.202,0.15,45
40.203,0.15,45
40.204,0.15,45
40.205,0.15,45
40.206,0.15,45
40.207,0.15,45
40.208,0.15,45
40.209,0.15,45
40.21,0.15,45
40.211,0.15,45
40.212,0.15,45
40.213,0.15,45
40.214,0.15,45
40.215,0.15,45
40.216,0.15,45
40.217,0.15,45
40.218,0.15,45
40.219,0.15,45
40.22,0.15,45
40.221,0.15,45
40.222,0.15,45
40.223,0.15,45
40.224,0.15,45
40.225,0.15,45
40.226,0.15,45
40.227,0.15,45
40.228,0.15,45
40.229,0.15,45
40.23,0.15,45
40.231,0.15,45
40.232,0.15,45
40.233,0.15,45
40.234,0.15,45
40.235,0.15,45
40.236,0.15,45
40.237,0.15,45
40.238,0.15,45
40.239,0.15,45
40.24,0.15,45
40.241,0.15,45
40.242,0.15,45
40.243,0.15,45
40.244,0.15,45
40.245,0.15,45
40.246,0.15,45
40.247,0.15,45
40.248,0.15,45
40.249,0.15,45
40.25,0.15,45
40.251,0.15,45
40.252,0.15,45
40.253,0.15,45
40.254,0.15,45
40.255,0.15,45
40.256,0.15,45
40.257,0.15,45
40.258,0.15,45
40.259,0.15,45
40.26,0.15,45
40.261,0.15,45
40.262,0.15,45
40.263,0.15,45
40.264,0.15,45
40.265,0.15,45
40.266,0.15,45
40.267,0.15,45
40.268,0.15,45
40.269,0.15,45
40.27,0.15,45
40.271,0.15,45
40.272,0.15,45
40.273,0.15,45
40.274,0.15,45
40.275,0.15,45
40.276,0.15,45
40.277,0.15,45
40.278,0.15,45
40.279,0.15,45
40.28,0.15,45
40.281,0.15,45
40.282,0.15,45
40.283,0.15,45
40.284,0.15,45
40.285,0.15,45
40.286,0.15,45
40.287,0.15,45
40.288,0.15,45
40.289,0.15,45
40.29,0.15,45
40.291,0.15,45
40.292,0.15,45
40.293,0.15,45
40.294,0.15,45
40.295,0.15,45
40.296,0.15,45
40.297,0.15,45
40.298,0.15,45
40.299,0.15,45
40.3,0.15,45
40.301,0.15,45
40.302,0.15,45
40.303,0.15,45
40.304,0.15,45
40.305,0.15,45
40.306,0.15,45
40.307,0.15,45
40.308,0.15,45
40.309,0.15,45
40.31,0.15,45
40.311,0.15,45
40.312,0.15,45
40.313,0.15,45
40.314,0.15,45
40.315,0.15,45
40.316,0.15,45
40.317,0.15,45
40.318,0.15,45
40.319,0.15,45
40.32,0.15,45
40.321,0.15,45
40.322,0.15,45
40.323,0.15,45
40.324,0.15,45
40.325,0.15,45
40.326,0.15,45
40.327,0.15,45
40.328,0.15,45
40.329,0.15,45
40.33,0.15,45
40.331,0.15,45
40.332,0.15,45
40.333,0.15,45
40.334,0.15,45
40.335,0.15,45
40.336,0.15,45
40.337,0.15,45
40.338,0.15,45
40.339,0.15,45
40.34,0.15,45
40.341,0.15,45
40.342,0.15,45
40.343,0.15,45
40.344,0.15,45
40.345,0.15,45
40.346,0.15,45
40.347,0.15,45
40.348,0.15,45
40.349,0.15,45
40.35,0.15,45
40.351,0.15,45
40.352,0.15,45
40.353,0.15,45
40.354,0.15,45
40.355,0.15,45
40.356,0.15,45
40.357,0.15,45
40.358,0.15,45
40.359,0.15,45
40.36,0.15,45
40.361,0.15,45
40.362,0.15,45
40.363,0.15,45
40.364,0.15,45
40.365,0.15,45
40.366,0.15,45
40.367,0.15,45
40.368,0.15,45
40.369,0.15,45
40.37,0.15,45
40.371,0.15,45
40.372,0.15,45
40.373,0.15,45
40.374,0.15,45
40.375,0.15,45
40.376,0.15,45
40.377,0.15,45
40.378,0.15,45
40.379,0.15,45
40.38,0.15,45
40.381,0.15,45
40.382,0.15,45
40.383,0.15,45
40.384,0.15,45
40.385,0.15,45
40.386,0.15,45
40.387,0.15,45
40.388,0.15,45
40.389,0.15,45
40.39,0.15,45
40.391,0.15,45
40.392,0.15,45
40.393,0.15,45
40.394,0.15,45
40.395,0.15,45
40.396,0.15,45
40.397,0.15,45
40.398,0.15,45
40.399,0.15,45
40.4,0.15,45
40.401,0.15,45
40.402,0.15,45
40.403,0.15,45
40.404,0.15,45
40.405,0.15,45
40.406,0.15,45
40.407,0.15,45
40.408,0.15,45
40.409,0.15,45
40.41,0.15,45
40.411,0.15,45
40.412,0.15,45
40.413,0.15,45
40.414,0.15,45
40.415,0.15,45
40.416,0.15,45
40.417,0.15,45
40.418,0.15,45
40.419,0.15,45
40.42,0.15,45
40.421,0.15,45
40.422,0.15,45
40.423,0.15,45
40.424,0.15,45
40.425,0.15,45
40.426,0.15,45
40.427,0.15,45
40.428,0.15,45
40.429,0.15,45
40.43,0.15,45
40.431,0.15,45
40.432,0.15,45
40.433,0.15,45
40.434,0.15,45
40.435,0.15,45
40.436,0.15,45
40.437,0.15,45
40.438,0.15,45
40.439,0.15,45
40.44,0.15,45
40.441,0.15,45
40.442,0.15,45
40.443,0.15,45
40.444,0.15,45
40.445,0.15,45
40.446,0.15,45
40.447,0.15,45
40.448,0.15,45
40.449,0.15,45
40.45,0.15,45
40.451,0.15,45
40.452,0.15,45
40.453,0.15,45
40.454,0.15,45
40.455,0.15,45
40.456,0.15,45
40.457,0.15,45
40.458,0.15,45
40.459,0.15,45
40.46,0.15,45
40.461,0.15,45
40.462,0.15,45
40.463,0.15,45
40.464,0.15,45
40.465,0.15,45
40.466,0.15,45
40.467,0.15,45
40.468,0.15,45
40.469,0.15,45
40.47,0.15,45
40.471,0.15,45
40.472,0.15,45
40.473,0.15,45
40.474,0.15,45
40.475,0.15,45
40.476,0.15,45
40.477,0.15,45
40.478,0.15,45
40.479,0.15,45
40.48,0.15,45
40.481,0.15,45
40.482,0.15,45
40.483,0.15,45
40.484,0.15,45
40.485,0.15,45
40.486,0.15,45
40.487,0.15,45
40.488,0.15,45
40.489,0.15,45
40.49,0.15,45
40.491,0.15,45
40.492,0.15,45
40.493,0.15,45
40.494,0.15,45
40.495,0.15,45
40.496,0.15,45
40.497,0.15,45
40.498,0.15,45
40.499,0.15,45
40.5,0.15,45
40.501,0.15,45
40.502,0.15,45
40.503,0.15,45
40.504,0.15,45
40.505,0.15,45
40.506,0.15,45
40.507,0.15,45
40.508,0.15,45
40.509,0.15,45
40.51,0.15,45
40.511,0.15,45
40.512,0.15,45
40.513,0.15,45
40.514,0.15,45
40.515,0.15,45
40.516,0.15,45
40.517,0.15,45
40.518,0.15,45
40.519,0.15,45
40.52,0.15,45
40.521,0.15,45
40.522,0.15,45
40.523,0.15,45
40.524,0.15,45
40.525,0.15,45
40.526,0.15,45
40.527,0.15,45
40.528,0.15,45
40.529,0.15,45
40.53,0.15,45
40.531,0.15,45
40.532,0.15,45
40.533,0.15,45
40.534,0.15,45
40.535,0.15,45
40.536,0.15,45
40.537,0.15,45
40.538,0.15,45
40.539,0.15,45
40.54,0.15,45
40.541,0.15,45
40.542,0.15,45
40.543,0.15,45
40.544,0.15,45
40.545,0.15,45
40.546,0.15,45
40.547,0.15,45
40.548,0.15,45
40.549,0.15,45
40.55,0.15,45
40.551,0.15,45
40.552,0.15,45
40.553,0.15,45
40.554,0.15,45
40.555,0.15,45
40.556,0.15,45
40.557,0.15,45
40.558,0.15,45
40.559,0.15,45
40.56,0.15,45
40.561,0.15,45
40.562,0.15,45
40.563,0.15,45
40.564,0.15,45
40.565,0.15,45
40.566,0.15,45
40.567,0.15,45
40.568,0.15,45
40.569,0.15,45
40.57,0.15,45
40.571,0.15,45
40.572,0.15,45
40.573,0.15,45
40.574,0.15,45
40.575,0.15,45
40.576,0.15,45
40.577,0.15,45
40.578,0.15,45
40.579,0.15,45
40.58,0.15,45
40.581,0.15,45
40.582,0.15,45
40.583,0.15,45
40.584,0.15,45
40.585,0.15,45
40.586,0.15,45
40.587,0.15,45
40.588,0.15,45
40.589,0.15,45
40.59,0.15,45
40.591,0.15,45
40.592,0.15,45
40.593,0.15,45
40.594,0.15,45
40.595,0.15,45
40.596,0.15,45
40.597,0.15,45
40.598,0.15,45
40.599,0.15,45
40.6,0.15,45
40.601,0.15,45
40.602,0.15,45
40.603,0.15,45
40.604,0.15,45
40.605,0.15,45
40.606,0.15,45
40.607,0.15,45
40.608,0.15,45
40.609,0.15,45
40.61,0.15,45
40.611,0.15,45
40.612,0.15,45
40.613,0.15,45
40.614,0.15,45
40.615,0.15,45
40.616,0.15,45
40.617,0.15,45
40.618,0.15,45
40.619,0.15,45
40.62,0.15,45
40.621,0.15,45
40.622,0.15,45
40.623,0.15,45
40.624,0.15,45
40.625,0.15,45
40.626,0.15,45
40.627,0.15,45
40.628,0.15,45
40.629,0.15,45
40.63,0.15,45
40.631,0.15,45
40.632,0.15,45
40.633,0.15,45
40.634,0.15,45
40.635,0.15,45
40.636,0.15,45
40.637,0.15,45
40.638,0.15,45
40.639,0.15,45
40.64,0.15,45
40.641,0.15,45
40.642,0.15,45
40.643,0.15,45
40.644,0.15,45
40.645,0.15,45
40.646,0.15,45
40.647,0.15,45
40.648,0.15,45
40.649,0.15,45
40.65,0.15,45
40.651,0.15,45
40.652,0.15,45
40.653,0.15,45
40.654,0.15,45
40.655,0.15,45
40.656,0.15,45
40.657,0.15,45
40.658,0.15,45
40.659,0.15,45
40.66,0.15,45
40.661,0.15,45
40.662,0.15,45
40.663,0.15,45
40.664,0.15,45
40.665,0.15,45
40.666,0.15,45
40.667,0.15,45
40.668,0.15,45
40.669,0.15,45
40.67,0.15,45
40.671,0.15,45
40.672,0.15,45
40.673,0.15,45
40.674,0.15,45
40.675,0.15,45
40.676,0.15,45
40.677,0.15,45
40.678,0.15,45
40.679,0.15,45
40.68,0.15,45
40.681,0.15,45
40.682,0.15,45
40.683,0.15,45
40.684,0.15,45
40.685,0.15,45
40.686,0.15,45
40.687,0.15,45
40.688,0.15,45
40.689,0.15,45
40.69,0.15,45
40.691,0.15,45
40.692,0.15,45
40.693,0.15,45
40.694,0.15,45
40.695,0.15,45
40.696,0.15,45
40.697,0.15,45
40.698,0.15,45
40.699,0.15,45
40.7,0.15,45
40.701,0.15,45
40.702,0.15,45
40.703,0.15,45
40.704,0.15,45
40.705,0.15,45
40.706,0.15,45
40.707,0.15,45
40.708,0.15,45
40.709,0.15,45
40.71,0.15,45
40.711,0.15,45
40.712,0.15,45
40.713,0.15,45
40.714,0.15,45
40.715,0.15,45
40.716,0.15,45
40.717,0.15,45
40.718,0.15,45
40.719,0.15,45
40.72,0.15,45
40.721,0.15,45
40.722,0.15,45
40.723,0.15,45
40.724,0.15,45
40.725,0.15,45
40.726,0.15,45
40.727,0.15,45
40.728,0.15,45
40.729,0.15,45
40.73,0.15,45
40.731,0.15,45
40.732,0.15,45
40.733,0.15,45
40.734,0.15,45
40.735,0.15,45
40.736,0.15,45
40.737,0.15,45
40.738,0.15,45
40.739,0.15,45
40.74,0.15,45
40.741,0.15,45
40.742,0.15,45
40.743,0.15,45
40.744,0.15,45
40.745,0.15,45
40.746,0.15,45
40.747,0.15,45
40.748,0.15,45
40.749,0.15,45
40.75,0.15,45
40.751,0.15,45
40.752,0.15,45
40.753,0.15,45
40.754,0.15,45
40.755,0.15,45
40.756,0.15,45
40.757,0.15,45
40.758,0.15,45
40.759,0.15,45
40.76,0.15,45
40.761,0.15,45
40.762,0.15,45
40.763,0.15,45
40.764,0.15,45
40.765,0.15,45
40.766,0.15,45
40.767,0.15,45
40.768,0.15,45
40.769,0.15,45
40.77,0.15,45
40.771,0.15,45
40.772,0.15,45
40.773,0.15,45
40.774,0.15,45
40.775,0.15,45
40.776,0.15,45
40.777,0.15,45
40.778,0.15,45
40.779,0.15,45
40.78,0.15,45
40.781,0.15,45
40.782,0.15,45
40.783,0.15,45
40.784,0.15,45
40.785,0.15,45
40.786,0.15,45
40.787,0.15,45
40.788,0.15,45
40.789,0.15,45
40.79,0.15,45
40.791,0.15,45
40.792,0.15,45
40.793,0.15,45
40.794,0.15,45
40.795,0.15,45
40.796,0.15,45
40.797,0.15,45
40.798,0.15,45
40.799,0.15,45
40.8,0.15,45
40.801,0.15,45
40.802,0.15,45
40.803,0.15,45
40.804,0.15,45
40.805,0.15,45
40.806,0.15,45
40.807,0.15,45
40.808,0.15,45
40.809,0.15,45
40.81,0.15,45
40.811,0.15,45
40.812,0.15,45
40.813,0.15,45
40.814,0.15,45
40.815,0.15,45
40.816,0.15,45
40.817,0.15,45
40.818,0.15,45
40.819,0.15,45
40.82,0.15,45
40.821,0.15,45
40.822,0.15,45
40.823,0.15,45
40.824,0.15,45
40.825,0.15,45
40.826,0.15,45
40.827,0.15,45
40.828,0.15,45
40.829,0.15,45
40.83,0.15,45
40.831,0.15,45
40.832,0.15,45
40.833,0.15,45
40.834,0.15,45
40.835,0.15,45
40.836,0.15,45
40.837,0.15,45
40.838,0.15,45
40.839,0.15,45
40.84,0.15,45
40.841,0.15,45
40.842,0.15,45
40.843,0.15,45
40.844,0.15,45
40.845,0.15,45
40.846,0.15,45
40.847,0.15,45
40.848,0.15,45
40.849,0.15,45
40.85,0.15,45
40.851,0.15,45
40.852,0.15,45
40.853,0.15,45
40.854,0.15,45
40.855,0.15,45
40.856,0.15,45
40.857,0.15,45
40.858,0.15,45
40.859,0.15,45
40.86,0.15,45
40.861,0.15,45
40.862,0.15,45
40.863,0.15,45
40.864,0.15,45
40.865,0.15,45
40.866,0.15,45
40.867,0.15,45
40.868,0.15,45
40.869,0.15,45
40.87,0.15,45
40.871,0.15,45
40.872,0.15,45
40.873,0.15,45
40.874,0.15,45
40.875,0.15,45
40.876,0.15,45
40.877,0.15,45
40.878,0.15,45
40.879,0.15,45
40.88,0.15,45
40.881,0.15,45
40.882,0.15,45
40.883,0.15,45
40.884,0.15,45
40.885,0.15,45
40.886,0.15,45
40.887,0.15,45
40.888,0.15,45
40.889,0.15,45
40.89,0.15,45
40.891,0.15,45
40.892,0.15,45
40.893,0.15,45
40.894,0.15,45
40.895,0.15,45
40.896,0.15,45
40.897,0.15,45
40.898,0.15,45
40.899,0.15,45
40.9,0.15,45
40.901,0.15,45
40.902,0.15,45
40.903,0.15,45
40.904,0.15,45
40.905,0.15,45
40.906,0.15,45
40.907,0.15,45
40.908,0.15,45
40.909,0.15,45
40.91,0.15,45
40.911,0.15,45
40.912,0.15,45
40.913,0.15,45
40.914,0.15,45
40.915,0.15,45
40.916,0.15,45
40.917,0.15,45
40.918,0.15,45
40.919,0.15,45
40.92,0.15,45
40.921,0.15,45
40.922,0.15,45
40.923,0.15,45
40.924,0.15,45
40.925,0.15,45
40.926,0.15,45
40.927,0.15,45
40.928,0.15,45
40.929,0.15,45
40.93,0.15,45
40.931,0.15,45
40.932,0.15,45
40.933,0.15,45
40.934,0.15,45
40.935,0.15,45
40.936,0.15,45
40.937,0.15,45
40.938,0.15,45
40.939,0.15,45
40.94,0.15,45
40.941,0.15,45
40.942,0.15,45
40.943,0.15,45
40.944,0.15,45
40.945,0.15,45
40.946,0.15,45
40.947,0.15,45
40.948,0.15,45
40.949,0.15,45
40.95,0.15,45
40.951,0.15,45
40.952,0.15,45
40.953,0.15,45
40.954,0.15,45
40.955,0.15,45
40.956,0.15,45
40.957,0.15,45
40.958,0.15,45
40.959,0.15,45
40.96,0.15,45
40.961,0.15,45
40.962,0.15,45
40.963,0.15,45
40.964,0.15,45
40.965,0.15,45
40.966,0.15,45
40.967,0.15,45
40.968,0.15,45
40.969,0.15,45
40.97,0.15,45
40.971,0.15,45
40.972,0.15,45
40.973,0.15,45
40.974,0.15,45
40.975,0.15,45
40.976,0.15,45
40.977,0.15,45
40.978,0.15,45
40.979,0.15,45
40.98,0.15,45
40.981,0.15,45
40.982,0.15,45
40.983,0.15,45
40.984,0.15,45
40.985,0.15,45
40.986,0.15,45
40.987,0.15,45
40.988,0.15,45
40.989,0.15,45
40.99,0.15,45
40.991,0.15,45
40.992,0.15,45
40.993,0.15,45
40.994,0.15,45
40.995,0.15,45
40.996,0.15,45
40.997,0.15,45
40.998,0.15,45
40.999,0.15,45
41,0.15,45
41.001,0.15,45
41.002,0.15,45
41.003,0.15,45
41.004,0.15,45
41.005,0.15,45
41.006,0.15,45
41.007,0.15,45
41.008,0.15,45
41.009,0.15,45
41.01,0.15,45
41.011,0.15,45
41.012,0.15,45
41.013,0.15,45
41.014,0.15,45
41.015,0.15,45
41.016,0.15,45
41.017,0.15,45
41.018,0.15,45
41.019,0.15,45
41.02,0.15,45
41.021,0.15,45
41.022,0.15,45
41.023,0.15,45
41.024,0.15,45
41.025,0.15,45
41.026,0.15,45
41.027,0.15,45
41.028,0.15,45
41.029,0.15,45
41.03,0.15,45
41.031,0.15,45
41.032,0.15,45
41.033,0.15,45
41.034,0.15,45
41.035,0.15,45
41.036,0.15,45
41.037,0.15,45
41.038,0.15,45
41.039,0.15,45
41.04,0.15,45
41.041,0.15,45
41.042,0.15,45
41.043,0.15,45
41.044,0.15,45
41.045,0.15,45
41.046,0.15,45
41.047,0.15,45
41.048,0.15,45
41.049,0.15,45
41.05,0.15,45
41.051,0.15,45
41.052,0.15,45
41.053,0.15,45
41.054,0.15,45
41.055,0.15,45
41.056,0.15,45
41.057,0.15,45
41.058,0.15,45
41.059,0.15,45
41.06,0.15,45
41.061,0.15,45
41.062,0.15,45
41.063,0.15,45
41.064,0.15,45
41.065,0.15,45
41.066,0.15,45
41.067,0.15,45
41.068,0.15,45
41.069,0.15,45
41.07,0.15,45
41.071,0.15,45
41.072,0.15,45
41.073,0.15,45
41.074,0.15,45
41.075,0.15,45
41.076,0.15,45
41.077,0.15,45
41.078,0.15,45
41.079,0.15,45
41.08,0.15,45
41.081,0.15,45
41.082,0.15,45
41.083,0.15,45
41.084,0.15,45
41.085,0.15,45
41.086,0.15,45
41.087,0.15,45
41.088,0.15,45
41.089,0.15,45
41.09,0.15,45
41.091,0.15,45
41.092,0.15,45
41.093,0.15,45
41.094,0.15,45
41.095,0.15,45
41.096,0.15,45
41.097,0.15,45
41.098,0.15,45
41.099,0.15,45
41.1,0.15,45
41.101,0.15,45
41.102,0.15,45
41.103,0.15,45
41.104,0.15,45
41.105,0.15,45
41.106,0.15,45
41.107,0.15,45
41.108,0.15,45
41.109,0.15,45
41.11,0.15,45
41.111,0.15,45
41.112,0.15,45
41.113,0.15,45
41.114,0.15,45
41.115,0.15,45
41.116,0.15,45
41.117,0.15,45
41.118,0.15,45
41.119,0.15,45
41.12,0.15,45
41.121,0.15,45
41.122,0.15,45
41.123,0.15,45
41.124,0.15,45
41.125,0.15,45
41.126,0.15,45
41.127,0.15,45
41.128,0.15,45
41.129,0.15,45
41.13,0.15,45
41.131,0.15,45
41.132,0.15,45
41.133,0.15,45
41.134,0.15,45
41.135,0.15,45
41.136,0.15,45
41.137,0.15,45
41.138,0.15,45
41.139,0.15,45
41.14,0.15,45
41.141,0.15,45
41.142,0.15,45
41.143,0.15,45
41.144,0.15,45
41.145,0.15,45
41.146,0.15,45
41.147,0.15,45
41.148,0.15,45
41.149,0.15,45
41.15,0.15,45
41.151,0.15,45
41.152,0.15,45
41.153,0.15,45
41.154,0.15,45
41.155,0.15,45
41.156,0.15,45
41.157,0.15,45
41.158,0.15,45
41.159,0.15,45
41.16,0.15,45
41.161,0.15,45
41.162,0.15,45
41.163,0.15,45
41.164,0.15,45
41.165,0.15,45
41.166,0.15,45
41.167,0.15,45
41.168,0.15,45
41.169,0.15,45
41.17,0.15,45
41.171,0.15,45
41.172,0.15,45
41.173,0.15,45
41.174,0.15,45
41.175,0.15,45
41.176,0.15,45
41.177,0.15,45
41.178,0.15,45
41.179,0.15,45
41.18,0.15,45
41.181,0.15,45
41.182,0.15,45
41.183,0.15,45
41.184,0.15,45
41.185,0.15,45
41.186,0.15,45
41.187,0.15,45
41.188,0.15,45
41.189,0.15,45
41.19,0.15,45
41.191,0.15,45
41.192,0.15,45
41.193,0.15,45
41.194,0.15,45
41.195,0.15,45
41.196,0.15,45
41.197,0.15,45
41.198,0.15,45
41.199,0.15,45
41.2,0.15,45
41.201,0.15,45
41.202,0.15,45
41.203,0.15,45
41.204,0.15,45
41.205,0.15,45
41.206,0.15,45
41.207,0.15,45
41.208,0.15,45
41.209,0.15,45
41.21,0.15,45
41.211,0.15,45
41.212,0.15,45
41.213,0.15,45
41.214,0.15,45
41.215,0.15,45
41.216,0.15,45
41.217,0.15,45
41.218,0.15,45
41.219,0.15,45
41.22,0.15,45
41.221,0.15,45
41.222,0.15,45
41.223,0.15,45
41.224,0.15,45
41.225,0.15,45
41.226,0.15,45
41.227,0.15,45
41.228,0.15,45
41.229,0.15,45
41.23,0.15,45
41.231,0.15,45
41.232,0.15,45
41.233,0.15,45
41.234,0.15,45
41.235,0.15,45
41.236,0.15,45
41.237,0.15,45
41.238,0.15,45
41.239,0.15,45
41.24,0.15,45
41.241,0.15,45
41.242,0.15,45
41.243,0.15,45
41.244,0.15,45
41.245,0.15,45
41.246,0.15,45
41.247,0.15,45
41.248,0.15,45
41.249,0.15,45
41.25,0.15,45
41.251,0.15,45
41.252,0.15,45
41.253,0.15,45
41.254,0.15,45
41.255,0.15,45
41.256,0.15,45
41.257,0.15,45
41.258,0.15,45
41.259,0.15,45
41.26,0.15,45
41.261,0.15,45
41.262,0.15,45
41.263,0.15,45
41.264,0.15,45
41.265,0.15,45
41.266,0.15,45
41.267,0.15,45
41.268,0.15,45
41.269,0.15,45
41.27,0.15,45
41.271,0.15,45
41.272,0.15,45
41.273,0.15,45
41.274,0.15,45
41.275,0.15,45
41.276,0.15,45
41.277,0.15,45
41.278,0.15,45
41.279,0.15,45
41.28,0.15,45
41.281,0.15,45
41.282,0.15,45
41.283,0.15,45
41.284,0.15,45
41.285,0.15,45
41.286,0.15,45
41.287,0.15,45
41.288,0.15,45
41.289,0.15,45
41.29,0.15,45
41.291,0.15,45
41.292,0.15,45
41.293,0.15,45
41.294,0.15,45
41.295,0.15,45
41.296,0.15,45
41.297,0.15,45
41.298,0.15,45
41.299,0.15,45
41.3,0.15,45
41.301,0.15,45
41.302,0.15,45
41.303,0.15,45
41.304,0.15,45
41.305,0.15,45
41.306,0.15,45
41.307,0.15,45
41.308,0.15,45
41.309,0.15,45
41.31,0.15,45
41.311,0.15,45
41.312,0.15,45
41.313,0.15,45
41.314,0.15,45
41.315,0.15,45
41.316,0.15,45
41.317,0.15,45
41.318,0.15,45
41.319,0.15,45
41.32,0.15,45
41.321,0.15,45
41.322,0.15,45
41.323,0.15,45
41.324,0.15,45
41.325,0.15,45
41.326,0.15,45
41.327,0.15,45
41.328,0.15,45
41.329,0.15,45
41.33,0.15,45
41.331,0.15,45
41.332,0.15,45
41.333,0.15,45
41.334,0.15,45
41.335,0.15,45
41.336,0.15,45
41.337,0.15,45
41.338,0.15,45
41.339,0.15,45
41.34,0.15,45
41.341,0.15,45
41.342,0.15,45
41.343,0.15,45
41.344,0.15,45
41.345,0.15,45
41.346,0.15,45
41.347,0.15,45
41.348,0.15,45
41.349,0.15,45
41.35,0.15,45
41.351,0.15,45
41.352,0.15,45
41.353,0.15,45
41.354,0.15,45
41.355,0.15,45
41.356,0.15,45
41.357,0.15,45
41.358,0.15,45
41.359,0.15,45
41.36,0.15,45
41.361,0.15,45
41.362,0.15,45
41.363,0.15,45
41.364,0.15,45
41.365,0.15,45
41.366,0.15,45
41.367,0.15,45
41.368,0.15,45
41.369,0.15,45
41.37,0.15,45
41.371,0.15,45
41.372,0.15,45
41.373,0.15,45
41.374,0.15,45
41.375,0.15,45
41.376,0.15,45
41.377,0.15,45
41.378,0.15,45
41.379,0.15,45
41.38,0.15,45
41.381,0.15,45
41.382,0.15,45
41.383,0.15,45
41.384,0.15,45
41.385,0.15,45
41.386,0.15,45
41.387,0.15,45
41.388,0.15,45
41.389,0.15,45
41.39,0.15,45
41.391,0.15,45
41.392,0.15,45
41.393,0.15,45
41.394,0.15,45
41.395,0.15,45
41.396,0.15,45
41.397,0.15,45
41.398,0.15,45
41.399,0.15,45
41.4,0.15,45
41.401,0.15,45
41.402,0.15,45
41.403,0.15,45
41.404,0.15,45
41.405,0.15,45
41.406,0.15,45
41.407,0.15,45
41.408,0.15,45
41.409,0.15,45
41.41,0.15,45
41.411,0.15,45
41.412,0.15,45
41.413,0.15,45
41.414,0.15,45
41.415,0.15,45
41.416,0.15,45
41.417,0.15,45
41.418,0.15,45
41.419,0.15,45
41.42,0.15,45
41.421,0.15,45
41.422,0.15,45
41.423,0.15,45
41.424,0.15,45
41.425,0.15,45
41.426,0.15,45
41.427,0.15,45
41.428,0.15,45
41.429,0.15,45
41.43,0.15,45
41.431,0.15,45
41.432,0.15,45
41.433,0.15,45
41.434,0.15,45
41.435,0.15,45
41.436,0.15,45
41.437,0.15,45
41.438,0.15,45
41.439,0.15,45
41.44,0.15,45
41.441,0.15,45
41.442,0.15,45
41.443,0.15,45
41.444,0.15,45
41.445,0.15,45
41.446,0.15,45
41.447,0.15,45
41.448,0.15,45
41.449,0.15,45
41.45,0.15,45
41.451,0.15,45
41.452,0.15,45
41.453,0.15,45
41.454,0.15,45
41.455,0.15,45
41.456,0.15,45
41.457,0.15,45
41.458,0.15,45
41.459,0.15,45
41.46,0.15,45
41.461,0.15,45
41.462,0.15,45
41.463,0.15,45
41.464,0.15,45
41.465,0.15,45
41.466,0.15,45
41.467,0.15,45
41.468,0.15,45
41.469,0.15,45
41.47,0.15,45
41.471,0.15,45
41.472,0.15,45
41.473,0.15,45
41.474,0.15,45
41.475,0.15,45
41.476,0.15,45
41.477,0.15,45
41.478,0.15,45
41.479,0.15,45
41.48,0.15,45
41.481,0.15,45
41.482,0.15,45
41.483,0.15,45
41.484,0.15,45
41.485,0.15,45
41.486,0.15,45
41.487,0.15,45
41.488,0.15,45
41.489,0.15,45
41.49,0.15,45
41.491,0.15,45
41.492,0.15,45
41.493,0.15,45
41.494,0.15,45
41.495,0.15,45
41.496,0.15,45
41.497,0.15,45
41.498,0.15,45
41.499,0.15,45
41.5,0.15,45
41.501,0.15,45
41.502,0.15,45
41.503,0.15,45
41.504,0.15,45
41.505,0.15,45
41.506,0.15,45
41.507,0.15,45
41.508,0.15,45
41.509,0.15,45
41.51,0.15,45
41.511,0.15,45
41.512,0.15,45
41.513,0.15,45
41.514,0.15,45
41.515,0.15,45
41.516,0.15,45
41.517,0.15,45
41.518,0.15,45
41.519,0.15,45
41.52,0.15,45
41.521,0.15,45
41.522,0.15,45
41.523,0.15,45
41.524,0.15,45
41.525,0.15,45
41.526,0.15,45
41.527,0.15,45
41.528,0.15,45
41.529,0.15,45
41.53,0.15,45
41.531,0.15,45
41.532,0.15,45
41.533,0.15,45
41.534,0.15,45
41.535,0.15,45
41.536,0.15,45
41.537,0.15,45
41.538,0.15,45
41.539,0.15,45
41.54,0.15,45
41.541,0.15,45
41.542,0.15,45
41.543,0.15,45
41.544,0.15,45
41.545,0.15,45
41.546,0.15,45
41.547,0.15,45
41.548,0.15,45
41.549,0.15,45
41.55,0.15,45
41.551,0.15,45
41.552,0.15,45
41.553,0.15,45
41.554,0.15,45
41.555,0.15,45
41.556,0.15,45
41.557,0.15,45
41.558,0.15,45
41.559,0.15,45
41.56,0.15,45
41.561,0.15,45
41.562,0.15,45
41.563,0.15,45
41.564,0.15,45
41.565,0.15,45
41.566,0.15,45
41.567,0.15,45
41.568,0.15,45
41.569,0.15,45
41.57,0.15,45
41.571,0.15,45
41.572,0.15,45
41.573,0.15,45
41.574,0.15,45
41.575,0.15,45
41.576,0.15,45
41.577,0.15,45
41.578,0.15,45
41.579,0.15,45
41.58,0.15,45
41.581,0.15,45
41.582,0.15,45
41.583,0.15,45
41.584,0.15,45
41.585,0.15,45
41.586,0.15,45
41.587,0.15,45
41.588,0.15,45
41.589,0.15,45
41.59,0.15,45
41.591,0.15,45
41.592,0.15,45
41.593,0.15,45
41.594,0.15,45
41.595,0.15,45
41.596,0.15,45
41.597,0.15,45
41.598,0.15,45
41.599,0.15,45
41.6,0.15,45
41.601,0.15,45
41.602,0.15,45
41.603,0.15,45
41.604,0.15,45
41.605,0.15,45
41.606,0.15,45
41.607,0.15,45
41.608,0.15,45
41.609,0.15,45
41.61,0.15,45
41.611,0.15,45
41.612,0.15,45
41.613,0.15,45
41.614,0.15,45
41.615,0.15,45
41.616,0.15,45
41.617,0.15,45
41.618,0.15,45
41.619,0.15,45
41.62,0.15,45
41.621,0.15,45
41.622,0.15,45
41.623,0.15,45
41.624,0.15,45
41.625,0.15,45
41.626,0.15,45
41.627,0.15,45
41.628,0.15,45
41.629,0.15,45
41.63,0.15,45
41.631,0.15,45
41.632,0.15,45
41.633,0.15,45
41.634,0.15,45
41.635,0.15,45
41.636,0.15,45
41.637,0.15,45
41.638,0.15,45
41.639,0.15,45
41.64,0.15,45
41.641,0.15,45
41.642,0.15,45
41.643,0.15,45
41.644,0.15,45
41.645,0.15,45
41.646,0.15,45
41.647,0.15,45
41.648,0.15,45
41.649,0.15,45
41.65,0.15,45
41.651,0.15,45
41.652,0.15,45
41.653,0.15,45
41.654,0.15,45
41.655,0.15,45
41.656,0.15,45
41.657,0.15,45
41.658,0.15,45
41.659,0.15,45
41.66,0.15,45
41.661,0.15,45
41.662,0.15,45
41.663,0.15,45
41.664,0.15,45
41.665,0.15,45
41.666,0.15,45
41.667,0.15,45
41.668,0.15,45
41.669,0.15,45
41.67,0.15,45
41.671,0.15,45
41.672,0.15,45
41.673,0.15,45
41.674,0.15,45
41.675,0.15,45
41.676,0.15,45
41.677,0.15,45
41.678,0.15,45
41.679,0.15,45
41.68,0.15,45
41.681,0.15,45
41.682,0.15,45
41.683,0.15,45
41.684,0.15,45
41.685,0.15,45
41.686,0.15,45
41.687,0.15,45
41.688,0.15,45
41.689,0.15,45
41.69,0.15,45
41.691,0.15,45
41.692,0.15,45
41.693,0.15,45
41.694,0.15,45
41.695,0.15,45
41.696,0.15,45
41.697,0.15,45
41.698,0.15,45
41.699,0.15,45
41.7,0.15,45
41.701,0.15,45
41.702,0.15,45
41.703,0.15,45
41.704,0.15,45
41.705,0.15,45
41.706,0.15,45
41.707,0.15,45
41.708,0.15,45
41.709,0.15,45
41.71,0.15,45
41.711,0.15,45
41.712,0.15,45
41.713,0.15,45
41.714,0.15,45
41.715,0.15,45
41.716,0.15,45
41.717,0.15,45
41.718,0.15,45
41.719,0.15,45
41.72,0.15,45
41.721,0.15,45
41.722,0.15,45
41.723,0.15,45
41.724,0.15,45
41.725,0.15,45
41.726,0.15,45
41.727,0.15,45
41.728,0.15,45
41.729,0.15,45
41.73,0.15,45
41.731,0.15,45
41.732,0.15,45
41.733,0.15,45
41.734,0.15,45
41.735,0.15,45
41.736,0.15,45
41.737,0.15,45
41.738,0.15,45
41.739,0.15,45
41.74,0.15,45
41.741,0.15,45
41.742,0.15,45
41.743,0.15,45
41.744,0.15,45
41.745,0.15,45
41.746,0.15,45
41.747,0.15,45
41.748,0.15,45
41.749,0.15,45
41.75,0.15,45
41.751,0.15,45
41.752,0.15,45
41.753,0.15,45
41.754,0.15,45
41.755,0.15,45
41.756,0.15,45
41.757,0.15,45
41.758,0.15,45
41.759,0.15,45
41.76,0.15,45
41.761,0.15,45
41.762,0.15,45
41.763,0.15,45
41.764,0.15,45
41.765,0.15,45
41.766,0.15,45
41.767,0.15,45
41.768,0.15,45
41.769,0.15,45
41.77,0.15,45
41.771,0.15,45
41.772,0.15,45
41.773,0.15,45
41.774,0.15,45
41.775,0.15,45
41.776,0.15,45
41.777,0.15,45
41.778,0.15,45
41.779,0.15,45
41.78,0.15,45
41.781,0.15,45
41.782,0.15,45
41.783,0.15,45
41.784,0.15,45
41.785,0.15,45
41.786,0.15,45
41.787,0.15,45
41.788,0.15,45
41.789,0.15,45
41.79,0.15,45
41.791,0.15,45
41.792,0.15,45
41.793,0.15,45
41.794,0.15,45
41.795,0.15,45
41.796,0.15,45
41.797,0.15,45
41.798,0.15,45
41.799,0.15,45
41.8,0.15,45
41.801,0.15,45
41.802,0.15,45
41.803,0.15,45
41.804,0.15,45
41.805,0.15,45
41.806,0.15,45
41.807,0.15,45
41.808,0.15,45
41.809,0.15,45
41.81,0.15,45
41.811,0.15,45
41.812,0.15,45
41.813,0.15,45
41.814,0.15,45
41.815,0.15,45
41.816,0.15,45
41.817,0.15,45
41.818,0.15,45
41.819,0.15,45
41.82,0.15,45
41.821,0.15,45
41.822,0.15,45
41.823,0.15,45
41.824,0.15,45
41.825,0.15,45
41.826,0.15,45
41.827,0.15,45
41.828,0.15,45
41.829,0.15,45
41.83,0.15,45
41.831,0.15,45
41.832,0.15,45
41.833,0.15,45
41.834,0.15,45
41.835,0.15,45
41.836,0.15,45
41.837,0.15,45
41.838,0.15,45
41.839,0.15,45
41.84,0.15,45
41.841,0.15,45
41.842,0.15,45
41.843,0.15,45
41.844,0.15,45
41.845,0.15,45
41.846,0.15,45
41.847,0.15,45
41.848,0.15,45
41.849,0.15,45
41.85,0.15,45
41.851,0.15,45
41.852,0.15,45
41.853,0.15,45
41.854,0.15,45
41.855,0.15,45
41.856,0.15,45
41.857,0.15,45
41.858,0.15,45
41.859,0.15,45
41.86,0.15,45
41.861,0.15,45
41.862,0.15,45
41.863,0.15,45
41.864,0.15,45
41.865,0.15,45
41.866,0.15,45
41.867,0.15,45
41.868,0.15,45
41.869,0.15,45
41.87,0.15,45
41.871,0.15,45
41.872,0.15,45
41.873,0.15,45
41.874,0.15,45
41.875,0.15,45
41.876,0.15,45
41.877,0.15,45
41.878,0.15,45
41.879,0.15,45
41.88,0.15,45
41.881,0.15,45
41.882,0.15,45
41.883,0.15,45
41.884,0.15,45
41.885,0.15,45
41.886,0.15,45
41.887,0.15,45
41.888,0.15,45
41.889,0.15,45
41.89,0.15,45
41.891,0.15,45
41.892,0.15,45
41.893,0.15,45
41.894,0.15,45
41.895,0.15,45
41.896,0.15,45
41.897,0.15,45
41.898,0.15,45
41.899,0.15,45
41.9,0.15,45
41.901,0.15,45
41.902,0.15,45
41.903,0.15,45
41.904,0.15,45
41.905,0.15,45
41.906,0.15,45
41.907,0.15,45
41.908,0.15,45
41.909,0.15,45
41.91,0.15,45
41.911,0.15,45
41.912,0.15,45
41.913,0.15,45
41.914,0.15,45
41.915,0.15,45
41.916,0.15,45
41.917,0.15,45
41.918,0.15,45
41.919,0.15,45
41.92,0.15,45
41.921,0.15,45
41.922,0.15,45
41.923,0.15,45
41.924,0.15,45
41.925,0.15,45
41.926,0.15,45
41.927,0.15,45
41.928,0.15,45
41.929,0.15,45
41.93,0.15,45
41.931,0.15,45
41.932,0.15,45
41.933,0.15,45
41.934,0.15,45
41.935,0.15,45
41.936,0.15,45
41.937,0.15,45
41.938,0.15,45
41.939,0.15,45
41.94,0.15,45
41.941,0.15,45
41.942,0.15,45
41.943,0.15,45
41.944,0.15,45
41.945,0.15,45
41.946,0.15,45
41.947,0.15,45
41.948,0.15,45
41.949,0.15,45
41.95,0.15,45
41.951,0.15,45
41.952,0.15,45
41.953,0.15,45
41.954,0.15,45
41.955,0.15,45
41.956,0.15,45
41.957,0.15,45
41.958,0.15,45
41.959,0.15,45
41.96,0.15,45
41.961,0.15,45
41.962,0.15,45
41.963,0.15,45
41.964,0.15,45
41.965,0.15,45
41.966,0.15,45
41.967,0.15,45
41.968,0.15,45
41.969,0.15,45
41.97,0.15,45
41.971,0.15,45
41.972,0.15,45
41.973,0.15,45
41.974,0.15,45
41.975,0.15,45
41.976,0.15,45
41.977,0.15,45
41.978,0.15,45
41.979,0.15,45
41.98,0.15,45
41.981,0.15,45
41.982,0.15,45
41.983,0.15,45
41.984,0.15,45
41.985,0.15,45
41.986,0.15,45
41.987,0.15,45
41.988,0.15,45
41.989,0.15,45
41.99,0.15,45
41.991,0.15,45
41.992,0.15,45
41.993,0.15,45
41.994,0.15,45
41.995,0.15,45
41.996,0.15,45
41.997,0.15,45
41.998,0.15,45
41.999,0.15,45
42,0.15,45
42.001,0.15,45
42.002,0.15,45
42.003,0.15,45
42.004,0.15,45
42.005,0.15,45
42.006,0.15,45
42.007,0.15,45
42.008,0.15,45
42.009,0.15,45
42.01,0.15,45
42.011,0.15,45
42.012,0.15,45
42.013,0.15,45
42.014,0.15,45
42.015,0.15,45
42.016,0.15,45
42.017,0.15,45
42.018,0.15,45
42.019,0.15,45
42.02,0.15,45
42.021,0.15,45
42.022,0.15,45
42.023,0.15,45
42.024,0.15,45
42.025,0.15,45
42.026,0.15,45
42.027,0.15,45
42.028,0.15,45
42.029,0.15,45
42.03,0.15,45
42.031,0.15,45
42.032,0.15,45
42.033,0.15,45
42.034,0.15,45
42.035,0.15,45
42.036,0.15,45
42.037,0.15,45
42.038,0.15,45
42.039,0.15,45
42.04,0.15,45
42.041,0.15,45
42.042,0.15,45
42.043,0.15,45
42.044,0.15,45
42.045,0.15,45
42.046,0.15,45
42.047,0.15,45
42.048,0.15,45
42.049,0.15,45
42.05,0.15,45
42.051,0.15,45
42.052,0.15,45
42.053,0.15,45
42.054,0.15,45
42.055,0.15,45
42.056,0.15,45
42.057,0.15,45
42.058,0.15,45
42.059,0.15,45
42.06,0.15,45
42.061,0.15,45
42.062,0.15,45
42.063,0.15,45
42.064,0.15,45
42.065,0.15,45
42.066,0.15,45
42.067,0.15,45
42.068,0.15,45
42.069,0.15,45
42.07,0.15,45
42.071,0.15,45
42.072,0.15,45
42.073,0.15,45
42.074,0.15,45
42.075,0.15,45
42.076,0.15,45
42.077,0.15,45
42.078,0.15,45
42.079,0.15,45
42.08,0.15,45
42.081,0.15,45
42.082,0.15,45
42.083,0.15,45
42.084,0.15,45
42.085,0.15,45
42.086,0.15,45
42.087,0.15,45
42.088,0.15,45
42.089,0.15,45
42.09,0.15,45
42.091,0.15,45
42.092,0.15,45
42.093,0.15,45
42.094,0.15,45
42.095,0.15,45
42.096,0.15,45
42.097,0.15,45
42.098,0.15,45
42.099,0.15,45
42.1,0.15,45
42.101,0.15,45
42.102,0.15,45
42.103,0.15,45
42.104,0.15,45
42.105,0.15,45
42.106,0.15,45
42.107,0.15,45
42.108,0.15,45
42.109,0.15,45
42.11,0.15,45
42.111,0.15,45
42.112,0.15,45
42.113,0.15,45
42.114,0.15,45
42.115,0.15,45
42.116,0.15,45
42.117,0.15,45
42.118,0.15,45
42.119,0.15,45
42.12,0.15,45
42.121,0.15,45
42.122,0.15,45
42.123,0.15,45
42.124,0.15,45
42.125,0.15,45
42.126,0.15,45
42.127,0.15,45
42.128,0.15,45
42.129,0.15,45
42.13,0.15,45
42.131,0.15,45
42.132,0.15,45
42.133,0.15,45
42.134,0.15,45
42.135,0.15,45
42.136,0.15,45
42.137,0.15,45
42.138,0.15,45
42.139,0.15,45
42.14,0.15,45
42.141,0.15,45
42.142,0.15,45
42.143,0.15,45
42.144,0.15,45
42.145,0.15,45
42.146,0.15,45
42.147,0.15,45
42.148,0.15,45
42.149,0.15,45
42.15,0.15,45
42.151,0.15,45
42.152,0.15,45
42.153,0.15,45
42.154,0.15,45
42.155,0.15,45
42.156,0.15,45
42.157,0.15,45
42.158,0.15,45
42.159,0.15,45
42.16,0.15,45
42.161,0.15,45
42.162,0.15,45
42.163,0.15,45
42.164,0.15,45
42.165,0.15,45
42.166,0.15,45
42.167,0.15,45
42.168,0.15,45
42.169,0.15,45
42.17,0.15,45
42.171,0.15,45
42.172,0.15,45
42.173,0.15,45
42.174,0.15,45
42.175,0.15,45
42.176,0.15,45
42.177,0.15,45
42.178,0.15,45
42.179,0.15,45
42.18,0.15,45
42.181,0.15,45
42.182,0.15,45
42.183,0.15,45
42.184,0.15,45
42.185,0.15,45
42.186,0.15,45
42.187,0.15,45
42.188,0.15,45
42.189,0.15,45
42.19,0.15,45
42.191,0.15,45
42.192,0.15,45
42.193,0.15,45
42.194,0.15,45
42.195,0.15,45
42.196,0.15,45
42.197,0.15,45
42.198,0.15,45
42.199,0.15,45
42.2,0.15,45
42.201,0.15,45
42.202,0.15,45
42.203,0.15,45
42.204,0.15,45
42.205,0.15,45
42.206,0.15,45
42.207,0.15,45
42.208,0.15,45
42.209,0.15,45
42.21,0.15,45
42.211,0.15,45
42.212,0.15,45
42.213,0.15,45
42.214,0.15,45
42.215,0.15,45
42.216,0.15,45
42.217,0.15,45
42.218,0.15,45
42.219,0.15,45
42.22,0.15,45
42.221,0.15,45
42.222,0.15,45
42.223,0.15,45
42.224,0.15,45
42.225,0.15,45
42.226,0.15,45
42.227,0.15,45
42.228,0.15,45
42.229,0.15,45
42.23,0.15,45
42.231,0.15,45
42.232,0.15,45
42.233,0.15,45
42.234,0.15,45
42.235,0.15,45
42.236,0.15,45
42.237,0.15,45
42.238,0.15,45
42.239,0.15,45
42.24,0.15,45
42.241,0.15,45
42.242,0.15,45
42.243,0.15,45
42.244,0.15,45
42.245,0.15,45
42.246,0.15,45
42.247,0.15,45
42.248,0.15,45
42.249,0.15,45
42.25,0.15,45
42.251,0.15,45
42.252,0.15,45
42.253,0.15,45
42.254,0.15,45
42.255,0.15,45
42.256,0.15,45
42.257,0.15,45
42.258,0.15,45
42.259,0.15,45
42.26,0.15,45
42.261,0.15,45
42.262,0.15,45
42.263,0.15,45
42.264,0.15,45
42.265,0.15,45
42.266,0.15,45
42.267,0.15,45
42.268,0.15,45
42.269,0.15,45
42.27,0.15,45
42.271,0.15,45
42.272,0.15,45
42.273,0.15,45
42.274,0.15,45
42.275,0.15,45
42.276,0.15,45
42.277,0.15,45
42.278,0.15,45
42.279,0.15,45
42.28,0.15,45
42.281,0.15,45
42.282,0.15,45
42.283,0.15,45
42.284,0.15,45
42.285,0.15,45
42.286,0.15,45
42.287,0.15,45
42.288,0.15,45
42.289,0.15,45
42.29,0.15,45
42.291,0.15,45
42.292,0.15,45
42.293,0.15,45
42.294,0.15,45
42.295,0.15,45
42.296,0.15,45
42.297,0.15,45
42.298,0.15,45
42.299,0.15,45
42.3,0.15,45
42.301,0.15,45
42.302,0.15,45
42.303,0.15,45
42.304,0.15,45
42.305,0.15,45
42.306,0.15,45
42.307,0.15,45
42.308,0.15,45
42.309,0.15,45
42.31,0.15,45
42.311,0.15,45
42.312,0.15,45
42.313,0.15,45
42.314,0.15,45
42.315,0.15,45
42.316,0.15,45
42.317,0.15,45
42.318,0.15,45
42.319,0.15,45
42.32,0.15,45
42.321,0.15,45
42.322,0.15,45
42.323,0.15,45
42.324,0.15,45
42.325,0.15,45
42.326,0.15,45
42.327,0.15,45
42.328,0.15,45
42.329,0.15,45
42.33,0.15,45
42.331,0.15,45
42.332,0.15,45
42.333,0.15,45
42.334,0.15,45
42.335,0.15,45
42.336,0.15,45
42.337,0.15,45
42.338,0.15,45
42.339,0.15,45
42.34,0.15,45
42.341,0.15,45
42.342,0.15,45
42.343,0.15,45
42.344,0.15,45
42.345,0.15,45
42.346,0.15,45
42.347,0.15,45
42.348,0.15,45
42.349,0.15,45
42.35,0.15,45
42.351,0.15,45
42.352,0.15,45
42.353,0.15,45
42.354,0.15,45
42.355,0.15,45
42.356,0.15,45
42.357,0.15,45
42.358,0.15,45
42.359,0.15,45
42.36,0.15,45
42.361,0.15,45
42.362,0.15,45
42.363,0.15,45
42.364,0.15,45
42.365,0.15,45
42.366,0.15,45
42.367,0.15,45
42.368,0.15,45
42.369,0.15,45
42.37,0.15,45
42.371,0.15,45
42.372,0.15,45
42.373,0.15,45
42.374,0.15,45
42.375,0.15,45
42.376,0.15,45
42.377,0.15,45
42.378,0.15,45
42.379,0.15,45
42.38,0.15,45
42.381,0.15,45
42.382,0.15,45
42.383,0.15,45
42.384,0.15,45
42.385,0.15,45
42.386,0.15,45
42.387,0.15,45
42.388,0.15,45
42.389,0.15,45
42.39,0.15,45
42.391,0.15,45
42.392,0.15,45
42.393,0.15,45
42.394,0.15,45
42.395,0.15,45
42.396,0.15,45
42.397,0.15,45
42.398,0.15,45
42.399,0.15,45
42.4,0.15,45
42.401,0.15,45
42.402,0.15,45
42.403,0.15,45
42.404,0.15,45
42.405,0.15,45
42.406,0.15,45
42.407,0.15,45
42.408,0.15,45
42.409,0.15,45
42.41,0.15,45
42.411,0.15,45
42.412,0.15,45
42.413,0.15,45
42.414,0.15,45
42.415,0.15,45
42.416,0.15,45
42.417,0.15,45
42.418,0.15,45
42.419,0.15,45
42.42,0.15,45
42.421,0.15,45
42.422,0.15,45
42.423,0.15,45
42.424,0.15,45
42.425,0.15,45
42.426,0.15,45
42.427,0.15,45
42.428,0.15,45
42.429,0.15,45
42.43,0.15,45
42.431,0.15,45
42.432,0.15,45
42.433,0.15,45
42.434,0.15,45
42.435,0.15,45
42.436,0.15,45
42.437,0.15,45
42.438,0.15,45
42.439,0.15,45
42.44,0.15,45
42.441,0.15,45
42.442,0.15,45
42.443,0.15,45
42.444,0.15,45
42.445,0.15,45
42.446,0.15,45
42.447,0.15,45
42.448,0.15,45
42.449,0.15,45
42.45,0.15,45
42.451,0.15,45
42.452,0.15,45
42.453,0.15,45
42.454,0.15,45
42.455,0.15,45
42.456,0.15,45
42.457,0.15,45
42.458,0.15,45
42.459,0.15,45
42.46,0.15,45
42.461,0.15,45
42.462,0.15,45
42.463,0.15,45
42.464,0.15,45
42.465,0.15,45
42.466,0.15,45
42.467,0.15,45
42.468,0.15,45
42.469,0.15,45
42.47,0.15,45
42.471,0.15,45
42.472,0.15,45
42.473,0.15,45
42.474,0.15,45
42.475,0.15,45
42.476,0.15,45
42.477,0.15,45
42.478,0.15,45
42.479,0.15,45
42.48,0.15,45
42.481,0.15,45
42.482,0.15,45
42.483,0.15,45
42.484,0.15,45
42.485,0.15,45
42.486,0.15,45
42.487,0.15,45
42.488,0.15,45
42.489,0.15,45
42.49,0.15,45
42.491,0.15,45
42.492,0.15,45
42.493,0.15,45
42.494,0.15,45
42.495,0.15,45
42.496,0.15,45
42.497,0.15,45
42.498,0.15,45
42.499,0.15,45
42.5,0.15,45
42.501,0.15,45
42.502,0.15,45
42.503,0.15,45
42.504,0.15,45
42.505,0.15,45
42.506,0.15,45
42.507,0.15,45
42.508,0.15,45
42.509,0.15,45
42.51,0.15,45
42.511,0.15,45
42.512,0.15,45
42.513,0.15,45
42.514,0.15,45
42.515,0.15,45
42.516,0.15,45
42.517,0.15,45
42.518,0.15,45
42.519,0.15,45
42.52,0.15,45
42.521,0.15,45
42.522,0.15,45
42.523,0.15,45
42.524,0.15,45
42.525,0.15,45
42.526,0.15,45
42.527,0.15,45
42.528,0.15,45
42.529,0.15,45
42.53,0.15,45
42.531,0.15,45
42.532,0.15,45
42.533,0.15,45
42.534,0.15,45
42.535,0.15,45
42.536,0.15,45
42.537,0.15,45
42.538,0.15,45
42.539,0.15,45
42.54,0.15,45
42.541,0.15,45
42.542,0.15,45
42.543,0.15,45
42.544,0.15,45
42.545,0.15,45
42.546,0.15,45
42.547,0.15,45
42.548,0.15,45
42.549,0.15,45
42.55,0.15,45
42.551,0.15,45
42.552,0.15,45
42.553,0.15,45
42.554,0.15,45
42.555,0.15,45
42.556,0.15,45
42.557,0.15,45
42.558,0.15,45
42.559,0.15,45
42.56,0.15,45
42.561,0.15,45
42.562,0.15,45
42.563,0.15,45
42.564,0.15,45
42.565,0.15,45
42.566,0.15,45
42.567,0.15,45
42.568,0.15,45
42.569,0.15,45
42.57,0.15,45
42.571,0.15,45
42.572,0.15,45
42.573,0.15,45
42.574,0.15,45
42.575,0.15,45
42.576,0.15,45
42.577,0.15,45
42.578,0.15,45
42.579,0.15,45
42.58,0.15,45
42.581,0.15,45
42.582,0.15,45
42.583,0.15,45
42.584,0.15,45
42.585,0.15,45
42.586,0.15,45
42.587,0.15,45
42.588,0.15,45
42.589,0.15,45
42.59,0.15,45
42.591,0.15,45
42.592,0.15,45
42.593,0.15,45
42.594,0.15,45
42.595,0.15,45
42.596,0.15,45
42.597,0.15,45
42.598,0.15,45
42.599,0.15,45
42.6,0.15,45
42.601,0.15,45
42.602,0.15,45
42.603,0.15,45
42.604,0.15,45
42.605,0.15,45
42.606,0.15,45
42.607,0.15,45
42.608,0.15,45
42.609,0.15,45
42.61,0.15,45
42.611,0.15,45
42.612,0.15,45
42.613,0.15,45
42.614,0.15,45
42.615,0.15,45
42.616,0.15,45
42.617,0.15,45
42.618,0.15,45
42.619,0.15,45
42.62,0.15,45
42.621,0.15,45
42.622,0.15,45
42.623,0.15,45
42.624,0.15,45
42.625,0.15,45
42.626,0.15,45
42.627,0.15,45
42.628,0.15,45
42.629,0.15,45
42.63,0.15,45
42.631,0.15,45
42.632,0.15,45
42.633,0.15,45
42.634,0.15,45
42.635,0.15,45
42.636,0.15,45
42.637,0.15,45
42.638,0.15,45
42.639,0.15,45
42.64,0.15,45
42.641,0.15,45
42.642,0.15,45
42.643,0.15,45
42.644,0.15,45
42.645,0.15,45
42.646,0.15,45
42.647,0.15,45
42.648,0.15,45
42.649,0.15,45
42.65,0.15,45
42.651,0.15,45
42.652,0.15,45
42.653,0.15,45
42.654,0.15,45
42.655,0.15,45
42.656,0.15,45
42.657,0.15,45
42.658,0.15,45
42.659,0.15,45
42.66,0.15,45
42.661,0.15,45
42.662,0.15,45
42.663,0.15,45
42.664,0.15,45
42.665,0.15,45
42.666,0.15,45
42.667,0.15,45
42.668,0.15,45
42.669,0.15,45
42.67,0.15,45
42.671,0.15,45
42.672,0.15,45
42.673,0.15,45
42.674,0.15,45
42.675,0.15,45
42.676,0.15,45
42.677,0.15,45
42.678,0.15,45
42.679,0.15,45
42.68,0.15,45
42.681,0.15,45
42.682,0.15,45
42.683,0.15,45
42.684,0.15,45
42.685,0.15,45
42.686,0.15,45
42.687,0.15,45
42.688,0.15,45
42.689,0.15,45
42.69,0.15,45
42.691,0.15,45
42.692,0.15,45
42.693,0.15,45
42.694,0.15,45
42.695,0.15,45
42.696,0.15,45
42.697,0.15,45
42.698,0.15,45
42.699,0.15,45
42.7,0.15,45
42.701,0.15,45
42.702,0.15,45
42.703,0.15,45
42.704,0.15,45
42.705,0.15,45
42.706,0.15,45
42.707,0.15,45
42.708,0.15,45
42.709,0.15,45
42.71,0.15,45
42.711,0.15,45
42.712,0.15,45
42.713,0.15,45
42.714,0.15,45
42.715,0.15,45
42.716,0.15,45
42.717,0.15,45
42.718,0.15,45
42.719,0.15,45
42.72,0.15,45
42.721,0.15,45
42.722,0.15,45
42.723,0.15,45
42.724,0.15,45
42.725,0.15,45
42.726,0.15,45
42.727,0.15,45
42.728,0.15,45
42.729,0.15,45
42.73,0.15,45
42.731,0.15,45
42.732,0.15,45
42.733,0.15,45
42.734,0.15,45
42.735,0.15,45
42.736,0.15,45
42.737,0.15,45
42.738,0.15,45
42.739,0.15,45
42.74,0.15,45
42.741,0.15,45
42.742,0.15,45
42.743,0.15,45
42.744,0.15,45
42.745,0.15,45
42.746,0.15,45
42.747,0.15,45
42.748,0.15,45
42.749,0.15,45
42.75,0.15,45
42.751,0.15,45
42.752,0.15,45
42.753,0.15,45
42.754,0.15,45
42.755,0.15,45
42.756,0.15,45
42.757,0.15,45
42.758,0.15,45
42.759,0.15,45
42.76,0.15,45
42.761,0.15,45
42.762,0.15,45
42.763,0.15,45
42.764,0.15,45
42.765,0.15,45
42.766,0.15,45
42.767,0.15,45
42.768,0.15,45
42.769,0.15,45
42.77,0.15,45
42.771,0.15,45
42.772,0.15,45
42.773,0.15,45
42.774,0.15,45
42.775,0.15,45
42.776,0.15,45
42.777,0.15,45
42.778,0.15,45
42.779,0.15,45
42.78,0.15,45
42.781,0.15,45
42.782,0.15,45
42.783,0.15,45
42.784,0.15,45
42.785,0.15,45
42.786,0.15,45
42.787,0.15,45
42.788,0.15,45
42.789,0.15,45
42.79,0.15,45
42.791,0.15,45
42.792,0.15,45
42.793,0.15,45
42.794,0.15,45
42.795,0.15,45
42.796,0.15,45
42.797,0.15,45
42.798,0.15,45
42.799,0.15,45
42.8,0.15,45
42.801,0.15,45
42.802,0.15,45
42.803,0.15,45
42.804,0.15,45
42.805,0.15,45
42.806,0.15,45
42.807,0.15,45
42.808,0.15,45
42.809,0.15,45
42.81,0.15,45
42.811,0.15,45
42.812,0.15,45
42.813,0.15,45
42.814,0.15,45
42.815,0.15,45
42.816,0.15,45
42.817,0.15,45
42.818,0.15,45
42.819,0.15,45
42.82,0.15,45
42.821,0.15,45
42.822,0.15,45
42.823,0.15,45
42.824,0.15,45
42.825,0.15,45
42.826,0.15,45
42.827,0.15,45
42.828,0.15,45
42.829,0.15,45
42.83,0.15,45
42.831,0.15,45
42.832,0.15,45
42.833,0.15,45
42.834,0.15,45
42.835,0.15,45
42.836,0.15,45
42.837,0.15,45
42.838,0.15,45
42.839,0.15,45
42.84,0.15,45
42.841,0.15,45
42.842,0.15,45
42.843,0.15,45
42.844,0.15,45
42.845,0.15,45
42.846,0.15,45
42.847,0.15,45
42.848,0.15,45
42.849,0.15,45
42.85,0.15,45
42.851,0.15,45
42.852,0.15,45
42.853,0.15,45
42.854,0.15,45
42.855,0.15,45
42.856,0.15,45
42.857,0.15,45
42.858,0.15,45
42.859,0.15,45
42.86,0.15,45
42.861,0.15,45
42.862,0.15,45
42.863,0.15,45
42.864,0.15,45
42.865,0.15,45
42.866,0.15,45
42.867,0.15,45
42.868,0.15,45
42.869,0.15,45
42.87,0.15,45
42.871,0.15,45
42.872,0.15,45
42.873,0.15,45
42.874,0.15,45
42.875,0.15,45
42.876,0.15,45
42.877,0.15,45
42.878,0.15,45
42.879,0.15,45
42.88,0.15,45
42.881,0.15,45
42.882,0.15,45
42.883,0.15,45
42.884,0.15,45
42.885,0.15,45
42.886,0.15,45
42.887,0.15,45
42.888,0.15,45
42.889,0.15,45
42.89,0.15,45
42.891,0.15,45
42.892,0.15,45
42.893,0.15,45
42.894,0.15,45
42.895,0.15,45
42.896,0.15,45
42.897,0.15,45
42.898,0.15,45
42.899,0.15,45
42.9,0.15,45
42.901,0.15,45
42.902,0.15,45
42.903,0.15,45
42.904,0.15,45
42.905,0.15,45
42.906,0.15,45
42.907,0.15,45
42.908,0.15,45
42.909,0.15,45
42.91,0.15,45
42.911,0.15,45
42.912,0.15,45
42.913,0.15,45
42.914,0.15,45
42.915,0.15,45
42.916,0.15,45
42.917,0.15,45
42.918,0.15,45
42.919,0.15,45
42.92,0.15,45
42.921,0.15,45
42.922,0.15,45
42.923,0.15,45
42.924,0.15,45
42.925,0.15,45
42.926,0.15,45
42.927,0.15,45
42.928,0.15,45
42.929,0.15,45
42.93,0.15,45
42.931,0.15,45
42.932,0.15,45
42.933,0.15,45
42.934,0.15,45
42.935,0.15,45
42.936,0.15,45
42.937,0.15,45
42.938,0.15,45
42.939,0.15,45
42.94,0.15,45
42.941,0.15,45
42.942,0.15,45
42.943,0.15,45
42.944,0.15,45
42.945,0.15,45
42.946,0.15,45
42.947,0.15,45
42.948,0.15,45
42.949,0.15,45
42.95,0.15,45
42.951,0.15,45
42.952,0.15,45
42.953,0.15,45
42.954,0.15,45
42.955,0.15,45
42.956,0.15,45
42.957,0.15,45
42.958,0.15,45
42.959,0.15,45
42.96,0.15,45
42.961,0.15,45
42.962,0.15,45
42.963,0.15,45
42.964,0.15,45
42.965,0.15,45
42.966,0.15,45
42.967,0.15,45
42.968,0.15,45
42.969,0.15,45
42.97,0.15,45
42.971,0.15,45
42.972,0.15,45
42.973,0.15,45
42.974,0.15,45
42.975,0.15,45
42.976,0.15,45
42.977,0.15,45
42.978,0.15,45
42.979,0.15,45
42.98,0.15,45
42.981,0.15,45
42.982,0.15,45
42.983,0.15,45
42.984,0.15,45
42.985,0.15,45
42.986,0.15,45
42.987,0.15,45
42.988,0.15,45
42.989,0.15,45
42.99,0.15,45
42.991,0.15,45
42.992,0.15,45
42.993,0.15,45
42.994,0.15,45
42.995,0.15,45
42.996,0.15,45
42.997,0.15,45
42.998,0.15,45
42.999,0.15,45
43,0.15,45
43.001,0.15,45
43.002,0.15,45
43.003,0.15,45
43.004,0.15,45
43.005,0.15,45
43.006,0.15,45
43.007,0.15,45
43.008,0.15,45
43.009,0.15,45
43.01,0.15,45
43.011,0.15,45
43.012,0.15,45
43.013,0.15,45
43.014,0.15,45
43.015,0.15,45
43.016,0.15,45
43.017,0.15,45
43.018,0.15,45
43.019,0.15,45
43.02,0.15,45
43.021,0.15,45
43.022,0.15,45
43.023,0.15,45
43.024,0.15,45
43.025,0.15,45
43.026,0.15,45
43.027,0.15,45
43.028,0.15,45
43.029,0.15,45
43.03,0.15,45
43.031,0.15,45
43.032,0.15,45
43.033,0.15,45
43.034,0.15,45
43.035,0.15,45
43.036,0.15,45
43.037,0.15,45
43.038,0.15,45
43.039,0.15,45
43.04,0.15,45
43.041,0.15,45
43.042,0.15,45
43.043,0.15,45
43.044,0.15,45
43.045,0.15,45
43.046,0.15,45
43.047,0.15,45
43.048,0.15,45
43.049,0.15,45
43.05,0.15,45
43.051,0.15,45
43.052,0.15,45
43.053,0.15,45
43.054,0.15,45
43.055,0.15,45
43.056,0.15,45
43.057,0.15,45
43.058,0.15,45
43.059,0.15,45
43.06,0.15,45
43.061,0.15,45
43.062,0.15,45
43.063,0.15,45
43.064,0.15,45
43.065,0.15,45
43.066,0.15,45
43.067,0.15,45
43.068,0.15,45
43.069,0.15,45
43.07,0.15,45
43.071,0.15,45
43.072,0.15,45
43.073,0.15,45
43.074,0.15,45
43.075,0.15,45
43.076,0.15,45
43.077,0.15,45
43.078,0.15,45
43.079,0.15,45
43.08,0.15,45
43.081,0.15,45
43.082,0.15,45
43.083,0.15,45
43.084,0.15,45
43.085,0.15,45
43.086,0.15,45
43.087,0.15,45
43.088,0.15,45
43.089,0.15,45
43.09,0.15,45
43.091,0.15,45
43.092,0.15,45
43.093,0.15,45
43.094,0.15,45
43.095,0.15,45
43.096,0.15,45
43.097,0.15,45
43.098,0.15,45
43.099,0.15,45
43.1,0.15,45
43.101,0.15,45
43.102,0.15,45
43.103,0.15,45
43.104,0.15,45
43.105,0.15,45
43.106,0.15,45
43.107,0.15,45
43.108,0.15,45
43.109,0.15,45
43.11,0.15,45
43.111,0.15,45
43.112,0.15,45
43.113,0.15,45
43.114,0.15,45
43.115,0.15,45
43.116,0.15,45
43.117,0.15,45
43.118,0.15,45
43.119,0.15,45
43.12,0.15,45
43.121,0.15,45
43.122,0.15,45
43.123,0.15,45
43.124,0.15,45
43.125,0.15,45
43.126,0.15,45
43.127,0.15,45
43.128,0.15,45
43.129,0.15,45
43.13,0.15,45
43.131,0.15,45
43.132,0.15,45
43.133,0.15,45
43.134,0.15,45
43.135,0.15,45
43.136,0.15,45
43.137,0.15,45
43.138,0.15,45
43.139,0.15,45
43.14,0.15,45
43.141,0.15,45
43.142,0.15,45
43.143,0.15,45
43.144,0.15,45
43.145,0.15,45
43.146,0.15,45
43.147,0.15,45
43.148,0.15,45
43.149,0.15,45
43.15,0.15,45
43.151,0.15,45
43.152,0.15,45
43.153,0.15,45
43.154,0.15,45
43.155,0.15,45
43.156,0.15,45
43.157,0.15,45
43.158,0.15,45
43.159,0.15,45
43.16,0.15,45
43.161,0.15,45
43.162,0.15,45
43.163,0.15,45
43.164,0.15,45
43.165,0.15,45
43.166,0.15,45
43.167,0.15,45
43.168,0.15,45
43.169,0.15,45
43.17,0.15,45
43.171,0.15,45
43.172,0.15,45
43.173,0.15,45
43.174,0.15,45
43.175,0.15,45
43.176,0.15,45
43.177,0.15,45
43.178,0.15,45
43.179,0.15,45
43.18,0.15,45
43.181,0.15,45
43.182,0.15,45
43.183,0.15,45
43.184,0.15,45
43.185,0.15,45
43.186,0.15,45
43.187,0.15,45
43.188,0.15,45
43.189,0.15,45
43.19,0.15,45
43.191,0.15,45
43.192,0.15,45
43.193,0.15,45
43.194,0.15,45
43.195,0.15,45
43.196,0.15,45
43.197,0.15,45
43.198,0.15,45
43.199,0.15,45
43.2,0.15,45
43.201,0.15,45
43.202,0.15,45
43.203,0.15,45
43.204,0.15,45
43.205,0.15,45
43.206,0.15,45
43.207,0.15,45
43.208,0.15,45
43.209,0.15,45
43.21,0.15,45
43.211,0.15,45
43.212,0.15,45
43.213,0.15,45
43.214,0.15,45
43.215,0.15,45
43.216,0.15,45
43.217,0.15,45
43.218,0.15,45
43.219,0.15,45
43.22,0.15,45
43.221,0.15,45
43.222,0.15,45
43.223,0.15,45
43.224,0.15,45
43.225,0.15,45
43.226,0.15,45
43.227,0.15,45
43.228,0.15,45
43.229,0.15,45
43.23,0.15,45
43.231,0.15,45
43.232,0.15,45
43.233,0.15,45
43.234,0.15,45
43.235,0.15,45
43.236,0.15,45
43.237,0.15,45
43.238,0.15,45
43.239,0.15,45
43.24,0.15,45
43.241,0.15,45
43.242,0.15,45
43.243,0.15,45
43.244,0.15,45
43.245,0.15,45
43.246,0.15,45
43.247,0.15,45
43.248,0.15,45
43.249,0.15,45
43.25,0.15,45
43.251,0.15,45
43.252,0.15,45
43.253,0.15,45
43.254,0.15,45
43.255,0.15,45
43.256,0.15,45
43.257,0.15,45
43.258,0.15,45
43.259,0.15,45
43.26,0.15,45
43.261,0.15,45
43.262,0.15,45
43.263,0.15,45
43.264,0.15,45
43.265,0.15,45
43.266,0.15,45
43.267,0.15,45
43.268,0.15,45
43.269,0.15,45
43.27,0.15,45
43.271,0.15,45
43.272,0.15,45
43.273,0.15,45
43.274,0.15,45
43.275,0.15,45
43.276,0.15,45
43.277,0.15,45
43.278,0.15,45
43.279,0.15,45
43.28,0.15,45
43.281,0.15,45
43.282,0.15,45
43.283,0.15,45
43.284,0.15,45
43.285,0.15,45
43.286,0.15,45
43.287,0.15,45
43.288,0.15,45
43.289,0.15,45
43.29,0.15,45
43.291,0.15,45
43.292,0.15,45
43.293,0.15,45
43.294,0.15,45
43.295,0.15,45
43.296,0.15,45
43.297,0.15,45
43.298,0.15,45
43.299,0.15,45
43.3,0.15,45
43.301,0.15,45
43.302,0.15,45
43.303,0.15,45
43.304,0.15,45
43.305,0.15,45
43.306,0.15,45
43.307,0.15,45
43.308,0.15,45
43.309,0.15,45
43.31,0.15,45
43.311,0.15,45
43.312,0.15,45
43.313,0.15,45
43.314,0.15,45
43.315,0.15,45
43.316,0.15,45
43.317,0.15,45
43.318,0.15,45
43.319,0.15,45
43.32,0.15,45
43.321,0.15,45
43.322,0.15,45
43.323,0.15,45
43.324,0.15,45
43.325,0.15,45
43.326,0.15,45
43.327,0.15,45
43.328,0.15,45
43.329,0.15,45
43.33,0.15,45
43.331,0.15,45
43.332,0.15,45
43.333,0.15,45
43.334,0.15,45
43.335,0.15,45
43.336,0.15,45
43.337,0.15,45
43.338,0.15,45
43.339,0.15,45
43.34,0.15,45
43.341,0.15,45
43.342,0.15,45
43.343,0.15,45
43.344,0.15,45
43.345,0.15,45
43.346,0.15,45
43.347,0.15,45
43.348,0.15,45
43.349,0.15,45
43.35,0.15,45
43.351,0.15,45
43.352,0.15,45
43.353,0.15,45
43.354,0.15,45
43.355,0.15,45
43.356,0.15,45
43.357,0.15,45
43.358,0.15,45
43.359,0.15,45
43.36,0.15,45
43.361,0.15,45
43.362,0.15,45
43.363,0.15,45
43.364,0.15,45
43.365,0.15,45
43.366,0.15,45
43.367,0.15,45
43.368,0.15,45
43.369,0.15,45
43.37,0.15,45
43.371,0.15,45
43.372,0.15,45
43.373,0.15,45
43.374,0.15,45
43.375,0.15,45
43.376,0.15,45
43.377,0.15,45
43.378,0.15,45
43.379,0.15,45
43.38,0.15,45
43.381,0.15,45
43.382,0.15,45
43.383,0.15,45
43.384,0.15,45
43.385,0.15,45
43.386,0.15,45
43.387,0.15,45
43.388,0.15,45
43.389,0.15,45
43.39,0.15,45
43.391,0.15,45
43.392,0.15,45
43.393,0.15,45
43.394,0.15,45
43.395,0.15,45
43.396,0.15,45
43.397,0.15,45
43.398,0.15,45
43.399,0.15,45
43.4,0.15,45
43.401,0.15,45
43.402,0.15,45
43.403,0.15,45
43.404,0.15,45
43.405,0.15,45
43.406,0.15,45
43.407,0.15,45
43.408,0.15,45
43.409,0.15,45
43.41,0.15,45
43.411,0.15,45
43.412,0.15,45
43.413,0.15,45
43.414,0.15,45
43.415,0.15,45
43.416,0.15,45
43.417,0.15,45
43.418,0.15,45
43.419,0.15,45
43.42,0.15,45
43.421,0.15,45
43.422,0.15,45
43.423,0.15,45
43.424,0.15,45
43.425,0.15,45
43.426,0.15,45
43.427,0.15,45
43.428,0.15,45
43.429,0.15,45
43.43,0.15,45
43.431,0.15,45
43.432,0.15,45
43.433,0.15,45
43.434,0.15,45
43.435,0.15,45
43.436,0.15,45
43.437,0.15,45
43.438,0.15,45
43.439,0.15,45
43.44,0.15,45
43.441,0.15,45
43.442,0.15,45
43.443,0.15,45
43.444,0.15,45
43.445,0.15,45
43.446,0.15,45
43.447,0.15,45
43.448,0.15,45
43.449,0.15,45
43.45,0.15,45
43.451,0.15,45
43.452,0.15,45
43.453,0.15,45
43.454,0.15,45
43.455,0.15,45
43.456,0.15,45
43.457,0.15,45
43.458,0.15,45
43.459,0.15,45
43.46,0.15,45
43.461,0.15,45
43.462,0.15,45
43.463,0.15,45
43.464,0.15,45
43.465,0.15,45
43.466,0.15,45
43.467,0.15,45
43.468,0.15,45
43.469,0.15,45
43.47,0.15,45
43.471,0.15,45
43.472,0.15,45
43.473,0.15,45
43.474,0.15,45
43.475,0.15,45
43.476,0.15,45
43.477,0.15,45
43.478,0.15,45
43.479,0.15,45
43.48,0.15,45
43.481,0.15,45
43.482,0.15,45
43.483,0.15,45
43.484,0.15,45
43.485,0.15,45
43.486,0.15,45
43.487,0.15,45
43.488,0.15,45
43.489,0.15,45
43.49,0.15,45
43.491,0.15,45
43.492,0.15,45
43.493,0.15,45
43.494,0.15,45
43.495,0.15,45
43.496,0.15,45
43.497,0.15,45
43.498,0.15,45
43.499,0.15,45
43.5,0.15,45
43.501,0.15,45
43.502,0.15,45
43.503,0.15,45
43.504,0.15,45
43.505,0.15,45
43.506,0.15,45
43.507,0.15,45
43.508,0.15,45
43.509,0.15,45
43.51,0.15,45
43.511,0.15,45
43.512,0.15,45
43.513,0.15,45
43.514,0.15,45
43.515,0.15,45
43.516,0.15,45
43.517,0.15,45
43.518,0.15,45
43.519,0.15,45
43.52,0.15,45
43.521,0.15,45
43.522,0.15,45
43.523,0.15,45
43.524,0.15,45
43.525,0.15,45
43.526,0.15,45
43.527,0.15,45
43.528,0.15,45
43.529,0.15,45
43.53,0.15,45
43.531,0.15,45
43.532,0.15,45
43.533,0.15,45
43.534,0.15,45
43.535,0.15,45
43.536,0.15,45
43.537,0.15,45
43.538,0.15,45
43.539,0.15,45
43.54,0.15,45
43.541,0.15,45
43.542,0.15,45
43.543,0.15,45
43.544,0.15,45
43.545,0.15,45
43.546,0.15,45
43.547,0.15,45
43.548,0.15,45
43.549,0.15,45
43.55,0.15,45
43.551,0.15,45
43.552,0.15,45
43.553,0.15,45
43.554,0.15,45
43.555,0.15,45
43.556,0.15,45
43.557,0.15,45
43.558,0.15,45
43.559,0.15,45
43.56,0.15,45
43.561,0.15,45
43.562,0.15,45
43.563,0.15,45
43.564,0.15,45
43.565,0.15,45
43.566,0.15,45
43.567,0.15,45
43.568,0.15,45
43.569,0.15,45
43.57,0.15,45
43.571,0.15,45
43.572,0.15,45
43.573,0.15,45
43.574,0.15,45
43.575,0.15,45
43.576,0.15,45
43.577,0.15,45
43.578,0.15,45
43.579,0.15,45
43.58,0.15,45
43.581,0.15,45
43.582,0.15,45
43.583,0.15,45
43.584,0.15,45
43.585,0.15,45
43.586,0.15,45
43.587,0.15,45
43.588,0.15,45
43.589,0.15,45
43.59,0.15,45
43.591,0.15,45
43.592,0.15,45
43.593,0.15,45
43.594,0.15,45
43.595,0.15,45
43.596,0.15,45
43.597,0.15,45
43.598,0.15,45
43.599,0.15,45
43.6,0.15,45
43.601,0.15,45
43.602,0.15,45
43.603,0.15,45
43.604,0.15,45
43.605,0.15,45
43.606,0.15,45
43.607,0.15,45
43.608,0.15,45
43.609,0.15,45
43.61,0.15,45
43.611,0.15,45
43.612,0.15,45
43.613,0.15,45
43.614,0.15,45
43.615,0.15,45
43.616,0.15,45
43.617,0.15,45
43.618,0.15,45
43.619,0.15,45
43.62,0.15,45
43.621,0.15,45
43.622,0.15,45
43.623,0.15,45
43.624,0.15,45
43.625,0.15,45
43.626,0.15,45
43.627,0.15,45
43.628,0.15,45
43.629,0.15,45
43.63,0.15,45
43.631,0.15,45
43.632,0.15,45
43.633,0.15,45
43.634,0.15,45
43.635,0.15,45
43.636,0.15,45
43.637,0.15,45
43.638,0.15,45
43.639,0.15,45
43.64,0.15,45
43.641,0.15,45
43.642,0.15,45
43.643,0.15,45
43.644,0.15,45
43.645,0.15,45
43.646,0.15,45
43.647,0.15,45
43.648,0.15,45
43.649,0.15,45
43.65,0.15,45
43.651,0.15,45
43.652,0.15,45
43.653,0.15,45
43.654,0.15,45
43.655,0.15,45
43.656,0.15,45
43.657,0.15,45
43.658,0.15,45
43.659,0.15,45
43.66,0.15,45
43.661,0.15,45
43.662,0.15,45
43.663,0.15,45
43.664,0.15,45
43.665,0.15,45
43.666,0.15,45
43.667,0.15,45
43.668,0.15,45
43.669,0.15,45
43.67,0.15,45
43.671,0.15,45
43.672,0.15,45
43.673,0.15,45
43.674,0.15,45
43.675,0.15,45
43.676,0.15,45
43.677,0.15,45
43.678,0.15,45
43.679,0.15,45
43.68,0.15,45
43.681,0.15,45
43.682,0.15,45
43.683,0.15,45
43.684,0.15,45
43.685,0.15,45
43.686,0.15,45
43.687,0.15,45
43.688,0.15,45
43.689,0.15,45
43.69,0.15,45
43.691,0.15,45
43.692,0.15,45
43.693,0.15,45
43.694,0.15,45
43.695,0.15,45
43.696,0.15,45
43.697,0.15,45
43.698,0.15,45
43.699,0.15,45
43.7,0.15,45
43.701,0.15,45
43.702,0.15,45
43.703,0.15,45
43.704,0.15,45
43.705,0.15,45
43.706,0.15,45
43.707,0.15,45
43.708,0.15,45
43.709,0.15,45
43.71,0.15,45
43.711,0.15,45
43.712,0.15,45
43.713,0.15,45
43.714,0.15,45
43.715,0.15,45
43.716,0.15,45
43.717,0.15,45
43.718,0.15,45
43.719,0.15,45
43.72,0.15,45
43.721,0.15,45
43.722,0.15,45
43.723,0.15,45
43.724,0.15,45
43.725,0.15,45
43.726,0.15,45
43.727,0.15,45
43.728,0.15,45
43.729,0.15,45
43.73,0.15,45
43.731,0.15,45
43.732,0.15,45
43.733,0.15,45
43.734,0.15,45
43.735,0.15,45
43.736,0.15,45
43.737,0.15,45
43.738,0.15,45
43.739,0.15,45
43.74,0.15,45
43.741,0.15,45
43.742,0.15,45
43.743,0.15,45
43.744,0.15,45
43.745,0.15,45
43.746,0.15,45
43.747,0.15,45
43.748,0.15,45
43.749,0.15,45
43.75,0.15,45
43.751,0.15,45
43.752,0.15,45
43.753,0.15,45
43.754,0.15,45
43.755,0.15,45
43.756,0.15,45
43.757,0.15,45
43.758,0.15,45
43.759,0.15,45
43.76,0.15,45
43.761,0.15,45
43.762,0.15,45
43.763,0.15,45
43.764,0.15,45
43.765,0.15,45
43.766,0.15,45
43.767,0.15,45
43.768,0.15,45
43.769,0.15,45
43.77,0.15,45
43.771,0.15,45
43.772,0.15,45
43.773,0.15,45
43.774,0.15,45
43.775,0.15,45
43.776,0.15,45
43.777,0.15,45
43.778,0.15,45
43.779,0.15,45
43.78,0.15,45
43.781,0.15,45
43.782,0.15,45
43.783,0.15,45
43.784,0.15,45
43.785,0.15,45
43.786,0.15,45
43.787,0.15,45
43.788,0.15,45
43.789,0.15,45
43.79,0.15,45
43.791,0.15,45
43.792,0.15,45
43.793,0.15,45
43.794,0.15,45
43.795,0.15,45
43.796,0.15,45
43.797,0.15,45
43.798,0.15,45
43.799,0.15,45
43.8,0.15,45
43.801,0.15,45
43.802,0.15,45
43.803,0.15,45
43.804,0.15,45
43.805,0.15,45
43.806,0.15,45
43.807,0.15,45
43.808,0.15,45
43.809,0.15,45
43.81,0.15,45
43.811,0.15,45
43.812,0.15,45
43.813,0.15,45
43.814,0.15,45
43.815,0.15,45
43.816,0.15,45
43.817,0.15,45
43.818,0.15,45
43.819,0.15,45
43.82,0.15,45
43.821,0.15,45
43.822,0.15,45
43.823,0.15,45
43.824,0.15,45
43.825,0.15,45
43.826,0.15,45
43.827,0.15,45
43.828,0.15,45
43.829,0.15,45
43.83,0.15,45
43.831,0.15,45
43.832,0.15,45
43.833,0.15,45
43.834,0.15,45
43.835,0.15,45
43.836,0.15,45
43.837,0.15,45
43.838,0.15,45
43.839,0.15,45
43.84,0.15,45
43.841,0.15,45
43.842,0.15,45
43.843,0.15,45
43.844,0.15,45
43.845,0.15,45
43.846,0.15,45
43.847,0.15,45
43.848,0.15,45
43.849,0.15,45
43.85,0.15,45
43.851,0.15,45
43.852,0.15,45
43.853,0.15,45
43.854,0.15,45
43.855,0.15,45
43.856,0.15,45
43.857,0.15,45
43.858,0.15,45
43.859,0.15,45
43.86,0.15,45
43.861,0.15,45
43.862,0.15,45
43.863,0.15,45
43.864,0.15,45
43.865,0.15,45
43.866,0.15,45
43.867,0.15,45
43.868,0.15,45
43.869,0.15,45
43.87,0.15,45
43.871,0.15,45
43.872,0.15,45
43.873,0.15,45
43.874,0.15,45
43.875,0.15,45
43.876,0.15,45
43.877,0.15,45
43.878,0.15,45
43.879,0.15,45
43.88,0.15,45
43.881,0.15,45
43.882,0.15,45
43.883,0.15,45
43.884,0.15,45
43.885,0.15,45
43.886,0.15,45
43.887,0.15,45
43.888,0.15,45
43.889,0.15,45
43.89,0.15,45
43.891,0.15,45
43.892,0.15,45
43.893,0.15,45
43.894,0.15,45
43.895,0.15,45
43.896,0.15,45
43.897,0.15,45
43.898,0.15,45
43.899,0.15,45
43.9,0.15,45
43.901,0.15,45
43.902,0.15,45
43.903,0.15,45
43.904,0.15,45
43.905,0.15,45
43.906,0.15,45
43.907,0.15,45
43.908,0.15,45
43.909,0.15,45
43.91,0.15,45
43.911,0.15,45
43.912,0.15,45
43.913,0.15,45
43.914,0.15,45
43.915,0.15,45
43.916,0.15,45
43.917,0.15,45
43.918,0.15,45
43.919,0.15,45
43.92,0.15,45
43.921,0.15,45
43.922,0.15,45
43.923,0.15,45
43.924,0.15,45
43.925,0.15,45
43.926,0.15,45
43.927,0.15,45
43.928,0.15,45
43.929,0.15,45
43.93,0.15,45
43.931,0.15,45
43.932,0.15,45
43.933,0.15,45
43.934,0.15,45
43.935,0.15,45
43.936,0.15,45
43.937,0.15,45
43.938,0.15,45
43.939,0.15,45
43.94,0.15,45
43.941,0.15,45
43.942,0.15,45
43.943,0.15,45
43.944,0.15,45
43.945,0.15,45
43.946,0.15,45
43.947,0.15,45
43.948,0.15,45
43.949,0.15,45
43.95,0.15,45
43.951,0.15,45
43.952,0.15,45
43.953,0.15,45
43.954,0.15,45
43.955,0.15,45
43.956,0.15,45
43.957,0.15,45
43.958,0.15,45
43.959,0.15,45
43.96,0.15,45
43.961,0.15,45
43.962,0.15,45
43.963,0.15,45
43.964,0.15,45
43.965,0.15,45
43.966,0.15,45
43.967,0.15,45
43.968,0.15,45
43.969,0.15,45
43.97,0.15,45
43.971,0.15,45
43.972,0.15,45
43.973,0.15,45
43.974,0.15,45
43.975,0.15,45
43.976,0.15,45
43.977,0.15,45
43.978,0.15,45
43.979,0.15,45
43.98,0.15,45
43.981,0.15,45
43.982,0.15,45
43.983,0.15,45
43.984,0.15,45
43.985,0.15,45
43.986,0.15,45
43.987,0.15,45
43.988,0.15,45
43.989,0.15,45
43.99,0.15,45
43.991,0.15,45
43.992,0.15,45
43.993,0.15,45
43.994,0.15,45
43.995,0.15,45
43.996,0.15,45
43.997,0.15,45
43.998,0.15,45
43.999,0.15,45
44,0.15,45
44.001,0.15,45
44.002,0.15,45
44.003,0.15,45
44.004,0.15,45
44.005,0.15,45
44.006,0.15,45
44.007,0.15,45
44.008,0.15,45
44.009,0.15,45
44.01,0.15,45
44.011,0.15,45
44.012,0.15,45
44.013,0.15,45
44.014,0.15,45
44.015,0.15,45
44.016,0.15,45
44.017,0.15,45
44.018,0.15,45
44.019,0.15,45
44.02,0.15,45
44.021,0.15,45
44.022,0.15,45
44.023,0.15,45
44.024,0.15,45
44.025,0.15,45
44.026,0.15,45
44.027,0.15,45
44.028,0.15,45
44.029,0.15,45
44.03,0.15,45
44.031,0.15,45
44.032,0.15,45
44.033,0.15,45
44.034,0.15,45
44.035,0.15,45
44.036,0.15,45
44.037,0.15,45
44.038,0.15,45
44.039,0.15,45
44.04,0.15,45
44.041,0.15,45
44.042,0.15,45
44.043,0.15,45
44.044,0.15,45
44.045,0.15,45
44.046,0.15,45
44.047,0.15,45
44.048,0.15,45
44.049,0.15,45
44.05,0.15,45
44.051,0.15,45
44.052,0.15,45
44.053,0.15,45
44.054,0.15,45
44.055,0.15,45
44.056,0.15,45
44.057,0.15,45
44.058,0.15,45
44.059,0.15,45
44.06,0.15,45
44.061,0.15,45
44.062,0.15,45
44.063,0.15,45
44.064,0.15,45
44.065,0.15,45
44.066,0.15,45
44.067,0.15,45
44.068,0.15,45
44.069,0.15,45
44.07,0.15,45
44.071,0.15,45
44.072,0.15,45
44.073,0.15,45
44.074,0.15,45
44.075,0.15,45
44.076,0.15,45
44.077,0.15,45
44.078,0.15,45
44.079,0.15,45
44.08,0.15,45
44.081,0.15,45
44.082,0.15,45
44.083,0.15,45
44.084,0.15,45
44.085,0.15,45
44.086,0.15,45
44.087,0.15,45
44.088,0.15,45
44.089,0.15,45
44.09,0.15,45
44.091,0.15,45
44.092,0.15,45
44.093,0.15,45
44.094,0.15,45
44.095,0.15,45
44.096,0.15,45
44.097,0.15,45
44.098,0.15,45
44.099,0.15,45
44.1,0.15,45
44.101,0.15,45
44.102,0.15,45
44.103,0.15,45
44.104,0.15,45
44.105,0.15,45
44.106,0.15,45
44.107,0.15,45
44.108,0.15,45
44.109,0.15,45
44.11,0.15,45
44.111,0.15,45
44.112,0.15,45
44.113,0.15,45
44.114,0.15,45
44.115,0.15,45
44.116,0.15,45
44.117,0.15,45
44.118,0.15,45
44.119,0.15,45
44.12,0.15,45
44.121,0.15,45
44.122,0.15,45
44.123,0.15,45
44.124,0.15,45
44.125,0.15,45
44.126,0.15,45
44.127,0.15,45
44.128,0.15,45
44.129,0.15,45
44.13,0.15,45
44.131,0.15,45
44.132,0.15,45
44.133,0.15,45
44.134,0.15,45
44.135,0.15,45
44.136,0.15,45
44.137,0.15,45
44.138,0.15,45
44.139,0.15,45
44.14,0.15,45
44.141,0.15,45
44.142,0.15,45
44.143,0.15,45
44.144,0.15,45
44.145,0.15,45
44.146,0.15,45
44.147,0.15,45
44.148,0.15,45
44.149,0.15,45
44.15,0.15,45
44.151,0.15,45
44.152,0.15,45
44.153,0.15,45
44.154,0.15,45
44.155,0.15,45
44.156,0.15,45
44.157,0.15,45
44.158,0.15,45
44.159,0.15,45
44.16,0.15,45
44.161,0.15,45
44.162,0.15,45
44.163,0.15,45
44.164,0.15,45
44.165,0.15,45
44.166,0.15,45
44.167,0.15,45
44.168,0.15,45
44.169,0.15,45
44.17,0.15,45
44.171,0.15,45
44.172,0.15,45
44.173,0.15,45
44.174,0.15,45
44.175,0.15,45
44.176,0.15,45
44.177,0.15,45
44.178,0.15,45
44.179,0.15,45
44.18,0.15,45
44.181,0.15,45
44.182,0.15,45
44.183,0.15,45
44.184,0.15,45
44.185,0.15,45
44.186,0.15,45
44.187,0.15,45
44.188,0.15,45
44.189,0.15,45
44.19,0.15,45
44.191,0.15,45
44.192,0.15,45
44.193,0.15,45
44.194,0.15,45
44.195,0.15,45
44.196,0.15,45
44.197,0.15,45
44.198,0.15,45
44.199,0.15,45
44.2,0.15,45
44.201,0.15,45
44.202,0.15,45
44.203,0.15,45
44.204,0.15,45
44.205,0.15,45
44.206,0.15,45
44.207,0.15,45
44.208,0.15,45
44.209,0.15,45
44.21,0.15,45
44.211,0.15,45
44.212,0.15,45
44.213,0.15,45
44.214,0.15,45
44.215,0.15,45
44.216,0.15,45
44.217,0.15,45
44.218,0.15,45
44.219,0.15,45
44.22,0.15,45
44.221,0.15,45
44.222,0.15,45
44.223,0.15,45
44.224,0.15,45
44.225,0.15,45
44.226,0.15,45
44.227,0.15,45
44.228,0.15,45
44.229,0.15,45
44.23,0.15,45
44.231,0.15,45
44.232,0.15,45
44.233,0.15,45
44.234,0.15,45
44.235,0.15,45
44.236,0.15,45
44.237,0.15,45
44.238,0.15,45
44.239,0.15,45
44.24,0.15,45
44.241,0.15,45
44.242,0.15,45
44.243,0.15,45
44.244,0.15,45
44.245,0.15,45
44.246,0.15,45
44.247,0.15,45
44.248,0.15,45
44.249,0.15,45
44.25,0.15,45
44.251,0.15,45
44.252,0.15,45
44.253,0.15,45
44.254,0.15,45
44.255,0.15,45
44.256,0.15,45
44.257,0.15,45
44.258,0.15,45
44.259,0.15,45
44.26,0.15,45
44.261,0.15,45
44.262,0.15,45
44.263,0.15,45
44.264,0.15,45
44.265,0.15,45
44.266,0.15,45
44.267,0.15,45
44.268,0.15,45
44.269,0.15,45
44.27,0.15,45
44.271,0.15,45
44.272,0.15,45
44.273,0.15,45
44.274,0.15,45
44.275,0.15,45
44.276,0.15,45
44.277,0.15,45
44.278,0.15,45
44.279,0.15,45
44.28,0.15,45
44.281,0.15,45
44.282,0.15,45
44.283,0.15,45
44.284,0.15,45
44.285,0.15,45
44.286,0.15,45
44.287,0.15,45
44.288,0.15,45
44.289,0.15,45
44.29,0.15,45
44.291,0.15,45
44.292,0.15,45
44.293,0.15,45
44.294,0.15,45
44.295,0.15,45
44.296,0.15,45
44.297,0.15,45
44.298,0.15,45
44.299,0.15,45
44.3,0.15,45
44.301,0.15,45
44.302,0.15,45
44.303,0.15,45
44.304,0.15,45
44.305,0.15,45
44.306,0.15,45
44.307,0.15,45
44.308,0.15,45
44.309,0.15,45
44.31,0.15,45
44.311,0.15,45
44.312,0.15,45
44.313,0.15,45
44.314,0.15,45
44.315,0.15,45
44.316,0.15,45
44.317,0.15,45
44.318,0.15,45
44.319,0.15,45
44.32,0.15,45
44.321,0.15,45
44.322,0.15,45
44.323,0.15,45
44.324,0.15,45
44.325,0.15,45
44.326,0.15,45
44.327,0.15,45
44.328,0.15,45
44.329,0.15,45
44.33,0.15,45
44.331,0.15,45
44.332,0.15,45
44.333,0.15,45
44.334,0.15,45
44.335,0.15,45
44.336,0.15,45
44.337,0.15,45
44.338,0.15,45
44.339,0.15,45
44.34,0.15,45
44.341,0.15,45
44.342,0.15,45
44.343,0.15,45
44.344,0.15,45
44.345,0.15,45
44.346,0.15,45
44.347,0.15,45
44.348,0.15,45
44.349,0.15,45
44.35,0.15,45
44.351,0.15,45
44.352,0.15,45
44.353,0.15,45
44.354,0.15,45
44.355,0.15,45
44.356,0.15,45
44.357,0.15,45
44.358,0.15,45
44.359,0.15,45
44.36,0.15,45
44.361,0.15,45
44.362,0.15,45
44.363,0.15,45
44.364,0.15,45
44.365,0.15,45
44.366,0.15,45
44.367,0.15,45
44.368,0.15,45
44.369,0.15,45
44.37,0.15,45
44.371,0.15,45
44.372,0.15,45
44.373,0.15,45
44.374,0.15,45
44.375,0.15,45
44.376,0.15,45
44.377,0.15,45
44.378,0.15,45
44.379,0.15,45
44.38,0.15,45
44.381,0.15,45
44.382,0.15,45
44.383,0.15,45
44.384,0.15,45
44.385,0.15,45
44.386,0.15,45
44.387,0.15,45
44.388,0.15,45
44.389,0.15,45
44.39,0.15,45
44.391,0.15,45
44.392,0.15,45
44.393,0.15,45
44.394,0.15,45
44.395,0.15,45
44.396,0.15,45
44.397,0.15,45
44.398,0.15,45
44.399,0.15,45
44.4,0.15,45
44.401,0.15,45
44.402,0.15,45
44.403,0.15,45
44.404,0.15,45
44.405,0.15,45
44.406,0.15,45
44.407,0.15,45
44.408,0.15,45
44.409,0.15,45
44.41,0.15,45
44.411,0.15,45
44.412,0.15,45
44.413,0.15,45
44.414,0.15,45
44.415,0.15,45
44.416,0.15,45
44.417,0.15,45
44.418,0.15,45
44.419,0.15,45
44.42,0.15,45
44.421,0.15,45
44.422,0.15,45
44.423,0.15,45
44.424,0.15,45
44.425,0.15,45
44.426,0.15,45
44.427,0.15,45
44.428,0.15,45
44.429,0.15,45
44.43,0.15,45
44.431,0.15,45
44.432,0.15,45
44.433,0.15,45
44.434,0.15,45
44.435,0.15,45
44.436,0.15,45
44.437,0.15,45
44.438,0.15,45
44.439,0.15,45
44.44,0.15,45
44.441,0.15,45
44.442,0.15,45
44.443,0.15,45
44.444,0.15,45
44.445,0.15,45
44.446,0.15,45
44.447,0.15,45
44.448,0.15,45
44.449,0.15,45
44.45,0.15,45
44.451,0.15,45
44.452,0.15,45
44.453,0.15,45
44.454,0.15,45
44.455,0.15,45
44.456,0.15,45
44.457,0.15,45
44.458,0.15,45
44.459,0.15,45
44.46,0.15,45
44.461,0.15,45
44.462,0.15,45
44.463,0.15,45
44.464,0.15,45
44.465,0.15,45
44.466,0.15,45
44.467,0.15,45
44.468,0.15,45
44.469,0.15,45
44.47,0.15,45
44.471,0.15,45
44.472,0.15,45
44.473,0.15,45
44.474,0.15,45
44.475,0.15,45
44.476,0.15,45
44.477,0.15,45
44.478,0.15,45
44.479,0.15,45
44.48,0.15,45
44.481,0.15,45
44.482,0.15,45
44.483,0.15,45
44.484,0.15,45
44.485,0.15,45
44.486,0.15,45
44.487,0.15,45
44.488,0.15,45
44.489,0.15,45
44.49,0.15,45
44.491,0.15,45
44.492,0.15,45
44.493,0.15,45
44.494,0.15,45
44.495,0.15,45
44.496,0.15,45
44.497,0.15,45
44.498,0.15,45
44.499,0.15,45
44.5,0.15,45
44.501,0.15,45
44.502,0.15,45
44.503,0.15,45
44.504,0.15,45
44.505,0.15,45
44.506,0.15,45
44.507,0.15,45
44.508,0.15,45
44.509,0.15,45
44.51,0.15,45
44.511,0.15,45
44.512,0.15,45
44.513,0.15,45
44.514,0.15,45
44.515,0.15,45
44.516,0.15,45
44.517,0.15,45
44.518,0.15,45
44.519,0.15,45
44.52,0.15,45
44.521,0.15,45
44.522,0.15,45
44.523,0.15,45
44.524,0.15,45
44.525,0.15,45
44.526,0.15,45
44.527,0.15,45
44.528,0.15,45
44.529,0.15,45
44.53,0.15,45
44.531,0.15,45
44.532,0.15,45
44.533,0.15,45
44.534,0.15,45
44.535,0.15,45
44.536,0.15,45
44.537,0.15,45
44.538,0.15,45
44.539,0.15,45
44.54,0.15,45
44.541,0.15,45
44.542,0.15,45
44.543,0.15,45
44.544,0.15,45
44.545,0.15,45
44.546,0.15,45
44.547,0.15,45
44.548,0.15,45
44.549,0.15,45
44.55,0.15,45
44.551,0.15,45
44.552,0.15,45
44.553,0.15,45
44.554,0.15,45
44.555,0.15,45
44.556,0.15,45
44.557,0.15,45
44.558,0.15,45
44.559,0.15,45
44.56,0.15,45
44.561,0.15,45
44.562,0.15,45
44.563,0.15,45
44.564,0.15,45
44.565,0.15,45
44.566,0.15,45
44.567,0.15,45
44.568,0.15,45
44.569,0.15,45
44.57,0.15,45
44.571,0.15,45
44.572,0.15,45
44.573,0.15,45
44.574,0.15,45
44.575,0.15,45
44.576,0.15,45
44.577,0.15,45
44.578,0.15,45
44.579,0.15,45
44.58,0.15,45
44.581,0.15,45
44.582,0.15,45
44.583,0.15,45
44.584,0.15,45
44.585,0.15,45
44.586,0.15,45
44.587,0.15,45
44.588,0.15,45
44.589,0.15,45
44.59,0.15,45
44.591,0.15,45
44.592,0.15,45
44.593,0.15,45
44.594,0.15,45
44.595,0.15,45
44.596,0.15,45
44.597,0.15,45
44.598,0.15,45
44.599,0.15,45
44.6,0.15,45
44.601,0.15,45
44.602,0.15,45
44.603,0.15,45
44.604,0.15,45
44.605,0.15,45
44.606,0.15,45
44.607,0.15,45
44.608,0.15,45
44.609,0.15,45
44.61,0.15,45
44.611,0.15,45
44.612,0.15,45
44.613,0.15,45
44.614,0.15,45
44.615,0.15,45
44.616,0.15,45
44.617,0.15,45
44.618,0.15,45
44.619,0.15,45
44.62,0.15,45
44.621,0.15,45
44.622,0.15,45
44.623,0.15,45
44.624,0.15,45
44.625,0.15,45
44.626,0.15,45
44.627,0.15,45
44.628,0.15,45
44.629,0.15,45
44.63,0.15,45
44.631,0.15,45
44.632,0.15,45
44.633,0.15,45
44.634,0.15,45
44.635,0.15,45
44.636,0.15,45
44.637,0.15,45
44.638,0.15,45
44.639,0.15,45
44.64,0.15,45
44.641,0.15,45
44.642,0.15,45
44.643,0.15,45
44.644,0.15,45
44.645,0.15,45
44.646,0.15,45
44.647,0.15,45
44.648,0.15,45
44.649,0.15,45
44.65,0.15,45
44.651,0.15,45
44.652,0.15,45
44.653,0.15,45
44.654,0.15,45
44.655,0.15,45
44.656,0.15,45
44.657,0.15,45
44.658,0.15,45
44.659,0.15,45
44.66,0.15,45
44.661,0.15,45
44.662,0.15,45
44.663,0.15,45
44.664,0.15,45
44.665,0.15,45
44.666,0.15,45
44.667,0.15,45
44.668,0.15,45
44.669,0.15,45
44.67,0.15,45
44.671,0.15,45
44.672,0.15,45
44.673,0.15,45
44.674,0.15,45
44.675,0.15,45
44.676,0.15,45
44.677,0.15,45
44.678,0.15,45
44.679,0.15,45
44.68,0.15,45
44.681,0.15,45
44.682,0.15,45
44.683,0.15,45
44.684,0.15,45
44.685,0.15,45
44.686,0.15,45
44.687,0.15,45
44.688,0.15,45
44.689,0.15,45
44.69,0.15,45
44.691,0.15,45
44.692,0.15,45
44.693,0.15,45
44.694,0.15,45
44.695,0.15,45
44.696,0.15,45
44.697,0.15,45
44.698,0.15,45
44.699,0.15,45
44.7,0.15,45
44.701,0.15,45
44.702,0.15,45
44.703,0.15,45
44.704,0.15,45
44.705,0.15,45
44.706,0.15,45
44.707,0.15,45
44.708,0.15,45
44.709,0.15,45
44.71,0.15,45
44.711,0.15,45
44.712,0.15,45
44.713,0.15,45
44.714,0.15,45
44.715,0.15,45
44.716,0.15,45
44.717,0.15,45
44.718,0.15,45
44.719,0.15,45
44.72,0.15,45
44.721,0.15,45
44.722,0.15,45
44.723,0.15,45
44.724,0.15,45
44.725,0.15,45
44.726,0.15,45
44.727,0.15,45
44.728,0.15,45
44.729,0.15,45
44.73,0.15,45
44.731,0.15,45
44.732,0.15,45
44.733,0.15,45
44.734,0.15,45
44.735,0.15,45
44.736,0.15,45
44.737,0.15,45
44.738,0.15,45
44.739,0.15,45
44.74,0.15,45
44.741,0.15,45
44.742,0.15,45
44.743,0.15,45
44.744,0.15,45
44.745,0.15,45
44.746,0.15,45
44.747,0.15,45
44.748,0.15,45
44.749,0.15,45
44.75,0.15,45
44.751,0.15,45
44.752,0.15,45
44.753,0.15,45
44.754,0.15,45
44.755,0.15,45
44.756,0.15,45
44.757,0.15,45
44.758,0.15,45
44.759,0.15,45
44.76,0.15,45
44.761,0.15,45
44.762,0.15,45
44.763,0.15,45
44.764,0.15,45
44.765,0.15,45
44.766,0.15,45
44.767,0.15,45
44.768,0.15,45
44.769,0.15,45
44.77,0.15,45
44.771,0.15,45
44.772,0.15,45
44.773,0.15,45
44.774,0.15,45
44.775,0.15,45
44.776,0.15,45
44.777,0.15,45
44.778,0.15,45
44.779,0.15,45
44.78,0.15,45
44.781,0.15,45
44.782,0.15,45
44.783,0.15,45
44.784,0.15,45
44.785,0.15,45
44.786,0.15,45
44.787,0.15,45
44.788,0.15,45
44.789,0.15,45
44.79,0.15,45
44.791,0.15,45
44.792,0.15,45
44.793,0.15,45
44.794,0.15,45
44.795,0.15,45
44.796,0.15,45
44.797,0.15,45
44.798,0.15,45
44.799,0.15,45
44.8,0.15,45
44.801,0.15,45
44.802,0.15,45
44.803,0.15,45
44.804,0.15,45
44.805,0.15,45
44.806,0.15,45
44.807,0.15,45
44.808,0.15,45
44.809,0.15,45
44.81,0.15,45
44.811,0.15,45
44.812,0.15,45
44.813,0.15,45
44.814,0.15,45
44.815,0.15,45
44.816,0.15,45
44.817,0.15,45
44.818,0.15,45
44.819,0.15,45
44.82,0.15,45
44.821,0.15,45
44.822,0.15,45
44.823,0.15,45
44.824,0.15,45
44.825,0.15,45
44.826,0.15,45
44.827,0.15,45
44.828,0.15,45
44.829,0.15,45
44.83,0.15,45
44.831,0.15,45
44.832,0.15,45
44.833,0.15,45
44.834,0.15,45
44.835,0.15,45
44.836,0.15,45
44.837,0.15,45
44.838,0.15,45
44.839,0.15,45
44.84,0.15,45
44.841,0.15,45
44.842,0.15,45
44.843,0.15,45
44.844,0.15,45
44.845,0.15,45
44.846,0.15,45
44.847,0.15,45
44.848,0.15,45
44.849,0.15,45
44.85,0.15,45
44.851,0.15,45
44.852,0.15,45
44.853,0.15,45
44.854,0.15,45
44.855,0.15,45
44.856,0.15,45
44.857,0.15,45
44.858,0.15,45
44.859,0.15,45
44.86,0.15,45
44.861,0.15,45
44.862,0.15,45
44.863,0.15,45
44.864,0.15,45
44.865,0.15,45
44.866,0.15,45
44.867,0.15,45
44.868,0.15,45
44.869,0.15,45
44.87,0.15,45
44.871,0.15,45
44.872,0.15,45
44.873,0.15,45
44.874,0.15,45
44.875,0.15,45
44.876,0.15,45
44.877,0.15,45
44.878,0.15,45
44.879,0.15,45
44.88,0.15,45
44.881,0.15,45
44.882,0.15,45
44.883,0.15,45
44.884,0.15,45
44.885,0.15,45
44.886,0.15,45
44.887,0.15,45
44.888,0.15,45
44.889,0.15,45
44.89,0.15,45
44.891,0.15,45
44.892,0.15,45
44.893,0.15,45
44.894,0.15,45
44.895,0.15,45
44.896,0.15,45
44.897,0.15,45
44.898,0.15,45
44.899,0.15,45
44.9,0.15,45
44.901,0.15,45
44.902,0.15,45
44.903,0.15,45
44.904,0.15,45
44.905,0.15,45
44.906,0.15,45
44.907,0.15,45
44.908,0.15,45
44.909,0.15,45
44.91,0.15,45
44.911,0.15,45
44.912,0.15,45
44.913,0.15,45
44.914,0.15,45
44.915,0.15,45
44.916,0.15,45
44.917,0.15,45
44.918,0.15,45
44.919,0.15,45
44.92,0.15,45
44.921,0.15,45
44.922,0.15,45
44.923,0.15,45
44.924,0.15,45
44.925,0.15,45
44.926,0.15,45
44.927,0.15,45
44.928,0.15,45
44.929,0.15,45
44.93,0.15,45
44.931,0.15,45
44.932,0.15,45
44.933,0.15,45
44.934,0.15,45
44.935,0.15,45
44.936,0.15,45
44.937,0.15,45
44.938,0.15,45
44.939,0.15,45
44.94,0.15,45
44.941,0.15,45
44.942,0.15,45
44.943,0.15,45
44.944,0.15,45
44.945,0.15,45
44.946,0.15,45
44.947,0.15,45
44.948,0.15,45
44.949,0.15,45
44.95,0.15,45
44.951,0.15,45
44.952,0.15,45
44.953,0.15,45
44.954,0.15,45
44.955,0.15,45
44.956,0.15,45
44.957,0.15,45
44.958,0.15,45
44.959,0.15,45
44.96,0.15,45
44.961,0.15,45
44.962,0.15,45
44.963,0.15,45
44.964,0.15,45
44.965,0.15,45
44.966,0.15,45
44.967,0.15,45
44.968,0.15,45
44.969,0.15,45
44.97,0.15,45
44.971,0.15,45
44.972,0.15,45
44.973,0.15,45
44.974,0.15,45
44.975,0.15,45
44.976,0.15,45
44.977,0.15,45
44.978,0.15,45
44.979,0.15,45
44.98,0.15,45
44.981,0.15,45
44.982,0.15,45
44.983,0.15,45
44.984,0.15,45
44.985,0.15,45
44.986,0.15,45
44.987,0.15,45
44.988,0.15,45
44.989,0.15,45
44.99,0.15,45
44.991,0.15,45
44.992,0.15,45
44.993,0.15,45
44.994,0.15,45
44.995,0.15,45
44.996,0.15,45
44.997,0.15,45
44.998,0.15,45
44.999,0.15,45
45,0.15,45
