0,0.05,19.999
0.001,0.05,19.999
0.002,0.05,19.999
0.003,0.05,19.999
0.004,0.05,19.999
0.005,0.05,19.999
0.006,0.05,19.999
0.007,0.05,19.999
0.008,0.05,19.999
0.009,0.05,19.999
0.01,0.05,19.999
0.011,0.05,19.999
0.012,0.05,19.999
0.013,0.05,19.999
0.014,0.05,19.999
0.015,0.05,19.999
0.016,0.05,19.999
0.017,0.05,19.999
0.018,0.05,19.999
0.019,0.05,19.999
0.02,0.05,19.999
0.021,0.05,19.999
0.022,0.05,19.999
0.023,0.05,19.999
0.024,0.05,19.999
0.025,0.05,19.999
0.026,0.05,19.999
0.027,0.05,19.999
0.028,0.05,19.999
0.029,0.05,19.999
0.03,0.05,19.999
0.031,0.05,19.999
0.032,0.05,19.999
0.033,0.05,19.999
0.034,0.05,19.999
0.035,0.05,19.999
0.036,0.05,19.999
0.037,0.05,19.999
0.038,0.05,19.999
0.039,0.05,19.999
0.04,0.05,19.999
0.041,0.05,19.999
0.042,0.05,19.999
0.043,0.05,19.999
0.044,0.05,19.999
0.045,0.05,19.999
0.046,0.05,19.999
0.047,0.05,19.999
0.048,0.05,19.999
0.049,0.05,19.999
0.05,0.05,19.999
0.051,0.05,19.999
0.052,0.05,19.999
0.053,0.05,19.999
0.054,0.05,19.999
0.055,0.05,19.999
0.056,0.05,19.999
0.057,0.05,19.999
0.058,0.05,19.999
0.059,0.05,19.999
0.06,0.05,19.999
0.061,0.05,19.999
0.062,0.05,19.999
0.063,0.05,19.999
0.064,0.05,19.999
0.065,0.05,19.999
0.066,0.05,19.999
0.067,0.05,19.999
0.068,0.05,19.999
0.069,0.05,19.999
0.07,0.05,19.999
0.071,0.05,19.999
0.072,0.05,19.999
0.073,0.05,19.999
0.074,0.05,19.999
0.075,0.05,19.999
0.076,0.05,19.999
0.077,0.05,19.999
0.078,0.05,19.999
0.079,0.05,19.999
0.08,0.05,19.999
0.081,0.05,19.999
0.082,0.05,19.999
0.083,0.05,19.999
0.084,0.05,19.999
0.085,0.05,19.999
0.086,0.05,19.999
0.087,0.05,19.999
0.088,0.05,19.999
0.089,0.05,19.999
0.09,0.05,19.999
0.091,0.05,19.999
0.092,0.05,19.999
0.093,0.05,19.999
0.094,0.05,19.999
0.095,0.05,19.999
0.096,0.05,19.999
0.097,0.05,19.999
0.098,0.05,19.999
0.099,0.05,19.999
0.1,0.05,19.999
0.101,0.05,19.999
0.102,0.05,19.999
0.103,0.05,19.999
0.104,0.05,19.999
0.105,0.05,19.999
0.106,0.05,19.999
0.107,0.05,19.999
0.108,0.05,19.999
0.109,0.05,19.999
0.11,0.05,19.999
0.111,0.05,19.999
0.112,0.05,19.999
0.113,0.05,19.999
0.114,0.05,19.999
0.115,0.05,19.999
0.116,0.05,19.999
0.117,0.05,19.999
0.118,0.05,19.999
0.119,0.05,19.999
0.12,0.05,19.999
0.121,0.05,19.999
0.122,0.05,19.999
0.123,0.05,19.999
0.124,0.05,19.999
0.125,0.05,19.999
0.126,0.05,19.999
0.127,0.05,19.999
0.128,0.05,19.999
0.129,0.05,19.999
0.13,0.05,19.999
0.131,0.05,19.999
0.132,0.05,19.999
0.133,0.05,19.999
0.134,0.05,19.999
0.135,0.05,19.999
0.136,0.05,19.999
0.137,0.05,19.999
0.138,0.05,19.999
0.139,0.05,19.999
0.14,0.05,19.999
0.141,0.05,19.999
0.142,0.05,19.999
0.143,0.05,19.999
0.144,0.05,19.999
0.145,0.05,19.999
0.146,0.05,19.999
0.147,0.05,19.999
0.148,0.05,19.999
0.149,0.05,19.999
0.15,0.05,19.999
0.151,0.05,19.999
0.152,0.05,19.999
0.153,0.05,19.999
0.154,0.05,19.999
0.155,0.05,19.999
0.156,0.05,19.999
0.157,0.05,19.999
0.158,0.05,19.999
0.159,0.05,19.999
0.16,0.05,19.999
0.161,0.05,19.999
0.162,0.05,19.999
0.163,0.05,19.999
0.164,0.05,19.999
0.165,0.05,19.999
0.166,0.05,19.999
0.167,0.05,19.999
0.168,0.05,19.999
0.169,0.05,19.999
0.17,0.05,19.999
0.171,0.05,19.999
0.172,0.05,19.999
0.173,0.05,19.999
0.174,0.05,19.999
0.175,0.05,19.999
0.176,0.05,19.999
0.177,0.05,19.999
0.178,0.05,19.999
0.179,0.05,19.999
0.18,0.05,19.999
0.181,0.05,19.999
0.182,0.05,19.999
0.183,0.05,19.999
0.184,0.05,19.999
0.185,0.05,19.999
0.186,0.05,19.999
0.187,0.05,19.999
0.188,0.05,19.999
0.189,0.05,19.999
0.19,0.05,19.999
0.191,0.05,19.999
0.192,0.05,19.999
0.193,0.05,19.999
0.194,0.05,19.999
0.195,0.05,19.999
0.196,0.05,19.999
0.197,0.05,19.999
0.198,0.05,19.999
0.199,0.05,19.999
0.2,0.05,19.999
0.201,0.05,19.999
0.202,0.05,19.999
0.203,0.05,19.999
0.204,0.05,19.999
0.205,0.05,19.999
0.206,0.05,19.999
0.207,0.05,19.999
0.208,0.05,19.999
0.209,0.05,19.999
0.21,0.05,19.999
0.211,0.05,19.999
0.212,0.05,19.999
0.213,0.05,19.999
0.214,0.05,19.999
0.215,0.05,19.999
0.216,0.05,19.999
0.217,0.05,19.999
0.218,0.05,19.999
0.219,0.05,19.999
0.22,0.05,19.999
0.221,0.05,19.999
0.222,0.05,19.999
0.223,0.05,19.999
0.224,0.05,19.999
0.225,0.05,19.999
0.226,0.05,19.999
0.227,0.05,19.999
0.228,0.05,19.999
0.229,0.05,19.999
0.23,0.05,19.999
0.231,0.05,19.999
0.232,0.05,19.999
0.233,0.05,19.999
0.234,0.05,19.999
0.235,0.05,19.999
0.236,0.05,19.999
0.237,0.05,19.999
0.238,0.05,19.999
0.239,0.05,19.999
0.24,0.05,19.999
0.241,0.05,19.999
0.242,0.05,19.999
0.243,0.05,19.999
0.244,0.05,19.999
0.245,0.05,19.999
0.246,0.05,19.999
0.247,0.05,19.999
0.248,0.05,19.999
0.249,0.05,19.999
0.25,0.05,19.999
0.251,0.05,19.999
0.252,0.05,19.999
0.253,0.05,19.999
0.254,0.05,19.999
0.255,0.05,19.999
0.256,0.05,19.999
0.257,0.05,19.999
0.258,0.05,19.999
0.259,0.05,19.999
0.26,0.05,19.999
0.261,0.05,19.999
0.262,0.05,19.999
0.263,0.05,19.999
0.264,0.05,19.999
0.265,0.05,19.999
0.266,0.05,19.999
0.267,0.05,19.999
0.268,0.05,19.999
0.269,0.05,19.999
0.27,0.05,19.999
0.271,0.05,19.999
0.272,0.05,19.999
0.273,0.05,19.999
0.274,0.05,19.999
0.275,0.05,19.999
0.276,0.05,19.999
0.277,0.05,19.999
0.278,0.05,19.999
0.279,0.05,19.999
0.28,0.05,19.999
0.281,0.05,19.999
0.282,0.05,19.999
0.283,0.05,19.999
0.284,0.05,19.999
0.285,0.05,19.999
0.286,0.05,19.999
0.287,0.05,19.999
0.288,0.05,19.999
0.289,0.05,19.999
0.29,0.05,19.999
0.291,0.05,19.999
0.292,0.05,19.999
0.293,0.05,19.999
0.294,0.05,19.999
0.295,0.05,19.999
0.296,0.05,19.999
0.297,0.05,19.999
0.298,0.05,19.999
0.299,0.05,19.999
0.3,0.05,19.999
0.301,0.05,19.999
0.302,0.05,19.999
0.303,0.05,19.999
0.304,0.05,19.999
0.305,0.05,19.999
0.306,0.05,19.999
0.307,0.05,19.999
0.308,0.05,19.999
0.309,0.05,19.999
0.31,0.05,19.999
0.311,0.05,19.999
0.312,0.05,19.999
0.313,0.05,19.999
0.314,0.05,19.999
0.315,0.05,19.999
0.316,0.05,19.999
0.317,0.05,19.999
0.318,0.05,19.999
0.319,0.05,19.999
0.32,0.05,19.999
0.321,0.05,19.999
0.322,0.05,19.999
0.323,0.05,19.999
0.324,0.05,19.999
0.325,0.05,19.999
0.326,0.05,19.999
0.327,0.05,19.999
0.328,0.05,19.999
0.329,0.05,19.999
0.33,0.05,19.999
0.331,0.05,19.999
0.332,0.05,19.999
0.333,0.05,19.999
0.334,0.05,19.999
0.335,0.05,19.999
0.336,0.05,19.999
0.337,0.05,19.999
0.338,0.05,19.999
0.339,0.05,19.999
0.34,0.05,19.999
0.341,0.05,19.999
0.342,0.05,19.999
0.343,0.05,19.999
0.344,0.05,19.999
0.345,0.05,19.999
0.346,0.05,19.999
0.347,0.05,19.999
0.348,0.05,19.999
0.349,0.05,19.999
0.35,0.05,19.999
0.351,0.05,19.999
0.352,0.05,19.999
0.353,0.05,19.999
0.354,0.05,19.999
0.355,0.05,19.999
0.356,0.05,19.999
0.357,0.05,19.999
0.358,0.05,19.999
0.359,0.05,19.999
0.36,0.05,19.999
0.361,0.05,19.999
0.362,0.05,19.999
0.363,0.05,19.999
0.364,0.05,19.999
0.365,0.05,19.999
0.366,0.05,19.999
0.367,0.05,19.999
0.368,0.05,19.999
0.369,0.05,19.999
0.37,0.05,19.999
0.371,0.05,19.999
0.372,0.05,19.999
0.373,0.05,19.999
0.374,0.05,19.999
0.375,0.05,19.999
0.376,0.05,19.999
0.377,0.05,19.999
0.378,0.05,19.999
0.379,0.05,19.999
0.38,0.05,19.999
0.381,0.05,19.999
0.382,0.05,19.999
0.383,0.05,19.999
0.384,0.05,19.999
0.385,0.05,19.999
0.386,0.05,19.999
0.387,0.05,19.999
0.388,0.05,19.999
0.389,0.05,19.999
0.39,0.05,19.999
0.391,0.05,19.999
0.392,0.05,19.999
0.393,0.05,19.999
0.394,0.05,19.999
0.395,0.05,19.999
0.396,0.05,19.999
0.397,0.05,19.999
0.398,0.05,19.999
0.399,0.05,19.999
0.4,0.05,19.999
0.401,0.05,19.999
0.402,0.05,19.999
0.403,0.05,19.999
0.404,0.05,19.999
0.405,0.05,19.999
0.406,0.05,19.999
0.407,0.05,19.999
0.408,0.05,19.999
0.409,0.05,19.999
0.41,0.05,19.999
0.411,0.05,19.999
0.412,0.05,19.999
0.413,0.05,19.999
0.414,0.05,19.999
0.415,0.05,19.999
0.416,0.05,19.999
0.417,0.05,19.999
0.418,0.05,19.999
0.419,0.05,19.999
0.42,0.05,19.999
0.421,0.05,19.999
0.422,0.05,19.999
0.423,0.05,19.999
0.424,0.05,19.999
0.425,0.05,19.999
0.426,0.05,19.999
0.427,0.05,19.999
0.428,0.05,19.999
0.429,0.05,19.999
0.43,0.05,19.999
0.431,0.05,19.999
0.432,0.05,19.999
0.433,0.05,19.999
0.434,0.05,19.999
0.435,0.05,19.999
0.436,0.05,19.999
0.437,0.05,19.999
0.438,0.05,19.999
0.439,0.05,19.999
0.44,0.05,19.999
0.441,0.05,19.999
0.442,0.05,19.999
0.443,0.05,19.999
0.444,0.05,19.999
0.445,0.05,19.999
0.446,0.05,19.999
0.447,0.05,19.999
0.448,0.05,19.999
0.449,0.05,19.999
0.45,0.05,19.999
0.451,0.05,19.999
0.452,0.05,19.999
0.453,0.05,19.999
0.454,0.05,19.999
0.455,0.05,19.999
0.456,0.05,19.999
0.457,0.05,19.999
0.458,0.05,19.999
0.459,0.05,19.999
0.46,0.05,19.999
0.461,0.05,19.999
0.462,0.05,19.999
0.463,0.05,19.999
0.464,0.05,19.999
0.465,0.05,19.999
0.466,0.05,19.999
0.467,0.05,19.999
0.468,0.05,19.999
0.469,0.05,19.999
0.47,0.05,19.999
0.471,0.05,19.999
0.472,0.05,19.999
0.473,0.05,19.999
0.474,0.05,19.999
0.475,0.05,19.999
0.476,0.05,19.999
0.477,0.05,19.999
0.478,0.05,19.999
0.479,0.05,19.999
0.48,0.05,19.999
0.481,0.05,19.999
0.482,0.05,19.999
0.483,0.05,19.999
0.484,0.05,19.999
0.485,0.05,19.999
0.486,0.05,19.999
0.487,0.05,19.999
0.488,0.05,19.999
0.489,0.05,19.999
0.49,0.05,19.999
0.491,0.05,19.999
0.492,0.05,19.999
0.493,0.05,19.999
0.494,0.05,19.999
0.495,0.05,19.999
0.496,0.05,19.999
0.497,0.05,19.999
0.498,0.05,19.999
0.499,0.05,19.999
0.5,0.05,19.999
0.501,0.05,19.999
0.502,0.05,19.999
0.503,0.05,19.999
0.504,0.05,19.999
0.505,0.05,19.999
0.506,0.05,19.999
0.507,0.05,19.999
0.508,0.05,19.999
0.509,0.05,19.999
0.51,0.05,19.999
0.511,0.05,19.999
0.512,0.05,19.999
0.513,0.05,19.999
0.514,0.05,19.999
0.515,0.05,19.999
0.516,0.05,19.999
0.517,0.05,19.999
0.518,0.05,19.999
0.519,0.05,19.999
0.52,0.05,19.999
0.521,0.05,19.999
0.522,0.05,19.999
0.523,0.05,19.999
0.524,0.05,19.999
0.525,0.05,19.999
0.526,0.05,19.999
0.527,0.05,19.999
0.528,0.05,19.999
0.529,0.05,19.999
0.53,0.05,19.999
0.531,0.05,19.999
0.532,0.05,19.999
0.533,0.05,19.999
0.534,0.05,19.999
0.535,0.05,19.999
0.536,0.05,19.999
0.537,0.05,19.999
0.538,0.05,19.999
0.539,0.05,19.999
0.54,0.05,19.999
0.541,0.05,19.999
0.542,0.05,19.999
0.543,0.05,19.999
0.544,0.05,19.999
0.545,0.05,19.999
0.546,0.05,19.999
0.547,0.05,19.999
0.548,0.05,19.999
0.549,0.05,19.999
0.55,0.05,19.999
0.551,0.05,19.999
0.552,0.05,19.999
0.553,0.05,19.999
0.554,0.05,19.999
0.555,0.05,19.999
0.556,0.05,19.999
0.557,0.05,19.999
0.558,0.05,19.999
0.559,0.05,19.999
0.56,0.05,19.999
0.561,0.05,19.999
0.562,0.05,19.999
0.563,0.05,19.999
0.564,0.05,19.999
0.565,0.05,19.999
0.566,0.05,19.999
0.567,0.05,19.999
0.568,0.05,19.999
0.569,0.05,19.999
0.57,0.05,19.999
0.571,0.05,19.999
0.572,0.05,19.999
0.573,0.05,19.999
0.574,0.05,19.999
0.575,0.05,19.999
0.576,0.05,19.999
0.577,0.05,19.999
0.578,0.05,19.999
0.579,0.05,19.999
0.58,0.05,19.999
0.581,0.05,19.999
0.582,0.05,19.999
0.583,0.05,19.999
0.584,0.05,19.999
0.585,0.05,19.999
0.586,0.05,19.999
0.587,0.05,19.999
0.588,0.05,19.999
0.589,0.05,19.999
0.59,0.05,19.999
0.591,0.05,19.999
0.592,0.05,19.999
0.593,0.05,19.999
0.594,0.05,19.999
0.595,0.05,19.999
0.596,0.05,19.999
0.597,0.05,19.999
0.598,0.05,19.999
0.599,0.05,19.999
0.6,0.05,19.999
0.601,0.05,19.999
0.602,0.05,19.999
0.603,0.05,19.999
0.604,0.05,19.999
0.605,0.05,19.999
0.606,0.05,19.999
0.607,0.05,19.999
0.608,0.05,19.999
0.609,0.05,19.999
0.61,0.05,19.999
0.611,0.05,19.999
0.612,0.05,19.999
0.613,0.05,19.999
0.614,0.05,19.999
0.615,0.05,19.999
0.616,0.05,19.999
0.617,0.05,19.999
0.618,0.05,19.999
0.619,0.05,19.999
0.62,0.05,19.999
0.621,0.05,19.999
0.622,0.05,19.999
0.623,0.05,19.999
0.624,0.05,19.999
0.625,0.05,19.999
0.626,0.05,19.999
0.627,0.05,19.999
0.628,0.05,19.999
0.629,0.05,19.999
0.63,0.05,19.999
0.631,0.05,19.999
0.632,0.05,19.999
0.633,0.05,19.999
0.634,0.05,19.999
0.635,0.05,19.999
0.636,0.05,19.999
0.637,0.05,19.999
0.638,0.05,19.999
0.639,0.05,19.999
0.64,0.05,19.999
0.641,0.05,19.999
0.642,0.05,19.999
0.643,0.05,19.999
0.644,0.05,19.999
0.645,0.05,19.999
0.646,0.05,19.999
0.647,0.05,19.999
0.648,0.05,19.999
0.649,0.05,19.999
0.65,0.05,19.999
0.651,0.05,19.999
0.652,0.05,19.999
0.653,0.05,19.999
0.654,0.05,19.999
0.655,0.05,19.999
0.656,0.05,19.999
0.657,0.05,19.999
0.658,0.05,19.999
0.659,0.05,19.999
0.66,0.05,19.999
0.661,0.05,19.999
0.662,0.05,19.999
0.663,0.05,19.999
0.664,0.05,19.999
0.665,0.05,19.999
0.666,0.05,19.999
0.667,0.05,19.999
0.668,0.05,19.999
0.669,0.05,19.999
0.67,0.05,19.999
0.671,0.05,19.999
0.672,0.05,19.999
0.673,0.05,19.999
0.674,0.05,19.999
0.675,0.05,19.999
0.676,0.05,19.999
0.677,0.05,19.999
0.678,0.05,19.999
0.679,0.05,19.999
0.68,0.05,19.999
0.681,0.05,19.999
0.682,0.05,19.999
0.683,0.05,19.999
0.684,0.05,19.999
0.685,0.05,19.999
0.686,0.05,19.999
0.687,0.05,19.999
0.688,0.05,19.999
0.689,0.05,19.999
0.69,0.05,19.999
0.691,0.05,19.999
0.692,0.05,19.999
0.693,0.05,19.999
0.694,0.05,19.999
0.695,0.05,19.999
0.696,0.05,19.999
0.697,0.05,19.999
0.698,0.05,19.999
0.699,0.05,19.999
0.7,0.05,19.999
0.701,0.05,19.999
0.702,0.05,19.999
0.703,0.05,19.999
0.704,0.05,19.999
0.705,0.05,19.999
0.706,0.05,19.999
0.707,0.05,19.999
0.708,0.05,19.999
0.709,0.05,19.999
0.71,0.05,19.999
0.711,0.05,19.999
0.712,0.05,19.999
0.713,0.05,19.999
0.714,0.05,19.999
0.715,0.05,19.999
0.716,0.05,19.999
0.717,0.05,19.999
0.718,0.05,19.999
0.719,0.05,19.999
0.72,0.05,19.999
0.721,0.05,19.999
0.722,0.05,19.999
0.723,0.05,19.999
0.724,0.05,19.999
0.725,0.05,19.999
0.726,0.05,19.999
0.727,0.05,19.999
0.728,0.05,19.999
0.729,0.05,19.999
0.73,0.05,19.999
0.731,0.05,19.999
0.732,0.05,19.999
0.733,0.05,19.999
0.734,0.05,19.999
0.735,0.05,19.999
0.736,0.05,19.999
0.737,0.05,19.999
0.738,0.05,19.999
0.739,0.05,19.999
0.74,0.05,19.999
0.741,0.05,19.999
0.742,0.05,19.999
0.743,0.05,19.999
0.744,0.05,19.999
0.745,0.05,19.999
0.746,0.05,19.999
0.747,0.05,19.999
0.748,0.05,19.999
0.749,0.05,19.999
0.75,0.05,19.999
0.751,0.05,19.999
0.752,0.05,19.999
0.753,0.05,19.999
0.754,0.05,19.999
0.755,0.05,19.999
0.756,0.05,19.999
0.757,0.05,19.999
0.758,0.05,19.999
0.759,0.05,19.999
0.76,0.05,19.999
0.761,0.05,19.999
0.762,0.05,19.999
0.763,0.05,19.999
0.764,0.05,19.999
0.765,0.05,19.999
0.766,0.05,19.999
0.767,0.05,19.999
0.768,0.05,19.999
0.769,0.05,19.999
0.77,0.05,19.999
0.771,0.05,19.999
0.772,0.05,19.999
0.773,0.05,19.999
0.774,0.05,19.999
0.775,0.05,19.999
0.776,0.05,19.999
0.777,0.05,19.999
0.778,0.05,19.999
0.779,0.05,19.999
0.78,0.05,19.999
0.781,0.05,19.999
0.782,0.05,19.999
0.783,0.05,19.999
0.784,0.05,19.999
0.785,0.05,19.999
0.786,0.05,19.999
0.787,0.05,19.999
0.788,0.05,19.999
0.789,0.05,19.999
0.79,0.05,19.999
0.791,0.05,19.999
0.792,0.05,19.999
0.793,0.05,19.999
0.794,0.05,19.999
0.795,0.05,19.999
0.796,0.05,19.999
0.797,0.05,19.999
0.798,0.05,19.999
0.799,0.05,19.999
0.8,0.05,19.999
0.801,0.05,19.999
0.802,0.05,19.999
0.803,0.05,19.999
0.804,0.05,19.999
0.805,0.05,19.999
0.806,0.05,19.999
0.807,0.05,19.999
0.808,0.05,19.999
0.809,0.05,19.999
0.81,0.05,19.999
0.811,0.05,19.999
0.812,0.05,19.999
0.813,0.05,19.999
0.814,0.05,19.999
0.815,0.05,19.999
0.816,0.05,19.999
0.817,0.05,19.999
0.818,0.05,19.999
0.819,0.05,19.999
0.82,0.05,19.999
0.821,0.05,19.999
0.822,0.05,19.999
0.823,0.05,19.999
0.824,0.05,19.999
0.825,0.05,19.999
0.826,0.05,19.999
0.827,0.05,19.999
0.828,0.05,19.999
0.829,0.05,19.999
0.83,0.05,19.999
0.831,0.05,19.999
0.832,0.05,19.999
0.833,0.05,19.999
0.834,0.05,19.999
0.835,0.05,19.999
0.836,0.05,19.999
0.837,0.05,19.999
0.838,0.05,19.999
0.839,0.05,19.999
0.84,0.05,19.999
0.841,0.05,19.999
0.842,0.05,19.999
0.843,0.05,19.999
0.844,0.05,19.999
0.845,0.05,19.999
0.846,0.05,19.999
0.847,0.05,19.999
0.848,0.05,19.999
0.849,0.05,19.999
0.85,0.05,19.999
0.851,0.05,19.999
0.852,0.05,19.999
0.853,0.05,19.999
0.854,0.05,19.999
0.855,0.05,19.999
0.856,0.05,19.999
0.857,0.05,19.999
0.858,0.05,19.999
0.859,0.05,19.999
0.86,0.05,19.999
0.861,0.05,19.999
0.862,0.05,19.999
0.863,0.05,19.999
0.864,0.05,19.999
0.865,0.05,19.999
0.866,0.05,19.999
0.867,0.05,19.999
0.868,0.05,19.999
0.869,0.05,19.999
0.87,0.05,19.999
0.871,0.05,19.999
0.872,0.05,19.999
0.873,0.05,19.999
0.874,0.05,19.999
0.875,0.05,19.999
0.876,0.05,19.999
0.877,0.05,19.999
0.878,0.05,19.999
0.879,0.05,19.999
0.88,0.05,19.999
0.881,0.05,19.999
0.882,0.05,19.999
0.883,0.05,19.999
0.884,0.05,19.999
0.885,0.05,19.999
0.886,0.05,19.999
0.887,0.05,19.999
0.888,0.05,19.999
0.889,0.05,19.999
0.89,0.05,19.999
0.891,0.05,19.999
0.892,0.05,19.999
0.893,0.05,19.999
0.894,0.05,19.999
0.895,0.05,19.999
0.896,0.05,19.999
0.897,0.05,19.999
0.898,0.05,19.999
0.899,0.05,19.999
0.9,0.05,19.999
0.901,0.05,19.999
0.902,0.05,19.999
0.903,0.05,19.999
0.904,0.05,19.999
0.905,0.05,19.999
0.906,0.05,19.999
0.907,0.05,19.999
0.908,0.05,19.999
0.909,0.05,19.999
0.91,0.05,19.999
0.911,0.05,19.999
0.912,0.05,19.999
0.913,0.05,19.999
0.914,0.05,19.999
0.915,0.05,19.999
0.916,0.05,19.999
0.917,0.05,19.999
0.918,0.05,19.999
0.919,0.05,19.999
0.92,0.05,19.999
0.921,0.05,19.999
0.922,0.05,19.999
0.923,0.05,19.999
0.924,0.05,19.999
0.925,0.05,19.999
0.926,0.05,19.999
0.927,0.05,19.999
0.928,0.05,19.999
0.929,0.05,19.999
0.93,0.05,19.999
0.931,0.05,19.999
0.932,0.05,19.999
0.933,0.05,19.999
0.934,0.05,19.999
0.935,0.05,19.999
0.936,0.05,19.999
0.937,0.05,19.999
0.938,0.05,19.999
0.939,0.05,19.999
0.94,0.05,19.999
0.941,0.05,19.999
0.942,0.05,19.999
0.943,0.05,19.999
0.944,0.05,19.999
0.945,0.05,19.999
0.946,0.05,19.999
0.947,0.05,19.999
0.948,0.05,19.999
0.949,0.05,19.999
0.95,0.05,19.999
0.951,0.05,19.999
0.952,0.05,19.999
0.953,0.05,19.999
0.954,0.05,19.999
0.955,0.05,19.999
0.956,0.05,19.999
0.957,0.05,19.999
0.958,0.05,19.999
0.959,0.05,19.999
0.96,0.05,19.999
0.961,0.05,19.999
0.962,0.05,19.999
0.963,0.05,19.999
0.964,0.05,19.999
0.965,0.05,19.999
0.966,0.05,19.999
0.967,0.05,19.999
0.968,0.05,19.999
0.969,0.05,19.999
0.97,0.05,19.999
0.971,0.05,19.999
0.972,0.05,19.999
0.973,0.05,19.999
0.974,0.05,19.999
0.975,0.05,19.999
0.976,0.05,19.999
0.977,0.05,19.999
0.978,0.05,19.999
0.979,0.05,19.999
0.98,0.05,19.999
0.981,0.05,19.999
0.982,0.05,19.999
0.983,0.05,19.999
0.984,0.05,19.999
0.985,0.05,19.999
0.986,0.05,19.999
0.987,0.05,19.999
0.988,0.05,19.999
0.989,0.05,19.999
0.99,0.05,19.999
0.991,0.05,19.999
0.992,0.05,19.999
0.993,0.05,19.999
0.994,0.05,19.999
0.995,0.05,19.999
0.996,0.05,19.999
0.997,0.05,19.999
0.998,0.05,19.999
0.999,0.05,19.999
1,0.05,19.999
1.001,0.05,19.999
1.002,0.05,19.999
1.003,0.05,19.999
1.004,0.05,19.999
1.005,0.05,19.999
1.006,0.05,19.999
1.007,0.05,19.999
1.008,0.05,19.999
1.009,0.05,19.999
1.01,0.05,19.999
1.011,0.05,19.999
1.012,0.05,19.999
1.013,0.05,19.999
1.014,0.05,19.999
1.015,0.05,19.999
1.016,0.05,19.999
1.017,0.05,19.999
1.018,0.05,19.999
1.019,0.05,19.999
1.02,0.05,19.999
1.021,0.05,19.999
1.022,0.05,19.999
1.023,0.05,19.999
1.024,0.05,19.999
1.025,0.05,19.999
1.026,0.05,19.999
1.027,0.05,19.999
1.028,0.05,19.999
1.029,0.05,19.999
1.03,0.05,19.999
1.031,0.05,19.999
1.032,0.05,19.999
1.033,0.05,19.999
1.034,0.05,19.999
1.035,0.05,19.999
1.036,0.05,19.999
1.037,0.05,19.999
1.038,0.05,19.999
1.039,0.05,19.999
1.04,0.05,19.999
1.041,0.05,19.999
1.042,0.05,19.999
1.043,0.05,19.999
1.044,0.05,19.999
1.045,0.05,19.999
1.046,0.05,19.999
1.047,0.05,19.999
1.048,0.05,19.999
1.049,0.05,19.999
1.05,0.05,19.999
1.051,0.05,19.999
1.052,0.05,19.999
1.053,0.05,19.999
1.054,0.05,19.999
1.055,0.05,19.999
1.056,0.05,19.999
1.057,0.05,19.999
1.058,0.05,19.999
1.059,0.05,19.999
1.06,0.05,19.999
1.061,0.05,19.999
1.062,0.05,19.999
1.063,0.05,19.999
1.064,0.05,19.999
1.065,0.05,19.999
1.066,0.05,19.999
1.067,0.05,19.999
1.068,0.05,19.999
1.069,0.05,19.999
1.07,0.05,19.999
1.071,0.05,19.999
1.072,0.05,19.999
1.073,0.05,19.999
1.074,0.05,19.999
1.075,0.05,19.999
1.076,0.05,19.999
1.077,0.05,19.999
1.078,0.05,19.999
1.079,0.05,19.999
1.08,0.05,19.999
1.081,0.05,19.999
1.082,0.05,19.999
1.083,0.05,19.999
1.084,0.05,19.999
1.085,0.05,19.999
1.086,0.05,19.999
1.087,0.05,19.999
1.088,0.05,19.999
1.089,0.05,19.999
1.09,0.05,19.999
1.091,0.05,19.999
1.092,0.05,19.999
1.093,0.05,19.999
1.094,0.05,19.999
1.095,0.05,19.999
1.096,0.05,19.999
1.097,0.05,19.999
1.098,0.05,19.999
1.099,0.05,19.999
1.1,0.05,19.999
1.101,0.05,19.999
1.102,0.05,19.999
1.103,0.05,19.999
1.104,0.05,19.999
1.105,0.05,19.999
1.106,0.05,19.999
1.107,0.05,19.999
1.108,0.05,19.999
1.109,0.05,19.999
1.11,0.05,19.999
1.111,0.05,19.999
1.112,0.05,19.999
1.113,0.05,19.999
1.114,0.05,19.999
1.115,0.05,19.999
1.116,0.05,19.999
1.117,0.05,19.999
1.118,0.05,19.999
1.119,0.05,19.999
1.12,0.05,19.999
1.121,0.05,19.999
1.122,0.05,19.999
1.123,0.05,19.999
1.124,0.05,19.999
1.125,0.05,19.999
1.126,0.05,19.999
1.127,0.05,19.999
1.128,0.05,19.999
1.129,0.05,19.999
1.13,0.05,19.999
1.131,0.05,19.999
1.132,0.05,19.999
1.133,0.05,19.999
1.134,0.05,19.999
1.135,0.05,19.999
1.136,0.05,19.999
1.137,0.05,19.999
1.138,0.05,19.999
1.139,0.05,19.999
1.14,0.05,19.999
1.141,0.05,19.999
1.142,0.05,19.999
1.143,0.05,19.999
1.144,0.05,19.999
1.145,0.05,19.999
1.146,0.05,19.999
1.147,0.05,19.999
1.148,0.05,19.999
1.149,0.05,19.999
1.15,0.05,19.999
1.151,0.05,19.999
1.152,0.05,19.999
1.153,0.05,19.999
1.154,0.05,19.999
1.155,0.05,19.999
1.156,0.05,19.999
1.157,0.05,19.999
1.158,0.05,19.999
1.159,0.05,19.999
1.16,0.05,19.999
1.161,0.05,19.999
1.162,0.05,19.999
1.163,0.05,19.999
1.164,0.05,19.999
1.165,0.05,19.999
1.166,0.05,19.999
1.167,0.05,19.999
1.168,0.05,19.999
1.169,0.05,19.999
1.17,0.05,19.999
1.171,0.05,19.999
1.172,0.05,19.999
1.173,0.05,19.999
1.174,0.05,19.999
1.175,0.05,19.999
1.176,0.05,19.999
1.177,0.05,19.999
1.178,0.05,19.999
1.179,0.05,19.999
1.18,0.05,19.999
1.181,0.05,19.999
1.182,0.05,19.999
1.183,0.05,19.999
1.184,0.05,19.999
1.185,0.05,19.999
1.186,0.05,19.999
1.187,0.05,19.999
1.188,0.05,19.999
1.189,0.05,19.999
1.19,0.05,19.999
1.191,0.05,19.999
1.192,0.05,19.999
1.193,0.05,19.999
1.194,0.05,19.999
1.195,0.05,19.999
1.196,0.05,19.999
1.197,0.05,19.999
1.198,0.05,19.999
1.199,0.05,19.999
1.2,0.05,19.999
1.201,0.05,19.999
1.202,0.05,19.999
1.203,0.05,19.999
1.204,0.05,19.999
1.205,0.05,19.999
1.206,0.05,19.999
1.207,0.05,19.999
1.208,0.05,19.999
1.209,0.05,19.999
1.21,0.05,19.999
1.211,0.05,19.999
1.212,0.05,19.999
1.213,0.05,19.999
1.214,0.05,19.999
1.215,0.05,19.999
1.216,0.05,19.999
1.217,0.05,19.999
1.218,0.05,19.999
1.219,0.05,19.999
1.22,0.05,19.999
1.221,0.05,19.999
1.222,0.05,19.999
1.223,0.05,19.999
1.224,0.05,19.999
1.225,0.05,19.999
1.226,0.05,19.999
1.227,0.05,19.999
1.228,0.05,19.999
1.229,0.05,19.999
1.23,0.05,19.999
1.231,0.05,19.999
1.232,0.05,19.999
1.233,0.05,19.999
1.234,0.05,19.999
1.235,0.05,19.999
1.236,0.05,19.999
1.237,0.05,19.999
1.238,0.05,19.999
1.239,0.05,19.999
1.24,0.05,19.999
1.241,0.05,19.999
1.242,0.05,19.999
1.243,0.05,19.999
1.244,0.05,19.999
1.245,0.05,19.999
1.246,0.05,19.999
1.247,0.05,19.999
1.248,0.05,19.999
1.249,0.05,19.999
1.25,0.05,19.999
1.251,0.05,19.999
1.252,0.05,19.999
1.253,0.05,19.999
1.254,0.05,19.999
1.255,0.05,19.999
1.256,0.05,19.999
1.257,0.05,19.999
1.258,0.05,19.999
1.259,0.05,19.999
1.26,0.05,19.999
1.261,0.05,19.999
1.262,0.05,19.999
1.263,0.05,19.999
1.264,0.05,19.999
1.265,0.05,19.999
1.266,0.05,19.999
1.267,0.05,19.999
1.268,0.05,19.999
1.269,0.05,19.999
1.27,0.05,19.999
1.271,0.05,19.999
1.272,0.05,19.999
1.273,0.05,19.999
1.274,0.05,19.999
1.275,0.05,19.999
1.276,0.05,19.999
1.277,0.05,19.999
1.278,0.05,19.999
1.279,0.05,19.999
1.28,0.05,19.999
1.281,0.05,19.999
1.282,0.05,19.999
1.283,0.05,19.999
1.284,0.05,19.999
1.285,0.05,19.999
1.286,0.05,19.999
1.287,0.05,19.999
1.288,0.05,19.999
1.289,0.05,19.999
1.29,0.05,19.999
1.291,0.05,19.999
1.292,0.05,19.999
1.293,0.05,19.999
1.294,0.05,19.999
1.295,0.05,19.999
1.296,0.05,19.999
1.297,0.05,19.999
1.298,0.05,19.999
1.299,0.05,19.999
1.3,0.05,19.999
1.301,0.05,19.999
1.302,0.05,19.999
1.303,0.05,19.999
1.304,0.05,19.999
1.305,0.05,19.999
1.306,0.05,19.999
1.307,0.05,19.999
1.308,0.05,19.999
1.309,0.05,19.999
1.31,0.05,19.999
1.311,0.05,19.999
1.312,0.05,19.999
1.313,0.05,19.999
1.314,0.05,19.999
1.315,0.05,19.999
1.316,0.05,19.999
1.317,0.05,19.999
1.318,0.05,19.999
1.319,0.05,19.999
1.32,0.05,19.999
1.321,0.05,19.999
1.322,0.05,19.999
1.323,0.05,19.999
1.324,0.05,19.999
1.325,0.05,19.999
1.326,0.05,19.999
1.327,0.05,19.999
1.328,0.05,19.999
1.329,0.05,19.999
1.33,0.05,19.999
1.331,0.05,19.999
1.332,0.05,19.999
1.333,0.05,19.999
1.334,0.05,19.999
1.335,0.05,19.999
1.336,0.05,19.999
1.337,0.05,19.999
1.338,0.05,19.999
1.339,0.05,19.999
1.34,0.05,19.999
1.341,0.05,19.999
1.342,0.05,19.999
1.343,0.05,19.999
1.344,0.05,19.999
1.345,0.05,19.999
1.346,0.05,19.999
1.347,0.05,19.999
1.348,0.05,19.999
1.349,0.05,19.999
1.35,0.05,19.999
1.351,0.05,19.999
1.352,0.05,19.999
1.353,0.05,19.999
1.354,0.05,19.999
1.355,0.05,19.999
1.356,0.05,19.999
1.357,0.05,19.999
1.358,0.05,19.999
1.359,0.05,19.999
1.36,0.05,19.999
1.361,0.05,19.999
1.362,0.05,19.999
1.363,0.05,19.999
1.364,0.05,19.999
1.365,0.05,19.999
1.366,0.05,19.999
1.367,0.05,19.999
1.368,0.05,19.999
1.369,0.05,19.999
1.37,0.05,19.999
1.371,0.05,19.999
1.372,0.05,19.999
1.373,0.05,19.999
1.374,0.05,19.999
1.375,0.05,19.999
1.376,0.05,19.999
1.377,0.05,19.999
1.378,0.05,19.999
1.379,0.05,19.999
1.38,0.05,19.999
1.381,0.05,19.999
1.382,0.05,19.999
1.383,0.05,19.999
1.384,0.05,19.999
1.385,0.05,19.999
1.386,0.05,19.999
1.387,0.05,19.999
1.388,0.05,19.999
1.389,0.05,19.999
1.39,0.05,19.999
1.391,0.05,19.999
1.392,0.05,19.999
1.393,0.05,19.999
1.394,0.05,19.999
1.395,0.05,19.999
1.396,0.05,19.999
1.397,0.05,19.999
1.398,0.05,19.999
1.399,0.05,19.999
1.4,0.05,19.999
1.401,0.05,19.999
1.402,0.05,19.999
1.403,0.05,19.999
1.404,0.05,19.999
1.405,0.05,19.999
1.406,0.05,19.999
1.407,0.05,19.999
1.408,0.05,19.999
1.409,0.05,19.999
1.41,0.05,19.999
1.411,0.05,19.999
1.412,0.05,19.999
1.413,0.05,19.999
1.414,0.05,19.999
1.415,0.05,19.999
1.416,0.05,19.999
1.417,0.05,19.999
1.418,0.05,19.999
1.419,0.05,19.999
1.42,0.05,19.999
1.421,0.05,19.999
1.422,0.05,19.999
1.423,0.05,19.999
1.424,0.05,19.999
1.425,0.05,19.999
1.426,0.05,19.999
1.427,0.05,19.999
1.428,0.05,19.999
1.429,0.05,19.999
1.43,0.05,19.999
1.431,0.05,19.999
1.432,0.05,19.999
1.433,0.05,19.999
1.434,0.05,19.999
1.435,0.05,19.999
1.436,0.05,19.999
1.437,0.05,19.999
1.438,0.05,19.999
1.439,0.05,19.999
1.44,0.05,19.999
1.441,0.05,19.999
1.442,0.05,19.999
1.443,0.05,19.999
1.444,0.05,19.999
1.445,0.05,19.999
1.446,0.05,19.999
1.447,0.05,19.999
1.448,0.05,19.999
1.449,0.05,19.999
1.45,0.05,19.999
1.451,0.05,19.999
1.452,0.05,19.999
1.453,0.05,19.999
1.454,0.05,19.999
1.455,0.05,19.999
1.456,0.05,19.999
1.457,0.05,19.999
1.458,0.05,19.999
1.459,0.05,19.999
1.46,0.05,19.999
1.461,0.05,19.999
1.462,0.05,19.999
1.463,0.05,19.999
1.464,0.05,19.999
1.465,0.05,19.999
1.466,0.05,19.999
1.467,0.05,19.999
1.468,0.05,19.999
1.469,0.05,19.999
1.47,0.05,19.999
1.471,0.05,19.999
1.472,0.05,19.999
1.473,0.05,19.999
1.474,0.05,19.999
1.475,0.05,19.999
1.476,0.05,19.999
1.477,0.05,19.999
1.478,0.05,19.999
1.479,0.05,19.999
1.48,0.05,19.999
1.481,0.05,19.999
1.482,0.05,19.999
1.483,0.05,19.999
1.484,0.05,19.999
1.485,0.05,19.999
1.486,0.05,19.999
1.487,0.05,19.999
1.488,0.05,19.999
1.489,0.05,19.999
1.49,0.05,19.999
1.491,0.05,19.999
1.492,0.05,19.999
1.493,0.05,19.999
1.494,0.05,19.999
1.495,0.05,19.999
1.496,0.05,19.999
1.497,0.05,19.999
1.498,0.05,19.999
1.499,0.05,19.999
1.5,0.05,19.999
1.501,0.05,19.999
1.502,0.05,19.999
1.503,0.05,19.999
1.504,0.05,19.999
1.505,0.05,19.999
1.506,0.05,19.999
1.507,0.05,19.999
1.508,0.05,19.999
1.509,0.05,19.999
1.51,0.05,19.999
1.511,0.05,19.999
1.512,0.05,19.999
1.513,0.05,19.999
1.514,0.05,19.999
1.515,0.05,19.999
1.516,0.05,19.999
1.517,0.05,19.999
1.518,0.05,19.999
1.519,0.05,19.999
1.52,0.05,19.999
1.521,0.05,19.999
1.522,0.05,19.999
1.523,0.05,19.999
1.524,0.05,19.999
1.525,0.05,19.999
1.526,0.05,19.999
1.527,0.05,19.999
1.528,0.05,19.999
1.529,0.05,19.999
1.53,0.05,19.999
1.531,0.05,19.999
1.532,0.05,19.999
1.533,0.05,19.999
1.534,0.05,19.999
1.535,0.05,19.999
1.536,0.05,19.999
1.537,0.05,19.999
1.538,0.05,19.999
1.539,0.05,19.999
1.54,0.05,19.999
1.541,0.05,19.999
1.542,0.05,19.999
1.543,0.05,19.999
1.544,0.05,19.999
1.545,0.05,19.999
1.546,0.05,19.999
1.547,0.05,19.999
1.548,0.05,19.999
1.549,0.05,19.999
1.55,0.05,19.999
1.551,0.05,19.999
1.552,0.05,19.999
1.553,0.05,19.999
1.554,0.05,19.999
1.555,0.05,19.999
1.556,0.05,19.999
1.557,0.05,19.999
1.558,0.05,19.999
1.559,0.05,19.999
1.56,0.05,19.999
1.561,0.05,19.999
1.562,0.05,19.999
1.563,0.05,19.999
1.564,0.05,19.999
1.565,0.05,19.999
1.566,0.05,19.999
1.567,0.05,19.999
1.568,0.05,19.999
1.569,0.05,19.999
1.57,0.05,19.999
1.571,0.05,19.999
1.572,0.05,19.999
1.573,0.05,19.999
1.574,0.05,19.999
1.575,0.05,19.999
1.576,0.05,19.999
1.577,0.05,19.999
1.578,0.05,19.999
1.579,0.05,19.999
1.58,0.05,19.999
1.581,0.05,19.999
1.582,0.05,19.999
1.583,0.05,19.999
1.584,0.05,19.999
1.585,0.05,19.999
1.586,0.05,19.999
1.587,0.05,19.999
1.588,0.05,19.999
1.589,0.05,19.999
1.59,0.05,19.999
1.591,0.05,19.999
1.592,0.05,19.999
1.593,0.05,19.999
1.594,0.05,19.999
1.595,0.05,19.999
1.596,0.05,19.999
1.597,0.05,19.999
1.598,0.05,19.999
1.599,0.05,19.999
1.6,0.05,19.999
1.601,0.05,19.999
1.602,0.05,19.999
1.603,0.05,19.999
1.604,0.05,19.999
1.605,0.05,19.999
1.606,0.05,19.999
1.607,0.05,19.999
1.608,0.05,19.999
1.609,0.05,19.999
1.61,0.05,19.999
1.611,0.05,19.999
1.612,0.05,19.999
1.613,0.05,19.999
1.614,0.05,19.999
1.615,0.05,19.999
1.616,0.05,19.999
1.617,0.05,19.999
1.618,0.05,19.999
1.619,0.05,19.999
1.62,0.05,19.999
1.621,0.05,19.999
1.622,0.05,19.999
1.623,0.05,19.999
1.624,0.05,19.999
1.625,0.05,19.999
1.626,0.05,19.999
1.627,0.05,19.999
1.628,0.05,19.999
1.629,0.05,19.999
1.63,0.05,19.999
1.631,0.05,19.999
1.632,0.05,19.999
1.633,0.05,19.999
1.634,0.05,19.999
1.635,0.05,19.999
1.636,0.05,19.999
1.637,0.05,19.999
1.638,0.05,19.999
1.639,0.05,19.999
1.64,0.05,19.999
1.641,0.05,19.999
1.642,0.05,19.999
1.643,0.05,19.999
1.644,0.05,19.999
1.645,0.05,19.999
1.646,0.05,19.999
1.647,0.05,19.999
1.648,0.05,19.999
1.649,0.05,19.999
1.65,0.05,19.999
1.651,0.05,19.999
1.652,0.05,19.999
1.653,0.05,19.999
1.654,0.05,19.999
1.655,0.05,19.999
1.656,0.05,19.999
1.657,0.05,19.999
1.658,0.05,19.999
1.659,0.05,19.999
1.66,0.05,19.999
1.661,0.05,19.999
1.662,0.05,19.999
1.663,0.05,19.999
1.664,0.05,19.999
1.665,0.05,19.999
1.666,0.05,19.999
1.667,0.05,19.999
1.668,0.05,19.999
1.669,0.05,19.999
1.67,0.05,19.999
1.671,0.05,19.999
1.672,0.05,19.999
1.673,0.05,19.999
1.674,0.05,19.999
1.675,0.05,19.999
1.676,0.05,19.999
1.677,0.05,19.999
1.678,0.05,19.999
1.679,0.05,19.999
1.68,0.05,19.999
1.681,0.05,19.999
1.682,0.05,19.999
1.683,0.05,19.999
1.684,0.05,19.999
1.685,0.05,19.999
1.686,0.05,19.999
1.687,0.05,19.999
1.688,0.05,19.999
1.689,0.05,19.999
1.69,0.05,19.999
1.691,0.05,19.999
1.692,0.05,19.999
1.693,0.05,19.999
1.694,0.05,19.999
1.695,0.05,19.999
1.696,0.05,19.999
1.697,0.05,19.999
1.698,0.05,19.999
1.699,0.05,19.999
1.7,0.05,19.999
1.701,0.05,19.999
1.702,0.05,19.999
1.703,0.05,19.999
1.704,0.05,19.999
1.705,0.05,19.999
1.706,0.05,19.999
1.707,0.05,19.999
1.708,0.05,19.999
1.709,0.05,19.999
1.71,0.05,19.999
1.711,0.05,19.999
1.712,0.05,19.999
1.713,0.05,19.999
1.714,0.05,19.999
1.715,0.05,19.999
1.716,0.05,19.999
1.717,0.05,19.999
1.718,0.05,19.999
1.719,0.05,19.999
1.72,0.05,19.999
1.721,0.05,19.999
1.722,0.05,19.999
1.723,0.05,19.999
1.724,0.05,19.999
1.725,0.05,19.999
1.726,0.05,19.999
1.727,0.05,19.999
1.728,0.05,19.999
1.729,0.05,19.999
1.73,0.05,19.999
1.731,0.05,19.999
1.732,0.05,19.999
1.733,0.05,19.999
1.734,0.05,19.999
1.735,0.05,19.999
1.736,0.05,19.999
1.737,0.05,19.999
1.738,0.05,19.999
1.739,0.05,19.999
1.74,0.05,19.999
1.741,0.05,19.999
1.742,0.05,19.999
1.743,0.05,19.999
1.744,0.05,19.999
1.745,0.05,19.999
1.746,0.05,19.999
1.747,0.05,19.999
1.748,0.05,19.999
1.749,0.05,19.999
1.75,0.05,19.999
1.751,0.05,19.999
1.752,0.05,19.999
1.753,0.05,19.999
1.754,0.05,19.999
1.755,0.05,19.999
1.756,0.05,19.999
1.757,0.05,19.999
1.758,0.05,19.999
1.759,0.05,19.999
1.76,0.05,19.999
1.761,0.05,19.999
1.762,0.05,19.999
1.763,0.05,19.999
1.764,0.05,19.999
1.765,0.05,19.999
1.766,0.05,19.999
1.767,0.05,19.999
1.768,0.05,19.999
1.769,0.05,19.999
1.77,0.05,19.999
1.771,0.05,19.999
1.772,0.05,19.999
1.773,0.05,19.999
1.774,0.05,19.999
1.775,0.05,19.999
1.776,0.05,19.999
1.777,0.05,19.999
1.778,0.05,19.999
1.779,0.05,19.999
1.78,0.05,19.999
1.781,0.05,19.999
1.782,0.05,19.999
1.783,0.05,19.999
1.784,0.05,19.999
1.785,0.05,19.999
1.786,0.05,19.999
1.787,0.05,19.999
1.788,0.05,19.999
1.789,0.05,19.999
1.79,0.05,19.999
1.791,0.05,19.999
1.792,0.05,19.999
1.793,0.05,19.999
1.794,0.05,19.999
1.795,0.05,19.999
1.796,0.05,19.999
1.797,0.05,19.999
1.798,0.05,19.999
1.799,0.05,19.999
1.8,0.05,19.999
1.801,0.05,19.999
1.802,0.05,19.999
1.803,0.05,19.999
1.804,0.05,19.999
1.805,0.05,19.999
1.806,0.05,19.999
1.807,0.05,19.999
1.808,0.05,19.999
1.809,0.05,19.999
1.81,0.05,19.999
1.811,0.05,19.999
1.812,0.05,19.999
1.813,0.05,19.999
1.814,0.05,19.999
1.815,0.05,19.999
1.816,0.05,19.999
1.817,0.05,19.999
1.818,0.05,19.999
1.819,0.05,19.999
1.82,0.05,19.999
1.821,0.05,19.999
1.822,0.05,19.999
1.823,0.05,19.999
1.824,0.05,19.999
1.825,0.05,19.999
1.826,0.05,19.999
1.827,0.05,19.999
1.828,0.05,19.999
1.829,0.05,19.999
1.83,0.05,19.999
1.831,0.05,19.999
1.832,0.05,19.999
1.833,0.05,19.999
1.834,0.05,19.999
1.835,0.05,19.999
1.836,0.05,19.999
1.837,0.05,19.999
1.838,0.05,19.999
1.839,0.05,19.999
1.84,0.05,19.999
1.841,0.05,19.999
1.842,0.05,19.999
1.843,0.05,19.999
1.844,0.05,19.999
1.845,0.05,19.999
1.846,0.05,19.999
1.847,0.05,19.999
1.848,0.05,19.999
1.849,0.05,19.999
1.85,0.05,19.999
1.851,0.05,19.999
1.852,0.05,19.999
1.853,0.05,19.999
1.854,0.05,19.999
1.855,0.05,19.999
1.856,0.05,19.999
1.857,0.05,19.999
1.858,0.05,19.999
1.859,0.05,19.999
1.86,0.05,19.999
1.861,0.05,19.999
1.862,0.05,19.999
1.863,0.05,19.999
1.864,0.05,19.999
1.865,0.05,19.999
1.866,0.05,19.999
1.867,0.05,19.999
1.868,0.05,19.999
1.869,0.05,19.999
1.87,0.05,19.999
1.871,0.05,19.999
1.872,0.05,19.999
1.873,0.05,19.999
1.874,0.05,19.999
1.875,0.05,19.999
1.876,0.05,19.999
1.877,0.05,19.999
1.878,0.05,19.999
1.879,0.05,19.999
1.88,0.05,19.999
1.881,0.05,19.999
1.882,0.05,19.999
1.883,0.05,19.999
1.884,0.05,19.999
1.885,0.05,19.999
1.886,0.05,19.999
1.887,0.05,19.999
1.888,0.05,19.999
1.889,0.05,19.999
1.89,0.05,19.999
1.891,0.05,19.999
1.892,0.05,19.999
1.893,0.05,19.999
1.894,0.05,19.999
1.895,0.05,19.999
1.896,0.05,19.999
1.897,0.05,19.999
1.898,0.05,19.999
1.899,0.05,19.999
1.9,0.05,19.999
1.901,0.05,19.999
1.902,0.05,19.999
1.903,0.05,19.999
1.904,0.05,19.999
1.905,0.05,19.999
1.906,0.05,19.999
1.907,0.05,19.999
1.908,0.05,19.999
1.909,0.05,19.999
1.91,0.05,19.999
1.911,0.05,19.999
1.912,0.05,19.999
1.913,0.05,19.999
1.914,0.05,19.999
1.915,0.05,19.999
1.916,0.05,19.999
1.917,0.05,19.999
1.918,0.05,19.999
1.919,0.05,19.999
1.92,0.05,19.999
1.921,0.05,19.999
1.922,0.05,19.999
1.923,0.05,19.999
1.924,0.05,19.999
1.925,0.05,19.999
1.926,0.05,19.999
1.927,0.05,19.999
1.928,0.05,19.999
1.929,0.05,19.999
1.93,0.05,19.999
1.931,0.05,19.999
1.932,0.05,19.999
1.933,0.05,19.999
1.934,0.05,19.999
1.935,0.05,19.999
1.936,0.05,19.999
1.937,0.05,19.999
1.938,0.05,19.999
1.939,0.05,19.999
1.94,0.05,19.999
1.941,0.05,19.999
1.942,0.05,19.999
1.943,0.05,19.999
1.944,0.05,19.999
1.945,0.05,19.999
1.946,0.05,19.999
1.947,0.05,19.999
1.948,0.05,19.999
1.949,0.05,19.999
1.95,0.05,19.999
1.951,0.05,19.999
1.952,0.05,19.999
1.953,0.05,19.999
1.954,0.05,19.999
1.955,0.05,19.999
1.956,0.05,19.999
1.957,0.05,19.999
1.958,0.05,19.999
1.959,0.05,19.999
1.96,0.05,19.999
1.961,0.05,19.999
1.962,0.05,19.999
1.963,0.05,19.999
1.964,0.05,19.999
1.965,0.05,19.999
1.966,0.05,19.999
1.967,0.05,19.999
1.968,0.05,19.999
1.969,0.05,19.999
1.97,0.05,19.999
1.971,0.05,19.999
1.972,0.05,19.999
1.973,0.05,19.999
1.974,0.05,19.999
1.975,0.05,19.999
1.976,0.05,19.999
1.977,0.05,19.999
1.978,0.05,19.999
1.979,0.05,19.999
1.98,0.05,19.999
1.981,0.05,19.999
1.982,0.05,19.999
1.983,0.05,19.999
1.984,0.05,19.999
1.985,0.05,19.999
1.986,0.05,19.999
1.987,0.05,19.999
1.988,0.05,19.999
1.989,0.05,19.999
1.99,0.05,19.999
1.991,0.05,19.999
1.992,0.05,19.999
1.993,0.05,19.999
1.994,0.05,19.999
1.995,0.05,19.999
1.996,0.05,19.999
1.997,0.05,19.999
1.998,0.05,19.999
1.999,0.05,19.999
2,0.05,19.999
2.001,0.05,19.999
2.002,0.05,19.999
2.003,0.05,19.999
2.004,0.05,19.999
2.005,0.05,19.999
2.006,0.05,19.999
2.007,0.05,19.999
2.008,0.05,19.999
2.009,0.05,19.999
2.01,0.05,19.999
2.011,0.05,19.999
2.012,0.05,19.999
2.013,0.05,19.999
2.014,0.05,19.999
2.015,0.05,19.999
2.016,0.05,19.999
2.017,0.05,19.999
2.018,0.05,19.999
2.019,0.05,19.999
2.02,0.05,19.999
2.021,0.05,19.999
2.022,0.05,19.999
2.023,0.05,19.999
2.024,0.05,19.999
2.025,0.05,19.999
2.026,0.05,19.999
2.027,0.05,19.999
2.028,0.05,19.999
2.029,0.05,19.999
2.03,0.05,19.999
2.031,0.05,19.999
2.032,0.05,19.999
2.033,0.05,19.999
2.034,0.05,19.999
2.035,0.05,19.999
2.036,0.05,19.999
2.037,0.05,19.999
2.038,0.05,19.999
2.039,0.05,19.999
2.04,0.05,19.999
2.041,0.05,19.999
2.042,0.05,19.999
2.043,0.05,19.999
2.044,0.05,19.999
2.045,0.05,19.999
2.046,0.05,19.999
2.047,0.05,19.999
2.048,0.05,19.999
2.049,0.05,19.999
2.05,0.05,19.999
2.051,0.05,19.999
2.052,0.05,19.999
2.053,0.05,19.999
2.054,0.05,19.999
2.055,0.05,19.999
2.056,0.05,19.999
2.057,0.05,19.999
2.058,0.05,19.999
2.059,0.05,19.999
2.06,0.05,19.999
2.061,0.05,19.999
2.062,0.05,19.999
2.063,0.05,19.999
2.064,0.05,19.999
2.065,0.05,19.999
2.066,0.05,19.999
2.067,0.05,19.999
2.068,0.05,19.999
2.069,0.05,19.999
2.07,0.05,19.999
2.071,0.05,19.999
2.072,0.05,19.999
2.073,0.05,19.999
2.074,0.05,19.999
2.075,0.05,19.999
2.076,0.05,19.999
2.077,0.05,19.999
2.078,0.05,19.999
2.079,0.05,19.999
2.08,0.05,19.999
2.081,0.05,19.999
2.082,0.05,19.999
2.083,0.05,19.999
2.084,0.05,19.999
2.085,0.05,19.999
2.086,0.05,19.999
2.087,0.05,19.999
2.088,0.05,19.999
2.089,0.05,19.999
2.09,0.05,19.999
2.091,0.05,19.999
2.092,0.05,19.999
2.093,0.05,19.999
2.094,0.05,19.999
2.095,0.05,19.999
2.096,0.05,19.999
2.097,0.05,19.999
2.098,0.05,19.999
2.099,0.05,19.999
2.1,0.05,19.999
2.101,0.05,19.999
2.102,0.05,19.999
2.103,0.05,19.999
2.104,0.05,19.999
2.105,0.05,19.999
2.106,0.05,19.999
2.107,0.05,19.999
2.108,0.05,19.999
2.109,0.05,19.999
2.11,0.05,19.999
2.111,0.05,19.999
2.112,0.05,19.999
2.113,0.05,19.999
2.114,0.05,19.999
2.115,0.05,19.999
2.116,0.05,19.999
2.117,0.05,19.999
2.118,0.05,19.999
2.119,0.05,19.999
2.12,0.05,19.999
2.121,0.05,19.999
2.122,0.05,19.999
2.123,0.05,19.999
2.124,0.05,19.999
2.125,0.05,19.999
2.126,0.05,19.999
2.127,0.05,19.999
2.128,0.05,19.999
2.129,0.05,19.999
2.13,0.05,19.999
2.131,0.05,19.999
2.132,0.05,19.999
2.133,0.05,19.999
2.134,0.05,19.999
2.135,0.05,19.999
2.136,0.05,19.999
2.137,0.05,19.999
2.138,0.05,19.999
2.139,0.05,19.999
2.14,0.05,19.999
2.141,0.05,19.999
2.142,0.05,19.999
2.143,0.05,19.999
2.144,0.05,19.999
2.145,0.05,19.999
2.146,0.05,19.999
2.147,0.05,19.999
2.148,0.05,19.999
2.149,0.05,19.999
2.15,0.05,19.999
2.151,0.05,19.999
2.152,0.05,19.999
2.153,0.05,19.999
2.154,0.05,19.999
2.155,0.05,19.999
2.156,0.05,19.999
2.157,0.05,19.999
2.158,0.05,19.999
2.159,0.05,19.999
2.16,0.05,19.999
2.161,0.05,19.999
2.162,0.05,19.999
2.163,0.05,19.999
2.164,0.05,19.999
2.165,0.05,19.999
2.166,0.05,19.999
2.167,0.05,19.999
2.168,0.05,19.999
2.169,0.05,19.999
2.17,0.05,19.999
2.171,0.05,19.999
2.172,0.05,19.999
2.173,0.05,19.999
2.174,0.05,19.999
2.175,0.05,19.999
2.176,0.05,19.999
2.177,0.05,19.999
2.178,0.05,19.999
2.179,0.05,19.999
2.18,0.05,19.999
2.181,0.05,19.999
2.182,0.05,19.999
2.183,0.05,19.999
2.184,0.05,19.999
2.185,0.05,19.999
2.186,0.05,19.999
2.187,0.05,19.999
2.188,0.05,19.999
2.189,0.05,19.999
2.19,0.05,19.999
2.191,0.05,19.999
2.192,0.05,19.999
2.193,0.05,19.999
2.194,0.05,19.999
2.195,0.05,19.999
2.196,0.05,19.999
2.197,0.05,19.999
2.198,0.05,19.999
2.199,0.05,19.999
2.2,0.05,19.999
2.201,0.05,19.999
2.202,0.05,19.999
2.203,0.05,19.999
2.204,0.05,19.999
2.205,0.05,19.999
2.206,0.05,19.999
2.207,0.05,19.999
2.208,0.05,19.999
2.209,0.05,19.999
2.21,0.05,19.999
2.211,0.05,19.999
2.212,0.05,19.999
2.213,0.05,19.999
2.214,0.05,19.999
2.215,0.05,19.999
2.216,0.05,19.999
2.217,0.05,19.999
2.218,0.05,19.999
2.219,0.05,19.999
2.22,0.05,19.999
2.221,0.05,19.999
2.222,0.05,19.999
2.223,0.05,19.999
2.224,0.05,19.999
2.225,0.05,19.999
2.226,0.05,19.999
2.227,0.05,19.999
2.228,0.05,19.999
2.229,0.05,19.999
2.23,0.05,19.999
2.231,0.05,19.999
2.232,0.05,19.999
2.233,0.05,19.999
2.234,0.05,19.999
2.235,0.05,19.999
2.236,0.05,19.999
2.237,0.05,19.999
2.238,0.05,19.999
2.239,0.05,19.999
2.24,0.05,19.999
2.241,0.05,19.999
2.242,0.05,19.999
2.243,0.05,19.999
2.244,0.05,19.999
2.245,0.05,19.999
2.246,0.05,19.999
2.247,0.05,19.999
2.248,0.05,19.999
2.249,0.05,19.999
2.25,0.05,19.999
2.251,0.05,19.999
2.252,0.05,19.999
2.253,0.05,19.999
2.254,0.05,19.999
2.255,0.05,19.999
2.256,0.05,19.999
2.257,0.05,19.999
2.258,0.05,19.999
2.259,0.05,19.999
2.26,0.05,19.999
2.261,0.05,19.999
2.262,0.05,19.999
2.263,0.05,19.999
2.264,0.05,19.999
2.265,0.05,19.999
2.266,0.05,19.999
2.267,0.05,19.999
2.268,0.05,19.999
2.269,0.05,19.999
2.27,0.05,19.999
2.271,0.05,19.999
2.272,0.05,19.999
2.273,0.05,19.999
2.274,0.05,19.999
2.275,0.05,19.999
2.276,0.05,19.999
2.277,0.05,19.999
2.278,0.05,19.999
2.279,0.05,19.999
2.28,0.05,19.999
2.281,0.05,19.999
2.282,0.05,19.999
2.283,0.05,19.999
2.284,0.05,19.999
2.285,0.05,19.999
2.286,0.05,19.999
2.287,0.05,19.999
2.288,0.05,19.999
2.289,0.05,19.999
2.29,0.05,19.999
2.291,0.05,19.999
2.292,0.05,19.999
2.293,0.05,19.999
2.294,0.05,19.999
2.295,0.05,19.999
2.296,0.05,19.999
2.297,0.05,19.999
2.298,0.05,19.999
2.299,0.05,19.999
2.3,0.05,19.999
2.301,0.05,19.999
2.302,0.05,19.999
2.303,0.05,19.999
2.304,0.05,19.999
2.305,0.05,19.999
2.306,0.05,19.999
2.307,0.05,19.999
2.308,0.05,19.999
2.309,0.05,19.999
2.31,0.05,19.999
2.311,0.05,19.999
2.312,0.05,19.999
2.313,0.05,19.999
2.314,0.05,19.999
2.315,0.05,19.999
2.316,0.05,19.999
2.317,0.05,19.999
2.318,0.05,19.999
2.319,0.05,19.999
2.32,0.05,19.999
2.321,0.05,19.999
2.322,0.05,19.999
2.323,0.05,19.999
2.324,0.05,19.999
2.325,0.05,19.999
2.326,0.05,19.999
2.327,0.05,19.999
2.328,0.05,19.999
2.329,0.05,19.999
2.33,0.05,19.999
2.331,0.05,19.999
2.332,0.05,19.999
2.333,0.05,19.999
2.334,0.05,19.999
2.335,0.05,19.999
2.336,0.05,19.999
2.337,0.05,19.999
2.338,0.05,19.999
2.339,0.05,19.999
2.34,0.05,19.999
2.341,0.05,19.999
2.342,0.05,19.999
2.343,0.05,19.999
2.344,0.05,19.999
2.345,0.05,19.999
2.346,0.05,19.999
2.347,0.05,19.999
2.348,0.05,19.999
2.349,0.05,19.999
2.35,0.05,19.999
2.351,0.05,19.999
2.352,0.05,19.999
2.353,0.05,19.999
2.354,0.05,19.999
2.355,0.05,19.999
2.356,0.05,19.999
2.357,0.05,19.999
2.358,0.05,19.999
2.359,0.05,19.999
2.36,0.05,19.999
2.361,0.05,19.999
2.362,0.05,19.999
2.363,0.05,19.999
2.364,0.05,19.999
2.365,0.05,19.999
2.366,0.05,19.999
2.367,0.05,19.999
2.368,0.05,19.999
2.369,0.05,19.999
2.37,0.05,19.999
2.371,0.05,19.999
2.372,0.05,19.999
2.373,0.05,19.999
2.374,0.05,19.999
2.375,0.05,19.999
2.376,0.05,19.999
2.377,0.05,19.999
2.378,0.05,19.999
2.379,0.05,19.999
2.38,0.05,19.999
2.381,0.05,19.999
2.382,0.05,19.999
2.383,0.05,19.999
2.384,0.05,19.999
2.385,0.05,19.999
2.386,0.05,19.999
2.387,0.05,19.999
2.388,0.05,19.999
2.389,0.05,19.999
2.39,0.05,19.999
2.391,0.05,19.999
2.392,0.05,19.999
2.393,0.05,19.999
2.394,0.05,19.999
2.395,0.05,19.999
2.396,0.05,19.999
2.397,0.05,19.999
2.398,0.05,19.999
2.399,0.05,19.999
2.4,0.05,19.999
2.401,0.05,19.999
2.402,0.05,19.999
2.403,0.05,19.999
2.404,0.05,19.999
2.405,0.05,19.999
2.406,0.05,19.999
2.407,0.05,19.999
2.408,0.05,19.999
2.409,0.05,19.999
2.41,0.05,19.999
2.411,0.05,19.999
2.412,0.05,19.999
2.413,0.05,19.999
2.414,0.05,19.999
2.415,0.05,19.999
2.416,0.05,19.999
2.417,0.05,19.999
2.418,0.05,19.999
2.419,0.05,19.999
2.42,0.05,19.999
2.421,0.05,19.999
2.422,0.05,19.999
2.423,0.05,19.999
2.424,0.05,19.999
2.425,0.05,19.999
2.426,0.05,19.999
2.427,0.05,19.999
2.428,0.05,19.999
2.429,0.05,19.999
2.43,0.05,19.999
2.431,0.05,19.999
2.432,0.05,19.999
2.433,0.05,19.999
2.434,0.05,19.999
2.435,0.05,19.999
2.436,0.05,19.999
2.437,0.05,19.999
2.438,0.05,19.999
2.439,0.05,19.999
2.44,0.05,19.999
2.441,0.05,19.999
2.442,0.05,19.999
2.443,0.05,19.999
2.444,0.05,19.999
2.445,0.05,19.999
2.446,0.05,19.999
2.447,0.05,19.999
2.448,0.05,19.999
2.449,0.05,19.999
2.45,0.05,19.999
2.451,0.05,19.999
2.452,0.05,19.999
2.453,0.05,19.999
2.454,0.05,19.999
2.455,0.05,19.999
2.456,0.05,19.999
2.457,0.05,19.999
2.458,0.05,19.999
2.459,0.05,19.999
2.46,0.05,19.999
2.461,0.05,19.999
2.462,0.05,19.999
2.463,0.05,19.999
2.464,0.05,19.999
2.465,0.05,19.999
2.466,0.05,19.999
2.467,0.05,19.999
2.468,0.05,19.999
2.469,0.05,19.999
2.47,0.05,19.999
2.471,0.05,19.999
2.472,0.05,19.999
2.473,0.05,19.999
2.474,0.05,19.999
2.475,0.05,19.999
2.476,0.05,19.999
2.477,0.05,19.999
2.478,0.05,19.999
2.479,0.05,19.999
2.48,0.05,19.999
2.481,0.05,19.999
2.482,0.05,19.999
2.483,0.05,19.999
2.484,0.05,19.999
2.485,0.05,19.999
2.486,0.05,19.999
2.487,0.05,19.999
2.488,0.05,19.999
2.489,0.05,19.999
2.49,0.05,19.999
2.491,0.05,19.999
2.492,0.05,19.999
2.493,0.05,19.999
2.494,0.05,19.999
2.495,0.05,19.999
2.496,0.05,19.999
2.497,0.05,19.999
2.498,0.05,19.999
2.499,0.05,19.999
2.5,0.05,19.999
2.501,0.05,19.999
2.502,0.05,19.999
2.503,0.05,19.999
2.504,0.05,19.999
2.505,0.05,19.999
2.506,0.05,19.999
2.507,0.05,19.999
2.508,0.05,19.999
2.509,0.05,19.999
2.51,0.05,19.999
2.511,0.05,19.999
2.512,0.05,19.999
2.513,0.05,19.999
2.514,0.05,19.999
2.515,0.05,19.999
2.516,0.05,19.999
2.517,0.05,19.999
2.518,0.05,19.999
2.519,0.05,19.999
2.52,0.05,19.999
2.521,0.05,19.999
2.522,0.05,19.999
2.523,0.05,19.999
2.524,0.05,19.999
2.525,0.05,19.999
2.526,0.05,19.999
2.527,0.05,19.999
2.528,0.05,19.999
2.529,0.05,19.999
2.53,0.05,19.999
2.531,0.05,19.999
2.532,0.05,19.999
2.533,0.05,19.999
2.534,0.05,19.999
2.535,0.05,19.999
2.536,0.05,19.999
2.537,0.05,19.999
2.538,0.05,19.999
2.539,0.05,19.999
2.54,0.05,19.999
2.541,0.05,19.999
2.542,0.05,19.999
2.543,0.05,19.999
2.544,0.05,19.999
2.545,0.05,19.999
2.546,0.05,19.999
2.547,0.05,19.999
2.548,0.05,19.999
2.549,0.05,19.999
2.55,0.05,19.999
2.551,0.05,19.999
2.552,0.05,19.999
2.553,0.05,19.999
2.554,0.05,19.999
2.555,0.05,19.999
2.556,0.05,19.999
2.557,0.05,19.999
2.558,0.05,19.999
2.559,0.05,19.999
2.56,0.05,19.999
2.561,0.05,19.999
2.562,0.05,19.999
2.563,0.05,19.999
2.564,0.05,19.999
2.565,0.05,19.999
2.566,0.05,19.999
2.567,0.05,19.999
2.568,0.05,19.999
2.569,0.05,19.999
2.57,0.05,19.999
2.571,0.05,19.999
2.572,0.05,19.999
2.573,0.05,19.999
2.574,0.05,19.999
2.575,0.05,19.999
2.576,0.05,19.999
2.577,0.05,19.999
2.578,0.05,19.999
2.579,0.05,19.999
2.58,0.05,19.999
2.581,0.05,19.999
2.582,0.05,19.999
2.583,0.05,19.999
2.584,0.05,19.999
2.585,0.05,19.999
2.586,0.05,19.999
2.587,0.05,19.999
2.588,0.05,19.999
2.589,0.05,19.999
2.59,0.05,19.999
2.591,0.05,19.999
2.592,0.05,19.999
2.593,0.05,19.999
2.594,0.05,19.999
2.595,0.05,19.999
2.596,0.05,19.999
2.597,0.05,19.999
2.598,0.05,19.999
2.599,0.05,19.999
2.6,0.05,19.999
2.601,0.05,19.999
2.602,0.05,19.999
2.603,0.05,19.999
2.604,0.05,19.999
2.605,0.05,19.999
2.606,0.05,19.999
2.607,0.05,19.999
2.608,0.05,19.999
2.609,0.05,19.999
2.61,0.05,19.999
2.611,0.05,19.999
2.612,0.05,19.999
2.613,0.05,19.999
2.614,0.05,19.999
2.615,0.05,19.999
2.616,0.05,19.999
2.617,0.05,19.999
2.618,0.05,19.999
2.619,0.05,19.999
2.62,0.05,19.999
2.621,0.05,19.999
2.622,0.05,19.999
2.623,0.05,19.999
2.624,0.05,19.999
2.625,0.05,19.999
2.626,0.05,19.999
2.627,0.05,19.999
2.628,0.05,19.999
2.629,0.05,19.999
2.63,0.05,19.999
2.631,0.05,19.999
2.632,0.05,19.999
2.633,0.05,19.999
2.634,0.05,19.999
2.635,0.05,19.999
2.636,0.05,19.999
2.637,0.05,19.999
2.638,0.05,19.999
2.639,0.05,19.999
2.64,0.05,19.999
2.641,0.05,19.999
2.642,0.05,19.999
2.643,0.05,19.999
2.644,0.05,19.999
2.645,0.05,19.999
2.646,0.05,19.999
2.647,0.05,19.999
2.648,0.05,19.999
2.649,0.05,19.999
2.65,0.05,19.999
2.651,0.05,19.999
2.652,0.05,19.999
2.653,0.05,19.999
2.654,0.05,19.999
2.655,0.05,19.999
2.656,0.05,19.999
2.657,0.05,19.999
2.658,0.05,19.999
2.659,0.05,19.999
2.66,0.05,19.999
2.661,0.05,19.999
2.662,0.05,19.999
2.663,0.05,19.999
2.664,0.05,19.999
2.665,0.05,19.999
2.666,0.05,19.999
2.667,0.05,19.999
2.668,0.05,19.999
2.669,0.05,19.999
2.67,0.05,19.999
2.671,0.05,19.999
2.672,0.05,19.999
2.673,0.05,19.999
2.674,0.05,19.999
2.675,0.05,19.999
2.676,0.05,19.999
2.677,0.05,19.999
2.678,0.05,19.999
2.679,0.05,19.999
2.68,0.05,19.999
2.681,0.05,19.999
2.682,0.05,19.999
2.683,0.05,19.999
2.684,0.05,19.999
2.685,0.05,19.999
2.686,0.05,19.999
2.687,0.05,19.999
2.688,0.05,19.999
2.689,0.05,19.999
2.69,0.05,19.999
2.691,0.05,19.999
2.692,0.05,19.999
2.693,0.05,19.999
2.694,0.05,19.999
2.695,0.05,19.999
2.696,0.05,19.999
2.697,0.05,19.999
2.698,0.05,19.999
2.699,0.05,19.999
2.7,0.05,19.999
2.701,0.05,19.999
2.702,0.05,19.999
2.703,0.05,19.999
2.704,0.05,19.999
2.705,0.05,19.999
2.706,0.05,19.999
2.707,0.05,19.999
2.708,0.05,19.999
2.709,0.05,19.999
2.71,0.05,19.999
2.711,0.05,19.999
2.712,0.05,19.999
2.713,0.05,19.999
2.714,0.05,19.999
2.715,0.05,19.999
2.716,0.05,19.999
2.717,0.05,19.999
2.718,0.05,19.999
2.719,0.05,19.999
2.72,0.05,19.999
2.721,0.05,19.999
2.722,0.05,19.999
2.723,0.05,19.999
2.724,0.05,19.999
2.725,0.05,19.999
2.726,0.05,19.999
2.727,0.05,19.999
2.728,0.05,19.999
2.729,0.05,19.999
2.73,0.05,19.999
2.731,0.05,19.999
2.732,0.05,19.999
2.733,0.05,19.999
2.734,0.05,19.999
2.735,0.05,19.999
2.736,0.05,19.999
2.737,0.05,19.999
2.738,0.05,19.999
2.739,0.05,19.999
2.74,0.05,19.999
2.741,0.05,19.999
2.742,0.05,19.999
2.743,0.05,19.999
2.744,0.05,19.999
2.745,0.05,19.999
2.746,0.05,19.999
2.747,0.05,19.999
2.748,0.05,19.999
2.749,0.05,19.999
2.75,0.05,19.999
2.751,0.05,19.999
2.752,0.05,19.999
2.753,0.05,19.999
2.754,0.05,19.999
2.755,0.05,19.999
2.756,0.05,19.999
2.757,0.05,19.999
2.758,0.05,19.999
2.759,0.05,19.999
2.76,0.05,19.999
2.761,0.05,19.999
2.762,0.05,19.999
2.763,0.05,19.999
2.764,0.05,19.999
2.765,0.05,19.999
2.766,0.05,19.999
2.767,0.05,19.999
2.768,0.05,19.999
2.769,0.05,19.999
2.77,0.05,19.999
2.771,0.05,19.999
2.772,0.05,19.999
2.773,0.05,19.999
2.774,0.05,19.999
2.775,0.05,19.999
2.776,0.05,19.999
2.777,0.05,19.999
2.778,0.05,19.999
2.779,0.05,19.999
2.78,0.05,19.999
2.781,0.05,19.999
2.782,0.05,19.999
2.783,0.05,19.999
2.784,0.05,19.999
2.785,0.05,19.999
2.786,0.05,19.999
2.787,0.05,19.999
2.788,0.05,19.999
2.789,0.05,19.999
2.79,0.05,19.999
2.791,0.05,19.999
2.792,0.05,19.999
2.793,0.05,19.999
2.794,0.05,19.999
2.795,0.05,19.999
2.796,0.05,19.999
2.797,0.05,19.999
2.798,0.05,19.999
2.799,0.05,19.999
2.8,0.05,19.999
2.801,0.05,19.999
2.802,0.05,19.999
2.803,0.05,19.999
2.804,0.05,19.999
2.805,0.05,19.999
2.806,0.05,19.999
2.807,0.05,19.999
2.808,0.05,19.999
2.809,0.05,19.999
2.81,0.05,19.999
2.811,0.05,19.999
2.812,0.05,19.999
2.813,0.05,19.999
2.814,0.05,19.999
2.815,0.05,19.999
2.816,0.05,19.999
2.817,0.05,19.999
2.818,0.05,19.999
2.819,0.05,19.999
2.82,0.05,19.999
2.821,0.05,19.999
2.822,0.05,19.999
2.823,0.05,19.999
2.824,0.05,19.999
2.825,0.05,19.999
2.826,0.05,19.999
2.827,0.05,19.999
2.828,0.05,19.999
2.829,0.05,19.999
2.83,0.05,19.999
2.831,0.05,19.999
2.832,0.05,19.999
2.833,0.05,19.999
2.834,0.05,19.999
2.835,0.05,19.999
2.836,0.05,19.999
2.837,0.05,19.999
2.838,0.05,19.999
2.839,0.05,19.999
2.84,0.05,19.999
2.841,0.05,19.999
2.842,0.05,19.999
2.843,0.05,19.999
2.844,0.05,19.999
2.845,0.05,19.999
2.846,0.05,19.999
2.847,0.05,19.999
2.848,0.05,19.999
2.849,0.05,19.999
2.85,0.05,19.999
2.851,0.05,19.999
2.852,0.05,19.999
2.853,0.05,19.999
2.854,0.05,19.999
2.855,0.05,19.999
2.856,0.05,19.999
2.857,0.05,19.999
2.858,0.05,19.999
2.859,0.05,19.999
2.86,0.05,19.999
2.861,0.05,19.999
2.862,0.05,19.999
2.863,0.05,19.999
2.864,0.05,19.999
2.865,0.05,19.999
2.866,0.05,19.999
2.867,0.05,19.999
2.868,0.05,19.999
2.869,0.05,19.999
2.87,0.05,19.999
2.871,0.05,19.999
2.872,0.05,19.999
2.873,0.05,19.999
2.874,0.05,19.999
2.875,0.05,19.999
2.876,0.05,19.999
2.877,0.05,19.999
2.878,0.05,19.999
2.879,0.05,19.999
2.88,0.05,19.999
2.881,0.05,19.999
2.882,0.05,19.999
2.883,0.05,19.999
2.884,0.05,19.999
2.885,0.05,19.999
2.886,0.05,19.999
2.887,0.05,19.999
2.888,0.05,19.999
2.889,0.05,19.999
2.89,0.05,19.999
2.891,0.05,19.999
2.892,0.05,19.999
2.893,0.05,19.999
2.894,0.05,19.999
2.895,0.05,19.999
2.896,0.05,19.999
2.897,0.05,19.999
2.898,0.05,19.999
2.899,0.05,19.999
2.9,0.05,19.999
2.901,0.05,19.999
2.902,0.05,19.999
2.903,0.05,19.999
2.904,0.05,19.999
2.905,0.05,19.999
2.906,0.05,19.999
2.907,0.05,19.999
2.908,0.05,19.999
2.909,0.05,19.999
2.91,0.05,19.999
2.911,0.05,19.999
2.912,0.05,19.999
2.913,0.05,19.999
2.914,0.05,19.999
2.915,0.05,19.999
2.916,0.05,19.999
2.917,0.05,19.999
2.918,0.05,19.999
2.919,0.05,19.999
2.92,0.05,19.999
2.921,0.05,19.999
2.922,0.05,19.999
2.923,0.05,19.999
2.924,0.05,19.999
2.925,0.05,19.999
2.926,0.05,19.999
2.927,0.05,19.999
2.928,0.05,19.999
2.929,0.05,19.999
2.93,0.05,19.999
2.931,0.05,19.999
2.932,0.05,19.999
2.933,0.05,19.999
2.934,0.05,19.999
2.935,0.05,19.999
2.936,0.05,19.999
2.937,0.05,19.999
2.938,0.05,19.999
2.939,0.05,19.999
2.94,0.05,19.999
2.941,0.05,19.999
2.942,0.05,19.999
2.943,0.05,19.999
2.944,0.05,19.999
2.945,0.05,19.999
2.946,0.05,19.999
2.947,0.05,19.999
2.948,0.05,19.999
2.949,0.05,19.999
2.95,0.05,19.999
2.951,0.05,19.999
2.952,0.05,19.999
2.953,0.05,19.999
2.954,0.05,19.999
2.955,0.05,19.999
2.956,0.05,19.999
2.957,0.05,19.999
2.958,0.05,19.999
2.959,0.05,19.999
2.96,0.05,19.999
2.961,0.05,19.999
2.962,0.05,19.999
2.963,0.05,19.999
2.964,0.05,19.999
2.965,0.05,19.999
2.966,0.05,19.999
2.967,0.05,19.999
2.968,0.05,19.999
2.969,0.05,19.999
2.97,0.05,19.999
2.971,0.05,19.999
2.972,0.05,19.999
2.973,0.05,19.999
2.974,0.05,19.999
2.975,0.05,19.999
2.976,0.05,19.999
2.977,0.05,19.999
2.978,0.05,19.999
2.979,0.05,19.999
2.98,0.05,19.999
2.981,0.05,19.999
2.982,0.05,19.999
2.983,0.05,19.999
2.984,0.05,19.999
2.985,0.05,19.999
2.986,0.05,19.999
2.987,0.05,19.999
2.988,0.05,19.999
2.989,0.05,19.999
2.99,0.05,19.999
2.991,0.05,19.999
2.992,0.05,19.999
2.993,0.05,19.999
2.994,0.05,19.999
2.995,0.05,19.999
2.996,0.05,19.999
2.997,0.05,19.999
2.998,0.05,19.999
2.999,0.05,19.999
3,0.05,19.999
3.001,0.05,19.999
3.002,0.05,19.999
3.003,0.05,19.999
3.004,0.05,19.999
3.005,0.05,19.999
3.006,0.05,19.999
3.007,0.05,19.999
3.008,0.05,19.999
3.009,0.05,19.999
3.01,0.05,19.999
3.011,0.05,19.999
3.012,0.05,19.999
3.013,0.05,19.999
3.014,0.05,19.999
3.015,0.05,19.999
3.016,0.05,19.999
3.017,0.05,19.999
3.018,0.05,19.999
3.019,0.05,19.999
3.02,0.05,19.999
3.021,0.05,19.999
3.022,0.05,19.999
3.023,0.05,19.999
3.024,0.05,19.999
3.025,0.05,19.999
3.026,0.05,19.999
3.027,0.05,19.999
3.028,0.05,19.999
3.029,0.05,19.999
3.03,0.05,19.999
3.031,0.05,19.999
3.032,0.05,19.999
3.033,0.05,19.999
3.034,0.05,19.999
3.035,0.05,19.999
3.036,0.05,19.999
3.037,0.05,19.999
3.038,0.05,19.999
3.039,0.05,19.999
3.04,0.05,19.999
3.041,0.05,19.999
3.042,0.05,19.999
3.043,0.05,19.999
3.044,0.05,19.999
3.045,0.05,19.999
3.046,0.05,19.999
3.047,0.05,19.999
3.048,0.05,19.999
3.049,0.05,19.999
3.05,0.05,19.999
3.051,0.05,19.999
3.052,0.05,19.999
3.053,0.05,19.999
3.054,0.05,19.999
3.055,0.05,19.999
3.056,0.05,19.999
3.057,0.05,19.999
3.058,0.05,19.999
3.059,0.05,19.999
3.06,0.05,19.999
3.061,0.05,19.999
3.062,0.05,19.999
3.063,0.05,19.999
3.064,0.05,19.999
3.065,0.05,19.999
3.066,0.05,19.999
3.067,0.05,19.999
3.068,0.05,19.999
3.069,0.05,19.999
3.07,0.05,19.999
3.071,0.05,19.999
3.072,0.05,19.999
3.073,0.05,19.999
3.074,0.05,19.999
3.075,0.05,19.999
3.076,0.05,19.999
3.077,0.05,19.999
3.078,0.05,19.999
3.079,0.05,19.999
3.08,0.05,19.999
3.081,0.05,19.999
3.082,0.05,19.999
3.083,0.05,19.999
3.084,0.05,19.999
3.085,0.05,19.999
3.086,0.05,19.999
3.087,0.05,19.999
3.088,0.05,19.999
3.089,0.05,19.999
3.09,0.05,19.999
3.091,0.05,19.999
3.092,0.05,19.999
3.093,0.05,19.999
3.094,0.05,19.999
3.095,0.05,19.999
3.096,0.05,19.999
3.097,0.05,19.999
3.098,0.05,19.999
3.099,0.05,19.999
3.1,0.05,19.999
3.101,0.05,19.999
3.102,0.05,19.999
3.103,0.05,19.999
3.104,0.05,19.999
3.105,0.05,19.999
3.106,0.05,19.999
3.107,0.05,19.999
3.108,0.05,19.999
3.109,0.05,19.999
3.11,0.05,19.999
3.111,0.05,19.999
3.112,0.05,19.999
3.113,0.05,19.999
3.114,0.05,19.999
3.115,0.05,19.999
3.116,0.05,19.999
3.117,0.05,19.999
3.118,0.05,19.999
3.119,0.05,19.999
3.12,0.05,19.999
3.121,0.05,19.999
3.122,0.05,19.999
3.123,0.05,19.999
3.124,0.05,19.999
3.125,0.05,19.999
3.126,0.05,19.999
3.127,0.05,19.999
3.128,0.05,19.999
3.129,0.05,19.999
3.13,0.05,19.999
3.131,0.05,19.999
3.132,0.05,19.999
3.133,0.05,19.999
3.134,0.05,19.999
3.135,0.05,19.999
3.136,0.05,19.999
3.137,0.05,19.999
3.138,0.05,19.999
3.139,0.05,19.999
3.14,0.05,19.999
3.141,0.05,19.999
3.142,0.05,19.999
3.143,0.05,19.999
3.144,0.05,19.999
3.145,0.05,19.999
3.146,0.05,19.999
3.147,0.05,19.999
3.148,0.05,19.999
3.149,0.05,19.999
3.15,0.05,19.999
3.151,0.05,19.999
3.152,0.05,19.999
3.153,0.05,19.999
3.154,0.05,19.999
3.155,0.05,19.999
3.156,0.05,19.999
3.157,0.05,19.999
3.158,0.05,19.999
3.159,0.05,19.999
3.16,0.05,19.999
3.161,0.05,19.999
3.162,0.05,19.999
3.163,0.05,19.999
3.164,0.05,19.999
3.165,0.05,19.999
3.166,0.05,19.999
3.167,0.05,19.999
3.168,0.05,19.999
3.169,0.05,19.999
3.17,0.05,19.999
3.171,0.05,19.999
3.172,0.05,19.999
3.173,0.05,19.999
3.174,0.05,19.999
3.175,0.05,19.999
3.176,0.05,19.999
3.177,0.05,19.999
3.178,0.05,19.999
3.179,0.05,19.999
3.18,0.05,19.999
3.181,0.05,19.999
3.182,0.05,19.999
3.183,0.05,19.999
3.184,0.05,19.999
3.185,0.05,19.999
3.186,0.05,19.999
3.187,0.05,19.999
3.188,0.05,19.999
3.189,0.05,19.999
3.19,0.05,19.999
3.191,0.05,19.999
3.192,0.05,19.999
3.193,0.05,19.999
3.194,0.05,19.999
3.195,0.05,19.999
3.196,0.05,19.999
3.197,0.05,19.999
3.198,0.05,19.999
3.199,0.05,19.999
3.2,0.05,19.999
3.201,0.05,19.999
3.202,0.05,19.999
3.203,0.05,19.999
3.204,0.05,19.999
3.205,0.05,19.999
3.206,0.05,19.999
3.207,0.05,19.999
3.208,0.05,19.999
3.209,0.05,19.999
3.21,0.05,19.999
3.211,0.05,19.999
3.212,0.05,19.999
3.213,0.05,19.999
3.214,0.05,19.999
3.215,0.05,19.999
3.216,0.05,19.999
3.217,0.05,19.999
3.218,0.05,19.999
3.219,0.05,19.999
3.22,0.05,19.999
3.221,0.05,19.999
3.222,0.05,19.999
3.223,0.05,19.999
3.224,0.05,19.999
3.225,0.05,19.999
3.226,0.05,19.999
3.227,0.05,19.999
3.228,0.05,19.999
3.229,0.05,19.999
3.23,0.05,19.999
3.231,0.05,19.999
3.232,0.05,19.999
3.233,0.05,19.999
3.234,0.05,19.999
3.235,0.05,19.999
3.236,0.05,19.999
3.237,0.05,19.999
3.238,0.05,19.999
3.239,0.05,19.999
3.24,0.05,19.999
3.241,0.05,19.999
3.242,0.05,19.999
3.243,0.05,19.999
3.244,0.05,19.999
3.245,0.05,19.999
3.246,0.05,19.999
3.247,0.05,19.999
3.248,0.05,19.999
3.249,0.05,19.999
3.25,0.05,19.999
3.251,0.05,19.999
3.252,0.05,19.999
3.253,0.05,19.999
3.254,0.05,19.999
3.255,0.05,19.999
3.256,0.05,19.999
3.257,0.05,19.999
3.258,0.05,19.999
3.259,0.05,19.999
3.26,0.05,19.999
3.261,0.05,19.999
3.262,0.05,19.999
3.263,0.05,19.999
3.264,0.05,19.999
3.265,0.05,19.999
3.266,0.05,19.999
3.267,0.05,19.999
3.268,0.05,19.999
3.269,0.05,19.999
3.27,0.05,19.999
3.271,0.05,19.999
3.272,0.05,19.999
3.273,0.05,19.999
3.274,0.05,19.999
3.275,0.05,19.999
3.276,0.05,19.999
3.277,0.05,19.999
3.278,0.05,19.999
3.279,0.05,19.999
3.28,0.05,19.999
3.281,0.05,19.999
3.282,0.05,19.999
3.283,0.05,19.999
3.284,0.05,19.999
3.285,0.05,19.999
3.286,0.05,19.999
3.287,0.05,19.999
3.288,0.05,19.999
3.289,0.05,19.999
3.29,0.05,19.999
3.291,0.05,19.999
3.292,0.05,19.999
3.293,0.05,19.999
3.294,0.05,19.999
3.295,0.05,19.999
3.296,0.05,19.999
3.297,0.05,19.999
3.298,0.05,19.999
3.299,0.05,19.999
3.3,0.05,19.999
3.301,0.05,19.999
3.302,0.05,19.999
3.303,0.05,19.999
3.304,0.05,19.999
3.305,0.05,19.999
3.306,0.05,19.999
3.307,0.05,19.999
3.308,0.05,19.999
3.309,0.05,19.999
3.31,0.05,19.999
3.311,0.05,19.999
3.312,0.05,19.999
3.313,0.05,19.999
3.314,0.05,19.999
3.315,0.05,19.999
3.316,0.05,19.999
3.317,0.05,19.999
3.318,0.05,19.999
3.319,0.05,19.999
3.32,0.05,19.999
3.321,0.05,19.999
3.322,0.05,19.999
3.323,0.05,19.999
3.324,0.05,19.999
3.325,0.05,19.999
3.326,0.05,19.999
3.327,0.05,19.999
3.328,0.05,19.999
3.329,0.05,19.999
3.33,0.05,19.999
3.331,0.05,19.999
3.332,0.05,19.999
3.333,0.05,19.999
3.334,0.05,19.999
3.335,0.05,19.999
3.336,0.05,19.999
3.337,0.05,19.999
3.338,0.05,19.999
3.339,0.05,19.999
3.34,0.05,19.999
3.341,0.05,19.999
3.342,0.05,19.999
3.343,0.05,19.999
3.344,0.05,19.999
3.345,0.05,19.999
3.346,0.05,19.999
3.347,0.05,19.999
3.348,0.05,19.999
3.349,0.05,19.999
3.35,0.05,19.999
3.351,0.05,19.999
3.352,0.05,19.999
3.353,0.05,19.999
3.354,0.05,19.999
3.355,0.05,19.999
3.356,0.05,19.999
3.357,0.05,19.999
3.358,0.05,19.999
3.359,0.05,19.999
3.36,0.05,19.999
3.361,0.05,19.999
3.362,0.05,19.999
3.363,0.05,19.999
3.364,0.05,19.999
3.365,0.05,19.999
3.366,0.05,19.999
3.367,0.05,19.999
3.368,0.05,19.999
3.369,0.05,19.999
3.37,0.05,19.999
3.371,0.05,19.999
3.372,0.05,19.999
3.373,0.05,19.999
3.374,0.05,19.999
3.375,0.05,19.999
3.376,0.05,19.999
3.377,0.05,19.999
3.378,0.05,19.999
3.379,0.05,19.999
3.38,0.05,19.999
3.381,0.05,19.999
3.382,0.05,19.999
3.383,0.05,19.999
3.384,0.05,19.999
3.385,0.05,19.999
3.386,0.05,19.999
3.387,0.05,19.999
3.388,0.05,19.999
3.389,0.05,19.999
3.39,0.05,19.999
3.391,0.05,19.999
3.392,0.05,19.999
3.393,0.05,19.999
3.394,0.05,19.999
3.395,0.05,19.999
3.396,0.05,19.999
3.397,0.05,19.999
3.398,0.05,19.999
3.399,0.05,19.999
3.4,0.05,19.999
3.401,0.05,19.999
3.402,0.05,19.999
3.403,0.05,19.999
3.404,0.05,19.999
3.405,0.05,19.999
3.406,0.05,19.999
3.407,0.05,19.999
3.408,0.05,19.999
3.409,0.05,19.999
3.41,0.05,19.999
3.411,0.05,19.999
3.412,0.05,19.999
3.413,0.05,19.999
3.414,0.05,19.999
3.415,0.05,19.999
3.416,0.05,19.999
3.417,0.05,19.999
3.418,0.05,19.999
3.419,0.05,19.999
3.42,0.05,19.999
3.421,0.05,19.999
3.422,0.05,19.999
3.423,0.05,19.999
3.424,0.05,19.999
3.425,0.05,19.999
3.426,0.05,19.999
3.427,0.05,19.999
3.428,0.05,19.999
3.429,0.05,19.999
3.43,0.05,19.999
3.431,0.05,19.999
3.432,0.05,19.999
3.433,0.05,19.999
3.434,0.05,19.999
3.435,0.05,19.999
3.436,0.05,19.999
3.437,0.05,19.999
3.438,0.05,19.999
3.439,0.05,19.999
3.44,0.05,19.999
3.441,0.05,19.999
3.442,0.05,19.999
3.443,0.05,19.999
3.444,0.05,19.999
3.445,0.05,19.999
3.446,0.05,19.999
3.447,0.05,19.999
3.448,0.05,19.999
3.449,0.05,19.999
3.45,0.05,19.999
3.451,0.05,19.999
3.452,0.05,19.999
3.453,0.05,19.999
3.454,0.05,19.999
3.455,0.05,19.999
3.456,0.05,19.999
3.457,0.05,19.999
3.458,0.05,19.999
3.459,0.05,19.999
3.46,0.05,19.999
3.461,0.05,19.999
3.462,0.05,19.999
3.463,0.05,19.999
3.464,0.05,19.999
3.465,0.05,19.999
3.466,0.05,19.999
3.467,0.05,19.999
3.468,0.05,19.999
3.469,0.05,19.999
3.47,0.05,19.999
3.471,0.05,19.999
3.472,0.05,19.999
3.473,0.05,19.999
3.474,0.05,19.999
3.475,0.05,19.999
3.476,0.05,19.999
3.477,0.05,19.999
3.478,0.05,19.999
3.479,0.05,19.999
3.48,0.05,19.999
3.481,0.05,19.999
3.482,0.05,19.999
3.483,0.05,19.999
3.484,0.05,19.999
3.485,0.05,19.999
3.486,0.05,19.999
3.487,0.05,19.999
3.488,0.05,19.999
3.489,0.05,19.999
3.49,0.05,19.999
3.491,0.05,19.999
3.492,0.05,19.999
3.493,0.05,19.999
3.494,0.05,19.999
3.495,0.05,19.999
3.496,0.05,19.999
3.497,0.05,19.999
3.498,0.05,19.999
3.499,0.05,19.999
3.5,0.05,19.999
3.501,0.05,19.999
3.502,0.05,19.999
3.503,0.05,19.999
3.504,0.05,19.999
3.505,0.05,19.999
3.506,0.05,19.999
3.507,0.05,19.999
3.508,0.05,19.999
3.509,0.05,19.999
3.51,0.05,19.999
3.511,0.05,19.999
3.512,0.05,19.999
3.513,0.05,19.999
3.514,0.05,19.999
3.515,0.05,19.999
3.516,0.05,19.999
3.517,0.05,19.999
3.518,0.05,19.999
3.519,0.05,19.999
3.52,0.05,19.999
3.521,0.05,19.999
3.522,0.05,19.999
3.523,0.05,19.999
3.524,0.05,19.999
3.525,0.05,19.999
3.526,0.05,19.999
3.527,0.05,19.999
3.528,0.05,19.999
3.529,0.05,19.999
3.53,0.05,19.999
3.531,0.05,19.999
3.532,0.05,19.999
3.533,0.05,19.999
3.534,0.05,19.999
3.535,0.05,19.999
3.536,0.05,19.999
3.537,0.05,19.999
3.538,0.05,19.999
3.539,0.05,19.999
3.54,0.05,19.999
3.541,0.05,19.999
3.542,0.05,19.999
3.543,0.05,19.999
3.544,0.05,19.999
3.545,0.05,19.999
3.546,0.05,19.999
3.547,0.05,19.999
3.548,0.05,19.999
3.549,0.05,19.999
3.55,0.05,19.999
3.551,0.05,19.999
3.552,0.05,19.999
3.553,0.05,19.999
3.554,0.05,19.999
3.555,0.05,19.999
3.556,0.05,19.999
3.557,0.05,19.999
3.558,0.05,19.999
3.559,0.05,19.999
3.56,0.05,19.999
3.561,0.05,19.999
3.562,0.05,19.999
3.563,0.05,19.999
3.564,0.05,19.999
3.565,0.05,19.999
3.566,0.05,19.999
3.567,0.05,19.999
3.568,0.05,19.999
3.569,0.05,19.999
3.57,0.05,19.999
3.571,0.05,19.999
3.572,0.05,19.999
3.573,0.05,19.999
3.574,0.05,19.999
3.575,0.05,19.999
3.576,0.05,19.999
3.577,0.05,19.999
3.578,0.05,19.999
3.579,0.05,19.999
3.58,0.05,19.999
3.581,0.05,19.999
3.582,0.05,19.999
3.583,0.05,19.999
3.584,0.05,19.999
3.585,0.05,19.999
3.586,0.05,19.999
3.587,0.05,19.999
3.588,0.05,19.999
3.589,0.05,19.999
3.59,0.05,19.999
3.591,0.05,19.999
3.592,0.05,19.999
3.593,0.05,19.999
3.594,0.05,19.999
3.595,0.05,19.999
3.596,0.05,19.999
3.597,0.05,19.999
3.598,0.05,19.999
3.599,0.05,19.999
3.6,0.05,19.999
3.601,0.05,19.999
3.602,0.05,19.999
3.603,0.05,19.999
3.604,0.05,19.999
3.605,0.05,19.999
3.606,0.05,19.999
3.607,0.05,19.999
3.608,0.05,19.999
3.609,0.05,19.999
3.61,0.05,19.999
3.611,0.05,19.999
3.612,0.05,19.999
3.613,0.05,19.999
3.614,0.05,19.999
3.615,0.05,19.999
3.616,0.05,19.999
3.617,0.05,19.999
3.618,0.05,19.999
3.619,0.05,19.999
3.62,0.05,19.999
3.621,0.05,19.999
3.622,0.05,19.999
3.623,0.05,19.999
3.624,0.05,19.999
3.625,0.05,19.999
3.626,0.05,19.999
3.627,0.05,19.999
3.628,0.05,19.999
3.629,0.05,19.999
3.63,0.05,19.999
3.631,0.05,19.999
3.632,0.05,19.999
3.633,0.05,19.999
3.634,0.05,19.999
3.635,0.05,19.999
3.636,0.05,19.999
3.637,0.05,19.999
3.638,0.05,19.999
3.639,0.05,19.999
3.64,0.05,19.999
3.641,0.05,19.999
3.642,0.05,19.999
3.643,0.05,19.999
3.644,0.05,19.999
3.645,0.05,19.999
3.646,0.05,19.999
3.647,0.05,19.999
3.648,0.05,19.999
3.649,0.05,19.999
3.65,0.05,19.999
3.651,0.05,19.999
3.652,0.05,19.999
3.653,0.05,19.999
3.654,0.05,19.999
3.655,0.05,19.999
3.656,0.05,19.999
3.657,0.05,19.999
3.658,0.05,19.999
3.659,0.05,19.999
3.66,0.05,19.999
3.661,0.05,19.999
3.662,0.05,19.999
3.663,0.05,19.999
3.664,0.05,19.999
3.665,0.05,19.999
3.666,0.05,19.999
3.667,0.05,19.999
3.668,0.05,19.999
3.669,0.05,19.999
3.67,0.05,19.999
3.671,0.05,19.999
3.672,0.05,19.999
3.673,0.05,19.999
3.674,0.05,19.999
3.675,0.05,19.999
3.676,0.05,19.999
3.677,0.05,19.999
3.678,0.05,19.999
3.679,0.05,19.999
3.68,0.05,19.999
3.681,0.05,19.999
3.682,0.05,19.999
3.683,0.05,19.999
3.684,0.05,19.999
3.685,0.05,19.999
3.686,0.05,19.999
3.687,0.05,19.999
3.688,0.05,19.999
3.689,0.05,19.999
3.69,0.05,19.999
3.691,0.05,19.999
3.692,0.05,19.999
3.693,0.05,19.999
3.694,0.05,19.999
3.695,0.05,19.999
3.696,0.05,19.999
3.697,0.05,19.999
3.698,0.05,19.999
3.699,0.05,19.999
3.7,0.05,19.999
3.701,0.05,19.999
3.702,0.05,19.999
3.703,0.05,19.999
3.704,0.05,19.999
3.705,0.05,19.999
3.706,0.05,19.999
3.707,0.05,19.999
3.708,0.05,19.999
3.709,0.05,19.999
3.71,0.05,19.999
3.711,0.05,19.999
3.712,0.05,19.999
3.713,0.05,19.999
3.714,0.05,19.999
3.715,0.05,19.999
3.716,0.05,19.999
3.717,0.05,19.999
3.718,0.05,19.999
3.719,0.05,19.999
3.72,0.05,19.999
3.721,0.05,19.999
3.722,0.05,19.999
3.723,0.05,19.999
3.724,0.05,19.999
3.725,0.05,19.999
3.726,0.05,19.999
3.727,0.05,19.999
3.728,0.05,19.999
3.729,0.05,19.999
3.73,0.05,19.999
3.731,0.05,19.999
3.732,0.05,19.999
3.733,0.05,19.999
3.734,0.05,19.999
3.735,0.05,19.999
3.736,0.05,19.999
3.737,0.05,19.999
3.738,0.05,19.999
3.739,0.05,19.999
3.74,0.05,19.999
3.741,0.05,19.999
3.742,0.05,19.999
3.743,0.05,19.999
3.744,0.05,19.999
3.745,0.05,19.999
3.746,0.05,19.999
3.747,0.05,19.999
3.748,0.05,19.999
3.749,0.05,19.999
3.75,0.05,19.999
3.751,0.05,19.999
3.752,0.05,19.999
3.753,0.05,19.999
3.754,0.05,19.999
3.755,0.05,19.999
3.756,0.05,19.999
3.757,0.05,19.999
3.758,0.05,19.999
3.759,0.05,19.999
3.76,0.05,19.999
3.761,0.05,19.999
3.762,0.05,19.999
3.763,0.05,19.999
3.764,0.05,19.999
3.765,0.05,19.999
3.766,0.05,19.999
3.767,0.05,19.999
3.768,0.05,19.999
3.769,0.05,19.999
3.77,0.05,19.999
3.771,0.05,19.999
3.772,0.05,19.999
3.773,0.05,19.999
3.774,0.05,19.999
3.775,0.05,19.999
3.776,0.05,19.999
3.777,0.05,19.999
3.778,0.05,19.999
3.779,0.05,19.999
3.78,0.05,19.999
3.781,0.05,19.999
3.782,0.05,19.999
3.783,0.05,19.999
3.784,0.05,19.999
3.785,0.05,19.999
3.786,0.05,19.999
3.787,0.05,19.999
3.788,0.05,19.999
3.789,0.05,19.999
3.79,0.05,19.999
3.791,0.05,19.999
3.792,0.05,19.999
3.793,0.05,19.999
3.794,0.05,19.999
3.795,0.05,19.999
3.796,0.05,19.999
3.797,0.05,19.999
3.798,0.05,19.999
3.799,0.05,19.999
3.8,0.05,19.999
3.801,0.05,19.999
3.802,0.05,19.999
3.803,0.05,19.999
3.804,0.05,19.999
3.805,0.05,19.999
3.806,0.05,19.999
3.807,0.05,19.999
3.808,0.05,19.999
3.809,0.05,19.999
3.81,0.05,19.999
3.811,0.05,19.999
3.812,0.05,19.999
3.813,0.05,19.999
3.814,0.05,19.999
3.815,0.05,19.999
3.816,0.05,19.999
3.817,0.05,19.999
3.818,0.05,19.999
3.819,0.05,19.999
3.82,0.05,19.999
3.821,0.05,19.999
3.822,0.05,19.999
3.823,0.05,19.999
3.824,0.05,19.999
3.825,0.05,19.999
3.826,0.05,19.999
3.827,0.05,19.999
3.828,0.05,19.999
3.829,0.05,19.999
3.83,0.05,19.999
3.831,0.05,19.999
3.832,0.05,19.999
3.833,0.05,19.999
3.834,0.05,19.999
3.835,0.05,19.999
3.836,0.05,19.999
3.837,0.05,19.999
3.838,0.05,19.999
3.839,0.05,19.999
3.84,0.05,19.999
3.841,0.05,19.999
3.842,0.05,19.999
3.843,0.05,19.999
3.844,0.05,19.999
3.845,0.05,19.999
3.846,0.05,19.999
3.847,0.05,19.999
3.848,0.05,19.999
3.849,0.05,19.999
3.85,0.05,19.999
3.851,0.05,19.999
3.852,0.05,19.999
3.853,0.05,19.999
3.854,0.05,19.999
3.855,0.05,19.999
3.856,0.05,19.999
3.857,0.05,19.999
3.858,0.05,19.999
3.859,0.05,19.999
3.86,0.05,19.999
3.861,0.05,19.999
3.862,0.05,19.999
3.863,0.05,19.999
3.864,0.05,19.999
3.865,0.05,19.999
3.866,0.05,19.999
3.867,0.05,19.999
3.868,0.05,19.999
3.869,0.05,19.999
3.87,0.05,19.999
3.871,0.05,19.999
3.872,0.05,19.999
3.873,0.05,19.999
3.874,0.05,19.999
3.875,0.05,19.999
3.876,0.05,19.999
3.877,0.05,19.999
3.878,0.05,19.999
3.879,0.05,19.999
3.88,0.05,19.999
3.881,0.05,19.999
3.882,0.05,19.999
3.883,0.05,19.999
3.884,0.05,19.999
3.885,0.05,19.999
3.886,0.05,19.999
3.887,0.05,19.999
3.888,0.05,19.999
3.889,0.05,19.999
3.89,0.05,19.999
3.891,0.05,19.999
3.892,0.05,19.999
3.893,0.05,19.999
3.894,0.05,19.999
3.895,0.05,19.999
3.896,0.05,19.999
3.897,0.05,19.999
3.898,0.05,19.999
3.899,0.05,19.999
3.9,0.05,19.999
3.901,0.05,19.999
3.902,0.05,19.999
3.903,0.05,19.999
3.904,0.05,19.999
3.905,0.05,19.999
3.906,0.05,19.999
3.907,0.05,19.999
3.908,0.05,19.999
3.909,0.05,19.999
3.91,0.05,19.999
3.911,0.05,19.999
3.912,0.05,19.999
3.913,0.05,19.999
3.914,0.05,19.999
3.915,0.05,19.999
3.916,0.05,19.999
3.917,0.05,19.999
3.918,0.05,19.999
3.919,0.05,19.999
3.92,0.05,19.999
3.921,0.05,19.999
3.922,0.05,19.999
3.923,0.05,19.999
3.924,0.05,19.999
3.925,0.05,19.999
3.926,0.05,19.999
3.927,0.05,19.999
3.928,0.05,19.999
3.929,0.05,19.999
3.93,0.05,19.999
3.931,0.05,19.999
3.932,0.05,19.999
3.933,0.05,19.999
3.934,0.05,19.999
3.935,0.05,19.999
3.936,0.05,19.999
3.937,0.05,19.999
3.938,0.05,19.999
3.939,0.05,19.999
3.94,0.05,19.999
3.941,0.05,19.999
3.942,0.05,19.999
3.943,0.05,19.999
3.944,0.05,19.999
3.945,0.05,19.999
3.946,0.05,19.999
3.947,0.05,19.999
3.948,0.05,19.999
3.949,0.05,19.999
3.95,0.05,19.999
3.951,0.05,19.999
3.952,0.05,19.999
3.953,0.05,19.999
3.954,0.05,19.999
3.955,0.05,19.999
3.956,0.05,19.999
3.957,0.05,19.999
3.958,0.05,19.999
3.959,0.05,19.999
3.96,0.05,19.999
3.961,0.05,19.999
3.962,0.05,19.999
3.963,0.05,19.999
3.964,0.05,19.999
3.965,0.05,19.999
3.966,0.05,19.999
3.967,0.05,19.999
3.968,0.05,19.999
3.969,0.05,19.999
3.97,0.05,19.999
3.971,0.05,19.999
3.972,0.05,19.999
3.973,0.05,19.999
3.974,0.05,19.999
3.975,0.05,19.999
3.976,0.05,19.999
3.977,0.05,19.999
3.978,0.05,19.999
3.979,0.05,19.999
3.98,0.05,19.999
3.981,0.05,19.999
3.982,0.05,19.999
3.983,0.05,19.999
3.984,0.05,19.999
3.985,0.05,19.999
3.986,0.05,19.999
3.987,0.05,19.999
3.988,0.05,19.999
3.989,0.05,19.999
3.99,0.05,19.999
3.991,0.05,19.999
3.992,0.05,19.999
3.993,0.05,19.999
3.994,0.05,19.999
3.995,0.05,19.999
3.996,0.05,19.999
3.997,0.05,19.999
3.998,0.05,19.999
3.999,0.05,19.999
4,0.05,19.999
4.001,0.05,19.999
4.002,0.05,19.999
4.003,0.05,19.999
4.004,0.05,19.999
4.005,0.05,19.999
4.006,0.05,19.999
4.007,0.05,19.999
4.008,0.05,19.999
4.009,0.05,19.999
4.01,0.05,19.999
4.011,0.05,19.999
4.012,0.05,19.999
4.013,0.05,19.999
4.014,0.05,19.999
4.015,0.05,19.999
4.016,0.05,19.999
4.017,0.05,19.999
4.018,0.05,19.999
4.019,0.05,19.999
4.02,0.05,19.999
4.021,0.05,19.999
4.022,0.05,19.999
4.023,0.05,19.999
4.024,0.05,19.999
4.025,0.05,19.999
4.026,0.05,19.999
4.027,0.05,19.999
4.028,0.05,19.999
4.029,0.05,19.999
4.03,0.05,19.999
4.031,0.05,19.999
4.032,0.05,19.999
4.033,0.05,19.999
4.034,0.05,19.999
4.035,0.05,19.999
4.036,0.05,19.999
4.037,0.05,19.999
4.038,0.05,19.999
4.039,0.05,19.999
4.04,0.05,19.999
4.041,0.05,19.999
4.042,0.05,19.999
4.043,0.05,19.999
4.044,0.05,19.999
4.045,0.05,19.999
4.046,0.05,19.999
4.047,0.05,19.999
4.048,0.05,19.999
4.049,0.05,19.999
4.05,0.05,19.999
4.051,0.05,19.999
4.052,0.05,19.999
4.053,0.05,19.999
4.054,0.05,19.999
4.055,0.05,19.999
4.056,0.05,19.999
4.057,0.05,19.999
4.058,0.05,19.999
4.059,0.05,19.999
4.06,0.05,19.999
4.061,0.05,19.999
4.062,0.05,19.999
4.063,0.05,19.999
4.064,0.05,19.999
4.065,0.05,19.999
4.066,0.05,19.999
4.067,0.05,19.999
4.068,0.05,19.999
4.069,0.05,19.999
4.07,0.05,19.999
4.071,0.05,19.999
4.072,0.05,19.999
4.073,0.05,19.999
4.074,0.05,19.999
4.075,0.05,19.999
4.076,0.05,19.999
4.077,0.05,19.999
4.078,0.05,19.999
4.079,0.05,19.999
4.08,0.05,19.999
4.081,0.05,19.999
4.082,0.05,19.999
4.083,0.05,19.999
4.084,0.05,19.999
4.085,0.05,19.999
4.086,0.05,19.999
4.087,0.05,19.999
4.088,0.05,19.999
4.089,0.05,19.999
4.09,0.05,19.999
4.091,0.05,19.999
4.092,0.05,19.999
4.093,0.05,19.999
4.094,0.05,19.999
4.095,0.05,19.999
4.096,0.05,19.999
4.097,0.05,19.999
4.098,0.05,19.999
4.099,0.05,19.999
4.1,0.05,19.999
4.101,0.05,19.999
4.102,0.05,19.999
4.103,0.05,19.999
4.104,0.05,19.999
4.105,0.05,19.999
4.106,0.05,19.999
4.107,0.05,19.999
4.108,0.05,19.999
4.109,0.05,19.999
4.11,0.05,19.999
4.111,0.05,19.999
4.112,0.05,19.999
4.113,0.05,19.999
4.114,0.05,19.999
4.115,0.05,19.999
4.116,0.05,19.999
4.117,0.05,19.999
4.118,0.05,19.999
4.119,0.05,19.999
4.12,0.05,19.999
4.121,0.05,19.999
4.122,0.05,19.999
4.123,0.05,19.999
4.124,0.05,19.999
4.125,0.05,19.999
4.126,0.05,19.999
4.127,0.05,19.999
4.128,0.05,19.999
4.129,0.05,19.999
4.13,0.05,19.999
4.131,0.05,19.999
4.132,0.05,19.999
4.133,0.05,19.999
4.134,0.05,19.999
4.135,0.05,19.999
4.136,0.05,19.999
4.137,0.05,19.999
4.138,0.05,19.999
4.139,0.05,19.999
4.14,0.05,19.999
4.141,0.05,19.999
4.142,0.05,19.999
4.143,0.05,19.999
4.144,0.05,19.999
4.145,0.05,19.999
4.146,0.05,19.999
4.147,0.05,19.999
4.148,0.05,19.999
4.149,0.05,19.999
4.15,0.05,19.999
4.151,0.05,19.999
4.152,0.05,19.999
4.153,0.05,19.999
4.154,0.05,19.999
4.155,0.05,19.999
4.156,0.05,19.999
4.157,0.05,19.999
4.158,0.05,19.999
4.159,0.05,19.999
4.16,0.05,19.999
4.161,0.05,19.999
4.162,0.05,19.999
4.163,0.05,19.999
4.164,0.05,19.999
4.165,0.05,19.999
4.166,0.05,19.999
4.167,0.05,19.999
4.168,0.05,19.999
4.169,0.05,19.999
4.17,0.05,19.999
4.171,0.05,19.999
4.172,0.05,19.999
4.173,0.05,19.999
4.174,0.05,19.999
4.175,0.05,19.999
4.176,0.05,19.999
4.177,0.05,19.999
4.178,0.05,19.999
4.179,0.05,19.999
4.18,0.05,19.999
4.181,0.05,19.999
4.182,0.05,19.999
4.183,0.05,19.999
4.184,0.05,19.999
4.185,0.05,19.999
4.186,0.05,19.999
4.187,0.05,19.999
4.188,0.05,19.999
4.189,0.05,19.999
4.19,0.05,19.999
4.191,0.05,19.999
4.192,0.05,19.999
4.193,0.05,19.999
4.194,0.05,19.999
4.195,0.05,19.999
4.196,0.05,19.999
4.197,0.05,19.999
4.198,0.05,19.999
4.199,0.05,19.999
4.2,0.05,19.999
4.201,0.05,19.999
4.202,0.05,19.999
4.203,0.05,19.999
4.204,0.05,19.999
4.205,0.05,19.999
4.206,0.05,19.999
4.207,0.05,19.999
4.208,0.05,19.999
4.209,0.05,19.999
4.21,0.05,19.999
4.211,0.05,19.999
4.212,0.05,19.999
4.213,0.05,19.999
4.214,0.05,19.999
4.215,0.05,19.999
4.216,0.05,19.999
4.217,0.05,19.999
4.218,0.05,19.999
4.219,0.05,19.999
4.22,0.05,19.999
4.221,0.05,19.999
4.222,0.05,19.999
4.223,0.05,19.999
4.224,0.05,19.999
4.225,0.05,19.999
4.226,0.05,19.999
4.227,0.05,19.999
4.228,0.05,19.999
4.229,0.05,19.999
4.23,0.05,19.999
4.231,0.05,19.999
4.232,0.05,19.999
4.233,0.05,19.999
4.234,0.05,19.999
4.235,0.05,19.999
4.236,0.05,19.999
4.237,0.05,19.999
4.238,0.05,19.999
4.239,0.05,19.999
4.24,0.05,19.999
4.241,0.05,19.999
4.242,0.05,19.999
4.243,0.05,19.999
4.244,0.05,19.999
4.245,0.05,19.999
4.246,0.05,19.999
4.247,0.05,19.999
4.248,0.05,19.999
4.249,0.05,19.999
4.25,0.05,19.999
4.251,0.05,19.999
4.252,0.05,19.999
4.253,0.05,19.999
4.254,0.05,19.999
4.255,0.05,19.999
4.256,0.05,19.999
4.257,0.05,19.999
4.258,0.05,19.999
4.259,0.05,19.999
4.26,0.05,19.999
4.261,0.05,19.999
4.262,0.05,19.999
4.263,0.05,19.999
4.264,0.05,19.999
4.265,0.05,19.999
4.266,0.05,19.999
4.267,0.05,19.999
4.268,0.05,19.999
4.269,0.05,19.999
4.27,0.05,19.999
4.271,0.05,19.999
4.272,0.05,19.999
4.273,0.05,19.999
4.274,0.05,19.999
4.275,0.05,19.999
4.276,0.05,19.999
4.277,0.05,19.999
4.278,0.05,19.999
4.279,0.05,19.999
4.28,0.05,19.999
4.281,0.05,19.999
4.282,0.05,19.999
4.283,0.05,19.999
4.284,0.05,19.999
4.285,0.05,19.999
4.286,0.05,19.999
4.287,0.05,19.999
4.288,0.05,19.999
4.289,0.05,19.999
4.29,0.05,19.999
4.291,0.05,19.999
4.292,0.05,19.999
4.293,0.05,19.999
4.294,0.05,19.999
4.295,0.05,19.999
4.296,0.05,19.999
4.297,0.05,19.999
4.298,0.05,19.999
4.299,0.05,19.999
4.3,0.05,19.999
4.301,0.05,19.999
4.302,0.05,19.999
4.303,0.05,19.999
4.304,0.05,19.999
4.305,0.05,19.999
4.306,0.05,19.999
4.307,0.05,19.999
4.308,0.05,19.999
4.309,0.05,19.999
4.31,0.05,19.999
4.311,0.05,19.999
4.312,0.05,19.999
4.313,0.05,19.999
4.314,0.05,19.999
4.315,0.05,19.999
4.316,0.05,19.999
4.317,0.05,19.999
4.318,0.05,19.999
4.319,0.05,19.999
4.32,0.05,19.999
4.321,0.05,19.999
4.322,0.05,19.999
4.323,0.05,19.999
4.324,0.05,19.999
4.325,0.05,19.999
4.326,0.05,19.999
4.327,0.05,19.999
4.328,0.05,19.999
4.329,0.05,19.999
4.33,0.05,19.999
4.331,0.05,19.999
4.332,0.05,19.999
4.333,0.05,19.999
4.334,0.05,19.999
4.335,0.05,19.999
4.336,0.05,19.999
4.337,0.05,19.999
4.338,0.05,19.999
4.339,0.05,19.999
4.34,0.05,19.999
4.341,0.05,19.999
4.342,0.05,19.999
4.343,0.05,19.999
4.344,0.05,19.999
4.345,0.05,19.999
4.346,0.05,19.999
4.347,0.05,19.999
4.348,0.05,19.999
4.349,0.05,19.999
4.35,0.05,19.999
4.351,0.05,19.999
4.352,0.05,19.999
4.353,0.05,19.999
4.354,0.05,19.999
4.355,0.05,19.999
4.356,0.05,19.999
4.357,0.05,19.999
4.358,0.05,19.999
4.359,0.05,19.999
4.36,0.05,19.999
4.361,0.05,19.999
4.362,0.05,19.999
4.363,0.05,19.999
4.364,0.05,19.999
4.365,0.05,19.999
4.366,0.05,19.999
4.367,0.05,19.999
4.368,0.05,19.999
4.369,0.05,19.999
4.37,0.05,19.999
4.371,0.05,19.999
4.372,0.05,19.999
4.373,0.05,19.999
4.374,0.05,19.999
4.375,0.05,19.999
4.376,0.05,19.999
4.377,0.05,19.999
4.378,0.05,19.999
4.379,0.05,19.999
4.38,0.05,19.999
4.381,0.05,19.999
4.382,0.05,19.999
4.383,0.05,19.999
4.384,0.05,19.999
4.385,0.05,19.999
4.386,0.05,19.999
4.387,0.05,19.999
4.388,0.05,19.999
4.389,0.05,19.999
4.39,0.05,19.999
4.391,0.05,19.999
4.392,0.05,19.999
4.393,0.05,19.999
4.394,0.05,19.999
4.395,0.05,19.999
4.396,0.05,19.999
4.397,0.05,19.999
4.398,0.05,19.999
4.399,0.05,19.999
4.4,0.05,19.999
4.401,0.05,19.999
4.402,0.05,19.999
4.403,0.05,19.999
4.404,0.05,19.999
4.405,0.05,19.999
4.406,0.05,19.999
4.407,0.05,19.999
4.408,0.05,19.999
4.409,0.05,19.999
4.41,0.05,19.999
4.411,0.05,19.999
4.412,0.05,19.999
4.413,0.05,19.999
4.414,0.05,19.999
4.415,0.05,19.999
4.416,0.05,19.999
4.417,0.05,19.999
4.418,0.05,19.999
4.419,0.05,19.999
4.42,0.05,19.999
4.421,0.05,19.999
4.422,0.05,19.999
4.423,0.05,19.999
4.424,0.05,19.999
4.425,0.05,19.999
4.426,0.05,19.999
4.427,0.05,19.999
4.428,0.05,19.999
4.429,0.05,19.999
4.43,0.05,19.999
4.431,0.05,19.999
4.432,0.05,19.999
4.433,0.05,19.999
4.434,0.05,19.999
4.435,0.05,19.999
4.436,0.05,19.999
4.437,0.05,19.999
4.438,0.05,19.999
4.439,0.05,19.999
4.44,0.05,19.999
4.441,0.05,19.999
4.442,0.05,19.999
4.443,0.05,19.999
4.444,0.05,19.999
4.445,0.05,19.999
4.446,0.05,19.999
4.447,0.05,19.999
4.448,0.05,19.999
4.449,0.05,19.999
4.45,0.05,19.999
4.451,0.05,19.999
4.452,0.05,19.999
4.453,0.05,19.999
4.454,0.05,19.999
4.455,0.05,19.999
4.456,0.05,19.999
4.457,0.05,19.999
4.458,0.05,19.999
4.459,0.05,19.999
4.46,0.05,19.999
4.461,0.05,19.999
4.462,0.05,19.999
4.463,0.05,19.999
4.464,0.05,19.999
4.465,0.05,19.999
4.466,0.05,19.999
4.467,0.05,19.999
4.468,0.05,19.999
4.469,0.05,19.999
4.47,0.05,19.999
4.471,0.05,19.999
4.472,0.05,19.999
4.473,0.05,19.999
4.474,0.05,19.999
4.475,0.05,19.999
4.476,0.05,19.999
4.477,0.05,19.999
4.478,0.05,19.999
4.479,0.05,19.999
4.48,0.05,19.999
4.481,0.05,19.999
4.482,0.05,19.999
4.483,0.05,19.999
4.484,0.05,19.999
4.485,0.05,19.999
4.486,0.05,19.999
4.487,0.05,19.999
4.488,0.05,19.999
4.489,0.05,19.999
4.49,0.05,19.999
4.491,0.05,19.999
4.492,0.05,19.999
4.493,0.05,19.999
4.494,0.05,19.999
4.495,0.05,19.999
4.496,0.05,19.999
4.497,0.05,19.999
4.498,0.05,19.999
4.499,0.05,19.999
4.5,0.05,19.999
4.501,0.05,19.999
4.502,0.05,19.999
4.503,0.05,19.999
4.504,0.05,19.999
4.505,0.05,19.999
4.506,0.05,19.999
4.507,0.05,19.999
4.508,0.05,19.999
4.509,0.05,19.999
4.51,0.05,19.999
4.511,0.05,19.999
4.512,0.05,19.999
4.513,0.05,19.999
4.514,0.05,19.999
4.515,0.05,19.999
4.516,0.05,19.999
4.517,0.05,19.999
4.518,0.05,19.999
4.519,0.05,19.999
4.52,0.05,19.999
4.521,0.05,19.999
4.522,0.05,19.999
4.523,0.05,19.999
4.524,0.05,19.999
4.525,0.05,19.999
4.526,0.05,19.999
4.527,0.05,19.999
4.528,0.05,19.999
4.529,0.05,19.999
4.53,0.05,19.999
4.531,0.05,19.999
4.532,0.05,19.999
4.533,0.05,19.999
4.534,0.05,19.999
4.535,0.05,19.999
4.536,0.05,19.999
4.537,0.05,19.999
4.538,0.05,19.999
4.539,0.05,19.999
4.54,0.05,19.999
4.541,0.05,19.999
4.542,0.05,19.999
4.543,0.05,19.999
4.544,0.05,19.999
4.545,0.05,19.999
4.546,0.05,19.999
4.547,0.05,19.999
4.548,0.05,19.999
4.549,0.05,19.999
4.55,0.05,19.999
4.551,0.05,19.999
4.552,0.05,19.999
4.553,0.05,19.999
4.554,0.05,19.999
4.555,0.05,19.999
4.556,0.05,19.999
4.557,0.05,19.999
4.558,0.05,19.999
4.559,0.05,19.999
4.56,0.05,19.999
4.561,0.05,19.999
4.562,0.05,19.999
4.563,0.05,19.999
4.564,0.05,19.999
4.565,0.05,19.999
4.566,0.05,19.999
4.567,0.05,19.999
4.568,0.05,19.999
4.569,0.05,19.999
4.57,0.05,19.999
4.571,0.05,19.999
4.572,0.05,19.999
4.573,0.05,19.999
4.574,0.05,19.999
4.575,0.05,19.999
4.576,0.05,19.999
4.577,0.05,19.999
4.578,0.05,19.999
4.579,0.05,19.999
4.58,0.05,19.999
4.581,0.05,19.999
4.582,0.05,19.999
4.583,0.05,19.999
4.584,0.05,19.999
4.585,0.05,19.999
4.586,0.05,19.999
4.587,0.05,19.999
4.588,0.05,19.999
4.589,0.05,19.999
4.59,0.05,19.999
4.591,0.05,19.999
4.592,0.05,19.999
4.593,0.05,19.999
4.594,0.05,19.999
4.595,0.05,19.999
4.596,0.05,19.999
4.597,0.05,19.999
4.598,0.05,19.999
4.599,0.05,19.999
4.6,0.05,19.999
4.601,0.05,19.999
4.602,0.05,19.999
4.603,0.05,19.999
4.604,0.05,19.999
4.605,0.05,19.999
4.606,0.05,19.999
4.607,0.05,19.999
4.608,0.05,19.999
4.609,0.05,19.999
4.61,0.05,19.999
4.611,0.05,19.999
4.612,0.05,19.999
4.613,0.05,19.999
4.614,0.05,19.999
4.615,0.05,19.999
4.616,0.05,19.999
4.617,0.05,19.999
4.618,0.05,19.999
4.619,0.05,19.999
4.62,0.05,19.999
4.621,0.05,19.999
4.622,0.05,19.999
4.623,0.05,19.999
4.624,0.05,19.999
4.625,0.05,19.999
4.626,0.05,19.999
4.627,0.05,19.999
4.628,0.05,19.999
4.629,0.05,19.999
4.63,0.05,19.999
4.631,0.05,19.999
4.632,0.05,19.999
4.633,0.05,19.999
4.634,0.05,19.999
4.635,0.05,19.999
4.636,0.05,19.999
4.637,0.05,19.999
4.638,0.05,19.999
4.639,0.05,19.999
4.64,0.05,19.999
4.641,0.05,19.999
4.642,0.05,19.999
4.643,0.05,19.999
4.644,0.05,19.999
4.645,0.05,19.999
4.646,0.05,19.999
4.647,0.05,19.999
4.648,0.05,19.999
4.649,0.05,19.999
4.65,0.05,19.999
4.651,0.05,19.999
4.652,0.05,19.999
4.653,0.05,19.999
4.654,0.05,19.999
4.655,0.05,19.999
4.656,0.05,19.999
4.657,0.05,19.999
4.658,0.05,19.999
4.659,0.05,19.999
4.66,0.05,19.999
4.661,0.05,19.999
4.662,0.05,19.999
4.663,0.05,19.999
4.664,0.05,19.999
4.665,0.05,19.999
4.666,0.05,19.999
4.667,0.05,19.999
4.668,0.05,19.999
4.669,0.05,19.999
4.67,0.05,19.999
4.671,0.05,19.999
4.672,0.05,19.999
4.673,0.05,19.999
4.674,0.05,19.999
4.675,0.05,19.999
4.676,0.05,19.999
4.677,0.05,19.999
4.678,0.05,19.999
4.679,0.05,19.999
4.68,0.05,19.999
4.681,0.05,19.999
4.682,0.05,19.999
4.683,0.05,19.999
4.684,0.05,19.999
4.685,0.05,19.999
4.686,0.05,19.999
4.687,0.05,19.999
4.688,0.05,19.999
4.689,0.05,19.999
4.69,0.05,19.999
4.691,0.05,19.999
4.692,0.05,19.999
4.693,0.05,19.999
4.694,0.05,19.999
4.695,0.05,19.999
4.696,0.05,19.999
4.697,0.05,19.999
4.698,0.05,19.999
4.699,0.05,19.999
4.7,0.05,19.999
4.701,0.05,19.999
4.702,0.05,19.999
4.703,0.05,19.999
4.704,0.05,19.999
4.705,0.05,19.999
4.706,0.05,19.999
4.707,0.05,19.999
4.708,0.05,19.999
4.709,0.05,19.999
4.71,0.05,19.999
4.711,0.05,19.999
4.712,0.05,19.999
4.713,0.05,19.999
4.714,0.05,19.999
4.715,0.05,19.999
4.716,0.05,19.999
4.717,0.05,19.999
4.718,0.05,19.999
4.719,0.05,19.999
4.72,0.05,19.999
4.721,0.05,19.999
4.722,0.05,19.999
4.723,0.05,19.999
4.724,0.05,19.999
4.725,0.05,19.999
4.726,0.05,19.999
4.727,0.05,19.999
4.728,0.05,19.999
4.729,0.05,19.999
4.73,0.05,19.999
4.731,0.05,19.999
4.732,0.05,19.999
4.733,0.05,19.999
4.734,0.05,19.999
4.735,0.05,19.999
4.736,0.05,19.999
4.737,0.05,19.999
4.738,0.05,19.999
4.739,0.05,19.999
4.74,0.05,19.999
4.741,0.05,19.999
4.742,0.05,19.999
4.743,0.05,19.999
4.744,0.05,19.999
4.745,0.05,19.999
4.746,0.05,19.999
4.747,0.05,19.999
4.748,0.05,19.999
4.749,0.05,19.999
4.75,0.05,19.999
4.751,0.05,19.999
4.752,0.05,19.999
4.753,0.05,19.999
4.754,0.05,19.999
4.755,0.05,19.999
4.756,0.05,19.999
4.757,0.05,19.999
4.758,0.05,19.999
4.759,0.05,19.999
4.76,0.05,19.999
4.761,0.05,19.999
4.762,0.05,19.999
4.763,0.05,19.999
4.764,0.05,19.999
4.765,0.05,19.999
4.766,0.05,19.999
4.767,0.05,19.999
4.768,0.05,19.999
4.769,0.05,19.999
4.77,0.05,19.999
4.771,0.05,19.999
4.772,0.05,19.999
4.773,0.05,19.999
4.774,0.05,19.999
4.775,0.05,19.999
4.776,0.05,19.999
4.777,0.05,19.999
4.778,0.05,19.999
4.779,0.05,19.999
4.78,0.05,19.999
4.781,0.05,19.999
4.782,0.05,19.999
4.783,0.05,19.999
4.784,0.05,19.999
4.785,0.05,19.999
4.786,0.05,19.999
4.787,0.05,19.999
4.788,0.05,19.999
4.789,0.05,19.999
4.79,0.05,19.999
4.791,0.05,19.999
4.792,0.05,19.999
4.793,0.05,19.999
4.794,0.05,19.999
4.795,0.05,19.999
4.796,0.05,19.999
4.797,0.05,19.999
4.798,0.05,19.999
4.799,0.05,19.999
4.8,0.05,19.999
4.801,0.05,19.999
4.802,0.05,19.999
4.803,0.05,19.999
4.804,0.05,19.999
4.805,0.05,19.999
4.806,0.05,19.999
4.807,0.05,19.999
4.808,0.05,19.999
4.809,0.05,19.999
4.81,0.05,19.999
4.811,0.05,19.999
4.812,0.05,19.999
4.813,0.05,19.999
4.814,0.05,19.999
4.815,0.05,19.999
4.816,0.05,19.999
4.817,0.05,19.999
4.818,0.05,19.999
4.819,0.05,19.999
4.82,0.05,19.999
4.821,0.05,19.999
4.822,0.05,19.999
4.823,0.05,19.999
4.824,0.05,19.999
4.825,0.05,19.999
4.826,0.05,19.999
4.827,0.05,19.999
4.828,0.05,19.999
4.829,0.05,19.999
4.83,0.05,19.999
4.831,0.05,19.999
4.832,0.05,19.999
4.833,0.05,19.999
4.834,0.05,19.999
4.835,0.05,19.999
4.836,0.05,19.999
4.837,0.05,19.999
4.838,0.05,19.999
4.839,0.05,19.999
4.84,0.05,19.999
4.841,0.05,19.999
4.842,0.05,19.999
4.843,0.05,19.999
4.844,0.05,19.999
4.845,0.05,19.999
4.846,0.05,19.999
4.847,0.05,19.999
4.848,0.05,19.999
4.849,0.05,19.999
4.85,0.05,19.999
4.851,0.05,19.999
4.852,0.05,19.999
4.853,0.05,19.999
4.854,0.05,19.999
4.855,0.05,19.999
4.856,0.05,19.999
4.857,0.05,19.999
4.858,0.05,19.999
4.859,0.05,19.999
4.86,0.05,19.999
4.861,0.05,19.999
4.862,0.05,19.999
4.863,0.05,19.999
4.864,0.05,19.999
4.865,0.05,19.999
4.866,0.05,19.999
4.867,0.05,19.999
4.868,0.05,19.999
4.869,0.05,19.999
4.87,0.05,19.999
4.871,0.05,19.999
4.872,0.05,19.999
4.873,0.05,19.999
4.874,0.05,19.999
4.875,0.05,19.999
4.876,0.05,19.999
4.877,0.05,19.999
4.878,0.05,19.999
4.879,0.05,19.999
4.88,0.05,19.999
4.881,0.05,19.999
4.882,0.05,19.999
4.883,0.05,19.999
4.884,0.05,19.999
4.885,0.05,19.999
4.886,0.05,19.999
4.887,0.05,19.999
4.888,0.05,19.999
4.889,0.05,19.999
4.89,0.05,19.999
4.891,0.05,19.999
4.892,0.05,19.999
4.893,0.05,19.999
4.894,0.05,19.999
4.895,0.05,19.999
4.896,0.05,19.999
4.897,0.05,19.999
4.898,0.05,19.999
4.899,0.05,19.999
4.9,0.05,19.999
4.901,0.05,19.999
4.902,0.05,19.999
4.903,0.05,19.999
4.904,0.05,19.999
4.905,0.05,19.999
4.906,0.05,19.999
4.907,0.05,19.999
4.908,0.05,19.999
4.909,0.05,19.999
4.91,0.05,19.999
4.911,0.05,19.999
4.912,0.05,19.999
4.913,0.05,19.999
4.914,0.05,19.999
4.915,0.05,19.999
4.916,0.05,19.999
4.917,0.05,19.999
4.918,0.05,19.999
4.919,0.05,19.999
4.92,0.05,19.999
4.921,0.05,19.999
4.922,0.05,19.999
4.923,0.05,19.999
4.924,0.05,19.999
4.925,0.05,19.999
4.926,0.05,19.999
4.927,0.05,19.999
4.928,0.05,19.999
4.929,0.05,19.999
4.93,0.05,19.999
4.931,0.05,19.999
4.932,0.05,19.999
4.933,0.05,19.999
4.934,0.05,19.999
4.935,0.05,19.999
4.936,0.05,19.999
4.937,0.05,19.999
4.938,0.05,19.999
4.939,0.05,19.999
4.94,0.05,19.999
4.941,0.05,19.999
4.942,0.05,19.999
4.943,0.05,19.999
4.944,0.05,19.999
4.945,0.05,19.999
4.946,0.05,19.999
4.947,0.05,19.999
4.948,0.05,19.999
4.949,0.05,19.999
4.95,0.05,19.999
4.951,0.05,19.999
4.952,0.05,19.999
4.953,0.05,19.999
4.954,0.05,19.999
4.955,0.05,19.999
4.956,0.05,19.999
4.957,0.05,19.999
4.958,0.05,19.999
4.959,0.05,19.999
4.96,0.05,19.999
4.961,0.05,19.999
4.962,0.05,19.999
4.963,0.05,19.999
4.964,0.05,19.999
4.965,0.05,19.999
4.966,0.05,19.999
4.967,0.05,19.999
4.968,0.05,19.999
4.969,0.05,19.999
4.97,0.05,19.999
4.971,0.05,19.999
4.972,0.05,19.999
4.973,0.05,19.999
4.974,0.05,19.999
4.975,0.05,19.999
4.976,0.05,19.999
4.977,0.05,19.999
4.978,0.05,19.999
4.979,0.05,19.999
4.98,0.05,19.999
4.981,0.05,19.999
4.982,0.05,19.999
4.983,0.05,19.999
4.984,0.05,19.999
4.985,0.05,19.999
4.986,0.05,19.999
4.987,0.05,19.999
4.988,0.05,19.999
4.989,0.05,19.999
4.99,0.05,19.999
4.991,0.05,19.999
4.992,0.05,19.999
4.993,0.05,19.999
4.994,0.05,19.999
4.995,0.05,19.999
4.996,0.05,19.999
4.997,0.05,19.999
4.998,0.05,19.999
4.999,0.05,19.999
5,0.05,19.999
5.001,0.05,19.999
5.002,0.05,19.999
5.003,0.05,19.999
5.004,0.05,19.999
5.005,0.05,19.999
5.006,0.05,19.999
5.007,0.05,19.999
5.008,0.05,19.999
5.009,0.05,19.999
5.01,0.05,19.999
5.011,0.05,19.999
5.012,0.05,19.999
5.013,0.05,19.999
5.014,0.05,19.999
5.015,0.05,19.999
5.016,0.05,19.999
5.017,0.05,19.999
5.018,0.05,19.999
5.019,0.05,19.999
5.02,0.05,19.999
5.021,0.05,19.999
5.022,0.05,19.999
5.023,0.05,19.999
5.024,0.05,19.999
5.025,0.05,19.999
5.026,0.05,19.999
5.027,0.05,19.999
5.028,0.05,19.999
5.029,0.05,19.999
5.03,0.05,19.999
5.031,0.05,19.999
5.032,0.05,19.999
5.033,0.05,19.999
5.034,0.05,19.999
5.035,0.05,19.999
5.036,0.05,19.999
5.037,0.05,19.999
5.038,0.05,19.999
5.039,0.05,19.999
5.04,0.05,19.999
5.041,0.05,19.999
5.042,0.05,19.999
5.043,0.05,19.999
5.044,0.05,19.999
5.045,0.05,19.999
5.046,0.05,19.999
5.047,0.05,19.999
5.048,0.05,19.999
5.049,0.05,19.999
5.05,0.05,19.999
5.051,0.05,19.999
5.052,0.05,19.999
5.053,0.05,19.999
5.054,0.05,19.999
5.055,0.05,19.999
5.056,0.05,19.999
5.057,0.05,19.999
5.058,0.05,19.999
5.059,0.05,19.999
5.06,0.05,19.999
5.061,0.05,19.999
5.062,0.05,19.999
5.063,0.05,19.999
5.064,0.05,19.999
5.065,0.05,19.999
5.066,0.05,19.999
5.067,0.05,19.999
5.068,0.05,19.999
5.069,0.05,19.999
5.07,0.05,19.999
5.071,0.05,19.999
5.072,0.05,19.999
5.073,0.05,19.999
5.074,0.05,19.999
5.075,0.05,19.999
5.076,0.05,19.999
5.077,0.05,19.999
5.078,0.05,19.999
5.079,0.05,19.999
5.08,0.05,19.999
5.081,0.05,19.999
5.082,0.05,19.999
5.083,0.05,19.999
5.084,0.05,19.999
5.085,0.05,19.999
5.086,0.05,19.999
5.087,0.05,19.999
5.088,0.05,19.999
5.089,0.05,19.999
5.09,0.05,19.999
5.091,0.05,19.999
5.092,0.05,19.999
5.093,0.05,19.999
5.094,0.05,19.999
5.095,0.05,19.999
5.096,0.05,19.999
5.097,0.05,19.999
5.098,0.05,19.999
5.099,0.05,19.999
5.1,0.05,19.999
5.101,0.05,19.999
5.102,0.05,19.999
5.103,0.05,19.999
5.104,0.05,19.999
5.105,0.05,19.999
5.106,0.05,19.999
5.107,0.05,19.999
5.108,0.05,19.999
5.109,0.05,19.999
5.11,0.05,19.999
5.111,0.05,19.999
5.112,0.05,19.999
5.113,0.05,19.999
5.114,0.05,19.999
5.115,0.05,19.999
5.116,0.05,19.999
5.117,0.05,19.999
5.118,0.05,19.999
5.119,0.05,19.999
5.12,0.05,19.999
5.121,0.05,19.999
5.122,0.05,19.999
5.123,0.05,19.999
5.124,0.05,19.999
5.125,0.05,19.999
5.126,0.05,19.999
5.127,0.05,19.999
5.128,0.05,19.999
5.129,0.05,19.999
5.13,0.05,19.999
5.131,0.05,19.999
5.132,0.05,19.999
5.133,0.05,19.999
5.134,0.05,19.999
5.135,0.05,19.999
5.136,0.05,19.999
5.137,0.05,19.999
5.138,0.05,19.999
5.139,0.05,19.999
5.14,0.05,19.999
5.141,0.05,19.999
5.142,0.05,19.999
5.143,0.05,19.999
5.144,0.05,19.999
5.145,0.05,19.999
5.146,0.05,19.999
5.147,0.05,19.999
5.148,0.05,19.999
5.149,0.05,19.999
5.15,0.05,19.999
5.151,0.05,19.999
5.152,0.05,19.999
5.153,0.05,19.999
5.154,0.05,19.999
5.155,0.05,19.999
5.156,0.05,19.999
5.157,0.05,19.999
5.158,0.05,19.999
5.159,0.05,19.999
5.16,0.05,19.999
5.161,0.05,19.999
5.162,0.05,19.999
5.163,0.05,19.999
5.164,0.05,19.999
5.165,0.05,19.999
5.166,0.05,19.999
5.167,0.05,19.999
5.168,0.05,19.999
5.169,0.05,19.999
5.17,0.05,19.999
5.171,0.05,19.999
5.172,0.05,19.999
5.173,0.05,19.999
5.174,0.05,19.999
5.175,0.05,19.999
5.176,0.05,19.999
5.177,0.05,19.999
5.178,0.05,19.999
5.179,0.05,19.999
5.18,0.05,19.999
5.181,0.05,19.999
5.182,0.05,19.999
5.183,0.05,19.999
5.184,0.05,19.999
5.185,0.05,19.999
5.186,0.05,19.999
5.187,0.05,19.999
5.188,0.05,19.999
5.189,0.05,19.999
5.19,0.05,19.999
5.191,0.05,19.999
5.192,0.05,19.999
5.193,0.05,19.999
5.194,0.05,19.999
5.195,0.05,19.999
5.196,0.05,19.999
5.197,0.05,19.999
5.198,0.05,19.999
5.199,0.05,19.999
5.2,0.05,19.999
5.201,0.05,19.999
5.202,0.05,19.999
5.203,0.05,19.999
5.204,0.05,19.999
5.205,0.05,19.999
5.206,0.05,19.999
5.207,0.05,19.999
5.208,0.05,19.999
5.209,0.05,19.999
5.21,0.05,19.999
5.211,0.05,19.999
5.212,0.05,19.999
5.213,0.05,19.999
5.214,0.05,19.999
5.215,0.05,19.999
5.216,0.05,19.999
5.217,0.05,19.999
5.218,0.05,19.999
5.219,0.05,19.999
5.22,0.05,19.999
5.221,0.05,19.999
5.222,0.05,19.999
5.223,0.05,19.999
5.224,0.05,19.999
5.225,0.05,19.999
5.226,0.05,19.999
5.227,0.05,19.999
5.228,0.05,19.999
5.229,0.05,19.999
5.23,0.05,19.999
5.231,0.05,19.999
5.232,0.05,19.999
5.233,0.05,19.999
5.234,0.05,19.999
5.235,0.05,19.999
5.236,0.05,19.999
5.237,0.05,19.999
5.238,0.05,19.999
5.239,0.05,19.999
5.24,0.05,19.999
5.241,0.05,19.999
5.242,0.05,19.999
5.243,0.05,19.999
5.244,0.05,19.999
5.245,0.05,19.999
5.246,0.05,19.999
5.247,0.05,19.999
5.248,0.05,19.999
5.249,0.05,19.999
5.25,0.05,19.999
5.251,0.05,19.999
5.252,0.05,19.999
5.253,0.05,19.999
5.254,0.05,19.999
5.255,0.05,19.999
5.256,0.05,19.999
5.257,0.05,19.999
5.258,0.05,19.999
5.259,0.05,19.999
5.26,0.05,19.999
5.261,0.05,19.999
5.262,0.05,19.999
5.263,0.05,19.999
5.264,0.05,19.999
5.265,0.05,19.999
5.266,0.05,19.999
5.267,0.05,19.999
5.268,0.05,19.999
5.269,0.05,19.999
5.27,0.05,19.999
5.271,0.05,19.999
5.272,0.05,19.999
5.273,0.05,19.999
5.274,0.05,19.999
5.275,0.05,19.999
5.276,0.05,19.999
5.277,0.05,19.999
5.278,0.05,19.999
5.279,0.05,19.999
5.28,0.05,19.999
5.281,0.05,19.999
5.282,0.05,19.999
5.283,0.05,19.999
5.284,0.05,19.999
5.285,0.05,19.999
5.286,0.05,19.999
5.287,0.05,19.999
5.288,0.05,19.999
5.289,0.05,19.999
5.29,0.05,19.999
5.291,0.05,19.999
5.292,0.05,19.999
5.293,0.05,19.999
5.294,0.05,19.999
5.295,0.05,19.999
5.296,0.05,19.999
5.297,0.05,19.999
5.298,0.05,19.999
5.299,0.05,19.999
5.3,0.05,19.999
5.301,0.05,19.999
5.302,0.05,19.999
5.303,0.05,19.999
5.304,0.05,19.999
5.305,0.05,19.999
5.306,0.05,19.999
5.307,0.05,19.999
5.308,0.05,19.999
5.309,0.05,19.999
5.31,0.05,19.999
5.311,0.05,19.999
5.312,0.05,19.999
5.313,0.05,19.999
5.314,0.05,19.999
5.315,0.05,19.999
5.316,0.05,19.999
5.317,0.05,19.999
5.318,0.05,19.999
5.319,0.05,19.999
5.32,0.05,19.999
5.321,0.05,19.999
5.322,0.05,19.999
5.323,0.05,19.999
5.324,0.05,19.999
5.325,0.05,19.999
5.326,0.05,19.999
5.327,0.05,19.999
5.328,0.05,19.999
5.329,0.05,19.999
5.33,0.05,19.999
5.331,0.05,19.999
5.332,0.05,19.999
5.333,0.05,19.999
5.334,0.05,19.999
5.335,0.05,19.999
5.336,0.05,19.999
5.337,0.05,19.999
5.338,0.05,19.999
5.339,0.05,19.999
5.34,0.05,19.999
5.341,0.05,19.999
5.342,0.05,19.999
5.343,0.05,19.999
5.344,0.05,19.999
5.345,0.05,19.999
5.346,0.05,19.999
5.347,0.05,19.999
5.348,0.05,19.999
5.349,0.05,19.999
5.35,0.05,19.999
5.351,0.05,19.999
5.352,0.05,19.999
5.353,0.05,19.999
5.354,0.05,19.999
5.355,0.05,19.999
5.356,0.05,19.999
5.357,0.05,19.999
5.358,0.05,19.999
5.359,0.05,19.999
5.36,0.05,19.999
5.361,0.05,19.999
5.362,0.05,19.999
5.363,0.05,19.999
5.364,0.05,19.999
5.365,0.05,19.999
5.366,0.05,19.999
5.367,0.05,19.999
5.368,0.05,19.999
5.369,0.05,19.999
5.37,0.05,19.999
5.371,0.05,19.999
5.372,0.05,19.999
5.373,0.05,19.999
5.374,0.05,19.999
5.375,0.05,19.999
5.376,0.05,19.999
5.377,0.05,19.999
5.378,0.05,19.999
5.379,0.05,19.999
5.38,0.05,19.999
5.381,0.05,19.999
5.382,0.05,19.999
5.383,0.05,19.999
5.384,0.05,19.999
5.385,0.05,19.999
5.386,0.05,19.999
5.387,0.05,19.999
5.388,0.05,19.999
5.389,0.05,19.999
5.39,0.05,19.999
5.391,0.05,19.999
5.392,0.05,19.999
5.393,0.05,19.999
5.394,0.05,19.999
5.395,0.05,19.999
5.396,0.05,19.999
5.397,0.05,19.999
5.398,0.05,19.999
5.399,0.05,19.999
5.4,0.05,19.999
5.401,0.05,19.999
5.402,0.05,19.999
5.403,0.05,19.999
5.404,0.05,19.999
5.405,0.05,19.999
5.406,0.05,19.999
5.407,0.05,19.999
5.408,0.05,19.999
5.409,0.05,19.999
5.41,0.05,19.999
5.411,0.05,19.999
5.412,0.05,19.999
5.413,0.05,19.999
5.414,0.05,19.999
5.415,0.05,19.999
5.416,0.05,19.999
5.417,0.05,19.999
5.418,0.05,19.999
5.419,0.05,19.999
5.42,0.05,19.999
5.421,0.05,19.999
5.422,0.05,19.999
5.423,0.05,19.999
5.424,0.05,19.999
5.425,0.05,19.999
5.426,0.05,19.999
5.427,0.05,19.999
5.428,0.05,19.999
5.429,0.05,19.999
5.43,0.05,19.999
5.431,0.05,19.999
5.432,0.05,19.999
5.433,0.05,19.999
5.434,0.05,19.999
5.435,0.05,19.999
5.436,0.05,19.999
5.437,0.05,19.999
5.438,0.05,19.999
5.439,0.05,19.999
5.44,0.05,19.999
5.441,0.05,19.999
5.442,0.05,19.999
5.443,0.05,19.999
5.444,0.05,19.999
5.445,0.05,19.999
5.446,0.05,19.999
5.447,0.05,19.999
5.448,0.05,19.999
5.449,0.05,19.999
5.45,0.05,19.999
5.451,0.05,19.999
5.452,0.05,19.999
5.453,0.05,19.999
5.454,0.05,19.999
5.455,0.05,19.999
5.456,0.05,19.999
5.457,0.05,19.999
5.458,0.05,19.999
5.459,0.05,19.999
5.46,0.05,19.999
5.461,0.05,19.999
5.462,0.05,19.999
5.463,0.05,19.999
5.464,0.05,19.999
5.465,0.05,19.999
5.466,0.05,19.999
5.467,0.05,19.999
5.468,0.05,19.999
5.469,0.05,19.999
5.47,0.05,19.999
5.471,0.05,19.999
5.472,0.05,19.999
5.473,0.05,19.999
5.474,0.05,19.999
5.475,0.05,19.999
5.476,0.05,19.999
5.477,0.05,19.999
5.478,0.05,19.999
5.479,0.05,19.999
5.48,0.05,19.999
5.481,0.05,19.999
5.482,0.05,19.999
5.483,0.05,19.999
5.484,0.05,19.999
5.485,0.05,19.999
5.486,0.05,19.999
5.487,0.05,19.999
5.488,0.05,19.999
5.489,0.05,19.999
5.49,0.05,19.999
5.491,0.05,19.999
5.492,0.05,19.999
5.493,0.05,19.999
5.494,0.05,19.999
5.495,0.05,19.999
5.496,0.05,19.999
5.497,0.05,19.999
5.498,0.05,19.999
5.499,0.05,19.999
5.5,0.05,19.999
5.501,0.05,19.999
5.502,0.05,19.999
5.503,0.05,19.999
5.504,0.05,19.999
5.505,0.05,19.999
5.506,0.05,19.999
5.507,0.05,19.999
5.508,0.05,19.999
5.509,0.05,19.999
5.51,0.05,19.999
5.511,0.05,19.999
5.512,0.05,19.999
5.513,0.05,19.999
5.514,0.05,19.999
5.515,0.05,19.999
5.516,0.05,19.999
5.517,0.05,19.999
5.518,0.05,19.999
5.519,0.05,19.999
5.52,0.05,19.999
5.521,0.05,19.999
5.522,0.05,19.999
5.523,0.05,19.999
5.524,0.05,19.999
5.525,0.05,19.999
5.526,0.05,19.999
5.527,0.05,19.999
5.528,0.05,19.999
5.529,0.05,19.999
5.53,0.05,19.999
5.531,0.05,19.999
5.532,0.05,19.999
5.533,0.05,19.999
5.534,0.05,19.999
5.535,0.05,19.999
5.536,0.05,19.999
5.537,0.05,19.999
5.538,0.05,19.999
5.539,0.05,19.999
5.54,0.05,19.999
5.541,0.05,19.999
5.542,0.05,19.999
5.543,0.05,19.999
5.544,0.05,19.999
5.545,0.05,19.999
5.546,0.05,19.999
5.547,0.05,19.999
5.548,0.05,19.999
5.549,0.05,19.999
5.55,0.05,19.999
5.551,0.05,19.999
5.552,0.05,19.999
5.553,0.05,19.999
5.554,0.05,19.999
5.555,0.05,19.999
5.556,0.05,19.999
5.557,0.05,19.999
5.558,0.05,19.999
5.559,0.05,19.999
5.56,0.05,19.999
5.561,0.05,19.999
5.562,0.05,19.999
5.563,0.05,19.999
5.564,0.05,19.999
5.565,0.05,19.999
5.566,0.05,19.999
5.567,0.05,19.999
5.568,0.05,19.999
5.569,0.05,19.999
5.57,0.05,19.999
5.571,0.05,19.999
5.572,0.05,19.999
5.573,0.05,19.999
5.574,0.05,19.999
5.575,0.05,19.999
5.576,0.05,19.999
5.577,0.05,19.999
5.578,0.05,19.999
5.579,0.05,19.999
5.58,0.05,19.999
5.581,0.05,19.999
5.582,0.05,19.999
5.583,0.05,19.999
5.584,0.05,19.999
5.585,0.05,19.999
5.586,0.05,19.999
5.587,0.05,19.999
5.588,0.05,19.999
5.589,0.05,19.999
5.59,0.05,19.999
5.591,0.05,19.999
5.592,0.05,19.999
5.593,0.05,19.999
5.594,0.05,19.999
5.595,0.05,19.999
5.596,0.05,19.999
5.597,0.05,19.999
5.598,0.05,19.999
5.599,0.05,19.999
5.6,0.05,19.999
5.601,0.05,19.999
5.602,0.05,19.999
5.603,0.05,19.999
5.604,0.05,19.999
5.605,0.05,19.999
5.606,0.05,19.999
5.607,0.05,19.999
5.608,0.05,19.999
5.609,0.05,19.999
5.61,0.05,19.999
5.611,0.05,19.999
5.612,0.05,19.999
5.613,0.05,19.999
5.614,0.05,19.999
5.615,0.05,19.999
5.616,0.05,19.999
5.617,0.05,19.999
5.618,0.05,19.999
5.619,0.05,19.999
5.62,0.05,19.999
5.621,0.05,19.999
5.622,0.05,19.999
5.623,0.05,19.999
5.624,0.05,19.999
5.625,0.05,19.999
5.626,0.05,19.999
5.627,0.05,19.999
5.628,0.05,19.999
5.629,0.05,19.999
5.63,0.05,19.999
5.631,0.05,19.999
5.632,0.05,19.999
5.633,0.05,19.999
5.634,0.05,19.999
5.635,0.05,19.999
5.636,0.05,19.999
5.637,0.05,19.999
5.638,0.05,19.999
5.639,0.05,19.999
5.64,0.05,19.999
5.641,0.05,19.999
5.642,0.05,19.999
5.643,0.05,19.999
5.644,0.05,19.999
5.645,0.05,19.999
5.646,0.05,19.999
5.647,0.05,19.999
5.648,0.05,19.999
5.649,0.05,19.999
5.65,0.05,19.999
5.651,0.05,19.999
5.652,0.05,19.999
5.653,0.05,19.999
5.654,0.05,19.999
5.655,0.05,19.999
5.656,0.05,19.999
5.657,0.05,19.999
5.658,0.05,19.999
5.659,0.05,19.999
5.66,0.05,19.999
5.661,0.05,19.999
5.662,0.05,19.999
5.663,0.05,19.999
5.664,0.05,19.999
5.665,0.05,19.999
5.666,0.05,19.999
5.667,0.05,19.999
5.668,0.05,19.999
5.669,0.05,19.999
5.67,0.05,19.999
5.671,0.05,19.999
5.672,0.05,19.999
5.673,0.05,19.999
5.674,0.05,19.999
5.675,0.05,19.999
5.676,0.05,19.999
5.677,0.05,19.999
5.678,0.05,19.999
5.679,0.05,19.999
5.68,0.05,19.999
5.681,0.05,19.999
5.682,0.05,19.999
5.683,0.05,19.999
5.684,0.05,19.999
5.685,0.05,19.999
5.686,0.05,19.999
5.687,0.05,19.999
5.688,0.05,19.999
5.689,0.05,19.999
5.69,0.05,19.999
5.691,0.05,19.999
5.692,0.05,19.999
5.693,0.05,19.999
5.694,0.05,19.999
5.695,0.05,19.999
5.696,0.05,19.999
5.697,0.05,19.999
5.698,0.05,19.999
5.699,0.05,19.999
5.7,0.05,19.999
5.701,0.05,19.999
5.702,0.05,19.999
5.703,0.05,19.999
5.704,0.05,19.999
5.705,0.05,19.999
5.706,0.05,19.999
5.707,0.05,19.999
5.708,0.05,19.999
5.709,0.05,19.999
5.71,0.05,19.999
5.711,0.05,19.999
5.712,0.05,19.999
5.713,0.05,19.999
5.714,0.05,19.999
5.715,0.05,19.999
5.716,0.05,19.999
5.717,0.05,19.999
5.718,0.05,19.999
5.719,0.05,19.999
5.72,0.05,19.999
5.721,0.05,19.999
5.722,0.05,19.999
5.723,0.05,19.999
5.724,0.05,19.999
5.725,0.05,19.999
5.726,0.05,19.999
5.727,0.05,19.999
5.728,0.05,19.999
5.729,0.05,19.999
5.73,0.05,19.999
5.731,0.05,19.999
5.732,0.05,19.999
5.733,0.05,19.999
5.734,0.05,19.999
5.735,0.05,19.999
5.736,0.05,19.999
5.737,0.05,19.999
5.738,0.05,19.999
5.739,0.05,19.999
5.74,0.05,19.999
5.741,0.05,19.999
5.742,0.05,19.999
5.743,0.05,19.999
5.744,0.05,19.999
5.745,0.05,19.999
5.746,0.05,19.999
5.747,0.05,19.999
5.748,0.05,19.999
5.749,0.05,19.999
5.75,0.05,19.999
5.751,0.05,19.999
5.752,0.05,19.999
5.753,0.05,19.999
5.754,0.05,19.999
5.755,0.05,19.999
5.756,0.05,19.999
5.757,0.05,19.999
5.758,0.05,19.999
5.759,0.05,19.999
5.76,0.05,19.999
5.761,0.05,19.999
5.762,0.05,19.999
5.763,0.05,19.999
5.764,0.05,19.999
5.765,0.05,19.999
5.766,0.05,19.999
5.767,0.05,19.999
5.768,0.05,19.999
5.769,0.05,19.999
5.77,0.05,19.999
5.771,0.05,19.999
5.772,0.05,19.999
5.773,0.05,19.999
5.774,0.05,19.999
5.775,0.05,19.999
5.776,0.05,19.999
5.777,0.05,19.999
5.778,0.05,19.999
5.779,0.05,19.999
5.78,0.05,19.999
5.781,0.05,19.999
5.782,0.05,19.999
5.783,0.05,19.999
5.784,0.05,19.999
5.785,0.05,19.999
5.786,0.05,19.999
5.787,0.05,19.999
5.788,0.05,19.999
5.789,0.05,19.999
5.79,0.05,19.999
5.791,0.05,19.999
5.792,0.05,19.999
5.793,0.05,19.999
5.794,0.05,19.999
5.795,0.05,19.999
5.796,0.05,19.999
5.797,0.05,19.999
5.798,0.05,19.999
5.799,0.05,19.999
5.8,0.05,19.999
5.801,0.05,19.999
5.802,0.05,19.999
5.803,0.05,19.999
5.804,0.05,19.999
5.805,0.05,19.999
5.806,0.05,19.999
5.807,0.05,19.999
5.808,0.05,19.999
5.809,0.05,19.999
5.81,0.05,19.999
5.811,0.05,19.999
5.812,0.05,19.999
5.813,0.05,19.999
5.814,0.05,19.999
5.815,0.05,19.999
5.816,0.05,19.999
5.817,0.05,19.999
5.818,0.05,19.999
5.819,0.05,19.999
5.82,0.05,19.999
5.821,0.05,19.999
5.822,0.05,19.999
5.823,0.05,19.999
5.824,0.05,19.999
5.825,0.05,19.999
5.826,0.05,19.999
5.827,0.05,19.999
5.828,0.05,19.999
5.829,0.05,19.999
5.83,0.05,19.999
5.831,0.05,19.999
5.832,0.05,19.999
5.833,0.05,19.999
5.834,0.05,19.999
5.835,0.05,19.999
5.836,0.05,19.999
5.837,0.05,19.999
5.838,0.05,19.999
5.839,0.05,19.999
5.84,0.05,19.999
5.841,0.05,19.999
5.842,0.05,19.999
5.843,0.05,19.999
5.844,0.05,19.999
5.845,0.05,19.999
5.846,0.05,19.999
5.847,0.05,19.999
5.848,0.05,19.999
5.849,0.05,19.999
5.85,0.05,19.999
5.851,0.05,19.999
5.852,0.05,19.999
5.853,0.05,19.999
5.854,0.05,19.999
5.855,0.05,19.999
5.856,0.05,19.999
5.857,0.05,19.999
5.858,0.05,19.999
5.859,0.05,19.999
5.86,0.05,19.999
5.861,0.05,19.999
5.862,0.05,19.999
5.863,0.05,19.999
5.864,0.05,19.999
5.865,0.05,19.999
5.866,0.05,19.999
5.867,0.05,19.999
5.868,0.05,19.999
5.869,0.05,19.999
5.87,0.05,19.999
5.871,0.05,19.999
5.872,0.05,19.999
5.873,0.05,19.999
5.874,0.05,19.999
5.875,0.05,19.999
5.876,0.05,19.999
5.877,0.05,19.999
5.878,0.05,19.999
5.879,0.05,19.999
5.88,0.05,19.999
5.881,0.05,19.999
5.882,0.05,19.999
5.883,0.05,19.999
5.884,0.05,19.999
5.885,0.05,19.999
5.886,0.05,19.999
5.887,0.05,19.999
5.888,0.05,19.999
5.889,0.05,19.999
5.89,0.05,19.999
5.891,0.05,19.999
5.892,0.05,19.999
5.893,0.05,19.999
5.894,0.05,19.999
5.895,0.05,19.999
5.896,0.05,19.999
5.897,0.05,19.999
5.898,0.05,19.999
5.899,0.05,19.999
5.9,0.05,19.999
5.901,0.05,19.999
5.902,0.05,19.999
5.903,0.05,19.999
5.904,0.05,19.999
5.905,0.05,19.999
5.906,0.05,19.999
5.907,0.05,19.999
5.908,0.05,19.999
5.909,0.05,19.999
5.91,0.05,19.999
5.911,0.05,19.999
5.912,0.05,19.999
5.913,0.05,19.999
5.914,0.05,19.999
5.915,0.05,19.999
5.916,0.05,19.999
5.917,0.05,19.999
5.918,0.05,19.999
5.919,0.05,19.999
5.92,0.05,19.999
5.921,0.05,19.999
5.922,0.05,19.999
5.923,0.05,19.999
5.924,0.05,19.999
5.925,0.05,19.999
5.926,0.05,19.999
5.927,0.05,19.999
5.928,0.05,19.999
5.929,0.05,19.999
5.93,0.05,19.999
5.931,0.05,19.999
5.932,0.05,19.999
5.933,0.05,19.999
5.934,0.05,19.999
5.935,0.05,19.999
5.936,0.05,19.999
5.937,0.05,19.999
5.938,0.05,19.999
5.939,0.05,19.999
5.94,0.05,19.999
5.941,0.05,19.999
5.942,0.05,19.999
5.943,0.05,19.999
5.944,0.05,19.999
5.945,0.05,19.999
5.946,0.05,19.999
5.947,0.05,19.999
5.948,0.05,19.999
5.949,0.05,19.999
5.95,0.05,19.999
5.951,0.05,19.999
5.952,0.05,19.999
5.953,0.05,19.999
5.954,0.05,19.999
5.955,0.05,19.999
5.956,0.05,19.999
5.957,0.05,19.999
5.958,0.05,19.999
5.959,0.05,19.999
5.96,0.05,19.999
5.961,0.05,19.999
5.962,0.05,19.999
5.963,0.05,19.999
5.964,0.05,19.999
5.965,0.05,19.999
5.966,0.05,19.999
5.967,0.05,19.999
5.968,0.05,19.999
5.969,0.05,19.999
5.97,0.05,19.999
5.971,0.05,19.999
5.972,0.05,19.999
5.973,0.05,19.999
5.974,0.05,19.999
5.975,0.05,19.999
5.976,0.05,19.999
5.977,0.05,19.999
5.978,0.05,19.999
5.979,0.05,19.999
5.98,0.05,19.999
5.981,0.05,19.999
5.982,0.05,19.999
5.983,0.05,19.999
5.984,0.05,19.999
5.985,0.05,19.999
5.986,0.05,19.999
5.987,0.05,19.999
5.988,0.05,19.999
5.989,0.05,19.999
5.99,0.05,19.999
5.991,0.05,19.999
5.992,0.05,19.999
5.993,0.05,19.999
5.994,0.05,19.999
5.995,0.05,19.999
5.996,0.05,19.999
5.997,0.05,19.999
5.998,0.05,19.999
5.999,0.05,19.999
6,0.05,19.999
6.001,0.05,19.999
6.002,0.05,19.999
6.003,0.05,19.999
6.004,0.05,19.999
6.005,0.05,19.999
6.006,0.05,19.999
6.007,0.05,19.999
6.008,0.05,19.999
6.009,0.05,19.999
6.01,0.05,19.999
6.011,0.05,19.999
6.012,0.05,19.999
6.013,0.05,19.999
6.014,0.05,19.999
6.015,0.05,19.999
6.016,0.05,19.999
6.017,0.05,19.999
6.018,0.05,19.999
6.019,0.05,19.999
6.02,0.05,19.999
6.021,0.05,19.999
6.022,0.05,19.999
6.023,0.05,19.999
6.024,0.05,19.999
6.025,0.05,19.999
6.026,0.05,19.999
6.027,0.05,19.999
6.028,0.05,19.999
6.029,0.05,19.999
6.03,0.05,19.999
6.031,0.05,19.999
6.032,0.05,19.999
6.033,0.05,19.999
6.034,0.05,19.999
6.035,0.05,19.999
6.036,0.05,19.999
6.037,0.05,19.999
6.038,0.05,19.999
6.039,0.05,19.999
6.04,0.05,19.999
6.041,0.05,19.999
6.042,0.05,19.999
6.043,0.05,19.999
6.044,0.05,19.999
6.045,0.05,19.999
6.046,0.05,19.999
6.047,0.05,19.999
6.048,0.05,19.999
6.049,0.05,19.999
6.05,0.05,19.999
6.051,0.05,19.999
6.052,0.05,19.999
6.053,0.05,19.999
6.054,0.05,19.999
6.055,0.05,19.999
6.056,0.05,19.999
6.057,0.05,19.999
6.058,0.05,19.999
6.059,0.05,19.999
6.06,0.05,19.999
6.061,0.05,19.999
6.062,0.05,19.999
6.063,0.05,19.999
6.064,0.05,19.999
6.065,0.05,19.999
6.066,0.05,19.999
6.067,0.05,19.999
6.068,0.05,19.999
6.069,0.05,19.999
6.07,0.05,19.999
6.071,0.05,19.999
6.072,0.05,19.999
6.073,0.05,19.999
6.074,0.05,19.999
6.075,0.05,19.999
6.076,0.05,19.999
6.077,0.05,19.999
6.078,0.05,19.999
6.079,0.05,19.999
6.08,0.05,19.999
6.081,0.05,19.999
6.082,0.05,19.999
6.083,0.05,19.999
6.084,0.05,19.999
6.085,0.05,19.999
6.086,0.05,19.999
6.087,0.05,19.999
6.088,0.05,19.999
6.089,0.05,19.999
6.09,0.05,19.999
6.091,0.05,19.999
6.092,0.05,19.999
6.093,0.05,19.999
6.094,0.05,19.999
6.095,0.05,19.999
6.096,0.05,19.999
6.097,0.05,19.999
6.098,0.05,19.999
6.099,0.05,19.999
6.1,0.05,19.999
6.101,0.05,19.999
6.102,0.05,19.999
6.103,0.05,19.999
6.104,0.05,19.999
6.105,0.05,19.999
6.106,0.05,19.999
6.107,0.05,19.999
6.108,0.05,19.999
6.109,0.05,19.999
6.11,0.05,19.999
6.111,0.05,19.999
6.112,0.05,19.999
6.113,0.05,19.999
6.114,0.05,19.999
6.115,0.05,19.999
6.116,0.05,19.999
6.117,0.05,19.999
6.118,0.05,19.999
6.119,0.05,19.999
6.12,0.05,19.999
6.121,0.05,19.999
6.122,0.05,19.999
6.123,0.05,19.999
6.124,0.05,19.999
6.125,0.05,19.999
6.126,0.05,19.999
6.127,0.05,19.999
6.128,0.05,19.999
6.129,0.05,19.999
6.13,0.05,19.999
6.131,0.05,19.999
6.132,0.05,19.999
6.133,0.05,19.999
6.134,0.05,19.999
6.135,0.05,19.999
6.136,0.05,19.999
6.137,0.05,19.999
6.138,0.05,19.999
6.139,0.05,19.999
6.14,0.05,19.999
6.141,0.05,19.999
6.142,0.05,19.999
6.143,0.05,19.999
6.144,0.05,19.999
6.145,0.05,19.999
6.146,0.05,19.999
6.147,0.05,19.999
6.148,0.05,19.999
6.149,0.05,19.999
6.15,0.05,19.999
6.151,0.05,19.999
6.152,0.05,19.999
6.153,0.05,19.999
6.154,0.05,19.999
6.155,0.05,19.999
6.156,0.05,19.999
6.157,0.05,19.999
6.158,0.05,19.999
6.159,0.05,19.999
6.16,0.05,19.999
6.161,0.05,19.999
6.162,0.05,19.999
6.163,0.05,19.999
6.164,0.05,19.999
6.165,0.05,19.999
6.166,0.05,19.999
6.167,0.05,19.999
6.168,0.05,19.999
6.169,0.05,19.999
6.17,0.05,19.999
6.171,0.05,19.999
6.172,0.05,19.999
6.173,0.05,19.999
6.174,0.05,19.999
6.175,0.05,19.999
6.176,0.05,19.999
6.177,0.05,19.999
6.178,0.05,19.999
6.179,0.05,19.999
6.18,0.05,19.999
6.181,0.05,19.999
6.182,0.05,19.999
6.183,0.05,19.999
6.184,0.05,19.999
6.185,0.05,19.999
6.186,0.05,19.999
6.187,0.05,19.999
6.188,0.05,19.999
6.189,0.05,19.999
6.19,0.05,19.999
6.191,0.05,19.999
6.192,0.05,19.999
6.193,0.05,19.999
6.194,0.05,19.999
6.195,0.05,19.999
6.196,0.05,19.999
6.197,0.05,19.999
6.198,0.05,19.999
6.199,0.05,19.999
6.2,0.05,19.999
6.201,0.05,19.999
6.202,0.05,19.999
6.203,0.05,19.999
6.204,0.05,19.999
6.205,0.05,19.999
6.206,0.05,19.999
6.207,0.05,19.999
6.208,0.05,19.999
6.209,0.05,19.999
6.21,0.05,19.999
6.211,0.05,19.999
6.212,0.05,19.999
6.213,0.05,19.999
6.214,0.05,19.999
6.215,0.05,19.999
6.216,0.05,19.999
6.217,0.05,19.999
6.218,0.05,19.999
6.219,0.05,19.999
6.22,0.05,19.999
6.221,0.05,19.999
6.222,0.05,19.999
6.223,0.05,19.999
6.224,0.05,19.999
6.225,0.05,19.999
6.226,0.05,19.999
6.227,0.05,19.999
6.228,0.05,19.999
6.229,0.05,19.999
6.23,0.05,19.999
6.231,0.05,19.999
6.232,0.05,19.999
6.233,0.05,19.999
6.234,0.05,19.999
6.235,0.05,19.999
6.236,0.05,19.999
6.237,0.05,19.999
6.238,0.05,19.999
6.239,0.05,19.999
6.24,0.05,19.999
6.241,0.05,19.999
6.242,0.05,19.999
6.243,0.05,19.999
6.244,0.05,19.999
6.245,0.05,19.999
6.246,0.05,19.999
6.247,0.05,19.999
6.248,0.05,19.999
6.249,0.05,19.999
6.25,0.05,19.999
6.251,0.05,19.999
6.252,0.05,19.999
6.253,0.05,19.999
6.254,0.05,19.999
6.255,0.05,19.999
6.256,0.05,19.999
6.257,0.05,19.999
6.258,0.05,19.999
6.259,0.05,19.999
6.26,0.05,19.999
6.261,0.05,19.999
6.262,0.05,19.999
6.263,0.05,19.999
6.264,0.05,19.999
6.265,0.05,19.999
6.266,0.05,19.999
6.267,0.05,19.999
6.268,0.05,19.999
6.269,0.05,19.999
6.27,0.05,19.999
6.271,0.05,19.999
6.272,0.05,19.999
6.273,0.05,19.999
6.274,0.05,19.999
6.275,0.05,19.999
6.276,0.05,19.999
6.277,0.05,19.999
6.278,0.05,19.999
6.279,0.05,19.999
6.28,0.05,19.999
6.281,0.05,19.999
6.282,0.05,19.999
6.283,0.05,19.999
6.284,0.05,19.999
6.285,0.05,19.999
6.286,0.05,19.999
6.287,0.05,19.999
6.288,0.05,19.999
6.289,0.05,19.999
6.29,0.05,19.999
6.291,0.05,19.999
6.292,0.05,19.999
6.293,0.05,19.999
6.294,0.05,19.999
6.295,0.05,19.999
6.296,0.05,19.999
6.297,0.05,19.999
6.298,0.05,19.999
6.299,0.05,19.999
6.3,0.05,19.999
6.301,0.05,19.999
6.302,0.05,19.999
6.303,0.05,19.999
6.304,0.05,19.999
6.305,0.05,19.999
6.306,0.05,19.999
6.307,0.05,19.999
6.308,0.05,19.999
6.309,0.05,19.999
6.31,0.05,19.999
6.311,0.05,19.999
6.312,0.05,19.999
6.313,0.05,19.999
6.314,0.05,19.999
6.315,0.05,19.999
6.316,0.05,19.999
6.317,0.05,19.999
6.318,0.05,19.999
6.319,0.05,19.999
6.32,0.05,19.999
6.321,0.05,19.999
6.322,0.05,19.999
6.323,0.05,19.999
6.324,0.05,19.999
6.325,0.05,19.999
6.326,0.05,19.999
6.327,0.05,19.999
6.328,0.05,19.999
6.329,0.05,19.999
6.33,0.05,19.999
6.331,0.05,19.999
6.332,0.05,19.999
6.333,0.05,19.999
6.334,0.05,19.999
6.335,0.05,19.999
6.336,0.05,19.999
6.337,0.05,19.999
6.338,0.05,19.999
6.339,0.05,19.999
6.34,0.05,19.999
6.341,0.05,19.999
6.342,0.05,19.999
6.343,0.05,19.999
6.344,0.05,19.999
6.345,0.05,19.999
6.346,0.05,19.999
6.347,0.05,19.999
6.348,0.05,19.999
6.349,0.05,19.999
6.35,0.05,19.999
6.351,0.05,19.999
6.352,0.05,19.999
6.353,0.05,19.999
6.354,0.05,19.999
6.355,0.05,19.999
6.356,0.05,19.999
6.357,0.05,19.999
6.358,0.05,19.999
6.359,0.05,19.999
6.36,0.05,19.999
6.361,0.05,19.999
6.362,0.05,19.999
6.363,0.05,19.999
6.364,0.05,19.999
6.365,0.05,19.999
6.366,0.05,19.999
6.367,0.05,19.999
6.368,0.05,19.999
6.369,0.05,19.999
6.37,0.05,19.999
6.371,0.05,19.999
6.372,0.05,19.999
6.373,0.05,19.999
6.374,0.05,19.999
6.375,0.05,19.999
6.376,0.05,19.999
6.377,0.05,19.999
6.378,0.05,19.999
6.379,0.05,19.999
6.38,0.05,19.999
6.381,0.05,19.999
6.382,0.05,19.999
6.383,0.05,19.999
6.384,0.05,19.999
6.385,0.05,19.999
6.386,0.05,19.999
6.387,0.05,19.999
6.388,0.05,19.999
6.389,0.05,19.999
6.39,0.05,19.999
6.391,0.05,19.999
6.392,0.05,19.999
6.393,0.05,19.999
6.394,0.05,19.999
6.395,0.05,19.999
6.396,0.05,19.999
6.397,0.05,19.999
6.398,0.05,19.999
6.399,0.05,19.999
6.4,0.05,19.999
6.401,0.05,19.999
6.402,0.05,19.999
6.403,0.05,19.999
6.404,0.05,19.999
6.405,0.05,19.999
6.406,0.05,19.999
6.407,0.05,19.999
6.408,0.05,19.999
6.409,0.05,19.999
6.41,0.05,19.999
6.411,0.05,19.999
6.412,0.05,19.999
6.413,0.05,19.999
6.414,0.05,19.999
6.415,0.05,19.999
6.416,0.05,19.999
6.417,0.05,19.999
6.418,0.05,19.999
6.419,0.05,19.999
6.42,0.05,19.999
6.421,0.05,19.999
6.422,0.05,19.999
6.423,0.05,19.999
6.424,0.05,19.999
6.425,0.05,19.999
6.426,0.05,19.999
6.427,0.05,19.999
6.428,0.05,19.999
6.429,0.05,19.999
6.43,0.05,19.999
6.431,0.05,19.999
6.432,0.05,19.999
6.433,0.05,19.999
6.434,0.05,19.999
6.435,0.05,19.999
6.436,0.05,19.999
6.437,0.05,19.999
6.438,0.05,19.999
6.439,0.05,19.999
6.44,0.05,19.999
6.441,0.05,19.999
6.442,0.05,19.999
6.443,0.05,19.999
6.444,0.05,19.999
6.445,0.05,19.999
6.446,0.05,19.999
6.447,0.05,19.999
6.448,0.05,19.999
6.449,0.05,19.999
6.45,0.05,19.999
6.451,0.05,19.999
6.452,0.05,19.999
6.453,0.05,19.999
6.454,0.05,19.999
6.455,0.05,19.999
6.456,0.05,19.999
6.457,0.05,19.999
6.458,0.05,19.999
6.459,0.05,19.999
6.46,0.05,19.999
6.461,0.05,19.999
6.462,0.05,19.999
6.463,0.05,19.999
6.464,0.05,19.999
6.465,0.05,19.999
6.466,0.05,19.999
6.467,0.05,19.999
6.468,0.05,19.999
6.469,0.05,19.999
6.47,0.05,19.999
6.471,0.05,19.999
6.472,0.05,19.999
6.473,0.05,19.999
6.474,0.05,19.999
6.475,0.05,19.999
6.476,0.05,19.999
6.477,0.05,19.999
6.478,0.05,19.999
6.479,0.05,19.999
6.48,0.05,19.999
6.481,0.05,19.999
6.482,0.05,19.999
6.483,0.05,19.999
6.484,0.05,19.999
6.485,0.05,19.999
6.486,0.05,19.999
6.487,0.05,19.999
6.488,0.05,19.999
6.489,0.05,19.999
6.49,0.05,19.999
6.491,0.05,19.999
6.492,0.05,19.999
6.493,0.05,19.999
6.494,0.05,19.999
6.495,0.05,19.999
6.496,0.05,19.999
6.497,0.05,19.999
6.498,0.05,19.999
6.499,0.05,19.999
6.5,0.05,19.999
6.501,0.05,19.999
6.502,0.05,19.999
6.503,0.05,19.999
6.504,0.05,19.999
6.505,0.05,19.999
6.506,0.05,19.999
6.507,0.05,19.999
6.508,0.05,19.999
6.509,0.05,19.999
6.51,0.05,19.999
6.511,0.05,19.999
6.512,0.05,19.999
6.513,0.05,19.999
6.514,0.05,19.999
6.515,0.05,19.999
6.516,0.05,19.999
6.517,0.05,19.999
6.518,0.05,19.999
6.519,0.05,19.999
6.52,0.05,19.999
6.521,0.05,19.999
6.522,0.05,19.999
6.523,0.05,19.999
6.524,0.05,19.999
6.525,0.05,19.999
6.526,0.05,19.999
6.527,0.05,19.999
6.528,0.05,19.999
6.529,0.05,19.999
6.53,0.05,19.999
6.531,0.05,19.999
6.532,0.05,19.999
6.533,0.05,19.999
6.534,0.05,19.999
6.535,0.05,19.999
6.536,0.05,19.999
6.537,0.05,19.999
6.538,0.05,19.999
6.539,0.05,19.999
6.54,0.05,19.999
6.541,0.05,19.999
6.542,0.05,19.999
6.543,0.05,19.999
6.544,0.05,19.999
6.545,0.05,19.999
6.546,0.05,19.999
6.547,0.05,19.999
6.548,0.05,19.999
6.549,0.05,19.999
6.55,0.05,19.999
6.551,0.05,19.999
6.552,0.05,19.999
6.553,0.05,19.999
6.554,0.05,19.999
6.555,0.05,19.999
6.556,0.05,19.999
6.557,0.05,19.999
6.558,0.05,19.999
6.559,0.05,19.999
6.56,0.05,19.999
6.561,0.05,19.999
6.562,0.05,19.999
6.563,0.05,19.999
6.564,0.05,19.999
6.565,0.05,19.999
6.566,0.05,19.999
6.567,0.05,19.999
6.568,0.05,19.999
6.569,0.05,19.999
6.57,0.05,19.999
6.571,0.05,19.999
6.572,0.05,19.999
6.573,0.05,19.999
6.574,0.05,19.999
6.575,0.05,19.999
6.576,0.05,19.999
6.577,0.05,19.999
6.578,0.05,19.999
6.579,0.05,19.999
6.58,0.05,19.999
6.581,0.05,19.999
6.582,0.05,19.999
6.583,0.05,19.999
6.584,0.05,19.999
6.585,0.05,19.999
6.586,0.05,19.999
6.587,0.05,19.999
6.588,0.05,19.999
6.589,0.05,19.999
6.59,0.05,19.999
6.591,0.05,19.999
6.592,0.05,19.999
6.593,0.05,19.999
6.594,0.05,19.999
6.595,0.05,19.999
6.596,0.05,19.999
6.597,0.05,19.999
6.598,0.05,19.999
6.599,0.05,19.999
6.6,0.05,19.999
6.601,0.05,19.999
6.602,0.05,19.999
6.603,0.05,19.999
6.604,0.05,19.999
6.605,0.05,19.999
6.606,0.05,19.999
6.607,0.05,19.999
6.608,0.05,19.999
6.609,0.05,19.999
6.61,0.05,19.999
6.611,0.05,19.999
6.612,0.05,19.999
6.613,0.05,19.999
6.614,0.05,19.999
6.615,0.05,19.999
6.616,0.05,19.999
6.617,0.05,19.999
6.618,0.05,19.999
6.619,0.05,19.999
6.62,0.05,19.999
6.621,0.05,19.999
6.622,0.05,19.999
6.623,0.05,19.999
6.624,0.05,19.999
6.625,0.05,19.999
6.626,0.05,19.999
6.627,0.05,19.999
6.628,0.05,19.999
6.629,0.05,19.999
6.63,0.05,19.999
6.631,0.05,19.999
6.632,0.05,19.999
6.633,0.05,19.999
6.634,0.05,19.999
6.635,0.05,19.999
6.636,0.05,19.999
6.637,0.05,19.999
6.638,0.05,19.999
6.639,0.05,19.999
6.64,0.05,19.999
6.641,0.05,19.999
6.642,0.05,19.999
6.643,0.05,19.999
6.644,0.05,19.999
6.645,0.05,19.999
6.646,0.05,19.999
6.647,0.05,19.999
6.648,0.05,19.999
6.649,0.05,19.999
6.65,0.05,19.999
6.651,0.05,19.999
6.652,0.05,19.999
6.653,0.05,19.999
6.654,0.05,19.999
6.655,0.05,19.999
6.656,0.05,19.999
6.657,0.05,19.999
6.658,0.05,19.999
6.659,0.05,19.999
6.66,0.05,19.999
6.661,0.05,19.999
6.662,0.05,19.999
6.663,0.05,19.999
6.664,0.05,19.999
6.665,0.05,19.999
6.666,0.05,19.999
6.667,0.05,19.999
6.668,0.05,19.999
6.669,0.05,19.999
6.67,0.05,19.999
6.671,0.05,19.999
6.672,0.05,19.999
6.673,0.05,19.999
6.674,0.05,19.999
6.675,0.05,19.999
6.676,0.05,19.999
6.677,0.05,19.999
6.678,0.05,19.999
6.679,0.05,19.999
6.68,0.05,19.999
6.681,0.05,19.999
6.682,0.05,19.999
6.683,0.05,19.999
6.684,0.05,19.999
6.685,0.05,19.999
6.686,0.05,19.999
6.687,0.05,19.999
6.688,0.05,19.999
6.689,0.05,19.999
6.69,0.05,19.999
6.691,0.05,19.999
6.692,0.05,19.999
6.693,0.05,19.999
6.694,0.05,19.999
6.695,0.05,19.999
6.696,0.05,19.999
6.697,0.05,19.999
6.698,0.05,19.999
6.699,0.05,19.999
6.7,0.05,19.999
6.701,0.05,19.999
6.702,0.05,19.999
6.703,0.05,19.999
6.704,0.05,19.999
6.705,0.05,19.999
6.706,0.05,19.999
6.707,0.05,19.999
6.708,0.05,19.999
6.709,0.05,19.999
6.71,0.05,19.999
6.711,0.05,19.999
6.712,0.05,19.999
6.713,0.05,19.999
6.714,0.05,19.999
6.715,0.05,19.999
6.716,0.05,19.999
6.717,0.05,19.999
6.718,0.05,19.999
6.719,0.05,19.999
6.72,0.05,19.999
6.721,0.05,19.999
6.722,0.05,19.999
6.723,0.05,19.999
6.724,0.05,19.999
6.725,0.05,19.999
6.726,0.05,19.999
6.727,0.05,19.999
6.728,0.05,19.999
6.729,0.05,19.999
6.73,0.05,19.999
6.731,0.05,19.999
6.732,0.05,19.999
6.733,0.05,19.999
6.734,0.05,19.999
6.735,0.05,19.999
6.736,0.05,19.999
6.737,0.05,19.999
6.738,0.05,19.999
6.739,0.05,19.999
6.74,0.05,19.999
6.741,0.05,19.999
6.742,0.05,19.999
6.743,0.05,19.999
6.744,0.05,19.999
6.745,0.05,19.999
6.746,0.05,19.999
6.747,0.05,19.999
6.748,0.05,19.999
6.749,0.05,19.999
6.75,0.05,19.999
6.751,0.05,19.999
6.752,0.05,19.999
6.753,0.05,19.999
6.754,0.05,19.999
6.755,0.05,19.999
6.756,0.05,19.999
6.757,0.05,19.999
6.758,0.05,19.999
6.759,0.05,19.999
6.76,0.05,19.999
6.761,0.05,19.999
6.762,0.05,19.999
6.763,0.05,19.999
6.764,0.05,19.999
6.765,0.05,19.999
6.766,0.05,19.999
6.767,0.05,19.999
6.768,0.05,19.999
6.769,0.05,19.999
6.77,0.05,19.999
6.771,0.05,19.999
6.772,0.05,19.999
6.773,0.05,19.999
6.774,0.05,19.999
6.775,0.05,19.999
6.776,0.05,19.999
6.777,0.05,19.999
6.778,0.05,19.999
6.779,0.05,19.999
6.78,0.05,19.999
6.781,0.05,19.999
6.782,0.05,19.999
6.783,0.05,19.999
6.784,0.05,19.999
6.785,0.05,19.999
6.786,0.05,19.999
6.787,0.05,19.999
6.788,0.05,19.999
6.789,0.05,19.999
6.79,0.05,19.999
6.791,0.05,19.999
6.792,0.05,19.999
6.793,0.05,19.999
6.794,0.05,19.999
6.795,0.05,19.999
6.796,0.05,19.999
6.797,0.05,19.999
6.798,0.05,19.999
6.799,0.05,19.999
6.8,0.05,19.999
6.801,0.05,19.999
6.802,0.05,19.999
6.803,0.05,19.999
6.804,0.05,19.999
6.805,0.05,19.999
6.806,0.05,19.999
6.807,0.05,19.999
6.808,0.05,19.999
6.809,0.05,19.999
6.81,0.05,19.999
6.811,0.05,19.999
6.812,0.05,19.999
6.813,0.05,19.999
6.814,0.05,19.999
6.815,0.05,19.999
6.816,0.05,19.999
6.817,0.05,19.999
6.818,0.05,19.999
6.819,0.05,19.999
6.82,0.05,19.999
6.821,0.05,19.999
6.822,0.05,19.999
6.823,0.05,19.999
6.824,0.05,19.999
6.825,0.05,19.999
6.826,0.05,19.999
6.827,0.05,19.999
6.828,0.05,19.999
6.829,0.05,19.999
6.83,0.05,19.999
6.831,0.05,19.999
6.832,0.05,19.999
6.833,0.05,19.999
6.834,0.05,19.999
6.835,0.05,19.999
6.836,0.05,19.999
6.837,0.05,19.999
6.838,0.05,19.999
6.839,0.05,19.999
6.84,0.05,19.999
6.841,0.05,19.999
6.842,0.05,19.999
6.843,0.05,19.999
6.844,0.05,19.999
6.845,0.05,19.999
6.846,0.05,19.999
6.847,0.05,19.999
6.848,0.05,19.999
6.849,0.05,19.999
6.85,0.05,19.999
6.851,0.05,19.999
6.852,0.05,19.999
6.853,0.05,19.999
6.854,0.05,19.999
6.855,0.05,19.999
6.856,0.05,19.999
6.857,0.05,19.999
6.858,0.05,19.999
6.859,0.05,19.999
6.86,0.05,19.999
6.861,0.05,19.999
6.862,0.05,19.999
6.863,0.05,19.999
6.864,0.05,19.999
6.865,0.05,19.999
6.866,0.05,19.999
6.867,0.05,19.999
6.868,0.05,19.999
6.869,0.05,19.999
6.87,0.05,19.999
6.871,0.05,19.999
6.872,0.05,19.999
6.873,0.05,19.999
6.874,0.05,19.999
6.875,0.05,19.999
6.876,0.05,19.999
6.877,0.05,19.999
6.878,0.05,19.999
6.879,0.05,19.999
6.88,0.05,19.999
6.881,0.05,19.999
6.882,0.05,19.999
6.883,0.05,19.999
6.884,0.05,19.999
6.885,0.05,19.999
6.886,0.05,19.999
6.887,0.05,19.999
6.888,0.05,19.999
6.889,0.05,19.999
6.89,0.05,19.999
6.891,0.05,19.999
6.892,0.05,19.999
6.893,0.05,19.999
6.894,0.05,19.999
6.895,0.05,19.999
6.896,0.05,19.999
6.897,0.05,19.999
6.898,0.05,19.999
6.899,0.05,19.999
6.9,0.05,19.999
6.901,0.05,19.999
6.902,0.05,19.999
6.903,0.05,19.999
6.904,0.05,19.999
6.905,0.05,19.999
6.906,0.05,19.999
6.907,0.05,19.999
6.908,0.05,19.999
6.909,0.05,19.999
6.91,0.05,19.999
6.911,0.05,19.999
6.912,0.05,19.999
6.913,0.05,19.999
6.914,0.05,19.999
6.915,0.05,19.999
6.916,0.05,19.999
6.917,0.05,19.999
6.918,0.05,19.999
6.919,0.05,19.999
6.92,0.05,19.999
6.921,0.05,19.999
6.922,0.05,19.999
6.923,0.05,19.999
6.924,0.05,19.999
6.925,0.05,19.999
6.926,0.05,19.999
6.927,0.05,19.999
6.928,0.05,19.999
6.929,0.05,19.999
6.93,0.05,19.999
6.931,0.05,19.999
6.932,0.05,19.999
6.933,0.05,19.999
6.934,0.05,19.999
6.935,0.05,19.999
6.936,0.05,19.999
6.937,0.05,19.999
6.938,0.05,19.999
6.939,0.05,19.999
6.94,0.05,19.999
6.941,0.05,19.999
6.942,0.05,19.999
6.943,0.05,19.999
6.944,0.05,19.999
6.945,0.05,19.999
6.946,0.05,19.999
6.947,0.05,19.999
6.948,0.05,19.999
6.949,0.05,19.999
6.95,0.05,19.999
6.951,0.05,19.999
6.952,0.05,19.999
6.953,0.05,19.999
6.954,0.05,19.999
6.955,0.05,19.999
6.956,0.05,19.999
6.957,0.05,19.999
6.958,0.05,19.999
6.959,0.05,19.999
6.96,0.05,19.999
6.961,0.05,19.999
6.962,0.05,19.999
6.963,0.05,19.999
6.964,0.05,19.999
6.965,0.05,19.999
6.966,0.05,19.999
6.967,0.05,19.999
6.968,0.05,19.999
6.969,0.05,19.999
6.97,0.05,19.999
6.971,0.05,19.999
6.972,0.05,19.999
6.973,0.05,19.999
6.974,0.05,19.999
6.975,0.05,19.999
6.976,0.05,19.999
6.977,0.05,19.999
6.978,0.05,19.999
6.979,0.05,19.999
6.98,0.05,19.999
6.981,0.05,19.999
6.982,0.05,19.999
6.983,0.05,19.999
6.984,0.05,19.999
6.985,0.05,19.999
6.986,0.05,19.999
6.987,0.05,19.999
6.988,0.05,19.999
6.989,0.05,19.999
6.99,0.05,19.999
6.991,0.05,19.999
6.992,0.05,19.999
6.993,0.05,19.999
6.994,0.05,19.999
6.995,0.05,19.999
6.996,0.05,19.999
6.997,0.05,19.999
6.998,0.05,19.999
6.999,0.05,19.999
7,0.05,19.999
7.001,0.05,19.999
7.002,0.05,19.999
7.003,0.05,19.999
7.004,0.05,19.999
7.005,0.05,19.999
7.006,0.05,19.999
7.007,0.05,19.999
7.008,0.05,19.999
7.009,0.05,19.999
7.01,0.05,19.999
7.011,0.05,19.999
7.012,0.05,19.999
7.013,0.05,19.999
7.014,0.05,19.999
7.015,0.05,19.999
7.016,0.05,19.999
7.017,0.05,19.999
7.018,0.05,19.999
7.019,0.05,19.999
7.02,0.05,19.999
7.021,0.05,19.999
7.022,0.05,19.999
7.023,0.05,19.999
7.024,0.05,19.999
7.025,0.05,19.999
7.026,0.05,19.999
7.027,0.05,19.999
7.028,0.05,19.999
7.029,0.05,19.999
7.03,0.05,19.999
7.031,0.05,19.999
7.032,0.05,19.999
7.033,0.05,19.999
7.034,0.05,19.999
7.035,0.05,19.999
7.036,0.05,19.999
7.037,0.05,19.999
7.038,0.05,19.999
7.039,0.05,19.999
7.04,0.05,19.999
7.041,0.05,19.999
7.042,0.05,19.999
7.043,0.05,19.999
7.044,0.05,19.999
7.045,0.05,19.999
7.046,0.05,19.999
7.047,0.05,19.999
7.048,0.05,19.999
7.049,0.05,19.999
7.05,0.05,19.999
7.051,0.05,19.999
7.052,0.05,19.999
7.053,0.05,19.999
7.054,0.05,19.999
7.055,0.05,19.999
7.056,0.05,19.999
7.057,0.05,19.999
7.058,0.05,19.999
7.059,0.05,19.999
7.06,0.05,19.999
7.061,0.05,19.999
7.062,0.05,19.999
7.063,0.05,19.999
7.064,0.05,19.999
7.065,0.05,19.999
7.066,0.05,19.999
7.067,0.05,19.999
7.068,0.05,19.999
7.069,0.05,19.999
7.07,0.05,19.999
7.071,0.05,19.999
7.072,0.05,19.999
7.073,0.05,19.999
7.074,0.05,19.999
7.075,0.05,19.999
7.076,0.05,19.999
7.077,0.05,19.999
7.078,0.05,19.999
7.079,0.05,19.999
7.08,0.05,19.999
7.081,0.05,19.999
7.082,0.05,19.999
7.083,0.05,19.999
7.084,0.05,19.999
7.085,0.05,19.999
7.086,0.05,19.999
7.087,0.05,19.999
7.088,0.05,19.999
7.089,0.05,19.999
7.09,0.05,19.999
7.091,0.05,19.999
7.092,0.05,19.999
7.093,0.05,19.999
7.094,0.05,19.999
7.095,0.05,19.999
7.096,0.05,19.999
7.097,0.05,19.999
7.098,0.05,19.999
7.099,0.05,19.999
7.1,0.05,19.999
7.101,0.05,19.999
7.102,0.05,19.999
7.103,0.05,19.999
7.104,0.05,19.999
7.105,0.05,19.999
7.106,0.05,19.999
7.107,0.05,19.999
7.108,0.05,19.999
7.109,0.05,19.999
7.11,0.05,19.999
7.111,0.05,19.999
7.112,0.05,19.999
7.113,0.05,19.999
7.114,0.05,19.999
7.115,0.05,19.999
7.116,0.05,19.999
7.117,0.05,19.999
7.118,0.05,19.999
7.119,0.05,19.999
7.12,0.05,19.999
7.121,0.05,19.999
7.122,0.05,19.999
7.123,0.05,19.999
7.124,0.05,19.999
7.125,0.05,19.999
7.126,0.05,19.999
7.127,0.05,19.999
7.128,0.05,19.999
7.129,0.05,19.999
7.13,0.05,19.999
7.131,0.05,19.999
7.132,0.05,19.999
7.133,0.05,19.999
7.134,0.05,19.999
7.135,0.05,19.999
7.136,0.05,19.999
7.137,0.05,19.999
7.138,0.05,19.999
7.139,0.05,19.999
7.14,0.05,19.999
7.141,0.05,19.999
7.142,0.05,19.999
7.143,0.05,19.999
7.144,0.05,19.999
7.145,0.05,19.999
7.146,0.05,19.999
7.147,0.05,19.999
7.148,0.05,19.999
7.149,0.05,19.999
7.15,0.05,19.999
7.151,0.05,19.999
7.152,0.05,19.999
7.153,0.05,19.999
7.154,0.05,19.999
7.155,0.05,19.999
7.156,0.05,19.999
7.157,0.05,19.999
7.158,0.05,19.999
7.159,0.05,19.999
7.16,0.05,19.999
7.161,0.05,19.999
7.162,0.05,19.999
7.163,0.05,19.999
7.164,0.05,19.999
7.165,0.05,19.999
7.166,0.05,19.999
7.167,0.05,19.999
7.168,0.05,19.999
7.169,0.05,19.999
7.17,0.05,19.999
7.171,0.05,19.999
7.172,0.05,19.999
7.173,0.05,19.999
7.174,0.05,19.999
7.175,0.05,19.999
7.176,0.05,19.999
7.177,0.05,19.999
7.178,0.05,19.999
7.179,0.05,19.999
7.18,0.05,19.999
7.181,0.05,19.999
7.182,0.05,19.999
7.183,0.05,19.999
7.184,0.05,19.999
7.185,0.05,19.999
7.186,0.05,19.999
7.187,0.05,19.999
7.188,0.05,19.999
7.189,0.05,19.999
7.19,0.05,19.999
7.191,0.05,19.999
7.192,0.05,19.999
7.193,0.05,19.999
7.194,0.05,19.999
7.195,0.05,19.999
7.196,0.05,19.999
7.197,0.05,19.999
7.198,0.05,19.999
7.199,0.05,19.999
7.2,0.05,19.999
7.201,0.05,19.999
7.202,0.05,19.999
7.203,0.05,19.999
7.204,0.05,19.999
7.205,0.05,19.999
7.206,0.05,19.999
7.207,0.05,19.999
7.208,0.05,19.999
7.209,0.05,19.999
7.21,0.05,19.999
7.211,0.05,19.999
7.212,0.05,19.999
7.213,0.05,19.999
7.214,0.05,19.999
7.215,0.05,19.999
7.216,0.05,19.999
7.217,0.05,19.999
7.218,0.05,19.999
7.219,0.05,19.999
7.22,0.05,19.999
7.221,0.05,19.999
7.222,0.05,19.999
7.223,0.05,19.999
7.224,0.05,19.999
7.225,0.05,19.999
7.226,0.05,19.999
7.227,0.05,19.999
7.228,0.05,19.999
7.229,0.05,19.999
7.23,0.05,19.999
7.231,0.05,19.999
7.232,0.05,19.999
7.233,0.05,19.999
7.234,0.05,19.999
7.235,0.05,19.999
7.236,0.05,19.999
7.237,0.05,19.999
7.238,0.05,19.999
7.239,0.05,19.999
7.24,0.05,19.999
7.241,0.05,19.999
7.242,0.05,19.999
7.243,0.05,19.999
7.244,0.05,19.999
7.245,0.05,19.999
7.246,0.05,19.999
7.247,0.05,19.999
7.248,0.05,19.999
7.249,0.05,19.999
7.25,0.05,19.999
7.251,0.05,19.999
7.252,0.05,19.999
7.253,0.05,19.999
7.254,0.05,19.999
7.255,0.05,19.999
7.256,0.05,19.999
7.257,0.05,19.999
7.258,0.05,19.999
7.259,0.05,19.999
7.26,0.05,19.999
7.261,0.05,19.999
7.262,0.05,19.999
7.263,0.05,19.999
7.264,0.05,19.999
7.265,0.05,19.999
7.266,0.05,19.999
7.267,0.05,19.999
7.268,0.05,19.999
7.269,0.05,19.999
7.27,0.05,19.999
7.271,0.05,19.999
7.272,0.05,19.999
7.273,0.05,19.999
7.274,0.05,19.999
7.275,0.05,19.999
7.276,0.05,19.999
7.277,0.05,19.999
7.278,0.05,19.999
7.279,0.05,19.999
7.28,0.05,19.999
7.281,0.05,19.999
7.282,0.05,19.999
7.283,0.05,19.999
7.284,0.05,19.999
7.285,0.05,19.999
7.286,0.05,19.999
7.287,0.05,19.999
7.288,0.05,19.999
7.289,0.05,19.999
7.29,0.05,19.999
7.291,0.05,19.999
7.292,0.05,19.999
7.293,0.05,19.999
7.294,0.05,19.999
7.295,0.05,19.999
7.296,0.05,19.999
7.297,0.05,19.999
7.298,0.05,19.999
7.299,0.05,19.999
7.3,0.05,19.999
7.301,0.05,19.999
7.302,0.05,19.999
7.303,0.05,19.999
7.304,0.05,19.999
7.305,0.05,19.999
7.306,0.05,19.999
7.307,0.05,19.999
7.308,0.05,19.999
7.309,0.05,19.999
7.31,0.05,19.999
7.311,0.05,19.999
7.312,0.05,19.999
7.313,0.05,19.999
7.314,0.05,19.999
7.315,0.05,19.999
7.316,0.05,19.999
7.317,0.05,19.999
7.318,0.05,19.999
7.319,0.05,19.999
7.32,0.05,19.999
7.321,0.05,19.999
7.322,0.05,19.999
7.323,0.05,19.999
7.324,0.05,19.999
7.325,0.05,19.999
7.326,0.05,19.999
7.327,0.05,19.999
7.328,0.05,19.999
7.329,0.05,19.999
7.33,0.05,19.999
7.331,0.05,19.999
7.332,0.05,19.999
7.333,0.05,19.999
7.334,0.05,19.999
7.335,0.05,19.999
7.336,0.05,19.999
7.337,0.05,19.999
7.338,0.05,19.999
7.339,0.05,19.999
7.34,0.05,19.999
7.341,0.05,19.999
7.342,0.05,19.999
7.343,0.05,19.999
7.344,0.05,19.999
7.345,0.05,19.999
7.346,0.05,19.999
7.347,0.05,19.999
7.348,0.05,19.999
7.349,0.05,19.999
7.35,0.05,19.999
7.351,0.05,19.999
7.352,0.05,19.999
7.353,0.05,19.999
7.354,0.05,19.999
7.355,0.05,19.999
7.356,0.05,19.999
7.357,0.05,19.999
7.358,0.05,19.999
7.359,0.05,19.999
7.36,0.05,19.999
7.361,0.05,19.999
7.362,0.05,19.999
7.363,0.05,19.999
7.364,0.05,19.999
7.365,0.05,19.999
7.366,0.05,19.999
7.367,0.05,19.999
7.368,0.05,19.999
7.369,0.05,19.999
7.37,0.05,19.999
7.371,0.05,19.999
7.372,0.05,19.999
7.373,0.05,19.999
7.374,0.05,19.999
7.375,0.05,19.999
7.376,0.05,19.999
7.377,0.05,19.999
7.378,0.05,19.999
7.379,0.05,19.999
7.38,0.05,19.999
7.381,0.05,19.999
7.382,0.05,19.999
7.383,0.05,19.999
7.384,0.05,19.999
7.385,0.05,19.999
7.386,0.05,19.999
7.387,0.05,19.999
7.388,0.05,19.999
7.389,0.05,19.999
7.39,0.05,19.999
7.391,0.05,19.999
7.392,0.05,19.999
7.393,0.05,19.999
7.394,0.05,19.999
7.395,0.05,19.999
7.396,0.05,19.999
7.397,0.05,19.999
7.398,0.05,19.999
7.399,0.05,19.999
7.4,0.05,19.999
7.401,0.05,19.999
7.402,0.05,19.999
7.403,0.05,19.999
7.404,0.05,19.999
7.405,0.05,19.999
7.406,0.05,19.999
7.407,0.05,19.999
7.408,0.05,19.999
7.409,0.05,19.999
7.41,0.05,19.999
7.411,0.05,19.999
7.412,0.05,19.999
7.413,0.05,19.999
7.414,0.05,19.999
7.415,0.05,19.999
7.416,0.05,19.999
7.417,0.05,19.999
7.418,0.05,19.999
7.419,0.05,19.999
7.42,0.05,19.999
7.421,0.05,19.999
7.422,0.05,19.999
7.423,0.05,19.999
7.424,0.05,19.999
7.425,0.05,19.999
7.426,0.05,19.999
7.427,0.05,19.999
7.428,0.05,19.999
7.429,0.05,19.999
7.43,0.05,19.999
7.431,0.05,19.999
7.432,0.05,19.999
7.433,0.05,19.999
7.434,0.05,19.999
7.435,0.05,19.999
7.436,0.05,19.999
7.437,0.05,19.999
7.438,0.05,19.999
7.439,0.05,19.999
7.44,0.05,19.999
7.441,0.05,19.999
7.442,0.05,19.999
7.443,0.05,19.999
7.444,0.05,19.999
7.445,0.05,19.999
7.446,0.05,19.999
7.447,0.05,19.999
7.448,0.05,19.999
7.449,0.05,19.999
7.45,0.05,19.999
7.451,0.05,19.999
7.452,0.05,19.999
7.453,0.05,19.999
7.454,0.05,19.999
7.455,0.05,19.999
7.456,0.05,19.999
7.457,0.05,19.999
7.458,0.05,19.999
7.459,0.05,19.999
7.46,0.05,19.999
7.461,0.05,19.999
7.462,0.05,19.999
7.463,0.05,19.999
7.464,0.05,19.999
7.465,0.05,19.999
7.466,0.05,19.999
7.467,0.05,19.999
7.468,0.05,19.999
7.469,0.05,19.999
7.47,0.05,19.999
7.471,0.05,19.999
7.472,0.05,19.999
7.473,0.05,19.999
7.474,0.05,19.999
7.475,0.05,19.999
7.476,0.05,19.999
7.477,0.05,19.999
7.478,0.05,19.999
7.479,0.05,19.999
7.48,0.05,19.999
7.481,0.05,19.999
7.482,0.05,19.999
7.483,0.05,19.999
7.484,0.05,19.999
7.485,0.05,19.999
7.486,0.05,19.999
7.487,0.05,19.999
7.488,0.05,19.999
7.489,0.05,19.999
7.49,0.05,19.999
7.491,0.05,19.999
7.492,0.05,19.999
7.493,0.05,19.999
7.494,0.05,19.999
7.495,0.05,19.999
7.496,0.05,19.999
7.497,0.05,19.999
7.498,0.05,19.999
7.499,0.05,19.999
7.5,0.05,19.999
7.501,0.05,19.999
7.502,0.05,19.999
7.503,0.05,19.999
7.504,0.05,19.999
7.505,0.05,19.999
7.506,0.05,19.999
7.507,0.05,19.999
7.508,0.05,19.999
7.509,0.05,19.999
7.51,0.05,19.999
7.511,0.05,19.999
7.512,0.05,19.999
7.513,0.05,19.999
7.514,0.05,19.999
7.515,0.05,19.999
7.516,0.05,19.999
7.517,0.05,19.999
7.518,0.05,19.999
7.519,0.05,19.999
7.52,0.05,19.999
7.521,0.05,19.999
7.522,0.05,19.999
7.523,0.05,19.999
7.524,0.05,19.999
7.525,0.05,19.999
7.526,0.05,19.999
7.527,0.05,19.999
7.528,0.05,19.999
7.529,0.05,19.999
7.53,0.05,19.999
7.531,0.05,19.999
7.532,0.05,19.999
7.533,0.05,19.999
7.534,0.05,19.999
7.535,0.05,19.999
7.536,0.05,19.999
7.537,0.05,19.999
7.538,0.05,19.999
7.539,0.05,19.999
7.54,0.05,19.999
7.541,0.05,19.999
7.542,0.05,19.999
7.543,0.05,19.999
7.544,0.05,19.999
7.545,0.05,19.999
7.546,0.05,19.999
7.547,0.05,19.999
7.548,0.05,19.999
7.549,0.05,19.999
7.55,0.05,19.999
7.551,0.05,19.999
7.552,0.05,19.999
7.553,0.05,19.999
7.554,0.05,19.999
7.555,0.05,19.999
7.556,0.05,19.999
7.557,0.05,19.999
7.558,0.05,19.999
7.559,0.05,19.999
7.56,0.05,19.999
7.561,0.05,19.999
7.562,0.05,19.999
7.563,0.05,19.999
7.564,0.05,19.999
7.565,0.05,19.999
7.566,0.05,19.999
7.567,0.05,19.999
7.568,0.05,19.999
7.569,0.05,19.999
7.57,0.05,19.999
7.571,0.05,19.999
7.572,0.05,19.999
7.573,0.05,19.999
7.574,0.05,19.999
7.575,0.05,19.999
7.576,0.05,19.999
7.577,0.05,19.999
7.578,0.05,19.999
7.579,0.05,19.999
7.58,0.05,19.999
7.581,0.05,19.999
7.582,0.05,19.999
7.583,0.05,19.999
7.584,0.05,19.999
7.585,0.05,19.999
7.586,0.05,19.999
7.587,0.05,19.999
7.588,0.05,19.999
7.589,0.05,19.999
7.59,0.05,19.999
7.591,0.05,19.999
7.592,0.05,19.999
7.593,0.05,19.999
7.594,0.05,19.999
7.595,0.05,19.999
7.596,0.05,19.999
7.597,0.05,19.999
7.598,0.05,19.999
7.599,0.05,19.999
7.6,0.05,19.999
7.601,0.05,19.999
7.602,0.05,19.999
7.603,0.05,19.999
7.604,0.05,19.999
7.605,0.05,19.999
7.606,0.05,19.999
7.607,0.05,19.999
7.608,0.05,19.999
7.609,0.05,19.999
7.61,0.05,19.999
7.611,0.05,19.999
7.612,0.05,19.999
7.613,0.05,19.999
7.614,0.05,19.999
7.615,0.05,19.999
7.616,0.05,19.999
7.617,0.05,19.999
7.618,0.05,19.999
7.619,0.05,19.999
7.62,0.05,19.999
7.621,0.05,19.999
7.622,0.05,19.999
7.623,0.05,19.999
7.624,0.05,19.999
7.625,0.05,19.999
7.626,0.05,19.999
7.627,0.05,19.999
7.628,0.05,19.999
7.629,0.05,19.999
7.63,0.05,19.999
7.631,0.05,19.999
7.632,0.05,19.999
7.633,0.05,19.999
7.634,0.05,19.999
7.635,0.05,19.999
7.636,0.05,19.999
7.637,0.05,19.999
7.638,0.05,19.999
7.639,0.05,19.999
7.64,0.05,19.999
7.641,0.05,19.999
7.642,0.05,19.999
7.643,0.05,19.999
7.644,0.05,19.999
7.645,0.05,19.999
7.646,0.05,19.999
7.647,0.05,19.999
7.648,0.05,19.999
7.649,0.05,19.999
7.65,0.05,19.999
7.651,0.05,19.999
7.652,0.05,19.999
7.653,0.05,19.999
7.654,0.05,19.999
7.655,0.05,19.999
7.656,0.05,19.999
7.657,0.05,19.999
7.658,0.05,19.999
7.659,0.05,19.999
7.66,0.05,19.999
7.661,0.05,19.999
7.662,0.05,19.999
7.663,0.05,19.999
7.664,0.05,19.999
7.665,0.05,19.999
7.666,0.05,19.999
7.667,0.05,19.999
7.668,0.05,19.999
7.669,0.05,19.999
7.67,0.05,19.999
7.671,0.05,19.999
7.672,0.05,19.999
7.673,0.05,19.999
7.674,0.05,19.999
7.675,0.05,19.999
7.676,0.05,19.999
7.677,0.05,19.999
7.678,0.05,19.999
7.679,0.05,19.999
7.68,0.05,19.999
7.681,0.05,19.999
7.682,0.05,19.999
7.683,0.05,19.999
7.684,0.05,19.999
7.685,0.05,19.999
7.686,0.05,19.999
7.687,0.05,19.999
7.688,0.05,19.999
7.689,0.05,19.999
7.69,0.05,19.999
7.691,0.05,19.999
7.692,0.05,19.999
7.693,0.05,19.999
7.694,0.05,19.999
7.695,0.05,19.999
7.696,0.05,19.999
7.697,0.05,19.999
7.698,0.05,19.999
7.699,0.05,19.999
7.7,0.05,19.999
7.701,0.05,19.999
7.702,0.05,19.999
7.703,0.05,19.999
7.704,0.05,19.999
7.705,0.05,19.999
7.706,0.05,19.999
7.707,0.05,19.999
7.708,0.05,19.999
7.709,0.05,19.999
7.71,0.05,19.999
7.711,0.05,19.999
7.712,0.05,19.999
7.713,0.05,19.999
7.714,0.05,19.999
7.715,0.05,19.999
7.716,0.05,19.999
7.717,0.05,19.999
7.718,0.05,19.999
7.719,0.05,19.999
7.72,0.05,19.999
7.721,0.05,19.999
7.722,0.05,19.999
7.723,0.05,19.999
7.724,0.05,19.999
7.725,0.05,19.999
7.726,0.05,19.999
7.727,0.05,19.999
7.728,0.05,19.999
7.729,0.05,19.999
7.73,0.05,19.999
7.731,0.05,19.999
7.732,0.05,19.999
7.733,0.05,19.999
7.734,0.05,19.999
7.735,0.05,19.999
7.736,0.05,19.999
7.737,0.05,19.999
7.738,0.05,19.999
7.739,0.05,19.999
7.74,0.05,19.999
7.741,0.05,19.999
7.742,0.05,19.999
7.743,0.05,19.999
7.744,0.05,19.999
7.745,0.05,19.999
7.746,0.05,19.999
7.747,0.05,19.999
7.748,0.05,19.999
7.749,0.05,19.999
7.75,0.05,19.999
7.751,0.05,19.999
7.752,0.05,19.999
7.753,0.05,19.999
7.754,0.05,19.999
7.755,0.05,19.999
7.756,0.05,19.999
7.757,0.05,19.999
7.758,0.05,19.999
7.759,0.05,19.999
7.76,0.05,19.999
7.761,0.05,19.999
7.762,0.05,19.999
7.763,0.05,19.999
7.764,0.05,19.999
7.765,0.05,19.999
7.766,0.05,19.999
7.767,0.05,19.999
7.768,0.05,19.999
7.769,0.05,19.999
7.77,0.05,19.999
7.771,0.05,19.999
7.772,0.05,19.999
7.773,0.05,19.999
7.774,0.05,19.999
7.775,0.05,19.999
7.776,0.05,19.999
7.777,0.05,19.999
7.778,0.05,19.999
7.779,0.05,19.999
7.78,0.05,19.999
7.781,0.05,19.999
7.782,0.05,19.999
7.783,0.05,19.999
7.784,0.05,19.999
7.785,0.05,19.999
7.786,0.05,19.999
7.787,0.05,19.999
7.788,0.05,19.999
7.789,0.05,19.999
7.79,0.05,19.999
7.791,0.05,19.999
7.792,0.05,19.999
7.793,0.05,19.999
7.794,0.05,19.999
7.795,0.05,19.999
7.796,0.05,19.999
7.797,0.05,19.999
7.798,0.05,19.999
7.799,0.05,19.999
7.8,0.05,19.999
7.801,0.05,19.999
7.802,0.05,19.999
7.803,0.05,19.999
7.804,0.05,19.999
7.805,0.05,19.999
7.806,0.05,19.999
7.807,0.05,19.999
7.808,0.05,19.999
7.809,0.05,19.999
7.81,0.05,19.999
7.811,0.05,19.999
7.812,0.05,19.999
7.813,0.05,19.999
7.814,0.05,19.999
7.815,0.05,19.999
7.816,0.05,19.999
7.817,0.05,19.999
7.818,0.05,19.999
7.819,0.05,19.999
7.82,0.05,19.999
7.821,0.05,19.999
7.822,0.05,19.999
7.823,0.05,19.999
7.824,0.05,19.999
7.825,0.05,19.999
7.826,0.05,19.999
7.827,0.05,19.999
7.828,0.05,19.999
7.829,0.05,19.999
7.83,0.05,19.999
7.831,0.05,19.999
7.832,0.05,19.999
7.833,0.05,19.999
7.834,0.05,19.999
7.835,0.05,19.999
7.836,0.05,19.999
7.837,0.05,19.999
7.838,0.05,19.999
7.839,0.05,19.999
7.84,0.05,19.999
7.841,0.05,19.999
7.842,0.05,19.999
7.843,0.05,19.999
7.844,0.05,19.999
7.845,0.05,19.999
7.846,0.05,19.999
7.847,0.05,19.999
7.848,0.05,19.999
7.849,0.05,19.999
7.85,0.05,19.999
7.851,0.05,19.999
7.852,0.05,19.999
7.853,0.05,19.999
7.854,0.05,19.999
7.855,0.05,19.999
7.856,0.05,19.999
7.857,0.05,19.999
7.858,0.05,19.999
7.859,0.05,19.999
7.86,0.05,19.999
7.861,0.05,19.999
7.862,0.05,19.999
7.863,0.05,19.999
7.864,0.05,19.999
7.865,0.05,19.999
7.866,0.05,19.999
7.867,0.05,19.999
7.868,0.05,19.999
7.869,0.05,19.999
7.87,0.05,19.999
7.871,0.05,19.999
7.872,0.05,19.999
7.873,0.05,19.999
7.874,0.05,19.999
7.875,0.05,19.999
7.876,0.05,19.999
7.877,0.05,19.999
7.878,0.05,19.999
7.879,0.05,19.999
7.88,0.05,19.999
7.881,0.05,19.999
7.882,0.05,19.999
7.883,0.05,19.999
7.884,0.05,19.999
7.885,0.05,19.999
7.886,0.05,19.999
7.887,0.05,19.999
7.888,0.05,19.999
7.889,0.05,19.999
7.89,0.05,19.999
7.891,0.05,19.999
7.892,0.05,19.999
7.893,0.05,19.999
7.894,0.05,19.999
7.895,0.05,19.999
7.896,0.05,19.999
7.897,0.05,19.999
7.898,0.05,19.999
7.899,0.05,19.999
7.9,0.05,19.999
7.901,0.05,19.999
7.902,0.05,19.999
7.903,0.05,19.999
7.904,0.05,19.999
7.905,0.05,19.999
7.906,0.05,19.999
7.907,0.05,19.999
7.908,0.05,19.999
7.909,0.05,19.999
7.91,0.05,19.999
7.911,0.05,19.999
7.912,0.05,19.999
7.913,0.05,19.999
7.914,0.05,19.999
7.915,0.05,19.999
7.916,0.05,19.999
7.917,0.05,19.999
7.918,0.05,19.999
7.919,0.05,19.999
7.92,0.05,19.999
7.921,0.05,19.999
7.922,0.05,19.999
7.923,0.05,19.999
7.924,0.05,19.999
7.925,0.05,19.999
7.926,0.05,19.999
7.927,0.05,19.999
7.928,0.05,19.999
7.929,0.05,19.999
7.93,0.05,19.999
7.931,0.05,19.999
7.932,0.05,19.999
7.933,0.05,19.999
7.934,0.05,19.999
7.935,0.05,19.999
7.936,0.05,19.999
7.937,0.05,19.999
7.938,0.05,19.999
7.939,0.05,19.999
7.94,0.05,19.999
7.941,0.05,19.999
7.942,0.05,19.999
7.943,0.05,19.999
7.944,0.05,19.999
7.945,0.05,19.999
7.946,0.05,19.999
7.947,0.05,19.999
7.948,0.05,19.999
7.949,0.05,19.999
7.95,0.05,19.999
7.951,0.05,19.999
7.952,0.05,19.999
7.953,0.05,19.999
7.954,0.05,19.999
7.955,0.05,19.999
7.956,0.05,19.999
7.957,0.05,19.999
7.958,0.05,19.999
7.959,0.05,19.999
7.96,0.05,19.999
7.961,0.05,19.999
7.962,0.05,19.999
7.963,0.05,19.999
7.964,0.05,19.999
7.965,0.05,19.999
7.966,0.05,19.999
7.967,0.05,19.999
7.968,0.05,19.999
7.969,0.05,19.999
7.97,0.05,19.999
7.971,0.05,19.999
7.972,0.05,19.999
7.973,0.05,19.999
7.974,0.05,19.999
7.975,0.05,19.999
7.976,0.05,19.999
7.977,0.05,19.999
7.978,0.05,19.999
7.979,0.05,19.999
7.98,0.05,19.999
7.981,0.05,19.999
7.982,0.05,19.999
7.983,0.05,19.999
7.984,0.05,19.999
7.985,0.05,19.999
7.986,0.05,19.999
7.987,0.05,19.999
7.988,0.05,19.999
7.989,0.05,19.999
7.99,0.05,19.999
7.991,0.05,19.999
7.992,0.05,19.999
7.993,0.05,19.999
7.994,0.05,19.999
7.995,0.05,19.999
7.996,0.05,19.999
7.997,0.05,19.999
7.998,0.05,19.999
7.999,0.05,19.999
8,0.05,19.999
8.001,0.05,19.999
8.002,0.05,19.999
8.003,0.05,19.999
8.004,0.05,19.999
8.005,0.05,19.999
8.006,0.05,19.999
8.007,0.05,19.999
8.008,0.05,19.999
8.009,0.05,19.999
8.01,0.05,19.999
8.011,0.05,19.999
8.012,0.05,19.999
8.013,0.05,19.999
8.014,0.05,19.999
8.015,0.05,19.999
8.016,0.05,19.999
8.017,0.05,19.999
8.018,0.05,19.999
8.019,0.05,19.999
8.02,0.05,19.999
8.021,0.05,19.999
8.022,0.05,19.999
8.023,0.05,19.999
8.024,0.05,19.999
8.025,0.05,19.999
8.026,0.05,19.999
8.027,0.05,19.999
8.028,0.05,19.999
8.029,0.05,19.999
8.03,0.05,19.999
8.031,0.05,19.999
8.032,0.05,19.999
8.033,0.05,19.999
8.034,0.05,19.999
8.035,0.05,19.999
8.036,0.05,19.999
8.037,0.05,19.999
8.038,0.05,19.999
8.039,0.05,19.999
8.04,0.05,19.999
8.041,0.05,19.999
8.042,0.05,19.999
8.043,0.05,19.999
8.044,0.05,19.999
8.045,0.05,19.999
8.046,0.05,19.999
8.047,0.05,19.999
8.048,0.05,19.999
8.049,0.05,19.999
8.05,0.05,19.999
8.051,0.05,19.999
8.052,0.05,19.999
8.053,0.05,19.999
8.054,0.05,19.999
8.055,0.05,19.999
8.056,0.05,19.999
8.057,0.05,19.999
8.058,0.05,19.999
8.059,0.05,19.999
8.06,0.05,19.999
8.061,0.05,19.999
8.062,0.05,19.999
8.063,0.05,19.999
8.064,0.05,19.999
8.065,0.05,19.999
8.066,0.05,19.999
8.067,0.05,19.999
8.068,0.05,19.999
8.069,0.05,19.999
8.07,0.05,19.999
8.071,0.05,19.999
8.072,0.05,19.999
8.073,0.05,19.999
8.074,0.05,19.999
8.075,0.05,19.999
8.076,0.05,19.999
8.077,0.05,19.999
8.078,0.05,19.999
8.079,0.05,19.999
8.08,0.05,19.999
8.081,0.05,19.999
8.082,0.05,19.999
8.083,0.05,19.999
8.084,0.05,19.999
8.085,0.05,19.999
8.086,0.05,19.999
8.087,0.05,19.999
8.088,0.05,19.999
8.089,0.05,19.999
8.09,0.05,19.999
8.091,0.05,19.999
8.092,0.05,19.999
8.093,0.05,19.999
8.094,0.05,19.999
8.095,0.05,19.999
8.096,0.05,19.999
8.097,0.05,19.999
8.098,0.05,19.999
8.099,0.05,19.999
8.1,0.05,19.999
8.101,0.05,19.999
8.102,0.05,19.999
8.103,0.05,19.999
8.104,0.05,19.999
8.105,0.05,19.999
8.106,0.05,19.999
8.107,0.05,19.999
8.108,0.05,19.999
8.109,0.05,19.999
8.11,0.05,19.999
8.111,0.05,19.999
8.112,0.05,19.999
8.113,0.05,19.999
8.114,0.05,19.999
8.115,0.05,19.999
8.116,0.05,19.999
8.117,0.05,19.999
8.118,0.05,19.999
8.119,0.05,19.999
8.12,0.05,19.999
8.121,0.05,19.999
8.122,0.05,19.999
8.123,0.05,19.999
8.124,0.05,19.999
8.125,0.05,19.999
8.126,0.05,19.999
8.127,0.05,19.999
8.128,0.05,19.999
8.129,0.05,19.999
8.13,0.05,19.999
8.131,0.05,19.999
8.132,0.05,19.999
8.133,0.05,19.999
8.134,0.05,19.999
8.135,0.05,19.999
8.136,0.05,19.999
8.137,0.05,19.999
8.138,0.05,19.999
8.139,0.05,19.999
8.14,0.05,19.999
8.141,0.05,19.999
8.142,0.05,19.999
8.143,0.05,19.999
8.144,0.05,19.999
8.145,0.05,19.999
8.146,0.05,19.999
8.147,0.05,19.999
8.148,0.05,19.999
8.149,0.05,19.999
8.15,0.05,19.999
8.151,0.05,19.999
8.152,0.05,19.999
8.153,0.05,19.999
8.154,0.05,19.999
8.155,0.05,19.999
8.156,0.05,19.999
8.157,0.05,19.999
8.158,0.05,19.999
8.159,0.05,19.999
8.16,0.05,19.999
8.161,0.05,19.999
8.162,0.05,19.999
8.163,0.05,19.999
8.164,0.05,19.999
8.165,0.05,19.999
8.166,0.05,19.999
8.167,0.05,19.999
8.168,0.05,19.999
8.169,0.05,19.999
8.17,0.05,19.999
8.171,0.05,19.999
8.172,0.05,19.999
8.173,0.05,19.999
8.174,0.05,19.999
8.175,0.05,19.999
8.176,0.05,19.999
8.177,0.05,19.999
8.178,0.05,19.999
8.179,0.05,19.999
8.18,0.05,19.999
8.181,0.05,19.999
8.182,0.05,19.999
8.183,0.05,19.999
8.184,0.05,19.999
8.185,0.05,19.999
8.186,0.05,19.999
8.187,0.05,19.999
8.188,0.05,19.999
8.189,0.05,19.999
8.19,0.05,19.999
8.191,0.05,19.999
8.192,0.05,19.999
8.193,0.05,19.999
8.194,0.05,19.999
8.195,0.05,19.999
8.196,0.05,19.999
8.197,0.05,19.999
8.198,0.05,19.999
8.199,0.05,19.999
8.2,0.05,19.999
8.201,0.05,19.999
8.202,0.05,19.999
8.203,0.05,19.999
8.204,0.05,19.999
8.205,0.05,19.999
8.206,0.05,19.999
8.207,0.05,19.999
8.208,0.05,19.999
8.209,0.05,19.999
8.21,0.05,19.999
8.211,0.05,19.999
8.212,0.05,19.999
8.213,0.05,19.999
8.214,0.05,19.999
8.215,0.05,19.999
8.216,0.05,19.999
8.217,0.05,19.999
8.218,0.05,19.999
8.219,0.05,19.999
8.22,0.05,19.999
8.221,0.05,19.999
8.222,0.05,19.999
8.223,0.05,19.999
8.224,0.05,19.999
8.225,0.05,19.999
8.226,0.05,19.999
8.227,0.05,19.999
8.228,0.05,19.999
8.229,0.05,19.999
8.23,0.05,19.999
8.231,0.05,19.999
8.232,0.05,19.999
8.233,0.05,19.999
8.234,0.05,19.999
8.235,0.05,19.999
8.236,0.05,19.999
8.237,0.05,19.999
8.238,0.05,19.999
8.239,0.05,19.999
8.24,0.05,19.999
8.241,0.05,19.999
8.242,0.05,19.999
8.243,0.05,19.999
8.244,0.05,19.999
8.245,0.05,19.999
8.246,0.05,19.999
8.247,0.05,19.999
8.248,0.05,19.999
8.249,0.05,19.999
8.25,0.05,19.999
8.251,0.05,19.999
8.252,0.05,19.999
8.253,0.05,19.999
8.254,0.05,19.999
8.255,0.05,19.999
8.256,0.05,19.999
8.257,0.05,19.999
8.258,0.05,19.999
8.259,0.05,19.999
8.26,0.05,19.999
8.261,0.05,19.999
8.262,0.05,19.999
8.263,0.05,19.999
8.264,0.05,19.999
8.265,0.05,19.999
8.266,0.05,19.999
8.267,0.05,19.999
8.268,0.05,19.999
8.269,0.05,19.999
8.27,0.05,19.999
8.271,0.05,19.999
8.272,0.05,19.999
8.273,0.05,19.999
8.274,0.05,19.999
8.275,0.05,19.999
8.276,0.05,19.999
8.277,0.05,19.999
8.278,0.05,19.999
8.279,0.05,19.999
8.28,0.05,19.999
8.281,0.05,19.999
8.282,0.05,19.999
8.283,0.05,19.999
8.284,0.05,19.999
8.285,0.05,19.999
8.286,0.05,19.999
8.287,0.05,19.999
8.288,0.05,19.999
8.289,0.05,19.999
8.29,0.05,19.999
8.291,0.05,19.999
8.292,0.05,19.999
8.293,0.05,19.999
8.294,0.05,19.999
8.295,0.05,19.999
8.296,0.05,19.999
8.297,0.05,19.999
8.298,0.05,19.999
8.299,0.05,19.999
8.3,0.05,19.999
8.301,0.05,19.999
8.302,0.05,19.999
8.303,0.05,19.999
8.304,0.05,19.999
8.305,0.05,19.999
8.306,0.05,19.999
8.307,0.05,19.999
8.308,0.05,19.999
8.309,0.05,19.999
8.31,0.05,19.999
8.311,0.05,19.999
8.312,0.05,19.999
8.313,0.05,19.999
8.314,0.05,19.999
8.315,0.05,19.999
8.316,0.05,19.999
8.317,0.05,19.999
8.318,0.05,19.999
8.319,0.05,19.999
8.32,0.05,19.999
8.321,0.05,19.999
8.322,0.05,19.999
8.323,0.05,19.999
8.324,0.05,19.999
8.325,0.05,19.999
8.326,0.05,19.999
8.327,0.05,19.999
8.328,0.05,19.999
8.329,0.05,19.999
8.33,0.05,19.999
8.331,0.05,19.999
8.332,0.05,19.999
8.333,0.05,19.999
8.334,0.05,19.999
8.335,0.05,19.999
8.336,0.05,19.999
8.337,0.05,19.999
8.338,0.05,19.999
8.339,0.05,19.999
8.34,0.05,19.999
8.341,0.05,19.999
8.342,0.05,19.999
8.343,0.05,19.999
8.344,0.05,19.999
8.345,0.05,19.999
8.346,0.05,19.999
8.347,0.05,19.999
8.348,0.05,19.999
8.349,0.05,19.999
8.35,0.05,19.999
8.351,0.05,19.999
8.352,0.05,19.999
8.353,0.05,19.999
8.354,0.05,19.999
8.355,0.05,19.999
8.356,0.05,19.999
8.357,0.05,19.999
8.358,0.05,19.999
8.359,0.05,19.999
8.36,0.05,19.999
8.361,0.05,19.999
8.362,0.05,19.999
8.363,0.05,19.999
8.364,0.05,19.999
8.365,0.05,19.999
8.366,0.05,19.999
8.367,0.05,19.999
8.368,0.05,19.999
8.369,0.05,19.999
8.37,0.05,19.999
8.371,0.05,19.999
8.372,0.05,19.999
8.373,0.05,19.999
8.374,0.05,19.999
8.375,0.05,19.999
8.376,0.05,19.999
8.377,0.05,19.999
8.378,0.05,19.999
8.379,0.05,19.999
8.38,0.05,19.999
8.381,0.05,19.999
8.382,0.05,19.999
8.383,0.05,19.999
8.384,0.05,19.999
8.385,0.05,19.999
8.386,0.05,19.999
8.387,0.05,19.999
8.388,0.05,19.999
8.389,0.05,19.999
8.39,0.05,19.999
8.391,0.05,19.999
8.392,0.05,19.999
8.393,0.05,19.999
8.394,0.05,19.999
8.395,0.05,19.999
8.396,0.05,19.999
8.397,0.05,19.999
8.398,0.05,19.999
8.399,0.05,19.999
8.4,0.05,19.999
8.401,0.05,19.999
8.402,0.05,19.999
8.403,0.05,19.999
8.404,0.05,19.999
8.405,0.05,19.999
8.406,0.05,19.999
8.407,0.05,19.999
8.408,0.05,19.999
8.409,0.05,19.999
8.41,0.05,19.999
8.411,0.05,19.999
8.412,0.05,19.999
8.413,0.05,19.999
8.414,0.05,19.999
8.415,0.05,19.999
8.416,0.05,19.999
8.417,0.05,19.999
8.418,0.05,19.999
8.419,0.05,19.999
8.42,0.05,19.999
8.421,0.05,19.999
8.422,0.05,19.999
8.423,0.05,19.999
8.424,0.05,19.999
8.425,0.05,19.999
8.426,0.05,19.999
8.427,0.05,19.999
8.428,0.05,19.999
8.429,0.05,19.999
8.43,0.05,19.999
8.431,0.05,19.999
8.432,0.05,19.999
8.433,0.05,19.999
8.434,0.05,19.999
8.435,0.05,19.999
8.436,0.05,19.999
8.437,0.05,19.999
8.438,0.05,19.999
8.439,0.05,19.999
8.44,0.05,19.999
8.441,0.05,19.999
8.442,0.05,19.999
8.443,0.05,19.999
8.444,0.05,19.999
8.445,0.05,19.999
8.446,0.05,19.999
8.447,0.05,19.999
8.448,0.05,19.999
8.449,0.05,19.999
8.45,0.05,19.999
8.451,0.05,19.999
8.452,0.05,19.999
8.453,0.05,19.999
8.454,0.05,19.999
8.455,0.05,19.999
8.456,0.05,19.999
8.457,0.05,19.999
8.458,0.05,19.999
8.459,0.05,19.999
8.46,0.05,19.999
8.461,0.05,19.999
8.462,0.05,19.999
8.463,0.05,19.999
8.464,0.05,19.999
8.465,0.05,19.999
8.466,0.05,19.999
8.467,0.05,19.999
8.468,0.05,19.999
8.469,0.05,19.999
8.47,0.05,19.999
8.471,0.05,19.999
8.472,0.05,19.999
8.473,0.05,19.999
8.474,0.05,19.999
8.475,0.05,19.999
8.476,0.05,19.999
8.477,0.05,19.999
8.478,0.05,19.999
8.479,0.05,19.999
8.48,0.05,19.999
8.481,0.05,19.999
8.482,0.05,19.999
8.483,0.05,19.999
8.484,0.05,19.999
8.485,0.05,19.999
8.486,0.05,19.999
8.487,0.05,19.999
8.488,0.05,19.999
8.489,0.05,19.999
8.49,0.05,19.999
8.491,0.05,19.999
8.492,0.05,19.999
8.493,0.05,19.999
8.494,0.05,19.999
8.495,0.05,19.999
8.496,0.05,19.999
8.497,0.05,19.999
8.498,0.05,19.999
8.499,0.05,19.999
8.5,0.05,19.999
8.501,0.05,19.999
8.502,0.05,19.999
8.503,0.05,19.999
8.504,0.05,19.999
8.505,0.05,19.999
8.506,0.05,19.999
8.507,0.05,19.999
8.508,0.05,19.999
8.509,0.05,19.999
8.51,0.05,19.999
8.511,0.05,19.999
8.512,0.05,19.999
8.513,0.05,19.999
8.514,0.05,19.999
8.515,0.05,19.999
8.516,0.05,19.999
8.517,0.05,19.999
8.518,0.05,19.999
8.519,0.05,19.999
8.52,0.05,19.999
8.521,0.05,19.999
8.522,0.05,19.999
8.523,0.05,19.999
8.524,0.05,19.999
8.525,0.05,19.999
8.526,0.05,19.999
8.527,0.05,19.999
8.528,0.05,19.999
8.529,0.05,19.999
8.53,0.05,19.999
8.531,0.05,19.999
8.532,0.05,19.999
8.533,0.05,19.999
8.534,0.05,19.999
8.535,0.05,19.999
8.536,0.05,19.999
8.537,0.05,19.999
8.538,0.05,19.999
8.539,0.05,19.999
8.54,0.05,19.999
8.541,0.05,19.999
8.542,0.05,19.999
8.543,0.05,19.999
8.544,0.05,19.999
8.545,0.05,19.999
8.546,0.05,19.999
8.547,0.05,19.999
8.548,0.05,19.999
8.549,0.05,19.999
8.55,0.05,19.999
8.551,0.05,19.999
8.552,0.05,19.999
8.553,0.05,19.999
8.554,0.05,19.999
8.555,0.05,19.999
8.556,0.05,19.999
8.557,0.05,19.999
8.558,0.05,19.999
8.559,0.05,19.999
8.56,0.05,19.999
8.561,0.05,19.999
8.562,0.05,19.999
8.563,0.05,19.999
8.564,0.05,19.999
8.565,0.05,19.999
8.566,0.05,19.999
8.567,0.05,19.999
8.568,0.05,19.999
8.569,0.05,19.999
8.57,0.05,19.999
8.571,0.05,19.999
8.572,0.05,19.999
8.573,0.05,19.999
8.574,0.05,19.999
8.575,0.05,19.999
8.576,0.05,19.999
8.577,0.05,19.999
8.578,0.05,19.999
8.579,0.05,19.999
8.58,0.05,19.999
8.581,0.05,19.999
8.582,0.05,19.999
8.583,0.05,19.999
8.584,0.05,19.999
8.585,0.05,19.999
8.586,0.05,19.999
8.587,0.05,19.999
8.588,0.05,19.999
8.589,0.05,19.999
8.59,0.05,19.999
8.591,0.05,19.999
8.592,0.05,19.999
8.593,0.05,19.999
8.594,0.05,19.999
8.595,0.05,19.999
8.596,0.05,19.999
8.597,0.05,19.999
8.598,0.05,19.999
8.599,0.05,19.999
8.6,0.05,19.999
8.601,0.05,19.999
8.602,0.05,19.999
8.603,0.05,19.999
8.604,0.05,19.999
8.605,0.05,19.999
8.606,0.05,19.999
8.607,0.05,19.999
8.608,0.05,19.999
8.609,0.05,19.999
8.61,0.05,19.999
8.611,0.05,19.999
8.612,0.05,19.999
8.613,0.05,19.999
8.614,0.05,19.999
8.615,0.05,19.999
8.616,0.05,19.999
8.617,0.05,19.999
8.618,0.05,19.999
8.619,0.05,19.999
8.62,0.05,19.999
8.621,0.05,19.999
8.622,0.05,19.999
8.623,0.05,19.999
8.624,0.05,19.999
8.625,0.05,19.999
8.626,0.05,19.999
8.627,0.05,19.999
8.628,0.05,19.999
8.629,0.05,19.999
8.63,0.05,19.999
8.631,0.05,19.999
8.632,0.05,19.999
8.633,0.05,19.999
8.634,0.05,19.999
8.635,0.05,19.999
8.636,0.05,19.999
8.637,0.05,19.999
8.638,0.05,19.999
8.639,0.05,19.999
8.64,0.05,19.999
8.641,0.05,19.999
8.642,0.05,19.999
8.643,0.05,19.999
8.644,0.05,19.999
8.645,0.05,19.999
8.646,0.05,19.999
8.647,0.05,19.999
8.648,0.05,19.999
8.649,0.05,19.999
8.65,0.05,19.999
8.651,0.05,19.999
8.652,0.05,19.999
8.653,0.05,19.999
8.654,0.05,19.999
8.655,0.05,19.999
8.656,0.05,19.999
8.657,0.05,19.999
8.658,0.05,19.999
8.659,0.05,19.999
8.66,0.05,19.999
8.661,0.05,19.999
8.662,0.05,19.999
8.663,0.05,19.999
8.664,0.05,19.999
8.665,0.05,19.999
8.666,0.05,19.999
8.667,0.05,19.999
8.668,0.05,19.999
8.669,0.05,19.999
8.67,0.05,19.999
8.671,0.05,19.999
8.672,0.05,19.999
8.673,0.05,19.999
8.674,0.05,19.999
8.675,0.05,19.999
8.676,0.05,19.999
8.677,0.05,19.999
8.678,0.05,19.999
8.679,0.05,19.999
8.68,0.05,19.999
8.681,0.05,19.999
8.682,0.05,19.999
8.683,0.05,19.999
8.684,0.05,19.999
8.685,0.05,19.999
8.686,0.05,19.999
8.687,0.05,19.999
8.688,0.05,19.999
8.689,0.05,19.999
8.69,0.05,19.999
8.691,0.05,19.999
8.692,0.05,19.999
8.693,0.05,19.999
8.694,0.05,19.999
8.695,0.05,19.999
8.696,0.05,19.999
8.697,0.05,19.999
8.698,0.05,19.999
8.699,0.05,19.999
8.7,0.05,19.999
8.701,0.05,19.999
8.702,0.05,19.999
8.703,0.05,19.999
8.704,0.05,19.999
8.705,0.05,19.999
8.706,0.05,19.999
8.707,0.05,19.999
8.708,0.05,19.999
8.709,0.05,19.999
8.71,0.05,19.999
8.711,0.05,19.999
8.712,0.05,19.999
8.713,0.05,19.999
8.714,0.05,19.999
8.715,0.05,19.999
8.716,0.05,19.999
8.717,0.05,19.999
8.718,0.05,19.999
8.719,0.05,19.999
8.72,0.05,19.999
8.721,0.05,19.999
8.722,0.05,19.999
8.723,0.05,19.999
8.724,0.05,19.999
8.725,0.05,19.999
8.726,0.05,19.999
8.727,0.05,19.999
8.728,0.05,19.999
8.729,0.05,19.999
8.73,0.05,19.999
8.731,0.05,19.999
8.732,0.05,19.999
8.733,0.05,19.999
8.734,0.05,19.999
8.735,0.05,19.999
8.736,0.05,19.999
8.737,0.05,19.999
8.738,0.05,19.999
8.739,0.05,19.999
8.74,0.05,19.999
8.741,0.05,19.999
8.742,0.05,19.999
8.743,0.05,19.999
8.744,0.05,19.999
8.745,0.05,19.999
8.746,0.05,19.999
8.747,0.05,19.999
8.748,0.05,19.999
8.749,0.05,19.999
8.75,0.05,19.999
8.751,0.05,19.999
8.752,0.05,19.999
8.753,0.05,19.999
8.754,0.05,19.999
8.755,0.05,19.999
8.756,0.05,19.999
8.757,0.05,19.999
8.758,0.05,19.999
8.759,0.05,19.999
8.76,0.05,19.999
8.761,0.05,19.999
8.762,0.05,19.999
8.763,0.05,19.999
8.764,0.05,19.999
8.765,0.05,19.999
8.766,0.05,19.999
8.767,0.05,19.999
8.768,0.05,19.999
8.769,0.05,19.999
8.77,0.05,19.999
8.771,0.05,19.999
8.772,0.05,19.999
8.773,0.05,19.999
8.774,0.05,19.999
8.775,0.05,19.999
8.776,0.05,19.999
8.777,0.05,19.999
8.778,0.05,19.999
8.779,0.05,19.999
8.78,0.05,19.999
8.781,0.05,19.999
8.782,0.05,19.999
8.783,0.05,19.999
8.784,0.05,19.999
8.785,0.05,19.999
8.786,0.05,19.999
8.787,0.05,19.999
8.788,0.05,19.999
8.789,0.05,19.999
8.79,0.05,19.999
8.791,0.05,19.999
8.792,0.05,19.999
8.793,0.05,19.999
8.794,0.05,19.999
8.795,0.05,19.999
8.796,0.05,19.999
8.797,0.05,19.999
8.798,0.05,19.999
8.799,0.05,19.999
8.8,0.05,19.999
8.801,0.05,19.999
8.802,0.05,19.999
8.803,0.05,19.999
8.804,0.05,19.999
8.805,0.05,19.999
8.806,0.05,19.999
8.807,0.05,19.999
8.808,0.05,19.999
8.809,0.05,19.999
8.81,0.05,19.999
8.811,0.05,19.999
8.812,0.05,19.999
8.813,0.05,19.999
8.814,0.05,19.999
8.815,0.05,19.999
8.816,0.05,19.999
8.817,0.05,19.999
8.818,0.05,19.999
8.819,0.05,19.999
8.82,0.05,19.999
8.821,0.05,19.999
8.822,0.05,19.999
8.823,0.05,19.999
8.824,0.05,19.999
8.825,0.05,19.999
8.826,0.05,19.999
8.827,0.05,19.999
8.828,0.05,19.999
8.829,0.05,19.999
8.83,0.05,19.999
8.831,0.05,19.999
8.832,0.05,19.999
8.833,0.05,19.999
8.834,0.05,19.999
8.835,0.05,19.999
8.836,0.05,19.999
8.837,0.05,19.999
8.838,0.05,19.999
8.839,0.05,19.999
8.84,0.05,19.999
8.841,0.05,19.999
8.842,0.05,19.999
8.843,0.05,19.999
8.844,0.05,19.999
8.845,0.05,19.999
8.846,0.05,19.999
8.847,0.05,19.999
8.848,0.05,19.999
8.849,0.05,19.999
8.85,0.05,19.999
8.851,0.05,19.999
8.852,0.05,19.999
8.853,0.05,19.999
8.854,0.05,19.999
8.855,0.05,19.999
8.856,0.05,19.999
8.857,0.05,19.999
8.858,0.05,19.999
8.859,0.05,19.999
8.86,0.05,19.999
8.861,0.05,19.999
8.862,0.05,19.999
8.863,0.05,19.999
8.864,0.05,19.999
8.865,0.05,19.999
8.866,0.05,19.999
8.867,0.05,19.999
8.868,0.05,19.999
8.869,0.05,19.999
8.87,0.05,19.999
8.871,0.05,19.999
8.872,0.05,19.999
8.873,0.05,19.999
8.874,0.05,19.999
8.875,0.05,19.999
8.876,0.05,19.999
8.877,0.05,19.999
8.878,0.05,19.999
8.879,0.05,19.999
8.88,0.05,19.999
8.881,0.05,19.999
8.882,0.05,19.999
8.883,0.05,19.999
8.884,0.05,19.999
8.885,0.05,19.999
8.886,0.05,19.999
8.887,0.05,19.999
8.888,0.05,19.999
8.889,0.05,19.999
8.89,0.05,19.999
8.891,0.05,19.999
8.892,0.05,19.999
8.893,0.05,19.999
8.894,0.05,19.999
8.895,0.05,19.999
8.896,0.05,19.999
8.897,0.05,19.999
8.898,0.05,19.999
8.899,0.05,19.999
8.9,0.05,19.999
8.901,0.05,19.999
8.902,0.05,19.999
8.903,0.05,19.999
8.904,0.05,19.999
8.905,0.05,19.999
8.906,0.05,19.999
8.907,0.05,19.999
8.908,0.05,19.999
8.909,0.05,19.999
8.91,0.05,19.999
8.911,0.05,19.999
8.912,0.05,19.999
8.913,0.05,19.999
8.914,0.05,19.999
8.915,0.05,19.999
8.916,0.05,19.999
8.917,0.05,19.999
8.918,0.05,19.999
8.919,0.05,19.999
8.92,0.05,19.999
8.921,0.05,19.999
8.922,0.05,19.999
8.923,0.05,19.999
8.924,0.05,19.999
8.925,0.05,19.999
8.926,0.05,19.999
8.927,0.05,19.999
8.928,0.05,19.999
8.929,0.05,19.999
8.93,0.05,19.999
8.931,0.05,19.999
8.932,0.05,19.999
8.933,0.05,19.999
8.934,0.05,19.999
8.935,0.05,19.999
8.936,0.05,19.999
8.937,0.05,19.999
8.938,0.05,19.999
8.939,0.05,19.999
8.94,0.05,19.999
8.941,0.05,19.999
8.942,0.05,19.999
8.943,0.05,19.999
8.944,0.05,19.999
8.945,0.05,19.999
8.946,0.05,19.999
8.947,0.05,19.999
8.948,0.05,19.999
8.949,0.05,19.999
8.95,0.05,19.999
8.951,0.05,19.999
8.952,0.05,19.999
8.953,0.05,19.999
8.954,0.05,19.999
8.955,0.05,19.999
8.956,0.05,19.999
8.957,0.05,19.999
8.958,0.05,19.999
8.959,0.05,19.999
8.96,0.05,19.999
8.961,0.05,19.999
8.962,0.05,19.999
8.963,0.05,19.999
8.964,0.05,19.999
8.965,0.05,19.999
8.966,0.05,19.999
8.967,0.05,19.999
8.968,0.05,19.999
8.969,0.05,19.999
8.97,0.05,19.999
8.971,0.05,19.999
8.972,0.05,19.999
8.973,0.05,19.999
8.974,0.05,19.999
8.975,0.05,19.999
8.976,0.05,19.999
8.977,0.05,19.999
8.978,0.05,19.999
8.979,0.05,19.999
8.98,0.05,19.999
8.981,0.05,19.999
8.982,0.05,19.999
8.983,0.05,19.999
8.984,0.05,19.999
8.985,0.05,19.999
8.986,0.05,19.999
8.987,0.05,19.999
8.988,0.05,19.999
8.989,0.05,19.999
8.99,0.05,19.999
8.991,0.05,19.999
8.992,0.05,19.999
8.993,0.05,19.999
8.994,0.05,19.999
8.995,0.05,19.999
8.996,0.05,19.999
8.997,0.05,19.999
8.998,0.05,19.999
8.999,0.05,19.999
9,0.05,19.999
9.001,0.05,19.999
9.002,0.05,19.999
9.003,0.05,19.999
9.004,0.05,19.999
9.005,0.05,19.999
9.006,0.05,19.999
9.007,0.05,19.999
9.008,0.05,19.999
9.009,0.05,19.999
9.01,0.05,19.999
9.011,0.05,19.999
9.012,0.05,19.999
9.013,0.05,19.999
9.014,0.05,19.999
9.015,0.05,19.999
9.016,0.05,19.999
9.017,0.05,19.999
9.018,0.05,19.999
9.019,0.05,19.999
9.02,0.05,19.999
9.021,0.05,19.999
9.022,0.05,19.999
9.023,0.05,19.999
9.024,0.05,19.999
9.025,0.05,19.999
9.026,0.05,19.999
9.027,0.05,19.999
9.028,0.05,19.999
9.029,0.05,19.999
9.03,0.05,19.999
9.031,0.05,19.999
9.032,0.05,19.999
9.033,0.05,19.999
9.034,0.05,19.999
9.035,0.05,19.999
9.036,0.05,19.999
9.037,0.05,19.999
9.038,0.05,19.999
9.039,0.05,19.999
9.04,0.05,19.999
9.041,0.05,19.999
9.042,0.05,19.999
9.043,0.05,19.999
9.044,0.05,19.999
9.045,0.05,19.999
9.046,0.05,19.999
9.047,0.05,19.999
9.048,0.05,19.999
9.049,0.05,19.999
9.05,0.05,19.999
9.051,0.05,19.999
9.052,0.05,19.999
9.053,0.05,19.999
9.054,0.05,19.999
9.055,0.05,19.999
9.056,0.05,19.999
9.057,0.05,19.999
9.058,0.05,19.999
9.059,0.05,19.999
9.06,0.05,19.999
9.061,0.05,19.999
9.062,0.05,19.999
9.063,0.05,19.999
9.064,0.05,19.999
9.065,0.05,19.999
9.066,0.05,19.999
9.067,0.05,19.999
9.068,0.05,19.999
9.069,0.05,19.999
9.07,0.05,19.999
9.071,0.05,19.999
9.072,0.05,19.999
9.073,0.05,19.999
9.074,0.05,19.999
9.075,0.05,19.999
9.076,0.05,19.999
9.077,0.05,19.999
9.078,0.05,19.999
9.079,0.05,19.999
9.08,0.05,19.999
9.081,0.05,19.999
9.082,0.05,19.999
9.083,0.05,19.999
9.084,0.05,19.999
9.085,0.05,19.999
9.086,0.05,19.999
9.087,0.05,19.999
9.088,0.05,19.999
9.089,0.05,19.999
9.09,0.05,19.999
9.091,0.05,19.999
9.092,0.05,19.999
9.093,0.05,19.999
9.094,0.05,19.999
9.095,0.05,19.999
9.096,0.05,19.999
9.097,0.05,19.999
9.098,0.05,19.999
9.099,0.05,19.999
9.1,0.05,19.999
9.101,0.05,19.999
9.102,0.05,19.999
9.103,0.05,19.999
9.104,0.05,19.999
9.105,0.05,19.999
9.106,0.05,19.999
9.107,0.05,19.999
9.108,0.05,19.999
9.109,0.05,19.999
9.11,0.05,19.999
9.111,0.05,19.999
9.112,0.05,19.999
9.113,0.05,19.999
9.114,0.05,19.999
9.115,0.05,19.999
9.116,0.05,19.999
9.117,0.05,19.999
9.118,0.05,19.999
9.119,0.05,19.999
9.12,0.05,19.999
9.121,0.05,19.999
9.122,0.05,19.999
9.123,0.05,19.999
9.124,0.05,19.999
9.125,0.05,19.999
9.126,0.05,19.999
9.127,0.05,19.999
9.128,0.05,19.999
9.129,0.05,19.999
9.13,0.05,19.999
9.131,0.05,19.999
9.132,0.05,19.999
9.133,0.05,19.999
9.134,0.05,19.999
9.135,0.05,19.999
9.136,0.05,19.999
9.137,0.05,19.999
9.138,0.05,19.999
9.139,0.05,19.999
9.14,0.05,19.999
9.141,0.05,19.999
9.142,0.05,19.999
9.143,0.05,19.999
9.144,0.05,19.999
9.145,0.05,19.999
9.146,0.05,19.999
9.147,0.05,19.999
9.148,0.05,19.999
9.149,0.05,19.999
9.15,0.05,19.999
9.151,0.05,19.999
9.152,0.05,19.999
9.153,0.05,19.999
9.154,0.05,19.999
9.155,0.05,19.999
9.156,0.05,19.999
9.157,0.05,19.999
9.158,0.05,19.999
9.159,0.05,19.999
9.16,0.05,19.999
9.161,0.05,19.999
9.162,0.05,19.999
9.163,0.05,19.999
9.164,0.05,19.999
9.165,0.05,19.999
9.166,0.05,19.999
9.167,0.05,19.999
9.168,0.05,19.999
9.169,0.05,19.999
9.17,0.05,19.999
9.171,0.05,19.999
9.172,0.05,19.999
9.173,0.05,19.999
9.174,0.05,19.999
9.175,0.05,19.999
9.176,0.05,19.999
9.177,0.05,19.999
9.178,0.05,19.999
9.179,0.05,19.999
9.18,0.05,19.999
9.181,0.05,19.999
9.182,0.05,19.999
9.183,0.05,19.999
9.184,0.05,19.999
9.185,0.05,19.999
9.186,0.05,19.999
9.187,0.05,19.999
9.188,0.05,19.999
9.189,0.05,19.999
9.19,0.05,19.999
9.191,0.05,19.999
9.192,0.05,19.999
9.193,0.05,19.999
9.194,0.05,19.999
9.195,0.05,19.999
9.196,0.05,19.999
9.197,0.05,19.999
9.198,0.05,19.999
9.199,0.05,19.999
9.2,0.05,19.999
9.201,0.05,19.999
9.202,0.05,19.999
9.203,0.05,19.999
9.204,0.05,19.999
9.205,0.05,19.999
9.206,0.05,19.999
9.207,0.05,19.999
9.208,0.05,19.999
9.209,0.05,19.999
9.21,0.05,19.999
9.211,0.05,19.999
9.212,0.05,19.999
9.213,0.05,19.999
9.214,0.05,19.999
9.215,0.05,19.999
9.216,0.05,19.999
9.217,0.05,19.999
9.218,0.05,19.999
9.219,0.05,19.999
9.22,0.05,19.999
9.221,0.05,19.999
9.222,0.05,19.999
9.223,0.05,19.999
9.224,0.05,19.999
9.225,0.05,19.999
9.226,0.05,19.999
9.227,0.05,19.999
9.228,0.05,19.999
9.229,0.05,19.999
9.23,0.05,19.999
9.231,0.05,19.999
9.232,0.05,19.999
9.233,0.05,19.999
9.234,0.05,19.999
9.235,0.05,19.999
9.236,0.05,19.999
9.237,0.05,19.999
9.238,0.05,19.999
9.239,0.05,19.999
9.24,0.05,19.999
9.241,0.05,19.999
9.242,0.05,19.999
9.243,0.05,19.999
9.244,0.05,19.999
9.245,0.05,19.999
9.246,0.05,19.999
9.247,0.05,19.999
9.248,0.05,19.999
9.249,0.05,19.999
9.25,0.05,19.999
9.251,0.05,19.999
9.252,0.05,19.999
9.253,0.05,19.999
9.254,0.05,19.999
9.255,0.05,19.999
9.256,0.05,19.999
9.257,0.05,19.999
9.258,0.05,19.999
9.259,0.05,19.999
9.26,0.05,19.999
9.261,0.05,19.999
9.262,0.05,19.999
9.263,0.05,19.999
9.264,0.05,19.999
9.265,0.05,19.999
9.266,0.05,19.999
9.267,0.05,19.999
9.268,0.05,19.999
9.269,0.05,19.999
9.27,0.05,19.999
9.271,0.05,19.999
9.272,0.05,19.999
9.273,0.05,19.999
9.274,0.05,19.999
9.275,0.05,19.999
9.276,0.05,19.999
9.277,0.05,19.999
9.278,0.05,19.999
9.279,0.05,19.999
9.28,0.05,19.999
9.281,0.05,19.999
9.282,0.05,19.999
9.283,0.05,19.999
9.284,0.05,19.999
9.285,0.05,19.999
9.286,0.05,19.999
9.287,0.05,19.999
9.288,0.05,19.999
9.289,0.05,19.999
9.29,0.05,19.999
9.291,0.05,19.999
9.292,0.05,19.999
9.293,0.05,19.999
9.294,0.05,19.999
9.295,0.05,19.999
9.296,0.05,19.999
9.297,0.05,19.999
9.298,0.05,19.999
9.299,0.05,19.999
9.3,0.05,19.999
9.301,0.05,19.999
9.302,0.05,19.999
9.303,0.05,19.999
9.304,0.05,19.999
9.305,0.05,19.999
9.306,0.05,19.999
9.307,0.05,19.999
9.308,0.05,19.999
9.309,0.05,19.999
9.31,0.05,19.999
9.311,0.05,19.999
9.312,0.05,19.999
9.313,0.05,19.999
9.314,0.05,19.999
9.315,0.05,19.999
9.316,0.05,19.999
9.317,0.05,19.999
9.318,0.05,19.999
9.319,0.05,19.999
9.32,0.05,19.999
9.321,0.05,19.999
9.322,0.05,19.999
9.323,0.05,19.999
9.324,0.05,19.999
9.325,0.05,19.999
9.326,0.05,19.999
9.327,0.05,19.999
9.328,0.05,19.999
9.329,0.05,19.999
9.33,0.05,19.999
9.331,0.05,19.999
9.332,0.05,19.999
9.333,0.05,19.999
9.334,0.05,19.999
9.335,0.05,19.999
9.336,0.05,19.999
9.337,0.05,19.999
9.338,0.05,19.999
9.339,0.05,19.999
9.34,0.05,19.999
9.341,0.05,19.999
9.342,0.05,19.999
9.343,0.05,19.999
9.344,0.05,19.999
9.345,0.05,19.999
9.346,0.05,19.999
9.347,0.05,19.999
9.348,0.05,19.999
9.349,0.05,19.999
9.35,0.05,19.999
9.351,0.05,19.999
9.352,0.05,19.999
9.353,0.05,19.999
9.354,0.05,19.999
9.355,0.05,19.999
9.356,0.05,19.999
9.357,0.05,19.999
9.358,0.05,19.999
9.359,0.05,19.999
9.36,0.05,19.999
9.361,0.05,19.999
9.362,0.05,19.999
9.363,0.05,19.999
9.364,0.05,19.999
9.365,0.05,19.999
9.366,0.05,19.999
9.367,0.05,19.999
9.368,0.05,19.999
9.369,0.05,19.999
9.37,0.05,19.999
9.371,0.05,19.999
9.372,0.05,19.999
9.373,0.05,19.999
9.374,0.05,19.999
9.375,0.05,19.999
9.376,0.05,19.999
9.377,0.05,19.999
9.378,0.05,19.999
9.379,0.05,19.999
9.38,0.05,19.999
9.381,0.05,19.999
9.382,0.05,19.999
9.383,0.05,19.999
9.384,0.05,19.999
9.385,0.05,19.999
9.386,0.05,19.999
9.387,0.05,19.999
9.388,0.05,19.999
9.389,0.05,19.999
9.39,0.05,19.999
9.391,0.05,19.999
9.392,0.05,19.999
9.393,0.05,19.999
9.394,0.05,19.999
9.395,0.05,19.999
9.396,0.05,19.999
9.397,0.05,19.999
9.398,0.05,19.999
9.399,0.05,19.999
9.4,0.05,19.999
9.401,0.05,19.999
9.402,0.05,19.999
9.403,0.05,19.999
9.404,0.05,19.999
9.405,0.05,19.999
9.406,0.05,19.999
9.407,0.05,19.999
9.408,0.05,19.999
9.409,0.05,19.999
9.41,0.05,19.999
9.411,0.05,19.999
9.412,0.05,19.999
9.413,0.05,19.999
9.414,0.05,19.999
9.415,0.05,19.999
9.416,0.05,19.999
9.417,0.05,19.999
9.418,0.05,19.999
9.419,0.05,19.999
9.42,0.05,19.999
9.421,0.05,19.999
9.422,0.05,19.999
9.423,0.05,19.999
9.424,0.05,19.999
9.425,0.05,19.999
9.426,0.05,19.999
9.427,0.05,19.999
9.428,0.05,19.999
9.429,0.05,19.999
9.43,0.05,19.999
9.431,0.05,19.999
9.432,0.05,19.999
9.433,0.05,19.999
9.434,0.05,19.999
9.435,0.05,19.999
9.436,0.05,19.999
9.437,0.05,19.999
9.438,0.05,19.999
9.439,0.05,19.999
9.44,0.05,19.999
9.441,0.05,19.999
9.442,0.05,19.999
9.443,0.05,19.999
9.444,0.05,19.999
9.445,0.05,19.999
9.446,0.05,19.999
9.447,0.05,19.999
9.448,0.05,19.999
9.449,0.05,19.999
9.45,0.05,19.999
9.451,0.05,19.999
9.452,0.05,19.999
9.453,0.05,19.999
9.454,0.05,19.999
9.455,0.05,19.999
9.456,0.05,19.999
9.457,0.05,19.999
9.458,0.05,19.999
9.459,0.05,19.999
9.46,0.05,19.999
9.461,0.05,19.999
9.462,0.05,19.999
9.463,0.05,19.999
9.464,0.05,19.999
9.465,0.05,19.999
9.466,0.05,19.999
9.467,0.05,19.999
9.468,0.05,19.999
9.469,0.05,19.999
9.47,0.05,19.999
9.471,0.05,19.999
9.472,0.05,19.999
9.473,0.05,19.999
9.474,0.05,19.999
9.475,0.05,19.999
9.476,0.05,19.999
9.477,0.05,19.999
9.478,0.05,19.999
9.479,0.05,19.999
9.48,0.05,19.999
9.481,0.05,19.999
9.482,0.05,19.999
9.483,0.05,19.999
9.484,0.05,19.999
9.485,0.05,19.999
9.486,0.05,19.999
9.487,0.05,19.999
9.488,0.05,19.999
9.489,0.05,19.999
9.49,0.05,19.999
9.491,0.05,19.999
9.492,0.05,19.999
9.493,0.05,19.999
9.494,0.05,19.999
9.495,0.05,19.999
9.496,0.05,19.999
9.497,0.05,19.999
9.498,0.05,19.999
9.499,0.05,19.999
9.5,0.05,19.999
9.501,0.05,19.999
9.502,0.05,19.999
9.503,0.05,19.999
9.504,0.05,19.999
9.505,0.05,19.999
9.506,0.05,19.999
9.507,0.05,19.999
9.508,0.05,19.999
9.509,0.05,19.999
9.51,0.05,19.999
9.511,0.05,19.999
9.512,0.05,19.999
9.513,0.05,19.999
9.514,0.05,19.999
9.515,0.05,19.999
9.516,0.05,19.999
9.517,0.05,19.999
9.518,0.05,19.999
9.519,0.05,19.999
9.52,0.05,19.999
9.521,0.05,19.999
9.522,0.05,19.999
9.523,0.05,19.999
9.524,0.05,19.999
9.525,0.05,19.999
9.526,0.05,19.999
9.527,0.05,19.999
9.528,0.05,19.999
9.529,0.05,19.999
9.53,0.05,19.999
9.531,0.05,19.999
9.532,0.05,19.999
9.533,0.05,19.999
9.534,0.05,19.999
9.535,0.05,19.999
9.536,0.05,19.999
9.537,0.05,19.999
9.538,0.05,19.999
9.539,0.05,19.999
9.54,0.05,19.999
9.541,0.05,19.999
9.542,0.05,19.999
9.543,0.05,19.999
9.544,0.05,19.999
9.545,0.05,19.999
9.546,0.05,19.999
9.547,0.05,19.999
9.548,0.05,19.999
9.549,0.05,19.999
9.55,0.05,19.999
9.551,0.05,19.999
9.552,0.05,19.999
9.553,0.05,19.999
9.554,0.05,19.999
9.555,0.05,19.999
9.556,0.05,19.999
9.557,0.05,19.999
9.558,0.05,19.999
9.559,0.05,19.999
9.56,0.05,19.999
9.561,0.05,19.999
9.562,0.05,19.999
9.563,0.05,19.999
9.564,0.05,19.999
9.565,0.05,19.999
9.566,0.05,19.999
9.567,0.05,19.999
9.568,0.05,19.999
9.569,0.05,19.999
9.57,0.05,19.999
9.571,0.05,19.999
9.572,0.05,19.999
9.573,0.05,19.999
9.574,0.05,19.999
9.575,0.05,19.999
9.576,0.05,19.999
9.577,0.05,19.999
9.578,0.05,19.999
9.579,0.05,19.999
9.58,0.05,19.999
9.581,0.05,19.999
9.582,0.05,19.999
9.583,0.05,19.999
9.584,0.05,19.999
9.585,0.05,19.999
9.586,0.05,19.999
9.587,0.05,19.999
9.588,0.05,19.999
9.589,0.05,19.999
9.59,0.05,19.999
9.591,0.05,19.999
9.592,0.05,19.999
9.593,0.05,19.999
9.594,0.05,19.999
9.595,0.05,19.999
9.596,0.05,19.999
9.597,0.05,19.999
9.598,0.05,19.999
9.599,0.05,19.999
9.6,0.05,19.999
9.601,0.05,19.999
9.602,0.05,19.999
9.603,0.05,19.999
9.604,0.05,19.999
9.605,0.05,19.999
9.606,0.05,19.999
9.607,0.05,19.999
9.608,0.05,19.999
9.609,0.05,19.999
9.61,0.05,19.999
9.611,0.05,19.999
9.612,0.05,19.999
9.613,0.05,19.999
9.614,0.05,19.999
9.615,0.05,19.999
9.616,0.05,19.999
9.617,0.05,19.999
9.618,0.05,19.999
9.619,0.05,19.999
9.62,0.05,19.999
9.621,0.05,19.999
9.622,0.05,19.999
9.623,0.05,19.999
9.624,0.05,19.999
9.625,0.05,19.999
9.626,0.05,19.999
9.627,0.05,19.999
9.628,0.05,19.999
9.629,0.05,19.999
9.63,0.05,19.999
9.631,0.05,19.999
9.632,0.05,19.999
9.633,0.05,19.999
9.634,0.05,19.999
9.635,0.05,19.999
9.636,0.05,19.999
9.637,0.05,19.999
9.638,0.05,19.999
9.639,0.05,19.999
9.64,0.05,19.999
9.641,0.05,19.999
9.642,0.05,19.999
9.643,0.05,19.999
9.644,0.05,19.999
9.645,0.05,19.999
9.646,0.05,19.999
9.647,0.05,19.999
9.648,0.05,19.999
9.649,0.05,19.999
9.65,0.05,19.999
9.651,0.05,19.999
9.652,0.05,19.999
9.653,0.05,19.999
9.654,0.05,19.999
9.655,0.05,19.999
9.656,0.05,19.999
9.657,0.05,19.999
9.658,0.05,19.999
9.659,0.05,19.999
9.66,0.05,19.999
9.661,0.05,19.999
9.662,0.05,19.999
9.663,0.05,19.999
9.664,0.05,19.999
9.665,0.05,19.999
9.666,0.05,19.999
9.667,0.05,19.999
9.668,0.05,19.999
9.669,0.05,19.999
9.67,0.05,19.999
9.671,0.05,19.999
9.672,0.05,19.999
9.673,0.05,19.999
9.674,0.05,19.999
9.675,0.05,19.999
9.676,0.05,19.999
9.677,0.05,19.999
9.678,0.05,19.999
9.679,0.05,19.999
9.68,0.05,19.999
9.681,0.05,19.999
9.682,0.05,19.999
9.683,0.05,19.999
9.684,0.05,19.999
9.685,0.05,19.999
9.686,0.05,19.999
9.687,0.05,19.999
9.688,0.05,19.999
9.689,0.05,19.999
9.69,0.05,19.999
9.691,0.05,19.999
9.692,0.05,19.999
9.693,0.05,19.999
9.694,0.05,19.999
9.695,0.05,19.999
9.696,0.05,19.999
9.697,0.05,19.999
9.698,0.05,19.999
9.699,0.05,19.999
9.7,0.05,19.999
9.701,0.05,19.999
9.702,0.05,19.999
9.703,0.05,19.999
9.704,0.05,19.999
9.705,0.05,19.999
9.706,0.05,19.999
9.707,0.05,19.999
9.708,0.05,19.999
9.709,0.05,19.999
9.71,0.05,19.999
9.711,0.05,19.999
9.712,0.05,19.999
9.713,0.05,19.999
9.714,0.05,19.999
9.715,0.05,19.999
9.716,0.05,19.999
9.717,0.05,19.999
9.718,0.05,19.999
9.719,0.05,19.999
9.72,0.05,19.999
9.721,0.05,19.999
9.722,0.05,19.999
9.723,0.05,19.999
9.724,0.05,19.999
9.725,0.05,19.999
9.726,0.05,19.999
9.727,0.05,19.999
9.728,0.05,19.999
9.729,0.05,19.999
9.73,0.05,19.999
9.731,0.05,19.999
9.732,0.05,19.999
9.733,0.05,19.999
9.734,0.05,19.999
9.735,0.05,19.999
9.736,0.05,19.999
9.737,0.05,19.999
9.738,0.05,19.999
9.739,0.05,19.999
9.74,0.05,19.999
9.741,0.05,19.999
9.742,0.05,19.999
9.743,0.05,19.999
9.744,0.05,19.999
9.745,0.05,19.999
9.746,0.05,19.999
9.747,0.05,19.999
9.748,0.05,19.999
9.749,0.05,19.999
9.75,0.05,19.999
9.751,0.05,19.999
9.752,0.05,19.999
9.753,0.05,19.999
9.754,0.05,19.999
9.755,0.05,19.999
9.756,0.05,19.999
9.757,0.05,19.999
9.758,0.05,19.999
9.759,0.05,19.999
9.76,0.05,19.999
9.761,0.05,19.999
9.762,0.05,19.999
9.763,0.05,19.999
9.764,0.05,19.999
9.765,0.05,19.999
9.766,0.05,19.999
9.767,0.05,19.999
9.768,0.05,19.999
9.769,0.05,19.999
9.77,0.05,19.999
9.771,0.05,19.999
9.772,0.05,19.999
9.773,0.05,19.999
9.774,0.05,19.999
9.775,0.05,19.999
9.776,0.05,19.999
9.777,0.05,19.999
9.778,0.05,19.999
9.779,0.05,19.999
9.78,0.05,19.999
9.781,0.05,19.999
9.782,0.05,19.999
9.783,0.05,19.999
9.784,0.05,19.999
9.785,0.05,19.999
9.786,0.05,19.999
9.787,0.05,19.999
9.788,0.05,19.999
9.789,0.05,19.999
9.79,0.05,19.999
9.791,0.05,19.999
9.792,0.05,19.999
9.793,0.05,19.999
9.794,0.05,19.999
9.795,0.05,19.999
9.796,0.05,19.999
9.797,0.05,19.999
9.798,0.05,19.999
9.799,0.05,19.999
9.8,0.05,19.999
9.801,0.05,19.999
9.802,0.05,19.999
9.803,0.05,19.999
9.804,0.05,19.999
9.805,0.05,19.999
9.806,0.05,19.999
9.807,0.05,19.999
9.808,0.05,19.999
9.809,0.05,19.999
9.81,0.05,19.999
9.811,0.05,19.999
9.812,0.05,19.999
9.813,0.05,19.999
9.814,0.05,19.999
9.815,0.05,19.999
9.816,0.05,19.999
9.817,0.05,19.999
9.818,0.05,19.999
9.819,0.05,19.999
9.82,0.05,19.999
9.821,0.05,19.999
9.822,0.05,19.999
9.823,0.05,19.999
9.824,0.05,19.999
9.825,0.05,19.999
9.826,0.05,19.999
9.827,0.05,19.999
9.828,0.05,19.999
9.829,0.05,19.999
9.83,0.05,19.999
9.831,0.05,19.999
9.832,0.05,19.999
9.833,0.05,19.999
9.834,0.05,19.999
9.835,0.05,19.999
9.836,0.05,19.999
9.837,0.05,19.999
9.838,0.05,19.999
9.839,0.05,19.999
9.84,0.05,19.999
9.841,0.05,19.999
9.842,0.05,19.999
9.843,0.05,19.999
9.844,0.05,19.999
9.845,0.05,19.999
9.846,0.05,19.999
9.847,0.05,19.999
9.848,0.05,19.999
9.849,0.05,19.999
9.85,0.05,19.999
9.851,0.05,19.999
9.852,0.05,19.999
9.853,0.05,19.999
9.854,0.05,19.999
9.855,0.05,19.999
9.856,0.05,19.999
9.857,0.05,19.999
9.858,0.05,19.999
9.859,0.05,19.999
9.86,0.05,19.999
9.861,0.05,19.999
9.862,0.05,19.999
9.863,0.05,19.999
9.864,0.05,19.999
9.865,0.05,19.999
9.866,0.05,19.999
9.867,0.05,19.999
9.868,0.05,19.999
9.869,0.05,19.999
9.87,0.05,19.999
9.871,0.05,19.999
9.872,0.05,19.999
9.873,0.05,19.999
9.874,0.05,19.999
9.875,0.05,19.999
9.876,0.05,19.999
9.877,0.05,19.999
9.878,0.05,19.999
9.879,0.05,19.999
9.88,0.05,19.999
9.881,0.05,19.999
9.882,0.05,19.999
9.883,0.05,19.999
9.884,0.05,19.999
9.885,0.05,19.999
9.886,0.05,19.999
9.887,0.05,19.999
9.888,0.05,19.999
9.889,0.05,19.999
9.89,0.05,19.999
9.891,0.05,19.999
9.892,0.05,19.999
9.893,0.05,19.999
9.894,0.05,19.999
9.895,0.05,19.999
9.896,0.05,19.999
9.897,0.05,19.999
9.898,0.05,19.999
9.899,0.05,19.999
9.9,0.05,19.999
9.901,0.05,19.999
9.902,0.05,19.999
9.903,0.05,19.999
9.904,0.05,19.999
9.905,0.05,19.999
9.906,0.05,19.999
9.907,0.05,19.999
9.908,0.05,19.999
9.909,0.05,19.999
9.91,0.05,19.999
9.911,0.05,19.999
9.912,0.05,19.999
9.913,0.05,19.999
9.914,0.05,19.999
9.915,0.05,19.999
9.916,0.05,19.999
9.917,0.05,19.999
9.918,0.05,19.999
9.919,0.05,19.999
9.92,0.05,19.999
9.921,0.05,19.999
9.922,0.05,19.999
9.923,0.05,19.999
9.924,0.05,19.999
9.925,0.05,19.999
9.926,0.05,19.999
9.927,0.05,19.999
9.928,0.05,19.999
9.929,0.05,19.999
9.93,0.05,19.999
9.931,0.05,19.999
9.932,0.05,19.999
9.933,0.05,19.999
9.934,0.05,19.999
9.935,0.05,19.999
9.936,0.05,19.999
9.937,0.05,19.999
9.938,0.05,19.999
9.939,0.05,19.999
9.94,0.05,19.999
9.941,0.05,19.999
9.942,0.05,19.999
9.943,0.05,19.999
9.944,0.05,19.999
9.945,0.05,19.999
9.946,0.05,19.999
9.947,0.05,19.999
9.948,0.05,19.999
9.949,0.05,19.999
9.95,0.05,19.999
9.951,0.05,19.999
9.952,0.05,19.999
9.953,0.05,19.999
9.954,0.05,19.999
9.955,0.05,19.999
9.956,0.05,19.999
9.957,0.05,19.999
9.958,0.05,19.999
9.959,0.05,19.999
9.96,0.05,19.999
9.961,0.05,19.999
9.962,0.05,19.999
9.963,0.05,19.999
9.964,0.05,19.999
9.965,0.05,19.999
9.966,0.05,19.999
9.967,0.05,19.999
9.968,0.05,19.999
9.969,0.05,19.999
9.97,0.05,19.999
9.971,0.05,19.999
9.972,0.05,19.999
9.973,0.05,19.999
9.974,0.05,19.999
9.975,0.05,19.999
9.976,0.05,19.999
9.977,0.05,19.999
9.978,0.05,19.999
9.979,0.05,19.999
9.98,0.05,19.999
9.981,0.05,19.999
9.982,0.05,19.999
9.983,0.05,19.999
9.984,0.05,19.999
9.985,0.05,19.999
9.986,0.05,19.999
9.987,0.05,19.999
9.988,0.05,19.999
9.989,0.05,19.999
9.99,0.05,19.999
9.991,0.05,19.999
9.992,0.05,19.999
9.993,0.05,19.999
9.994,0.05,19.999
9.995,0.05,19.999
9.996,0.05,19.999
9.997,0.05,19.999
9.998,0.05,19.999
9.999,0.05,19.999
10,0.05,19.999
10.001,0.05,19.999
10.002,0.05,19.999
10.003,0.05,19.999
10.004,0.05,19.999
10.005,0.05,19.999
10.006,0.05,19.999
10.007,0.05,19.999
10.008,0.05,19.999
10.009,0.05,19.999
10.01,0.05,19.999
10.011,0.05,19.999
10.012,0.05,19.999
10.013,0.05,19.999
10.014,0.05,19.999
10.015,0.05,19.999
10.016,0.05,19.999
10.017,0.05,19.999
10.018,0.05,19.999
10.019,0.05,19.999
10.02,0.05,19.999
10.021,0.05,19.999
10.022,0.05,19.999
10.023,0.05,19.999
10.024,0.05,19.999
10.025,0.05,19.999
10.026,0.05,19.999
10.027,0.05,19.999
10.028,0.05,19.999
10.029,0.05,19.999
10.03,0.05,19.999
10.031,0.05,19.999
10.032,0.05,19.999
10.033,0.05,19.999
10.034,0.05,19.999
10.035,0.05,19.999
10.036,0.05,19.999
10.037,0.05,19.999
10.038,0.05,19.999
10.039,0.05,19.999
10.04,0.05,19.999
10.041,0.05,19.999
10.042,0.05,19.999
10.043,0.05,19.999
10.044,0.05,19.999
10.045,0.05,19.999
10.046,0.05,19.999
10.047,0.05,19.999
10.048,0.05,19.999
10.049,0.05,19.999
10.05,0.05,19.999
10.051,0.05,19.999
10.052,0.05,19.999
10.053,0.05,19.999
10.054,0.05,19.999
10.055,0.05,19.999
10.056,0.05,19.999
10.057,0.05,19.999
10.058,0.05,19.999
10.059,0.05,19.999
10.06,0.05,19.999
10.061,0.05,19.999
10.062,0.05,19.999
10.063,0.05,19.999
10.064,0.05,19.999
10.065,0.05,19.999
10.066,0.05,19.999
10.067,0.05,19.999
10.068,0.05,19.999
10.069,0.05,19.999
10.07,0.05,19.999
10.071,0.05,19.999
10.072,0.05,19.999
10.073,0.05,19.999
10.074,0.05,19.999
10.075,0.05,19.999
10.076,0.05,19.999
10.077,0.05,19.999
10.078,0.05,19.999
10.079,0.05,19.999
10.08,0.05,19.999
10.081,0.05,19.999
10.082,0.05,19.999
10.083,0.05,19.999
10.084,0.05,19.999
10.085,0.05,19.999
10.086,0.05,19.999
10.087,0.05,19.999
10.088,0.05,19.999
10.089,0.05,19.999
10.09,0.05,19.999
10.091,0.05,19.999
10.092,0.05,19.999
10.093,0.05,19.999
10.094,0.05,19.999
10.095,0.05,19.999
10.096,0.05,19.999
10.097,0.05,19.999
10.098,0.05,19.999
10.099,0.05,19.999
10.1,0.05,19.999
10.101,0.05,19.999
10.102,0.05,19.999
10.103,0.05,19.999
10.104,0.05,19.999
10.105,0.05,19.999
10.106,0.05,19.999
10.107,0.05,19.999
10.108,0.05,19.999
10.109,0.05,19.999
10.11,0.05,19.999
10.111,0.05,19.999
10.112,0.05,19.999
10.113,0.05,19.999
10.114,0.05,19.999
10.115,0.05,19.999
10.116,0.05,19.999
10.117,0.05,19.999
10.118,0.05,19.999
10.119,0.05,19.999
10.12,0.05,19.999
10.121,0.05,19.999
10.122,0.05,19.999
10.123,0.05,19.999
10.124,0.05,19.999
10.125,0.05,19.999
10.126,0.05,19.999
10.127,0.05,19.999
10.128,0.05,19.999
10.129,0.05,19.999
10.13,0.05,19.999
10.131,0.05,19.999
10.132,0.05,19.999
10.133,0.05,19.999
10.134,0.05,19.999
10.135,0.05,19.999
10.136,0.05,19.999
10.137,0.05,19.999
10.138,0.05,19.999
10.139,0.05,19.999
10.14,0.05,19.999
10.141,0.05,19.999
10.142,0.05,19.999
10.143,0.05,19.999
10.144,0.05,19.999
10.145,0.05,19.999
10.146,0.05,19.999
10.147,0.05,19.999
10.148,0.05,19.999
10.149,0.05,19.999
10.15,0.05,19.999
10.151,0.05,19.999
10.152,0.05,19.999
10.153,0.05,19.999
10.154,0.05,19.999
10.155,0.05,19.999
10.156,0.05,19.999
10.157,0.05,19.999
10.158,0.05,19.999
10.159,0.05,19.999
10.16,0.05,19.999
10.161,0.05,19.999
10.162,0.05,19.999
10.163,0.05,19.999
10.164,0.05,19.999
10.165,0.05,19.999
10.166,0.05,19.999
10.167,0.05,19.999
10.168,0.05,19.999
10.169,0.05,19.999
10.17,0.05,19.999
10.171,0.05,19.999
10.172,0.05,19.999
10.173,0.05,19.999
10.174,0.05,19.999
10.175,0.05,19.999
10.176,0.05,19.999
10.177,0.05,19.999
10.178,0.05,19.999
10.179,0.05,19.999
10.18,0.05,19.999
10.181,0.05,19.999
10.182,0.05,19.999
10.183,0.05,19.999
10.184,0.05,19.999
10.185,0.05,19.999
10.186,0.05,19.999
10.187,0.05,19.999
10.188,0.05,19.999
10.189,0.05,19.999
10.19,0.05,19.999
10.191,0.05,19.999
10.192,0.05,19.999
10.193,0.05,19.999
10.194,0.05,19.999
10.195,0.05,19.999
10.196,0.05,19.999
10.197,0.05,19.999
10.198,0.05,19.999
10.199,0.05,19.999
10.2,0.05,19.999
10.201,0.05,19.999
10.202,0.05,19.999
10.203,0.05,19.999
10.204,0.05,19.999
10.205,0.05,19.999
10.206,0.05,19.999
10.207,0.05,19.999
10.208,0.05,19.999
10.209,0.05,19.999
10.21,0.05,19.999
10.211,0.05,19.999
10.212,0.05,19.999
10.213,0.05,19.999
10.214,0.05,19.999
10.215,0.05,19.999
10.216,0.05,19.999
10.217,0.05,19.999
10.218,0.05,19.999
10.219,0.05,19.999
10.22,0.05,19.999
10.221,0.05,19.999
10.222,0.05,19.999
10.223,0.05,19.999
10.224,0.05,19.999
10.225,0.05,19.999
10.226,0.05,19.999
10.227,0.05,19.999
10.228,0.05,19.999
10.229,0.05,19.999
10.23,0.05,19.999
10.231,0.05,19.999
10.232,0.05,19.999
10.233,0.05,19.999
10.234,0.05,19.999
10.235,0.05,19.999
10.236,0.05,19.999
10.237,0.05,19.999
10.238,0.05,19.999
10.239,0.05,19.999
10.24,0.05,19.999
10.241,0.05,19.999
10.242,0.05,19.999
10.243,0.05,19.999
10.244,0.05,19.999
10.245,0.05,19.999
10.246,0.05,19.999
10.247,0.05,19.999
10.248,0.05,19.999
10.249,0.05,19.999
10.25,0.05,19.999
10.251,0.05,19.999
10.252,0.05,19.999
10.253,0.05,19.999
10.254,0.05,19.999
10.255,0.05,19.999
10.256,0.05,19.999
10.257,0.05,19.999
10.258,0.05,19.999
10.259,0.05,19.999
10.26,0.05,19.999
10.261,0.05,19.999
10.262,0.05,19.999
10.263,0.05,19.999
10.264,0.05,19.999
10.265,0.05,19.999
10.266,0.05,19.999
10.267,0.05,19.999
10.268,0.05,19.999
10.269,0.05,19.999
10.27,0.05,19.999
10.271,0.05,19.999
10.272,0.05,19.999
10.273,0.05,19.999
10.274,0.05,19.999
10.275,0.05,19.999
10.276,0.05,19.999
10.277,0.05,19.999
10.278,0.05,19.999
10.279,0.05,19.999
10.28,0.05,19.999
10.281,0.05,19.999
10.282,0.05,19.999
10.283,0.05,19.999
10.284,0.05,19.999
10.285,0.05,19.999
10.286,0.05,19.999
10.287,0.05,19.999
10.288,0.05,19.999
10.289,0.05,19.999
10.29,0.05,19.999
10.291,0.05,19.999
10.292,0.05,19.999
10.293,0.05,19.999
10.294,0.05,19.999
10.295,0.05,19.999
10.296,0.05,19.999
10.297,0.05,19.999
10.298,0.05,19.999
10.299,0.05,19.999
10.3,0.05,19.999
10.301,0.05,19.999
10.302,0.05,19.999
10.303,0.05,19.999
10.304,0.05,19.999
10.305,0.05,19.999
10.306,0.05,19.999
10.307,0.05,19.999
10.308,0.05,19.999
10.309,0.05,19.999
10.31,0.05,19.999
10.311,0.05,19.999
10.312,0.05,19.999
10.313,0.05,19.999
10.314,0.05,19.999
10.315,0.05,19.999
10.316,0.05,19.999
10.317,0.05,19.999
10.318,0.05,19.999
10.319,0.05,19.999
10.32,0.05,19.999
10.321,0.05,19.999
10.322,0.05,19.999
10.323,0.05,19.999
10.324,0.05,19.999
10.325,0.05,19.999
10.326,0.05,19.999
10.327,0.05,19.999
10.328,0.05,19.999
10.329,0.05,19.999
10.33,0.05,19.999
10.331,0.05,19.999
10.332,0.05,19.999
10.333,0.05,19.999
10.334,0.05,19.999
10.335,0.05,19.999
10.336,0.05,19.999
10.337,0.05,19.999
10.338,0.05,19.999
10.339,0.05,19.999
10.34,0.05,19.999
10.341,0.05,19.999
10.342,0.05,19.999
10.343,0.05,19.999
10.344,0.05,19.999
10.345,0.05,19.999
10.346,0.05,19.999
10.347,0.05,19.999
10.348,0.05,19.999
10.349,0.05,19.999
10.35,0.05,19.999
10.351,0.05,19.999
10.352,0.05,19.999
10.353,0.05,19.999
10.354,0.05,19.999
10.355,0.05,19.999
10.356,0.05,19.999
10.357,0.05,19.999
10.358,0.05,19.999
10.359,0.05,19.999
10.36,0.05,19.999
10.361,0.05,19.999
10.362,0.05,19.999
10.363,0.05,19.999
10.364,0.05,19.999
10.365,0.05,19.999
10.366,0.05,19.999
10.367,0.05,19.999
10.368,0.05,19.999
10.369,0.05,19.999
10.37,0.05,19.999
10.371,0.05,19.999
10.372,0.05,19.999
10.373,0.05,19.999
10.374,0.05,19.999
10.375,0.05,19.999
10.376,0.05,19.999
10.377,0.05,19.999
10.378,0.05,19.999
10.379,0.05,19.999
10.38,0.05,19.999
10.381,0.05,19.999
10.382,0.05,19.999
10.383,0.05,19.999
10.384,0.05,19.999
10.385,0.05,19.999
10.386,0.05,19.999
10.387,0.05,19.999
10.388,0.05,19.999
10.389,0.05,19.999
10.39,0.05,19.999
10.391,0.05,19.999
10.392,0.05,19.999
10.393,0.05,19.999
10.394,0.05,19.999
10.395,0.05,19.999
10.396,0.05,19.999
10.397,0.05,19.999
10.398,0.05,19.999
10.399,0.05,19.999
10.4,0.05,19.999
10.401,0.05,19.999
10.402,0.05,19.999
10.403,0.05,19.999
10.404,0.05,19.999
10.405,0.05,19.999
10.406,0.05,19.999
10.407,0.05,19.999
10.408,0.05,19.999
10.409,0.05,19.999
10.41,0.05,19.999
10.411,0.05,19.999
10.412,0.05,19.999
10.413,0.05,19.999
10.414,0.05,19.999
10.415,0.05,19.999
10.416,0.05,19.999
10.417,0.05,19.999
10.418,0.05,19.999
10.419,0.05,19.999
10.42,0.05,19.999
10.421,0.05,19.999
10.422,0.05,19.999
10.423,0.05,19.999
10.424,0.05,19.999
10.425,0.05,19.999
10.426,0.05,19.999
10.427,0.05,19.999
10.428,0.05,19.999
10.429,0.05,19.999
10.43,0.05,19.999
10.431,0.05,19.999
10.432,0.05,19.999
10.433,0.05,19.999
10.434,0.05,19.999
10.435,0.05,19.999
10.436,0.05,19.999
10.437,0.05,19.999
10.438,0.05,19.999
10.439,0.05,19.999
10.44,0.05,19.999
10.441,0.05,19.999
10.442,0.05,19.999
10.443,0.05,19.999
10.444,0.05,19.999
10.445,0.05,19.999
10.446,0.05,19.999
10.447,0.05,19.999
10.448,0.05,19.999
10.449,0.05,19.999
10.45,0.05,19.999
10.451,0.05,19.999
10.452,0.05,19.999
10.453,0.05,19.999
10.454,0.05,19.999
10.455,0.05,19.999
10.456,0.05,19.999
10.457,0.05,19.999
10.458,0.05,19.999
10.459,0.05,19.999
10.46,0.05,19.999
10.461,0.05,19.999
10.462,0.05,19.999
10.463,0.05,19.999
10.464,0.05,19.999
10.465,0.05,19.999
10.466,0.05,19.999
10.467,0.05,19.999
10.468,0.05,19.999
10.469,0.05,19.999
10.47,0.05,19.999
10.471,0.05,19.999
10.472,0.05,19.999
10.473,0.05,19.999
10.474,0.05,19.999
10.475,0.05,19.999
10.476,0.05,19.999
10.477,0.05,19.999
10.478,0.05,19.999
10.479,0.05,19.999
10.48,0.05,19.999
10.481,0.05,19.999
10.482,0.05,19.999
10.483,0.05,19.999
10.484,0.05,19.999
10.485,0.05,19.999
10.486,0.05,19.999
10.487,0.05,19.999
10.488,0.05,19.999
10.489,0.05,19.999
10.49,0.05,19.999
10.491,0.05,19.999
10.492,0.05,19.999
10.493,0.05,19.999
10.494,0.05,19.999
10.495,0.05,19.999
10.496,0.05,19.999
10.497,0.05,19.999
10.498,0.05,19.999
10.499,0.05,19.999
10.5,0.05,19.999
10.501,0.05,19.999
10.502,0.05,19.999
10.503,0.05,19.999
10.504,0.05,19.999
10.505,0.05,19.999
10.506,0.05,19.999
10.507,0.05,19.999
10.508,0.05,19.999
10.509,0.05,19.999
10.51,0.05,19.999
10.511,0.05,19.999
10.512,0.05,19.999
10.513,0.05,19.999
10.514,0.05,19.999
10.515,0.05,19.999
10.516,0.05,19.999
10.517,0.05,19.999
10.518,0.05,19.999
10.519,0.05,19.999
10.52,0.05,19.999
10.521,0.05,19.999
10.522,0.05,19.999
10.523,0.05,19.999
10.524,0.05,19.999
10.525,0.05,19.999
10.526,0.05,19.999
10.527,0.05,19.999
10.528,0.05,19.999
10.529,0.05,19.999
10.53,0.05,19.999
10.531,0.05,19.999
10.532,0.05,19.999
10.533,0.05,19.999
10.534,0.05,19.999
10.535,0.05,19.999
10.536,0.05,19.999
10.537,0.05,19.999
10.538,0.05,19.999
10.539,0.05,19.999
10.54,0.05,19.999
10.541,0.05,19.999
10.542,0.05,19.999
10.543,0.05,19.999
10.544,0.05,19.999
10.545,0.05,19.999
10.546,0.05,19.999
10.547,0.05,19.999
10.548,0.05,19.999
10.549,0.05,19.999
10.55,0.05,19.999
10.551,0.05,19.999
10.552,0.05,19.999
10.553,0.05,19.999
10.554,0.05,19.999
10.555,0.05,19.999
10.556,0.05,19.999
10.557,0.05,19.999
10.558,0.05,19.999
10.559,0.05,19.999
10.56,0.05,19.999
10.561,0.05,19.999
10.562,0.05,19.999
10.563,0.05,19.999
10.564,0.05,19.999
10.565,0.05,19.999
10.566,0.05,19.999
10.567,0.05,19.999
10.568,0.05,19.999
10.569,0.05,19.999
10.57,0.05,19.999
10.571,0.05,19.999
10.572,0.05,19.999
10.573,0.05,19.999
10.574,0.05,19.999
10.575,0.05,19.999
10.576,0.05,19.999
10.577,0.05,19.999
10.578,0.05,19.999
10.579,0.05,19.999
10.58,0.05,19.999
10.581,0.05,19.999
10.582,0.05,19.999
10.583,0.05,19.999
10.584,0.05,19.999
10.585,0.05,19.999
10.586,0.05,19.999
10.587,0.05,19.999
10.588,0.05,19.999
10.589,0.05,19.999
10.59,0.05,19.999
10.591,0.05,19.999
10.592,0.05,19.999
10.593,0.05,19.999
10.594,0.05,19.999
10.595,0.05,19.999
10.596,0.05,19.999
10.597,0.05,19.999
10.598,0.05,19.999
10.599,0.05,19.999
10.6,0.05,19.999
10.601,0.05,19.999
10.602,0.05,19.999
10.603,0.05,19.999
10.604,0.05,19.999
10.605,0.05,19.999
10.606,0.05,19.999
10.607,0.05,19.999
10.608,0.05,19.999
10.609,0.05,19.999
10.61,0.05,19.999
10.611,0.05,19.999
10.612,0.05,19.999
10.613,0.05,19.999
10.614,0.05,19.999
10.615,0.05,19.999
10.616,0.05,19.999
10.617,0.05,19.999
10.618,0.05,19.999
10.619,0.05,19.999
10.62,0.05,19.999
10.621,0.05,19.999
10.622,0.05,19.999
10.623,0.05,19.999
10.624,0.05,19.999
10.625,0.05,19.999
10.626,0.05,19.999
10.627,0.05,19.999
10.628,0.05,19.999
10.629,0.05,19.999
10.63,0.05,19.999
10.631,0.05,19.999
10.632,0.05,19.999
10.633,0.05,19.999
10.634,0.05,19.999
10.635,0.05,19.999
10.636,0.05,19.999
10.637,0.05,19.999
10.638,0.05,19.999
10.639,0.05,19.999
10.64,0.05,19.999
10.641,0.05,19.999
10.642,0.05,19.999
10.643,0.05,19.999
10.644,0.05,19.999
10.645,0.05,19.999
10.646,0.05,19.999
10.647,0.05,19.999
10.648,0.05,19.999
10.649,0.05,19.999
10.65,0.05,19.999
10.651,0.05,19.999
10.652,0.05,19.999
10.653,0.05,19.999
10.654,0.05,19.999
10.655,0.05,19.999
10.656,0.05,19.999
10.657,0.05,19.999
10.658,0.05,19.999
10.659,0.05,19.999
10.66,0.05,19.999
10.661,0.05,19.999
10.662,0.05,19.999
10.663,0.05,19.999
10.664,0.05,19.999
10.665,0.05,19.999
10.666,0.05,19.999
10.667,0.05,19.999
10.668,0.05,19.999
10.669,0.05,19.999
10.67,0.05,19.999
10.671,0.05,19.999
10.672,0.05,19.999
10.673,0.05,19.999
10.674,0.05,19.999
10.675,0.05,19.999
10.676,0.05,19.999
10.677,0.05,19.999
10.678,0.05,19.999
10.679,0.05,19.999
10.68,0.05,19.999
10.681,0.05,19.999
10.682,0.05,19.999
10.683,0.05,19.999
10.684,0.05,19.999
10.685,0.05,19.999
10.686,0.05,19.999
10.687,0.05,19.999
10.688,0.05,19.999
10.689,0.05,19.999
10.69,0.05,19.999
10.691,0.05,19.999
10.692,0.05,19.999
10.693,0.05,19.999
10.694,0.05,19.999
10.695,0.05,19.999
10.696,0.05,19.999
10.697,0.05,19.999
10.698,0.05,19.999
10.699,0.05,19.999
10.7,0.05,19.999
10.701,0.05,19.999
10.702,0.05,19.999
10.703,0.05,19.999
10.704,0.05,19.999
10.705,0.05,19.999
10.706,0.05,19.999
10.707,0.05,19.999
10.708,0.05,19.999
10.709,0.05,19.999
10.71,0.05,19.999
10.711,0.05,19.999
10.712,0.05,19.999
10.713,0.05,19.999
10.714,0.05,19.999
10.715,0.05,19.999
10.716,0.05,19.999
10.717,0.05,19.999
10.718,0.05,19.999
10.719,0.05,19.999
10.72,0.05,19.999
10.721,0.05,19.999
10.722,0.05,19.999
10.723,0.05,19.999
10.724,0.05,19.999
10.725,0.05,19.999
10.726,0.05,19.999
10.727,0.05,19.999
10.728,0.05,19.999
10.729,0.05,19.999
10.73,0.05,19.999
10.731,0.05,19.999
10.732,0.05,19.999
10.733,0.05,19.999
10.734,0.05,19.999
10.735,0.05,19.999
10.736,0.05,19.999
10.737,0.05,19.999
10.738,0.05,19.999
10.739,0.05,19.999
10.74,0.05,19.999
10.741,0.05,19.999
10.742,0.05,19.999
10.743,0.05,19.999
10.744,0.05,19.999
10.745,0.05,19.999
10.746,0.05,19.999
10.747,0.05,19.999
10.748,0.05,19.999
10.749,0.05,19.999
10.75,0.05,19.999
10.751,0.05,19.999
10.752,0.05,19.999
10.753,0.05,19.999
10.754,0.05,19.999
10.755,0.05,19.999
10.756,0.05,19.999
10.757,0.05,19.999
10.758,0.05,19.999
10.759,0.05,19.999
10.76,0.05,19.999
10.761,0.05,19.999
10.762,0.05,19.999
10.763,0.05,19.999
10.764,0.05,19.999
10.765,0.05,19.999
10.766,0.05,19.999
10.767,0.05,19.999
10.768,0.05,19.999
10.769,0.05,19.999
10.77,0.05,19.999
10.771,0.05,19.999
10.772,0.05,19.999
10.773,0.05,19.999
10.774,0.05,19.999
10.775,0.05,19.999
10.776,0.05,19.999
10.777,0.05,19.999
10.778,0.05,19.999
10.779,0.05,19.999
10.78,0.05,19.999
10.781,0.05,19.999
10.782,0.05,19.999
10.783,0.05,19.999
10.784,0.05,19.999
10.785,0.05,19.999
10.786,0.05,19.999
10.787,0.05,19.999
10.788,0.05,19.999
10.789,0.05,19.999
10.79,0.05,19.999
10.791,0.05,19.999
10.792,0.05,19.999
10.793,0.05,19.999
10.794,0.05,19.999
10.795,0.05,19.999
10.796,0.05,19.999
10.797,0.05,19.999
10.798,0.05,19.999
10.799,0.05,19.999
10.8,0.05,19.999
10.801,0.05,19.999
10.802,0.05,19.999
10.803,0.05,19.999
10.804,0.05,19.999
10.805,0.05,19.999
10.806,0.05,19.999
10.807,0.05,19.999
10.808,0.05,19.999
10.809,0.05,19.999
10.81,0.05,19.999
10.811,0.05,19.999
10.812,0.05,19.999
10.813,0.05,19.999
10.814,0.05,19.999
10.815,0.05,19.999
10.816,0.05,19.999
10.817,0.05,19.999
10.818,0.05,19.999
10.819,0.05,19.999
10.82,0.05,19.999
10.821,0.05,19.999
10.822,0.05,19.999
10.823,0.05,19.999
10.824,0.05,19.999
10.825,0.05,19.999
10.826,0.05,19.999
10.827,0.05,19.999
10.828,0.05,19.999
10.829,0.05,19.999
10.83,0.05,19.999
10.831,0.05,19.999
10.832,0.05,19.999
10.833,0.05,19.999
10.834,0.05,19.999
10.835,0.05,19.999
10.836,0.05,19.999
10.837,0.05,19.999
10.838,0.05,19.999
10.839,0.05,19.999
10.84,0.05,19.999
10.841,0.05,19.999
10.842,0.05,19.999
10.843,0.05,19.999
10.844,0.05,19.999
10.845,0.05,19.999
10.846,0.05,19.999
10.847,0.05,19.999
10.848,0.05,19.999
10.849,0.05,19.999
10.85,0.05,19.999
10.851,0.05,19.999
10.852,0.05,19.999
10.853,0.05,19.999
10.854,0.05,19.999
10.855,0.05,19.999
10.856,0.05,19.999
10.857,0.05,19.999
10.858,0.05,19.999
10.859,0.05,19.999
10.86,0.05,19.999
10.861,0.05,19.999
10.862,0.05,19.999
10.863,0.05,19.999
10.864,0.05,19.999
10.865,0.05,19.999
10.866,0.05,19.999
10.867,0.05,19.999
10.868,0.05,19.999
10.869,0.05,19.999
10.87,0.05,19.999
10.871,0.05,19.999
10.872,0.05,19.999
10.873,0.05,19.999
10.874,0.05,19.999
10.875,0.05,19.999
10.876,0.05,19.999
10.877,0.05,19.999
10.878,0.05,19.999
10.879,0.05,19.999
10.88,0.05,19.999
10.881,0.05,19.999
10.882,0.05,19.999
10.883,0.05,19.999
10.884,0.05,19.999
10.885,0.05,19.999
10.886,0.05,19.999
10.887,0.05,19.999
10.888,0.05,19.999
10.889,0.05,19.999
10.89,0.05,19.999
10.891,0.05,19.999
10.892,0.05,19.999
10.893,0.05,19.999
10.894,0.05,19.999
10.895,0.05,19.999
10.896,0.05,19.999
10.897,0.05,19.999
10.898,0.05,19.999
10.899,0.05,19.999
10.9,0.05,19.999
10.901,0.05,19.999
10.902,0.05,19.999
10.903,0.05,19.999
10.904,0.05,19.999
10.905,0.05,19.999
10.906,0.05,19.999
10.907,0.05,19.999
10.908,0.05,19.999
10.909,0.05,19.999
10.91,0.05,19.999
10.911,0.05,19.999
10.912,0.05,19.999
10.913,0.05,19.999
10.914,0.05,19.999
10.915,0.05,19.999
10.916,0.05,19.999
10.917,0.05,19.999
10.918,0.05,19.999
10.919,0.05,19.999
10.92,0.05,19.999
10.921,0.05,19.999
10.922,0.05,19.999
10.923,0.05,19.999
10.924,0.05,19.999
10.925,0.05,19.999
10.926,0.05,19.999
10.927,0.05,19.999
10.928,0.05,19.999
10.929,0.05,19.999
10.93,0.05,19.999
10.931,0.05,19.999
10.932,0.05,19.999
10.933,0.05,19.999
10.934,0.05,19.999
10.935,0.05,19.999
10.936,0.05,19.999
10.937,0.05,19.999
10.938,0.05,19.999
10.939,0.05,19.999
10.94,0.05,19.999
10.941,0.05,19.999
10.942,0.05,19.999
10.943,0.05,19.999
10.944,0.05,19.999
10.945,0.05,19.999
10.946,0.05,19.999
10.947,0.05,19.999
10.948,0.05,19.999
10.949,0.05,19.999
10.95,0.05,19.999
10.951,0.05,19.999
10.952,0.05,19.999
10.953,0.05,19.999
10.954,0.05,19.999
10.955,0.05,19.999
10.956,0.05,19.999
10.957,0.05,19.999
10.958,0.05,19.999
10.959,0.05,19.999
10.96,0.05,19.999
10.961,0.05,19.999
10.962,0.05,19.999
10.963,0.05,19.999
10.964,0.05,19.999
10.965,0.05,19.999
10.966,0.05,19.999
10.967,0.05,19.999
10.968,0.05,19.999
10.969,0.05,19.999
10.97,0.05,19.999
10.971,0.05,19.999
10.972,0.05,19.999
10.973,0.05,19.999
10.974,0.05,19.999
10.975,0.05,19.999
10.976,0.05,19.999
10.977,0.05,19.999
10.978,0.05,19.999
10.979,0.05,19.999
10.98,0.05,19.999
10.981,0.05,19.999
10.982,0.05,19.999
10.983,0.05,19.999
10.984,0.05,19.999
10.985,0.05,19.999
10.986,0.05,19.999
10.987,0.05,19.999
10.988,0.05,19.999
10.989,0.05,19.999
10.99,0.05,19.999
10.991,0.05,19.999
10.992,0.05,19.999
10.993,0.05,19.999
10.994,0.05,19.999
10.995,0.05,19.999
10.996,0.05,19.999
10.997,0.05,19.999
10.998,0.05,19.999
10.999,0.05,19.999
11,0.05,19.999
11.001,0.05,19.999
11.002,0.05,19.999
11.003,0.05,19.999
11.004,0.05,19.999
11.005,0.05,19.999
11.006,0.05,19.999
11.007,0.05,19.999
11.008,0.05,19.999
11.009,0.05,19.999
11.01,0.05,19.999
11.011,0.05,19.999
11.012,0.05,19.999
11.013,0.05,19.999
11.014,0.05,19.999
11.015,0.05,19.999
11.016,0.05,19.999
11.017,0.05,19.999
11.018,0.05,19.999
11.019,0.05,19.999
11.02,0.05,19.999
11.021,0.05,19.999
11.022,0.05,19.999
11.023,0.05,19.999
11.024,0.05,19.999
11.025,0.05,19.999
11.026,0.05,19.999
11.027,0.05,19.999
11.028,0.05,19.999
11.029,0.05,19.999
11.03,0.05,19.999
11.031,0.05,19.999
11.032,0.05,19.999
11.033,0.05,19.999
11.034,0.05,19.999
11.035,0.05,19.999
11.036,0.05,19.999
11.037,0.05,19.999
11.038,0.05,19.999
11.039,0.05,19.999
11.04,0.05,19.999
11.041,0.05,19.999
11.042,0.05,19.999
11.043,0.05,19.999
11.044,0.05,19.999
11.045,0.05,19.999
11.046,0.05,19.999
11.047,0.05,19.999
11.048,0.05,19.999
11.049,0.05,19.999
11.05,0.05,19.999
11.051,0.05,19.999
11.052,0.05,19.999
11.053,0.05,19.999
11.054,0.05,19.999
11.055,0.05,19.999
11.056,0.05,19.999
11.057,0.05,19.999
11.058,0.05,19.999
11.059,0.05,19.999
11.06,0.05,19.999
11.061,0.05,19.999
11.062,0.05,19.999
11.063,0.05,19.999
11.064,0.05,19.999
11.065,0.05,19.999
11.066,0.05,19.999
11.067,0.05,19.999
11.068,0.05,19.999
11.069,0.05,19.999
11.07,0.05,19.999
11.071,0.05,19.999
11.072,0.05,19.999
11.073,0.05,19.999
11.074,0.05,19.999
11.075,0.05,19.999
11.076,0.05,19.999
11.077,0.05,19.999
11.078,0.05,19.999
11.079,0.05,19.999
11.08,0.05,19.999
11.081,0.05,19.999
11.082,0.05,19.999
11.083,0.05,19.999
11.084,0.05,19.999
11.085,0.05,19.999
11.086,0.05,19.999
11.087,0.05,19.999
11.088,0.05,19.999
11.089,0.05,19.999
11.09,0.05,19.999
11.091,0.05,19.999
11.092,0.05,19.999
11.093,0.05,19.999
11.094,0.05,19.999
11.095,0.05,19.999
11.096,0.05,19.999
11.097,0.05,19.999
11.098,0.05,19.999
11.099,0.05,19.999
11.1,0.05,19.999
11.101,0.05,19.999
11.102,0.05,19.999
11.103,0.05,19.999
11.104,0.05,19.999
11.105,0.05,19.999
11.106,0.05,19.999
11.107,0.05,19.999
11.108,0.05,19.999
11.109,0.05,19.999
11.11,0.05,19.999
11.111,0.05,19.999
11.112,0.05,19.999
11.113,0.05,19.999
11.114,0.05,19.999
11.115,0.05,19.999
11.116,0.05,19.999
11.117,0.05,19.999
11.118,0.05,19.999
11.119,0.05,19.999
11.12,0.05,19.999
11.121,0.05,19.999
11.122,0.05,19.999
11.123,0.05,19.999
11.124,0.05,19.999
11.125,0.05,19.999
11.126,0.05,19.999
11.127,0.05,19.999
11.128,0.05,19.999
11.129,0.05,19.999
11.13,0.05,19.999
11.131,0.05,19.999
11.132,0.05,19.999
11.133,0.05,19.999
11.134,0.05,19.999
11.135,0.05,19.999
11.136,0.05,19.999
11.137,0.05,19.999
11.138,0.05,19.999
11.139,0.05,19.999
11.14,0.05,19.999
11.141,0.05,19.999
11.142,0.05,19.999
11.143,0.05,19.999
11.144,0.05,19.999
11.145,0.05,19.999
11.146,0.05,19.999
11.147,0.05,19.999
11.148,0.05,19.999
11.149,0.05,19.999
11.15,0.05,19.999
11.151,0.05,19.999
11.152,0.05,19.999
11.153,0.05,19.999
11.154,0.05,19.999
11.155,0.05,19.999
11.156,0.05,19.999
11.157,0.05,19.999
11.158,0.05,19.999
11.159,0.05,19.999
11.16,0.05,19.999
11.161,0.05,19.999
11.162,0.05,19.999
11.163,0.05,19.999
11.164,0.05,19.999
11.165,0.05,19.999
11.166,0.05,19.999
11.167,0.05,19.999
11.168,0.05,19.999
11.169,0.05,19.999
11.17,0.05,19.999
11.171,0.05,19.999
11.172,0.05,19.999
11.173,0.05,19.999
11.174,0.05,19.999
11.175,0.05,19.999
11.176,0.05,19.999
11.177,0.05,19.999
11.178,0.05,19.999
11.179,0.05,19.999
11.18,0.05,19.999
11.181,0.05,19.999
11.182,0.05,19.999
11.183,0.05,19.999
11.184,0.05,19.999
11.185,0.05,19.999
11.186,0.05,19.999
11.187,0.05,19.999
11.188,0.05,19.999
11.189,0.05,19.999
11.19,0.05,19.999
11.191,0.05,19.999
11.192,0.05,19.999
11.193,0.05,19.999
11.194,0.05,19.999
11.195,0.05,19.999
11.196,0.05,19.999
11.197,0.05,19.999
11.198,0.05,19.999
11.199,0.05,19.999
11.2,0.05,19.999
11.201,0.05,19.999
11.202,0.05,19.999
11.203,0.05,19.999
11.204,0.05,19.999
11.205,0.05,19.999
11.206,0.05,19.999
11.207,0.05,19.999
11.208,0.05,19.999
11.209,0.05,19.999
11.21,0.05,19.999
11.211,0.05,19.999
11.212,0.05,19.999
11.213,0.05,19.999
11.214,0.05,19.999
11.215,0.05,19.999
11.216,0.05,19.999
11.217,0.05,19.999
11.218,0.05,19.999
11.219,0.05,19.999
11.22,0.05,19.999
11.221,0.05,19.999
11.222,0.05,19.999
11.223,0.05,19.999
11.224,0.05,19.999
11.225,0.05,19.999
11.226,0.05,19.999
11.227,0.05,19.999
11.228,0.05,19.999
11.229,0.05,19.999
11.23,0.05,19.999
11.231,0.05,19.999
11.232,0.05,19.999
11.233,0.05,19.999
11.234,0.05,19.999
11.235,0.05,19.999
11.236,0.05,19.999
11.237,0.05,19.999
11.238,0.05,19.999
11.239,0.05,19.999
11.24,0.05,19.999
11.241,0.05,19.999
11.242,0.05,19.999
11.243,0.05,19.999
11.244,0.05,19.999
11.245,0.05,19.999
11.246,0.05,19.999
11.247,0.05,19.999
11.248,0.05,19.999
11.249,0.05,19.999
11.25,0.05,19.999
11.251,0.05,19.999
11.252,0.05,19.999
11.253,0.05,19.999
11.254,0.05,19.999
11.255,0.05,19.999
11.256,0.05,19.999
11.257,0.05,19.999
11.258,0.05,19.999
11.259,0.05,19.999
11.26,0.05,19.999
11.261,0.05,19.999
11.262,0.05,19.999
11.263,0.05,19.999
11.264,0.05,19.999
11.265,0.05,19.999
11.266,0.05,19.999
11.267,0.05,19.999
11.268,0.05,19.999
11.269,0.05,19.999
11.27,0.05,19.999
11.271,0.05,19.999
11.272,0.05,19.999
11.273,0.05,19.999
11.274,0.05,19.999
11.275,0.05,19.999
11.276,0.05,19.999
11.277,0.05,19.999
11.278,0.05,19.999
11.279,0.05,19.999
11.28,0.05,19.999
11.281,0.05,19.999
11.282,0.05,19.999
11.283,0.05,19.999
11.284,0.05,19.999
11.285,0.05,19.999
11.286,0.05,19.999
11.287,0.05,19.999
11.288,0.05,19.999
11.289,0.05,19.999
11.29,0.05,19.999
11.291,0.05,19.999
11.292,0.05,19.999
11.293,0.05,19.999
11.294,0.05,19.999
11.295,0.05,19.999
11.296,0.05,19.999
11.297,0.05,19.999
11.298,0.05,19.999
11.299,0.05,19.999
11.3,0.05,19.999
11.301,0.05,19.999
11.302,0.05,19.999
11.303,0.05,19.999
11.304,0.05,19.999
11.305,0.05,19.999
11.306,0.05,19.999
11.307,0.05,19.999
11.308,0.05,19.999
11.309,0.05,19.999
11.31,0.05,19.999
11.311,0.05,19.999
11.312,0.05,19.999
11.313,0.05,19.999
11.314,0.05,19.999
11.315,0.05,19.999
11.316,0.05,19.999
11.317,0.05,19.999
11.318,0.05,19.999
11.319,0.05,19.999
11.32,0.05,19.999
11.321,0.05,19.999
11.322,0.05,19.999
11.323,0.05,19.999
11.324,0.05,19.999
11.325,0.05,19.999
11.326,0.05,19.999
11.327,0.05,19.999
11.328,0.05,19.999
11.329,0.05,19.999
11.33,0.05,19.999
11.331,0.05,19.999
11.332,0.05,19.999
11.333,0.05,19.999
11.334,0.05,19.999
11.335,0.05,19.999
11.336,0.05,19.999
11.337,0.05,19.999
11.338,0.05,19.999
11.339,0.05,19.999
11.34,0.05,19.999
11.341,0.05,19.999
11.342,0.05,19.999
11.343,0.05,19.999
11.344,0.05,19.999
11.345,0.05,19.999
11.346,0.05,19.999
11.347,0.05,19.999
11.348,0.05,19.999
11.349,0.05,19.999
11.35,0.05,19.999
11.351,0.05,19.999
11.352,0.05,19.999
11.353,0.05,19.999
11.354,0.05,19.999
11.355,0.05,19.999
11.356,0.05,19.999
11.357,0.05,19.999
11.358,0.05,19.999
11.359,0.05,19.999
11.36,0.05,19.999
11.361,0.05,19.999
11.362,0.05,19.999
11.363,0.05,19.999
11.364,0.05,19.999
11.365,0.05,19.999
11.366,0.05,19.999
11.367,0.05,19.999
11.368,0.05,19.999
11.369,0.05,19.999
11.37,0.05,19.999
11.371,0.05,19.999
11.372,0.05,19.999
11.373,0.05,19.999
11.374,0.05,19.999
11.375,0.05,19.999
11.376,0.05,19.999
11.377,0.05,19.999
11.378,0.05,19.999
11.379,0.05,19.999
11.38,0.05,19.999
11.381,0.05,19.999
11.382,0.05,19.999
11.383,0.05,19.999
11.384,0.05,19.999
11.385,0.05,19.999
11.386,0.05,19.999
11.387,0.05,19.999
11.388,0.05,19.999
11.389,0.05,19.999
11.39,0.05,19.999
11.391,0.05,19.999
11.392,0.05,19.999
11.393,0.05,19.999
11.394,0.05,19.999
11.395,0.05,19.999
11.396,0.05,19.999
11.397,0.05,19.999
11.398,0.05,19.999
11.399,0.05,19.999
11.4,0.05,19.999
11.401,0.05,19.999
11.402,0.05,19.999
11.403,0.05,19.999
11.404,0.05,19.999
11.405,0.05,19.999
11.406,0.05,19.999
11.407,0.05,19.999
11.408,0.05,19.999
11.409,0.05,19.999
11.41,0.05,19.999
11.411,0.05,19.999
11.412,0.05,19.999
11.413,0.05,19.999
11.414,0.05,19.999
11.415,0.05,19.999
11.416,0.05,19.999
11.417,0.05,19.999
11.418,0.05,19.999
11.419,0.05,19.999
11.42,0.05,19.999
11.421,0.05,19.999
11.422,0.05,19.999
11.423,0.05,19.999
11.424,0.05,19.999
11.425,0.05,19.999
11.426,0.05,19.999
11.427,0.05,19.999
11.428,0.05,19.999
11.429,0.05,19.999
11.43,0.05,19.999
11.431,0.05,19.999
11.432,0.05,19.999
11.433,0.05,19.999
11.434,0.05,19.999
11.435,0.05,19.999
11.436,0.05,19.999
11.437,0.05,19.999
11.438,0.05,19.999
11.439,0.05,19.999
11.44,0.05,19.999
11.441,0.05,19.999
11.442,0.05,19.999
11.443,0.05,19.999
11.444,0.05,19.999
11.445,0.05,19.999
11.446,0.05,19.999
11.447,0.05,19.999
11.448,0.05,19.999
11.449,0.05,19.999
11.45,0.05,19.999
11.451,0.05,19.999
11.452,0.05,19.999
11.453,0.05,19.999
11.454,0.05,19.999
11.455,0.05,19.999
11.456,0.05,19.999
11.457,0.05,19.999
11.458,0.05,19.999
11.459,0.05,19.999
11.46,0.05,19.999
11.461,0.05,19.999
11.462,0.05,19.999
11.463,0.05,19.999
11.464,0.05,19.999
11.465,0.05,19.999
11.466,0.05,19.999
11.467,0.05,19.999
11.468,0.05,19.999
11.469,0.05,19.999
11.47,0.05,19.999
11.471,0.05,19.999
11.472,0.05,19.999
11.473,0.05,19.999
11.474,0.05,19.999
11.475,0.05,19.999
11.476,0.05,19.999
11.477,0.05,19.999
11.478,0.05,19.999
11.479,0.05,19.999
11.48,0.05,19.999
11.481,0.05,19.999
11.482,0.05,19.999
11.483,0.05,19.999
11.484,0.05,19.999
11.485,0.05,19.999
11.486,0.05,19.999
11.487,0.05,19.999
11.488,0.05,19.999
11.489,0.05,19.999
11.49,0.05,19.999
11.491,0.05,19.999
11.492,0.05,19.999
11.493,0.05,19.999
11.494,0.05,19.999
11.495,0.05,19.999
11.496,0.05,19.999
11.497,0.05,19.999
11.498,0.05,19.999
11.499,0.05,19.999
11.5,0.05,19.999
11.501,0.05,19.999
11.502,0.05,19.999
11.503,0.05,19.999
11.504,0.05,19.999
11.505,0.05,19.999
11.506,0.05,19.999
11.507,0.05,19.999
11.508,0.05,19.999
11.509,0.05,19.999
11.51,0.05,19.999
11.511,0.05,19.999
11.512,0.05,19.999
11.513,0.05,19.999
11.514,0.05,19.999
11.515,0.05,19.999
11.516,0.05,19.999
11.517,0.05,19.999
11.518,0.05,19.999
11.519,0.05,19.999
11.52,0.05,19.999
11.521,0.05,19.999
11.522,0.05,19.999
11.523,0.05,19.999
11.524,0.05,19.999
11.525,0.05,19.999
11.526,0.05,19.999
11.527,0.05,19.999
11.528,0.05,19.999
11.529,0.05,19.999
11.53,0.05,19.999
11.531,0.05,19.999
11.532,0.05,19.999
11.533,0.05,19.999
11.534,0.05,19.999
11.535,0.05,19.999
11.536,0.05,19.999
11.537,0.05,19.999
11.538,0.05,19.999
11.539,0.05,19.999
11.54,0.05,19.999
11.541,0.05,19.999
11.542,0.05,19.999
11.543,0.05,19.999
11.544,0.05,19.999
11.545,0.05,19.999
11.546,0.05,19.999
11.547,0.05,19.999
11.548,0.05,19.999
11.549,0.05,19.999
11.55,0.05,19.999
11.551,0.05,19.999
11.552,0.05,19.999
11.553,0.05,19.999
11.554,0.05,19.999
11.555,0.05,19.999
11.556,0.05,19.999
11.557,0.05,19.999
11.558,0.05,19.999
11.559,0.05,19.999
11.56,0.05,19.999
11.561,0.05,19.999
11.562,0.05,19.999
11.563,0.05,19.999
11.564,0.05,19.999
11.565,0.05,19.999
11.566,0.05,19.999
11.567,0.05,19.999
11.568,0.05,19.999
11.569,0.05,19.999
11.57,0.05,19.999
11.571,0.05,19.999
11.572,0.05,19.999
11.573,0.05,19.999
11.574,0.05,19.999
11.575,0.05,19.999
11.576,0.05,19.999
11.577,0.05,19.999
11.578,0.05,19.999
11.579,0.05,19.999
11.58,0.05,19.999
11.581,0.05,19.999
11.582,0.05,19.999
11.583,0.05,19.999
11.584,0.05,19.999
11.585,0.05,19.999
11.586,0.05,19.999
11.587,0.05,19.999
11.588,0.05,19.999
11.589,0.05,19.999
11.59,0.05,19.999
11.591,0.05,19.999
11.592,0.05,19.999
11.593,0.05,19.999
11.594,0.05,19.999
11.595,0.05,19.999
11.596,0.05,19.999
11.597,0.05,19.999
11.598,0.05,19.999
11.599,0.05,19.999
11.6,0.05,19.999
11.601,0.05,19.999
11.602,0.05,19.999
11.603,0.05,19.999
11.604,0.05,19.999
11.605,0.05,19.999
11.606,0.05,19.999
11.607,0.05,19.999
11.608,0.05,19.999
11.609,0.05,19.999
11.61,0.05,19.999
11.611,0.05,19.999
11.612,0.05,19.999
11.613,0.05,19.999
11.614,0.05,19.999
11.615,0.05,19.999
11.616,0.05,19.999
11.617,0.05,19.999
11.618,0.05,19.999
11.619,0.05,19.999
11.62,0.05,19.999
11.621,0.05,19.999
11.622,0.05,19.999
11.623,0.05,19.999
11.624,0.05,19.999
11.625,0.05,19.999
11.626,0.05,19.999
11.627,0.05,19.999
11.628,0.05,19.999
11.629,0.05,19.999
11.63,0.05,19.999
11.631,0.05,19.999
11.632,0.05,19.999
11.633,0.05,19.999
11.634,0.05,19.999
11.635,0.05,19.999
11.636,0.05,19.999
11.637,0.05,19.999
11.638,0.05,19.999
11.639,0.05,19.999
11.64,0.05,19.999
11.641,0.05,19.999
11.642,0.05,19.999
11.643,0.05,19.999
11.644,0.05,19.999
11.645,0.05,19.999
11.646,0.05,19.999
11.647,0.05,19.999
11.648,0.05,19.999
11.649,0.05,19.999
11.65,0.05,19.999
11.651,0.05,19.999
11.652,0.05,19.999
11.653,0.05,19.999
11.654,0.05,19.999
11.655,0.05,19.999
11.656,0.05,19.999
11.657,0.05,19.999
11.658,0.05,19.999
11.659,0.05,19.999
11.66,0.05,19.999
11.661,0.05,19.999
11.662,0.05,19.999
11.663,0.05,19.999
11.664,0.05,19.999
11.665,0.05,19.999
11.666,0.05,19.999
11.667,0.05,19.999
11.668,0.05,19.999
11.669,0.05,19.999
11.67,0.05,19.999
11.671,0.05,19.999
11.672,0.05,19.999
11.673,0.05,19.999
11.674,0.05,19.999
11.675,0.05,19.999
11.676,0.05,19.999
11.677,0.05,19.999
11.678,0.05,19.999
11.679,0.05,19.999
11.68,0.05,19.999
11.681,0.05,19.999
11.682,0.05,19.999
11.683,0.05,19.999
11.684,0.05,19.999
11.685,0.05,19.999
11.686,0.05,19.999
11.687,0.05,19.999
11.688,0.05,19.999
11.689,0.05,19.999
11.69,0.05,19.999
11.691,0.05,19.999
11.692,0.05,19.999
11.693,0.05,19.999
11.694,0.05,19.999
11.695,0.05,19.999
11.696,0.05,19.999
11.697,0.05,19.999
11.698,0.05,19.999
11.699,0.05,19.999
11.7,0.05,19.999
11.701,0.05,19.999
11.702,0.05,19.999
11.703,0.05,19.999
11.704,0.05,19.999
11.705,0.05,19.999
11.706,0.05,19.999
11.707,0.05,19.999
11.708,0.05,19.999
11.709,0.05,19.999
11.71,0.05,19.999
11.711,0.05,19.999
11.712,0.05,19.999
11.713,0.05,19.999
11.714,0.05,19.999
11.715,0.05,19.999
11.716,0.05,19.999
11.717,0.05,19.999
11.718,0.05,19.999
11.719,0.05,19.999
11.72,0.05,19.999
11.721,0.05,19.999
11.722,0.05,19.999
11.723,0.05,19.999
11.724,0.05,19.999
11.725,0.05,19.999
11.726,0.05,19.999
11.727,0.05,19.999
11.728,0.05,19.999
11.729,0.05,19.999
11.73,0.05,19.999
11.731,0.05,19.999
11.732,0.05,19.999
11.733,0.05,19.999
11.734,0.05,19.999
11.735,0.05,19.999
11.736,0.05,19.999
11.737,0.05,19.999
11.738,0.05,19.999
11.739,0.05,19.999
11.74,0.05,19.999
11.741,0.05,19.999
11.742,0.05,19.999
11.743,0.05,19.999
11.744,0.05,19.999
11.745,0.05,19.999
11.746,0.05,19.999
11.747,0.05,19.999
11.748,0.05,19.999
11.749,0.05,19.999
11.75,0.05,19.999
11.751,0.05,19.999
11.752,0.05,19.999
11.753,0.05,19.999
11.754,0.05,19.999
11.755,0.05,19.999
11.756,0.05,19.999
11.757,0.05,19.999
11.758,0.05,19.999
11.759,0.05,19.999
11.76,0.05,19.999
11.761,0.05,19.999
11.762,0.05,19.999
11.763,0.05,19.999
11.764,0.05,19.999
11.765,0.05,19.999
11.766,0.05,19.999
11.767,0.05,19.999
11.768,0.05,19.999
11.769,0.05,19.999
11.77,0.05,19.999
11.771,0.05,19.999
11.772,0.05,19.999
11.773,0.05,19.999
11.774,0.05,19.999
11.775,0.05,19.999
11.776,0.05,19.999
11.777,0.05,19.999
11.778,0.05,19.999
11.779,0.05,19.999
11.78,0.05,19.999
11.781,0.05,19.999
11.782,0.05,19.999
11.783,0.05,19.999
11.784,0.05,19.999
11.785,0.05,19.999
11.786,0.05,19.999
11.787,0.05,19.999
11.788,0.05,19.999
11.789,0.05,19.999
11.79,0.05,19.999
11.791,0.05,19.999
11.792,0.05,19.999
11.793,0.05,19.999
11.794,0.05,19.999
11.795,0.05,19.999
11.796,0.05,19.999
11.797,0.05,19.999
11.798,0.05,19.999
11.799,0.05,19.999
11.8,0.05,19.999
11.801,0.05,19.999
11.802,0.05,19.999
11.803,0.05,19.999
11.804,0.05,19.999
11.805,0.05,19.999
11.806,0.05,19.999
11.807,0.05,19.999
11.808,0.05,19.999
11.809,0.05,19.999
11.81,0.05,19.999
11.811,0.05,19.999
11.812,0.05,19.999
11.813,0.05,19.999
11.814,0.05,19.999
11.815,0.05,19.999
11.816,0.05,19.999
11.817,0.05,19.999
11.818,0.05,19.999
11.819,0.05,19.999
11.82,0.05,19.999
11.821,0.05,19.999
11.822,0.05,19.999
11.823,0.05,19.999
11.824,0.05,19.999
11.825,0.05,19.999
11.826,0.05,19.999
11.827,0.05,19.999
11.828,0.05,19.999
11.829,0.05,19.999
11.83,0.05,19.999
11.831,0.05,19.999
11.832,0.05,19.999
11.833,0.05,19.999
11.834,0.05,19.999
11.835,0.05,19.999
11.836,0.05,19.999
11.837,0.05,19.999
11.838,0.05,19.999
11.839,0.05,19.999
11.84,0.05,19.999
11.841,0.05,19.999
11.842,0.05,19.999
11.843,0.05,19.999
11.844,0.05,19.999
11.845,0.05,19.999
11.846,0.05,19.999
11.847,0.05,19.999
11.848,0.05,19.999
11.849,0.05,19.999
11.85,0.05,19.999
11.851,0.05,19.999
11.852,0.05,19.999
11.853,0.05,19.999
11.854,0.05,19.999
11.855,0.05,19.999
11.856,0.05,19.999
11.857,0.05,19.999
11.858,0.05,19.999
11.859,0.05,19.999
11.86,0.05,19.999
11.861,0.05,19.999
11.862,0.05,19.999
11.863,0.05,19.999
11.864,0.05,19.999
11.865,0.05,19.999
11.866,0.05,19.999
11.867,0.05,19.999
11.868,0.05,19.999
11.869,0.05,19.999
11.87,0.05,19.999
11.871,0.05,19.999
11.872,0.05,19.999
11.873,0.05,19.999
11.874,0.05,19.999
11.875,0.05,19.999
11.876,0.05,19.999
11.877,0.05,19.999
11.878,0.05,19.999
11.879,0.05,19.999
11.88,0.05,19.999
11.881,0.05,19.999
11.882,0.05,19.999
11.883,0.05,19.999
11.884,0.05,19.999
11.885,0.05,19.999
11.886,0.05,19.999
11.887,0.05,19.999
11.888,0.05,19.999
11.889,0.05,19.999
11.89,0.05,19.999
11.891,0.05,19.999
11.892,0.05,19.999
11.893,0.05,19.999
11.894,0.05,19.999
11.895,0.05,19.999
11.896,0.05,19.999
11.897,0.05,19.999
11.898,0.05,19.999
11.899,0.05,19.999
11.9,0.05,19.999
11.901,0.05,19.999
11.902,0.05,19.999
11.903,0.05,19.999
11.904,0.05,19.999
11.905,0.05,19.999
11.906,0.05,19.999
11.907,0.05,19.999
11.908,0.05,19.999
11.909,0.05,19.999
11.91,0.05,19.999
11.911,0.05,19.999
11.912,0.05,19.999
11.913,0.05,19.999
11.914,0.05,19.999
11.915,0.05,19.999
11.916,0.05,19.999
11.917,0.05,19.999
11.918,0.05,19.999
11.919,0.05,19.999
11.92,0.05,19.999
11.921,0.05,19.999
11.922,0.05,19.999
11.923,0.05,19.999
11.924,0.05,19.999
11.925,0.05,19.999
11.926,0.05,19.999
11.927,0.05,19.999
11.928,0.05,19.999
11.929,0.05,19.999
11.93,0.05,19.999
11.931,0.05,19.999
11.932,0.05,19.999
11.933,0.05,19.999
11.934,0.05,19.999
11.935,0.05,19.999
11.936,0.05,19.999
11.937,0.05,19.999
11.938,0.05,19.999
11.939,0.05,19.999
11.94,0.05,19.999
11.941,0.05,19.999
11.942,0.05,19.999
11.943,0.05,19.999
11.944,0.05,19.999
11.945,0.05,19.999
11.946,0.05,19.999
11.947,0.05,19.999
11.948,0.05,19.999
11.949,0.05,19.999
11.95,0.05,19.999
11.951,0.05,19.999
11.952,0.05,19.999
11.953,0.05,19.999
11.954,0.05,19.999
11.955,0.05,19.999
11.956,0.05,19.999
11.957,0.05,19.999
11.958,0.05,19.999
11.959,0.05,19.999
11.96,0.05,19.999
11.961,0.05,19.999
11.962,0.05,19.999
11.963,0.05,19.999
11.964,0.05,19.999
11.965,0.05,19.999
11.966,0.05,19.999
11.967,0.05,19.999
11.968,0.05,19.999
11.969,0.05,19.999
11.97,0.05,19.999
11.971,0.05,19.999
11.972,0.05,19.999
11.973,0.05,19.999
11.974,0.05,19.999
11.975,0.05,19.999
11.976,0.05,19.999
11.977,0.05,19.999
11.978,0.05,19.999
11.979,0.05,19.999
11.98,0.05,19.999
11.981,0.05,19.999
11.982,0.05,19.999
11.983,0.05,19.999
11.984,0.05,19.999
11.985,0.05,19.999
11.986,0.05,19.999
11.987,0.05,19.999
11.988,0.05,19.999
11.989,0.05,19.999
11.99,0.05,19.999
11.991,0.05,19.999
11.992,0.05,19.999
11.993,0.05,19.999
11.994,0.05,19.999
11.995,0.05,19.999
11.996,0.05,19.999
11.997,0.05,19.999
11.998,0.05,19.999
11.999,0.05,19.999
12,0.05,19.999
12.001,0.05,19.999
12.002,0.05,19.999
12.003,0.05,19.999
12.004,0.05,19.999
12.005,0.05,19.999
12.006,0.05,19.999
12.007,0.05,19.999
12.008,0.05,19.999
12.009,0.05,19.999
12.01,0.05,19.999
12.011,0.05,19.999
12.012,0.05,19.999
12.013,0.05,19.999
12.014,0.05,19.999
12.015,0.05,19.999
12.016,0.05,19.999
12.017,0.05,19.999
12.018,0.05,19.999
12.019,0.05,19.999
12.02,0.05,19.999
12.021,0.05,19.999
12.022,0.05,19.999
12.023,0.05,19.999
12.024,0.05,19.999
12.025,0.05,19.999
12.026,0.05,19.999
12.027,0.05,19.999
12.028,0.05,19.999
12.029,0.05,19.999
12.03,0.05,19.999
12.031,0.05,19.999
12.032,0.05,19.999
12.033,0.05,19.999
12.034,0.05,19.999
12.035,0.05,19.999
12.036,0.05,19.999
12.037,0.05,19.999
12.038,0.05,19.999
12.039,0.05,19.999
12.04,0.05,19.999
12.041,0.05,19.999
12.042,0.05,19.999
12.043,0.05,19.999
12.044,0.05,19.999
12.045,0.05,19.999
12.046,0.05,19.999
12.047,0.05,19.999
12.048,0.05,19.999
12.049,0.05,19.999
12.05,0.05,19.999
12.051,0.05,19.999
12.052,0.05,19.999
12.053,0.05,19.999
12.054,0.05,19.999
12.055,0.05,19.999
12.056,0.05,19.999
12.057,0.05,19.999
12.058,0.05,19.999
12.059,0.05,19.999
12.06,0.05,19.999
12.061,0.05,19.999
12.062,0.05,19.999
12.063,0.05,19.999
12.064,0.05,19.999
12.065,0.05,19.999
12.066,0.05,19.999
12.067,0.05,19.999
12.068,0.05,19.999
12.069,0.05,19.999
12.07,0.05,19.999
12.071,0.05,19.999
12.072,0.05,19.999
12.073,0.05,19.999
12.074,0.05,19.999
12.075,0.05,19.999
12.076,0.05,19.999
12.077,0.05,19.999
12.078,0.05,19.999
12.079,0.05,19.999
12.08,0.05,19.999
12.081,0.05,19.999
12.082,0.05,19.999
12.083,0.05,19.999
12.084,0.05,19.999
12.085,0.05,19.999
12.086,0.05,19.999
12.087,0.05,19.999
12.088,0.05,19.999
12.089,0.05,19.999
12.09,0.05,19.999
12.091,0.05,19.999
12.092,0.05,19.999
12.093,0.05,19.999
12.094,0.05,19.999
12.095,0.05,19.999
12.096,0.05,19.999
12.097,0.05,19.999
12.098,0.05,19.999
12.099,0.05,19.999
12.1,0.05,19.999
12.101,0.05,19.999
12.102,0.05,19.999
12.103,0.05,19.999
12.104,0.05,19.999
12.105,0.05,19.999
12.106,0.05,19.999
12.107,0.05,19.999
12.108,0.05,19.999
12.109,0.05,19.999
12.11,0.05,19.999
12.111,0.05,19.999
12.112,0.05,19.999
12.113,0.05,19.999
12.114,0.05,19.999
12.115,0.05,19.999
12.116,0.05,19.999
12.117,0.05,19.999
12.118,0.05,19.999
12.119,0.05,19.999
12.12,0.05,19.999
12.121,0.05,19.999
12.122,0.05,19.999
12.123,0.05,19.999
12.124,0.05,19.999
12.125,0.05,19.999
12.126,0.05,19.999
12.127,0.05,19.999
12.128,0.05,19.999
12.129,0.05,19.999
12.13,0.05,19.999
12.131,0.05,19.999
12.132,0.05,19.999
12.133,0.05,19.999
12.134,0.05,19.999
12.135,0.05,19.999
12.136,0.05,19.999
12.137,0.05,19.999
12.138,0.05,19.999
12.139,0.05,19.999
12.14,0.05,19.999
12.141,0.05,19.999
12.142,0.05,19.999
12.143,0.05,19.999
12.144,0.05,19.999
12.145,0.05,19.999
12.146,0.05,19.999
12.147,0.05,19.999
12.148,0.05,19.999
12.149,0.05,19.999
12.15,0.05,19.999
12.151,0.05,19.999
12.152,0.05,19.999
12.153,0.05,19.999
12.154,0.05,19.999
12.155,0.05,19.999
12.156,0.05,19.999
12.157,0.05,19.999
12.158,0.05,19.999
12.159,0.05,19.999
12.16,0.05,19.999
12.161,0.05,19.999
12.162,0.05,19.999
12.163,0.05,19.999
12.164,0.05,19.999
12.165,0.05,19.999
12.166,0.05,19.999
12.167,0.05,19.999
12.168,0.05,19.999
12.169,0.05,19.999
12.17,0.05,19.999
12.171,0.05,19.999
12.172,0.05,19.999
12.173,0.05,19.999
12.174,0.05,19.999
12.175,0.05,19.999
12.176,0.05,19.999
12.177,0.05,19.999
12.178,0.05,19.999
12.179,0.05,19.999
12.18,0.05,19.999
12.181,0.05,19.999
12.182,0.05,19.999
12.183,0.05,19.999
12.184,0.05,19.999
12.185,0.05,19.999
12.186,0.05,19.999
12.187,0.05,19.999
12.188,0.05,19.999
12.189,0.05,19.999
12.19,0.05,19.999
12.191,0.05,19.999
12.192,0.05,19.999
12.193,0.05,19.999
12.194,0.05,19.999
12.195,0.05,19.999
12.196,0.05,19.999
12.197,0.05,19.999
12.198,0.05,19.999
12.199,0.05,19.999
12.2,0.05,19.999
12.201,0.05,19.999
12.202,0.05,19.999
12.203,0.05,19.999
12.204,0.05,19.999
12.205,0.05,19.999
12.206,0.05,19.999
12.207,0.05,19.999
12.208,0.05,19.999
12.209,0.05,19.999
12.21,0.05,19.999
12.211,0.05,19.999
12.212,0.05,19.999
12.213,0.05,19.999
12.214,0.05,19.999
12.215,0.05,19.999
12.216,0.05,19.999
12.217,0.05,19.999
12.218,0.05,19.999
12.219,0.05,19.999
12.22,0.05,19.999
12.221,0.05,19.999
12.222,0.05,19.999
12.223,0.05,19.999
12.224,0.05,19.999
12.225,0.05,19.999
12.226,0.05,19.999
12.227,0.05,19.999
12.228,0.05,19.999
12.229,0.05,19.999
12.23,0.05,19.999
12.231,0.05,19.999
12.232,0.05,19.999
12.233,0.05,19.999
12.234,0.05,19.999
12.235,0.05,19.999
12.236,0.05,19.999
12.237,0.05,19.999
12.238,0.05,19.999
12.239,0.05,19.999
12.24,0.05,19.999
12.241,0.05,19.999
12.242,0.05,19.999
12.243,0.05,19.999
12.244,0.05,19.999
12.245,0.05,19.999
12.246,0.05,19.999
12.247,0.05,19.999
12.248,0.05,19.999
12.249,0.05,19.999
12.25,0.05,19.999
12.251,0.05,19.999
12.252,0.05,19.999
12.253,0.05,19.999
12.254,0.05,19.999
12.255,0.05,19.999
12.256,0.05,19.999
12.257,0.05,19.999
12.258,0.05,19.999
12.259,0.05,19.999
12.26,0.05,19.999
12.261,0.05,19.999
12.262,0.05,19.999
12.263,0.05,19.999
12.264,0.05,19.999
12.265,0.05,19.999
12.266,0.05,19.999
12.267,0.05,19.999
12.268,0.05,19.999
12.269,0.05,19.999
12.27,0.05,19.999
12.271,0.05,19.999
12.272,0.05,19.999
12.273,0.05,19.999
12.274,0.05,19.999
12.275,0.05,19.999
12.276,0.05,19.999
12.277,0.05,19.999
12.278,0.05,19.999
12.279,0.05,19.999
12.28,0.05,19.999
12.281,0.05,19.999
12.282,0.05,19.999
12.283,0.05,19.999
12.284,0.05,19.999
12.285,0.05,19.999
12.286,0.05,19.999
12.287,0.05,19.999
12.288,0.05,19.999
12.289,0.05,19.999
12.29,0.05,19.999
12.291,0.05,19.999
12.292,0.05,19.999
12.293,0.05,19.999
12.294,0.05,19.999
12.295,0.05,19.999
12.296,0.05,19.999
12.297,0.05,19.999
12.298,0.05,19.999
12.299,0.05,19.999
12.3,0.05,19.999
12.301,0.05,19.999
12.302,0.05,19.999
12.303,0.05,19.999
12.304,0.05,19.999
12.305,0.05,19.999
12.306,0.05,19.999
12.307,0.05,19.999
12.308,0.05,19.999
12.309,0.05,19.999
12.31,0.05,19.999
12.311,0.05,19.999
12.312,0.05,19.999
12.313,0.05,19.999
12.314,0.05,19.999
12.315,0.05,19.999
12.316,0.05,19.999
12.317,0.05,19.999
12.318,0.05,19.999
12.319,0.05,19.999
12.32,0.05,19.999
12.321,0.05,19.999
12.322,0.05,19.999
12.323,0.05,19.999
12.324,0.05,19.999
12.325,0.05,19.999
12.326,0.05,19.999
12.327,0.05,19.999
12.328,0.05,19.999
12.329,0.05,19.999
12.33,0.05,19.999
12.331,0.05,19.999
12.332,0.05,19.999
12.333,0.05,19.999
12.334,0.05,19.999
12.335,0.05,19.999
12.336,0.05,19.999
12.337,0.05,19.999
12.338,0.05,19.999
12.339,0.05,19.999
12.34,0.05,19.999
12.341,0.05,19.999
12.342,0.05,19.999
12.343,0.05,19.999
12.344,0.05,19.999
12.345,0.05,19.999
12.346,0.05,19.999
12.347,0.05,19.999
12.348,0.05,19.999
12.349,0.05,19.999
12.35,0.05,19.999
12.351,0.05,19.999
12.352,0.05,19.999
12.353,0.05,19.999
12.354,0.05,19.999
12.355,0.05,19.999
12.356,0.05,19.999
12.357,0.05,19.999
12.358,0.05,19.999
12.359,0.05,19.999
12.36,0.05,19.999
12.361,0.05,19.999
12.362,0.05,19.999
12.363,0.05,19.999
12.364,0.05,19.999
12.365,0.05,19.999
12.366,0.05,19.999
12.367,0.05,19.999
12.368,0.05,19.999
12.369,0.05,19.999
12.37,0.05,19.999
12.371,0.05,19.999
12.372,0.05,19.999
12.373,0.05,19.999
12.374,0.05,19.999
12.375,0.05,19.999
12.376,0.05,19.999
12.377,0.05,19.999
12.378,0.05,19.999
12.379,0.05,19.999
12.38,0.05,19.999
12.381,0.05,19.999
12.382,0.05,19.999
12.383,0.05,19.999
12.384,0.05,19.999
12.385,0.05,19.999
12.386,0.05,19.999
12.387,0.05,19.999
12.388,0.05,19.999
12.389,0.05,19.999
12.39,0.05,19.999
12.391,0.05,19.999
12.392,0.05,19.999
12.393,0.05,19.999
12.394,0.05,19.999
12.395,0.05,19.999
12.396,0.05,19.999
12.397,0.05,19.999
12.398,0.05,19.999
12.399,0.05,19.999
12.4,0.05,19.999
12.401,0.05,19.999
12.402,0.05,19.999
12.403,0.05,19.999
12.404,0.05,19.999
12.405,0.05,19.999
12.406,0.05,19.999
12.407,0.05,19.999
12.408,0.05,19.999
12.409,0.05,19.999
12.41,0.05,19.999
12.411,0.05,19.999
12.412,0.05,19.999
12.413,0.05,19.999
12.414,0.05,19.999
12.415,0.05,19.999
12.416,0.05,19.999
12.417,0.05,19.999
12.418,0.05,19.999
12.419,0.05,19.999
12.42,0.05,19.999
12.421,0.05,19.999
12.422,0.05,19.999
12.423,0.05,19.999
12.424,0.05,19.999
12.425,0.05,19.999
12.426,0.05,19.999
12.427,0.05,19.999
12.428,0.05,19.999
12.429,0.05,19.999
12.43,0.05,19.999
12.431,0.05,19.999
12.432,0.05,19.999
12.433,0.05,19.999
12.434,0.05,19.999
12.435,0.05,19.999
12.436,0.05,19.999
12.437,0.05,19.999
12.438,0.05,19.999
12.439,0.05,19.999
12.44,0.05,19.999
12.441,0.05,19.999
12.442,0.05,19.999
12.443,0.05,19.999
12.444,0.05,19.999
12.445,0.05,19.999
12.446,0.05,19.999
12.447,0.05,19.999
12.448,0.05,19.999
12.449,0.05,19.999
12.45,0.05,19.999
12.451,0.05,19.999
12.452,0.05,19.999
12.453,0.05,19.999
12.454,0.05,19.999
12.455,0.05,19.999
12.456,0.05,19.999
12.457,0.05,19.999
12.458,0.05,19.999
12.459,0.05,19.999
12.46,0.05,19.999
12.461,0.05,19.999
12.462,0.05,19.999
12.463,0.05,19.999
12.464,0.05,19.999
12.465,0.05,19.999
12.466,0.05,19.999
12.467,0.05,19.999
12.468,0.05,19.999
12.469,0.05,19.999
12.47,0.05,19.999
12.471,0.05,19.999
12.472,0.05,19.999
12.473,0.05,19.999
12.474,0.05,19.999
12.475,0.05,19.999
12.476,0.05,19.999
12.477,0.05,19.999
12.478,0.05,19.999
12.479,0.05,19.999
12.48,0.05,19.999
12.481,0.05,19.999
12.482,0.05,19.999
12.483,0.05,19.999
12.484,0.05,19.999
12.485,0.05,19.999
12.486,0.05,19.999
12.487,0.05,19.999
12.488,0.05,19.999
12.489,0.05,19.999
12.49,0.05,19.999
12.491,0.05,19.999
12.492,0.05,19.999
12.493,0.05,19.999
12.494,0.05,19.999
12.495,0.05,19.999
12.496,0.05,19.999
12.497,0.05,19.999
12.498,0.05,19.999
12.499,0.05,19.999
12.5,0.05,19.999
12.501,0.05,19.999
12.502,0.05,19.999
12.503,0.05,19.999
12.504,0.05,19.999
12.505,0.05,19.999
12.506,0.05,19.999
12.507,0.05,19.999
12.508,0.05,19.999
12.509,0.05,19.999
12.51,0.05,19.999
12.511,0.05,19.999
12.512,0.05,19.999
12.513,0.05,19.999
12.514,0.05,19.999
12.515,0.05,19.999
12.516,0.05,19.999
12.517,0.05,19.999
12.518,0.05,19.999
12.519,0.05,19.999
12.52,0.05,19.999
12.521,0.05,19.999
12.522,0.05,19.999
12.523,0.05,19.999
12.524,0.05,19.999
12.525,0.05,19.999
12.526,0.05,19.999
12.527,0.05,19.999
12.528,0.05,19.999
12.529,0.05,19.999
12.53,0.05,19.999
12.531,0.05,19.999
12.532,0.05,19.999
12.533,0.05,19.999
12.534,0.05,19.999
12.535,0.05,19.999
12.536,0.05,19.999
12.537,0.05,19.999
12.538,0.05,19.999
12.539,0.05,19.999
12.54,0.05,19.999
12.541,0.05,19.999
12.542,0.05,19.999
12.543,0.05,19.999
12.544,0.05,19.999
12.545,0.05,19.999
12.546,0.05,19.999
12.547,0.05,19.999
12.548,0.05,19.999
12.549,0.05,19.999
12.55,0.05,19.999
12.551,0.05,19.999
12.552,0.05,19.999
12.553,0.05,19.999
12.554,0.05,19.999
12.555,0.05,19.999
12.556,0.05,19.999
12.557,0.05,19.999
12.558,0.05,19.999
12.559,0.05,19.999
12.56,0.05,19.999
12.561,0.05,19.999
12.562,0.05,19.999
12.563,0.05,19.999
12.564,0.05,19.999
12.565,0.05,19.999
12.566,0.05,19.999
12.567,0.05,19.999
12.568,0.05,19.999
12.569,0.05,19.999
12.57,0.05,19.999
12.571,0.05,19.999
12.572,0.05,19.999
12.573,0.05,19.999
12.574,0.05,19.999
12.575,0.05,19.999
12.576,0.05,19.999
12.577,0.05,19.999
12.578,0.05,19.999
12.579,0.05,19.999
12.58,0.05,19.999
12.581,0.05,19.999
12.582,0.05,19.999
12.583,0.05,19.999
12.584,0.05,19.999
12.585,0.05,19.999
12.586,0.05,19.999
12.587,0.05,19.999
12.588,0.05,19.999
12.589,0.05,19.999
12.59,0.05,19.999
12.591,0.05,19.999
12.592,0.05,19.999
12.593,0.05,19.999
12.594,0.05,19.999
12.595,0.05,19.999
12.596,0.05,19.999
12.597,0.05,19.999
12.598,0.05,19.999
12.599,0.05,19.999
12.6,0.05,19.999
12.601,0.05,19.999
12.602,0.05,19.999
12.603,0.05,19.999
12.604,0.05,19.999
12.605,0.05,19.999
12.606,0.05,19.999
12.607,0.05,19.999
12.608,0.05,19.999
12.609,0.05,19.999
12.61,0.05,19.999
12.611,0.05,19.999
12.612,0.05,19.999
12.613,0.05,19.999
12.614,0.05,19.999
12.615,0.05,19.999
12.616,0.05,19.999
12.617,0.05,19.999
12.618,0.05,19.999
12.619,0.05,19.999
12.62,0.05,19.999
12.621,0.05,19.999
12.622,0.05,19.999
12.623,0.05,19.999
12.624,0.05,19.999
12.625,0.05,19.999
12.626,0.05,19.999
12.627,0.05,19.999
12.628,0.05,19.999
12.629,0.05,19.999
12.63,0.05,19.999
12.631,0.05,19.999
12.632,0.05,19.999
12.633,0.05,19.999
12.634,0.05,19.999
12.635,0.05,19.999
12.636,0.05,19.999
12.637,0.05,19.999
12.638,0.05,19.999
12.639,0.05,19.999
12.64,0.05,19.999
12.641,0.05,19.999
12.642,0.05,19.999
12.643,0.05,19.999
12.644,0.05,19.999
12.645,0.05,19.999
12.646,0.05,19.999
12.647,0.05,19.999
12.648,0.05,19.999
12.649,0.05,19.999
12.65,0.05,19.999
12.651,0.05,19.999
12.652,0.05,19.999
12.653,0.05,19.999
12.654,0.05,19.999
12.655,0.05,19.999
12.656,0.05,19.999
12.657,0.05,19.999
12.658,0.05,19.999
12.659,0.05,19.999
12.66,0.05,19.999
12.661,0.05,19.999
12.662,0.05,19.999
12.663,0.05,19.999
12.664,0.05,19.999
12.665,0.05,19.999
12.666,0.05,19.999
12.667,0.05,19.999
12.668,0.05,19.999
12.669,0.05,19.999
12.67,0.05,19.999
12.671,0.05,19.999
12.672,0.05,19.999
12.673,0.05,19.999
12.674,0.05,19.999
12.675,0.05,19.999
12.676,0.05,19.999
12.677,0.05,19.999
12.678,0.05,19.999
12.679,0.05,19.999
12.68,0.05,19.999
12.681,0.05,19.999
12.682,0.05,19.999
12.683,0.05,19.999
12.684,0.05,19.999
12.685,0.05,19.999
12.686,0.05,19.999
12.687,0.05,19.999
12.688,0.05,19.999
12.689,0.05,19.999
12.69,0.05,19.999
12.691,0.05,19.999
12.692,0.05,19.999
12.693,0.05,19.999
12.694,0.05,19.999
12.695,0.05,19.999
12.696,0.05,19.999
12.697,0.05,19.999
12.698,0.05,19.999
12.699,0.05,19.999
12.7,0.05,19.999
12.701,0.05,19.999
12.702,0.05,19.999
12.703,0.05,19.999
12.704,0.05,19.999
12.705,0.05,19.999
12.706,0.05,19.999
12.707,0.05,19.999
12.708,0.05,19.999
12.709,0.05,19.999
12.71,0.05,19.999
12.711,0.05,19.999
12.712,0.05,19.999
12.713,0.05,19.999
12.714,0.05,19.999
12.715,0.05,19.999
12.716,0.05,19.999
12.717,0.05,19.999
12.718,0.05,19.999
12.719,0.05,19.999
12.72,0.05,19.999
12.721,0.05,19.999
12.722,0.05,19.999
12.723,0.05,19.999
12.724,0.05,19.999
12.725,0.05,19.999
12.726,0.05,19.999
12.727,0.05,19.999
12.728,0.05,19.999
12.729,0.05,19.999
12.73,0.05,19.999
12.731,0.05,19.999
12.732,0.05,19.999
12.733,0.05,19.999
12.734,0.05,19.999
12.735,0.05,19.999
12.736,0.05,19.999
12.737,0.05,19.999
12.738,0.05,19.999
12.739,0.05,19.999
12.74,0.05,19.999
12.741,0.05,19.999
12.742,0.05,19.999
12.743,0.05,19.999
12.744,0.05,19.999
12.745,0.05,19.999
12.746,0.05,19.999
12.747,0.05,19.999
12.748,0.05,19.999
12.749,0.05,19.999
12.75,0.05,19.999
12.751,0.05,19.999
12.752,0.05,19.999
12.753,0.05,19.999
12.754,0.05,19.999
12.755,0.05,19.999
12.756,0.05,19.999
12.757,0.05,19.999
12.758,0.05,19.999
12.759,0.05,19.999
12.76,0.05,19.999
12.761,0.05,19.999
12.762,0.05,19.999
12.763,0.05,19.999
12.764,0.05,19.999
12.765,0.05,19.999
12.766,0.05,19.999
12.767,0.05,19.999
12.768,0.05,19.999
12.769,0.05,19.999
12.77,0.05,19.999
12.771,0.05,19.999
12.772,0.05,19.999
12.773,0.05,19.999
12.774,0.05,19.999
12.775,0.05,19.999
12.776,0.05,19.999
12.777,0.05,19.999
12.778,0.05,19.999
12.779,0.05,19.999
12.78,0.05,19.999
12.781,0.05,19.999
12.782,0.05,19.999
12.783,0.05,19.999
12.784,0.05,19.999
12.785,0.05,19.999
12.786,0.05,19.999
12.787,0.05,19.999
12.788,0.05,19.999
12.789,0.05,19.999
12.79,0.05,19.999
12.791,0.05,19.999
12.792,0.05,19.999
12.793,0.05,19.999
12.794,0.05,19.999
12.795,0.05,19.999
12.796,0.05,19.999
12.797,0.05,19.999
12.798,0.05,19.999
12.799,0.05,19.999
12.8,0.05,19.999
12.801,0.05,19.999
12.802,0.05,19.999
12.803,0.05,19.999
12.804,0.05,19.999
12.805,0.05,19.999
12.806,0.05,19.999
12.807,0.05,19.999
12.808,0.05,19.999
12.809,0.05,19.999
12.81,0.05,19.999
12.811,0.05,19.999
12.812,0.05,19.999
12.813,0.05,19.999
12.814,0.05,19.999
12.815,0.05,19.999
12.816,0.05,19.999
12.817,0.05,19.999
12.818,0.05,19.999
12.819,0.05,19.999
12.82,0.05,19.999
12.821,0.05,19.999
12.822,0.05,19.999
12.823,0.05,19.999
12.824,0.05,19.999
12.825,0.05,19.999
12.826,0.05,19.999
12.827,0.05,19.999
12.828,0.05,19.999
12.829,0.05,19.999
12.83,0.05,19.999
12.831,0.05,19.999
12.832,0.05,19.999
12.833,0.05,19.999
12.834,0.05,19.999
12.835,0.05,19.999
12.836,0.05,19.999
12.837,0.05,19.999
12.838,0.05,19.999
12.839,0.05,19.999
12.84,0.05,19.999
12.841,0.05,19.999
12.842,0.05,19.999
12.843,0.05,19.999
12.844,0.05,19.999
12.845,0.05,19.999
12.846,0.05,19.999
12.847,0.05,19.999
12.848,0.05,19.999
12.849,0.05,19.999
12.85,0.05,19.999
12.851,0.05,19.999
12.852,0.05,19.999
12.853,0.05,19.999
12.854,0.05,19.999
12.855,0.05,19.999
12.856,0.05,19.999
12.857,0.05,19.999
12.858,0.05,19.999
12.859,0.05,19.999
12.86,0.05,19.999
12.861,0.05,19.999
12.862,0.05,19.999
12.863,0.05,19.999
12.864,0.05,19.999
12.865,0.05,19.999
12.866,0.05,19.999
12.867,0.05,19.999
12.868,0.05,19.999
12.869,0.05,19.999
12.87,0.05,19.999
12.871,0.05,19.999
12.872,0.05,19.999
12.873,0.05,19.999
12.874,0.05,19.999
12.875,0.05,19.999
12.876,0.05,19.999
12.877,0.05,19.999
12.878,0.05,19.999
12.879,0.05,19.999
12.88,0.05,19.999
12.881,0.05,19.999
12.882,0.05,19.999
12.883,0.05,19.999
12.884,0.05,19.999
12.885,0.05,19.999
12.886,0.05,19.999
12.887,0.05,19.999
12.888,0.05,19.999
12.889,0.05,19.999
12.89,0.05,19.999
12.891,0.05,19.999
12.892,0.05,19.999
12.893,0.05,19.999
12.894,0.05,19.999
12.895,0.05,19.999
12.896,0.05,19.999
12.897,0.05,19.999
12.898,0.05,19.999
12.899,0.05,19.999
12.9,0.05,19.999
12.901,0.05,19.999
12.902,0.05,19.999
12.903,0.05,19.999
12.904,0.05,19.999
12.905,0.05,19.999
12.906,0.05,19.999
12.907,0.05,19.999
12.908,0.05,19.999
12.909,0.05,19.999
12.91,0.05,19.999
12.911,0.05,19.999
12.912,0.05,19.999
12.913,0.05,19.999
12.914,0.05,19.999
12.915,0.05,19.999
12.916,0.05,19.999
12.917,0.05,19.999
12.918,0.05,19.999
12.919,0.05,19.999
12.92,0.05,19.999
12.921,0.05,19.999
12.922,0.05,19.999
12.923,0.05,19.999
12.924,0.05,19.999
12.925,0.05,19.999
12.926,0.05,19.999
12.927,0.05,19.999
12.928,0.05,19.999
12.929,0.05,19.999
12.93,0.05,19.999
12.931,0.05,19.999
12.932,0.05,19.999
12.933,0.05,19.999
12.934,0.05,19.999
12.935,0.05,19.999
12.936,0.05,19.999
12.937,0.05,19.999
12.938,0.05,19.999
12.939,0.05,19.999
12.94,0.05,19.999
12.941,0.05,19.999
12.942,0.05,19.999
12.943,0.05,19.999
12.944,0.05,19.999
12.945,0.05,19.999
12.946,0.05,19.999
12.947,0.05,19.999
12.948,0.05,19.999
12.949,0.05,19.999
12.95,0.05,19.999
12.951,0.05,19.999
12.952,0.05,19.999
12.953,0.05,19.999
12.954,0.05,19.999
12.955,0.05,19.999
12.956,0.05,19.999
12.957,0.05,19.999
12.958,0.05,19.999
12.959,0.05,19.999
12.96,0.05,19.999
12.961,0.05,19.999
12.962,0.05,19.999
12.963,0.05,19.999
12.964,0.05,19.999
12.965,0.05,19.999
12.966,0.05,19.999
12.967,0.05,19.999
12.968,0.05,19.999
12.969,0.05,19.999
12.97,0.05,19.999
12.971,0.05,19.999
12.972,0.05,19.999
12.973,0.05,19.999
12.974,0.05,19.999
12.975,0.05,19.999
12.976,0.05,19.999
12.977,0.05,19.999
12.978,0.05,19.999
12.979,0.05,19.999
12.98,0.05,19.999
12.981,0.05,19.999
12.982,0.05,19.999
12.983,0.05,19.999
12.984,0.05,19.999
12.985,0.05,19.999
12.986,0.05,19.999
12.987,0.05,19.999
12.988,0.05,19.999
12.989,0.05,19.999
12.99,0.05,19.999
12.991,0.05,19.999
12.992,0.05,19.999
12.993,0.05,19.999
12.994,0.05,19.999
12.995,0.05,19.999
12.996,0.05,19.999
12.997,0.05,19.999
12.998,0.05,19.999
12.999,0.05,19.999
13,0.05,19.999
13.001,0.05,19.999
13.002,0.05,19.999
13.003,0.05,19.999
13.004,0.05,19.999
13.005,0.05,19.999
13.006,0.05,19.999
13.007,0.05,19.999
13.008,0.05,19.999
13.009,0.05,19.999
13.01,0.05,19.999
13.011,0.05,19.999
13.012,0.05,19.999
13.013,0.05,19.999
13.014,0.05,19.999
13.015,0.05,19.999
13.016,0.05,19.999
13.017,0.05,19.999
13.018,0.05,19.999
13.019,0.05,19.999
13.02,0.05,19.999
13.021,0.05,19.999
13.022,0.05,19.999
13.023,0.05,19.999
13.024,0.05,19.999
13.025,0.05,19.999
13.026,0.05,19.999
13.027,0.05,19.999
13.028,0.05,19.999
13.029,0.05,19.999
13.03,0.05,19.999
13.031,0.05,19.999
13.032,0.05,19.999
13.033,0.05,19.999
13.034,0.05,19.999
13.035,0.05,19.999
13.036,0.05,19.999
13.037,0.05,19.999
13.038,0.05,19.999
13.039,0.05,19.999
13.04,0.05,19.999
13.041,0.05,19.999
13.042,0.05,19.999
13.043,0.05,19.999
13.044,0.05,19.999
13.045,0.05,19.999
13.046,0.05,19.999
13.047,0.05,19.999
13.048,0.05,19.999
13.049,0.05,19.999
13.05,0.05,19.999
13.051,0.05,19.999
13.052,0.05,19.999
13.053,0.05,19.999
13.054,0.05,19.999
13.055,0.05,19.999
13.056,0.05,19.999
13.057,0.05,19.999
13.058,0.05,19.999
13.059,0.05,19.999
13.06,0.05,19.999
13.061,0.05,19.999
13.062,0.05,19.999
13.063,0.05,19.999
13.064,0.05,19.999
13.065,0.05,19.999
13.066,0.05,19.999
13.067,0.05,19.999
13.068,0.05,19.999
13.069,0.05,19.999
13.07,0.05,19.999
13.071,0.05,19.999
13.072,0.05,19.999
13.073,0.05,19.999
13.074,0.05,19.999
13.075,0.05,19.999
13.076,0.05,19.999
13.077,0.05,19.999
13.078,0.05,19.999
13.079,0.05,19.999
13.08,0.05,19.999
13.081,0.05,19.999
13.082,0.05,19.999
13.083,0.05,19.999
13.084,0.05,19.999
13.085,0.05,19.999
13.086,0.05,19.999
13.087,0.05,19.999
13.088,0.05,19.999
13.089,0.05,19.999
13.09,0.05,19.999
13.091,0.05,19.999
13.092,0.05,19.999
13.093,0.05,19.999
13.094,0.05,19.999
13.095,0.05,19.999
13.096,0.05,19.999
13.097,0.05,19.999
13.098,0.05,19.999
13.099,0.05,19.999
13.1,0.05,19.999
13.101,0.05,19.999
13.102,0.05,19.999
13.103,0.05,19.999
13.104,0.05,19.999
13.105,0.05,19.999
13.106,0.05,19.999
13.107,0.05,19.999
13.108,0.05,19.999
13.109,0.05,19.999
13.11,0.05,19.999
13.111,0.05,19.999
13.112,0.05,19.999
13.113,0.05,19.999
13.114,0.05,19.999
13.115,0.05,19.999
13.116,0.05,19.999
13.117,0.05,19.999
13.118,0.05,19.999
13.119,0.05,19.999
13.12,0.05,19.999
13.121,0.05,19.999
13.122,0.05,19.999
13.123,0.05,19.999
13.124,0.05,19.999
13.125,0.05,19.999
13.126,0.05,19.999
13.127,0.05,19.999
13.128,0.05,19.999
13.129,0.05,19.999
13.13,0.05,19.999
13.131,0.05,19.999
13.132,0.05,19.999
13.133,0.05,19.999
13.134,0.05,19.999
13.135,0.05,19.999
13.136,0.05,19.999
13.137,0.05,19.999
13.138,0.05,19.999
13.139,0.05,19.999
13.14,0.05,19.999
13.141,0.05,19.999
13.142,0.05,19.999
13.143,0.05,19.999
13.144,0.05,19.999
13.145,0.05,19.999
13.146,0.05,19.999
13.147,0.05,19.999
13.148,0.05,19.999
13.149,0.05,19.999
13.15,0.05,19.999
13.151,0.05,19.999
13.152,0.05,19.999
13.153,0.05,19.999
13.154,0.05,19.999
13.155,0.05,19.999
13.156,0.05,19.999
13.157,0.05,19.999
13.158,0.05,19.999
13.159,0.05,19.999
13.16,0.05,19.999
13.161,0.05,19.999
13.162,0.05,19.999
13.163,0.05,19.999
13.164,0.05,19.999
13.165,0.05,19.999
13.166,0.05,19.999
13.167,0.05,19.999
13.168,0.05,19.999
13.169,0.05,19.999
13.17,0.05,19.999
13.171,0.05,19.999
13.172,0.05,19.999
13.173,0.05,19.999
13.174,0.05,19.999
13.175,0.05,19.999
13.176,0.05,19.999
13.177,0.05,19.999
13.178,0.05,19.999
13.179,0.05,19.999
13.18,0.05,19.999
13.181,0.05,19.999
13.182,0.05,19.999
13.183,0.05,19.999
13.184,0.05,19.999
13.185,0.05,19.999
13.186,0.05,19.999
13.187,0.05,19.999
13.188,0.05,19.999
13.189,0.05,19.999
13.19,0.05,19.999
13.191,0.05,19.999
13.192,0.05,19.999
13.193,0.05,19.999
13.194,0.05,19.999
13.195,0.05,19.999
13.196,0.05,19.999
13.197,0.05,19.999
13.198,0.05,19.999
13.199,0.05,19.999
13.2,0.05,19.999
13.201,0.05,19.999
13.202,0.05,19.999
13.203,0.05,19.999
13.204,0.05,19.999
13.205,0.05,19.999
13.206,0.05,19.999
13.207,0.05,19.999
13.208,0.05,19.999
13.209,0.05,19.999
13.21,0.05,19.999
13.211,0.05,19.999
13.212,0.05,19.999
13.213,0.05,19.999
13.214,0.05,19.999
13.215,0.05,19.999
13.216,0.05,19.999
13.217,0.05,19.999
13.218,0.05,19.999
13.219,0.05,19.999
13.22,0.05,19.999
13.221,0.05,19.999
13.222,0.05,19.999
13.223,0.05,19.999
13.224,0.05,19.999
13.225,0.05,19.999
13.226,0.05,19.999
13.227,0.05,19.999
13.228,0.05,19.999
13.229,0.05,19.999
13.23,0.05,19.999
13.231,0.05,19.999
13.232,0.05,19.999
13.233,0.05,19.999
13.234,0.05,19.999
13.235,0.05,19.999
13.236,0.05,19.999
13.237,0.05,19.999
13.238,0.05,19.999
13.239,0.05,19.999
13.24,0.05,19.999
13.241,0.05,19.999
13.242,0.05,19.999
13.243,0.05,19.999
13.244,0.05,19.999
13.245,0.05,19.999
13.246,0.05,19.999
13.247,0.05,19.999
13.248,0.05,19.999
13.249,0.05,19.999
13.25,0.05,19.999
13.251,0.05,19.999
13.252,0.05,19.999
13.253,0.05,19.999
13.254,0.05,19.999
13.255,0.05,19.999
13.256,0.05,19.999
13.257,0.05,19.999
13.258,0.05,19.999
13.259,0.05,19.999
13.26,0.05,19.999
13.261,0.05,19.999
13.262,0.05,19.999
13.263,0.05,19.999
13.264,0.05,19.999
13.265,0.05,19.999
13.266,0.05,19.999
13.267,0.05,19.999
13.268,0.05,19.999
13.269,0.05,19.999
13.27,0.05,19.999
13.271,0.05,19.999
13.272,0.05,19.999
13.273,0.05,19.999
13.274,0.05,19.999
13.275,0.05,19.999
13.276,0.05,19.999
13.277,0.05,19.999
13.278,0.05,19.999
13.279,0.05,19.999
13.28,0.05,19.999
13.281,0.05,19.999
13.282,0.05,19.999
13.283,0.05,19.999
13.284,0.05,19.999
13.285,0.05,19.999
13.286,0.05,19.999
13.287,0.05,19.999
13.288,0.05,19.999
13.289,0.05,19.999
13.29,0.05,19.999
13.291,0.05,19.999
13.292,0.05,19.999
13.293,0.05,19.999
13.294,0.05,19.999
13.295,0.05,19.999
13.296,0.05,19.999
13.297,0.05,19.999
13.298,0.05,19.999
13.299,0.05,19.999
13.3,0.05,19.999
13.301,0.05,19.999
13.302,0.05,19.999
13.303,0.05,19.999
13.304,0.05,19.999
13.305,0.05,19.999
13.306,0.05,19.999
13.307,0.05,19.999
13.308,0.05,19.999
13.309,0.05,19.999
13.31,0.05,19.999
13.311,0.05,19.999
13.312,0.05,19.999
13.313,0.05,19.999
13.314,0.05,19.999
13.315,0.05,19.999
13.316,0.05,19.999
13.317,0.05,19.999
13.318,0.05,19.999
13.319,0.05,19.999
13.32,0.05,19.999
13.321,0.05,19.999
13.322,0.05,19.999
13.323,0.05,19.999
13.324,0.05,19.999
13.325,0.05,19.999
13.326,0.05,19.999
13.327,0.05,19.999
13.328,0.05,19.999
13.329,0.05,19.999
13.33,0.05,19.999
13.331,0.05,19.999
13.332,0.05,19.999
13.333,0.05,19.999
13.334,0.05,19.999
13.335,0.05,19.999
13.336,0.05,19.999
13.337,0.05,19.999
13.338,0.05,19.999
13.339,0.05,19.999
13.34,0.05,19.999
13.341,0.05,19.999
13.342,0.05,19.999
13.343,0.05,19.999
13.344,0.05,19.999
13.345,0.05,19.999
13.346,0.05,19.999
13.347,0.05,19.999
13.348,0.05,19.999
13.349,0.05,19.999
13.35,0.05,19.999
13.351,0.05,19.999
13.352,0.05,19.999
13.353,0.05,19.999
13.354,0.05,19.999
13.355,0.05,19.999
13.356,0.05,19.999
13.357,0.05,19.999
13.358,0.05,19.999
13.359,0.05,19.999
13.36,0.05,19.999
13.361,0.05,19.999
13.362,0.05,19.999
13.363,0.05,19.999
13.364,0.05,19.999
13.365,0.05,19.999
13.366,0.05,19.999
13.367,0.05,19.999
13.368,0.05,19.999
13.369,0.05,19.999
13.37,0.05,19.999
13.371,0.05,19.999
13.372,0.05,19.999
13.373,0.05,19.999
13.374,0.05,19.999
13.375,0.05,19.999
13.376,0.05,19.999
13.377,0.05,19.999
13.378,0.05,19.999
13.379,0.05,19.999
13.38,0.05,19.999
13.381,0.05,19.999
13.382,0.05,19.999
13.383,0.05,19.999
13.384,0.05,19.999
13.385,0.05,19.999
13.386,0.05,19.999
13.387,0.05,19.999
13.388,0.05,19.999
13.389,0.05,19.999
13.39,0.05,19.999
13.391,0.05,19.999
13.392,0.05,19.999
13.393,0.05,19.999
13.394,0.05,19.999
13.395,0.05,19.999
13.396,0.05,19.999
13.397,0.05,19.999
13.398,0.05,19.999
13.399,0.05,19.999
13.4,0.05,19.999
13.401,0.05,19.999
13.402,0.05,19.999
13.403,0.05,19.999
13.404,0.05,19.999
13.405,0.05,19.999
13.406,0.05,19.999
13.407,0.05,19.999
13.408,0.05,19.999
13.409,0.05,19.999
13.41,0.05,19.999
13.411,0.05,19.999
13.412,0.05,19.999
13.413,0.05,19.999
13.414,0.05,19.999
13.415,0.05,19.999
13.416,0.05,19.999
13.417,0.05,19.999
13.418,0.05,19.999
13.419,0.05,19.999
13.42,0.05,19.999
13.421,0.05,19.999
13.422,0.05,19.999
13.423,0.05,19.999
13.424,0.05,19.999
13.425,0.05,19.999
13.426,0.05,19.999
13.427,0.05,19.999
13.428,0.05,19.999
13.429,0.05,19.999
13.43,0.05,19.999
13.431,0.05,19.999
13.432,0.05,19.999
13.433,0.05,19.999
13.434,0.05,19.999
13.435,0.05,19.999
13.436,0.05,19.999
13.437,0.05,19.999
13.438,0.05,19.999
13.439,0.05,19.999
13.44,0.05,19.999
13.441,0.05,19.999
13.442,0.05,19.999
13.443,0.05,19.999
13.444,0.05,19.999
13.445,0.05,19.999
13.446,0.05,19.999
13.447,0.05,19.999
13.448,0.05,19.999
13.449,0.05,19.999
13.45,0.05,19.999
13.451,0.05,19.999
13.452,0.05,19.999
13.453,0.05,19.999
13.454,0.05,19.999
13.455,0.05,19.999
13.456,0.05,19.999
13.457,0.05,19.999
13.458,0.05,19.999
13.459,0.05,19.999
13.46,0.05,19.999
13.461,0.05,19.999
13.462,0.05,19.999
13.463,0.05,19.999
13.464,0.05,19.999
13.465,0.05,19.999
13.466,0.05,19.999
13.467,0.05,19.999
13.468,0.05,19.999
13.469,0.05,19.999
13.47,0.05,19.999
13.471,0.05,19.999
13.472,0.05,19.999
13.473,0.05,19.999
13.474,0.05,19.999
13.475,0.05,19.999
13.476,0.05,19.999
13.477,0.05,19.999
13.478,0.05,19.999
13.479,0.05,19.999
13.48,0.05,19.999
13.481,0.05,19.999
13.482,0.05,19.999
13.483,0.05,19.999
13.484,0.05,19.999
13.485,0.05,19.999
13.486,0.05,19.999
13.487,0.05,19.999
13.488,0.05,19.999
13.489,0.05,19.999
13.49,0.05,19.999
13.491,0.05,19.999
13.492,0.05,19.999
13.493,0.05,19.999
13.494,0.05,19.999
13.495,0.05,19.999
13.496,0.05,19.999
13.497,0.05,19.999
13.498,0.05,19.999
13.499,0.05,19.999
13.5,0.05,19.999
13.501,0.05,19.999
13.502,0.05,19.999
13.503,0.05,19.999
13.504,0.05,19.999
13.505,0.05,19.999
13.506,0.05,19.999
13.507,0.05,19.999
13.508,0.05,19.999
13.509,0.05,19.999
13.51,0.05,19.999
13.511,0.05,19.999
13.512,0.05,19.999
13.513,0.05,19.999
13.514,0.05,19.999
13.515,0.05,19.999
13.516,0.05,19.999
13.517,0.05,19.999
13.518,0.05,19.999
13.519,0.05,19.999
13.52,0.05,19.999
13.521,0.05,19.999
13.522,0.05,19.999
13.523,0.05,19.999
13.524,0.05,19.999
13.525,0.05,19.999
13.526,0.05,19.999
13.527,0.05,19.999
13.528,0.05,19.999
13.529,0.05,19.999
13.53,0.05,19.999
13.531,0.05,19.999
13.532,0.05,19.999
13.533,0.05,19.999
13.534,0.05,19.999
13.535,0.05,19.999
13.536,0.05,19.999
13.537,0.05,19.999
13.538,0.05,19.999
13.539,0.05,19.999
13.54,0.05,19.999
13.541,0.05,19.999
13.542,0.05,19.999
13.543,0.05,19.999
13.544,0.05,19.999
13.545,0.05,19.999
13.546,0.05,19.999
13.547,0.05,19.999
13.548,0.05,19.999
13.549,0.05,19.999
13.55,0.05,19.999
13.551,0.05,19.999
13.552,0.05,19.999
13.553,0.05,19.999
13.554,0.05,19.999
13.555,0.05,19.999
13.556,0.05,19.999
13.557,0.05,19.999
13.558,0.05,19.999
13.559,0.05,19.999
13.56,0.05,19.999
13.561,0.05,19.999
13.562,0.05,19.999
13.563,0.05,19.999
13.564,0.05,19.999
13.565,0.05,19.999
13.566,0.05,19.999
13.567,0.05,19.999
13.568,0.05,19.999
13.569,0.05,19.999
13.57,0.05,19.999
13.571,0.05,19.999
13.572,0.05,19.999
13.573,0.05,19.999
13.574,0.05,19.999
13.575,0.05,19.999
13.576,0.05,19.999
13.577,0.05,19.999
13.578,0.05,19.999
13.579,0.05,19.999
13.58,0.05,19.999
13.581,0.05,19.999
13.582,0.05,19.999
13.583,0.05,19.999
13.584,0.05,19.999
13.585,0.05,19.999
13.586,0.05,19.999
13.587,0.05,19.999
13.588,0.05,19.999
13.589,0.05,19.999
13.59,0.05,19.999
13.591,0.05,19.999
13.592,0.05,19.999
13.593,0.05,19.999
13.594,0.05,19.999
13.595,0.05,19.999
13.596,0.05,19.999
13.597,0.05,19.999
13.598,0.05,19.999
13.599,0.05,19.999
13.6,0.05,19.999
13.601,0.05,19.999
13.602,0.05,19.999
13.603,0.05,19.999
13.604,0.05,19.999
13.605,0.05,19.999
13.606,0.05,19.999
13.607,0.05,19.999
13.608,0.05,19.999
13.609,0.05,19.999
13.61,0.05,19.999
13.611,0.05,19.999
13.612,0.05,19.999
13.613,0.05,19.999
13.614,0.05,19.999
13.615,0.05,19.999
13.616,0.05,19.999
13.617,0.05,19.999
13.618,0.05,19.999
13.619,0.05,19.999
13.62,0.05,19.999
13.621,0.05,19.999
13.622,0.05,19.999
13.623,0.05,19.999
13.624,0.05,19.999
13.625,0.05,19.999
13.626,0.05,19.999
13.627,0.05,19.999
13.628,0.05,19.999
13.629,0.05,19.999
13.63,0.05,19.999
13.631,0.05,19.999
13.632,0.05,19.999
13.633,0.05,19.999
13.634,0.05,19.999
13.635,0.05,19.999
13.636,0.05,19.999
13.637,0.05,19.999
13.638,0.05,19.999
13.639,0.05,19.999
13.64,0.05,19.999
13.641,0.05,19.999
13.642,0.05,19.999
13.643,0.05,19.999
13.644,0.05,19.999
13.645,0.05,19.999
13.646,0.05,19.999
13.647,0.05,19.999
13.648,0.05,19.999
13.649,0.05,19.999
13.65,0.05,19.999
13.651,0.05,19.999
13.652,0.05,19.999
13.653,0.05,19.999
13.654,0.05,19.999
13.655,0.05,19.999
13.656,0.05,19.999
13.657,0.05,19.999
13.658,0.05,19.999
13.659,0.05,19.999
13.66,0.05,19.999
13.661,0.05,19.999
13.662,0.05,19.999
13.663,0.05,19.999
13.664,0.05,19.999
13.665,0.05,19.999
13.666,0.05,19.999
13.667,0.05,19.999
13.668,0.05,19.999
13.669,0.05,19.999
13.67,0.05,19.999
13.671,0.05,19.999
13.672,0.05,19.999
13.673,0.05,19.999
13.674,0.05,19.999
13.675,0.05,19.999
13.676,0.05,19.999
13.677,0.05,19.999
13.678,0.05,19.999
13.679,0.05,19.999
13.68,0.05,19.999
13.681,0.05,19.999
13.682,0.05,19.999
13.683,0.05,19.999
13.684,0.05,19.999
13.685,0.05,19.999
13.686,0.05,19.999
13.687,0.05,19.999
13.688,0.05,19.999
13.689,0.05,19.999
13.69,0.05,19.999
13.691,0.05,19.999
13.692,0.05,19.999
13.693,0.05,19.999
13.694,0.05,19.999
13.695,0.05,19.999
13.696,0.05,19.999
13.697,0.05,19.999
13.698,0.05,19.999
13.699,0.05,19.999
13.7,0.05,19.999
13.701,0.05,19.999
13.702,0.05,19.999
13.703,0.05,19.999
13.704,0.05,19.999
13.705,0.05,19.999
13.706,0.05,19.999
13.707,0.05,19.999
13.708,0.05,19.999
13.709,0.05,19.999
13.71,0.05,19.999
13.711,0.05,19.999
13.712,0.05,19.999
13.713,0.05,19.999
13.714,0.05,19.999
13.715,0.05,19.999
13.716,0.05,19.999
13.717,0.05,19.999
13.718,0.05,19.999
13.719,0.05,19.999
13.72,0.05,19.999
13.721,0.05,19.999
13.722,0.05,19.999
13.723,0.05,19.999
13.724,0.05,19.999
13.725,0.05,19.999
13.726,0.05,19.999
13.727,0.05,19.999
13.728,0.05,19.999
13.729,0.05,19.999
13.73,0.05,19.999
13.731,0.05,19.999
13.732,0.05,19.999
13.733,0.05,19.999
13.734,0.05,19.999
13.735,0.05,19.999
13.736,0.05,19.999
13.737,0.05,19.999
13.738,0.05,19.999
13.739,0.05,19.999
13.74,0.05,19.999
13.741,0.05,19.999
13.742,0.05,19.999
13.743,0.05,19.999
13.744,0.05,19.999
13.745,0.05,19.999
13.746,0.05,19.999
13.747,0.05,19.999
13.748,0.05,19.999
13.749,0.05,19.999
13.75,0.05,19.999
13.751,0.05,19.999
13.752,0.05,19.999
13.753,0.05,19.999
13.754,0.05,19.999
13.755,0.05,19.999
13.756,0.05,19.999
13.757,0.05,19.999
13.758,0.05,19.999
13.759,0.05,19.999
13.76,0.05,19.999
13.761,0.05,19.999
13.762,0.05,19.999
13.763,0.05,19.999
13.764,0.05,19.999
13.765,0.05,19.999
13.766,0.05,19.999
13.767,0.05,19.999
13.768,0.05,19.999
13.769,0.05,19.999
13.77,0.05,19.999
13.771,0.05,19.999
13.772,0.05,19.999
13.773,0.05,19.999
13.774,0.05,19.999
13.775,0.05,19.999
13.776,0.05,19.999
13.777,0.05,19.999
13.778,0.05,19.999
13.779,0.05,19.999
13.78,0.05,19.999
13.781,0.05,19.999
13.782,0.05,19.999
13.783,0.05,19.999
13.784,0.05,19.999
13.785,0.05,19.999
13.786,0.05,19.999
13.787,0.05,19.999
13.788,0.05,19.999
13.789,0.05,19.999
13.79,0.05,19.999
13.791,0.05,19.999
13.792,0.05,19.999
13.793,0.05,19.999
13.794,0.05,19.999
13.795,0.05,19.999
13.796,0.05,19.999
13.797,0.05,19.999
13.798,0.05,19.999
13.799,0.05,19.999
13.8,0.05,19.999
13.801,0.05,19.999
13.802,0.05,19.999
13.803,0.05,19.999
13.804,0.05,19.999
13.805,0.05,19.999
13.806,0.05,19.999
13.807,0.05,19.999
13.808,0.05,19.999
13.809,0.05,19.999
13.81,0.05,19.999
13.811,0.05,19.999
13.812,0.05,19.999
13.813,0.05,19.999
13.814,0.05,19.999
13.815,0.05,19.999
13.816,0.05,19.999
13.817,0.05,19.999
13.818,0.05,19.999
13.819,0.05,19.999
13.82,0.05,19.999
13.821,0.05,19.999
13.822,0.05,19.999
13.823,0.05,19.999
13.824,0.05,19.999
13.825,0.05,19.999
13.826,0.05,19.999
13.827,0.05,19.999
13.828,0.05,19.999
13.829,0.05,19.999
13.83,0.05,19.999
13.831,0.05,19.999
13.832,0.05,19.999
13.833,0.05,19.999
13.834,0.05,19.999
13.835,0.05,19.999
13.836,0.05,19.999
13.837,0.05,19.999
13.838,0.05,19.999
13.839,0.05,19.999
13.84,0.05,19.999
13.841,0.05,19.999
13.842,0.05,19.999
13.843,0.05,19.999
13.844,0.05,19.999
13.845,0.05,19.999
13.846,0.05,19.999
13.847,0.05,19.999
13.848,0.05,19.999
13.849,0.05,19.999
13.85,0.05,19.999
13.851,0.05,19.999
13.852,0.05,19.999
13.853,0.05,19.999
13.854,0.05,19.999
13.855,0.05,19.999
13.856,0.05,19.999
13.857,0.05,19.999
13.858,0.05,19.999
13.859,0.05,19.999
13.86,0.05,19.999
13.861,0.05,19.999
13.862,0.05,19.999
13.863,0.05,19.999
13.864,0.05,19.999
13.865,0.05,19.999
13.866,0.05,19.999
13.867,0.05,19.999
13.868,0.05,19.999
13.869,0.05,19.999
13.87,0.05,19.999
13.871,0.05,19.999
13.872,0.05,19.999
13.873,0.05,19.999
13.874,0.05,19.999
13.875,0.05,19.999
13.876,0.05,19.999
13.877,0.05,19.999
13.878,0.05,19.999
13.879,0.05,19.999
13.88,0.05,19.999
13.881,0.05,19.999
13.882,0.05,19.999
13.883,0.05,19.999
13.884,0.05,19.999
13.885,0.05,19.999
13.886,0.05,19.999
13.887,0.05,19.999
13.888,0.05,19.999
13.889,0.05,19.999
13.89,0.05,19.999
13.891,0.05,19.999
13.892,0.05,19.999
13.893,0.05,19.999
13.894,0.05,19.999
13.895,0.05,19.999
13.896,0.05,19.999
13.897,0.05,19.999
13.898,0.05,19.999
13.899,0.05,19.999
13.9,0.05,19.999
13.901,0.05,19.999
13.902,0.05,19.999
13.903,0.05,19.999
13.904,0.05,19.999
13.905,0.05,19.999
13.906,0.05,19.999
13.907,0.05,19.999
13.908,0.05,19.999
13.909,0.05,19.999
13.91,0.05,19.999
13.911,0.05,19.999
13.912,0.05,19.999
13.913,0.05,19.999
13.914,0.05,19.999
13.915,0.05,19.999
13.916,0.05,19.999
13.917,0.05,19.999
13.918,0.05,19.999
13.919,0.05,19.999
13.92,0.05,19.999
13.921,0.05,19.999
13.922,0.05,19.999
13.923,0.05,19.999
13.924,0.05,19.999
13.925,0.05,19.999
13.926,0.05,19.999
13.927,0.05,19.999
13.928,0.05,19.999
13.929,0.05,19.999
13.93,0.05,19.999
13.931,0.05,19.999
13.932,0.05,19.999
13.933,0.05,19.999
13.934,0.05,19.999
13.935,0.05,19.999
13.936,0.05,19.999
13.937,0.05,19.999
13.938,0.05,19.999
13.939,0.05,19.999
13.94,0.05,19.999
13.941,0.05,19.999
13.942,0.05,19.999
13.943,0.05,19.999
13.944,0.05,19.999
13.945,0.05,19.999
13.946,0.05,19.999
13.947,0.05,19.999
13.948,0.05,19.999
13.949,0.05,19.999
13.95,0.05,19.999
13.951,0.05,19.999
13.952,0.05,19.999
13.953,0.05,19.999
13.954,0.05,19.999
13.955,0.05,19.999
13.956,0.05,19.999
13.957,0.05,19.999
13.958,0.05,19.999
13.959,0.05,19.999
13.96,0.05,19.999
13.961,0.05,19.999
13.962,0.05,19.999
13.963,0.05,19.999
13.964,0.05,19.999
13.965,0.05,19.999
13.966,0.05,19.999
13.967,0.05,19.999
13.968,0.05,19.999
13.969,0.05,19.999
13.97,0.05,19.999
13.971,0.05,19.999
13.972,0.05,19.999
13.973,0.05,19.999
13.974,0.05,19.999
13.975,0.05,19.999
13.976,0.05,19.999
13.977,0.05,19.999
13.978,0.05,19.999
13.979,0.05,19.999
13.98,0.05,19.999
13.981,0.05,19.999
13.982,0.05,19.999
13.983,0.05,19.999
13.984,0.05,19.999
13.985,0.05,19.999
13.986,0.05,19.999
13.987,0.05,19.999
13.988,0.05,19.999
13.989,0.05,19.999
13.99,0.05,19.999
13.991,0.05,19.999
13.992,0.05,19.999
13.993,0.05,19.999
13.994,0.05,19.999
13.995,0.05,19.999
13.996,0.05,19.999
13.997,0.05,19.999
13.998,0.05,19.999
13.999,0.05,19.999
14,0.05,19.999
14.001,0.05,19.999
14.002,0.05,19.999
14.003,0.05,19.999
14.004,0.05,19.999
14.005,0.05,19.999
14.006,0.05,19.999
14.007,0.05,19.999
14.008,0.05,19.999
14.009,0.05,19.999
14.01,0.05,19.999
14.011,0.05,19.999
14.012,0.05,19.999
14.013,0.05,19.999
14.014,0.05,19.999
14.015,0.05,19.999
14.016,0.05,19.999
14.017,0.05,19.999
14.018,0.05,19.999
14.019,0.05,19.999
14.02,0.05,19.999
14.021,0.05,19.999
14.022,0.05,19.999
14.023,0.05,19.999
14.024,0.05,19.999
14.025,0.05,19.999
14.026,0.05,19.999
14.027,0.05,19.999
14.028,0.05,19.999
14.029,0.05,19.999
14.03,0.05,19.999
14.031,0.05,19.999
14.032,0.05,19.999
14.033,0.05,19.999
14.034,0.05,19.999
14.035,0.05,19.999
14.036,0.05,19.999
14.037,0.05,19.999
14.038,0.05,19.999
14.039,0.05,19.999
14.04,0.05,19.999
14.041,0.05,19.999
14.042,0.05,19.999
14.043,0.05,19.999
14.044,0.05,19.999
14.045,0.05,19.999
14.046,0.05,19.999
14.047,0.05,19.999
14.048,0.05,19.999
14.049,0.05,19.999
14.05,0.05,19.999
14.051,0.05,19.999
14.052,0.05,19.999
14.053,0.05,19.999
14.054,0.05,19.999
14.055,0.05,19.999
14.056,0.05,19.999
14.057,0.05,19.999
14.058,0.05,19.999
14.059,0.05,19.999
14.06,0.05,19.999
14.061,0.05,19.999
14.062,0.05,19.999
14.063,0.05,19.999
14.064,0.05,19.999
14.065,0.05,19.999
14.066,0.05,19.999
14.067,0.05,19.999
14.068,0.05,19.999
14.069,0.05,19.999
14.07,0.05,19.999
14.071,0.05,19.999
14.072,0.05,19.999
14.073,0.05,19.999
14.074,0.05,19.999
14.075,0.05,19.999
14.076,0.05,19.999
14.077,0.05,19.999
14.078,0.05,19.999
14.079,0.05,19.999
14.08,0.05,19.999
14.081,0.05,19.999
14.082,0.05,19.999
14.083,0.05,19.999
14.084,0.05,19.999
14.085,0.05,19.999
14.086,0.05,19.999
14.087,0.05,19.999
14.088,0.05,19.999
14.089,0.05,19.999
14.09,0.05,19.999
14.091,0.05,19.999
14.092,0.05,19.999
14.093,0.05,19.999
14.094,0.05,19.999
14.095,0.05,19.999
14.096,0.05,19.999
14.097,0.05,19.999
14.098,0.05,19.999
14.099,0.05,19.999
14.1,0.05,19.999
14.101,0.05,19.999
14.102,0.05,19.999
14.103,0.05,19.999
14.104,0.05,19.999
14.105,0.05,19.999
14.106,0.05,19.999
14.107,0.05,19.999
14.108,0.05,19.999
14.109,0.05,19.999
14.11,0.05,19.999
14.111,0.05,19.999
14.112,0.05,19.999
14.113,0.05,19.999
14.114,0.05,19.999
14.115,0.05,19.999
14.116,0.05,19.999
14.117,0.05,19.999
14.118,0.05,19.999
14.119,0.05,19.999
14.12,0.05,19.999
14.121,0.05,19.999
14.122,0.05,19.999
14.123,0.05,19.999
14.124,0.05,19.999
14.125,0.05,19.999
14.126,0.05,19.999
14.127,0.05,19.999
14.128,0.05,19.999
14.129,0.05,19.999
14.13,0.05,19.999
14.131,0.05,19.999
14.132,0.05,19.999
14.133,0.05,19.999
14.134,0.05,19.999
14.135,0.05,19.999
14.136,0.05,19.999
14.137,0.05,19.999
14.138,0.05,19.999
14.139,0.05,19.999
14.14,0.05,19.999
14.141,0.05,19.999
14.142,0.05,19.999
14.143,0.05,19.999
14.144,0.05,19.999
14.145,0.05,19.999
14.146,0.05,19.999
14.147,0.05,19.999
14.148,0.05,19.999
14.149,0.05,19.999
14.15,0.05,19.999
14.151,0.05,19.999
14.152,0.05,19.999
14.153,0.05,19.999
14.154,0.05,19.999
14.155,0.05,19.999
14.156,0.05,19.999
14.157,0.05,19.999
14.158,0.05,19.999
14.159,0.05,19.999
14.16,0.05,19.999
14.161,0.05,19.999
14.162,0.05,19.999
14.163,0.05,19.999
14.164,0.05,19.999
14.165,0.05,19.999
14.166,0.05,19.999
14.167,0.05,19.999
14.168,0.05,19.999
14.169,0.05,19.999
14.17,0.05,19.999
14.171,0.05,19.999
14.172,0.05,19.999
14.173,0.05,19.999
14.174,0.05,19.999
14.175,0.05,19.999
14.176,0.05,19.999
14.177,0.05,19.999
14.178,0.05,19.999
14.179,0.05,19.999
14.18,0.05,19.999
14.181,0.05,19.999
14.182,0.05,19.999
14.183,0.05,19.999
14.184,0.05,19.999
14.185,0.05,19.999
14.186,0.05,19.999
14.187,0.05,19.999
14.188,0.05,19.999
14.189,0.05,19.999
14.19,0.05,19.999
14.191,0.05,19.999
14.192,0.05,19.999
14.193,0.05,19.999
14.194,0.05,19.999
14.195,0.05,19.999
14.196,0.05,19.999
14.197,0.05,19.999
14.198,0.05,19.999
14.199,0.05,19.999
14.2,0.05,19.999
14.201,0.05,19.999
14.202,0.05,19.999
14.203,0.05,19.999
14.204,0.05,19.999
14.205,0.05,19.999
14.206,0.05,19.999
14.207,0.05,19.999
14.208,0.05,19.999
14.209,0.05,19.999
14.21,0.05,19.999
14.211,0.05,19.999
14.212,0.05,19.999
14.213,0.05,19.999
14.214,0.05,19.999
14.215,0.05,19.999
14.216,0.05,19.999
14.217,0.05,19.999
14.218,0.05,19.999
14.219,0.05,19.999
14.22,0.05,19.999
14.221,0.05,19.999
14.222,0.05,19.999
14.223,0.05,19.999
14.224,0.05,19.999
14.225,0.05,19.999
14.226,0.05,19.999
14.227,0.05,19.999
14.228,0.05,19.999
14.229,0.05,19.999
14.23,0.05,19.999
14.231,0.05,19.999
14.232,0.05,19.999
14.233,0.05,19.999
14.234,0.05,19.999
14.235,0.05,19.999
14.236,0.05,19.999
14.237,0.05,19.999
14.238,0.05,19.999
14.239,0.05,19.999
14.24,0.05,19.999
14.241,0.05,19.999
14.242,0.05,19.999
14.243,0.05,19.999
14.244,0.05,19.999
14.245,0.05,19.999
14.246,0.05,19.999
14.247,0.05,19.999
14.248,0.05,19.999
14.249,0.05,19.999
14.25,0.05,19.999
14.251,0.05,19.999
14.252,0.05,19.999
14.253,0.05,19.999
14.254,0.05,19.999
14.255,0.05,19.999
14.256,0.05,19.999
14.257,0.05,19.999
14.258,0.05,19.999
14.259,0.05,19.999
14.26,0.05,19.999
14.261,0.05,19.999
14.262,0.05,19.999
14.263,0.05,19.999
14.264,0.05,19.999
14.265,0.05,19.999
14.266,0.05,19.999
14.267,0.05,19.999
14.268,0.05,19.999
14.269,0.05,19.999
14.27,0.05,19.999
14.271,0.05,19.999
14.272,0.05,19.999
14.273,0.05,19.999
14.274,0.05,19.999
14.275,0.05,19.999
14.276,0.05,19.999
14.277,0.05,19.999
14.278,0.05,19.999
14.279,0.05,19.999
14.28,0.05,19.999
14.281,0.05,19.999
14.282,0.05,19.999
14.283,0.05,19.999
14.284,0.05,19.999
14.285,0.05,19.999
14.286,0.05,19.999
14.287,0.05,19.999
14.288,0.05,19.999
14.289,0.05,19.999
14.29,0.05,19.999
14.291,0.05,19.999
14.292,0.05,19.999
14.293,0.05,19.999
14.294,0.05,19.999
14.295,0.05,19.999
14.296,0.05,19.999
14.297,0.05,19.999
14.298,0.05,19.999
14.299,0.05,19.999
14.3,0.05,19.999
14.301,0.05,19.999
14.302,0.05,19.999
14.303,0.05,19.999
14.304,0.05,19.999
14.305,0.05,19.999
14.306,0.05,19.999
14.307,0.05,19.999
14.308,0.05,19.999
14.309,0.05,19.999
14.31,0.05,19.999
14.311,0.05,19.999
14.312,0.05,19.999
14.313,0.05,19.999
14.314,0.05,19.999
14.315,0.05,19.999
14.316,0.05,19.999
14.317,0.05,19.999
14.318,0.05,19.999
14.319,0.05,19.999
14.32,0.05,19.999
14.321,0.05,19.999
14.322,0.05,19.999
14.323,0.05,19.999
14.324,0.05,19.999
14.325,0.05,19.999
14.326,0.05,19.999
14.327,0.05,19.999
14.328,0.05,19.999
14.329,0.05,19.999
14.33,0.05,19.999
14.331,0.05,19.999
14.332,0.05,19.999
14.333,0.05,19.999
14.334,0.05,19.999
14.335,0.05,19.999
14.336,0.05,19.999
14.337,0.05,19.999
14.338,0.05,19.999
14.339,0.05,19.999
14.34,0.05,19.999
14.341,0.05,19.999
14.342,0.05,19.999
14.343,0.05,19.999
14.344,0.05,19.999
14.345,0.05,19.999
14.346,0.05,19.999
14.347,0.05,19.999
14.348,0.05,19.999
14.349,0.05,19.999
14.35,0.05,19.999
14.351,0.05,19.999
14.352,0.05,19.999
14.353,0.05,19.999
14.354,0.05,19.999
14.355,0.05,19.999
14.356,0.05,19.999
14.357,0.05,19.999
14.358,0.05,19.999
14.359,0.05,19.999
14.36,0.05,19.999
14.361,0.05,19.999
14.362,0.05,19.999
14.363,0.05,19.999
14.364,0.05,19.999
14.365,0.05,19.999
14.366,0.05,19.999
14.367,0.05,19.999
14.368,0.05,19.999
14.369,0.05,19.999
14.37,0.05,19.999
14.371,0.05,19.999
14.372,0.05,19.999
14.373,0.05,19.999
14.374,0.05,19.999
14.375,0.05,19.999
14.376,0.05,19.999
14.377,0.05,19.999
14.378,0.05,19.999
14.379,0.05,19.999
14.38,0.05,19.999
14.381,0.05,19.999
14.382,0.05,19.999
14.383,0.05,19.999
14.384,0.05,19.999
14.385,0.05,19.999
14.386,0.05,19.999
14.387,0.05,19.999
14.388,0.05,19.999
14.389,0.05,19.999
14.39,0.05,19.999
14.391,0.05,19.999
14.392,0.05,19.999
14.393,0.05,19.999
14.394,0.05,19.999
14.395,0.05,19.999
14.396,0.05,19.999
14.397,0.05,19.999
14.398,0.05,19.999
14.399,0.05,19.999
14.4,0.05,19.999
14.401,0.05,19.999
14.402,0.05,19.999
14.403,0.05,19.999
14.404,0.05,19.999
14.405,0.05,19.999
14.406,0.05,19.999
14.407,0.05,19.999
14.408,0.05,19.999
14.409,0.05,19.999
14.41,0.05,19.999
14.411,0.05,19.999
14.412,0.05,19.999
14.413,0.05,19.999
14.414,0.05,19.999
14.415,0.05,19.999
14.416,0.05,19.999
14.417,0.05,19.999
14.418,0.05,19.999
14.419,0.05,19.999
14.42,0.05,19.999
14.421,0.05,19.999
14.422,0.05,19.999
14.423,0.05,19.999
14.424,0.05,19.999
14.425,0.05,19.999
14.426,0.05,19.999
14.427,0.05,19.999
14.428,0.05,19.999
14.429,0.05,19.999
14.43,0.05,19.999
14.431,0.05,19.999
14.432,0.05,19.999
14.433,0.05,19.999
14.434,0.05,19.999
14.435,0.05,19.999
14.436,0.05,19.999
14.437,0.05,19.999
14.438,0.05,19.999
14.439,0.05,19.999
14.44,0.05,19.999
14.441,0.05,19.999
14.442,0.05,19.999
14.443,0.05,19.999
14.444,0.05,19.999
14.445,0.05,19.999
14.446,0.05,19.999
14.447,0.05,19.999
14.448,0.05,19.999
14.449,0.05,19.999
14.45,0.05,19.999
14.451,0.05,19.999
14.452,0.05,19.999
14.453,0.05,19.999
14.454,0.05,19.999
14.455,0.05,19.999
14.456,0.05,19.999
14.457,0.05,19.999
14.458,0.05,19.999
14.459,0.05,19.999
14.46,0.05,19.999
14.461,0.05,19.999
14.462,0.05,19.999
14.463,0.05,19.999
14.464,0.05,19.999
14.465,0.05,19.999
14.466,0.05,19.999
14.467,0.05,19.999
14.468,0.05,19.999
14.469,0.05,19.999
14.47,0.05,19.999
14.471,0.05,19.999
14.472,0.05,19.999
14.473,0.05,19.999
14.474,0.05,19.999
14.475,0.05,19.999
14.476,0.05,19.999
14.477,0.05,19.999
14.478,0.05,19.999
14.479,0.05,19.999
14.48,0.05,19.999
14.481,0.05,19.999
14.482,0.05,19.999
14.483,0.05,19.999
14.484,0.05,19.999
14.485,0.05,19.999
14.486,0.05,19.999
14.487,0.05,19.999
14.488,0.05,19.999
14.489,0.05,19.999
14.49,0.05,19.999
14.491,0.05,19.999
14.492,0.05,19.999
14.493,0.05,19.999
14.494,0.05,19.999
14.495,0.05,19.999
14.496,0.05,19.999
14.497,0.05,19.999
14.498,0.05,19.999
14.499,0.05,19.999
14.5,0.05,19.999
14.501,0.05,19.999
14.502,0.05,19.999
14.503,0.05,19.999
14.504,0.05,19.999
14.505,0.05,19.999
14.506,0.05,19.999
14.507,0.05,19.999
14.508,0.05,19.999
14.509,0.05,19.999
14.51,0.05,19.999
14.511,0.05,19.999
14.512,0.05,19.999
14.513,0.05,19.999
14.514,0.05,19.999
14.515,0.05,19.999
14.516,0.05,19.999
14.517,0.05,19.999
14.518,0.05,19.999
14.519,0.05,19.999
14.52,0.05,19.999
14.521,0.05,19.999
14.522,0.05,19.999
14.523,0.05,19.999
14.524,0.05,19.999
14.525,0.05,19.999
14.526,0.05,19.999
14.527,0.05,19.999
14.528,0.05,19.999
14.529,0.05,19.999
14.53,0.05,19.999
14.531,0.05,19.999
14.532,0.05,19.999
14.533,0.05,19.999
14.534,0.05,19.999
14.535,0.05,19.999
14.536,0.05,19.999
14.537,0.05,19.999
14.538,0.05,19.999
14.539,0.05,19.999
14.54,0.05,19.999
14.541,0.05,19.999
14.542,0.05,19.999
14.543,0.05,19.999
14.544,0.05,19.999
14.545,0.05,19.999
14.546,0.05,19.999
14.547,0.05,19.999
14.548,0.05,19.999
14.549,0.05,19.999
14.55,0.05,19.999
14.551,0.05,19.999
14.552,0.05,19.999
14.553,0.05,19.999
14.554,0.05,19.999
14.555,0.05,19.999
14.556,0.05,19.999
14.557,0.05,19.999
14.558,0.05,19.999
14.559,0.05,19.999
14.56,0.05,19.999
14.561,0.05,19.999
14.562,0.05,19.999
14.563,0.05,19.999
14.564,0.05,19.999
14.565,0.05,19.999
14.566,0.05,19.999
14.567,0.05,19.999
14.568,0.05,19.999
14.569,0.05,19.999
14.57,0.05,19.999
14.571,0.05,19.999
14.572,0.05,19.999
14.573,0.05,19.999
14.574,0.05,19.999
14.575,0.05,19.999
14.576,0.05,19.999
14.577,0.05,19.999
14.578,0.05,19.999
14.579,0.05,19.999
14.58,0.05,19.999
14.581,0.05,19.999
14.582,0.05,19.999
14.583,0.05,19.999
14.584,0.05,19.999
14.585,0.05,19.999
14.586,0.05,19.999
14.587,0.05,19.999
14.588,0.05,19.999
14.589,0.05,19.999
14.59,0.05,19.999
14.591,0.05,19.999
14.592,0.05,19.999
14.593,0.05,19.999
14.594,0.05,19.999
14.595,0.05,19.999
14.596,0.05,19.999
14.597,0.05,19.999
14.598,0.05,19.999
14.599,0.05,19.999
14.6,0.05,19.999
14.601,0.05,19.999
14.602,0.05,19.999
14.603,0.05,19.999
14.604,0.05,19.999
14.605,0.05,19.999
14.606,0.05,19.999
14.607,0.05,19.999
14.608,0.05,19.999
14.609,0.05,19.999
14.61,0.05,19.999
14.611,0.05,19.999
14.612,0.05,19.999
14.613,0.05,19.999
14.614,0.05,19.999
14.615,0.05,19.999
14.616,0.05,19.999
14.617,0.05,19.999
14.618,0.05,19.999
14.619,0.05,19.999
14.62,0.05,19.999
14.621,0.05,19.999
14.622,0.05,19.999
14.623,0.05,19.999
14.624,0.05,19.999
14.625,0.05,19.999
14.626,0.05,19.999
14.627,0.05,19.999
14.628,0.05,19.999
14.629,0.05,19.999
14.63,0.05,19.999
14.631,0.05,19.999
14.632,0.05,19.999
14.633,0.05,19.999
14.634,0.05,19.999
14.635,0.05,19.999
14.636,0.05,19.999
14.637,0.05,19.999
14.638,0.05,19.999
14.639,0.05,19.999
14.64,0.05,19.999
14.641,0.05,19.999
14.642,0.05,19.999
14.643,0.05,19.999
14.644,0.05,19.999
14.645,0.05,19.999
14.646,0.05,19.999
14.647,0.05,19.999
14.648,0.05,19.999
14.649,0.05,19.999
14.65,0.05,19.999
14.651,0.05,19.999
14.652,0.05,19.999
14.653,0.05,19.999
14.654,0.05,19.999
14.655,0.05,19.999
14.656,0.05,19.999
14.657,0.05,19.999
14.658,0.05,19.999
14.659,0.05,19.999
14.66,0.05,19.999
14.661,0.05,19.999
14.662,0.05,19.999
14.663,0.05,19.999
14.664,0.05,19.999
14.665,0.05,19.999
14.666,0.05,19.999
14.667,0.05,19.999
14.668,0.05,19.999
14.669,0.05,19.999
14.67,0.05,19.999
14.671,0.05,19.999
14.672,0.05,19.999
14.673,0.05,19.999
14.674,0.05,19.999
14.675,0.05,19.999
14.676,0.05,19.999
14.677,0.05,19.999
14.678,0.05,19.999
14.679,0.05,19.999
14.68,0.05,19.999
14.681,0.05,19.999
14.682,0.05,19.999
14.683,0.05,19.999
14.684,0.05,19.999
14.685,0.05,19.999
14.686,0.05,19.999
14.687,0.05,19.999
14.688,0.05,19.999
14.689,0.05,19.999
14.69,0.05,19.999
14.691,0.05,19.999
14.692,0.05,19.999
14.693,0.05,19.999
14.694,0.05,19.999
14.695,0.05,19.999
14.696,0.05,19.999
14.697,0.05,19.999
14.698,0.05,19.999
14.699,0.05,19.999
14.7,0.05,19.999
14.701,0.05,19.999
14.702,0.05,19.999
14.703,0.05,19.999
14.704,0.05,19.999
14.705,0.05,19.999
14.706,0.05,19.999
14.707,0.05,19.999
14.708,0.05,19.999
14.709,0.05,19.999
14.71,0.05,19.999
14.711,0.05,19.999
14.712,0.05,19.999
14.713,0.05,19.999
14.714,0.05,19.999
14.715,0.05,19.999
14.716,0.05,19.999
14.717,0.05,19.999
14.718,0.05,19.999
14.719,0.05,19.999
14.72,0.05,19.999
14.721,0.05,19.999
14.722,0.05,19.999
14.723,0.05,19.999
14.724,0.05,19.999
14.725,0.05,19.999
14.726,0.05,19.999
14.727,0.05,19.999
14.728,0.05,19.999
14.729,0.05,19.999
14.73,0.05,19.999
14.731,0.05,19.999
14.732,0.05,19.999
14.733,0.05,19.999
14.734,0.05,19.999
14.735,0.05,19.999
14.736,0.05,19.999
14.737,0.05,19.999
14.738,0.05,19.999
14.739,0.05,19.999
14.74,0.05,19.999
14.741,0.05,19.999
14.742,0.05,19.999
14.743,0.05,19.999
14.744,0.05,19.999
14.745,0.05,19.999
14.746,0.05,19.999
14.747,0.05,19.999
14.748,0.05,19.999
14.749,0.05,19.999
14.75,0.05,19.999
14.751,0.05,19.999
14.752,0.05,19.999
14.753,0.05,19.999
14.754,0.05,19.999
14.755,0.05,19.999
14.756,0.05,19.999
14.757,0.05,19.999
14.758,0.05,19.999
14.759,0.05,19.999
14.76,0.05,19.999
14.761,0.05,19.999
14.762,0.05,19.999
14.763,0.05,19.999
14.764,0.05,19.999
14.765,0.05,19.999
14.766,0.05,19.999
14.767,0.05,19.999
14.768,0.05,19.999
14.769,0.05,19.999
14.77,0.05,19.999
14.771,0.05,19.999
14.772,0.05,19.999
14.773,0.05,19.999
14.774,0.05,19.999
14.775,0.05,19.999
14.776,0.05,19.999
14.777,0.05,19.999
14.778,0.05,19.999
14.779,0.05,19.999
14.78,0.05,19.999
14.781,0.05,19.999
14.782,0.05,19.999
14.783,0.05,19.999
14.784,0.05,19.999
14.785,0.05,19.999
14.786,0.05,19.999
14.787,0.05,19.999
14.788,0.05,19.999
14.789,0.05,19.999
14.79,0.05,19.999
14.791,0.05,19.999
14.792,0.05,19.999
14.793,0.05,19.999
14.794,0.05,19.999
14.795,0.05,19.999
14.796,0.05,19.999
14.797,0.05,19.999
14.798,0.05,19.999
14.799,0.05,19.999
14.8,0.05,19.999
14.801,0.05,19.999
14.802,0.05,19.999
14.803,0.05,19.999
14.804,0.05,19.999
14.805,0.05,19.999
14.806,0.05,19.999
14.807,0.05,19.999
14.808,0.05,19.999
14.809,0.05,19.999
14.81,0.05,19.999
14.811,0.05,19.999
14.812,0.05,19.999
14.813,0.05,19.999
14.814,0.05,19.999
14.815,0.05,19.999
14.816,0.05,19.999
14.817,0.05,19.999
14.818,0.05,19.999
14.819,0.05,19.999
14.82,0.05,19.999
14.821,0.05,19.999
14.822,0.05,19.999
14.823,0.05,19.999
14.824,0.05,19.999
14.825,0.05,19.999
14.826,0.05,19.999
14.827,0.05,19.999
14.828,0.05,19.999
14.829,0.05,19.999
14.83,0.05,19.999
14.831,0.05,19.999
14.832,0.05,19.999
14.833,0.05,19.999
14.834,0.05,19.999
14.835,0.05,19.999
14.836,0.05,19.999
14.837,0.05,19.999
14.838,0.05,19.999
14.839,0.05,19.999
14.84,0.05,19.999
14.841,0.05,19.999
14.842,0.05,19.999
14.843,0.05,19.999
14.844,0.05,19.999
14.845,0.05,19.999
14.846,0.05,19.999
14.847,0.05,19.999
14.848,0.05,19.999
14.849,0.05,19.999
14.85,0.05,19.999
14.851,0.05,19.999
14.852,0.05,19.999
14.853,0.05,19.999
14.854,0.05,19.999
14.855,0.05,19.999
14.856,0.05,19.999
14.857,0.05,19.999
14.858,0.05,19.999
14.859,0.05,19.999
14.86,0.05,19.999
14.861,0.05,19.999
14.862,0.05,19.999
14.863,0.05,19.999
14.864,0.05,19.999
14.865,0.05,19.999
14.866,0.05,19.999
14.867,0.05,19.999
14.868,0.05,19.999
14.869,0.05,19.999
14.87,0.05,19.999
14.871,0.05,19.999
14.872,0.05,19.999
14.873,0.05,19.999
14.874,0.05,19.999
14.875,0.05,19.999
14.876,0.05,19.999
14.877,0.05,19.999
14.878,0.05,19.999
14.879,0.05,19.999
14.88,0.05,19.999
14.881,0.05,19.999
14.882,0.05,19.999
14.883,0.05,19.999
14.884,0.05,19.999
14.885,0.05,19.999
14.886,0.05,19.999
14.887,0.05,19.999
14.888,0.05,19.999
14.889,0.05,19.999
14.89,0.05,19.999
14.891,0.05,19.999
14.892,0.05,19.999
14.893,0.05,19.999
14.894,0.05,19.999
14.895,0.05,19.999
14.896,0.05,19.999
14.897,0.05,19.999
14.898,0.05,19.999
14.899,0.05,19.999
14.9,0.05,19.999
14.901,0.05,19.999
14.902,0.05,19.999
14.903,0.05,19.999
14.904,0.05,19.999
14.905,0.05,19.999
14.906,0.05,19.999
14.907,0.05,19.999
14.908,0.05,19.999
14.909,0.05,19.999
14.91,0.05,19.999
14.911,0.05,19.999
14.912,0.05,19.999
14.913,0.05,19.999
14.914,0.05,19.999
14.915,0.05,19.999
14.916,0.05,19.999
14.917,0.05,19.999
14.918,0.05,19.999
14.919,0.05,19.999
14.92,0.05,19.999
14.921,0.05,19.999
14.922,0.05,19.999
14.923,0.05,19.999
14.924,0.05,19.999
14.925,0.05,19.999
14.926,0.05,19.999
14.927,0.05,19.999
14.928,0.05,19.999
14.929,0.05,19.999
14.93,0.05,19.999
14.931,0.05,19.999
14.932,0.05,19.999
14.933,0.05,19.999
14.934,0.05,19.999
14.935,0.05,19.999
14.936,0.05,19.999
14.937,0.05,19.999
14.938,0.05,19.999
14.939,0.05,19.999
14.94,0.05,19.999
14.941,0.05,19.999
14.942,0.05,19.999
14.943,0.05,19.999
14.944,0.05,19.999
14.945,0.05,19.999
14.946,0.05,19.999
14.947,0.05,19.999
14.948,0.05,19.999
14.949,0.05,19.999
14.95,0.05,19.999
14.951,0.05,19.999
14.952,0.05,19.999
14.953,0.05,19.999
14.954,0.05,19.999
14.955,0.05,19.999
14.956,0.05,19.999
14.957,0.05,19.999
14.958,0.05,19.999
14.959,0.05,19.999
14.96,0.05,19.999
14.961,0.05,19.999
14.962,0.05,19.999
14.963,0.05,19.999
14.964,0.05,19.999
14.965,0.05,19.999
14.966,0.05,19.999
14.967,0.05,19.999
14.968,0.05,19.999
14.969,0.05,19.999
14.97,0.05,19.999
14.971,0.05,19.999
14.972,0.05,19.999
14.973,0.05,19.999
14.974,0.05,19.999
14.975,0.05,19.999
14.976,0.05,19.999
14.977,0.05,19.999
14.978,0.05,19.999
14.979,0.05,19.999
14.98,0.05,19.999
14.981,0.05,19.999
14.982,0.05,19.999
14.983,0.05,19.999
14.984,0.05,19.999
14.985,0.05,19.999
14.986,0.05,19.999
14.987,0.05,19.999
14.988,0.05,19.999
14.989,0.05,19.999
14.99,0.05,19.999
14.991,0.05,19.999
14.992,0.05,19.999
14.993,0.05,19.999
14.994,0.05,19.999
14.995,0.05,19.999
14.996,0.05,19.999
14.997,0.05,19.999
14.998,0.05,19.999
14.999,0.05,19.999
15,0.05,19.999
15.001,0.05,19.999
15.002,0.05,19.999
15.003,0.05,19.999
15.004,0.05,19.999
15.005,0.05,19.999
15.006,0.05,19.999
15.007,0.05,19.999
15.008,0.05,19.999
15.009,0.05,19.999
15.01,0.05,19.999
15.011,0.05,19.999
15.012,0.05,19.999
15.013,0.05,19.999
15.014,0.05,19.999
15.015,0.05,19.999
15.016,0.05,19.999
15.017,0.05,19.999
15.018,0.05,19.999
15.019,0.05,19.999
15.02,0.05,19.999
15.021,0.05,19.999
15.022,0.05,19.999
15.023,0.05,19.999
15.024,0.05,19.999
15.025,0.05,19.999
15.026,0.05,19.999
15.027,0.05,19.999
15.028,0.05,19.999
15.029,0.05,19.999
15.03,0.05,19.999
15.031,0.05,19.999
15.032,0.05,19.999
15.033,0.05,19.999
15.034,0.05,19.999
15.035,0.05,19.999
15.036,0.05,19.999
15.037,0.05,19.999
15.038,0.05,19.999
15.039,0.05,19.999
15.04,0.05,19.999
15.041,0.05,19.999
15.042,0.05,19.999
15.043,0.05,19.999
15.044,0.05,19.999
15.045,0.05,19.999
15.046,0.05,19.999
15.047,0.05,19.999
15.048,0.05,19.999
15.049,0.05,19.999
15.05,0.05,19.999
15.051,0.05,19.999
15.052,0.05,19.999
15.053,0.05,19.999
15.054,0.05,19.999
15.055,0.05,19.999
15.056,0.05,19.999
15.057,0.05,19.999
15.058,0.05,19.999
15.059,0.05,19.999
15.06,0.05,19.999
15.061,0.05,19.999
15.062,0.05,19.999
15.063,0.05,19.999
15.064,0.05,19.999
15.065,0.05,19.999
15.066,0.05,19.999
15.067,0.05,19.999
15.068,0.05,19.999
15.069,0.05,19.999
15.07,0.05,19.999
15.071,0.05,19.999
15.072,0.05,19.999
15.073,0.05,19.999
15.074,0.05,19.999
15.075,0.05,19.999
15.076,0.05,19.999
15.077,0.05,19.999
15.078,0.05,19.999
15.079,0.05,19.999
15.08,0.05,19.999
15.081,0.05,19.999
15.082,0.05,19.999
15.083,0.05,19.999
15.084,0.05,19.999
15.085,0.05,19.999
15.086,0.05,19.999
15.087,0.05,19.999
15.088,0.05,19.999
15.089,0.05,19.999
15.09,0.05,19.999
15.091,0.05,19.999
15.092,0.05,19.999
15.093,0.05,19.999
15.094,0.05,19.999
15.095,0.05,19.999
15.096,0.05,19.999
15.097,0.05,19.999
15.098,0.05,19.999
15.099,0.05,19.999
15.1,0.05,19.999
15.101,0.05,19.999
15.102,0.05,19.999
15.103,0.05,19.999
15.104,0.05,19.999
15.105,0.05,19.999
15.106,0.05,19.999
15.107,0.05,19.999
15.108,0.05,19.999
15.109,0.05,19.999
15.11,0.05,19.999
15.111,0.05,19.999
15.112,0.05,19.999
15.113,0.05,19.999
15.114,0.05,19.999
15.115,0.05,19.999
15.116,0.05,19.999
15.117,0.05,19.999
15.118,0.05,19.999
15.119,0.05,19.999
15.12,0.05,19.999
15.121,0.05,19.999
15.122,0.05,19.999
15.123,0.05,19.999
15.124,0.05,19.999
15.125,0.05,19.999
15.126,0.05,19.999
15.127,0.05,19.999
15.128,0.05,19.999
15.129,0.05,19.999
15.13,0.05,19.999
15.131,0.05,19.999
15.132,0.05,19.999
15.133,0.05,19.999
15.134,0.05,19.999
15.135,0.05,19.999
15.136,0.05,19.999
15.137,0.05,19.999
15.138,0.05,19.999
15.139,0.05,19.999
15.14,0.05,19.999
15.141,0.05,19.999
15.142,0.05,19.999
15.143,0.05,19.999
15.144,0.05,19.999
15.145,0.05,19.999
15.146,0.05,19.999
15.147,0.05,19.999
15.148,0.05,19.999
15.149,0.05,19.999
15.15,0.05,19.999
15.151,0.05,19.999
15.152,0.05,19.999
15.153,0.05,19.999
15.154,0.05,19.999
15.155,0.05,19.999
15.156,0.05,19.999
15.157,0.05,19.999
15.158,0.05,19.999
15.159,0.05,19.999
15.16,0.05,19.999
15.161,0.05,19.999
15.162,0.05,19.999
15.163,0.05,19.999
15.164,0.05,19.999
15.165,0.05,19.999
15.166,0.05,19.999
15.167,0.05,19.999
15.168,0.05,19.999
15.169,0.05,19.999
15.17,0.05,19.999
15.171,0.05,19.999
15.172,0.05,19.999
15.173,0.05,19.999
15.174,0.05,19.999
15.175,0.05,19.999
15.176,0.05,19.999
15.177,0.05,19.999
15.178,0.05,19.999
15.179,0.05,19.999
15.18,0.05,19.999
15.181,0.05,19.999
15.182,0.05,19.999
15.183,0.05,19.999
15.184,0.05,19.999
15.185,0.05,19.999
15.186,0.05,19.999
15.187,0.05,19.999
15.188,0.05,19.999
15.189,0.05,19.999
15.19,0.05,19.999
15.191,0.05,19.999
15.192,0.05,19.999
15.193,0.05,19.999
15.194,0.05,19.999
15.195,0.05,19.999
15.196,0.05,19.999
15.197,0.05,19.999
15.198,0.05,19.999
15.199,0.05,19.999
15.2,0.05,19.999
15.201,0.05,19.999
15.202,0.05,19.999
15.203,0.05,19.999
15.204,0.05,19.999
15.205,0.05,19.999
15.206,0.05,19.999
15.207,0.05,19.999
15.208,0.05,19.999
15.209,0.05,19.999
15.21,0.05,19.999
15.211,0.05,19.999
15.212,0.05,19.999
15.213,0.05,19.999
15.214,0.05,19.999
15.215,0.05,19.999
15.216,0.05,19.999
15.217,0.05,19.999
15.218,0.05,19.999
15.219,0.05,19.999
15.22,0.05,19.999
15.221,0.05,19.999
15.222,0.05,19.999
15.223,0.05,19.999
15.224,0.05,19.999
15.225,0.05,19.999
15.226,0.05,19.999
15.227,0.05,19.999
15.228,0.05,19.999
15.229,0.05,19.999
15.23,0.05,19.999
15.231,0.05,19.999
15.232,0.05,19.999
15.233,0.05,19.999
15.234,0.05,19.999
15.235,0.05,19.999
15.236,0.05,19.999
15.237,0.05,19.999
15.238,0.05,19.999
15.239,0.05,19.999
15.24,0.05,19.999
15.241,0.05,19.999
15.242,0.05,19.999
15.243,0.05,19.999
15.244,0.05,19.999
15.245,0.05,19.999
15.246,0.05,19.999
15.247,0.05,19.999
15.248,0.05,19.999
15.249,0.05,19.999
15.25,0.05,19.999
15.251,0.05,19.999
15.252,0.05,19.999
15.253,0.05,19.999
15.254,0.05,19.999
15.255,0.05,19.999
15.256,0.05,19.999
15.257,0.05,19.999
15.258,0.05,19.999
15.259,0.05,19.999
15.26,0.05,19.999
15.261,0.05,19.999
15.262,0.05,19.999
15.263,0.05,19.999
15.264,0.05,19.999
15.265,0.05,19.999
15.266,0.05,19.999
15.267,0.05,19.999
15.268,0.05,19.999
15.269,0.05,19.999
15.27,0.05,19.999
15.271,0.05,19.999
15.272,0.05,19.999
15.273,0.05,19.999
15.274,0.05,19.999
15.275,0.05,19.999
15.276,0.05,19.999
15.277,0.05,19.999
15.278,0.05,19.999
15.279,0.05,19.999
15.28,0.05,19.999
15.281,0.05,19.999
15.282,0.05,19.999
15.283,0.05,19.999
15.284,0.05,19.999
15.285,0.05,19.999
15.286,0.05,19.999
15.287,0.05,19.999
15.288,0.05,19.999
15.289,0.05,19.999
15.29,0.05,19.999
15.291,0.05,19.999
15.292,0.05,19.999
15.293,0.05,19.999
15.294,0.05,19.999
15.295,0.05,19.999
15.296,0.05,19.999
15.297,0.05,19.999
15.298,0.05,19.999
15.299,0.05,19.999
15.3,0.05,19.999
15.301,0.05,19.999
15.302,0.05,19.999
15.303,0.05,19.999
15.304,0.05,19.999
15.305,0.05,19.999
15.306,0.05,19.999
15.307,0.05,19.999
15.308,0.05,19.999
15.309,0.05,19.999
15.31,0.05,19.999
15.311,0.05,19.999
15.312,0.05,19.999
15.313,0.05,19.999
15.314,0.05,19.999
15.315,0.05,19.999
15.316,0.05,19.999
15.317,0.05,19.999
15.318,0.05,19.999
15.319,0.05,19.999
15.32,0.05,19.999
15.321,0.05,19.999
15.322,0.05,19.999
15.323,0.05,19.999
15.324,0.05,19.999
15.325,0.05,19.999
15.326,0.05,19.999
15.327,0.05,19.999
15.328,0.05,19.999
15.329,0.05,19.999
15.33,0.05,19.999
15.331,0.05,19.999
15.332,0.05,19.999
15.333,0.05,19.999
15.334,0.05,19.999
15.335,0.05,19.999
15.336,0.05,19.999
15.337,0.05,19.999
15.338,0.05,19.999
15.339,0.05,19.999
15.34,0.05,19.999
15.341,0.05,19.999
15.342,0.05,19.999
15.343,0.05,19.999
15.344,0.05,19.999
15.345,0.05,19.999
15.346,0.05,19.999
15.347,0.05,19.999
15.348,0.05,19.999
15.349,0.05,19.999
15.35,0.05,19.999
15.351,0.05,19.999
15.352,0.05,19.999
15.353,0.05,19.999
15.354,0.05,19.999
15.355,0.05,19.999
15.356,0.05,19.999
15.357,0.05,19.999
15.358,0.05,19.999
15.359,0.05,19.999
15.36,0.05,19.999
15.361,0.05,19.999
15.362,0.05,19.999
15.363,0.05,19.999
15.364,0.05,19.999
15.365,0.05,19.999
15.366,0.05,19.999
15.367,0.05,19.999
15.368,0.05,19.999
15.369,0.05,19.999
15.37,0.05,19.999
15.371,0.05,19.999
15.372,0.05,19.999
15.373,0.05,19.999
15.374,0.05,19.999
15.375,0.05,19.999
15.376,0.05,19.999
15.377,0.05,19.999
15.378,0.05,19.999
15.379,0.05,19.999
15.38,0.05,19.999
15.381,0.05,19.999
15.382,0.05,19.999
15.383,0.05,19.999
15.384,0.05,19.999
15.385,0.05,19.999
15.386,0.05,19.999
15.387,0.05,19.999
15.388,0.05,19.999
15.389,0.05,19.999
15.39,0.05,19.999
15.391,0.05,19.999
15.392,0.05,19.999
15.393,0.05,19.999
15.394,0.05,19.999
15.395,0.05,19.999
15.396,0.05,19.999
15.397,0.05,19.999
15.398,0.05,19.999
15.399,0.05,19.999
15.4,0.05,19.999
15.401,0.05,19.999
15.402,0.05,19.999
15.403,0.05,19.999
15.404,0.05,19.999
15.405,0.05,19.999
15.406,0.05,19.999
15.407,0.05,19.999
15.408,0.05,19.999
15.409,0.05,19.999
15.41,0.05,19.999
15.411,0.05,19.999
15.412,0.05,19.999
15.413,0.05,19.999
15.414,0.05,19.999
15.415,0.05,19.999
15.416,0.05,19.999
15.417,0.05,19.999
15.418,0.05,19.999
15.419,0.05,19.999
15.42,0.05,19.999
15.421,0.05,19.999
15.422,0.05,19.999
15.423,0.05,19.999
15.424,0.05,19.999
15.425,0.05,19.999
15.426,0.05,19.999
15.427,0.05,19.999
15.428,0.05,19.999
15.429,0.05,19.999
15.43,0.05,19.999
15.431,0.05,19.999
15.432,0.05,19.999
15.433,0.05,19.999
15.434,0.05,19.999
15.435,0.05,19.999
15.436,0.05,19.999
15.437,0.05,19.999
15.438,0.05,19.999
15.439,0.05,19.999
15.44,0.05,19.999
15.441,0.05,19.999
15.442,0.05,19.999
15.443,0.05,19.999
15.444,0.05,19.999
15.445,0.05,19.999
15.446,0.05,19.999
15.447,0.05,19.999
15.448,0.05,19.999
15.449,0.05,19.999
15.45,0.05,19.999
15.451,0.05,19.999
15.452,0.05,19.999
15.453,0.05,19.999
15.454,0.05,19.999
15.455,0.05,19.999
15.456,0.05,19.999
15.457,0.05,19.999
15.458,0.05,19.999
15.459,0.05,19.999
15.46,0.05,19.999
15.461,0.05,19.999
15.462,0.05,19.999
15.463,0.05,19.999
15.464,0.05,19.999
15.465,0.05,19.999
15.466,0.05,19.999
15.467,0.05,19.999
15.468,0.05,19.999
15.469,0.05,19.999
15.47,0.05,19.999
15.471,0.05,19.999
15.472,0.05,19.999
15.473,0.05,19.999
15.474,0.05,19.999
15.475,0.05,19.999
15.476,0.05,19.999
15.477,0.05,19.999
15.478,0.05,19.999
15.479,0.05,19.999
15.48,0.05,19.999
15.481,0.05,19.999
15.482,0.05,19.999
15.483,0.05,19.999
15.484,0.05,19.999
15.485,0.05,19.999
15.486,0.05,19.999
15.487,0.05,19.999
15.488,0.05,19.999
15.489,0.05,19.999
15.49,0.05,19.999
15.491,0.05,19.999
15.492,0.05,19.999
15.493,0.05,19.999
15.494,0.05,19.999
15.495,0.05,19.999
15.496,0.05,19.999
15.497,0.05,19.999
15.498,0.05,19.999
15.499,0.05,19.999
15.5,0.05,19.999
15.501,0.05,19.999
15.502,0.05,19.999
15.503,0.05,19.999
15.504,0.05,19.999
15.505,0.05,19.999
15.506,0.05,19.999
15.507,0.05,19.999
15.508,0.05,19.999
15.509,0.05,19.999
15.51,0.05,19.999
15.511,0.05,19.999
15.512,0.05,19.999
15.513,0.05,19.999
15.514,0.05,19.999
15.515,0.05,19.999
15.516,0.05,19.999
15.517,0.05,19.999
15.518,0.05,19.999
15.519,0.05,19.999
15.52,0.05,19.999
15.521,0.05,19.999
15.522,0.05,19.999
15.523,0.05,19.999
15.524,0.05,19.999
15.525,0.05,19.999
15.526,0.05,19.999
15.527,0.05,19.999
15.528,0.05,19.999
15.529,0.05,19.999
15.53,0.05,19.999
15.531,0.05,19.999
15.532,0.05,19.999
15.533,0.05,19.999
15.534,0.05,19.999
15.535,0.05,19.999
15.536,0.05,19.999
15.537,0.05,19.999
15.538,0.05,19.999
15.539,0.05,19.999
15.54,0.05,19.999
15.541,0.05,19.999
15.542,0.05,19.999
15.543,0.05,19.999
15.544,0.05,19.999
15.545,0.05,19.999
15.546,0.05,19.999
15.547,0.05,19.999
15.548,0.05,19.999
15.549,0.05,19.999
15.55,0.05,19.999
15.551,0.05,19.999
15.552,0.05,19.999
15.553,0.05,19.999
15.554,0.05,19.999
15.555,0.05,19.999
15.556,0.05,19.999
15.557,0.05,19.999
15.558,0.05,19.999
15.559,0.05,19.999
15.56,0.05,19.999
15.561,0.05,19.999
15.562,0.05,19.999
15.563,0.05,19.999
15.564,0.05,19.999
15.565,0.05,19.999
15.566,0.05,19.999
15.567,0.05,19.999
15.568,0.05,19.999
15.569,0.05,19.999
15.57,0.05,19.999
15.571,0.05,19.999
15.572,0.05,19.999
15.573,0.05,19.999
15.574,0.05,19.999
15.575,0.05,19.999
15.576,0.05,19.999
15.577,0.05,19.999
15.578,0.05,19.999
15.579,0.05,19.999
15.58,0.05,19.999
15.581,0.05,19.999
15.582,0.05,19.999
15.583,0.05,19.999
15.584,0.05,19.999
15.585,0.05,19.999
15.586,0.05,19.999
15.587,0.05,19.999
15.588,0.05,19.999
15.589,0.05,19.999
15.59,0.05,19.999
15.591,0.05,19.999
15.592,0.05,19.999
15.593,0.05,19.999
15.594,0.05,19.999
15.595,0.05,19.999
15.596,0.05,19.999
15.597,0.05,19.999
15.598,0.05,19.999
15.599,0.05,19.999
15.6,0.05,19.999
15.601,0.05,19.999
15.602,0.05,19.999
15.603,0.05,19.999
15.604,0.05,19.999
15.605,0.05,19.999
15.606,0.05,19.999
15.607,0.05,19.999
15.608,0.05,19.999
15.609,0.05,19.999
15.61,0.05,19.999
15.611,0.05,19.999
15.612,0.05,19.999
15.613,0.05,19.999
15.614,0.05,19.999
15.615,0.05,19.999
15.616,0.05,19.999
15.617,0.05,19.999
15.618,0.05,19.999
15.619,0.05,19.999
15.62,0.05,19.999
15.621,0.05,19.999
15.622,0.05,19.999
15.623,0.05,19.999
15.624,0.05,19.999
15.625,0.05,19.999
15.626,0.05,19.999
15.627,0.05,19.999
15.628,0.05,19.999
15.629,0.05,19.999
15.63,0.05,19.999
15.631,0.05,19.999
15.632,0.05,19.999
15.633,0.05,19.999
15.634,0.05,19.999
15.635,0.05,19.999
15.636,0.05,19.999
15.637,0.05,19.999
15.638,0.05,19.999
15.639,0.05,19.999
15.64,0.05,19.999
15.641,0.05,19.999
15.642,0.05,19.999
15.643,0.05,19.999
15.644,0.05,19.999
15.645,0.05,19.999
15.646,0.05,19.999
15.647,0.05,19.999
15.648,0.05,19.999
15.649,0.05,19.999
15.65,0.05,19.999
15.651,0.05,19.999
15.652,0.05,19.999
15.653,0.05,19.999
15.654,0.05,19.999
15.655,0.05,19.999
15.656,0.05,19.999
15.657,0.05,19.999
15.658,0.05,19.999
15.659,0.05,19.999
15.66,0.05,19.999
15.661,0.05,19.999
15.662,0.05,19.999
15.663,0.05,19.999
15.664,0.05,19.999
15.665,0.05,19.999
15.666,0.05,19.999
15.667,0.05,19.999
15.668,0.05,19.999
15.669,0.05,19.999
15.67,0.05,19.999
15.671,0.05,19.999
15.672,0.05,19.999
15.673,0.05,19.999
15.674,0.05,19.999
15.675,0.05,19.999
15.676,0.05,19.999
15.677,0.05,19.999
15.678,0.05,19.999
15.679,0.05,19.999
15.68,0.05,19.999
15.681,0.05,19.999
15.682,0.05,19.999
15.683,0.05,19.999
15.684,0.05,19.999
15.685,0.05,19.999
15.686,0.05,19.999
15.687,0.05,19.999
15.688,0.05,19.999
15.689,0.05,19.999
15.69,0.05,19.999
15.691,0.05,19.999
15.692,0.05,19.999
15.693,0.05,19.999
15.694,0.05,19.999
15.695,0.05,19.999
15.696,0.05,19.999
15.697,0.05,19.999
15.698,0.05,19.999
15.699,0.05,19.999
15.7,0.05,19.999
15.701,0.05,19.999
15.702,0.05,19.999
15.703,0.05,19.999
15.704,0.05,19.999
15.705,0.05,19.999
15.706,0.05,19.999
15.707,0.05,19.999
15.708,0.05,19.999
15.709,0.05,19.999
15.71,0.05,19.999
15.711,0.05,19.999
15.712,0.05,19.999
15.713,0.05,19.999
15.714,0.05,19.999
15.715,0.05,19.999
15.716,0.05,19.999
15.717,0.05,19.999
15.718,0.05,19.999
15.719,0.05,19.999
15.72,0.05,19.999
15.721,0.05,19.999
15.722,0.05,19.999
15.723,0.05,19.999
15.724,0.05,19.999
15.725,0.05,19.999
15.726,0.05,19.999
15.727,0.05,19.999
15.728,0.05,19.999
15.729,0.05,19.999
15.73,0.05,19.999
15.731,0.05,19.999
15.732,0.05,19.999
15.733,0.05,19.999
15.734,0.05,19.999
15.735,0.05,19.999
15.736,0.05,19.999
15.737,0.05,19.999
15.738,0.05,19.999
15.739,0.05,19.999
15.74,0.05,19.999
15.741,0.05,19.999
15.742,0.05,19.999
15.743,0.05,19.999
15.744,0.05,19.999
15.745,0.05,19.999
15.746,0.05,19.999
15.747,0.05,19.999
15.748,0.05,19.999
15.749,0.05,19.999
15.75,0.05,19.999
15.751,0.05,19.999
15.752,0.05,19.999
15.753,0.05,19.999
15.754,0.05,19.999
15.755,0.05,19.999
15.756,0.05,19.999
15.757,0.05,19.999
15.758,0.05,19.999
15.759,0.05,19.999
15.76,0.05,19.999
15.761,0.05,19.999
15.762,0.05,19.999
15.763,0.05,19.999
15.764,0.05,19.999
15.765,0.05,19.999
15.766,0.05,19.999
15.767,0.05,19.999
15.768,0.05,19.999
15.769,0.05,19.999
15.77,0.05,19.999
15.771,0.05,19.999
15.772,0.05,19.999
15.773,0.05,19.999
15.774,0.05,19.999
15.775,0.05,19.999
15.776,0.05,19.999
15.777,0.05,19.999
15.778,0.05,19.999
15.779,0.05,19.999
15.78,0.05,19.999
15.781,0.05,19.999
15.782,0.05,19.999
15.783,0.05,19.999
15.784,0.05,19.999
15.785,0.05,19.999
15.786,0.05,19.999
15.787,0.05,19.999
15.788,0.05,19.999
15.789,0.05,19.999
15.79,0.05,19.999
15.791,0.05,19.999
15.792,0.05,19.999
15.793,0.05,19.999
15.794,0.05,19.999
15.795,0.05,19.999
15.796,0.05,19.999
15.797,0.05,19.999
15.798,0.05,19.999
15.799,0.05,19.999
15.8,0.05,19.999
15.801,0.05,19.999
15.802,0.05,19.999
15.803,0.05,19.999
15.804,0.05,19.999
15.805,0.05,19.999
15.806,0.05,19.999
15.807,0.05,19.999
15.808,0.05,19.999
15.809,0.05,19.999
15.81,0.05,19.999
15.811,0.05,19.999
15.812,0.05,19.999
15.813,0.05,19.999
15.814,0.05,19.999
15.815,0.05,19.999
15.816,0.05,19.999
15.817,0.05,19.999
15.818,0.05,19.999
15.819,0.05,19.999
15.82,0.05,19.999
15.821,0.05,19.999
15.822,0.05,19.999
15.823,0.05,19.999
15.824,0.05,19.999
15.825,0.05,19.999
15.826,0.05,19.999
15.827,0.05,19.999
15.828,0.05,19.999
15.829,0.05,19.999
15.83,0.05,19.999
15.831,0.05,19.999
15.832,0.05,19.999
15.833,0.05,19.999
15.834,0.05,19.999
15.835,0.05,19.999
15.836,0.05,19.999
15.837,0.05,19.999
15.838,0.05,19.999
15.839,0.05,19.999
15.84,0.05,19.999
15.841,0.05,19.999
15.842,0.05,19.999
15.843,0.05,19.999
15.844,0.05,19.999
15.845,0.05,19.999
15.846,0.05,19.999
15.847,0.05,19.999
15.848,0.05,19.999
15.849,0.05,19.999
15.85,0.05,19.999
15.851,0.05,19.999
15.852,0.05,19.999
15.853,0.05,19.999
15.854,0.05,19.999
15.855,0.05,19.999
15.856,0.05,19.999
15.857,0.05,19.999
15.858,0.05,19.999
15.859,0.05,19.999
15.86,0.05,19.999
15.861,0.05,19.999
15.862,0.05,19.999
15.863,0.05,19.999
15.864,0.05,19.999
15.865,0.05,19.999
15.866,0.05,19.999
15.867,0.05,19.999
15.868,0.05,19.999
15.869,0.05,19.999
15.87,0.05,19.999
15.871,0.05,19.999
15.872,0.05,19.999
15.873,0.05,19.999
15.874,0.05,19.999
15.875,0.05,19.999
15.876,0.05,19.999
15.877,0.05,19.999
15.878,0.05,19.999
15.879,0.05,19.999
15.88,0.05,19.999
15.881,0.05,19.999
15.882,0.05,19.999
15.883,0.05,19.999
15.884,0.05,19.999
15.885,0.05,19.999
15.886,0.05,19.999
15.887,0.05,19.999
15.888,0.05,19.999
15.889,0.05,19.999
15.89,0.05,19.999
15.891,0.05,19.999
15.892,0.05,19.999
15.893,0.05,19.999
15.894,0.05,19.999
15.895,0.05,19.999
15.896,0.05,19.999
15.897,0.05,19.999
15.898,0.05,19.999
15.899,0.05,19.999
15.9,0.05,19.999
15.901,0.05,19.999
15.902,0.05,19.999
15.903,0.05,19.999
15.904,0.05,19.999
15.905,0.05,19.999
15.906,0.05,19.999
15.907,0.05,19.999
15.908,0.05,19.999
15.909,0.05,19.999
15.91,0.05,19.999
15.911,0.05,19.999
15.912,0.05,19.999
15.913,0.05,19.999
15.914,0.05,19.999
15.915,0.05,19.999
15.916,0.05,19.999
15.917,0.05,19.999
15.918,0.05,19.999
15.919,0.05,19.999
15.92,0.05,19.999
15.921,0.05,19.999
15.922,0.05,19.999
15.923,0.05,19.999
15.924,0.05,19.999
15.925,0.05,19.999
15.926,0.05,19.999
15.927,0.05,19.999
15.928,0.05,19.999
15.929,0.05,19.999
15.93,0.05,19.999
15.931,0.05,19.999
15.932,0.05,19.999
15.933,0.05,19.999
15.934,0.05,19.999
15.935,0.05,19.999
15.936,0.05,19.999
15.937,0.05,19.999
15.938,0.05,19.999
15.939,0.05,19.999
15.94,0.05,19.999
15.941,0.05,19.999
15.942,0.05,19.999
15.943,0.05,19.999
15.944,0.05,19.999
15.945,0.05,19.999
15.946,0.05,19.999
15.947,0.05,19.999
15.948,0.05,19.999
15.949,0.05,19.999
15.95,0.05,19.999
15.951,0.05,19.999
15.952,0.05,19.999
15.953,0.05,19.999
15.954,0.05,19.999
15.955,0.05,19.999
15.956,0.05,19.999
15.957,0.05,19.999
15.958,0.05,19.999
15.959,0.05,19.999
15.96,0.05,19.999
15.961,0.05,19.999
15.962,0.05,19.999
15.963,0.05,19.999
15.964,0.05,19.999
15.965,0.05,19.999
15.966,0.05,19.999
15.967,0.05,19.999
15.968,0.05,19.999
15.969,0.05,19.999
15.97,0.05,19.999
15.971,0.05,19.999
15.972,0.05,19.999
15.973,0.05,19.999
15.974,0.05,19.999
15.975,0.05,19.999
15.976,0.05,19.999
15.977,0.05,19.999
15.978,0.05,19.999
15.979,0.05,19.999
15.98,0.05,19.999
15.981,0.05,19.999
15.982,0.05,19.999
15.983,0.05,19.999
15.984,0.05,19.999
15.985,0.05,19.999
15.986,0.05,19.999
15.987,0.05,19.999
15.988,0.05,19.999
15.989,0.05,19.999
15.99,0.05,19.999
15.991,0.05,19.999
15.992,0.05,19.999
15.993,0.05,19.999
15.994,0.05,19.999
15.995,0.05,19.999
15.996,0.05,19.999
15.997,0.05,19.999
15.998,0.05,19.999
15.999,0.05,19.999
16,0.05,19.999
16.001,0.05,19.999
16.002,0.05,19.999
16.003,0.05,19.999
16.004,0.05,19.999
16.005,0.05,19.999
16.006,0.05,19.999
16.007,0.05,19.999
16.008,0.05,19.999
16.009,0.05,19.999
16.01,0.05,19.999
16.011,0.05,19.999
16.012,0.05,19.999
16.013,0.05,19.999
16.014,0.05,19.999
16.015,0.05,19.999
16.016,0.05,19.999
16.017,0.05,19.999
16.018,0.05,19.999
16.019,0.05,19.999
16.02,0.05,19.999
16.021,0.05,19.999
16.022,0.05,19.999
16.023,0.05,19.999
16.024,0.05,19.999
16.025,0.05,19.999
16.026,0.05,19.999
16.027,0.05,19.999
16.028,0.05,19.999
16.029,0.05,19.999
16.03,0.05,19.999
16.031,0.05,19.999
16.032,0.05,19.999
16.033,0.05,19.999
16.034,0.05,19.999
16.035,0.05,19.999
16.036,0.05,19.999
16.037,0.05,19.999
16.038,0.05,19.999
16.039,0.05,19.999
16.04,0.05,19.999
16.041,0.05,19.999
16.042,0.05,19.999
16.043,0.05,19.999
16.044,0.05,19.999
16.045,0.05,19.999
16.046,0.05,19.999
16.047,0.05,19.999
16.048,0.05,19.999
16.049,0.05,19.999
16.05,0.05,19.999
16.051,0.05,19.999
16.052,0.05,19.999
16.053,0.05,19.999
16.054,0.05,19.999
16.055,0.05,19.999
16.056,0.05,19.999
16.057,0.05,19.999
16.058,0.05,19.999
16.059,0.05,19.999
16.06,0.05,19.999
16.061,0.05,19.999
16.062,0.05,19.999
16.063,0.05,19.999
16.064,0.05,19.999
16.065,0.05,19.999
16.066,0.05,19.999
16.067,0.05,19.999
16.068,0.05,19.999
16.069,0.05,19.999
16.07,0.05,19.999
16.071,0.05,19.999
16.072,0.05,19.999
16.073,0.05,19.999
16.074,0.05,19.999
16.075,0.05,19.999
16.076,0.05,19.999
16.077,0.05,19.999
16.078,0.05,19.999
16.079,0.05,19.999
16.08,0.05,19.999
16.081,0.05,19.999
16.082,0.05,19.999
16.083,0.05,19.999
16.084,0.05,19.999
16.085,0.05,19.999
16.086,0.05,19.999
16.087,0.05,19.999
16.088,0.05,19.999
16.089,0.05,19.999
16.09,0.05,19.999
16.091,0.05,19.999
16.092,0.05,19.999
16.093,0.05,19.999
16.094,0.05,19.999
16.095,0.05,19.999
16.096,0.05,19.999
16.097,0.05,19.999
16.098,0.05,19.999
16.099,0.05,19.999
16.1,0.05,19.999
16.101,0.05,19.999
16.102,0.05,19.999
16.103,0.05,19.999
16.104,0.05,19.999
16.105,0.05,19.999
16.106,0.05,19.999
16.107,0.05,19.999
16.108,0.05,19.999
16.109,0.05,19.999
16.11,0.05,19.999
16.111,0.05,19.999
16.112,0.05,19.999
16.113,0.05,19.999
16.114,0.05,19.999
16.115,0.05,19.999
16.116,0.05,19.999
16.117,0.05,19.999
16.118,0.05,19.999
16.119,0.05,19.999
16.12,0.05,19.999
16.121,0.05,19.999
16.122,0.05,19.999
16.123,0.05,19.999
16.124,0.05,19.999
16.125,0.05,19.999
16.126,0.05,19.999
16.127,0.05,19.999
16.128,0.05,19.999
16.129,0.05,19.999
16.13,0.05,19.999
16.131,0.05,19.999
16.132,0.05,19.999
16.133,0.05,19.999
16.134,0.05,19.999
16.135,0.05,19.999
16.136,0.05,19.999
16.137,0.05,19.999
16.138,0.05,19.999
16.139,0.05,19.999
16.14,0.05,19.999
16.141,0.05,19.999
16.142,0.05,19.999
16.143,0.05,19.999
16.144,0.05,19.999
16.145,0.05,19.999
16.146,0.05,19.999
16.147,0.05,19.999
16.148,0.05,19.999
16.149,0.05,19.999
16.15,0.05,19.999
16.151,0.05,19.999
16.152,0.05,19.999
16.153,0.05,19.999
16.154,0.05,19.999
16.155,0.05,19.999
16.156,0.05,19.999
16.157,0.05,19.999
16.158,0.05,19.999
16.159,0.05,19.999
16.16,0.05,19.999
16.161,0.05,19.999
16.162,0.05,19.999
16.163,0.05,19.999
16.164,0.05,19.999
16.165,0.05,19.999
16.166,0.05,19.999
16.167,0.05,19.999
16.168,0.05,19.999
16.169,0.05,19.999
16.17,0.05,19.999
16.171,0.05,19.999
16.172,0.05,19.999
16.173,0.05,19.999
16.174,0.05,19.999
16.175,0.05,19.999
16.176,0.05,19.999
16.177,0.05,19.999
16.178,0.05,19.999
16.179,0.05,19.999
16.18,0.05,19.999
16.181,0.05,19.999
16.182,0.05,19.999
16.183,0.05,19.999
16.184,0.05,19.999
16.185,0.05,19.999
16.186,0.05,19.999
16.187,0.05,19.999
16.188,0.05,19.999
16.189,0.05,19.999
16.19,0.05,19.999
16.191,0.05,19.999
16.192,0.05,19.999
16.193,0.05,19.999
16.194,0.05,19.999
16.195,0.05,19.999
16.196,0.05,19.999
16.197,0.05,19.999
16.198,0.05,19.999
16.199,0.05,19.999
16.2,0.05,19.999
16.201,0.05,19.999
16.202,0.05,19.999
16.203,0.05,19.999
16.204,0.05,19.999
16.205,0.05,19.999
16.206,0.05,19.999
16.207,0.05,19.999
16.208,0.05,19.999
16.209,0.05,19.999
16.21,0.05,19.999
16.211,0.05,19.999
16.212,0.05,19.999
16.213,0.05,19.999
16.214,0.05,19.999
16.215,0.05,19.999
16.216,0.05,19.999
16.217,0.05,19.999
16.218,0.05,19.999
16.219,0.05,19.999
16.22,0.05,19.999
16.221,0.05,19.999
16.222,0.05,19.999
16.223,0.05,19.999
16.224,0.05,19.999
16.225,0.05,19.999
16.226,0.05,19.999
16.227,0.05,19.999
16.228,0.05,19.999
16.229,0.05,19.999
16.23,0.05,19.999
16.231,0.05,19.999
16.232,0.05,19.999
16.233,0.05,19.999
16.234,0.05,19.999
16.235,0.05,19.999
16.236,0.05,19.999
16.237,0.05,19.999
16.238,0.05,19.999
16.239,0.05,19.999
16.24,0.05,19.999
16.241,0.05,19.999
16.242,0.05,19.999
16.243,0.05,19.999
16.244,0.05,19.999
16.245,0.05,19.999
16.246,0.05,19.999
16.247,0.05,19.999
16.248,0.05,19.999
16.249,0.05,19.999
16.25,0.05,19.999
16.251,0.05,19.999
16.252,0.05,19.999
16.253,0.05,19.999
16.254,0.05,19.999
16.255,0.05,19.999
16.256,0.05,19.999
16.257,0.05,19.999
16.258,0.05,19.999
16.259,0.05,19.999
16.26,0.05,19.999
16.261,0.05,19.999
16.262,0.05,19.999
16.263,0.05,19.999
16.264,0.05,19.999
16.265,0.05,19.999
16.266,0.05,19.999
16.267,0.05,19.999
16.268,0.05,19.999
16.269,0.05,19.999
16.27,0.05,19.999
16.271,0.05,19.999
16.272,0.05,19.999
16.273,0.05,19.999
16.274,0.05,19.999
16.275,0.05,19.999
16.276,0.05,19.999
16.277,0.05,19.999
16.278,0.05,19.999
16.279,0.05,19.999
16.28,0.05,19.999
16.281,0.05,19.999
16.282,0.05,19.999
16.283,0.05,19.999
16.284,0.05,19.999
16.285,0.05,19.999
16.286,0.05,19.999
16.287,0.05,19.999
16.288,0.05,19.999
16.289,0.05,19.999
16.29,0.05,19.999
16.291,0.05,19.999
16.292,0.05,19.999
16.293,0.05,19.999
16.294,0.05,19.999
16.295,0.05,19.999
16.296,0.05,19.999
16.297,0.05,19.999
16.298,0.05,19.999
16.299,0.05,19.999
16.3,0.05,19.999
16.301,0.05,19.999
16.302,0.05,19.999
16.303,0.05,19.999
16.304,0.05,19.999
16.305,0.05,19.999
16.306,0.05,19.999
16.307,0.05,19.999
16.308,0.05,19.999
16.309,0.05,19.999
16.31,0.05,19.999
16.311,0.05,19.999
16.312,0.05,19.999
16.313,0.05,19.999
16.314,0.05,19.999
16.315,0.05,19.999
16.316,0.05,19.999
16.317,0.05,19.999
16.318,0.05,19.999
16.319,0.05,19.999
16.32,0.05,19.999
16.321,0.05,19.999
16.322,0.05,19.999
16.323,0.05,19.999
16.324,0.05,19.999
16.325,0.05,19.999
16.326,0.05,19.999
16.327,0.05,19.999
16.328,0.05,19.999
16.329,0.05,19.999
16.33,0.05,19.999
16.331,0.05,19.999
16.332,0.05,19.999
16.333,0.05,19.999
16.334,0.05,19.999
16.335,0.05,19.999
16.336,0.05,19.999
16.337,0.05,19.999
16.338,0.05,19.999
16.339,0.05,19.999
16.34,0.05,19.999
16.341,0.05,19.999
16.342,0.05,19.999
16.343,0.05,19.999
16.344,0.05,19.999
16.345,0.05,19.999
16.346,0.05,19.999
16.347,0.05,19.999
16.348,0.05,19.999
16.349,0.05,19.999
16.35,0.05,19.999
16.351,0.05,19.999
16.352,0.05,19.999
16.353,0.05,19.999
16.354,0.05,19.999
16.355,0.05,19.999
16.356,0.05,19.999
16.357,0.05,19.999
16.358,0.05,19.999
16.359,0.05,19.999
16.36,0.05,19.999
16.361,0.05,19.999
16.362,0.05,19.999
16.363,0.05,19.999
16.364,0.05,19.999
16.365,0.05,19.999
16.366,0.05,19.999
16.367,0.05,19.999
16.368,0.05,19.999
16.369,0.05,19.999
16.37,0.05,19.999
16.371,0.05,19.999
16.372,0.05,19.999
16.373,0.05,19.999
16.374,0.05,19.999
16.375,0.05,19.999
16.376,0.05,19.999
16.377,0.05,19.999
16.378,0.05,19.999
16.379,0.05,19.999
16.38,0.05,19.999
16.381,0.05,19.999
16.382,0.05,19.999
16.383,0.05,19.999
16.384,0.05,19.999
16.385,0.05,19.999
16.386,0.05,19.999
16.387,0.05,19.999
16.388,0.05,19.999
16.389,0.05,19.999
16.39,0.05,19.999
16.391,0.05,19.999
16.392,0.05,19.999
16.393,0.05,19.999
16.394,0.05,19.999
16.395,0.05,19.999
16.396,0.05,19.999
16.397,0.05,19.999
16.398,0.05,19.999
16.399,0.05,19.999
16.4,0.05,19.999
16.401,0.05,19.999
16.402,0.05,19.999
16.403,0.05,19.999
16.404,0.05,19.999
16.405,0.05,19.999
16.406,0.05,19.999
16.407,0.05,19.999
16.408,0.05,19.999
16.409,0.05,19.999
16.41,0.05,19.999
16.411,0.05,19.999
16.412,0.05,19.999
16.413,0.05,19.999
16.414,0.05,19.999
16.415,0.05,19.999
16.416,0.05,19.999
16.417,0.05,19.999
16.418,0.05,19.999
16.419,0.05,19.999
16.42,0.05,19.999
16.421,0.05,19.999
16.422,0.05,19.999
16.423,0.05,19.999
16.424,0.05,19.999
16.425,0.05,19.999
16.426,0.05,19.999
16.427,0.05,19.999
16.428,0.05,19.999
16.429,0.05,19.999
16.43,0.05,19.999
16.431,0.05,19.999
16.432,0.05,19.999
16.433,0.05,19.999
16.434,0.05,19.999
16.435,0.05,19.999
16.436,0.05,19.999
16.437,0.05,19.999
16.438,0.05,19.999
16.439,0.05,19.999
16.44,0.05,19.999
16.441,0.05,19.999
16.442,0.05,19.999
16.443,0.05,19.999
16.444,0.05,19.999
16.445,0.05,19.999
16.446,0.05,19.999
16.447,0.05,19.999
16.448,0.05,19.999
16.449,0.05,19.999
16.45,0.05,19.999
16.451,0.05,19.999
16.452,0.05,19.999
16.453,0.05,19.999
16.454,0.05,19.999
16.455,0.05,19.999
16.456,0.05,19.999
16.457,0.05,19.999
16.458,0.05,19.999
16.459,0.05,19.999
16.46,0.05,19.999
16.461,0.05,19.999
16.462,0.05,19.999
16.463,0.05,19.999
16.464,0.05,19.999
16.465,0.05,19.999
16.466,0.05,19.999
16.467,0.05,19.999
16.468,0.05,19.999
16.469,0.05,19.999
16.47,0.05,19.999
16.471,0.05,19.999
16.472,0.05,19.999
16.473,0.05,19.999
16.474,0.05,19.999
16.475,0.05,19.999
16.476,0.05,19.999
16.477,0.05,19.999
16.478,0.05,19.999
16.479,0.05,19.999
16.48,0.05,19.999
16.481,0.05,19.999
16.482,0.05,19.999
16.483,0.05,19.999
16.484,0.05,19.999
16.485,0.05,19.999
16.486,0.05,19.999
16.487,0.05,19.999
16.488,0.05,19.999
16.489,0.05,19.999
16.49,0.05,19.999
16.491,0.05,19.999
16.492,0.05,19.999
16.493,0.05,19.999
16.494,0.05,19.999
16.495,0.05,19.999
16.496,0.05,19.999
16.497,0.05,19.999
16.498,0.05,19.999
16.499,0.05,19.999
16.5,0.05,19.999
16.501,0.05,19.999
16.502,0.05,19.999
16.503,0.05,19.999
16.504,0.05,19.999
16.505,0.05,19.999
16.506,0.05,19.999
16.507,0.05,19.999
16.508,0.05,19.999
16.509,0.05,19.999
16.51,0.05,19.999
16.511,0.05,19.999
16.512,0.05,19.999
16.513,0.05,19.999
16.514,0.05,19.999
16.515,0.05,19.999
16.516,0.05,19.999
16.517,0.05,19.999
16.518,0.05,19.999
16.519,0.05,19.999
16.52,0.05,19.999
16.521,0.05,19.999
16.522,0.05,19.999
16.523,0.05,19.999
16.524,0.05,19.999
16.525,0.05,19.999
16.526,0.05,19.999
16.527,0.05,19.999
16.528,0.05,19.999
16.529,0.05,19.999
16.53,0.05,19.999
16.531,0.05,19.999
16.532,0.05,19.999
16.533,0.05,19.999
16.534,0.05,19.999
16.535,0.05,19.999
16.536,0.05,19.999
16.537,0.05,19.999
16.538,0.05,19.999
16.539,0.05,19.999
16.54,0.05,19.999
16.541,0.05,19.999
16.542,0.05,19.999
16.543,0.05,19.999
16.544,0.05,19.999
16.545,0.05,19.999
16.546,0.05,19.999
16.547,0.05,19.999
16.548,0.05,19.999
16.549,0.05,19.999
16.55,0.05,19.999
16.551,0.05,19.999
16.552,0.05,19.999
16.553,0.05,19.999
16.554,0.05,19.999
16.555,0.05,19.999
16.556,0.05,19.999
16.557,0.05,19.999
16.558,0.05,19.999
16.559,0.05,19.999
16.56,0.05,19.999
16.561,0.05,19.999
16.562,0.05,19.999
16.563,0.05,19.999
16.564,0.05,19.999
16.565,0.05,19.999
16.566,0.05,19.999
16.567,0.05,19.999
16.568,0.05,19.999
16.569,0.05,19.999
16.57,0.05,19.999
16.571,0.05,19.999
16.572,0.05,19.999
16.573,0.05,19.999
16.574,0.05,19.999
16.575,0.05,19.999
16.576,0.05,19.999
16.577,0.05,19.999
16.578,0.05,19.999
16.579,0.05,19.999
16.58,0.05,19.999
16.581,0.05,19.999
16.582,0.05,19.999
16.583,0.05,19.999
16.584,0.05,19.999
16.585,0.05,19.999
16.586,0.05,19.999
16.587,0.05,19.999
16.588,0.05,19.999
16.589,0.05,19.999
16.59,0.05,19.999
16.591,0.05,19.999
16.592,0.05,19.999
16.593,0.05,19.999
16.594,0.05,19.999
16.595,0.05,19.999
16.596,0.05,19.999
16.597,0.05,19.999
16.598,0.05,19.999
16.599,0.05,19.999
16.6,0.05,19.999
16.601,0.05,19.999
16.602,0.05,19.999
16.603,0.05,19.999
16.604,0.05,19.999
16.605,0.05,19.999
16.606,0.05,19.999
16.607,0.05,19.999
16.608,0.05,19.999
16.609,0.05,19.999
16.61,0.05,19.999
16.611,0.05,19.999
16.612,0.05,19.999
16.613,0.05,19.999
16.614,0.05,19.999
16.615,0.05,19.999
16.616,0.05,19.999
16.617,0.05,19.999
16.618,0.05,19.999
16.619,0.05,19.999
16.62,0.05,19.999
16.621,0.05,19.999
16.622,0.05,19.999
16.623,0.05,19.999
16.624,0.05,19.999
16.625,0.05,19.999
16.626,0.05,19.999
16.627,0.05,19.999
16.628,0.05,19.999
16.629,0.05,19.999
16.63,0.05,19.999
16.631,0.05,19.999
16.632,0.05,19.999
16.633,0.05,19.999
16.634,0.05,19.999
16.635,0.05,19.999
16.636,0.05,19.999
16.637,0.05,19.999
16.638,0.05,19.999
16.639,0.05,19.999
16.64,0.05,19.999
16.641,0.05,19.999
16.642,0.05,19.999
16.643,0.05,19.999
16.644,0.05,19.999
16.645,0.05,19.999
16.646,0.05,19.999
16.647,0.05,19.999
16.648,0.05,19.999
16.649,0.05,19.999
16.65,0.05,19.999
16.651,0.05,19.999
16.652,0.05,19.999
16.653,0.05,19.999
16.654,0.05,19.999
16.655,0.05,19.999
16.656,0.05,19.999
16.657,0.05,19.999
16.658,0.05,19.999
16.659,0.05,19.999
16.66,0.05,19.999
16.661,0.05,19.999
16.662,0.05,19.999
16.663,0.05,19.999
16.664,0.05,19.999
16.665,0.05,19.999
16.666,0.05,19.999
16.667,0.05,19.999
16.668,0.05,19.999
16.669,0.05,19.999
16.67,0.05,19.999
16.671,0.05,19.999
16.672,0.05,19.999
16.673,0.05,19.999
16.674,0.05,19.999
16.675,0.05,19.999
16.676,0.05,19.999
16.677,0.05,19.999
16.678,0.05,19.999
16.679,0.05,19.999
16.68,0.05,19.999
16.681,0.05,19.999
16.682,0.05,19.999
16.683,0.05,19.999
16.684,0.05,19.999
16.685,0.05,19.999
16.686,0.05,19.999
16.687,0.05,19.999
16.688,0.05,19.999
16.689,0.05,19.999
16.69,0.05,19.999
16.691,0.05,19.999
16.692,0.05,19.999
16.693,0.05,19.999
16.694,0.05,19.999
16.695,0.05,19.999
16.696,0.05,19.999
16.697,0.05,19.999
16.698,0.05,19.999
16.699,0.05,19.999
16.7,0.05,19.999
16.701,0.05,19.999
16.702,0.05,19.999
16.703,0.05,19.999
16.704,0.05,19.999
16.705,0.05,19.999
16.706,0.05,19.999
16.707,0.05,19.999
16.708,0.05,19.999
16.709,0.05,19.999
16.71,0.05,19.999
16.711,0.05,19.999
16.712,0.05,19.999
16.713,0.05,19.999
16.714,0.05,19.999
16.715,0.05,19.999
16.716,0.05,19.999
16.717,0.05,19.999
16.718,0.05,19.999
16.719,0.05,19.999
16.72,0.05,19.999
16.721,0.05,19.999
16.722,0.05,19.999
16.723,0.05,19.999
16.724,0.05,19.999
16.725,0.05,19.999
16.726,0.05,19.999
16.727,0.05,19.999
16.728,0.05,19.999
16.729,0.05,19.999
16.73,0.05,19.999
16.731,0.05,19.999
16.732,0.05,19.999
16.733,0.05,19.999
16.734,0.05,19.999
16.735,0.05,19.999
16.736,0.05,19.999
16.737,0.05,19.999
16.738,0.05,19.999
16.739,0.05,19.999
16.74,0.05,19.999
16.741,0.05,19.999
16.742,0.05,19.999
16.743,0.05,19.999
16.744,0.05,19.999
16.745,0.05,19.999
16.746,0.05,19.999
16.747,0.05,19.999
16.748,0.05,19.999
16.749,0.05,19.999
16.75,0.05,19.999
16.751,0.05,19.999
16.752,0.05,19.999
16.753,0.05,19.999
16.754,0.05,19.999
16.755,0.05,19.999
16.756,0.05,19.999
16.757,0.05,19.999
16.758,0.05,19.999
16.759,0.05,19.999
16.76,0.05,19.999
16.761,0.05,19.999
16.762,0.05,19.999
16.763,0.05,19.999
16.764,0.05,19.999
16.765,0.05,19.999
16.766,0.05,19.999
16.767,0.05,19.999
16.768,0.05,19.999
16.769,0.05,19.999
16.77,0.05,19.999
16.771,0.05,19.999
16.772,0.05,19.999
16.773,0.05,19.999
16.774,0.05,19.999
16.775,0.05,19.999
16.776,0.05,19.999
16.777,0.05,19.999
16.778,0.05,19.999
16.779,0.05,19.999
16.78,0.05,19.999
16.781,0.05,19.999
16.782,0.05,19.999
16.783,0.05,19.999
16.784,0.05,19.999
16.785,0.05,19.999
16.786,0.05,19.999
16.787,0.05,19.999
16.788,0.05,19.999
16.789,0.05,19.999
16.79,0.05,19.999
16.791,0.05,19.999
16.792,0.05,19.999
16.793,0.05,19.999
16.794,0.05,19.999
16.795,0.05,19.999
16.796,0.05,19.999
16.797,0.05,19.999
16.798,0.05,19.999
16.799,0.05,19.999
16.8,0.05,19.999
16.801,0.05,19.999
16.802,0.05,19.999
16.803,0.05,19.999
16.804,0.05,19.999
16.805,0.05,19.999
16.806,0.05,19.999
16.807,0.05,19.999
16.808,0.05,19.999
16.809,0.05,19.999
16.81,0.05,19.999
16.811,0.05,19.999
16.812,0.05,19.999
16.813,0.05,19.999
16.814,0.05,19.999
16.815,0.05,19.999
16.816,0.05,19.999
16.817,0.05,19.999
16.818,0.05,19.999
16.819,0.05,19.999
16.82,0.05,19.999
16.821,0.05,19.999
16.822,0.05,19.999
16.823,0.05,19.999
16.824,0.05,19.999
16.825,0.05,19.999
16.826,0.05,19.999
16.827,0.05,19.999
16.828,0.05,19.999
16.829,0.05,19.999
16.83,0.05,19.999
16.831,0.05,19.999
16.832,0.05,19.999
16.833,0.05,19.999
16.834,0.05,19.999
16.835,0.05,19.999
16.836,0.05,19.999
16.837,0.05,19.999
16.838,0.05,19.999
16.839,0.05,19.999
16.84,0.05,19.999
16.841,0.05,19.999
16.842,0.05,19.999
16.843,0.05,19.999
16.844,0.05,19.999
16.845,0.05,19.999
16.846,0.05,19.999
16.847,0.05,19.999
16.848,0.05,19.999
16.849,0.05,19.999
16.85,0.05,19.999
16.851,0.05,19.999
16.852,0.05,19.999
16.853,0.05,19.999
16.854,0.05,19.999
16.855,0.05,19.999
16.856,0.05,19.999
16.857,0.05,19.999
16.858,0.05,19.999
16.859,0.05,19.999
16.86,0.05,19.999
16.861,0.05,19.999
16.862,0.05,19.999
16.863,0.05,19.999
16.864,0.05,19.999
16.865,0.05,19.999
16.866,0.05,19.999
16.867,0.05,19.999
16.868,0.05,19.999
16.869,0.05,19.999
16.87,0.05,19.999
16.871,0.05,19.999
16.872,0.05,19.999
16.873,0.05,19.999
16.874,0.05,19.999
16.875,0.05,19.999
16.876,0.05,19.999
16.877,0.05,19.999
16.878,0.05,19.999
16.879,0.05,19.999
16.88,0.05,19.999
16.881,0.05,19.999
16.882,0.05,19.999
16.883,0.05,19.999
16.884,0.05,19.999
16.885,0.05,19.999
16.886,0.05,19.999
16.887,0.05,19.999
16.888,0.05,19.999
16.889,0.05,19.999
16.89,0.05,19.999
16.891,0.05,19.999
16.892,0.05,19.999
16.893,0.05,19.999
16.894,0.05,19.999
16.895,0.05,19.999
16.896,0.05,19.999
16.897,0.05,19.999
16.898,0.05,19.999
16.899,0.05,19.999
16.9,0.05,19.999
16.901,0.05,19.999
16.902,0.05,19.999
16.903,0.05,19.999
16.904,0.05,19.999
16.905,0.05,19.999
16.906,0.05,19.999
16.907,0.05,19.999
16.908,0.05,19.999
16.909,0.05,19.999
16.91,0.05,19.999
16.911,0.05,19.999
16.912,0.05,19.999
16.913,0.05,19.999
16.914,0.05,19.999
16.915,0.05,19.999
16.916,0.05,19.999
16.917,0.05,19.999
16.918,0.05,19.999
16.919,0.05,19.999
16.92,0.05,19.999
16.921,0.05,19.999
16.922,0.05,19.999
16.923,0.05,19.999
16.924,0.05,19.999
16.925,0.05,19.999
16.926,0.05,19.999
16.927,0.05,19.999
16.928,0.05,19.999
16.929,0.05,19.999
16.93,0.05,19.999
16.931,0.05,19.999
16.932,0.05,19.999
16.933,0.05,19.999
16.934,0.05,19.999
16.935,0.05,19.999
16.936,0.05,19.999
16.937,0.05,19.999
16.938,0.05,19.999
16.939,0.05,19.999
16.94,0.05,19.999
16.941,0.05,19.999
16.942,0.05,19.999
16.943,0.05,19.999
16.944,0.05,19.999
16.945,0.05,19.999
16.946,0.05,19.999
16.947,0.05,19.999
16.948,0.05,19.999
16.949,0.05,19.999
16.95,0.05,19.999
16.951,0.05,19.999
16.952,0.05,19.999
16.953,0.05,19.999
16.954,0.05,19.999
16.955,0.05,19.999
16.956,0.05,19.999
16.957,0.05,19.999
16.958,0.05,19.999
16.959,0.05,19.999
16.96,0.05,19.999
16.961,0.05,19.999
16.962,0.05,19.999
16.963,0.05,19.999
16.964,0.05,19.999
16.965,0.05,19.999
16.966,0.05,19.999
16.967,0.05,19.999
16.968,0.05,19.999
16.969,0.05,19.999
16.97,0.05,19.999
16.971,0.05,19.999
16.972,0.05,19.999
16.973,0.05,19.999
16.974,0.05,19.999
16.975,0.05,19.999
16.976,0.05,19.999
16.977,0.05,19.999
16.978,0.05,19.999
16.979,0.05,19.999
16.98,0.05,19.999
16.981,0.05,19.999
16.982,0.05,19.999
16.983,0.05,19.999
16.984,0.05,19.999
16.985,0.05,19.999
16.986,0.05,19.999
16.987,0.05,19.999
16.988,0.05,19.999
16.989,0.05,19.999
16.99,0.05,19.999
16.991,0.05,19.999
16.992,0.05,19.999
16.993,0.05,19.999
16.994,0.05,19.999
16.995,0.05,19.999
16.996,0.05,19.999
16.997,0.05,19.999
16.998,0.05,19.999
16.999,0.05,19.999
17,0.05,19.999
17.001,0.05,19.999
17.002,0.05,19.999
17.003,0.05,19.999
17.004,0.05,19.999
17.005,0.05,19.999
17.006,0.05,19.999
17.007,0.05,19.999
17.008,0.05,19.999
17.009,0.05,19.999
17.01,0.05,19.999
17.011,0.05,19.999
17.012,0.05,19.999
17.013,0.05,19.999
17.014,0.05,19.999
17.015,0.05,19.999
17.016,0.05,19.999
17.017,0.05,19.999
17.018,0.05,19.999
17.019,0.05,19.999
17.02,0.05,19.999
17.021,0.05,19.999
17.022,0.05,19.999
17.023,0.05,19.999
17.024,0.05,19.999
17.025,0.05,19.999
17.026,0.05,19.999
17.027,0.05,19.999
17.028,0.05,19.999
17.029,0.05,19.999
17.03,0.05,19.999
17.031,0.05,19.999
17.032,0.05,19.999
17.033,0.05,19.999
17.034,0.05,19.999
17.035,0.05,19.999
17.036,0.05,19.999
17.037,0.05,19.999
17.038,0.05,19.999
17.039,0.05,19.999
17.04,0.05,19.999
17.041,0.05,19.999
17.042,0.05,19.999
17.043,0.05,19.999
17.044,0.05,19.999
17.045,0.05,19.999
17.046,0.05,19.999
17.047,0.05,19.999
17.048,0.05,19.999
17.049,0.05,19.999
17.05,0.05,19.999
17.051,0.05,19.999
17.052,0.05,19.999
17.053,0.05,19.999
17.054,0.05,19.999
17.055,0.05,19.999
17.056,0.05,19.999
17.057,0.05,19.999
17.058,0.05,19.999
17.059,0.05,19.999
17.06,0.05,19.999
17.061,0.05,19.999
17.062,0.05,19.999
17.063,0.05,19.999
17.064,0.05,19.999
17.065,0.05,19.999
17.066,0.05,19.999
17.067,0.05,19.999
17.068,0.05,19.999
17.069,0.05,19.999
17.07,0.05,19.999
17.071,0.05,19.999
17.072,0.05,19.999
17.073,0.05,19.999
17.074,0.05,19.999
17.075,0.05,19.999
17.076,0.05,19.999
17.077,0.05,19.999
17.078,0.05,19.999
17.079,0.05,19.999
17.08,0.05,19.999
17.081,0.05,19.999
17.082,0.05,19.999
17.083,0.05,19.999
17.084,0.05,19.999
17.085,0.05,19.999
17.086,0.05,19.999
17.087,0.05,19.999
17.088,0.05,19.999
17.089,0.05,19.999
17.09,0.05,19.999
17.091,0.05,19.999
17.092,0.05,19.999
17.093,0.05,19.999
17.094,0.05,19.999
17.095,0.05,19.999
17.096,0.05,19.999
17.097,0.05,19.999
17.098,0.05,19.999
17.099,0.05,19.999
17.1,0.05,19.999
17.101,0.05,19.999
17.102,0.05,19.999
17.103,0.05,19.999
17.104,0.05,19.999
17.105,0.05,19.999
17.106,0.05,19.999
17.107,0.05,19.999
17.108,0.05,19.999
17.109,0.05,19.999
17.11,0.05,19.999
17.111,0.05,19.999
17.112,0.05,19.999
17.113,0.05,19.999
17.114,0.05,19.999
17.115,0.05,19.999
17.116,0.05,19.999
17.117,0.05,19.999
17.118,0.05,19.999
17.119,0.05,19.999
17.12,0.05,19.999
17.121,0.05,19.999
17.122,0.05,19.999
17.123,0.05,19.999
17.124,0.05,19.999
17.125,0.05,19.999
17.126,0.05,19.999
17.127,0.05,19.999
17.128,0.05,19.999
17.129,0.05,19.999
17.13,0.05,19.999
17.131,0.05,19.999
17.132,0.05,19.999
17.133,0.05,19.999
17.134,0.05,19.999
17.135,0.05,19.999
17.136,0.05,19.999
17.137,0.05,19.999
17.138,0.05,19.999
17.139,0.05,19.999
17.14,0.05,19.999
17.141,0.05,19.999
17.142,0.05,19.999
17.143,0.05,19.999
17.144,0.05,19.999
17.145,0.05,19.999
17.146,0.05,19.999
17.147,0.05,19.999
17.148,0.05,19.999
17.149,0.05,19.999
17.15,0.05,19.999
17.151,0.05,19.999
17.152,0.05,19.999
17.153,0.05,19.999
17.154,0.05,19.999
17.155,0.05,19.999
17.156,0.05,19.999
17.157,0.05,19.999
17.158,0.05,19.999
17.159,0.05,19.999
17.16,0.05,19.999
17.161,0.05,19.999
17.162,0.05,19.999
17.163,0.05,19.999
17.164,0.05,19.999
17.165,0.05,19.999
17.166,0.05,19.999
17.167,0.05,19.999
17.168,0.05,19.999
17.169,0.05,19.999
17.17,0.05,19.999
17.171,0.05,19.999
17.172,0.05,19.999
17.173,0.05,19.999
17.174,0.05,19.999
17.175,0.05,19.999
17.176,0.05,19.999
17.177,0.05,19.999
17.178,0.05,19.999
17.179,0.05,19.999
17.18,0.05,19.999
17.181,0.05,19.999
17.182,0.05,19.999
17.183,0.05,19.999
17.184,0.05,19.999
17.185,0.05,19.999
17.186,0.05,19.999
17.187,0.05,19.999
17.188,0.05,19.999
17.189,0.05,19.999
17.19,0.05,19.999
17.191,0.05,19.999
17.192,0.05,19.999
17.193,0.05,19.999
17.194,0.05,19.999
17.195,0.05,19.999
17.196,0.05,19.999
17.197,0.05,19.999
17.198,0.05,19.999
17.199,0.05,19.999
17.2,0.05,19.999
17.201,0.05,19.999
17.202,0.05,19.999
17.203,0.05,19.999
17.204,0.05,19.999
17.205,0.05,19.999
17.206,0.05,19.999
17.207,0.05,19.999
17.208,0.05,19.999
17.209,0.05,19.999
17.21,0.05,19.999
17.211,0.05,19.999
17.212,0.05,19.999
17.213,0.05,19.999
17.214,0.05,19.999
17.215,0.05,19.999
17.216,0.05,19.999
17.217,0.05,19.999
17.218,0.05,19.999
17.219,0.05,19.999
17.22,0.05,19.999
17.221,0.05,19.999
17.222,0.05,19.999
17.223,0.05,19.999
17.224,0.05,19.999
17.225,0.05,19.999
17.226,0.05,19.999
17.227,0.05,19.999
17.228,0.05,19.999
17.229,0.05,19.999
17.23,0.05,19.999
17.231,0.05,19.999
17.232,0.05,19.999
17.233,0.05,19.999
17.234,0.05,19.999
17.235,0.05,19.999
17.236,0.05,19.999
17.237,0.05,19.999
17.238,0.05,19.999
17.239,0.05,19.999
17.24,0.05,19.999
17.241,0.05,19.999
17.242,0.05,19.999
17.243,0.05,19.999
17.244,0.05,19.999
17.245,0.05,19.999
17.246,0.05,19.999
17.247,0.05,19.999
17.248,0.05,19.999
17.249,0.05,19.999
17.25,0.05,19.999
17.251,0.05,19.999
17.252,0.05,19.999
17.253,0.05,19.999
17.254,0.05,19.999
17.255,0.05,19.999
17.256,0.05,19.999
17.257,0.05,19.999
17.258,0.05,19.999
17.259,0.05,19.999
17.26,0.05,19.999
17.261,0.05,19.999
17.262,0.05,19.999
17.263,0.05,19.999
17.264,0.05,19.999
17.265,0.05,19.999
17.266,0.05,19.999
17.267,0.05,19.999
17.268,0.05,19.999
17.269,0.05,19.999
17.27,0.05,19.999
17.271,0.05,19.999
17.272,0.05,19.999
17.273,0.05,19.999
17.274,0.05,19.999
17.275,0.05,19.999
17.276,0.05,19.999
17.277,0.05,19.999
17.278,0.05,19.999
17.279,0.05,19.999
17.28,0.05,19.999
17.281,0.05,19.999
17.282,0.05,19.999
17.283,0.05,19.999
17.284,0.05,19.999
17.285,0.05,19.999
17.286,0.05,19.999
17.287,0.05,19.999
17.288,0.05,19.999
17.289,0.05,19.999
17.29,0.05,19.999
17.291,0.05,19.999
17.292,0.05,19.999
17.293,0.05,19.999
17.294,0.05,19.999
17.295,0.05,19.999
17.296,0.05,19.999
17.297,0.05,19.999
17.298,0.05,19.999
17.299,0.05,19.999
17.3,0.05,19.999
17.301,0.05,19.999
17.302,0.05,19.999
17.303,0.05,19.999
17.304,0.05,19.999
17.305,0.05,19.999
17.306,0.05,19.999
17.307,0.05,19.999
17.308,0.05,19.999
17.309,0.05,19.999
17.31,0.05,19.999
17.311,0.05,19.999
17.312,0.05,19.999
17.313,0.05,19.999
17.314,0.05,19.999
17.315,0.05,19.999
17.316,0.05,19.999
17.317,0.05,19.999
17.318,0.05,19.999
17.319,0.05,19.999
17.32,0.05,19.999
17.321,0.05,19.999
17.322,0.05,19.999
17.323,0.05,19.999
17.324,0.05,19.999
17.325,0.05,19.999
17.326,0.05,19.999
17.327,0.05,19.999
17.328,0.05,19.999
17.329,0.05,19.999
17.33,0.05,19.999
17.331,0.05,19.999
17.332,0.05,19.999
17.333,0.05,19.999
17.334,0.05,19.999
17.335,0.05,19.999
17.336,0.05,19.999
17.337,0.05,19.999
17.338,0.05,19.999
17.339,0.05,19.999
17.34,0.05,19.999
17.341,0.05,19.999
17.342,0.05,19.999
17.343,0.05,19.999
17.344,0.05,19.999
17.345,0.05,19.999
17.346,0.05,19.999
17.347,0.05,19.999
17.348,0.05,19.999
17.349,0.05,19.999
17.35,0.05,19.999
17.351,0.05,19.999
17.352,0.05,19.999
17.353,0.05,19.999
17.354,0.05,19.999
17.355,0.05,19.999
17.356,0.05,19.999
17.357,0.05,19.999
17.358,0.05,19.999
17.359,0.05,19.999
17.36,0.05,19.999
17.361,0.05,19.999
17.362,0.05,19.999
17.363,0.05,19.999
17.364,0.05,19.999
17.365,0.05,19.999
17.366,0.05,19.999
17.367,0.05,19.999
17.368,0.05,19.999
17.369,0.05,19.999
17.37,0.05,19.999
17.371,0.05,19.999
17.372,0.05,19.999
17.373,0.05,19.999
17.374,0.05,19.999
17.375,0.05,19.999
17.376,0.05,19.999
17.377,0.05,19.999
17.378,0.05,19.999
17.379,0.05,19.999
17.38,0.05,19.999
17.381,0.05,19.999
17.382,0.05,19.999
17.383,0.05,19.999
17.384,0.05,19.999
17.385,0.05,19.999
17.386,0.05,19.999
17.387,0.05,19.999
17.388,0.05,19.999
17.389,0.05,19.999
17.39,0.05,19.999
17.391,0.05,19.999
17.392,0.05,19.999
17.393,0.05,19.999
17.394,0.05,19.999
17.395,0.05,19.999
17.396,0.05,19.999
17.397,0.05,19.999
17.398,0.05,19.999
17.399,0.05,19.999
17.4,0.05,19.999
17.401,0.05,19.999
17.402,0.05,19.999
17.403,0.05,19.999
17.404,0.05,19.999
17.405,0.05,19.999
17.406,0.05,19.999
17.407,0.05,19.999
17.408,0.05,19.999
17.409,0.05,19.999
17.41,0.05,19.999
17.411,0.05,19.999
17.412,0.05,19.999
17.413,0.05,19.999
17.414,0.05,19.999
17.415,0.05,19.999
17.416,0.05,19.999
17.417,0.05,19.999
17.418,0.05,19.999
17.419,0.05,19.999
17.42,0.05,19.999
17.421,0.05,19.999
17.422,0.05,19.999
17.423,0.05,19.999
17.424,0.05,19.999
17.425,0.05,19.999
17.426,0.05,19.999
17.427,0.05,19.999
17.428,0.05,19.999
17.429,0.05,19.999
17.43,0.05,19.999
17.431,0.05,19.999
17.432,0.05,19.999
17.433,0.05,19.999
17.434,0.05,19.999
17.435,0.05,19.999
17.436,0.05,19.999
17.437,0.05,19.999
17.438,0.05,19.999
17.439,0.05,19.999
17.44,0.05,19.999
17.441,0.05,19.999
17.442,0.05,19.999
17.443,0.05,19.999
17.444,0.05,19.999
17.445,0.05,19.999
17.446,0.05,19.999
17.447,0.05,19.999
17.448,0.05,19.999
17.449,0.05,19.999
17.45,0.05,19.999
17.451,0.05,19.999
17.452,0.05,19.999
17.453,0.05,19.999
17.454,0.05,19.999
17.455,0.05,19.999
17.456,0.05,19.999
17.457,0.05,19.999
17.458,0.05,19.999
17.459,0.05,19.999
17.46,0.05,19.999
17.461,0.05,19.999
17.462,0.05,19.999
17.463,0.05,19.999
17.464,0.05,19.999
17.465,0.05,19.999
17.466,0.05,19.999
17.467,0.05,19.999
17.468,0.05,19.999
17.469,0.05,19.999
17.47,0.05,19.999
17.471,0.05,19.999
17.472,0.05,19.999
17.473,0.05,19.999
17.474,0.05,19.999
17.475,0.05,19.999
17.476,0.05,19.999
17.477,0.05,19.999
17.478,0.05,19.999
17.479,0.05,19.999
17.48,0.05,19.999
17.481,0.05,19.999
17.482,0.05,19.999
17.483,0.05,19.999
17.484,0.05,19.999
17.485,0.05,19.999
17.486,0.05,19.999
17.487,0.05,19.999
17.488,0.05,19.999
17.489,0.05,19.999
17.49,0.05,19.999
17.491,0.05,19.999
17.492,0.05,19.999
17.493,0.05,19.999
17.494,0.05,19.999
17.495,0.05,19.999
17.496,0.05,19.999
17.497,0.05,19.999
17.498,0.05,19.999
17.499,0.05,19.999
17.5,0.05,19.999
17.501,0.05,19.999
17.502,0.05,19.999
17.503,0.05,19.999
17.504,0.05,19.999
17.505,0.05,19.999
17.506,0.05,19.999
17.507,0.05,19.999
17.508,0.05,19.999
17.509,0.05,19.999
17.51,0.05,19.999
17.511,0.05,19.999
17.512,0.05,19.999
17.513,0.05,19.999
17.514,0.05,19.999
17.515,0.05,19.999
17.516,0.05,19.999
17.517,0.05,19.999
17.518,0.05,19.999
17.519,0.05,19.999
17.52,0.05,19.999
17.521,0.05,19.999
17.522,0.05,19.999
17.523,0.05,19.999
17.524,0.05,19.999
17.525,0.05,19.999
17.526,0.05,19.999
17.527,0.05,19.999
17.528,0.05,19.999
17.529,0.05,19.999
17.53,0.05,19.999
17.531,0.05,19.999
17.532,0.05,19.999
17.533,0.05,19.999
17.534,0.05,19.999
17.535,0.05,19.999
17.536,0.05,19.999
17.537,0.05,19.999
17.538,0.05,19.999
17.539,0.05,19.999
17.54,0.05,19.999
17.541,0.05,19.999
17.542,0.05,19.999
17.543,0.05,19.999
17.544,0.05,19.999
17.545,0.05,19.999
17.546,0.05,19.999
17.547,0.05,19.999
17.548,0.05,19.999
17.549,0.05,19.999
17.55,0.05,19.999
17.551,0.05,19.999
17.552,0.05,19.999
17.553,0.05,19.999
17.554,0.05,19.999
17.555,0.05,19.999
17.556,0.05,19.999
17.557,0.05,19.999
17.558,0.05,19.999
17.559,0.05,19.999
17.56,0.05,19.999
17.561,0.05,19.999
17.562,0.05,19.999
17.563,0.05,19.999
17.564,0.05,19.999
17.565,0.05,19.999
17.566,0.05,19.999
17.567,0.05,19.999
17.568,0.05,19.999
17.569,0.05,19.999
17.57,0.05,19.999
17.571,0.05,19.999
17.572,0.05,19.999
17.573,0.05,19.999
17.574,0.05,19.999
17.575,0.05,19.999
17.576,0.05,19.999
17.577,0.05,19.999
17.578,0.05,19.999
17.579,0.05,19.999
17.58,0.05,19.999
17.581,0.05,19.999
17.582,0.05,19.999
17.583,0.05,19.999
17.584,0.05,19.999
17.585,0.05,19.999
17.586,0.05,19.999
17.587,0.05,19.999
17.588,0.05,19.999
17.589,0.05,19.999
17.59,0.05,19.999
17.591,0.05,19.999
17.592,0.05,19.999
17.593,0.05,19.999
17.594,0.05,19.999
17.595,0.05,19.999
17.596,0.05,19.999
17.597,0.05,19.999
17.598,0.05,19.999
17.599,0.05,19.999
17.6,0.05,19.999
17.601,0.05,19.999
17.602,0.05,19.999
17.603,0.05,19.999
17.604,0.05,19.999
17.605,0.05,19.999
17.606,0.05,19.999
17.607,0.05,19.999
17.608,0.05,19.999
17.609,0.05,19.999
17.61,0.05,19.999
17.611,0.05,19.999
17.612,0.05,19.999
17.613,0.05,19.999
17.614,0.05,19.999
17.615,0.05,19.999
17.616,0.05,19.999
17.617,0.05,19.999
17.618,0.05,19.999
17.619,0.05,19.999
17.62,0.05,19.999
17.621,0.05,19.999
17.622,0.05,19.999
17.623,0.05,19.999
17.624,0.05,19.999
17.625,0.05,19.999
17.626,0.05,19.999
17.627,0.05,19.999
17.628,0.05,19.999
17.629,0.05,19.999
17.63,0.05,19.999
17.631,0.05,19.999
17.632,0.05,19.999
17.633,0.05,19.999
17.634,0.05,19.999
17.635,0.05,19.999
17.636,0.05,19.999
17.637,0.05,19.999
17.638,0.05,19.999
17.639,0.05,19.999
17.64,0.05,19.999
17.641,0.05,19.999
17.642,0.05,19.999
17.643,0.05,19.999
17.644,0.05,19.999
17.645,0.05,19.999
17.646,0.05,19.999
17.647,0.05,19.999
17.648,0.05,19.999
17.649,0.05,19.999
17.65,0.05,19.999
17.651,0.05,19.999
17.652,0.05,19.999
17.653,0.05,19.999
17.654,0.05,19.999
17.655,0.05,19.999
17.656,0.05,19.999
17.657,0.05,19.999
17.658,0.05,19.999
17.659,0.05,19.999
17.66,0.05,19.999
17.661,0.05,19.999
17.662,0.05,19.999
17.663,0.05,19.999
17.664,0.05,19.999
17.665,0.05,19.999
17.666,0.05,19.999
17.667,0.05,19.999
17.668,0.05,19.999
17.669,0.05,19.999
17.67,0.05,19.999
17.671,0.05,19.999
17.672,0.05,19.999
17.673,0.05,19.999
17.674,0.05,19.999
17.675,0.05,19.999
17.676,0.05,19.999
17.677,0.05,19.999
17.678,0.05,19.999
17.679,0.05,19.999
17.68,0.05,19.999
17.681,0.05,19.999
17.682,0.05,19.999
17.683,0.05,19.999
17.684,0.05,19.999
17.685,0.05,19.999
17.686,0.05,19.999
17.687,0.05,19.999
17.688,0.05,19.999
17.689,0.05,19.999
17.69,0.05,19.999
17.691,0.05,19.999
17.692,0.05,19.999
17.693,0.05,19.999
17.694,0.05,19.999
17.695,0.05,19.999
17.696,0.05,19.999
17.697,0.05,19.999
17.698,0.05,19.999
17.699,0.05,19.999
17.7,0.05,19.999
17.701,0.05,19.999
17.702,0.05,19.999
17.703,0.05,19.999
17.704,0.05,19.999
17.705,0.05,19.999
17.706,0.05,19.999
17.707,0.05,19.999
17.708,0.05,19.999
17.709,0.05,19.999
17.71,0.05,19.999
17.711,0.05,19.999
17.712,0.05,19.999
17.713,0.05,19.999
17.714,0.05,19.999
17.715,0.05,19.999
17.716,0.05,19.999
17.717,0.05,19.999
17.718,0.05,19.999
17.719,0.05,19.999
17.72,0.05,19.999
17.721,0.05,19.999
17.722,0.05,19.999
17.723,0.05,19.999
17.724,0.05,19.999
17.725,0.05,19.999
17.726,0.05,19.999
17.727,0.05,19.999
17.728,0.05,19.999
17.729,0.05,19.999
17.73,0.05,19.999
17.731,0.05,19.999
17.732,0.05,19.999
17.733,0.05,19.999
17.734,0.05,19.999
17.735,0.05,19.999
17.736,0.05,19.999
17.737,0.05,19.999
17.738,0.05,19.999
17.739,0.05,19.999
17.74,0.05,19.999
17.741,0.05,19.999
17.742,0.05,19.999
17.743,0.05,19.999
17.744,0.05,19.999
17.745,0.05,19.999
17.746,0.05,19.999
17.747,0.05,19.999
17.748,0.05,19.999
17.749,0.05,19.999
17.75,0.05,19.999
17.751,0.05,19.999
17.752,0.05,19.999
17.753,0.05,19.999
17.754,0.05,19.999
17.755,0.05,19.999
17.756,0.05,19.999
17.757,0.05,19.999
17.758,0.05,19.999
17.759,0.05,19.999
17.76,0.05,19.999
17.761,0.05,19.999
17.762,0.05,19.999
17.763,0.05,19.999
17.764,0.05,19.999
17.765,0.05,19.999
17.766,0.05,19.999
17.767,0.05,19.999
17.768,0.05,19.999
17.769,0.05,19.999
17.77,0.05,19.999
17.771,0.05,19.999
17.772,0.05,19.999
17.773,0.05,19.999
17.774,0.05,19.999
17.775,0.05,19.999
17.776,0.05,19.999
17.777,0.05,19.999
17.778,0.05,19.999
17.779,0.05,19.999
17.78,0.05,19.999
17.781,0.05,19.999
17.782,0.05,19.999
17.783,0.05,19.999
17.784,0.05,19.999
17.785,0.05,19.999
17.786,0.05,19.999
17.787,0.05,19.999
17.788,0.05,19.999
17.789,0.05,19.999
17.79,0.05,19.999
17.791,0.05,19.999
17.792,0.05,19.999
17.793,0.05,19.999
17.794,0.05,19.999
17.795,0.05,19.999
17.796,0.05,19.999
17.797,0.05,19.999
17.798,0.05,19.999
17.799,0.05,19.999
17.8,0.05,19.999
17.801,0.05,19.999
17.802,0.05,19.999
17.803,0.05,19.999
17.804,0.05,19.999
17.805,0.05,19.999
17.806,0.05,19.999
17.807,0.05,19.999
17.808,0.05,19.999
17.809,0.05,19.999
17.81,0.05,19.999
17.811,0.05,19.999
17.812,0.05,19.999
17.813,0.05,19.999
17.814,0.05,19.999
17.815,0.05,19.999
17.816,0.05,19.999
17.817,0.05,19.999
17.818,0.05,19.999
17.819,0.05,19.999
17.82,0.05,19.999
17.821,0.05,19.999
17.822,0.05,19.999
17.823,0.05,19.999
17.824,0.05,19.999
17.825,0.05,19.999
17.826,0.05,19.999
17.827,0.05,19.999
17.828,0.05,19.999
17.829,0.05,19.999
17.83,0.05,19.999
17.831,0.05,19.999
17.832,0.05,19.999
17.833,0.05,19.999
17.834,0.05,19.999
17.835,0.05,19.999
17.836,0.05,19.999
17.837,0.05,19.999
17.838,0.05,19.999
17.839,0.05,19.999
17.84,0.05,19.999
17.841,0.05,19.999
17.842,0.05,19.999
17.843,0.05,19.999
17.844,0.05,19.999
17.845,0.05,19.999
17.846,0.05,19.999
17.847,0.05,19.999
17.848,0.05,19.999
17.849,0.05,19.999
17.85,0.05,19.999
17.851,0.05,19.999
17.852,0.05,19.999
17.853,0.05,19.999
17.854,0.05,19.999
17.855,0.05,19.999
17.856,0.05,19.999
17.857,0.05,19.999
17.858,0.05,19.999
17.859,0.05,19.999
17.86,0.05,19.999
17.861,0.05,19.999
17.862,0.05,19.999
17.863,0.05,19.999
17.864,0.05,19.999
17.865,0.05,19.999
17.866,0.05,19.999
17.867,0.05,19.999
17.868,0.05,19.999
17.869,0.05,19.999
17.87,0.05,19.999
17.871,0.05,19.999
17.872,0.05,19.999
17.873,0.05,19.999
17.874,0.05,19.999
17.875,0.05,19.999
17.876,0.05,19.999
17.877,0.05,19.999
17.878,0.05,19.999
17.879,0.05,19.999
17.88,0.05,19.999
17.881,0.05,19.999
17.882,0.05,19.999
17.883,0.05,19.999
17.884,0.05,19.999
17.885,0.05,19.999
17.886,0.05,19.999
17.887,0.05,19.999
17.888,0.05,19.999
17.889,0.05,19.999
17.89,0.05,19.999
17.891,0.05,19.999
17.892,0.05,19.999
17.893,0.05,19.999
17.894,0.05,19.999
17.895,0.05,19.999
17.896,0.05,19.999
17.897,0.05,19.999
17.898,0.05,19.999
17.899,0.05,19.999
17.9,0.05,19.999
17.901,0.05,19.999
17.902,0.05,19.999
17.903,0.05,19.999
17.904,0.05,19.999
17.905,0.05,19.999
17.906,0.05,19.999
17.907,0.05,19.999
17.908,0.05,19.999
17.909,0.05,19.999
17.91,0.05,19.999
17.911,0.05,19.999
17.912,0.05,19.999
17.913,0.05,19.999
17.914,0.05,19.999
17.915,0.05,19.999
17.916,0.05,19.999
17.917,0.05,19.999
17.918,0.05,19.999
17.919,0.05,19.999
17.92,0.05,19.999
17.921,0.05,19.999
17.922,0.05,19.999
17.923,0.05,19.999
17.924,0.05,19.999
17.925,0.05,19.999
17.926,0.05,19.999
17.927,0.05,19.999
17.928,0.05,19.999
17.929,0.05,19.999
17.93,0.05,19.999
17.931,0.05,19.999
17.932,0.05,19.999
17.933,0.05,19.999
17.934,0.05,19.999
17.935,0.05,19.999
17.936,0.05,19.999
17.937,0.05,19.999
17.938,0.05,19.999
17.939,0.05,19.999
17.94,0.05,19.999
17.941,0.05,19.999
17.942,0.05,19.999
17.943,0.05,19.999
17.944,0.05,19.999
17.945,0.05,19.999
17.946,0.05,19.999
17.947,0.05,19.999
17.948,0.05,19.999
17.949,0.05,19.999
17.95,0.05,19.999
17.951,0.05,19.999
17.952,0.05,19.999
17.953,0.05,19.999
17.954,0.05,19.999
17.955,0.05,19.999
17.956,0.05,19.999
17.957,0.05,19.999
17.958,0.05,19.999
17.959,0.05,19.999
17.96,0.05,19.999
17.961,0.05,19.999
17.962,0.05,19.999
17.963,0.05,19.999
17.964,0.05,19.999
17.965,0.05,19.999
17.966,0.05,19.999
17.967,0.05,19.999
17.968,0.05,19.999
17.969,0.05,19.999
17.97,0.05,19.999
17.971,0.05,19.999
17.972,0.05,19.999
17.973,0.05,19.999
17.974,0.05,19.999
17.975,0.05,19.999
17.976,0.05,19.999
17.977,0.05,19.999
17.978,0.05,19.999
17.979,0.05,19.999
17.98,0.05,19.999
17.981,0.05,19.999
17.982,0.05,19.999
17.983,0.05,19.999
17.984,0.05,19.999
17.985,0.05,19.999
17.986,0.05,19.999
17.987,0.05,19.999
17.988,0.05,19.999
17.989,0.05,19.999
17.99,0.05,19.999
17.991,0.05,19.999
17.992,0.05,19.999
17.993,0.05,19.999
17.994,0.05,19.999
17.995,0.05,19.999
17.996,0.05,19.999
17.997,0.05,19.999
17.998,0.05,19.999
17.999,0.05,19.999
18,0.05,19.999
18.001,0.05,19.999
18.002,0.05,19.999
18.003,0.05,19.999
18.004,0.05,19.999
18.005,0.05,19.999
18.006,0.05,19.999
18.007,0.05,19.999
18.008,0.05,19.999
18.009,0.05,19.999
18.01,0.05,19.999
18.011,0.05,19.999
18.012,0.05,19.999
18.013,0.05,19.999
18.014,0.05,19.999
18.015,0.05,19.999
18.016,0.05,19.999
18.017,0.05,19.999
18.018,0.05,19.999
18.019,0.05,19.999
18.02,0.05,19.999
18.021,0.05,19.999
18.022,0.05,19.999
18.023,0.05,19.999
18.024,0.05,19.999
18.025,0.05,19.999
18.026,0.05,19.999
18.027,0.05,19.999
18.028,0.05,19.999
18.029,0.05,19.999
18.03,0.05,19.999
18.031,0.05,19.999
18.032,0.05,19.999
18.033,0.05,19.999
18.034,0.05,19.999
18.035,0.05,19.999
18.036,0.05,19.999
18.037,0.05,19.999
18.038,0.05,19.999
18.039,0.05,19.999
18.04,0.05,19.999
18.041,0.05,19.999
18.042,0.05,19.999
18.043,0.05,19.999
18.044,0.05,19.999
18.045,0.05,19.999
18.046,0.05,19.999
18.047,0.05,19.999
18.048,0.05,19.999
18.049,0.05,19.999
18.05,0.05,19.999
18.051,0.05,19.999
18.052,0.05,19.999
18.053,0.05,19.999
18.054,0.05,19.999
18.055,0.05,19.999
18.056,0.05,19.999
18.057,0.05,19.999
18.058,0.05,19.999
18.059,0.05,19.999
18.06,0.05,19.999
18.061,0.05,19.999
18.062,0.05,19.999
18.063,0.05,19.999
18.064,0.05,19.999
18.065,0.05,19.999
18.066,0.05,19.999
18.067,0.05,19.999
18.068,0.05,19.999
18.069,0.05,19.999
18.07,0.05,19.999
18.071,0.05,19.999
18.072,0.05,19.999
18.073,0.05,19.999
18.074,0.05,19.999
18.075,0.05,19.999
18.076,0.05,19.999
18.077,0.05,19.999
18.078,0.05,19.999
18.079,0.05,19.999
18.08,0.05,19.999
18.081,0.05,19.999
18.082,0.05,19.999
18.083,0.05,19.999
18.084,0.05,19.999
18.085,0.05,19.999
18.086,0.05,19.999
18.087,0.05,19.999
18.088,0.05,19.999
18.089,0.05,19.999
18.09,0.05,19.999
18.091,0.05,19.999
18.092,0.05,19.999
18.093,0.05,19.999
18.094,0.05,19.999
18.095,0.05,19.999
18.096,0.05,19.999
18.097,0.05,19.999
18.098,0.05,19.999
18.099,0.05,19.999
18.1,0.05,19.999
18.101,0.05,19.999
18.102,0.05,19.999
18.103,0.05,19.999
18.104,0.05,19.999
18.105,0.05,19.999
18.106,0.05,19.999
18.107,0.05,19.999
18.108,0.05,19.999
18.109,0.05,19.999
18.11,0.05,19.999
18.111,0.05,19.999
18.112,0.05,19.999
18.113,0.05,19.999
18.114,0.05,19.999
18.115,0.05,19.999
18.116,0.05,19.999
18.117,0.05,19.999
18.118,0.05,19.999
18.119,0.05,19.999
18.12,0.05,19.999
18.121,0.05,19.999
18.122,0.05,19.999
18.123,0.05,19.999
18.124,0.05,19.999
18.125,0.05,19.999
18.126,0.05,19.999
18.127,0.05,19.999
18.128,0.05,19.999
18.129,0.05,19.999
18.13,0.05,19.999
18.131,0.05,19.999
18.132,0.05,19.999
18.133,0.05,19.999
18.134,0.05,19.999
18.135,0.05,19.999
18.136,0.05,19.999
18.137,0.05,19.999
18.138,0.05,19.999
18.139,0.05,19.999
18.14,0.05,19.999
18.141,0.05,19.999
18.142,0.05,19.999
18.143,0.05,19.999
18.144,0.05,19.999
18.145,0.05,19.999
18.146,0.05,19.999
18.147,0.05,19.999
18.148,0.05,19.999
18.149,0.05,19.999
18.15,0.05,19.999
18.151,0.05,19.999
18.152,0.05,19.999
18.153,0.05,19.999
18.154,0.05,19.999
18.155,0.05,19.999
18.156,0.05,19.999
18.157,0.05,19.999
18.158,0.05,19.999
18.159,0.05,19.999
18.16,0.05,19.999
18.161,0.05,19.999
18.162,0.05,19.999
18.163,0.05,19.999
18.164,0.05,19.999
18.165,0.05,19.999
18.166,0.05,19.999
18.167,0.05,19.999
18.168,0.05,19.999
18.169,0.05,19.999
18.17,0.05,19.999
18.171,0.05,19.999
18.172,0.05,19.999
18.173,0.05,19.999
18.174,0.05,19.999
18.175,0.05,19.999
18.176,0.05,19.999
18.177,0.05,19.999
18.178,0.05,19.999
18.179,0.05,19.999
18.18,0.05,19.999
18.181,0.05,19.999
18.182,0.05,19.999
18.183,0.05,19.999
18.184,0.05,19.999
18.185,0.05,19.999
18.186,0.05,19.999
18.187,0.05,19.999
18.188,0.05,19.999
18.189,0.05,19.999
18.19,0.05,19.999
18.191,0.05,19.999
18.192,0.05,19.999
18.193,0.05,19.999
18.194,0.05,19.999
18.195,0.05,19.999
18.196,0.05,19.999
18.197,0.05,19.999
18.198,0.05,19.999
18.199,0.05,19.999
18.2,0.05,19.999
18.201,0.05,19.999
18.202,0.05,19.999
18.203,0.05,19.999
18.204,0.05,19.999
18.205,0.05,19.999
18.206,0.05,19.999
18.207,0.05,19.999
18.208,0.05,19.999
18.209,0.05,19.999
18.21,0.05,19.999
18.211,0.05,19.999
18.212,0.05,19.999
18.213,0.05,19.999
18.214,0.05,19.999
18.215,0.05,19.999
18.216,0.05,19.999
18.217,0.05,19.999
18.218,0.05,19.999
18.219,0.05,19.999
18.22,0.05,19.999
18.221,0.05,19.999
18.222,0.05,19.999
18.223,0.05,19.999
18.224,0.05,19.999
18.225,0.05,19.999
18.226,0.05,19.999
18.227,0.05,19.999
18.228,0.05,19.999
18.229,0.05,19.999
18.23,0.05,19.999
18.231,0.05,19.999
18.232,0.05,19.999
18.233,0.05,19.999
18.234,0.05,19.999
18.235,0.05,19.999
18.236,0.05,19.999
18.237,0.05,19.999
18.238,0.05,19.999
18.239,0.05,19.999
18.24,0.05,19.999
18.241,0.05,19.999
18.242,0.05,19.999
18.243,0.05,19.999
18.244,0.05,19.999
18.245,0.05,19.999
18.246,0.05,19.999
18.247,0.05,19.999
18.248,0.05,19.999
18.249,0.05,19.999
18.25,0.05,19.999
18.251,0.05,19.999
18.252,0.05,19.999
18.253,0.05,19.999
18.254,0.05,19.999
18.255,0.05,19.999
18.256,0.05,19.999
18.257,0.05,19.999
18.258,0.05,19.999
18.259,0.05,19.999
18.26,0.05,19.999
18.261,0.05,19.999
18.262,0.05,19.999
18.263,0.05,19.999
18.264,0.05,19.999
18.265,0.05,19.999
18.266,0.05,19.999
18.267,0.05,19.999
18.268,0.05,19.999
18.269,0.05,19.999
18.27,0.05,19.999
18.271,0.05,19.999
18.272,0.05,19.999
18.273,0.05,19.999
18.274,0.05,19.999
18.275,0.05,19.999
18.276,0.05,19.999
18.277,0.05,19.999
18.278,0.05,19.999
18.279,0.05,19.999
18.28,0.05,19.999
18.281,0.05,19.999
18.282,0.05,19.999
18.283,0.05,19.999
18.284,0.05,19.999
18.285,0.05,19.999
18.286,0.05,19.999
18.287,0.05,19.999
18.288,0.05,19.999
18.289,0.05,19.999
18.29,0.05,19.999
18.291,0.05,19.999
18.292,0.05,19.999
18.293,0.05,19.999
18.294,0.05,19.999
18.295,0.05,19.999
18.296,0.05,19.999
18.297,0.05,19.999
18.298,0.05,19.999
18.299,0.05,19.999
18.3,0.05,19.999
18.301,0.05,19.999
18.302,0.05,19.999
18.303,0.05,19.999
18.304,0.05,19.999
18.305,0.05,19.999
18.306,0.05,19.999
18.307,0.05,19.999
18.308,0.05,19.999
18.309,0.05,19.999
18.31,0.05,19.999
18.311,0.05,19.999
18.312,0.05,19.999
18.313,0.05,19.999
18.314,0.05,19.999
18.315,0.05,19.999
18.316,0.05,19.999
18.317,0.05,19.999
18.318,0.05,19.999
18.319,0.05,19.999
18.32,0.05,19.999
18.321,0.05,19.999
18.322,0.05,19.999
18.323,0.05,19.999
18.324,0.05,19.999
18.325,0.05,19.999
18.326,0.05,19.999
18.327,0.05,19.999
18.328,0.05,19.999
18.329,0.05,19.999
18.33,0.05,19.999
18.331,0.05,19.999
18.332,0.05,19.999
18.333,0.05,19.999
18.334,0.05,19.999
18.335,0.05,19.999
18.336,0.05,19.999
18.337,0.05,19.999
18.338,0.05,19.999
18.339,0.05,19.999
18.34,0.05,19.999
18.341,0.05,19.999
18.342,0.05,19.999
18.343,0.05,19.999
18.344,0.05,19.999
18.345,0.05,19.999
18.346,0.05,19.999
18.347,0.05,19.999
18.348,0.05,19.999
18.349,0.05,19.999
18.35,0.05,19.999
18.351,0.05,19.999
18.352,0.05,19.999
18.353,0.05,19.999
18.354,0.05,19.999
18.355,0.05,19.999
18.356,0.05,19.999
18.357,0.05,19.999
18.358,0.05,19.999
18.359,0.05,19.999
18.36,0.05,19.999
18.361,0.05,19.999
18.362,0.05,19.999
18.363,0.05,19.999
18.364,0.05,19.999
18.365,0.05,19.999
18.366,0.05,19.999
18.367,0.05,19.999
18.368,0.05,19.999
18.369,0.05,19.999
18.37,0.05,19.999
18.371,0.05,19.999
18.372,0.05,19.999
18.373,0.05,19.999
18.374,0.05,19.999
18.375,0.05,19.999
18.376,0.05,19.999
18.377,0.05,19.999
18.378,0.05,19.999
18.379,0.05,19.999
18.38,0.05,19.999
18.381,0.05,19.999
18.382,0.05,19.999
18.383,0.05,19.999
18.384,0.05,19.999
18.385,0.05,19.999
18.386,0.05,19.999
18.387,0.05,19.999
18.388,0.05,19.999
18.389,0.05,19.999
18.39,0.05,19.999
18.391,0.05,19.999
18.392,0.05,19.999
18.393,0.05,19.999
18.394,0.05,19.999
18.395,0.05,19.999
18.396,0.05,19.999
18.397,0.05,19.999
18.398,0.05,19.999
18.399,0.05,19.999
18.4,0.05,19.999
18.401,0.05,19.999
18.402,0.05,19.999
18.403,0.05,19.999
18.404,0.05,19.999
18.405,0.05,19.999
18.406,0.05,19.999
18.407,0.05,19.999
18.408,0.05,19.999
18.409,0.05,19.999
18.41,0.05,19.999
18.411,0.05,19.999
18.412,0.05,19.999
18.413,0.05,19.999
18.414,0.05,19.999
18.415,0.05,19.999
18.416,0.05,19.999
18.417,0.05,19.999
18.418,0.05,19.999
18.419,0.05,19.999
18.42,0.05,19.999
18.421,0.05,19.999
18.422,0.05,19.999
18.423,0.05,19.999
18.424,0.05,19.999
18.425,0.05,19.999
18.426,0.05,19.999
18.427,0.05,19.999
18.428,0.05,19.999
18.429,0.05,19.999
18.43,0.05,19.999
18.431,0.05,19.999
18.432,0.05,19.999
18.433,0.05,19.999
18.434,0.05,19.999
18.435,0.05,19.999
18.436,0.05,19.999
18.437,0.05,19.999
18.438,0.05,19.999
18.439,0.05,19.999
18.44,0.05,19.999
18.441,0.05,19.999
18.442,0.05,19.999
18.443,0.05,19.999
18.444,0.05,19.999
18.445,0.05,19.999
18.446,0.05,19.999
18.447,0.05,19.999
18.448,0.05,19.999
18.449,0.05,19.999
18.45,0.05,19.999
18.451,0.05,19.999
18.452,0.05,19.999
18.453,0.05,19.999
18.454,0.05,19.999
18.455,0.05,19.999
18.456,0.05,19.999
18.457,0.05,19.999
18.458,0.05,19.999
18.459,0.05,19.999
18.46,0.05,19.999
18.461,0.05,19.999
18.462,0.05,19.999
18.463,0.05,19.999
18.464,0.05,19.999
18.465,0.05,19.999
18.466,0.05,19.999
18.467,0.05,19.999
18.468,0.05,19.999
18.469,0.05,19.999
18.47,0.05,19.999
18.471,0.05,19.999
18.472,0.05,19.999
18.473,0.05,19.999
18.474,0.05,19.999
18.475,0.05,19.999
18.476,0.05,19.999
18.477,0.05,19.999
18.478,0.05,19.999
18.479,0.05,19.999
18.48,0.05,19.999
18.481,0.05,19.999
18.482,0.05,19.999
18.483,0.05,19.999
18.484,0.05,19.999
18.485,0.05,19.999
18.486,0.05,19.999
18.487,0.05,19.999
18.488,0.05,19.999
18.489,0.05,19.999
18.49,0.05,19.999
18.491,0.05,19.999
18.492,0.05,19.999
18.493,0.05,19.999
18.494,0.05,19.999
18.495,0.05,19.999
18.496,0.05,19.999
18.497,0.05,19.999
18.498,0.05,19.999
18.499,0.05,19.999
18.5,0.05,19.999
18.501,0.05,19.999
18.502,0.05,19.999
18.503,0.05,19.999
18.504,0.05,19.999
18.505,0.05,19.999
18.506,0.05,19.999
18.507,0.05,19.999
18.508,0.05,19.999
18.509,0.05,19.999
18.51,0.05,19.999
18.511,0.05,19.999
18.512,0.05,19.999
18.513,0.05,19.999
18.514,0.05,19.999
18.515,0.05,19.999
18.516,0.05,19.999
18.517,0.05,19.999
18.518,0.05,19.999
18.519,0.05,19.999
18.52,0.05,19.999
18.521,0.05,19.999
18.522,0.05,19.999
18.523,0.05,19.999
18.524,0.05,19.999
18.525,0.05,19.999
18.526,0.05,19.999
18.527,0.05,19.999
18.528,0.05,19.999
18.529,0.05,19.999
18.53,0.05,19.999
18.531,0.05,19.999
18.532,0.05,19.999
18.533,0.05,19.999
18.534,0.05,19.999
18.535,0.05,19.999
18.536,0.05,19.999
18.537,0.05,19.999
18.538,0.05,19.999
18.539,0.05,19.999
18.54,0.05,19.999
18.541,0.05,19.999
18.542,0.05,19.999
18.543,0.05,19.999
18.544,0.05,19.999
18.545,0.05,19.999
18.546,0.05,19.999
18.547,0.05,19.999
18.548,0.05,19.999
18.549,0.05,19.999
18.55,0.05,19.999
18.551,0.05,19.999
18.552,0.05,19.999
18.553,0.05,19.999
18.554,0.05,19.999
18.555,0.05,19.999
18.556,0.05,19.999
18.557,0.05,19.999
18.558,0.05,19.999
18.559,0.05,19.999
18.56,0.05,19.999
18.561,0.05,19.999
18.562,0.05,19.999
18.563,0.05,19.999
18.564,0.05,19.999
18.565,0.05,19.999
18.566,0.05,19.999
18.567,0.05,19.999
18.568,0.05,19.999
18.569,0.05,19.999
18.57,0.05,19.999
18.571,0.05,19.999
18.572,0.05,19.999
18.573,0.05,19.999
18.574,0.05,19.999
18.575,0.05,19.999
18.576,0.05,19.999
18.577,0.05,19.999
18.578,0.05,19.999
18.579,0.05,19.999
18.58,0.05,19.999
18.581,0.05,19.999
18.582,0.05,19.999
18.583,0.05,19.999
18.584,0.05,19.999
18.585,0.05,19.999
18.586,0.05,19.999
18.587,0.05,19.999
18.588,0.05,19.999
18.589,0.05,19.999
18.59,0.05,19.999
18.591,0.05,19.999
18.592,0.05,19.999
18.593,0.05,19.999
18.594,0.05,19.999
18.595,0.05,19.999
18.596,0.05,19.999
18.597,0.05,19.999
18.598,0.05,19.999
18.599,0.05,19.999
18.6,0.05,19.999
18.601,0.05,19.999
18.602,0.05,19.999
18.603,0.05,19.999
18.604,0.05,19.999
18.605,0.05,19.999
18.606,0.05,19.999
18.607,0.05,19.999
18.608,0.05,19.999
18.609,0.05,19.999
18.61,0.05,19.999
18.611,0.05,19.999
18.612,0.05,19.999
18.613,0.05,19.999
18.614,0.05,19.999
18.615,0.05,19.999
18.616,0.05,19.999
18.617,0.05,19.999
18.618,0.05,19.999
18.619,0.05,19.999
18.62,0.05,19.999
18.621,0.05,19.999
18.622,0.05,19.999
18.623,0.05,19.999
18.624,0.05,19.999
18.625,0.05,19.999
18.626,0.05,19.999
18.627,0.05,19.999
18.628,0.05,19.999
18.629,0.05,19.999
18.63,0.05,19.999
18.631,0.05,19.999
18.632,0.05,19.999
18.633,0.05,19.999
18.634,0.05,19.999
18.635,0.05,19.999
18.636,0.05,19.999
18.637,0.05,19.999
18.638,0.05,19.999
18.639,0.05,19.999
18.64,0.05,19.999
18.641,0.05,19.999
18.642,0.05,19.999
18.643,0.05,19.999
18.644,0.05,19.999
18.645,0.05,19.999
18.646,0.05,19.999
18.647,0.05,19.999
18.648,0.05,19.999
18.649,0.05,19.999
18.65,0.05,19.999
18.651,0.05,19.999
18.652,0.05,19.999
18.653,0.05,19.999
18.654,0.05,19.999
18.655,0.05,19.999
18.656,0.05,19.999
18.657,0.05,19.999
18.658,0.05,19.999
18.659,0.05,19.999
18.66,0.05,19.999
18.661,0.05,19.999
18.662,0.05,19.999
18.663,0.05,19.999
18.664,0.05,19.999
18.665,0.05,19.999
18.666,0.05,19.999
18.667,0.05,19.999
18.668,0.05,19.999
18.669,0.05,19.999
18.67,0.05,19.999
18.671,0.05,19.999
18.672,0.05,19.999
18.673,0.05,19.999
18.674,0.05,19.999
18.675,0.05,19.999
18.676,0.05,19.999
18.677,0.05,19.999
18.678,0.05,19.999
18.679,0.05,19.999
18.68,0.05,19.999
18.681,0.05,19.999
18.682,0.05,19.999
18.683,0.05,19.999
18.684,0.05,19.999
18.685,0.05,19.999
18.686,0.05,19.999
18.687,0.05,19.999
18.688,0.05,19.999
18.689,0.05,19.999
18.69,0.05,19.999
18.691,0.05,19.999
18.692,0.05,19.999
18.693,0.05,19.999
18.694,0.05,19.999
18.695,0.05,19.999
18.696,0.05,19.999
18.697,0.05,19.999
18.698,0.05,19.999
18.699,0.05,19.999
18.7,0.05,19.999
18.701,0.05,19.999
18.702,0.05,19.999
18.703,0.05,19.999
18.704,0.05,19.999
18.705,0.05,19.999
18.706,0.05,19.999
18.707,0.05,19.999
18.708,0.05,19.999
18.709,0.05,19.999
18.71,0.05,19.999
18.711,0.05,19.999
18.712,0.05,19.999
18.713,0.05,19.999
18.714,0.05,19.999
18.715,0.05,19.999
18.716,0.05,19.999
18.717,0.05,19.999
18.718,0.05,19.999
18.719,0.05,19.999
18.72,0.05,19.999
18.721,0.05,19.999
18.722,0.05,19.999
18.723,0.05,19.999
18.724,0.05,19.999
18.725,0.05,19.999
18.726,0.05,19.999
18.727,0.05,19.999
18.728,0.05,19.999
18.729,0.05,19.999
18.73,0.05,19.999
18.731,0.05,19.999
18.732,0.05,19.999
18.733,0.05,19.999
18.734,0.05,19.999
18.735,0.05,19.999
18.736,0.05,19.999
18.737,0.05,19.999
18.738,0.05,19.999
18.739,0.05,19.999
18.74,0.05,19.999
18.741,0.05,19.999
18.742,0.05,19.999
18.743,0.05,19.999
18.744,0.05,19.999
18.745,0.05,19.999
18.746,0.05,19.999
18.747,0.05,19.999
18.748,0.05,19.999
18.749,0.05,19.999
18.75,0.05,19.999
18.751,0.05,19.999
18.752,0.05,19.999
18.753,0.05,19.999
18.754,0.05,19.999
18.755,0.05,19.999
18.756,0.05,19.999
18.757,0.05,19.999
18.758,0.05,19.999
18.759,0.05,19.999
18.76,0.05,19.999
18.761,0.05,19.999
18.762,0.05,19.999
18.763,0.05,19.999
18.764,0.05,19.999
18.765,0.05,19.999
18.766,0.05,19.999
18.767,0.05,19.999
18.768,0.05,19.999
18.769,0.05,19.999
18.77,0.05,19.999
18.771,0.05,19.999
18.772,0.05,19.999
18.773,0.05,19.999
18.774,0.05,19.999
18.775,0.05,19.999
18.776,0.05,19.999
18.777,0.05,19.999
18.778,0.05,19.999
18.779,0.05,19.999
18.78,0.05,19.999
18.781,0.05,19.999
18.782,0.05,19.999
18.783,0.05,19.999
18.784,0.05,19.999
18.785,0.05,19.999
18.786,0.05,19.999
18.787,0.05,19.999
18.788,0.05,19.999
18.789,0.05,19.999
18.79,0.05,19.999
18.791,0.05,19.999
18.792,0.05,19.999
18.793,0.05,19.999
18.794,0.05,19.999
18.795,0.05,19.999
18.796,0.05,19.999
18.797,0.05,19.999
18.798,0.05,19.999
18.799,0.05,19.999
18.8,0.05,19.999
18.801,0.05,19.999
18.802,0.05,19.999
18.803,0.05,19.999
18.804,0.05,19.999
18.805,0.05,19.999
18.806,0.05,19.999
18.807,0.05,19.999
18.808,0.05,19.999
18.809,0.05,19.999
18.81,0.05,19.999
18.811,0.05,19.999
18.812,0.05,19.999
18.813,0.05,19.999
18.814,0.05,19.999
18.815,0.05,19.999
18.816,0.05,19.999
18.817,0.05,19.999
18.818,0.05,19.999
18.819,0.05,19.999
18.82,0.05,19.999
18.821,0.05,19.999
18.822,0.05,19.999
18.823,0.05,19.999
18.824,0.05,19.999
18.825,0.05,19.999
18.826,0.05,19.999
18.827,0.05,19.999
18.828,0.05,19.999
18.829,0.05,19.999
18.83,0.05,19.999
18.831,0.05,19.999
18.832,0.05,19.999
18.833,0.05,19.999
18.834,0.05,19.999
18.835,0.05,19.999
18.836,0.05,19.999
18.837,0.05,19.999
18.838,0.05,19.999
18.839,0.05,19.999
18.84,0.05,19.999
18.841,0.05,19.999
18.842,0.05,19.999
18.843,0.05,19.999
18.844,0.05,19.999
18.845,0.05,19.999
18.846,0.05,19.999
18.847,0.05,19.999
18.848,0.05,19.999
18.849,0.05,19.999
18.85,0.05,19.999
18.851,0.05,19.999
18.852,0.05,19.999
18.853,0.05,19.999
18.854,0.05,19.999
18.855,0.05,19.999
18.856,0.05,19.999
18.857,0.05,19.999
18.858,0.05,19.999
18.859,0.05,19.999
18.86,0.05,19.999
18.861,0.05,19.999
18.862,0.05,19.999
18.863,0.05,19.999
18.864,0.05,19.999
18.865,0.05,19.999
18.866,0.05,19.999
18.867,0.05,19.999
18.868,0.05,19.999
18.869,0.05,19.999
18.87,0.05,19.999
18.871,0.05,19.999
18.872,0.05,19.999
18.873,0.05,19.999
18.874,0.05,19.999
18.875,0.05,19.999
18.876,0.05,19.999
18.877,0.05,19.999
18.878,0.05,19.999
18.879,0.05,19.999
18.88,0.05,19.999
18.881,0.05,19.999
18.882,0.05,19.999
18.883,0.05,19.999
18.884,0.05,19.999
18.885,0.05,19.999
18.886,0.05,19.999
18.887,0.05,19.999
18.888,0.05,19.999
18.889,0.05,19.999
18.89,0.05,19.999
18.891,0.05,19.999
18.892,0.05,19.999
18.893,0.05,19.999
18.894,0.05,19.999
18.895,0.05,19.999
18.896,0.05,19.999
18.897,0.05,19.999
18.898,0.05,19.999
18.899,0.05,19.999
18.9,0.05,19.999
18.901,0.05,19.999
18.902,0.05,19.999
18.903,0.05,19.999
18.904,0.05,19.999
18.905,0.05,19.999
18.906,0.05,19.999
18.907,0.05,19.999
18.908,0.05,19.999
18.909,0.05,19.999
18.91,0.05,19.999
18.911,0.05,19.999
18.912,0.05,19.999
18.913,0.05,19.999
18.914,0.05,19.999
18.915,0.05,19.999
18.916,0.05,19.999
18.917,0.05,19.999
18.918,0.05,19.999
18.919,0.05,19.999
18.92,0.05,19.999
18.921,0.05,19.999
18.922,0.05,19.999
18.923,0.05,19.999
18.924,0.05,19.999
18.925,0.05,19.999
18.926,0.05,19.999
18.927,0.05,19.999
18.928,0.05,19.999
18.929,0.05,19.999
18.93,0.05,19.999
18.931,0.05,19.999
18.932,0.05,19.999
18.933,0.05,19.999
18.934,0.05,19.999
18.935,0.05,19.999
18.936,0.05,19.999
18.937,0.05,19.999
18.938,0.05,19.999
18.939,0.05,19.999
18.94,0.05,19.999
18.941,0.05,19.999
18.942,0.05,19.999
18.943,0.05,19.999
18.944,0.05,19.999
18.945,0.05,19.999
18.946,0.05,19.999
18.947,0.05,19.999
18.948,0.05,19.999
18.949,0.05,19.999
18.95,0.05,19.999
18.951,0.05,19.999
18.952,0.05,19.999
18.953,0.05,19.999
18.954,0.05,19.999
18.955,0.05,19.999
18.956,0.05,19.999
18.957,0.05,19.999
18.958,0.05,19.999
18.959,0.05,19.999
18.96,0.05,19.999
18.961,0.05,19.999
18.962,0.05,19.999
18.963,0.05,19.999
18.964,0.05,19.999
18.965,0.05,19.999
18.966,0.05,19.999
18.967,0.05,19.999
18.968,0.05,19.999
18.969,0.05,19.999
18.97,0.05,19.999
18.971,0.05,19.999
18.972,0.05,19.999
18.973,0.05,19.999
18.974,0.05,19.999
18.975,0.05,19.999
18.976,0.05,19.999
18.977,0.05,19.999
18.978,0.05,19.999
18.979,0.05,19.999
18.98,0.05,19.999
18.981,0.05,19.999
18.982,0.05,19.999
18.983,0.05,19.999
18.984,0.05,19.999
18.985,0.05,19.999
18.986,0.05,19.999
18.987,0.05,19.999
18.988,0.05,19.999
18.989,0.05,19.999
18.99,0.05,19.999
18.991,0.05,19.999
18.992,0.05,19.999
18.993,0.05,19.999
18.994,0.05,19.999
18.995,0.05,19.999
18.996,0.05,19.999
18.997,0.05,19.999
18.998,0.05,19.999
18.999,0.05,19.999
19,0.05,19.999
19.001,0.05,19.999
19.002,0.05,19.999
19.003,0.05,19.999
19.004,0.05,19.999
19.005,0.05,19.999
19.006,0.05,19.999
19.007,0.05,19.999
19.008,0.05,19.999
19.009,0.05,19.999
19.01,0.05,19.999
19.011,0.05,19.999
19.012,0.05,19.999
19.013,0.05,19.999
19.014,0.05,19.999
19.015,0.05,19.999
19.016,0.05,19.999
19.017,0.05,19.999
19.018,0.05,19.999
19.019,0.05,19.999
19.02,0.05,19.999
19.021,0.05,19.999
19.022,0.05,19.999
19.023,0.05,19.999
19.024,0.05,19.999
19.025,0.05,19.999
19.026,0.05,19.999
19.027,0.05,19.999
19.028,0.05,19.999
19.029,0.05,19.999
19.03,0.05,19.999
19.031,0.05,19.999
19.032,0.05,19.999
19.033,0.05,19.999
19.034,0.05,19.999
19.035,0.05,19.999
19.036,0.05,19.999
19.037,0.05,19.999
19.038,0.05,19.999
19.039,0.05,19.999
19.04,0.05,19.999
19.041,0.05,19.999
19.042,0.05,19.999
19.043,0.05,19.999
19.044,0.05,19.999
19.045,0.05,19.999
19.046,0.05,19.999
19.047,0.05,19.999
19.048,0.05,19.999
19.049,0.05,19.999
19.05,0.05,19.999
19.051,0.05,19.999
19.052,0.05,19.999
19.053,0.05,19.999
19.054,0.05,19.999
19.055,0.05,19.999
19.056,0.05,19.999
19.057,0.05,19.999
19.058,0.05,19.999
19.059,0.05,19.999
19.06,0.05,19.999
19.061,0.05,19.999
19.062,0.05,19.999
19.063,0.05,19.999
19.064,0.05,19.999
19.065,0.05,19.999
19.066,0.05,19.999
19.067,0.05,19.999
19.068,0.05,19.999
19.069,0.05,19.999
19.07,0.05,19.999
19.071,0.05,19.999
19.072,0.05,19.999
19.073,0.05,19.999
19.074,0.05,19.999
19.075,0.05,19.999
19.076,0.05,19.999
19.077,0.05,19.999
19.078,0.05,19.999
19.079,0.05,19.999
19.08,0.05,19.999
19.081,0.05,19.999
19.082,0.05,19.999
19.083,0.05,19.999
19.084,0.05,19.999
19.085,0.05,19.999
19.086,0.05,19.999
19.087,0.05,19.999
19.088,0.05,19.999
19.089,0.05,19.999
19.09,0.05,19.999
19.091,0.05,19.999
19.092,0.05,19.999
19.093,0.05,19.999
19.094,0.05,19.999
19.095,0.05,19.999
19.096,0.05,19.999
19.097,0.05,19.999
19.098,0.05,19.999
19.099,0.05,19.999
19.1,0.05,19.999
19.101,0.05,19.999
19.102,0.05,19.999
19.103,0.05,19.999
19.104,0.05,19.999
19.105,0.05,19.999
19.106,0.05,19.999
19.107,0.05,19.999
19.108,0.05,19.999
19.109,0.05,19.999
19.11,0.05,19.999
19.111,0.05,19.999
19.112,0.05,19.999
19.113,0.05,19.999
19.114,0.05,19.999
19.115,0.05,19.999
19.116,0.05,19.999
19.117,0.05,19.999
19.118,0.05,19.999
19.119,0.05,19.999
19.12,0.05,19.999
19.121,0.05,19.999
19.122,0.05,19.999
19.123,0.05,19.999
19.124,0.05,19.999
19.125,0.05,19.999
19.126,0.05,19.999
19.127,0.05,19.999
19.128,0.05,19.999
19.129,0.05,19.999
19.13,0.05,19.999
19.131,0.05,19.999
19.132,0.05,19.999
19.133,0.05,19.999
19.134,0.05,19.999
19.135,0.05,19.999
19.136,0.05,19.999
19.137,0.05,19.999
19.138,0.05,19.999
19.139,0.05,19.999
19.14,0.05,19.999
19.141,0.05,19.999
19.142,0.05,19.999
19.143,0.05,19.999
19.144,0.05,19.999
19.145,0.05,19.999
19.146,0.05,19.999
19.147,0.05,19.999
19.148,0.05,19.999
19.149,0.05,19.999
19.15,0.05,19.999
19.151,0.05,19.999
19.152,0.05,19.999
19.153,0.05,19.999
19.154,0.05,19.999
19.155,0.05,19.999
19.156,0.05,19.999
19.157,0.05,19.999
19.158,0.05,19.999
19.159,0.05,19.999
19.16,0.05,19.999
19.161,0.05,19.999
19.162,0.05,19.999
19.163,0.05,19.999
19.164,0.05,19.999
19.165,0.05,19.999
19.166,0.05,19.999
19.167,0.05,19.999
19.168,0.05,19.999
19.169,0.05,19.999
19.17,0.05,19.999
19.171,0.05,19.999
19.172,0.05,19.999
19.173,0.05,19.999
19.174,0.05,19.999
19.175,0.05,19.999
19.176,0.05,19.999
19.177,0.05,19.999
19.178,0.05,19.999
19.179,0.05,19.999
19.18,0.05,19.999
19.181,0.05,19.999
19.182,0.05,19.999
19.183,0.05,19.999
19.184,0.05,19.999
19.185,0.05,19.999
19.186,0.05,19.999
19.187,0.05,19.999
19.188,0.05,19.999
19.189,0.05,19.999
19.19,0.05,19.999
19.191,0.05,19.999
19.192,0.05,19.999
19.193,0.05,19.999
19.194,0.05,19.999
19.195,0.05,19.999
19.196,0.05,19.999
19.197,0.05,19.999
19.198,0.05,19.999
19.199,0.05,19.999
19.2,0.05,19.999
19.201,0.05,19.999
19.202,0.05,19.999
19.203,0.05,19.999
19.204,0.05,19.999
19.205,0.05,19.999
19.206,0.05,19.999
19.207,0.05,19.999
19.208,0.05,19.999
19.209,0.05,19.999
19.21,0.05,19.999
19.211,0.05,19.999
19.212,0.05,19.999
19.213,0.05,19.999
19.214,0.05,19.999
19.215,0.05,19.999
19.216,0.05,19.999
19.217,0.05,19.999
19.218,0.05,19.999
19.219,0.05,19.999
19.22,0.05,19.999
19.221,0.05,19.999
19.222,0.05,19.999
19.223,0.05,19.999
19.224,0.05,19.999
19.225,0.05,19.999
19.226,0.05,19.999
19.227,0.05,19.999
19.228,0.05,19.999
19.229,0.05,19.999
19.23,0.05,19.999
19.231,0.05,19.999
19.232,0.05,19.999
19.233,0.05,19.999
19.234,0.05,19.999
19.235,0.05,19.999
19.236,0.05,19.999
19.237,0.05,19.999
19.238,0.05,19.999
19.239,0.05,19.999
19.24,0.05,19.999
19.241,0.05,19.999
19.242,0.05,19.999
19.243,0.05,19.999
19.244,0.05,19.999
19.245,0.05,19.999
19.246,0.05,19.999
19.247,0.05,19.999
19.248,0.05,19.999
19.249,0.05,19.999
19.25,0.05,19.999
19.251,0.05,19.999
19.252,0.05,19.999
19.253,0.05,19.999
19.254,0.05,19.999
19.255,0.05,19.999
19.256,0.05,19.999
19.257,0.05,19.999
19.258,0.05,19.999
19.259,0.05,19.999
19.26,0.05,19.999
19.261,0.05,19.999
19.262,0.05,19.999
19.263,0.05,19.999
19.264,0.05,19.999
19.265,0.05,19.999
19.266,0.05,19.999
19.267,0.05,19.999
19.268,0.05,19.999
19.269,0.05,19.999
19.27,0.05,19.999
19.271,0.05,19.999
19.272,0.05,19.999
19.273,0.05,19.999
19.274,0.05,19.999
19.275,0.05,19.999
19.276,0.05,19.999
19.277,0.05,19.999
19.278,0.05,19.999
19.279,0.05,19.999
19.28,0.05,19.999
19.281,0.05,19.999
19.282,0.05,19.999
19.283,0.05,19.999
19.284,0.05,19.999
19.285,0.05,19.999
19.286,0.05,19.999
19.287,0.05,19.999
19.288,0.05,19.999
19.289,0.05,19.999
19.29,0.05,19.999
19.291,0.05,19.999
19.292,0.05,19.999
19.293,0.05,19.999
19.294,0.05,19.999
19.295,0.05,19.999
19.296,0.05,19.999
19.297,0.05,19.999
19.298,0.05,19.999
19.299,0.05,19.999
19.3,0.05,19.999
19.301,0.05,19.999
19.302,0.05,19.999
19.303,0.05,19.999
19.304,0.05,19.999
19.305,0.05,19.999
19.306,0.05,19.999
19.307,0.05,19.999
19.308,0.05,19.999
19.309,0.05,19.999
19.31,0.05,19.999
19.311,0.05,19.999
19.312,0.05,19.999
19.313,0.05,19.999
19.314,0.05,19.999
19.315,0.05,19.999
19.316,0.05,19.999
19.317,0.05,19.999
19.318,0.05,19.999
19.319,0.05,19.999
19.32,0.05,19.999
19.321,0.05,19.999
19.322,0.05,19.999
19.323,0.05,19.999
19.324,0.05,19.999
19.325,0.05,19.999
19.326,0.05,19.999
19.327,0.05,19.999
19.328,0.05,19.999
19.329,0.05,19.999
19.33,0.05,19.999
19.331,0.05,19.999
19.332,0.05,19.999
19.333,0.05,19.999
19.334,0.05,19.999
19.335,0.05,19.999
19.336,0.05,19.999
19.337,0.05,19.999
19.338,0.05,19.999
19.339,0.05,19.999
19.34,0.05,19.999
19.341,0.05,19.999
19.342,0.05,19.999
19.343,0.05,19.999
19.344,0.05,19.999
19.345,0.05,19.999
19.346,0.05,19.999
19.347,0.05,19.999
19.348,0.05,19.999
19.349,0.05,19.999
19.35,0.05,19.999
19.351,0.05,19.999
19.352,0.05,19.999
19.353,0.05,19.999
19.354,0.05,19.999
19.355,0.05,19.999
19.356,0.05,19.999
19.357,0.05,19.999
19.358,0.05,19.999
19.359,0.05,19.999
19.36,0.05,19.999
19.361,0.05,19.999
19.362,0.05,19.999
19.363,0.05,19.999
19.364,0.05,19.999
19.365,0.05,19.999
19.366,0.05,19.999
19.367,0.05,19.999
19.368,0.05,19.999
19.369,0.05,19.999
19.37,0.05,19.999
19.371,0.05,19.999
19.372,0.05,19.999
19.373,0.05,19.999
19.374,0.05,19.999
19.375,0.05,19.999
19.376,0.05,19.999
19.377,0.05,19.999
19.378,0.05,19.999
19.379,0.05,19.999
19.38,0.05,19.999
19.381,0.05,19.999
19.382,0.05,19.999
19.383,0.05,19.999
19.384,0.05,19.999
19.385,0.05,19.999
19.386,0.05,19.999
19.387,0.05,19.999
19.388,0.05,19.999
19.389,0.05,19.999
19.39,0.05,19.999
19.391,0.05,19.999
19.392,0.05,19.999
19.393,0.05,19.999
19.394,0.05,19.999
19.395,0.05,19.999
19.396,0.05,19.999
19.397,0.05,19.999
19.398,0.05,19.999
19.399,0.05,19.999
19.4,0.05,19.999
19.401,0.05,19.999
19.402,0.05,19.999
19.403,0.05,19.999
19.404,0.05,19.999
19.405,0.05,19.999
19.406,0.05,19.999
19.407,0.05,19.999
19.408,0.05,19.999
19.409,0.05,19.999
19.41,0.05,19.999
19.411,0.05,19.999
19.412,0.05,19.999
19.413,0.05,19.999
19.414,0.05,19.999
19.415,0.05,19.999
19.416,0.05,19.999
19.417,0.05,19.999
19.418,0.05,19.999
19.419,0.05,19.999
19.42,0.05,19.999
19.421,0.05,19.999
19.422,0.05,19.999
19.423,0.05,19.999
19.424,0.05,19.999
19.425,0.05,19.999
19.426,0.05,19.999
19.427,0.05,19.999
19.428,0.05,19.999
19.429,0.05,19.999
19.43,0.05,19.999
19.431,0.05,19.999
19.432,0.05,19.999
19.433,0.05,19.999
19.434,0.05,19.999
19.435,0.05,19.999
19.436,0.05,19.999
19.437,0.05,19.999
19.438,0.05,19.999
19.439,0.05,19.999
19.44,0.05,19.999
19.441,0.05,19.999
19.442,0.05,19.999
19.443,0.05,19.999
19.444,0.05,19.999
19.445,0.05,19.999
19.446,0.05,19.999
19.447,0.05,19.999
19.448,0.05,19.999
19.449,0.05,19.999
19.45,0.05,19.999
19.451,0.05,19.999
19.452,0.05,19.999
19.453,0.05,19.999
19.454,0.05,19.999
19.455,0.05,19.999
19.456,0.05,19.999
19.457,0.05,19.999
19.458,0.05,19.999
19.459,0.05,19.999
19.46,0.05,19.999
19.461,0.05,19.999
19.462,0.05,19.999
19.463,0.05,19.999
19.464,0.05,19.999
19.465,0.05,19.999
19.466,0.05,19.999
19.467,0.05,19.999
19.468,0.05,19.999
19.469,0.05,19.999
19.47,0.05,19.999
19.471,0.05,19.999
19.472,0.05,19.999
19.473,0.05,19.999
19.474,0.05,19.999
19.475,0.05,19.999
19.476,0.05,19.999
19.477,0.05,19.999
19.478,0.05,19.999
19.479,0.05,19.999
19.48,0.05,19.999
19.481,0.05,19.999
19.482,0.05,19.999
19.483,0.05,19.999
19.484,0.05,19.999
19.485,0.05,19.999
19.486,0.05,19.999
19.487,0.05,19.999
19.488,0.05,19.999
19.489,0.05,19.999
19.49,0.05,19.999
19.491,0.05,19.999
19.492,0.05,19.999
19.493,0.05,19.999
19.494,0.05,19.999
19.495,0.05,19.999
19.496,0.05,19.999
19.497,0.05,19.999
19.498,0.05,19.999
19.499,0.05,19.999
19.5,0.05,19.999
19.501,0.05,19.999
19.502,0.05,19.999
19.503,0.05,19.999
19.504,0.05,19.999
19.505,0.05,19.999
19.506,0.05,19.999
19.507,0.05,19.999
19.508,0.05,19.999
19.509,0.05,19.999
19.51,0.05,19.999
19.511,0.05,19.999
19.512,0.05,19.999
19.513,0.05,19.999
19.514,0.05,19.999
19.515,0.05,19.999
19.516,0.05,19.999
19.517,0.05,19.999
19.518,0.05,19.999
19.519,0.05,19.999
19.52,0.05,19.999
19.521,0.05,19.999
19.522,0.05,19.999
19.523,0.05,19.999
19.524,0.05,19.999
19.525,0.05,19.999
19.526,0.05,19.999
19.527,0.05,19.999
19.528,0.05,19.999
19.529,0.05,19.999
19.53,0.05,19.999
19.531,0.05,19.999
19.532,0.05,19.999
19.533,0.05,19.999
19.534,0.05,19.999
19.535,0.05,19.999
19.536,0.05,19.999
19.537,0.05,19.999
19.538,0.05,19.999
19.539,0.05,19.999
19.54,0.05,19.999
19.541,0.05,19.999
19.542,0.05,19.999
19.543,0.05,19.999
19.544,0.05,19.999
19.545,0.05,19.999
19.546,0.05,19.999
19.547,0.05,19.999
19.548,0.05,19.999
19.549,0.05,19.999
19.55,0.05,19.999
19.551,0.05,19.999
19.552,0.05,19.999
19.553,0.05,19.999
19.554,0.05,19.999
19.555,0.05,19.999
19.556,0.05,19.999
19.557,0.05,19.999
19.558,0.05,19.999
19.559,0.05,19.999
19.56,0.05,19.999
19.561,0.05,19.999
19.562,0.05,19.999
19.563,0.05,19.999
19.564,0.05,19.999
19.565,0.05,19.999
19.566,0.05,19.999
19.567,0.05,19.999
19.568,0.05,19.999
19.569,0.05,19.999
19.57,0.05,19.999
19.571,0.05,19.999
19.572,0.05,19.999
19.573,0.05,19.999
19.574,0.05,19.999
19.575,0.05,19.999
19.576,0.05,19.999
19.577,0.05,19.999
19.578,0.05,19.999
19.579,0.05,19.999
19.58,0.05,19.999
19.581,0.05,19.999
19.582,0.05,19.999
19.583,0.05,19.999
19.584,0.05,19.999
19.585,0.05,19.999
19.586,0.05,19.999
19.587,0.05,19.999
19.588,0.05,19.999
19.589,0.05,19.999
19.59,0.05,19.999
19.591,0.05,19.999
19.592,0.05,19.999
19.593,0.05,19.999
19.594,0.05,19.999
19.595,0.05,19.999
19.596,0.05,19.999
19.597,0.05,19.999
19.598,0.05,19.999
19.599,0.05,19.999
19.6,0.05,19.999
19.601,0.05,19.999
19.602,0.05,19.999
19.603,0.05,19.999
19.604,0.05,19.999
19.605,0.05,19.999
19.606,0.05,19.999
19.607,0.05,19.999
19.608,0.05,19.999
19.609,0.05,19.999
19.61,0.05,19.999
19.611,0.05,19.999
19.612,0.05,19.999
19.613,0.05,19.999
19.614,0.05,19.999
19.615,0.05,19.999
19.616,0.05,19.999
19.617,0.05,19.999
19.618,0.05,19.999
19.619,0.05,19.999
19.62,0.05,19.999
19.621,0.05,19.999
19.622,0.05,19.999
19.623,0.05,19.999
19.624,0.05,19.999
19.625,0.05,19.999
19.626,0.05,19.999
19.627,0.05,19.999
19.628,0.05,19.999
19.629,0.05,19.999
19.63,0.05,19.999
19.631,0.05,19.999
19.632,0.05,19.999
19.633,0.05,19.999
19.634,0.05,19.999
19.635,0.05,19.999
19.636,0.05,19.999
19.637,0.05,19.999
19.638,0.05,19.999
19.639,0.05,19.999
19.64,0.05,19.999
19.641,0.05,19.999
19.642,0.05,19.999
19.643,0.05,19.999
19.644,0.05,19.999
19.645,0.05,19.999
19.646,0.05,19.999
19.647,0.05,19.999
19.648,0.05,19.999
19.649,0.05,19.999
19.65,0.05,19.999
19.651,0.05,19.999
19.652,0.05,19.999
19.653,0.05,19.999
19.654,0.05,19.999
19.655,0.05,19.999
19.656,0.05,19.999
19.657,0.05,19.999
19.658,0.05,19.999
19.659,0.05,19.999
19.66,0.05,19.999
19.661,0.05,19.999
19.662,0.05,19.999
19.663,0.05,19.999
19.664,0.05,19.999
19.665,0.05,19.999
19.666,0.05,19.999
19.667,0.05,19.999
19.668,0.05,19.999
19.669,0.05,19.999
19.67,0.05,19.999
19.671,0.05,19.999
19.672,0.05,19.999
19.673,0.05,19.999
19.674,0.05,19.999
19.675,0.05,19.999
19.676,0.05,19.999
19.677,0.05,19.999
19.678,0.05,19.999
19.679,0.05,19.999
19.68,0.05,19.999
19.681,0.05,19.999
19.682,0.05,19.999
19.683,0.05,19.999
19.684,0.05,19.999
19.685,0.05,19.999
19.686,0.05,19.999
19.687,0.05,19.999
19.688,0.05,19.999
19.689,0.05,19.999
19.69,0.05,19.999
19.691,0.05,19.999
19.692,0.05,19.999
19.693,0.05,19.999
19.694,0.05,19.999
19.695,0.05,19.999
19.696,0.05,19.999
19.697,0.05,19.999
19.698,0.05,19.999
19.699,0.05,19.999
19.7,0.05,19.999
19.701,0.05,19.999
19.702,0.05,19.999
19.703,0.05,19.999
19.704,0.05,19.999
19.705,0.05,19.999
19.706,0.05,19.999
19.707,0.05,19.999
19.708,0.05,19.999
19.709,0.05,19.999
19.71,0.05,19.999
19.711,0.05,19.999
19.712,0.05,19.999
19.713,0.05,19.999
19.714,0.05,19.999
19.715,0.05,19.999
19.716,0.05,19.999
19.717,0.05,19.999
19.718,0.05,19.999
19.719,0.05,19.999
19.72,0.05,19.999
19.721,0.05,19.999
19.722,0.05,19.999
19.723,0.05,19.999
19.724,0.05,19.999
19.725,0.05,19.999
19.726,0.05,19.999
19.727,0.05,19.999
19.728,0.05,19.999
19.729,0.05,19.999
19.73,0.05,19.999
19.731,0.05,19.999
19.732,0.05,19.999
19.733,0.05,19.999
19.734,0.05,19.999
19.735,0.05,19.999
19.736,0.05,19.999
19.737,0.05,19.999
19.738,0.05,19.999
19.739,0.05,19.999
19.74,0.05,19.999
19.741,0.05,19.999
19.742,0.05,19.999
19.743,0.05,19.999
19.744,0.05,19.999
19.745,0.05,19.999
19.746,0.05,19.999
19.747,0.05,19.999
19.748,0.05,19.999
19.749,0.05,19.999
19.75,0.05,19.999
19.751,0.05,19.999
19.752,0.05,19.999
19.753,0.05,19.999
19.754,0.05,19.999
19.755,0.05,19.999
19.756,0.05,19.999
19.757,0.05,19.999
19.758,0.05,19.999
19.759,0.05,19.999
19.76,0.05,19.999
19.761,0.05,19.999
19.762,0.05,19.999
19.763,0.05,19.999
19.764,0.05,19.999
19.765,0.05,19.999
19.766,0.05,19.999
19.767,0.05,19.999
19.768,0.05,19.999
19.769,0.05,19.999
19.77,0.05,19.999
19.771,0.05,19.999
19.772,0.05,19.999
19.773,0.05,19.999
19.774,0.05,19.999
19.775,0.05,19.999
19.776,0.05,19.999
19.777,0.05,19.999
19.778,0.05,19.999
19.779,0.05,19.999
19.78,0.05,19.999
19.781,0.05,19.999
19.782,0.05,19.999
19.783,0.05,19.999
19.784,0.05,19.999
19.785,0.05,19.999
19.786,0.05,19.999
19.787,0.05,19.999
19.788,0.05,19.999
19.789,0.05,19.999
19.79,0.05,19.999
19.791,0.05,19.999
19.792,0.05,19.999
19.793,0.05,19.999
19.794,0.05,19.999
19.795,0.05,19.999
19.796,0.05,19.999
19.797,0.05,19.999
19.798,0.05,19.999
19.799,0.05,19.999
19.8,0.05,19.999
19.801,0.05,19.999
19.802,0.05,19.999
19.803,0.05,19.999
19.804,0.05,19.999
19.805,0.05,19.999
19.806,0.05,19.999
19.807,0.05,19.999
19.808,0.05,19.999
19.809,0.05,19.999
19.81,0.05,19.999
19.811,0.05,19.999
19.812,0.05,19.999
19.813,0.05,19.999
19.814,0.05,19.999
19.815,0.05,19.999
19.816,0.05,19.999
19.817,0.05,19.999
19.818,0.05,19.999
19.819,0.05,19.999
19.82,0.05,19.999
19.821,0.05,19.999
19.822,0.05,19.999
19.823,0.05,19.999
19.824,0.05,19.999
19.825,0.05,19.999
19.826,0.05,19.999
19.827,0.05,19.999
19.828,0.05,19.999
19.829,0.05,19.999
19.83,0.05,19.999
19.831,0.05,19.999
19.832,0.05,19.999
19.833,0.05,19.999
19.834,0.05,19.999
19.835,0.05,19.999
19.836,0.05,19.999
19.837,0.05,19.999
19.838,0.05,19.999
19.839,0.05,19.999
19.84,0.05,19.999
19.841,0.05,19.999
19.842,0.05,19.999
19.843,0.05,19.999
19.844,0.05,19.999
19.845,0.05,19.999
19.846,0.05,19.999
19.847,0.05,19.999
19.848,0.05,19.999
19.849,0.05,19.999
19.85,0.05,19.999
19.851,0.05,19.999
19.852,0.05,19.999
19.853,0.05,19.999
19.854,0.05,19.999
19.855,0.05,19.999
19.856,0.05,19.999
19.857,0.05,19.999
19.858,0.05,19.999
19.859,0.05,19.999
19.86,0.05,19.999
19.861,0.05,19.999
19.862,0.05,19.999
19.863,0.05,19.999
19.864,0.05,19.999
19.865,0.05,19.999
19.866,0.05,19.999
19.867,0.05,19.999
19.868,0.05,19.999
19.869,0.05,19.999
19.87,0.05,19.999
19.871,0.05,19.999
19.872,0.05,19.999
19.873,0.05,19.999
19.874,0.05,19.999
19.875,0.05,19.999
19.876,0.05,19.999
19.877,0.05,19.999
19.878,0.05,19.999
19.879,0.05,19.999
19.88,0.05,19.999
19.881,0.05,19.999
19.882,0.05,19.999
19.883,0.05,19.999
19.884,0.05,19.999
19.885,0.05,19.999
19.886,0.05,19.999
19.887,0.05,19.999
19.888,0.05,19.999
19.889,0.05,19.999
19.89,0.05,19.999
19.891,0.05,19.999
19.892,0.05,19.999
19.893,0.05,19.999
19.894,0.05,19.999
19.895,0.05,19.999
19.896,0.05,19.999
19.897,0.05,19.999
19.898,0.05,19.999
19.899,0.05,19.999
19.9,0.05,19.999
19.901,0.05,19.999
19.902,0.05,19.999
19.903,0.05,19.999
19.904,0.05,19.999
19.905,0.05,19.999
19.906,0.05,19.999
19.907,0.05,19.999
19.908,0.05,19.999
19.909,0.05,19.999
19.91,0.05,19.999
19.911,0.05,19.999
19.912,0.05,19.999
19.913,0.05,19.999
19.914,0.05,19.999
19.915,0.05,19.999
19.916,0.05,19.999
19.917,0.05,19.999
19.918,0.05,19.999
19.919,0.05,19.999
19.92,0.05,19.999
19.921,0.05,19.999
19.922,0.05,19.999
19.923,0.05,19.999
19.924,0.05,19.999
19.925,0.05,19.999
19.926,0.05,19.999
19.927,0.05,19.999
19.928,0.05,19.999
19.929,0.05,19.999
19.93,0.05,19.999
19.931,0.05,19.999
19.932,0.05,19.999
19.933,0.05,19.999
19.934,0.05,19.999
19.935,0.05,19.999
19.936,0.05,19.999
19.937,0.05,19.999
19.938,0.05,19.999
19.939,0.05,19.999
19.94,0.05,19.999
19.941,0.05,19.999
19.942,0.05,19.999
19.943,0.05,19.999
19.944,0.05,19.999
19.945,0.05,19.999
19.946,0.05,19.999
19.947,0.05,19.999
19.948,0.05,19.999
19.949,0.05,19.999
19.95,0.05,19.999
19.951,0.05,19.999
19.952,0.05,19.999
19.953,0.05,19.999
19.954,0.05,19.999
19.955,0.05,19.999
19.956,0.05,19.999
19.957,0.05,19.999
19.958,0.05,19.999
19.959,0.05,19.999
19.96,0.05,19.999
19.961,0.05,19.999
19.962,0.05,19.999
19.963,0.05,19.999
19.964,0.05,19.999
19.965,0.05,19.999
19.966,0.05,19.999
19.967,0.05,19.999
19.968,0.05,19.999
19.969,0.05,19.999
19.97,0.05,19.999
19.971,0.05,19.999
19.972,0.05,19.999
19.973,0.05,19.999
19.974,0.05,19.999
19.975,0.05,19.999
19.976,0.05,19.999
19.977,0.05,19.999
19.978,0.05,19.999
19.979,0.05,19.999
19.98,0.05,19.999
19.981,0.05,19.999
19.982,0.05,19.999
19.983,0.05,19.999
19.984,0.05,19.999
19.985,0.05,19.999
19.986,0.05,19.999
19.987,0.05,19.999
19.988,0.05,19.999
19.989,0.05,19.999
19.99,0.05,19.999
19.991,0.05,19.999
19.992,0.05,19.999
19.993,0.05,19.999
19.994,0.05,19.999
19.995,0.05,19.999
19.996,0.05,19.999
19.997,0.05,19.999
19.998,0.05,19.999
19.999,0.05,19.999
20,0.25,25.001
20.001,0.25,25.001
20.002,0.25,25.001
20.003,0.25,25.001
20.004,0.25,25.001
20.005,0.25,25.001
20.006,0.25,25.001
20.007,0.25,25.001
20.008,0.25,25.001
20.009,0.25,25.001
20.01,0.25,25.001
20.011,0.25,25.001
20.012,0.25,25.001
20.013,0.25,25.001
20.014,0.25,25.001
20.015,0.25,25.001
20.016,0.25,25.001
20.017,0.25,25.001
20.018,0.25,25.001
20.019,0.25,25.001
20.02,0.25,25.001
20.021,0.25,25.001
20.022,0.25,25.001
20.023,0.25,25.001
20.024,0.25,25.001
20.025,0.25,25.001
20.026,0.25,25.001
20.027,0.25,25.001
20.028,0.25,25.001
20.029,0.25,25.001
20.03,0.25,25.001
20.031,0.25,25.001
20.032,0.25,25.001
20.033,0.25,25.001
20.034,0.25,25.001
20.035,0.25,25.001
20.036,0.25,25.001
20.037,0.25,25.001
20.038,0.25,25.001
20.039,0.25,25.001
20.04,0.25,25.001
20.041,0.25,25.001
20.042,0.25,25.001
20.043,0.25,25.001
20.044,0.25,25.001
20.045,0.25,25.001
20.046,0.25,25.001
20.047,0.25,25.001
20.048,0.25,25.001
20.049,0.25,25.001
20.05,0.25,25.001
20.051,0.25,25.001
20.052,0.25,25.001
20.053,0.25,25.001
20.054,0.25,25.001
20.055,0.25,25.001
20.056,0.25,25.001
20.057,0.25,25.001
20.058,0.25,25.001
20.059,0.25,25.001
20.06,0.25,25.001
20.061,0.25,25.001
20.062,0.25,25.001
20.063,0.25,25.001
20.064,0.25,25.001
20.065,0.25,25.001
20.066,0.25,25.001
20.067,0.25,25.001
20.068,0.25,25.001
20.069,0.25,25.001
20.07,0.25,25.001
20.071,0.25,25.001
20.072,0.25,25.001
20.073,0.25,25.001
20.074,0.25,25.001
20.075,0.25,25.001
20.076,0.25,25.001
20.077,0.25,25.001
20.078,0.25,25.001
20.079,0.25,25.001
20.08,0.25,25.001
20.081,0.25,25.001
20.082,0.25,25.001
20.083,0.25,25.001
20.084,0.25,25.001
20.085,0.25,25.001
20.086,0.25,25.001
20.087,0.25,25.001
20.088,0.25,25.001
20.089,0.25,25.001
20.09,0.25,25.001
20.091,0.25,25.001
20.092,0.25,25.001
20.093,0.25,25.001
20.094,0.25,25.001
20.095,0.25,25.001
20.096,0.25,25.001
20.097,0.25,25.001
20.098,0.25,25.001
20.099,0.25,25.001
20.1,0.25,25.001
20.101,0.25,25.001
20.102,0.25,25.001
20.103,0.25,25.001
20.104,0.25,25.001
20.105,0.25,25.001
20.106,0.25,25.001
20.107,0.25,25.001
20.108,0.25,25.001
20.109,0.25,25.001
20.11,0.25,25.001
20.111,0.25,25.001
20.112,0.25,25.001
20.113,0.25,25.001
20.114,0.25,25.001
20.115,0.25,25.001
20.116,0.25,25.001
20.117,0.25,25.001
20.118,0.25,25.001
20.119,0.25,25.001
20.12,0.25,25.001
20.121,0.25,25.001
20.122,0.25,25.001
20.123,0.25,25.001
20.124,0.25,25.001
20.125,0.25,25.001
20.126,0.25,25.001
20.127,0.25,25.001
20.128,0.25,25.001
20.129,0.25,25.001
20.13,0.25,25.001
20.131,0.25,25.001
20.132,0.25,25.001
20.133,0.25,25.001
20.134,0.25,25.001
20.135,0.25,25.001
20.136,0.25,25.001
20.137,0.25,25.001
20.138,0.25,25.001
20.139,0.25,25.001
20.14,0.25,25.001
20.141,0.25,25.001
20.142,0.25,25.001
20.143,0.25,25.001
20.144,0.25,25.001
20.145,0.25,25.001
20.146,0.25,25.001
20.147,0.25,25.001
20.148,0.25,25.001
20.149,0.25,25.001
20.15,0.25,25.001
20.151,0.25,25.001
20.152,0.25,25.001
20.153,0.25,25.001
20.154,0.25,25.001
20.155,0.25,25.001
20.156,0.25,25.001
20.157,0.25,25.001
20.158,0.25,25.001
20.159,0.25,25.001
20.16,0.25,25.001
20.161,0.25,25.001
20.162,0.25,25.001
20.163,0.25,25.001
20.164,0.25,25.001
20.165,0.25,25.001
20.166,0.25,25.001
20.167,0.25,25.001
20.168,0.25,25.001
20.169,0.25,25.001
20.17,0.25,25.001
20.171,0.25,25.001
20.172,0.25,25.001
20.173,0.25,25.001
20.174,0.25,25.001
20.175,0.25,25.001
20.176,0.25,25.001
20.177,0.25,25.001
20.178,0.25,25.001
20.179,0.25,25.001
20.18,0.25,25.001
20.181,0.25,25.001
20.182,0.25,25.001
20.183,0.25,25.001
20.184,0.25,25.001
20.185,0.25,25.001
20.186,0.25,25.001
20.187,0.25,25.001
20.188,0.25,25.001
20.189,0.25,25.001
20.19,0.25,25.001
20.191,0.25,25.001
20.192,0.25,25.001
20.193,0.25,25.001
20.194,0.25,25.001
20.195,0.25,25.001
20.196,0.25,25.001
20.197,0.25,25.001
20.198,0.25,25.001
20.199,0.25,25.001
20.2,0.25,25.001
20.201,0.25,25.001
20.202,0.25,25.001
20.203,0.25,25.001
20.204,0.25,25.001
20.205,0.25,25.001
20.206,0.25,25.001
20.207,0.25,25.001
20.208,0.25,25.001
20.209,0.25,25.001
20.21,0.25,25.001
20.211,0.25,25.001
20.212,0.25,25.001
20.213,0.25,25.001
20.214,0.25,25.001
20.215,0.25,25.001
20.216,0.25,25.001
20.217,0.25,25.001
20.218,0.25,25.001
20.219,0.25,25.001
20.22,0.25,25.001
20.221,0.25,25.001
20.222,0.25,25.001
20.223,0.25,25.001
20.224,0.25,25.001
20.225,0.25,25.001
20.226,0.25,25.001
20.227,0.25,25.001
20.228,0.25,25.001
20.229,0.25,25.001
20.23,0.25,25.001
20.231,0.25,25.001
20.232,0.25,25.001
20.233,0.25,25.001
20.234,0.25,25.001
20.235,0.25,25.001
20.236,0.25,25.001
20.237,0.25,25.001
20.238,0.25,25.001
20.239,0.25,25.001
20.24,0.25,25.001
20.241,0.25,25.001
20.242,0.25,25.001
20.243,0.25,25.001
20.244,0.25,25.001
20.245,0.25,25.001
20.246,0.25,25.001
20.247,0.25,25.001
20.248,0.25,25.001
20.249,0.25,25.001
20.25,0.25,25.001
20.251,0.25,25.001
20.252,0.25,25.001
20.253,0.25,25.001
20.254,0.25,25.001
20.255,0.25,25.001
20.256,0.25,25.001
20.257,0.25,25.001
20.258,0.25,25.001
20.259,0.25,25.001
20.26,0.25,25.001
20.261,0.25,25.001
20.262,0.25,25.001
20.263,0.25,25.001
20.264,0.25,25.001
20.265,0.25,25.001
20.266,0.25,25.001
20.267,0.25,25.001
20.268,0.25,25.001
20.269,0.25,25.001
20.27,0.25,25.001
20.271,0.25,25.001
20.272,0.25,25.001
20.273,0.25,25.001
20.274,0.25,25.001
20.275,0.25,25.001
20.276,0.25,25.001
20.277,0.25,25.001
20.278,0.25,25.001
20.279,0.25,25.001
20.28,0.25,25.001
20.281,0.25,25.001
20.282,0.25,25.001
20.283,0.25,25.001
20.284,0.25,25.001
20.285,0.25,25.001
20.286,0.25,25.001
20.287,0.25,25.001
20.288,0.25,25.001
20.289,0.25,25.001
20.29,0.25,25.001
20.291,0.25,25.001
20.292,0.25,25.001
20.293,0.25,25.001
20.294,0.25,25.001
20.295,0.25,25.001
20.296,0.25,25.001
20.297,0.25,25.001
20.298,0.25,25.001
20.299,0.25,25.001
20.3,0.25,25.001
20.301,0.25,25.001
20.302,0.25,25.001
20.303,0.25,25.001
20.304,0.25,25.001
20.305,0.25,25.001
20.306,0.25,25.001
20.307,0.25,25.001
20.308,0.25,25.001
20.309,0.25,25.001
20.31,0.25,25.001
20.311,0.25,25.001
20.312,0.25,25.001
20.313,0.25,25.001
20.314,0.25,25.001
20.315,0.25,25.001
20.316,0.25,25.001
20.317,0.25,25.001
20.318,0.25,25.001
20.319,0.25,25.001
20.32,0.25,25.001
20.321,0.25,25.001
20.322,0.25,25.001
20.323,0.25,25.001
20.324,0.25,25.001
20.325,0.25,25.001
20.326,0.25,25.001
20.327,0.25,25.001
20.328,0.25,25.001
20.329,0.25,25.001
20.33,0.25,25.001
20.331,0.25,25.001
20.332,0.25,25.001
20.333,0.25,25.001
20.334,0.25,25.001
20.335,0.25,25.001
20.336,0.25,25.001
20.337,0.25,25.001
20.338,0.25,25.001
20.339,0.25,25.001
20.34,0.25,25.001
20.341,0.25,25.001
20.342,0.25,25.001
20.343,0.25,25.001
20.344,0.25,25.001
20.345,0.25,25.001
20.346,0.25,25.001
20.347,0.25,25.001
20.348,0.25,25.001
20.349,0.25,25.001
20.35,0.25,25.001
20.351,0.25,25.001
20.352,0.25,25.001
20.353,0.25,25.001
20.354,0.25,25.001
20.355,0.25,25.001
20.356,0.25,25.001
20.357,0.25,25.001
20.358,0.25,25.001
20.359,0.25,25.001
20.36,0.25,25.001
20.361,0.25,25.001
20.362,0.25,25.001
20.363,0.25,25.001
20.364,0.25,25.001
20.365,0.25,25.001
20.366,0.25,25.001
20.367,0.25,25.001
20.368,0.25,25.001
20.369,0.25,25.001
20.37,0.25,25.001
20.371,0.25,25.001
20.372,0.25,25.001
20.373,0.25,25.001
20.374,0.25,25.001
20.375,0.25,25.001
20.376,0.25,25.001
20.377,0.25,25.001
20.378,0.25,25.001
20.379,0.25,25.001
20.38,0.25,25.001
20.381,0.25,25.001
20.382,0.25,25.001
20.383,0.25,25.001
20.384,0.25,25.001
20.385,0.25,25.001
20.386,0.25,25.001
20.387,0.25,25.001
20.388,0.25,25.001
20.389,0.25,25.001
20.39,0.25,25.001
20.391,0.25,25.001
20.392,0.25,25.001
20.393,0.25,25.001
20.394,0.25,25.001
20.395,0.25,25.001
20.396,0.25,25.001
20.397,0.25,25.001
20.398,0.25,25.001
20.399,0.25,25.001
20.4,0.25,25.001
20.401,0.25,25.001
20.402,0.25,25.001
20.403,0.25,25.001
20.404,0.25,25.001
20.405,0.25,25.001
20.406,0.25,25.001
20.407,0.25,25.001
20.408,0.25,25.001
20.409,0.25,25.001
20.41,0.25,25.001
20.411,0.25,25.001
20.412,0.25,25.001
20.413,0.25,25.001
20.414,0.25,25.001
20.415,0.25,25.001
20.416,0.25,25.001
20.417,0.25,25.001
20.418,0.25,25.001
20.419,0.25,25.001
20.42,0.25,25.001
20.421,0.25,25.001
20.422,0.25,25.001
20.423,0.25,25.001
20.424,0.25,25.001
20.425,0.25,25.001
20.426,0.25,25.001
20.427,0.25,25.001
20.428,0.25,25.001
20.429,0.25,25.001
20.43,0.25,25.001
20.431,0.25,25.001
20.432,0.25,25.001
20.433,0.25,25.001
20.434,0.25,25.001
20.435,0.25,25.001
20.436,0.25,25.001
20.437,0.25,25.001
20.438,0.25,25.001
20.439,0.25,25.001
20.44,0.25,25.001
20.441,0.25,25.001
20.442,0.25,25.001
20.443,0.25,25.001
20.444,0.25,25.001
20.445,0.25,25.001
20.446,0.25,25.001
20.447,0.25,25.001
20.448,0.25,25.001
20.449,0.25,25.001
20.45,0.25,25.001
20.451,0.25,25.001
20.452,0.25,25.001
20.453,0.25,25.001
20.454,0.25,25.001
20.455,0.25,25.001
20.456,0.25,25.001
20.457,0.25,25.001
20.458,0.25,25.001
20.459,0.25,25.001
20.46,0.25,25.001
20.461,0.25,25.001
20.462,0.25,25.001
20.463,0.25,25.001
20.464,0.25,25.001
20.465,0.25,25.001
20.466,0.25,25.001
20.467,0.25,25.001
20.468,0.25,25.001
20.469,0.25,25.001
20.47,0.25,25.001
20.471,0.25,25.001
20.472,0.25,25.001
20.473,0.25,25.001
20.474,0.25,25.001
20.475,0.25,25.001
20.476,0.25,25.001
20.477,0.25,25.001
20.478,0.25,25.001
20.479,0.25,25.001
20.48,0.25,25.001
20.481,0.25,25.001
20.482,0.25,25.001
20.483,0.25,25.001
20.484,0.25,25.001
20.485,0.25,25.001
20.486,0.25,25.001
20.487,0.25,25.001
20.488,0.25,25.001
20.489,0.25,25.001
20.49,0.25,25.001
20.491,0.25,25.001
20.492,0.25,25.001
20.493,0.25,25.001
20.494,0.25,25.001
20.495,0.25,25.001
20.496,0.25,25.001
20.497,0.25,25.001
20.498,0.25,25.001
20.499,0.25,25.001
20.5,0.25,25.001
20.501,0.25,25.001
20.502,0.25,25.001
20.503,0.25,25.001
20.504,0.25,25.001
20.505,0.25,25.001
20.506,0.25,25.001
20.507,0.25,25.001
20.508,0.25,25.001
20.509,0.25,25.001
20.51,0.25,25.001
20.511,0.25,25.001
20.512,0.25,25.001
20.513,0.25,25.001
20.514,0.25,25.001
20.515,0.25,25.001
20.516,0.25,25.001
20.517,0.25,25.001
20.518,0.25,25.001
20.519,0.25,25.001
20.52,0.25,25.001
20.521,0.25,25.001
20.522,0.25,25.001
20.523,0.25,25.001
20.524,0.25,25.001
20.525,0.25,25.001
20.526,0.25,25.001
20.527,0.25,25.001
20.528,0.25,25.001
20.529,0.25,25.001
20.53,0.25,25.001
20.531,0.25,25.001
20.532,0.25,25.001
20.533,0.25,25.001
20.534,0.25,25.001
20.535,0.25,25.001
20.536,0.25,25.001
20.537,0.25,25.001
20.538,0.25,25.001
20.539,0.25,25.001
20.54,0.25,25.001
20.541,0.25,25.001
20.542,0.25,25.001
20.543,0.25,25.001
20.544,0.25,25.001
20.545,0.25,25.001
20.546,0.25,25.001
20.547,0.25,25.001
20.548,0.25,25.001
20.549,0.25,25.001
20.55,0.25,25.001
20.551,0.25,25.001
20.552,0.25,25.001
20.553,0.25,25.001
20.554,0.25,25.001
20.555,0.25,25.001
20.556,0.25,25.001
20.557,0.25,25.001
20.558,0.25,25.001
20.559,0.25,25.001
20.56,0.25,25.001
20.561,0.25,25.001
20.562,0.25,25.001
20.563,0.25,25.001
20.564,0.25,25.001
20.565,0.25,25.001
20.566,0.25,25.001
20.567,0.25,25.001
20.568,0.25,25.001
20.569,0.25,25.001
20.57,0.25,25.001
20.571,0.25,25.001
20.572,0.25,25.001
20.573,0.25,25.001
20.574,0.25,25.001
20.575,0.25,25.001
20.576,0.25,25.001
20.577,0.25,25.001
20.578,0.25,25.001
20.579,0.25,25.001
20.58,0.25,25.001
20.581,0.25,25.001
20.582,0.25,25.001
20.583,0.25,25.001
20.584,0.25,25.001
20.585,0.25,25.001
20.586,0.25,25.001
20.587,0.25,25.001
20.588,0.25,25.001
20.589,0.25,25.001
20.59,0.25,25.001
20.591,0.25,25.001
20.592,0.25,25.001
20.593,0.25,25.001
20.594,0.25,25.001
20.595,0.25,25.001
20.596,0.25,25.001
20.597,0.25,25.001
20.598,0.25,25.001
20.599,0.25,25.001
20.6,0.25,25.001
20.601,0.25,25.001
20.602,0.25,25.001
20.603,0.25,25.001
20.604,0.25,25.001
20.605,0.25,25.001
20.606,0.25,25.001
20.607,0.25,25.001
20.608,0.25,25.001
20.609,0.25,25.001
20.61,0.25,25.001
20.611,0.25,25.001
20.612,0.25,25.001
20.613,0.25,25.001
20.614,0.25,25.001
20.615,0.25,25.001
20.616,0.25,25.001
20.617,0.25,25.001
20.618,0.25,25.001
20.619,0.25,25.001
20.62,0.25,25.001
20.621,0.25,25.001
20.622,0.25,25.001
20.623,0.25,25.001
20.624,0.25,25.001
20.625,0.25,25.001
20.626,0.25,25.001
20.627,0.25,25.001
20.628,0.25,25.001
20.629,0.25,25.001
20.63,0.25,25.001
20.631,0.25,25.001
20.632,0.25,25.001
20.633,0.25,25.001
20.634,0.25,25.001
20.635,0.25,25.001
20.636,0.25,25.001
20.637,0.25,25.001
20.638,0.25,25.001
20.639,0.25,25.001
20.64,0.25,25.001
20.641,0.25,25.001
20.642,0.25,25.001
20.643,0.25,25.001
20.644,0.25,25.001
20.645,0.25,25.001
20.646,0.25,25.001
20.647,0.25,25.001
20.648,0.25,25.001
20.649,0.25,25.001
20.65,0.25,25.001
20.651,0.25,25.001
20.652,0.25,25.001
20.653,0.25,25.001
20.654,0.25,25.001
20.655,0.25,25.001
20.656,0.25,25.001
20.657,0.25,25.001
20.658,0.25,25.001
20.659,0.25,25.001
20.66,0.25,25.001
20.661,0.25,25.001
20.662,0.25,25.001
20.663,0.25,25.001
20.664,0.25,25.001
20.665,0.25,25.001
20.666,0.25,25.001
20.667,0.25,25.001
20.668,0.25,25.001
20.669,0.25,25.001
20.67,0.25,25.001
20.671,0.25,25.001
20.672,0.25,25.001
20.673,0.25,25.001
20.674,0.25,25.001
20.675,0.25,25.001
20.676,0.25,25.001
20.677,0.25,25.001
20.678,0.25,25.001
20.679,0.25,25.001
20.68,0.25,25.001
20.681,0.25,25.001
20.682,0.25,25.001
20.683,0.25,25.001
20.684,0.25,25.001
20.685,0.25,25.001
20.686,0.25,25.001
20.687,0.25,25.001
20.688,0.25,25.001
20.689,0.25,25.001
20.69,0.25,25.001
20.691,0.25,25.001
20.692,0.25,25.001
20.693,0.25,25.001
20.694,0.25,25.001
20.695,0.25,25.001
20.696,0.25,25.001
20.697,0.25,25.001
20.698,0.25,25.001
20.699,0.25,25.001
20.7,0.25,25.001
20.701,0.25,25.001
20.702,0.25,25.001
20.703,0.25,25.001
20.704,0.25,25.001
20.705,0.25,25.001
20.706,0.25,25.001
20.707,0.25,25.001
20.708,0.25,25.001
20.709,0.25,25.001
20.71,0.25,25.001
20.711,0.25,25.001
20.712,0.25,25.001
20.713,0.25,25.001
20.714,0.25,25.001
20.715,0.25,25.001
20.716,0.25,25.001
20.717,0.25,25.001
20.718,0.25,25.001
20.719,0.25,25.001
20.72,0.25,25.001
20.721,0.25,25.001
20.722,0.25,25.001
20.723,0.25,25.001
20.724,0.25,25.001
20.725,0.25,25.001
20.726,0.25,25.001
20.727,0.25,25.001
20.728,0.25,25.001
20.729,0.25,25.001
20.73,0.25,25.001
20.731,0.25,25.001
20.732,0.25,25.001
20.733,0.25,25.001
20.734,0.25,25.001
20.735,0.25,25.001
20.736,0.25,25.001
20.737,0.25,25.001
20.738,0.25,25.001
20.739,0.25,25.001
20.74,0.25,25.001
20.741,0.25,25.001
20.742,0.25,25.001
20.743,0.25,25.001
20.744,0.25,25.001
20.745,0.25,25.001
20.746,0.25,25.001
20.747,0.25,25.001
20.748,0.25,25.001
20.749,0.25,25.001
20.75,0.25,25.001
20.751,0.25,25.001
20.752,0.25,25.001
20.753,0.25,25.001
20.754,0.25,25.001
20.755,0.25,25.001
20.756,0.25,25.001
20.757,0.25,25.001
20.758,0.25,25.001
20.759,0.25,25.001
20.76,0.25,25.001
20.761,0.25,25.001
20.762,0.25,25.001
20.763,0.25,25.001
20.764,0.25,25.001
20.765,0.25,25.001
20.766,0.25,25.001
20.767,0.25,25.001
20.768,0.25,25.001
20.769,0.25,25.001
20.77,0.25,25.001
20.771,0.25,25.001
20.772,0.25,25.001
20.773,0.25,25.001
20.774,0.25,25.001
20.775,0.25,25.001
20.776,0.25,25.001
20.777,0.25,25.001
20.778,0.25,25.001
20.779,0.25,25.001
20.78,0.25,25.001
20.781,0.25,25.001
20.782,0.25,25.001
20.783,0.25,25.001
20.784,0.25,25.001
20.785,0.25,25.001
20.786,0.25,25.001
20.787,0.25,25.001
20.788,0.25,25.001
20.789,0.25,25.001
20.79,0.25,25.001
20.791,0.25,25.001
20.792,0.25,25.001
20.793,0.25,25.001
20.794,0.25,25.001
20.795,0.25,25.001
20.796,0.25,25.001
20.797,0.25,25.001
20.798,0.25,25.001
20.799,0.25,25.001
20.8,0.25,25.001
20.801,0.25,25.001
20.802,0.25,25.001
20.803,0.25,25.001
20.804,0.25,25.001
20.805,0.25,25.001
20.806,0.25,25.001
20.807,0.25,25.001
20.808,0.25,25.001
20.809,0.25,25.001
20.81,0.25,25.001
20.811,0.25,25.001
20.812,0.25,25.001
20.813,0.25,25.001
20.814,0.25,25.001
20.815,0.25,25.001
20.816,0.25,25.001
20.817,0.25,25.001
20.818,0.25,25.001
20.819,0.25,25.001
20.82,0.25,25.001
20.821,0.25,25.001
20.822,0.25,25.001
20.823,0.25,25.001
20.824,0.25,25.001
20.825,0.25,25.001
20.826,0.25,25.001
20.827,0.25,25.001
20.828,0.25,25.001
20.829,0.25,25.001
20.83,0.25,25.001
20.831,0.25,25.001
20.832,0.25,25.001
20.833,0.25,25.001
20.834,0.25,25.001
20.835,0.25,25.001
20.836,0.25,25.001
20.837,0.25,25.001
20.838,0.25,25.001
20.839,0.25,25.001
20.84,0.25,25.001
20.841,0.25,25.001
20.842,0.25,25.001
20.843,0.25,25.001
20.844,0.25,25.001
20.845,0.25,25.001
20.846,0.25,25.001
20.847,0.25,25.001
20.848,0.25,25.001
20.849,0.25,25.001
20.85,0.25,25.001
20.851,0.25,25.001
20.852,0.25,25.001
20.853,0.25,25.001
20.854,0.25,25.001
20.855,0.25,25.001
20.856,0.25,25.001
20.857,0.25,25.001
20.858,0.25,25.001
20.859,0.25,25.001
20.86,0.25,25.001
20.861,0.25,25.001
20.862,0.25,25.001
20.863,0.25,25.001
20.864,0.25,25.001
20.865,0.25,25.001
20.866,0.25,25.001
20.867,0.25,25.001
20.868,0.25,25.001
20.869,0.25,25.001
20.87,0.25,25.001
20.871,0.25,25.001
20.872,0.25,25.001
20.873,0.25,25.001
20.874,0.25,25.001
20.875,0.25,25.001
20.876,0.25,25.001
20.877,0.25,25.001
20.878,0.25,25.001
20.879,0.25,25.001
20.88,0.25,25.001
20.881,0.25,25.001
20.882,0.25,25.001
20.883,0.25,25.001
20.884,0.25,25.001
20.885,0.25,25.001
20.886,0.25,25.001
20.887,0.25,25.001
20.888,0.25,25.001
20.889,0.25,25.001
20.89,0.25,25.001
20.891,0.25,25.001
20.892,0.25,25.001
20.893,0.25,25.001
20.894,0.25,25.001
20.895,0.25,25.001
20.896,0.25,25.001
20.897,0.25,25.001
20.898,0.25,25.001
20.899,0.25,25.001
20.9,0.25,25.001
20.901,0.25,25.001
20.902,0.25,25.001
20.903,0.25,25.001
20.904,0.25,25.001
20.905,0.25,25.001
20.906,0.25,25.001
20.907,0.25,25.001
20.908,0.25,25.001
20.909,0.25,25.001
20.91,0.25,25.001
20.911,0.25,25.001
20.912,0.25,25.001
20.913,0.25,25.001
20.914,0.25,25.001
20.915,0.25,25.001
20.916,0.25,25.001
20.917,0.25,25.001
20.918,0.25,25.001
20.919,0.25,25.001
20.92,0.25,25.001
20.921,0.25,25.001
20.922,0.25,25.001
20.923,0.25,25.001
20.924,0.25,25.001
20.925,0.25,25.001
20.926,0.25,25.001
20.927,0.25,25.001
20.928,0.25,25.001
20.929,0.25,25.001
20.93,0.25,25.001
20.931,0.25,25.001
20.932,0.25,25.001
20.933,0.25,25.001
20.934,0.25,25.001
20.935,0.25,25.001
20.936,0.25,25.001
20.937,0.25,25.001
20.938,0.25,25.001
20.939,0.25,25.001
20.94,0.25,25.001
20.941,0.25,25.001
20.942,0.25,25.001
20.943,0.25,25.001
20.944,0.25,25.001
20.945,0.25,25.001
20.946,0.25,25.001
20.947,0.25,25.001
20.948,0.25,25.001
20.949,0.25,25.001
20.95,0.25,25.001
20.951,0.25,25.001
20.952,0.25,25.001
20.953,0.25,25.001
20.954,0.25,25.001
20.955,0.25,25.001
20.956,0.25,25.001
20.957,0.25,25.001
20.958,0.25,25.001
20.959,0.25,25.001
20.96,0.25,25.001
20.961,0.25,25.001
20.962,0.25,25.001
20.963,0.25,25.001
20.964,0.25,25.001
20.965,0.25,25.001
20.966,0.25,25.001
20.967,0.25,25.001
20.968,0.25,25.001
20.969,0.25,25.001
20.97,0.25,25.001
20.971,0.25,25.001
20.972,0.25,25.001
20.973,0.25,25.001
20.974,0.25,25.001
20.975,0.25,25.001
20.976,0.25,25.001
20.977,0.25,25.001
20.978,0.25,25.001
20.979,0.25,25.001
20.98,0.25,25.001
20.981,0.25,25.001
20.982,0.25,25.001
20.983,0.25,25.001
20.984,0.25,25.001
20.985,0.25,25.001
20.986,0.25,25.001
20.987,0.25,25.001
20.988,0.25,25.001
20.989,0.25,25.001
20.99,0.25,25.001
20.991,0.25,25.001
20.992,0.25,25.001
20.993,0.25,25.001
20.994,0.25,25.001
20.995,0.25,25.001
20.996,0.25,25.001
20.997,0.25,25.001
20.998,0.25,25.001
20.999,0.25,25.001
21,0.25,25.001
21.001,0.25,25.001
21.002,0.25,25.001
21.003,0.25,25.001
21.004,0.25,25.001
21.005,0.25,25.001
21.006,0.25,25.001
21.007,0.25,25.001
21.008,0.25,25.001
21.009,0.25,25.001
21.01,0.25,25.001
21.011,0.25,25.001
21.012,0.25,25.001
21.013,0.25,25.001
21.014,0.25,25.001
21.015,0.25,25.001
21.016,0.25,25.001
21.017,0.25,25.001
21.018,0.25,25.001
21.019,0.25,25.001
21.02,0.25,25.001
21.021,0.25,25.001
21.022,0.25,25.001
21.023,0.25,25.001
21.024,0.25,25.001
21.025,0.25,25.001
21.026,0.25,25.001
21.027,0.25,25.001
21.028,0.25,25.001
21.029,0.25,25.001
21.03,0.25,25.001
21.031,0.25,25.001
21.032,0.25,25.001
21.033,0.25,25.001
21.034,0.25,25.001
21.035,0.25,25.001
21.036,0.25,25.001
21.037,0.25,25.001
21.038,0.25,25.001
21.039,0.25,25.001
21.04,0.25,25.001
21.041,0.25,25.001
21.042,0.25,25.001
21.043,0.25,25.001
21.044,0.25,25.001
21.045,0.25,25.001
21.046,0.25,25.001
21.047,0.25,25.001
21.048,0.25,25.001
21.049,0.25,25.001
21.05,0.25,25.001
21.051,0.25,25.001
21.052,0.25,25.001
21.053,0.25,25.001
21.054,0.25,25.001
21.055,0.25,25.001
21.056,0.25,25.001
21.057,0.25,25.001
21.058,0.25,25.001
21.059,0.25,25.001
21.06,0.25,25.001
21.061,0.25,25.001
21.062,0.25,25.001
21.063,0.25,25.001
21.064,0.25,25.001
21.065,0.25,25.001
21.066,0.25,25.001
21.067,0.25,25.001
21.068,0.25,25.001
21.069,0.25,25.001
21.07,0.25,25.001
21.071,0.25,25.001
21.072,0.25,25.001
21.073,0.25,25.001
21.074,0.25,25.001
21.075,0.25,25.001
21.076,0.25,25.001
21.077,0.25,25.001
21.078,0.25,25.001
21.079,0.25,25.001
21.08,0.25,25.001
21.081,0.25,25.001
21.082,0.25,25.001
21.083,0.25,25.001
21.084,0.25,25.001
21.085,0.25,25.001
21.086,0.25,25.001
21.087,0.25,25.001
21.088,0.25,25.001
21.089,0.25,25.001
21.09,0.25,25.001
21.091,0.25,25.001
21.092,0.25,25.001
21.093,0.25,25.001
21.094,0.25,25.001
21.095,0.25,25.001
21.096,0.25,25.001
21.097,0.25,25.001
21.098,0.25,25.001
21.099,0.25,25.001
21.1,0.25,25.001
21.101,0.25,25.001
21.102,0.25,25.001
21.103,0.25,25.001
21.104,0.25,25.001
21.105,0.25,25.001
21.106,0.25,25.001
21.107,0.25,25.001
21.108,0.25,25.001
21.109,0.25,25.001
21.11,0.25,25.001
21.111,0.25,25.001
21.112,0.25,25.001
21.113,0.25,25.001
21.114,0.25,25.001
21.115,0.25,25.001
21.116,0.25,25.001
21.117,0.25,25.001
21.118,0.25,25.001
21.119,0.25,25.001
21.12,0.25,25.001
21.121,0.25,25.001
21.122,0.25,25.001
21.123,0.25,25.001
21.124,0.25,25.001
21.125,0.25,25.001
21.126,0.25,25.001
21.127,0.25,25.001
21.128,0.25,25.001
21.129,0.25,25.001
21.13,0.25,25.001
21.131,0.25,25.001
21.132,0.25,25.001
21.133,0.25,25.001
21.134,0.25,25.001
21.135,0.25,25.001
21.136,0.25,25.001
21.137,0.25,25.001
21.138,0.25,25.001
21.139,0.25,25.001
21.14,0.25,25.001
21.141,0.25,25.001
21.142,0.25,25.001
21.143,0.25,25.001
21.144,0.25,25.001
21.145,0.25,25.001
21.146,0.25,25.001
21.147,0.25,25.001
21.148,0.25,25.001
21.149,0.25,25.001
21.15,0.25,25.001
21.151,0.25,25.001
21.152,0.25,25.001
21.153,0.25,25.001
21.154,0.25,25.001
21.155,0.25,25.001
21.156,0.25,25.001
21.157,0.25,25.001
21.158,0.25,25.001
21.159,0.25,25.001
21.16,0.25,25.001
21.161,0.25,25.001
21.162,0.25,25.001
21.163,0.25,25.001
21.164,0.25,25.001
21.165,0.25,25.001
21.166,0.25,25.001
21.167,0.25,25.001
21.168,0.25,25.001
21.169,0.25,25.001
21.17,0.25,25.001
21.171,0.25,25.001
21.172,0.25,25.001
21.173,0.25,25.001
21.174,0.25,25.001
21.175,0.25,25.001
21.176,0.25,25.001
21.177,0.25,25.001
21.178,0.25,25.001
21.179,0.25,25.001
21.18,0.25,25.001
21.181,0.25,25.001
21.182,0.25,25.001
21.183,0.25,25.001
21.184,0.25,25.001
21.185,0.25,25.001
21.186,0.25,25.001
21.187,0.25,25.001
21.188,0.25,25.001
21.189,0.25,25.001
21.19,0.25,25.001
21.191,0.25,25.001
21.192,0.25,25.001
21.193,0.25,25.001
21.194,0.25,25.001
21.195,0.25,25.001
21.196,0.25,25.001
21.197,0.25,25.001
21.198,0.25,25.001
21.199,0.25,25.001
21.2,0.25,25.001
21.201,0.25,25.001
21.202,0.25,25.001
21.203,0.25,25.001
21.204,0.25,25.001
21.205,0.25,25.001
21.206,0.25,25.001
21.207,0.25,25.001
21.208,0.25,25.001
21.209,0.25,25.001
21.21,0.25,25.001
21.211,0.25,25.001
21.212,0.25,25.001
21.213,0.25,25.001
21.214,0.25,25.001
21.215,0.25,25.001
21.216,0.25,25.001
21.217,0.25,25.001
21.218,0.25,25.001
21.219,0.25,25.001
21.22,0.25,25.001
21.221,0.25,25.001
21.222,0.25,25.001
21.223,0.25,25.001
21.224,0.25,25.001
21.225,0.25,25.001
21.226,0.25,25.001
21.227,0.25,25.001
21.228,0.25,25.001
21.229,0.25,25.001
21.23,0.25,25.001
21.231,0.25,25.001
21.232,0.25,25.001
21.233,0.25,25.001
21.234,0.25,25.001
21.235,0.25,25.001
21.236,0.25,25.001
21.237,0.25,25.001
21.238,0.25,25.001
21.239,0.25,25.001
21.24,0.25,25.001
21.241,0.25,25.001
21.242,0.25,25.001
21.243,0.25,25.001
21.244,0.25,25.001
21.245,0.25,25.001
21.246,0.25,25.001
21.247,0.25,25.001
21.248,0.25,25.001
21.249,0.25,25.001
21.25,0.25,25.001
21.251,0.25,25.001
21.252,0.25,25.001
21.253,0.25,25.001
21.254,0.25,25.001
21.255,0.25,25.001
21.256,0.25,25.001
21.257,0.25,25.001
21.258,0.25,25.001
21.259,0.25,25.001
21.26,0.25,25.001
21.261,0.25,25.001
21.262,0.25,25.001
21.263,0.25,25.001
21.264,0.25,25.001
21.265,0.25,25.001
21.266,0.25,25.001
21.267,0.25,25.001
21.268,0.25,25.001
21.269,0.25,25.001
21.27,0.25,25.001
21.271,0.25,25.001
21.272,0.25,25.001
21.273,0.25,25.001
21.274,0.25,25.001
21.275,0.25,25.001
21.276,0.25,25.001
21.277,0.25,25.001
21.278,0.25,25.001
21.279,0.25,25.001
21.28,0.25,25.001
21.281,0.25,25.001
21.282,0.25,25.001
21.283,0.25,25.001
21.284,0.25,25.001
21.285,0.25,25.001
21.286,0.25,25.001
21.287,0.25,25.001
21.288,0.25,25.001
21.289,0.25,25.001
21.29,0.25,25.001
21.291,0.25,25.001
21.292,0.25,25.001
21.293,0.25,25.001
21.294,0.25,25.001
21.295,0.25,25.001
21.296,0.25,25.001
21.297,0.25,25.001
21.298,0.25,25.001
21.299,0.25,25.001
21.3,0.25,25.001
21.301,0.25,25.001
21.302,0.25,25.001
21.303,0.25,25.001
21.304,0.25,25.001
21.305,0.25,25.001
21.306,0.25,25.001
21.307,0.25,25.001
21.308,0.25,25.001
21.309,0.25,25.001
21.31,0.25,25.001
21.311,0.25,25.001
21.312,0.25,25.001
21.313,0.25,25.001
21.314,0.25,25.001
21.315,0.25,25.001
21.316,0.25,25.001
21.317,0.25,25.001
21.318,0.25,25.001
21.319,0.25,25.001
21.32,0.25,25.001
21.321,0.25,25.001
21.322,0.25,25.001
21.323,0.25,25.001
21.324,0.25,25.001
21.325,0.25,25.001
21.326,0.25,25.001
21.327,0.25,25.001
21.328,0.25,25.001
21.329,0.25,25.001
21.33,0.25,25.001
21.331,0.25,25.001
21.332,0.25,25.001
21.333,0.25,25.001
21.334,0.25,25.001
21.335,0.25,25.001
21.336,0.25,25.001
21.337,0.25,25.001
21.338,0.25,25.001
21.339,0.25,25.001
21.34,0.25,25.001
21.341,0.25,25.001
21.342,0.25,25.001
21.343,0.25,25.001
21.344,0.25,25.001
21.345,0.25,25.001
21.346,0.25,25.001
21.347,0.25,25.001
21.348,0.25,25.001
21.349,0.25,25.001
21.35,0.25,25.001
21.351,0.25,25.001
21.352,0.25,25.001
21.353,0.25,25.001
21.354,0.25,25.001
21.355,0.25,25.001
21.356,0.25,25.001
21.357,0.25,25.001
21.358,0.25,25.001
21.359,0.25,25.001
21.36,0.25,25.001
21.361,0.25,25.001
21.362,0.25,25.001
21.363,0.25,25.001
21.364,0.25,25.001
21.365,0.25,25.001
21.366,0.25,25.001
21.367,0.25,25.001
21.368,0.25,25.001
21.369,0.25,25.001
21.37,0.25,25.001
21.371,0.25,25.001
21.372,0.25,25.001
21.373,0.25,25.001
21.374,0.25,25.001
21.375,0.25,25.001
21.376,0.25,25.001
21.377,0.25,25.001
21.378,0.25,25.001
21.379,0.25,25.001
21.38,0.25,25.001
21.381,0.25,25.001
21.382,0.25,25.001
21.383,0.25,25.001
21.384,0.25,25.001
21.385,0.25,25.001
21.386,0.25,25.001
21.387,0.25,25.001
21.388,0.25,25.001
21.389,0.25,25.001
21.39,0.25,25.001
21.391,0.25,25.001
21.392,0.25,25.001
21.393,0.25,25.001
21.394,0.25,25.001
21.395,0.25,25.001
21.396,0.25,25.001
21.397,0.25,25.001
21.398,0.25,25.001
21.399,0.25,25.001
21.4,0.25,25.001
21.401,0.25,25.001
21.402,0.25,25.001
21.403,0.25,25.001
21.404,0.25,25.001
21.405,0.25,25.001
21.406,0.25,25.001
21.407,0.25,25.001
21.408,0.25,25.001
21.409,0.25,25.001
21.41,0.25,25.001
21.411,0.25,25.001
21.412,0.25,25.001
21.413,0.25,25.001
21.414,0.25,25.001
21.415,0.25,25.001
21.416,0.25,25.001
21.417,0.25,25.001
21.418,0.25,25.001
21.419,0.25,25.001
21.42,0.25,25.001
21.421,0.25,25.001
21.422,0.25,25.001
21.423,0.25,25.001
21.424,0.25,25.001
21.425,0.25,25.001
21.426,0.25,25.001
21.427,0.25,25.001
21.428,0.25,25.001
21.429,0.25,25.001
21.43,0.25,25.001
21.431,0.25,25.001
21.432,0.25,25.001
21.433,0.25,25.001
21.434,0.25,25.001
21.435,0.25,25.001
21.436,0.25,25.001
21.437,0.25,25.001
21.438,0.25,25.001
21.439,0.25,25.001
21.44,0.25,25.001
21.441,0.25,25.001
21.442,0.25,25.001
21.443,0.25,25.001
21.444,0.25,25.001
21.445,0.25,25.001
21.446,0.25,25.001
21.447,0.25,25.001
21.448,0.25,25.001
21.449,0.25,25.001
21.45,0.25,25.001
21.451,0.25,25.001
21.452,0.25,25.001
21.453,0.25,25.001
21.454,0.25,25.001
21.455,0.25,25.001
21.456,0.25,25.001
21.457,0.25,25.001
21.458,0.25,25.001
21.459,0.25,25.001
21.46,0.25,25.001
21.461,0.25,25.001
21.462,0.25,25.001
21.463,0.25,25.001
21.464,0.25,25.001
21.465,0.25,25.001
21.466,0.25,25.001
21.467,0.25,25.001
21.468,0.25,25.001
21.469,0.25,25.001
21.47,0.25,25.001
21.471,0.25,25.001
21.472,0.25,25.001
21.473,0.25,25.001
21.474,0.25,25.001
21.475,0.25,25.001
21.476,0.25,25.001
21.477,0.25,25.001
21.478,0.25,25.001
21.479,0.25,25.001
21.48,0.25,25.001
21.481,0.25,25.001
21.482,0.25,25.001
21.483,0.25,25.001
21.484,0.25,25.001
21.485,0.25,25.001
21.486,0.25,25.001
21.487,0.25,25.001
21.488,0.25,25.001
21.489,0.25,25.001
21.49,0.25,25.001
21.491,0.25,25.001
21.492,0.25,25.001
21.493,0.25,25.001
21.494,0.25,25.001
21.495,0.25,25.001
21.496,0.25,25.001
21.497,0.25,25.001
21.498,0.25,25.001
21.499,0.25,25.001
21.5,0.25,25.001
21.501,0.25,25.001
21.502,0.25,25.001
21.503,0.25,25.001
21.504,0.25,25.001
21.505,0.25,25.001
21.506,0.25,25.001
21.507,0.25,25.001
21.508,0.25,25.001
21.509,0.25,25.001
21.51,0.25,25.001
21.511,0.25,25.001
21.512,0.25,25.001
21.513,0.25,25.001
21.514,0.25,25.001
21.515,0.25,25.001
21.516,0.25,25.001
21.517,0.25,25.001
21.518,0.25,25.001
21.519,0.25,25.001
21.52,0.25,25.001
21.521,0.25,25.001
21.522,0.25,25.001
21.523,0.25,25.001
21.524,0.25,25.001
21.525,0.25,25.001
21.526,0.25,25.001
21.527,0.25,25.001
21.528,0.25,25.001
21.529,0.25,25.001
21.53,0.25,25.001
21.531,0.25,25.001
21.532,0.25,25.001
21.533,0.25,25.001
21.534,0.25,25.001
21.535,0.25,25.001
21.536,0.25,25.001
21.537,0.25,25.001
21.538,0.25,25.001
21.539,0.25,25.001
21.54,0.25,25.001
21.541,0.25,25.001
21.542,0.25,25.001
21.543,0.25,25.001
21.544,0.25,25.001
21.545,0.25,25.001
21.546,0.25,25.001
21.547,0.25,25.001
21.548,0.25,25.001
21.549,0.25,25.001
21.55,0.25,25.001
21.551,0.25,25.001
21.552,0.25,25.001
21.553,0.25,25.001
21.554,0.25,25.001
21.555,0.25,25.001
21.556,0.25,25.001
21.557,0.25,25.001
21.558,0.25,25.001
21.559,0.25,25.001
21.56,0.25,25.001
21.561,0.25,25.001
21.562,0.25,25.001
21.563,0.25,25.001
21.564,0.25,25.001
21.565,0.25,25.001
21.566,0.25,25.001
21.567,0.25,25.001
21.568,0.25,25.001
21.569,0.25,25.001
21.57,0.25,25.001
21.571,0.25,25.001
21.572,0.25,25.001
21.573,0.25,25.001
21.574,0.25,25.001
21.575,0.25,25.001
21.576,0.25,25.001
21.577,0.25,25.001
21.578,0.25,25.001
21.579,0.25,25.001
21.58,0.25,25.001
21.581,0.25,25.001
21.582,0.25,25.001
21.583,0.25,25.001
21.584,0.25,25.001
21.585,0.25,25.001
21.586,0.25,25.001
21.587,0.25,25.001
21.588,0.25,25.001
21.589,0.25,25.001
21.59,0.25,25.001
21.591,0.25,25.001
21.592,0.25,25.001
21.593,0.25,25.001
21.594,0.25,25.001
21.595,0.25,25.001
21.596,0.25,25.001
21.597,0.25,25.001
21.598,0.25,25.001
21.599,0.25,25.001
21.6,0.25,25.001
21.601,0.25,25.001
21.602,0.25,25.001
21.603,0.25,25.001
21.604,0.25,25.001
21.605,0.25,25.001
21.606,0.25,25.001
21.607,0.25,25.001
21.608,0.25,25.001
21.609,0.25,25.001
21.61,0.25,25.001
21.611,0.25,25.001
21.612,0.25,25.001
21.613,0.25,25.001
21.614,0.25,25.001
21.615,0.25,25.001
21.616,0.25,25.001
21.617,0.25,25.001
21.618,0.25,25.001
21.619,0.25,25.001
21.62,0.25,25.001
21.621,0.25,25.001
21.622,0.25,25.001
21.623,0.25,25.001
21.624,0.25,25.001
21.625,0.25,25.001
21.626,0.25,25.001
21.627,0.25,25.001
21.628,0.25,25.001
21.629,0.25,25.001
21.63,0.25,25.001
21.631,0.25,25.001
21.632,0.25,25.001
21.633,0.25,25.001
21.634,0.25,25.001
21.635,0.25,25.001
21.636,0.25,25.001
21.637,0.25,25.001
21.638,0.25,25.001
21.639,0.25,25.001
21.64,0.25,25.001
21.641,0.25,25.001
21.642,0.25,25.001
21.643,0.25,25.001
21.644,0.25,25.001
21.645,0.25,25.001
21.646,0.25,25.001
21.647,0.25,25.001
21.648,0.25,25.001
21.649,0.25,25.001
21.65,0.25,25.001
21.651,0.25,25.001
21.652,0.25,25.001
21.653,0.25,25.001
21.654,0.25,25.001
21.655,0.25,25.001
21.656,0.25,25.001
21.657,0.25,25.001
21.658,0.25,25.001
21.659,0.25,25.001
21.66,0.25,25.001
21.661,0.25,25.001
21.662,0.25,25.001
21.663,0.25,25.001
21.664,0.25,25.001
21.665,0.25,25.001
21.666,0.25,25.001
21.667,0.25,25.001
21.668,0.25,25.001
21.669,0.25,25.001
21.67,0.25,25.001
21.671,0.25,25.001
21.672,0.25,25.001
21.673,0.25,25.001
21.674,0.25,25.001
21.675,0.25,25.001
21.676,0.25,25.001
21.677,0.25,25.001
21.678,0.25,25.001
21.679,0.25,25.001
21.68,0.25,25.001
21.681,0.25,25.001
21.682,0.25,25.001
21.683,0.25,25.001
21.684,0.25,25.001
21.685,0.25,25.001
21.686,0.25,25.001
21.687,0.25,25.001
21.688,0.25,25.001
21.689,0.25,25.001
21.69,0.25,25.001
21.691,0.25,25.001
21.692,0.25,25.001
21.693,0.25,25.001
21.694,0.25,25.001
21.695,0.25,25.001
21.696,0.25,25.001
21.697,0.25,25.001
21.698,0.25,25.001
21.699,0.25,25.001
21.7,0.25,25.001
21.701,0.25,25.001
21.702,0.25,25.001
21.703,0.25,25.001
21.704,0.25,25.001
21.705,0.25,25.001
21.706,0.25,25.001
21.707,0.25,25.001
21.708,0.25,25.001
21.709,0.25,25.001
21.71,0.25,25.001
21.711,0.25,25.001
21.712,0.25,25.001
21.713,0.25,25.001
21.714,0.25,25.001
21.715,0.25,25.001
21.716,0.25,25.001
21.717,0.25,25.001
21.718,0.25,25.001
21.719,0.25,25.001
21.72,0.25,25.001
21.721,0.25,25.001
21.722,0.25,25.001
21.723,0.25,25.001
21.724,0.25,25.001
21.725,0.25,25.001
21.726,0.25,25.001
21.727,0.25,25.001
21.728,0.25,25.001
21.729,0.25,25.001
21.73,0.25,25.001
21.731,0.25,25.001
21.732,0.25,25.001
21.733,0.25,25.001
21.734,0.25,25.001
21.735,0.25,25.001
21.736,0.25,25.001
21.737,0.25,25.001
21.738,0.25,25.001
21.739,0.25,25.001
21.74,0.25,25.001
21.741,0.25,25.001
21.742,0.25,25.001
21.743,0.25,25.001
21.744,0.25,25.001
21.745,0.25,25.001
21.746,0.25,25.001
21.747,0.25,25.001
21.748,0.25,25.001
21.749,0.25,25.001
21.75,0.25,25.001
21.751,0.25,25.001
21.752,0.25,25.001
21.753,0.25,25.001
21.754,0.25,25.001
21.755,0.25,25.001
21.756,0.25,25.001
21.757,0.25,25.001
21.758,0.25,25.001
21.759,0.25,25.001
21.76,0.25,25.001
21.761,0.25,25.001
21.762,0.25,25.001
21.763,0.25,25.001
21.764,0.25,25.001
21.765,0.25,25.001
21.766,0.25,25.001
21.767,0.25,25.001
21.768,0.25,25.001
21.769,0.25,25.001
21.77,0.25,25.001
21.771,0.25,25.001
21.772,0.25,25.001
21.773,0.25,25.001
21.774,0.25,25.001
21.775,0.25,25.001
21.776,0.25,25.001
21.777,0.25,25.001
21.778,0.25,25.001
21.779,0.25,25.001
21.78,0.25,25.001
21.781,0.25,25.001
21.782,0.25,25.001
21.783,0.25,25.001
21.784,0.25,25.001
21.785,0.25,25.001
21.786,0.25,25.001
21.787,0.25,25.001
21.788,0.25,25.001
21.789,0.25,25.001
21.79,0.25,25.001
21.791,0.25,25.001
21.792,0.25,25.001
21.793,0.25,25.001
21.794,0.25,25.001
21.795,0.25,25.001
21.796,0.25,25.001
21.797,0.25,25.001
21.798,0.25,25.001
21.799,0.25,25.001
21.8,0.25,25.001
21.801,0.25,25.001
21.802,0.25,25.001
21.803,0.25,25.001
21.804,0.25,25.001
21.805,0.25,25.001
21.806,0.25,25.001
21.807,0.25,25.001
21.808,0.25,25.001
21.809,0.25,25.001
21.81,0.25,25.001
21.811,0.25,25.001
21.812,0.25,25.001
21.813,0.25,25.001
21.814,0.25,25.001
21.815,0.25,25.001
21.816,0.25,25.001
21.817,0.25,25.001
21.818,0.25,25.001
21.819,0.25,25.001
21.82,0.25,25.001
21.821,0.25,25.001
21.822,0.25,25.001
21.823,0.25,25.001
21.824,0.25,25.001
21.825,0.25,25.001
21.826,0.25,25.001
21.827,0.25,25.001
21.828,0.25,25.001
21.829,0.25,25.001
21.83,0.25,25.001
21.831,0.25,25.001
21.832,0.25,25.001
21.833,0.25,25.001
21.834,0.25,25.001
21.835,0.25,25.001
21.836,0.25,25.001
21.837,0.25,25.001
21.838,0.25,25.001
21.839,0.25,25.001
21.84,0.25,25.001
21.841,0.25,25.001
21.842,0.25,25.001
21.843,0.25,25.001
21.844,0.25,25.001
21.845,0.25,25.001
21.846,0.25,25.001
21.847,0.25,25.001
21.848,0.25,25.001
21.849,0.25,25.001
21.85,0.25,25.001
21.851,0.25,25.001
21.852,0.25,25.001
21.853,0.25,25.001
21.854,0.25,25.001
21.855,0.25,25.001
21.856,0.25,25.001
21.857,0.25,25.001
21.858,0.25,25.001
21.859,0.25,25.001
21.86,0.25,25.001
21.861,0.25,25.001
21.862,0.25,25.001
21.863,0.25,25.001
21.864,0.25,25.001
21.865,0.25,25.001
21.866,0.25,25.001
21.867,0.25,25.001
21.868,0.25,25.001
21.869,0.25,25.001
21.87,0.25,25.001
21.871,0.25,25.001
21.872,0.25,25.001
21.873,0.25,25.001
21.874,0.25,25.001
21.875,0.25,25.001
21.876,0.25,25.001
21.877,0.25,25.001
21.878,0.25,25.001
21.879,0.25,25.001
21.88,0.25,25.001
21.881,0.25,25.001
21.882,0.25,25.001
21.883,0.25,25.001
21.884,0.25,25.001
21.885,0.25,25.001
21.886,0.25,25.001
21.887,0.25,25.001
21.888,0.25,25.001
21.889,0.25,25.001
21.89,0.25,25.001
21.891,0.25,25.001
21.892,0.25,25.001
21.893,0.25,25.001
21.894,0.25,25.001
21.895,0.25,25.001
21.896,0.25,25.001
21.897,0.25,25.001
21.898,0.25,25.001
21.899,0.25,25.001
21.9,0.25,25.001
21.901,0.25,25.001
21.902,0.25,25.001
21.903,0.25,25.001
21.904,0.25,25.001
21.905,0.25,25.001
21.906,0.25,25.001
21.907,0.25,25.001
21.908,0.25,25.001
21.909,0.25,25.001
21.91,0.25,25.001
21.911,0.25,25.001
21.912,0.25,25.001
21.913,0.25,25.001
21.914,0.25,25.001
21.915,0.25,25.001
21.916,0.25,25.001
21.917,0.25,25.001
21.918,0.25,25.001
21.919,0.25,25.001
21.92,0.25,25.001
21.921,0.25,25.001
21.922,0.25,25.001
21.923,0.25,25.001
21.924,0.25,25.001
21.925,0.25,25.001
21.926,0.25,25.001
21.927,0.25,25.001
21.928,0.25,25.001
21.929,0.25,25.001
21.93,0.25,25.001
21.931,0.25,25.001
21.932,0.25,25.001
21.933,0.25,25.001
21.934,0.25,25.001
21.935,0.25,25.001
21.936,0.25,25.001
21.937,0.25,25.001
21.938,0.25,25.001
21.939,0.25,25.001
21.94,0.25,25.001
21.941,0.25,25.001
21.942,0.25,25.001
21.943,0.25,25.001
21.944,0.25,25.001
21.945,0.25,25.001
21.946,0.25,25.001
21.947,0.25,25.001
21.948,0.25,25.001
21.949,0.25,25.001
21.95,0.25,25.001
21.951,0.25,25.001
21.952,0.25,25.001
21.953,0.25,25.001
21.954,0.25,25.001
21.955,0.25,25.001
21.956,0.25,25.001
21.957,0.25,25.001
21.958,0.25,25.001
21.959,0.25,25.001
21.96,0.25,25.001
21.961,0.25,25.001
21.962,0.25,25.001
21.963,0.25,25.001
21.964,0.25,25.001
21.965,0.25,25.001
21.966,0.25,25.001
21.967,0.25,25.001
21.968,0.25,25.001
21.969,0.25,25.001
21.97,0.25,25.001
21.971,0.25,25.001
21.972,0.25,25.001
21.973,0.25,25.001
21.974,0.25,25.001
21.975,0.25,25.001
21.976,0.25,25.001
21.977,0.25,25.001
21.978,0.25,25.001
21.979,0.25,25.001
21.98,0.25,25.001
21.981,0.25,25.001
21.982,0.25,25.001
21.983,0.25,25.001
21.984,0.25,25.001
21.985,0.25,25.001
21.986,0.25,25.001
21.987,0.25,25.001
21.988,0.25,25.001
21.989,0.25,25.001
21.99,0.25,25.001
21.991,0.25,25.001
21.992,0.25,25.001
21.993,0.25,25.001
21.994,0.25,25.001
21.995,0.25,25.001
21.996,0.25,25.001
21.997,0.25,25.001
21.998,0.25,25.001
21.999,0.25,25.001
22,0.25,25.001
22.001,0.25,25.001
22.002,0.25,25.001
22.003,0.25,25.001
22.004,0.25,25.001
22.005,0.25,25.001
22.006,0.25,25.001
22.007,0.25,25.001
22.008,0.25,25.001
22.009,0.25,25.001
22.01,0.25,25.001
22.011,0.25,25.001
22.012,0.25,25.001
22.013,0.25,25.001
22.014,0.25,25.001
22.015,0.25,25.001
22.016,0.25,25.001
22.017,0.25,25.001
22.018,0.25,25.001
22.019,0.25,25.001
22.02,0.25,25.001
22.021,0.25,25.001
22.022,0.25,25.001
22.023,0.25,25.001
22.024,0.25,25.001
22.025,0.25,25.001
22.026,0.25,25.001
22.027,0.25,25.001
22.028,0.25,25.001
22.029,0.25,25.001
22.03,0.25,25.001
22.031,0.25,25.001
22.032,0.25,25.001
22.033,0.25,25.001
22.034,0.25,25.001
22.035,0.25,25.001
22.036,0.25,25.001
22.037,0.25,25.001
22.038,0.25,25.001
22.039,0.25,25.001
22.04,0.25,25.001
22.041,0.25,25.001
22.042,0.25,25.001
22.043,0.25,25.001
22.044,0.25,25.001
22.045,0.25,25.001
22.046,0.25,25.001
22.047,0.25,25.001
22.048,0.25,25.001
22.049,0.25,25.001
22.05,0.25,25.001
22.051,0.25,25.001
22.052,0.25,25.001
22.053,0.25,25.001
22.054,0.25,25.001
22.055,0.25,25.001
22.056,0.25,25.001
22.057,0.25,25.001
22.058,0.25,25.001
22.059,0.25,25.001
22.06,0.25,25.001
22.061,0.25,25.001
22.062,0.25,25.001
22.063,0.25,25.001
22.064,0.25,25.001
22.065,0.25,25.001
22.066,0.25,25.001
22.067,0.25,25.001
22.068,0.25,25.001
22.069,0.25,25.001
22.07,0.25,25.001
22.071,0.25,25.001
22.072,0.25,25.001
22.073,0.25,25.001
22.074,0.25,25.001
22.075,0.25,25.001
22.076,0.25,25.001
22.077,0.25,25.001
22.078,0.25,25.001
22.079,0.25,25.001
22.08,0.25,25.001
22.081,0.25,25.001
22.082,0.25,25.001
22.083,0.25,25.001
22.084,0.25,25.001
22.085,0.25,25.001
22.086,0.25,25.001
22.087,0.25,25.001
22.088,0.25,25.001
22.089,0.25,25.001
22.09,0.25,25.001
22.091,0.25,25.001
22.092,0.25,25.001
22.093,0.25,25.001
22.094,0.25,25.001
22.095,0.25,25.001
22.096,0.25,25.001
22.097,0.25,25.001
22.098,0.25,25.001
22.099,0.25,25.001
22.1,0.25,25.001
22.101,0.25,25.001
22.102,0.25,25.001
22.103,0.25,25.001
22.104,0.25,25.001
22.105,0.25,25.001
22.106,0.25,25.001
22.107,0.25,25.001
22.108,0.25,25.001
22.109,0.25,25.001
22.11,0.25,25.001
22.111,0.25,25.001
22.112,0.25,25.001
22.113,0.25,25.001
22.114,0.25,25.001
22.115,0.25,25.001
22.116,0.25,25.001
22.117,0.25,25.001
22.118,0.25,25.001
22.119,0.25,25.001
22.12,0.25,25.001
22.121,0.25,25.001
22.122,0.25,25.001
22.123,0.25,25.001
22.124,0.25,25.001
22.125,0.25,25.001
22.126,0.25,25.001
22.127,0.25,25.001
22.128,0.25,25.001
22.129,0.25,25.001
22.13,0.25,25.001
22.131,0.25,25.001
22.132,0.25,25.001
22.133,0.25,25.001
22.134,0.25,25.001
22.135,0.25,25.001
22.136,0.25,25.001
22.137,0.25,25.001
22.138,0.25,25.001
22.139,0.25,25.001
22.14,0.25,25.001
22.141,0.25,25.001
22.142,0.25,25.001
22.143,0.25,25.001
22.144,0.25,25.001
22.145,0.25,25.001
22.146,0.25,25.001
22.147,0.25,25.001
22.148,0.25,25.001
22.149,0.25,25.001
22.15,0.25,25.001
22.151,0.25,25.001
22.152,0.25,25.001
22.153,0.25,25.001
22.154,0.25,25.001
22.155,0.25,25.001
22.156,0.25,25.001
22.157,0.25,25.001
22.158,0.25,25.001
22.159,0.25,25.001
22.16,0.25,25.001
22.161,0.25,25.001
22.162,0.25,25.001
22.163,0.25,25.001
22.164,0.25,25.001
22.165,0.25,25.001
22.166,0.25,25.001
22.167,0.25,25.001
22.168,0.25,25.001
22.169,0.25,25.001
22.17,0.25,25.001
22.171,0.25,25.001
22.172,0.25,25.001
22.173,0.25,25.001
22.174,0.25,25.001
22.175,0.25,25.001
22.176,0.25,25.001
22.177,0.25,25.001
22.178,0.25,25.001
22.179,0.25,25.001
22.18,0.25,25.001
22.181,0.25,25.001
22.182,0.25,25.001
22.183,0.25,25.001
22.184,0.25,25.001
22.185,0.25,25.001
22.186,0.25,25.001
22.187,0.25,25.001
22.188,0.25,25.001
22.189,0.25,25.001
22.19,0.25,25.001
22.191,0.25,25.001
22.192,0.25,25.001
22.193,0.25,25.001
22.194,0.25,25.001
22.195,0.25,25.001
22.196,0.25,25.001
22.197,0.25,25.001
22.198,0.25,25.001
22.199,0.25,25.001
22.2,0.25,25.001
22.201,0.25,25.001
22.202,0.25,25.001
22.203,0.25,25.001
22.204,0.25,25.001
22.205,0.25,25.001
22.206,0.25,25.001
22.207,0.25,25.001
22.208,0.25,25.001
22.209,0.25,25.001
22.21,0.25,25.001
22.211,0.25,25.001
22.212,0.25,25.001
22.213,0.25,25.001
22.214,0.25,25.001
22.215,0.25,25.001
22.216,0.25,25.001
22.217,0.25,25.001
22.218,0.25,25.001
22.219,0.25,25.001
22.22,0.25,25.001
22.221,0.25,25.001
22.222,0.25,25.001
22.223,0.25,25.001
22.224,0.25,25.001
22.225,0.25,25.001
22.226,0.25,25.001
22.227,0.25,25.001
22.228,0.25,25.001
22.229,0.25,25.001
22.23,0.25,25.001
22.231,0.25,25.001
22.232,0.25,25.001
22.233,0.25,25.001
22.234,0.25,25.001
22.235,0.25,25.001
22.236,0.25,25.001
22.237,0.25,25.001
22.238,0.25,25.001
22.239,0.25,25.001
22.24,0.25,25.001
22.241,0.25,25.001
22.242,0.25,25.001
22.243,0.25,25.001
22.244,0.25,25.001
22.245,0.25,25.001
22.246,0.25,25.001
22.247,0.25,25.001
22.248,0.25,25.001
22.249,0.25,25.001
22.25,0.25,25.001
22.251,0.25,25.001
22.252,0.25,25.001
22.253,0.25,25.001
22.254,0.25,25.001
22.255,0.25,25.001
22.256,0.25,25.001
22.257,0.25,25.001
22.258,0.25,25.001
22.259,0.25,25.001
22.26,0.25,25.001
22.261,0.25,25.001
22.262,0.25,25.001
22.263,0.25,25.001
22.264,0.25,25.001
22.265,0.25,25.001
22.266,0.25,25.001
22.267,0.25,25.001
22.268,0.25,25.001
22.269,0.25,25.001
22.27,0.25,25.001
22.271,0.25,25.001
22.272,0.25,25.001
22.273,0.25,25.001
22.274,0.25,25.001
22.275,0.25,25.001
22.276,0.25,25.001
22.277,0.25,25.001
22.278,0.25,25.001
22.279,0.25,25.001
22.28,0.25,25.001
22.281,0.25,25.001
22.282,0.25,25.001
22.283,0.25,25.001
22.284,0.25,25.001
22.285,0.25,25.001
22.286,0.25,25.001
22.287,0.25,25.001
22.288,0.25,25.001
22.289,0.25,25.001
22.29,0.25,25.001
22.291,0.25,25.001
22.292,0.25,25.001
22.293,0.25,25.001
22.294,0.25,25.001
22.295,0.25,25.001
22.296,0.25,25.001
22.297,0.25,25.001
22.298,0.25,25.001
22.299,0.25,25.001
22.3,0.25,25.001
22.301,0.25,25.001
22.302,0.25,25.001
22.303,0.25,25.001
22.304,0.25,25.001
22.305,0.25,25.001
22.306,0.25,25.001
22.307,0.25,25.001
22.308,0.25,25.001
22.309,0.25,25.001
22.31,0.25,25.001
22.311,0.25,25.001
22.312,0.25,25.001
22.313,0.25,25.001
22.314,0.25,25.001
22.315,0.25,25.001
22.316,0.25,25.001
22.317,0.25,25.001
22.318,0.25,25.001
22.319,0.25,25.001
22.32,0.25,25.001
22.321,0.25,25.001
22.322,0.25,25.001
22.323,0.25,25.001
22.324,0.25,25.001
22.325,0.25,25.001
22.326,0.25,25.001
22.327,0.25,25.001
22.328,0.25,25.001
22.329,0.25,25.001
22.33,0.25,25.001
22.331,0.25,25.001
22.332,0.25,25.001
22.333,0.25,25.001
22.334,0.25,25.001
22.335,0.25,25.001
22.336,0.25,25.001
22.337,0.25,25.001
22.338,0.25,25.001
22.339,0.25,25.001
22.34,0.25,25.001
22.341,0.25,25.001
22.342,0.25,25.001
22.343,0.25,25.001
22.344,0.25,25.001
22.345,0.25,25.001
22.346,0.25,25.001
22.347,0.25,25.001
22.348,0.25,25.001
22.349,0.25,25.001
22.35,0.25,25.001
22.351,0.25,25.001
22.352,0.25,25.001
22.353,0.25,25.001
22.354,0.25,25.001
22.355,0.25,25.001
22.356,0.25,25.001
22.357,0.25,25.001
22.358,0.25,25.001
22.359,0.25,25.001
22.36,0.25,25.001
22.361,0.25,25.001
22.362,0.25,25.001
22.363,0.25,25.001
22.364,0.25,25.001
22.365,0.25,25.001
22.366,0.25,25.001
22.367,0.25,25.001
22.368,0.25,25.001
22.369,0.25,25.001
22.37,0.25,25.001
22.371,0.25,25.001
22.372,0.25,25.001
22.373,0.25,25.001
22.374,0.25,25.001
22.375,0.25,25.001
22.376,0.25,25.001
22.377,0.25,25.001
22.378,0.25,25.001
22.379,0.25,25.001
22.38,0.25,25.001
22.381,0.25,25.001
22.382,0.25,25.001
22.383,0.25,25.001
22.384,0.25,25.001
22.385,0.25,25.001
22.386,0.25,25.001
22.387,0.25,25.001
22.388,0.25,25.001
22.389,0.25,25.001
22.39,0.25,25.001
22.391,0.25,25.001
22.392,0.25,25.001
22.393,0.25,25.001
22.394,0.25,25.001
22.395,0.25,25.001
22.396,0.25,25.001
22.397,0.25,25.001
22.398,0.25,25.001
22.399,0.25,25.001
22.4,0.25,25.001
22.401,0.25,25.001
22.402,0.25,25.001
22.403,0.25,25.001
22.404,0.25,25.001
22.405,0.25,25.001
22.406,0.25,25.001
22.407,0.25,25.001
22.408,0.25,25.001
22.409,0.25,25.001
22.41,0.25,25.001
22.411,0.25,25.001
22.412,0.25,25.001
22.413,0.25,25.001
22.414,0.25,25.001
22.415,0.25,25.001
22.416,0.25,25.001
22.417,0.25,25.001
22.418,0.25,25.001
22.419,0.25,25.001
22.42,0.25,25.001
22.421,0.25,25.001
22.422,0.25,25.001
22.423,0.25,25.001
22.424,0.25,25.001
22.425,0.25,25.001
22.426,0.25,25.001
22.427,0.25,25.001
22.428,0.25,25.001
22.429,0.25,25.001
22.43,0.25,25.001
22.431,0.25,25.001
22.432,0.25,25.001
22.433,0.25,25.001
22.434,0.25,25.001
22.435,0.25,25.001
22.436,0.25,25.001
22.437,0.25,25.001
22.438,0.25,25.001
22.439,0.25,25.001
22.44,0.25,25.001
22.441,0.25,25.001
22.442,0.25,25.001
22.443,0.25,25.001
22.444,0.25,25.001
22.445,0.25,25.001
22.446,0.25,25.001
22.447,0.25,25.001
22.448,0.25,25.001
22.449,0.25,25.001
22.45,0.25,25.001
22.451,0.25,25.001
22.452,0.25,25.001
22.453,0.25,25.001
22.454,0.25,25.001
22.455,0.25,25.001
22.456,0.25,25.001
22.457,0.25,25.001
22.458,0.25,25.001
22.459,0.25,25.001
22.46,0.25,25.001
22.461,0.25,25.001
22.462,0.25,25.001
22.463,0.25,25.001
22.464,0.25,25.001
22.465,0.25,25.001
22.466,0.25,25.001
22.467,0.25,25.001
22.468,0.25,25.001
22.469,0.25,25.001
22.47,0.25,25.001
22.471,0.25,25.001
22.472,0.25,25.001
22.473,0.25,25.001
22.474,0.25,25.001
22.475,0.25,25.001
22.476,0.25,25.001
22.477,0.25,25.001
22.478,0.25,25.001
22.479,0.25,25.001
22.48,0.25,25.001
22.481,0.25,25.001
22.482,0.25,25.001
22.483,0.25,25.001
22.484,0.25,25.001
22.485,0.25,25.001
22.486,0.25,25.001
22.487,0.25,25.001
22.488,0.25,25.001
22.489,0.25,25.001
22.49,0.25,25.001
22.491,0.25,25.001
22.492,0.25,25.001
22.493,0.25,25.001
22.494,0.25,25.001
22.495,0.25,25.001
22.496,0.25,25.001
22.497,0.25,25.001
22.498,0.25,25.001
22.499,0.25,25.001
22.5,0.25,25.001
22.501,0.25,25.001
22.502,0.25,25.001
22.503,0.25,25.001
22.504,0.25,25.001
22.505,0.25,25.001
22.506,0.25,25.001
22.507,0.25,25.001
22.508,0.25,25.001
22.509,0.25,25.001
22.51,0.25,25.001
22.511,0.25,25.001
22.512,0.25,25.001
22.513,0.25,25.001
22.514,0.25,25.001
22.515,0.25,25.001
22.516,0.25,25.001
22.517,0.25,25.001
22.518,0.25,25.001
22.519,0.25,25.001
22.52,0.25,25.001
22.521,0.25,25.001
22.522,0.25,25.001
22.523,0.25,25.001
22.524,0.25,25.001
22.525,0.25,25.001
22.526,0.25,25.001
22.527,0.25,25.001
22.528,0.25,25.001
22.529,0.25,25.001
22.53,0.25,25.001
22.531,0.25,25.001
22.532,0.25,25.001
22.533,0.25,25.001
22.534,0.25,25.001
22.535,0.25,25.001
22.536,0.25,25.001
22.537,0.25,25.001
22.538,0.25,25.001
22.539,0.25,25.001
22.54,0.25,25.001
22.541,0.25,25.001
22.542,0.25,25.001
22.543,0.25,25.001
22.544,0.25,25.001
22.545,0.25,25.001
22.546,0.25,25.001
22.547,0.25,25.001
22.548,0.25,25.001
22.549,0.25,25.001
22.55,0.25,25.001
22.551,0.25,25.001
22.552,0.25,25.001
22.553,0.25,25.001
22.554,0.25,25.001
22.555,0.25,25.001
22.556,0.25,25.001
22.557,0.25,25.001
22.558,0.25,25.001
22.559,0.25,25.001
22.56,0.25,25.001
22.561,0.25,25.001
22.562,0.25,25.001
22.563,0.25,25.001
22.564,0.25,25.001
22.565,0.25,25.001
22.566,0.25,25.001
22.567,0.25,25.001
22.568,0.25,25.001
22.569,0.25,25.001
22.57,0.25,25.001
22.571,0.25,25.001
22.572,0.25,25.001
22.573,0.25,25.001
22.574,0.25,25.001
22.575,0.25,25.001
22.576,0.25,25.001
22.577,0.25,25.001
22.578,0.25,25.001
22.579,0.25,25.001
22.58,0.25,25.001
22.581,0.25,25.001
22.582,0.25,25.001
22.583,0.25,25.001
22.584,0.25,25.001
22.585,0.25,25.001
22.586,0.25,25.001
22.587,0.25,25.001
22.588,0.25,25.001
22.589,0.25,25.001
22.59,0.25,25.001
22.591,0.25,25.001
22.592,0.25,25.001
22.593,0.25,25.001
22.594,0.25,25.001
22.595,0.25,25.001
22.596,0.25,25.001
22.597,0.25,25.001
22.598,0.25,25.001
22.599,0.25,25.001
22.6,0.25,25.001
22.601,0.25,25.001
22.602,0.25,25.001
22.603,0.25,25.001
22.604,0.25,25.001
22.605,0.25,25.001
22.606,0.25,25.001
22.607,0.25,25.001
22.608,0.25,25.001
22.609,0.25,25.001
22.61,0.25,25.001
22.611,0.25,25.001
22.612,0.25,25.001
22.613,0.25,25.001
22.614,0.25,25.001
22.615,0.25,25.001
22.616,0.25,25.001
22.617,0.25,25.001
22.618,0.25,25.001
22.619,0.25,25.001
22.62,0.25,25.001
22.621,0.25,25.001
22.622,0.25,25.001
22.623,0.25,25.001
22.624,0.25,25.001
22.625,0.25,25.001
22.626,0.25,25.001
22.627,0.25,25.001
22.628,0.25,25.001
22.629,0.25,25.001
22.63,0.25,25.001
22.631,0.25,25.001
22.632,0.25,25.001
22.633,0.25,25.001
22.634,0.25,25.001
22.635,0.25,25.001
22.636,0.25,25.001
22.637,0.25,25.001
22.638,0.25,25.001
22.639,0.25,25.001
22.64,0.25,25.001
22.641,0.25,25.001
22.642,0.25,25.001
22.643,0.25,25.001
22.644,0.25,25.001
22.645,0.25,25.001
22.646,0.25,25.001
22.647,0.25,25.001
22.648,0.25,25.001
22.649,0.25,25.001
22.65,0.25,25.001
22.651,0.25,25.001
22.652,0.25,25.001
22.653,0.25,25.001
22.654,0.25,25.001
22.655,0.25,25.001
22.656,0.25,25.001
22.657,0.25,25.001
22.658,0.25,25.001
22.659,0.25,25.001
22.66,0.25,25.001
22.661,0.25,25.001
22.662,0.25,25.001
22.663,0.25,25.001
22.664,0.25,25.001
22.665,0.25,25.001
22.666,0.25,25.001
22.667,0.25,25.001
22.668,0.25,25.001
22.669,0.25,25.001
22.67,0.25,25.001
22.671,0.25,25.001
22.672,0.25,25.001
22.673,0.25,25.001
22.674,0.25,25.001
22.675,0.25,25.001
22.676,0.25,25.001
22.677,0.25,25.001
22.678,0.25,25.001
22.679,0.25,25.001
22.68,0.25,25.001
22.681,0.25,25.001
22.682,0.25,25.001
22.683,0.25,25.001
22.684,0.25,25.001
22.685,0.25,25.001
22.686,0.25,25.001
22.687,0.25,25.001
22.688,0.25,25.001
22.689,0.25,25.001
22.69,0.25,25.001
22.691,0.25,25.001
22.692,0.25,25.001
22.693,0.25,25.001
22.694,0.25,25.001
22.695,0.25,25.001
22.696,0.25,25.001
22.697,0.25,25.001
22.698,0.25,25.001
22.699,0.25,25.001
22.7,0.25,25.001
22.701,0.25,25.001
22.702,0.25,25.001
22.703,0.25,25.001
22.704,0.25,25.001
22.705,0.25,25.001
22.706,0.25,25.001
22.707,0.25,25.001
22.708,0.25,25.001
22.709,0.25,25.001
22.71,0.25,25.001
22.711,0.25,25.001
22.712,0.25,25.001
22.713,0.25,25.001
22.714,0.25,25.001
22.715,0.25,25.001
22.716,0.25,25.001
22.717,0.25,25.001
22.718,0.25,25.001
22.719,0.25,25.001
22.72,0.25,25.001
22.721,0.25,25.001
22.722,0.25,25.001
22.723,0.25,25.001
22.724,0.25,25.001
22.725,0.25,25.001
22.726,0.25,25.001
22.727,0.25,25.001
22.728,0.25,25.001
22.729,0.25,25.001
22.73,0.25,25.001
22.731,0.25,25.001
22.732,0.25,25.001
22.733,0.25,25.001
22.734,0.25,25.001
22.735,0.25,25.001
22.736,0.25,25.001
22.737,0.25,25.001
22.738,0.25,25.001
22.739,0.25,25.001
22.74,0.25,25.001
22.741,0.25,25.001
22.742,0.25,25.001
22.743,0.25,25.001
22.744,0.25,25.001
22.745,0.25,25.001
22.746,0.25,25.001
22.747,0.25,25.001
22.748,0.25,25.001
22.749,0.25,25.001
22.75,0.25,25.001
22.751,0.25,25.001
22.752,0.25,25.001
22.753,0.25,25.001
22.754,0.25,25.001
22.755,0.25,25.001
22.756,0.25,25.001
22.757,0.25,25.001
22.758,0.25,25.001
22.759,0.25,25.001
22.76,0.25,25.001
22.761,0.25,25.001
22.762,0.25,25.001
22.763,0.25,25.001
22.764,0.25,25.001
22.765,0.25,25.001
22.766,0.25,25.001
22.767,0.25,25.001
22.768,0.25,25.001
22.769,0.25,25.001
22.77,0.25,25.001
22.771,0.25,25.001
22.772,0.25,25.001
22.773,0.25,25.001
22.774,0.25,25.001
22.775,0.25,25.001
22.776,0.25,25.001
22.777,0.25,25.001
22.778,0.25,25.001
22.779,0.25,25.001
22.78,0.25,25.001
22.781,0.25,25.001
22.782,0.25,25.001
22.783,0.25,25.001
22.784,0.25,25.001
22.785,0.25,25.001
22.786,0.25,25.001
22.787,0.25,25.001
22.788,0.25,25.001
22.789,0.25,25.001
22.79,0.25,25.001
22.791,0.25,25.001
22.792,0.25,25.001
22.793,0.25,25.001
22.794,0.25,25.001
22.795,0.25,25.001
22.796,0.25,25.001
22.797,0.25,25.001
22.798,0.25,25.001
22.799,0.25,25.001
22.8,0.25,25.001
22.801,0.25,25.001
22.802,0.25,25.001
22.803,0.25,25.001
22.804,0.25,25.001
22.805,0.25,25.001
22.806,0.25,25.001
22.807,0.25,25.001
22.808,0.25,25.001
22.809,0.25,25.001
22.81,0.25,25.001
22.811,0.25,25.001
22.812,0.25,25.001
22.813,0.25,25.001
22.814,0.25,25.001
22.815,0.25,25.001
22.816,0.25,25.001
22.817,0.25,25.001
22.818,0.25,25.001
22.819,0.25,25.001
22.82,0.25,25.001
22.821,0.25,25.001
22.822,0.25,25.001
22.823,0.25,25.001
22.824,0.25,25.001
22.825,0.25,25.001
22.826,0.25,25.001
22.827,0.25,25.001
22.828,0.25,25.001
22.829,0.25,25.001
22.83,0.25,25.001
22.831,0.25,25.001
22.832,0.25,25.001
22.833,0.25,25.001
22.834,0.25,25.001
22.835,0.25,25.001
22.836,0.25,25.001
22.837,0.25,25.001
22.838,0.25,25.001
22.839,0.25,25.001
22.84,0.25,25.001
22.841,0.25,25.001
22.842,0.25,25.001
22.843,0.25,25.001
22.844,0.25,25.001
22.845,0.25,25.001
22.846,0.25,25.001
22.847,0.25,25.001
22.848,0.25,25.001
22.849,0.25,25.001
22.85,0.25,25.001
22.851,0.25,25.001
22.852,0.25,25.001
22.853,0.25,25.001
22.854,0.25,25.001
22.855,0.25,25.001
22.856,0.25,25.001
22.857,0.25,25.001
22.858,0.25,25.001
22.859,0.25,25.001
22.86,0.25,25.001
22.861,0.25,25.001
22.862,0.25,25.001
22.863,0.25,25.001
22.864,0.25,25.001
22.865,0.25,25.001
22.866,0.25,25.001
22.867,0.25,25.001
22.868,0.25,25.001
22.869,0.25,25.001
22.87,0.25,25.001
22.871,0.25,25.001
22.872,0.25,25.001
22.873,0.25,25.001
22.874,0.25,25.001
22.875,0.25,25.001
22.876,0.25,25.001
22.877,0.25,25.001
22.878,0.25,25.001
22.879,0.25,25.001
22.88,0.25,25.001
22.881,0.25,25.001
22.882,0.25,25.001
22.883,0.25,25.001
22.884,0.25,25.001
22.885,0.25,25.001
22.886,0.25,25.001
22.887,0.25,25.001
22.888,0.25,25.001
22.889,0.25,25.001
22.89,0.25,25.001
22.891,0.25,25.001
22.892,0.25,25.001
22.893,0.25,25.001
22.894,0.25,25.001
22.895,0.25,25.001
22.896,0.25,25.001
22.897,0.25,25.001
22.898,0.25,25.001
22.899,0.25,25.001
22.9,0.25,25.001
22.901,0.25,25.001
22.902,0.25,25.001
22.903,0.25,25.001
22.904,0.25,25.001
22.905,0.25,25.001
22.906,0.25,25.001
22.907,0.25,25.001
22.908,0.25,25.001
22.909,0.25,25.001
22.91,0.25,25.001
22.911,0.25,25.001
22.912,0.25,25.001
22.913,0.25,25.001
22.914,0.25,25.001
22.915,0.25,25.001
22.916,0.25,25.001
22.917,0.25,25.001
22.918,0.25,25.001
22.919,0.25,25.001
22.92,0.25,25.001
22.921,0.25,25.001
22.922,0.25,25.001
22.923,0.25,25.001
22.924,0.25,25.001
22.925,0.25,25.001
22.926,0.25,25.001
22.927,0.25,25.001
22.928,0.25,25.001
22.929,0.25,25.001
22.93,0.25,25.001
22.931,0.25,25.001
22.932,0.25,25.001
22.933,0.25,25.001
22.934,0.25,25.001
22.935,0.25,25.001
22.936,0.25,25.001
22.937,0.25,25.001
22.938,0.25,25.001
22.939,0.25,25.001
22.94,0.25,25.001
22.941,0.25,25.001
22.942,0.25,25.001
22.943,0.25,25.001
22.944,0.25,25.001
22.945,0.25,25.001
22.946,0.25,25.001
22.947,0.25,25.001
22.948,0.25,25.001
22.949,0.25,25.001
22.95,0.25,25.001
22.951,0.25,25.001
22.952,0.25,25.001
22.953,0.25,25.001
22.954,0.25,25.001
22.955,0.25,25.001
22.956,0.25,25.001
22.957,0.25,25.001
22.958,0.25,25.001
22.959,0.25,25.001
22.96,0.25,25.001
22.961,0.25,25.001
22.962,0.25,25.001
22.963,0.25,25.001
22.964,0.25,25.001
22.965,0.25,25.001
22.966,0.25,25.001
22.967,0.25,25.001
22.968,0.25,25.001
22.969,0.25,25.001
22.97,0.25,25.001
22.971,0.25,25.001
22.972,0.25,25.001
22.973,0.25,25.001
22.974,0.25,25.001
22.975,0.25,25.001
22.976,0.25,25.001
22.977,0.25,25.001
22.978,0.25,25.001
22.979,0.25,25.001
22.98,0.25,25.001
22.981,0.25,25.001
22.982,0.25,25.001
22.983,0.25,25.001
22.984,0.25,25.001
22.985,0.25,25.001
22.986,0.25,25.001
22.987,0.25,25.001
22.988,0.25,25.001
22.989,0.25,25.001
22.99,0.25,25.001
22.991,0.25,25.001
22.992,0.25,25.001
22.993,0.25,25.001
22.994,0.25,25.001
22.995,0.25,25.001
22.996,0.25,25.001
22.997,0.25,25.001
22.998,0.25,25.001
22.999,0.25,25.001
23,0.25,25.001
23.001,0.25,25.001
23.002,0.25,25.001
23.003,0.25,25.001
23.004,0.25,25.001
23.005,0.25,25.001
23.006,0.25,25.001
23.007,0.25,25.001
23.008,0.25,25.001
23.009,0.25,25.001
23.01,0.25,25.001
23.011,0.25,25.001
23.012,0.25,25.001
23.013,0.25,25.001
23.014,0.25,25.001
23.015,0.25,25.001
23.016,0.25,25.001
23.017,0.25,25.001
23.018,0.25,25.001
23.019,0.25,25.001
23.02,0.25,25.001
23.021,0.25,25.001
23.022,0.25,25.001
23.023,0.25,25.001
23.024,0.25,25.001
23.025,0.25,25.001
23.026,0.25,25.001
23.027,0.25,25.001
23.028,0.25,25.001
23.029,0.25,25.001
23.03,0.25,25.001
23.031,0.25,25.001
23.032,0.25,25.001
23.033,0.25,25.001
23.034,0.25,25.001
23.035,0.25,25.001
23.036,0.25,25.001
23.037,0.25,25.001
23.038,0.25,25.001
23.039,0.25,25.001
23.04,0.25,25.001
23.041,0.25,25.001
23.042,0.25,25.001
23.043,0.25,25.001
23.044,0.25,25.001
23.045,0.25,25.001
23.046,0.25,25.001
23.047,0.25,25.001
23.048,0.25,25.001
23.049,0.25,25.001
23.05,0.25,25.001
23.051,0.25,25.001
23.052,0.25,25.001
23.053,0.25,25.001
23.054,0.25,25.001
23.055,0.25,25.001
23.056,0.25,25.001
23.057,0.25,25.001
23.058,0.25,25.001
23.059,0.25,25.001
23.06,0.25,25.001
23.061,0.25,25.001
23.062,0.25,25.001
23.063,0.25,25.001
23.064,0.25,25.001
23.065,0.25,25.001
23.066,0.25,25.001
23.067,0.25,25.001
23.068,0.25,25.001
23.069,0.25,25.001
23.07,0.25,25.001
23.071,0.25,25.001
23.072,0.25,25.001
23.073,0.25,25.001
23.074,0.25,25.001
23.075,0.25,25.001
23.076,0.25,25.001
23.077,0.25,25.001
23.078,0.25,25.001
23.079,0.25,25.001
23.08,0.25,25.001
23.081,0.25,25.001
23.082,0.25,25.001
23.083,0.25,25.001
23.084,0.25,25.001
23.085,0.25,25.001
23.086,0.25,25.001
23.087,0.25,25.001
23.088,0.25,25.001
23.089,0.25,25.001
23.09,0.25,25.001
23.091,0.25,25.001
23.092,0.25,25.001
23.093,0.25,25.001
23.094,0.25,25.001
23.095,0.25,25.001
23.096,0.25,25.001
23.097,0.25,25.001
23.098,0.25,25.001
23.099,0.25,25.001
23.1,0.25,25.001
23.101,0.25,25.001
23.102,0.25,25.001
23.103,0.25,25.001
23.104,0.25,25.001
23.105,0.25,25.001
23.106,0.25,25.001
23.107,0.25,25.001
23.108,0.25,25.001
23.109,0.25,25.001
23.11,0.25,25.001
23.111,0.25,25.001
23.112,0.25,25.001
23.113,0.25,25.001
23.114,0.25,25.001
23.115,0.25,25.001
23.116,0.25,25.001
23.117,0.25,25.001
23.118,0.25,25.001
23.119,0.25,25.001
23.12,0.25,25.001
23.121,0.25,25.001
23.122,0.25,25.001
23.123,0.25,25.001
23.124,0.25,25.001
23.125,0.25,25.001
23.126,0.25,25.001
23.127,0.25,25.001
23.128,0.25,25.001
23.129,0.25,25.001
23.13,0.25,25.001
23.131,0.25,25.001
23.132,0.25,25.001
23.133,0.25,25.001
23.134,0.25,25.001
23.135,0.25,25.001
23.136,0.25,25.001
23.137,0.25,25.001
23.138,0.25,25.001
23.139,0.25,25.001
23.14,0.25,25.001
23.141,0.25,25.001
23.142,0.25,25.001
23.143,0.25,25.001
23.144,0.25,25.001
23.145,0.25,25.001
23.146,0.25,25.001
23.147,0.25,25.001
23.148,0.25,25.001
23.149,0.25,25.001
23.15,0.25,25.001
23.151,0.25,25.001
23.152,0.25,25.001
23.153,0.25,25.001
23.154,0.25,25.001
23.155,0.25,25.001
23.156,0.25,25.001
23.157,0.25,25.001
23.158,0.25,25.001
23.159,0.25,25.001
23.16,0.25,25.001
23.161,0.25,25.001
23.162,0.25,25.001
23.163,0.25,25.001
23.164,0.25,25.001
23.165,0.25,25.001
23.166,0.25,25.001
23.167,0.25,25.001
23.168,0.25,25.001
23.169,0.25,25.001
23.17,0.25,25.001
23.171,0.25,25.001
23.172,0.25,25.001
23.173,0.25,25.001
23.174,0.25,25.001
23.175,0.25,25.001
23.176,0.25,25.001
23.177,0.25,25.001
23.178,0.25,25.001
23.179,0.25,25.001
23.18,0.25,25.001
23.181,0.25,25.001
23.182,0.25,25.001
23.183,0.25,25.001
23.184,0.25,25.001
23.185,0.25,25.001
23.186,0.25,25.001
23.187,0.25,25.001
23.188,0.25,25.001
23.189,0.25,25.001
23.19,0.25,25.001
23.191,0.25,25.001
23.192,0.25,25.001
23.193,0.25,25.001
23.194,0.25,25.001
23.195,0.25,25.001
23.196,0.25,25.001
23.197,0.25,25.001
23.198,0.25,25.001
23.199,0.25,25.001
23.2,0.25,25.001
23.201,0.25,25.001
23.202,0.25,25.001
23.203,0.25,25.001
23.204,0.25,25.001
23.205,0.25,25.001
23.206,0.25,25.001
23.207,0.25,25.001
23.208,0.25,25.001
23.209,0.25,25.001
23.21,0.25,25.001
23.211,0.25,25.001
23.212,0.25,25.001
23.213,0.25,25.001
23.214,0.25,25.001
23.215,0.25,25.001
23.216,0.25,25.001
23.217,0.25,25.001
23.218,0.25,25.001
23.219,0.25,25.001
23.22,0.25,25.001
23.221,0.25,25.001
23.222,0.25,25.001
23.223,0.25,25.001
23.224,0.25,25.001
23.225,0.25,25.001
23.226,0.25,25.001
23.227,0.25,25.001
23.228,0.25,25.001
23.229,0.25,25.001
23.23,0.25,25.001
23.231,0.25,25.001
23.232,0.25,25.001
23.233,0.25,25.001
23.234,0.25,25.001
23.235,0.25,25.001
23.236,0.25,25.001
23.237,0.25,25.001
23.238,0.25,25.001
23.239,0.25,25.001
23.24,0.25,25.001
23.241,0.25,25.001
23.242,0.25,25.001
23.243,0.25,25.001
23.244,0.25,25.001
23.245,0.25,25.001
23.246,0.25,25.001
23.247,0.25,25.001
23.248,0.25,25.001
23.249,0.25,25.001
23.25,0.25,25.001
23.251,0.25,25.001
23.252,0.25,25.001
23.253,0.25,25.001
23.254,0.25,25.001
23.255,0.25,25.001
23.256,0.25,25.001
23.257,0.25,25.001
23.258,0.25,25.001
23.259,0.25,25.001
23.26,0.25,25.001
23.261,0.25,25.001
23.262,0.25,25.001
23.263,0.25,25.001
23.264,0.25,25.001
23.265,0.25,25.001
23.266,0.25,25.001
23.267,0.25,25.001
23.268,0.25,25.001
23.269,0.25,25.001
23.27,0.25,25.001
23.271,0.25,25.001
23.272,0.25,25.001
23.273,0.25,25.001
23.274,0.25,25.001
23.275,0.25,25.001
23.276,0.25,25.001
23.277,0.25,25.001
23.278,0.25,25.001
23.279,0.25,25.001
23.28,0.25,25.001
23.281,0.25,25.001
23.282,0.25,25.001
23.283,0.25,25.001
23.284,0.25,25.001
23.285,0.25,25.001
23.286,0.25,25.001
23.287,0.25,25.001
23.288,0.25,25.001
23.289,0.25,25.001
23.29,0.25,25.001
23.291,0.25,25.001
23.292,0.25,25.001
23.293,0.25,25.001
23.294,0.25,25.001
23.295,0.25,25.001
23.296,0.25,25.001
23.297,0.25,25.001
23.298,0.25,25.001
23.299,0.25,25.001
23.3,0.25,25.001
23.301,0.25,25.001
23.302,0.25,25.001
23.303,0.25,25.001
23.304,0.25,25.001
23.305,0.25,25.001
23.306,0.25,25.001
23.307,0.25,25.001
23.308,0.25,25.001
23.309,0.25,25.001
23.31,0.25,25.001
23.311,0.25,25.001
23.312,0.25,25.001
23.313,0.25,25.001
23.314,0.25,25.001
23.315,0.25,25.001
23.316,0.25,25.001
23.317,0.25,25.001
23.318,0.25,25.001
23.319,0.25,25.001
23.32,0.25,25.001
23.321,0.25,25.001
23.322,0.25,25.001
23.323,0.25,25.001
23.324,0.25,25.001
23.325,0.25,25.001
23.326,0.25,25.001
23.327,0.25,25.001
23.328,0.25,25.001
23.329,0.25,25.001
23.33,0.25,25.001
23.331,0.25,25.001
23.332,0.25,25.001
23.333,0.25,25.001
23.334,0.25,25.001
23.335,0.25,25.001
23.336,0.25,25.001
23.337,0.25,25.001
23.338,0.25,25.001
23.339,0.25,25.001
23.34,0.25,25.001
23.341,0.25,25.001
23.342,0.25,25.001
23.343,0.25,25.001
23.344,0.25,25.001
23.345,0.25,25.001
23.346,0.25,25.001
23.347,0.25,25.001
23.348,0.25,25.001
23.349,0.25,25.001
23.35,0.25,25.001
23.351,0.25,25.001
23.352,0.25,25.001
23.353,0.25,25.001
23.354,0.25,25.001
23.355,0.25,25.001
23.356,0.25,25.001
23.357,0.25,25.001
23.358,0.25,25.001
23.359,0.25,25.001
23.36,0.25,25.001
23.361,0.25,25.001
23.362,0.25,25.001
23.363,0.25,25.001
23.364,0.25,25.001
23.365,0.25,25.001
23.366,0.25,25.001
23.367,0.25,25.001
23.368,0.25,25.001
23.369,0.25,25.001
23.37,0.25,25.001
23.371,0.25,25.001
23.372,0.25,25.001
23.373,0.25,25.001
23.374,0.25,25.001
23.375,0.25,25.001
23.376,0.25,25.001
23.377,0.25,25.001
23.378,0.25,25.001
23.379,0.25,25.001
23.38,0.25,25.001
23.381,0.25,25.001
23.382,0.25,25.001
23.383,0.25,25.001
23.384,0.25,25.001
23.385,0.25,25.001
23.386,0.25,25.001
23.387,0.25,25.001
23.388,0.25,25.001
23.389,0.25,25.001
23.39,0.25,25.001
23.391,0.25,25.001
23.392,0.25,25.001
23.393,0.25,25.001
23.394,0.25,25.001
23.395,0.25,25.001
23.396,0.25,25.001
23.397,0.25,25.001
23.398,0.25,25.001
23.399,0.25,25.001
23.4,0.25,25.001
23.401,0.25,25.001
23.402,0.25,25.001
23.403,0.25,25.001
23.404,0.25,25.001
23.405,0.25,25.001
23.406,0.25,25.001
23.407,0.25,25.001
23.408,0.25,25.001
23.409,0.25,25.001
23.41,0.25,25.001
23.411,0.25,25.001
23.412,0.25,25.001
23.413,0.25,25.001
23.414,0.25,25.001
23.415,0.25,25.001
23.416,0.25,25.001
23.417,0.25,25.001
23.418,0.25,25.001
23.419,0.25,25.001
23.42,0.25,25.001
23.421,0.25,25.001
23.422,0.25,25.001
23.423,0.25,25.001
23.424,0.25,25.001
23.425,0.25,25.001
23.426,0.25,25.001
23.427,0.25,25.001
23.428,0.25,25.001
23.429,0.25,25.001
23.43,0.25,25.001
23.431,0.25,25.001
23.432,0.25,25.001
23.433,0.25,25.001
23.434,0.25,25.001
23.435,0.25,25.001
23.436,0.25,25.001
23.437,0.25,25.001
23.438,0.25,25.001
23.439,0.25,25.001
23.44,0.25,25.001
23.441,0.25,25.001
23.442,0.25,25.001
23.443,0.25,25.001
23.444,0.25,25.001
23.445,0.25,25.001
23.446,0.25,25.001
23.447,0.25,25.001
23.448,0.25,25.001
23.449,0.25,25.001
23.45,0.25,25.001
23.451,0.25,25.001
23.452,0.25,25.001
23.453,0.25,25.001
23.454,0.25,25.001
23.455,0.25,25.001
23.456,0.25,25.001
23.457,0.25,25.001
23.458,0.25,25.001
23.459,0.25,25.001
23.46,0.25,25.001
23.461,0.25,25.001
23.462,0.25,25.001
23.463,0.25,25.001
23.464,0.25,25.001
23.465,0.25,25.001
23.466,0.25,25.001
23.467,0.25,25.001
23.468,0.25,25.001
23.469,0.25,25.001
23.47,0.25,25.001
23.471,0.25,25.001
23.472,0.25,25.001
23.473,0.25,25.001
23.474,0.25,25.001
23.475,0.25,25.001
23.476,0.25,25.001
23.477,0.25,25.001
23.478,0.25,25.001
23.479,0.25,25.001
23.48,0.25,25.001
23.481,0.25,25.001
23.482,0.25,25.001
23.483,0.25,25.001
23.484,0.25,25.001
23.485,0.25,25.001
23.486,0.25,25.001
23.487,0.25,25.001
23.488,0.25,25.001
23.489,0.25,25.001
23.49,0.25,25.001
23.491,0.25,25.001
23.492,0.25,25.001
23.493,0.25,25.001
23.494,0.25,25.001
23.495,0.25,25.001
23.496,0.25,25.001
23.497,0.25,25.001
23.498,0.25,25.001
23.499,0.25,25.001
23.5,0.25,25.001
23.501,0.25,25.001
23.502,0.25,25.001
23.503,0.25,25.001
23.504,0.25,25.001
23.505,0.25,25.001
23.506,0.25,25.001
23.507,0.25,25.001
23.508,0.25,25.001
23.509,0.25,25.001
23.51,0.25,25.001
23.511,0.25,25.001
23.512,0.25,25.001
23.513,0.25,25.001
23.514,0.25,25.001
23.515,0.25,25.001
23.516,0.25,25.001
23.517,0.25,25.001
23.518,0.25,25.001
23.519,0.25,25.001
23.52,0.25,25.001
23.521,0.25,25.001
23.522,0.25,25.001
23.523,0.25,25.001
23.524,0.25,25.001
23.525,0.25,25.001
23.526,0.25,25.001
23.527,0.25,25.001
23.528,0.25,25.001
23.529,0.25,25.001
23.53,0.25,25.001
23.531,0.25,25.001
23.532,0.25,25.001
23.533,0.25,25.001
23.534,0.25,25.001
23.535,0.25,25.001
23.536,0.25,25.001
23.537,0.25,25.001
23.538,0.25,25.001
23.539,0.25,25.001
23.54,0.25,25.001
23.541,0.25,25.001
23.542,0.25,25.001
23.543,0.25,25.001
23.544,0.25,25.001
23.545,0.25,25.001
23.546,0.25,25.001
23.547,0.25,25.001
23.548,0.25,25.001
23.549,0.25,25.001
23.55,0.25,25.001
23.551,0.25,25.001
23.552,0.25,25.001
23.553,0.25,25.001
23.554,0.25,25.001
23.555,0.25,25.001
23.556,0.25,25.001
23.557,0.25,25.001
23.558,0.25,25.001
23.559,0.25,25.001
23.56,0.25,25.001
23.561,0.25,25.001
23.562,0.25,25.001
23.563,0.25,25.001
23.564,0.25,25.001
23.565,0.25,25.001
23.566,0.25,25.001
23.567,0.25,25.001
23.568,0.25,25.001
23.569,0.25,25.001
23.57,0.25,25.001
23.571,0.25,25.001
23.572,0.25,25.001
23.573,0.25,25.001
23.574,0.25,25.001
23.575,0.25,25.001
23.576,0.25,25.001
23.577,0.25,25.001
23.578,0.25,25.001
23.579,0.25,25.001
23.58,0.25,25.001
23.581,0.25,25.001
23.582,0.25,25.001
23.583,0.25,25.001
23.584,0.25,25.001
23.585,0.25,25.001
23.586,0.25,25.001
23.587,0.25,25.001
23.588,0.25,25.001
23.589,0.25,25.001
23.59,0.25,25.001
23.591,0.25,25.001
23.592,0.25,25.001
23.593,0.25,25.001
23.594,0.25,25.001
23.595,0.25,25.001
23.596,0.25,25.001
23.597,0.25,25.001
23.598,0.25,25.001
23.599,0.25,25.001
23.6,0.25,25.001
23.601,0.25,25.001
23.602,0.25,25.001
23.603,0.25,25.001
23.604,0.25,25.001
23.605,0.25,25.001
23.606,0.25,25.001
23.607,0.25,25.001
23.608,0.25,25.001
23.609,0.25,25.001
23.61,0.25,25.001
23.611,0.25,25.001
23.612,0.25,25.001
23.613,0.25,25.001
23.614,0.25,25.001
23.615,0.25,25.001
23.616,0.25,25.001
23.617,0.25,25.001
23.618,0.25,25.001
23.619,0.25,25.001
23.62,0.25,25.001
23.621,0.25,25.001
23.622,0.25,25.001
23.623,0.25,25.001
23.624,0.25,25.001
23.625,0.25,25.001
23.626,0.25,25.001
23.627,0.25,25.001
23.628,0.25,25.001
23.629,0.25,25.001
23.63,0.25,25.001
23.631,0.25,25.001
23.632,0.25,25.001
23.633,0.25,25.001
23.634,0.25,25.001
23.635,0.25,25.001
23.636,0.25,25.001
23.637,0.25,25.001
23.638,0.25,25.001
23.639,0.25,25.001
23.64,0.25,25.001
23.641,0.25,25.001
23.642,0.25,25.001
23.643,0.25,25.001
23.644,0.25,25.001
23.645,0.25,25.001
23.646,0.25,25.001
23.647,0.25,25.001
23.648,0.25,25.001
23.649,0.25,25.001
23.65,0.25,25.001
23.651,0.25,25.001
23.652,0.25,25.001
23.653,0.25,25.001
23.654,0.25,25.001
23.655,0.25,25.001
23.656,0.25,25.001
23.657,0.25,25.001
23.658,0.25,25.001
23.659,0.25,25.001
23.66,0.25,25.001
23.661,0.25,25.001
23.662,0.25,25.001
23.663,0.25,25.001
23.664,0.25,25.001
23.665,0.25,25.001
23.666,0.25,25.001
23.667,0.25,25.001
23.668,0.25,25.001
23.669,0.25,25.001
23.67,0.25,25.001
23.671,0.25,25.001
23.672,0.25,25.001
23.673,0.25,25.001
23.674,0.25,25.001
23.675,0.25,25.001
23.676,0.25,25.001
23.677,0.25,25.001
23.678,0.25,25.001
23.679,0.25,25.001
23.68,0.25,25.001
23.681,0.25,25.001
23.682,0.25,25.001
23.683,0.25,25.001
23.684,0.25,25.001
23.685,0.25,25.001
23.686,0.25,25.001
23.687,0.25,25.001
23.688,0.25,25.001
23.689,0.25,25.001
23.69,0.25,25.001
23.691,0.25,25.001
23.692,0.25,25.001
23.693,0.25,25.001
23.694,0.25,25.001
23.695,0.25,25.001
23.696,0.25,25.001
23.697,0.25,25.001
23.698,0.25,25.001
23.699,0.25,25.001
23.7,0.25,25.001
23.701,0.25,25.001
23.702,0.25,25.001
23.703,0.25,25.001
23.704,0.25,25.001
23.705,0.25,25.001
23.706,0.25,25.001
23.707,0.25,25.001
23.708,0.25,25.001
23.709,0.25,25.001
23.71,0.25,25.001
23.711,0.25,25.001
23.712,0.25,25.001
23.713,0.25,25.001
23.714,0.25,25.001
23.715,0.25,25.001
23.716,0.25,25.001
23.717,0.25,25.001
23.718,0.25,25.001
23.719,0.25,25.001
23.72,0.25,25.001
23.721,0.25,25.001
23.722,0.25,25.001
23.723,0.25,25.001
23.724,0.25,25.001
23.725,0.25,25.001
23.726,0.25,25.001
23.727,0.25,25.001
23.728,0.25,25.001
23.729,0.25,25.001
23.73,0.25,25.001
23.731,0.25,25.001
23.732,0.25,25.001
23.733,0.25,25.001
23.734,0.25,25.001
23.735,0.25,25.001
23.736,0.25,25.001
23.737,0.25,25.001
23.738,0.25,25.001
23.739,0.25,25.001
23.74,0.25,25.001
23.741,0.25,25.001
23.742,0.25,25.001
23.743,0.25,25.001
23.744,0.25,25.001
23.745,0.25,25.001
23.746,0.25,25.001
23.747,0.25,25.001
23.748,0.25,25.001
23.749,0.25,25.001
23.75,0.25,25.001
23.751,0.25,25.001
23.752,0.25,25.001
23.753,0.25,25.001
23.754,0.25,25.001
23.755,0.25,25.001
23.756,0.25,25.001
23.757,0.25,25.001
23.758,0.25,25.001
23.759,0.25,25.001
23.76,0.25,25.001
23.761,0.25,25.001
23.762,0.25,25.001
23.763,0.25,25.001
23.764,0.25,25.001
23.765,0.25,25.001
23.766,0.25,25.001
23.767,0.25,25.001
23.768,0.25,25.001
23.769,0.25,25.001
23.77,0.25,25.001
23.771,0.25,25.001
23.772,0.25,25.001
23.773,0.25,25.001
23.774,0.25,25.001
23.775,0.25,25.001
23.776,0.25,25.001
23.777,0.25,25.001
23.778,0.25,25.001
23.779,0.25,25.001
23.78,0.25,25.001
23.781,0.25,25.001
23.782,0.25,25.001
23.783,0.25,25.001
23.784,0.25,25.001
23.785,0.25,25.001
23.786,0.25,25.001
23.787,0.25,25.001
23.788,0.25,25.001
23.789,0.25,25.001
23.79,0.25,25.001
23.791,0.25,25.001
23.792,0.25,25.001
23.793,0.25,25.001
23.794,0.25,25.001
23.795,0.25,25.001
23.796,0.25,25.001
23.797,0.25,25.001
23.798,0.25,25.001
23.799,0.25,25.001
23.8,0.25,25.001
23.801,0.25,25.001
23.802,0.25,25.001
23.803,0.25,25.001
23.804,0.25,25.001
23.805,0.25,25.001
23.806,0.25,25.001
23.807,0.25,25.001
23.808,0.25,25.001
23.809,0.25,25.001
23.81,0.25,25.001
23.811,0.25,25.001
23.812,0.25,25.001
23.813,0.25,25.001
23.814,0.25,25.001
23.815,0.25,25.001
23.816,0.25,25.001
23.817,0.25,25.001
23.818,0.25,25.001
23.819,0.25,25.001
23.82,0.25,25.001
23.821,0.25,25.001
23.822,0.25,25.001
23.823,0.25,25.001
23.824,0.25,25.001
23.825,0.25,25.001
23.826,0.25,25.001
23.827,0.25,25.001
23.828,0.25,25.001
23.829,0.25,25.001
23.83,0.25,25.001
23.831,0.25,25.001
23.832,0.25,25.001
23.833,0.25,25.001
23.834,0.25,25.001
23.835,0.25,25.001
23.836,0.25,25.001
23.837,0.25,25.001
23.838,0.25,25.001
23.839,0.25,25.001
23.84,0.25,25.001
23.841,0.25,25.001
23.842,0.25,25.001
23.843,0.25,25.001
23.844,0.25,25.001
23.845,0.25,25.001
23.846,0.25,25.001
23.847,0.25,25.001
23.848,0.25,25.001
23.849,0.25,25.001
23.85,0.25,25.001
23.851,0.25,25.001
23.852,0.25,25.001
23.853,0.25,25.001
23.854,0.25,25.001
23.855,0.25,25.001
23.856,0.25,25.001
23.857,0.25,25.001
23.858,0.25,25.001
23.859,0.25,25.001
23.86,0.25,25.001
23.861,0.25,25.001
23.862,0.25,25.001
23.863,0.25,25.001
23.864,0.25,25.001
23.865,0.25,25.001
23.866,0.25,25.001
23.867,0.25,25.001
23.868,0.25,25.001
23.869,0.25,25.001
23.87,0.25,25.001
23.871,0.25,25.001
23.872,0.25,25.001
23.873,0.25,25.001
23.874,0.25,25.001
23.875,0.25,25.001
23.876,0.25,25.001
23.877,0.25,25.001
23.878,0.25,25.001
23.879,0.25,25.001
23.88,0.25,25.001
23.881,0.25,25.001
23.882,0.25,25.001
23.883,0.25,25.001
23.884,0.25,25.001
23.885,0.25,25.001
23.886,0.25,25.001
23.887,0.25,25.001
23.888,0.25,25.001
23.889,0.25,25.001
23.89,0.25,25.001
23.891,0.25,25.001
23.892,0.25,25.001
23.893,0.25,25.001
23.894,0.25,25.001
23.895,0.25,25.001
23.896,0.25,25.001
23.897,0.25,25.001
23.898,0.25,25.001
23.899,0.25,25.001
23.9,0.25,25.001
23.901,0.25,25.001
23.902,0.25,25.001
23.903,0.25,25.001
23.904,0.25,25.001
23.905,0.25,25.001
23.906,0.25,25.001
23.907,0.25,25.001
23.908,0.25,25.001
23.909,0.25,25.001
23.91,0.25,25.001
23.911,0.25,25.001
23.912,0.25,25.001
23.913,0.25,25.001
23.914,0.25,25.001
23.915,0.25,25.001
23.916,0.25,25.001
23.917,0.25,25.001
23.918,0.25,25.001
23.919,0.25,25.001
23.92,0.25,25.001
23.921,0.25,25.001
23.922,0.25,25.001
23.923,0.25,25.001
23.924,0.25,25.001
23.925,0.25,25.001
23.926,0.25,25.001
23.927,0.25,25.001
23.928,0.25,25.001
23.929,0.25,25.001
23.93,0.25,25.001
23.931,0.25,25.001
23.932,0.25,25.001
23.933,0.25,25.001
23.934,0.25,25.001
23.935,0.25,25.001
23.936,0.25,25.001
23.937,0.25,25.001
23.938,0.25,25.001
23.939,0.25,25.001
23.94,0.25,25.001
23.941,0.25,25.001
23.942,0.25,25.001
23.943,0.25,25.001
23.944,0.25,25.001
23.945,0.25,25.001
23.946,0.25,25.001
23.947,0.25,25.001
23.948,0.25,25.001
23.949,0.25,25.001
23.95,0.25,25.001
23.951,0.25,25.001
23.952,0.25,25.001
23.953,0.25,25.001
23.954,0.25,25.001
23.955,0.25,25.001
23.956,0.25,25.001
23.957,0.25,25.001
23.958,0.25,25.001
23.959,0.25,25.001
23.96,0.25,25.001
23.961,0.25,25.001
23.962,0.25,25.001
23.963,0.25,25.001
23.964,0.25,25.001
23.965,0.25,25.001
23.966,0.25,25.001
23.967,0.25,25.001
23.968,0.25,25.001
23.969,0.25,25.001
23.97,0.25,25.001
23.971,0.25,25.001
23.972,0.25,25.001
23.973,0.25,25.001
23.974,0.25,25.001
23.975,0.25,25.001
23.976,0.25,25.001
23.977,0.25,25.001
23.978,0.25,25.001
23.979,0.25,25.001
23.98,0.25,25.001
23.981,0.25,25.001
23.982,0.25,25.001
23.983,0.25,25.001
23.984,0.25,25.001
23.985,0.25,25.001
23.986,0.25,25.001
23.987,0.25,25.001
23.988,0.25,25.001
23.989,0.25,25.001
23.99,0.25,25.001
23.991,0.25,25.001
23.992,0.25,25.001
23.993,0.25,25.001
23.994,0.25,25.001
23.995,0.25,25.001
23.996,0.25,25.001
23.997,0.25,25.001
23.998,0.25,25.001
23.999,0.25,25.001
24,0.25,25.001
24.001,0.25,25.001
24.002,0.25,25.001
24.003,0.25,25.001
24.004,0.25,25.001
24.005,0.25,25.001
24.006,0.25,25.001
24.007,0.25,25.001
24.008,0.25,25.001
24.009,0.25,25.001
24.01,0.25,25.001
24.011,0.25,25.001
24.012,0.25,25.001
24.013,0.25,25.001
24.014,0.25,25.001
24.015,0.25,25.001
24.016,0.25,25.001
24.017,0.25,25.001
24.018,0.25,25.001
24.019,0.25,25.001
24.02,0.25,25.001
24.021,0.25,25.001
24.022,0.25,25.001
24.023,0.25,25.001
24.024,0.25,25.001
24.025,0.25,25.001
24.026,0.25,25.001
24.027,0.25,25.001
24.028,0.25,25.001
24.029,0.25,25.001
24.03,0.25,25.001
24.031,0.25,25.001
24.032,0.25,25.001
24.033,0.25,25.001
24.034,0.25,25.001
24.035,0.25,25.001
24.036,0.25,25.001
24.037,0.25,25.001
24.038,0.25,25.001
24.039,0.25,25.001
24.04,0.25,25.001
24.041,0.25,25.001
24.042,0.25,25.001
24.043,0.25,25.001
24.044,0.25,25.001
24.045,0.25,25.001
24.046,0.25,25.001
24.047,0.25,25.001
24.048,0.25,25.001
24.049,0.25,25.001
24.05,0.25,25.001
24.051,0.25,25.001
24.052,0.25,25.001
24.053,0.25,25.001
24.054,0.25,25.001
24.055,0.25,25.001
24.056,0.25,25.001
24.057,0.25,25.001
24.058,0.25,25.001
24.059,0.25,25.001
24.06,0.25,25.001
24.061,0.25,25.001
24.062,0.25,25.001
24.063,0.25,25.001
24.064,0.25,25.001
24.065,0.25,25.001
24.066,0.25,25.001
24.067,0.25,25.001
24.068,0.25,25.001
24.069,0.25,25.001
24.07,0.25,25.001
24.071,0.25,25.001
24.072,0.25,25.001
24.073,0.25,25.001
24.074,0.25,25.001
24.075,0.25,25.001
24.076,0.25,25.001
24.077,0.25,25.001
24.078,0.25,25.001
24.079,0.25,25.001
24.08,0.25,25.001
24.081,0.25,25.001
24.082,0.25,25.001
24.083,0.25,25.001
24.084,0.25,25.001
24.085,0.25,25.001
24.086,0.25,25.001
24.087,0.25,25.001
24.088,0.25,25.001
24.089,0.25,25.001
24.09,0.25,25.001
24.091,0.25,25.001
24.092,0.25,25.001
24.093,0.25,25.001
24.094,0.25,25.001
24.095,0.25,25.001
24.096,0.25,25.001
24.097,0.25,25.001
24.098,0.25,25.001
24.099,0.25,25.001
24.1,0.25,25.001
24.101,0.25,25.001
24.102,0.25,25.001
24.103,0.25,25.001
24.104,0.25,25.001
24.105,0.25,25.001
24.106,0.25,25.001
24.107,0.25,25.001
24.108,0.25,25.001
24.109,0.25,25.001
24.11,0.25,25.001
24.111,0.25,25.001
24.112,0.25,25.001
24.113,0.25,25.001
24.114,0.25,25.001
24.115,0.25,25.001
24.116,0.25,25.001
24.117,0.25,25.001
24.118,0.25,25.001
24.119,0.25,25.001
24.12,0.25,25.001
24.121,0.25,25.001
24.122,0.25,25.001
24.123,0.25,25.001
24.124,0.25,25.001
24.125,0.25,25.001
24.126,0.25,25.001
24.127,0.25,25.001
24.128,0.25,25.001
24.129,0.25,25.001
24.13,0.25,25.001
24.131,0.25,25.001
24.132,0.25,25.001
24.133,0.25,25.001
24.134,0.25,25.001
24.135,0.25,25.001
24.136,0.25,25.001
24.137,0.25,25.001
24.138,0.25,25.001
24.139,0.25,25.001
24.14,0.25,25.001
24.141,0.25,25.001
24.142,0.25,25.001
24.143,0.25,25.001
24.144,0.25,25.001
24.145,0.25,25.001
24.146,0.25,25.001
24.147,0.25,25.001
24.148,0.25,25.001
24.149,0.25,25.001
24.15,0.25,25.001
24.151,0.25,25.001
24.152,0.25,25.001
24.153,0.25,25.001
24.154,0.25,25.001
24.155,0.25,25.001
24.156,0.25,25.001
24.157,0.25,25.001
24.158,0.25,25.001
24.159,0.25,25.001
24.16,0.25,25.001
24.161,0.25,25.001
24.162,0.25,25.001
24.163,0.25,25.001
24.164,0.25,25.001
24.165,0.25,25.001
24.166,0.25,25.001
24.167,0.25,25.001
24.168,0.25,25.001
24.169,0.25,25.001
24.17,0.25,25.001
24.171,0.25,25.001
24.172,0.25,25.001
24.173,0.25,25.001
24.174,0.25,25.001
24.175,0.25,25.001
24.176,0.25,25.001
24.177,0.25,25.001
24.178,0.25,25.001
24.179,0.25,25.001
24.18,0.25,25.001
24.181,0.25,25.001
24.182,0.25,25.001
24.183,0.25,25.001
24.184,0.25,25.001
24.185,0.25,25.001
24.186,0.25,25.001
24.187,0.25,25.001
24.188,0.25,25.001
24.189,0.25,25.001
24.19,0.25,25.001
24.191,0.25,25.001
24.192,0.25,25.001
24.193,0.25,25.001
24.194,0.25,25.001
24.195,0.25,25.001
24.196,0.25,25.001
24.197,0.25,25.001
24.198,0.25,25.001
24.199,0.25,25.001
24.2,0.25,25.001
24.201,0.25,25.001
24.202,0.25,25.001
24.203,0.25,25.001
24.204,0.25,25.001
24.205,0.25,25.001
24.206,0.25,25.001
24.207,0.25,25.001
24.208,0.25,25.001
24.209,0.25,25.001
24.21,0.25,25.001
24.211,0.25,25.001
24.212,0.25,25.001
24.213,0.25,25.001
24.214,0.25,25.001
24.215,0.25,25.001
24.216,0.25,25.001
24.217,0.25,25.001
24.218,0.25,25.001
24.219,0.25,25.001
24.22,0.25,25.001
24.221,0.25,25.001
24.222,0.25,25.001
24.223,0.25,25.001
24.224,0.25,25.001
24.225,0.25,25.001
24.226,0.25,25.001
24.227,0.25,25.001
24.228,0.25,25.001
24.229,0.25,25.001
24.23,0.25,25.001
24.231,0.25,25.001
24.232,0.25,25.001
24.233,0.25,25.001
24.234,0.25,25.001
24.235,0.25,25.001
24.236,0.25,25.001
24.237,0.25,25.001
24.238,0.25,25.001
24.239,0.25,25.001
24.24,0.25,25.001
24.241,0.25,25.001
24.242,0.25,25.001
24.243,0.25,25.001
24.244,0.25,25.001
24.245,0.25,25.001
24.246,0.25,25.001
24.247,0.25,25.001
24.248,0.25,25.001
24.249,0.25,25.001
24.25,0.25,25.001
24.251,0.25,25.001
24.252,0.25,25.001
24.253,0.25,25.001
24.254,0.25,25.001
24.255,0.25,25.001
24.256,0.25,25.001
24.257,0.25,25.001
24.258,0.25,25.001
24.259,0.25,25.001
24.26,0.25,25.001
24.261,0.25,25.001
24.262,0.25,25.001
24.263,0.25,25.001
24.264,0.25,25.001
24.265,0.25,25.001
24.266,0.25,25.001
24.267,0.25,25.001
24.268,0.25,25.001
24.269,0.25,25.001
24.27,0.25,25.001
24.271,0.25,25.001
24.272,0.25,25.001
24.273,0.25,25.001
24.274,0.25,25.001
24.275,0.25,25.001
24.276,0.25,25.001
24.277,0.25,25.001
24.278,0.25,25.001
24.279,0.25,25.001
24.28,0.25,25.001
24.281,0.25,25.001
24.282,0.25,25.001
24.283,0.25,25.001
24.284,0.25,25.001
24.285,0.25,25.001
24.286,0.25,25.001
24.287,0.25,25.001
24.288,0.25,25.001
24.289,0.25,25.001
24.29,0.25,25.001
24.291,0.25,25.001
24.292,0.25,25.001
24.293,0.25,25.001
24.294,0.25,25.001
24.295,0.25,25.001
24.296,0.25,25.001
24.297,0.25,25.001
24.298,0.25,25.001
24.299,0.25,25.001
24.3,0.25,25.001
24.301,0.25,25.001
24.302,0.25,25.001
24.303,0.25,25.001
24.304,0.25,25.001
24.305,0.25,25.001
24.306,0.25,25.001
24.307,0.25,25.001
24.308,0.25,25.001
24.309,0.25,25.001
24.31,0.25,25.001
24.311,0.25,25.001
24.312,0.25,25.001
24.313,0.25,25.001
24.314,0.25,25.001
24.315,0.25,25.001
24.316,0.25,25.001
24.317,0.25,25.001
24.318,0.25,25.001
24.319,0.25,25.001
24.32,0.25,25.001
24.321,0.25,25.001
24.322,0.25,25.001
24.323,0.25,25.001
24.324,0.25,25.001
24.325,0.25,25.001
24.326,0.25,25.001
24.327,0.25,25.001
24.328,0.25,25.001
24.329,0.25,25.001
24.33,0.25,25.001
24.331,0.25,25.001
24.332,0.25,25.001
24.333,0.25,25.001
24.334,0.25,25.001
24.335,0.25,25.001
24.336,0.25,25.001
24.337,0.25,25.001
24.338,0.25,25.001
24.339,0.25,25.001
24.34,0.25,25.001
24.341,0.25,25.001
24.342,0.25,25.001
24.343,0.25,25.001
24.344,0.25,25.001
24.345,0.25,25.001
24.346,0.25,25.001
24.347,0.25,25.001
24.348,0.25,25.001
24.349,0.25,25.001
24.35,0.25,25.001
24.351,0.25,25.001
24.352,0.25,25.001
24.353,0.25,25.001
24.354,0.25,25.001
24.355,0.25,25.001
24.356,0.25,25.001
24.357,0.25,25.001
24.358,0.25,25.001
24.359,0.25,25.001
24.36,0.25,25.001
24.361,0.25,25.001
24.362,0.25,25.001
24.363,0.25,25.001
24.364,0.25,25.001
24.365,0.25,25.001
24.366,0.25,25.001
24.367,0.25,25.001
24.368,0.25,25.001
24.369,0.25,25.001
24.37,0.25,25.001
24.371,0.25,25.001
24.372,0.25,25.001
24.373,0.25,25.001
24.374,0.25,25.001
24.375,0.25,25.001
24.376,0.25,25.001
24.377,0.25,25.001
24.378,0.25,25.001
24.379,0.25,25.001
24.38,0.25,25.001
24.381,0.25,25.001
24.382,0.25,25.001
24.383,0.25,25.001
24.384,0.25,25.001
24.385,0.25,25.001
24.386,0.25,25.001
24.387,0.25,25.001
24.388,0.25,25.001
24.389,0.25,25.001
24.39,0.25,25.001
24.391,0.25,25.001
24.392,0.25,25.001
24.393,0.25,25.001
24.394,0.25,25.001
24.395,0.25,25.001
24.396,0.25,25.001
24.397,0.25,25.001
24.398,0.25,25.001
24.399,0.25,25.001
24.4,0.25,25.001
24.401,0.25,25.001
24.402,0.25,25.001
24.403,0.25,25.001
24.404,0.25,25.001
24.405,0.25,25.001
24.406,0.25,25.001
24.407,0.25,25.001
24.408,0.25,25.001
24.409,0.25,25.001
24.41,0.25,25.001
24.411,0.25,25.001
24.412,0.25,25.001
24.413,0.25,25.001
24.414,0.25,25.001
24.415,0.25,25.001
24.416,0.25,25.001
24.417,0.25,25.001
24.418,0.25,25.001
24.419,0.25,25.001
24.42,0.25,25.001
24.421,0.25,25.001
24.422,0.25,25.001
24.423,0.25,25.001
24.424,0.25,25.001
24.425,0.25,25.001
24.426,0.25,25.001
24.427,0.25,25.001
24.428,0.25,25.001
24.429,0.25,25.001
24.43,0.25,25.001
24.431,0.25,25.001
24.432,0.25,25.001
24.433,0.25,25.001
24.434,0.25,25.001
24.435,0.25,25.001
24.436,0.25,25.001
24.437,0.25,25.001
24.438,0.25,25.001
24.439,0.25,25.001
24.44,0.25,25.001
24.441,0.25,25.001
24.442,0.25,25.001
24.443,0.25,25.001
24.444,0.25,25.001
24.445,0.25,25.001
24.446,0.25,25.001
24.447,0.25,25.001
24.448,0.25,25.001
24.449,0.25,25.001
24.45,0.25,25.001
24.451,0.25,25.001
24.452,0.25,25.001
24.453,0.25,25.001
24.454,0.25,25.001
24.455,0.25,25.001
24.456,0.25,25.001
24.457,0.25,25.001
24.458,0.25,25.001
24.459,0.25,25.001
24.46,0.25,25.001
24.461,0.25,25.001
24.462,0.25,25.001
24.463,0.25,25.001
24.464,0.25,25.001
24.465,0.25,25.001
24.466,0.25,25.001
24.467,0.25,25.001
24.468,0.25,25.001
24.469,0.25,25.001
24.47,0.25,25.001
24.471,0.25,25.001
24.472,0.25,25.001
24.473,0.25,25.001
24.474,0.25,25.001
24.475,0.25,25.001
24.476,0.25,25.001
24.477,0.25,25.001
24.478,0.25,25.001
24.479,0.25,25.001
24.48,0.25,25.001
24.481,0.25,25.001
24.482,0.25,25.001
24.483,0.25,25.001
24.484,0.25,25.001
24.485,0.25,25.001
24.486,0.25,25.001
24.487,0.25,25.001
24.488,0.25,25.001
24.489,0.25,25.001
24.49,0.25,25.001
24.491,0.25,25.001
24.492,0.25,25.001
24.493,0.25,25.001
24.494,0.25,25.001
24.495,0.25,25.001
24.496,0.25,25.001
24.497,0.25,25.001
24.498,0.25,25.001
24.499,0.25,25.001
24.5,0.25,25.001
24.501,0.25,25.001
24.502,0.25,25.001
24.503,0.25,25.001
24.504,0.25,25.001
24.505,0.25,25.001
24.506,0.25,25.001
24.507,0.25,25.001
24.508,0.25,25.001
24.509,0.25,25.001
24.51,0.25,25.001
24.511,0.25,25.001
24.512,0.25,25.001
24.513,0.25,25.001
24.514,0.25,25.001
24.515,0.25,25.001
24.516,0.25,25.001
24.517,0.25,25.001
24.518,0.25,25.001
24.519,0.25,25.001
24.52,0.25,25.001
24.521,0.25,25.001
24.522,0.25,25.001
24.523,0.25,25.001
24.524,0.25,25.001
24.525,0.25,25.001
24.526,0.25,25.001
24.527,0.25,25.001
24.528,0.25,25.001
24.529,0.25,25.001
24.53,0.25,25.001
24.531,0.25,25.001
24.532,0.25,25.001
24.533,0.25,25.001
24.534,0.25,25.001
24.535,0.25,25.001
24.536,0.25,25.001
24.537,0.25,25.001
24.538,0.25,25.001
24.539,0.25,25.001
24.54,0.25,25.001
24.541,0.25,25.001
24.542,0.25,25.001
24.543,0.25,25.001
24.544,0.25,25.001
24.545,0.25,25.001
24.546,0.25,25.001
24.547,0.25,25.001
24.548,0.25,25.001
24.549,0.25,25.001
24.55,0.25,25.001
24.551,0.25,25.001
24.552,0.25,25.001
24.553,0.25,25.001
24.554,0.25,25.001
24.555,0.25,25.001
24.556,0.25,25.001
24.557,0.25,25.001
24.558,0.25,25.001
24.559,0.25,25.001
24.56,0.25,25.001
24.561,0.25,25.001
24.562,0.25,25.001
24.563,0.25,25.001
24.564,0.25,25.001
24.565,0.25,25.001
24.566,0.25,25.001
24.567,0.25,25.001
24.568,0.25,25.001
24.569,0.25,25.001
24.57,0.25,25.001
24.571,0.25,25.001
24.572,0.25,25.001
24.573,0.25,25.001
24.574,0.25,25.001
24.575,0.25,25.001
24.576,0.25,25.001
24.577,0.25,25.001
24.578,0.25,25.001
24.579,0.25,25.001
24.58,0.25,25.001
24.581,0.25,25.001
24.582,0.25,25.001
24.583,0.25,25.001
24.584,0.25,25.001
24.585,0.25,25.001
24.586,0.25,25.001
24.587,0.25,25.001
24.588,0.25,25.001
24.589,0.25,25.001
24.59,0.25,25.001
24.591,0.25,25.001
24.592,0.25,25.001
24.593,0.25,25.001
24.594,0.25,25.001
24.595,0.25,25.001
24.596,0.25,25.001
24.597,0.25,25.001
24.598,0.25,25.001
24.599,0.25,25.001
24.6,0.25,25.001
24.601,0.25,25.001
24.602,0.25,25.001
24.603,0.25,25.001
24.604,0.25,25.001
24.605,0.25,25.001
24.606,0.25,25.001
24.607,0.25,25.001
24.608,0.25,25.001
24.609,0.25,25.001
24.61,0.25,25.001
24.611,0.25,25.001
24.612,0.25,25.001
24.613,0.25,25.001
24.614,0.25,25.001
24.615,0.25,25.001
24.616,0.25,25.001
24.617,0.25,25.001
24.618,0.25,25.001
24.619,0.25,25.001
24.62,0.25,25.001
24.621,0.25,25.001
24.622,0.25,25.001
24.623,0.25,25.001
24.624,0.25,25.001
24.625,0.25,25.001
24.626,0.25,25.001
24.627,0.25,25.001
24.628,0.25,25.001
24.629,0.25,25.001
24.63,0.25,25.001
24.631,0.25,25.001
24.632,0.25,25.001
24.633,0.25,25.001
24.634,0.25,25.001
24.635,0.25,25.001
24.636,0.25,25.001
24.637,0.25,25.001
24.638,0.25,25.001
24.639,0.25,25.001
24.64,0.25,25.001
24.641,0.25,25.001
24.642,0.25,25.001
24.643,0.25,25.001
24.644,0.25,25.001
24.645,0.25,25.001
24.646,0.25,25.001
24.647,0.25,25.001
24.648,0.25,25.001
24.649,0.25,25.001
24.65,0.25,25.001
24.651,0.25,25.001
24.652,0.25,25.001
24.653,0.25,25.001
24.654,0.25,25.001
24.655,0.25,25.001
24.656,0.25,25.001
24.657,0.25,25.001
24.658,0.25,25.001
24.659,0.25,25.001
24.66,0.25,25.001
24.661,0.25,25.001
24.662,0.25,25.001
24.663,0.25,25.001
24.664,0.25,25.001
24.665,0.25,25.001
24.666,0.25,25.001
24.667,0.25,25.001
24.668,0.25,25.001
24.669,0.25,25.001
24.67,0.25,25.001
24.671,0.25,25.001
24.672,0.25,25.001
24.673,0.25,25.001
24.674,0.25,25.001
24.675,0.25,25.001
24.676,0.25,25.001
24.677,0.25,25.001
24.678,0.25,25.001
24.679,0.25,25.001
24.68,0.25,25.001
24.681,0.25,25.001
24.682,0.25,25.001
24.683,0.25,25.001
24.684,0.25,25.001
24.685,0.25,25.001
24.686,0.25,25.001
24.687,0.25,25.001
24.688,0.25,25.001
24.689,0.25,25.001
24.69,0.25,25.001
24.691,0.25,25.001
24.692,0.25,25.001
24.693,0.25,25.001
24.694,0.25,25.001
24.695,0.25,25.001
24.696,0.25,25.001
24.697,0.25,25.001
24.698,0.25,25.001
24.699,0.25,25.001
24.7,0.25,25.001
24.701,0.25,25.001
24.702,0.25,25.001
24.703,0.25,25.001
24.704,0.25,25.001
24.705,0.25,25.001
24.706,0.25,25.001
24.707,0.25,25.001
24.708,0.25,25.001
24.709,0.25,25.001
24.71,0.25,25.001
24.711,0.25,25.001
24.712,0.25,25.001
24.713,0.25,25.001
24.714,0.25,25.001
24.715,0.25,25.001
24.716,0.25,25.001
24.717,0.25,25.001
24.718,0.25,25.001
24.719,0.25,25.001
24.72,0.25,25.001
24.721,0.25,25.001
24.722,0.25,25.001
24.723,0.25,25.001
24.724,0.25,25.001
24.725,0.25,25.001
24.726,0.25,25.001
24.727,0.25,25.001
24.728,0.25,25.001
24.729,0.25,25.001
24.73,0.25,25.001
24.731,0.25,25.001
24.732,0.25,25.001
24.733,0.25,25.001
24.734,0.25,25.001
24.735,0.25,25.001
24.736,0.25,25.001
24.737,0.25,25.001
24.738,0.25,25.001
24.739,0.25,25.001
24.74,0.25,25.001
24.741,0.25,25.001
24.742,0.25,25.001
24.743,0.25,25.001
24.744,0.25,25.001
24.745,0.25,25.001
24.746,0.25,25.001
24.747,0.25,25.001
24.748,0.25,25.001
24.749,0.25,25.001
24.75,0.25,25.001
24.751,0.25,25.001
24.752,0.25,25.001
24.753,0.25,25.001
24.754,0.25,25.001
24.755,0.25,25.001
24.756,0.25,25.001
24.757,0.25,25.001
24.758,0.25,25.001
24.759,0.25,25.001
24.76,0.25,25.001
24.761,0.25,25.001
24.762,0.25,25.001
24.763,0.25,25.001
24.764,0.25,25.001
24.765,0.25,25.001
24.766,0.25,25.001
24.767,0.25,25.001
24.768,0.25,25.001
24.769,0.25,25.001
24.77,0.25,25.001
24.771,0.25,25.001
24.772,0.25,25.001
24.773,0.25,25.001
24.774,0.25,25.001
24.775,0.25,25.001
24.776,0.25,25.001
24.777,0.25,25.001
24.778,0.25,25.001
24.779,0.25,25.001
24.78,0.25,25.001
24.781,0.25,25.001
24.782,0.25,25.001
24.783,0.25,25.001
24.784,0.25,25.001
24.785,0.25,25.001
24.786,0.25,25.001
24.787,0.25,25.001
24.788,0.25,25.001
24.789,0.25,25.001
24.79,0.25,25.001
24.791,0.25,25.001
24.792,0.25,25.001
24.793,0.25,25.001
24.794,0.25,25.001
24.795,0.25,25.001
24.796,0.25,25.001
24.797,0.25,25.001
24.798,0.25,25.001
24.799,0.25,25.001
24.8,0.25,25.001
24.801,0.25,25.001
24.802,0.25,25.001
24.803,0.25,25.001
24.804,0.25,25.001
24.805,0.25,25.001
24.806,0.25,25.001
24.807,0.25,25.001
24.808,0.25,25.001
24.809,0.25,25.001
24.81,0.25,25.001
24.811,0.25,25.001
24.812,0.25,25.001
24.813,0.25,25.001
24.814,0.25,25.001
24.815,0.25,25.001
24.816,0.25,25.001
24.817,0.25,25.001
24.818,0.25,25.001
24.819,0.25,25.001
24.82,0.25,25.001
24.821,0.25,25.001
24.822,0.25,25.001
24.823,0.25,25.001
24.824,0.25,25.001
24.825,0.25,25.001
24.826,0.25,25.001
24.827,0.25,25.001
24.828,0.25,25.001
24.829,0.25,25.001
24.83,0.25,25.001
24.831,0.25,25.001
24.832,0.25,25.001
24.833,0.25,25.001
24.834,0.25,25.001
24.835,0.25,25.001
24.836,0.25,25.001
24.837,0.25,25.001
24.838,0.25,25.001
24.839,0.25,25.001
24.84,0.25,25.001
24.841,0.25,25.001
24.842,0.25,25.001
24.843,0.25,25.001
24.844,0.25,25.001
24.845,0.25,25.001
24.846,0.25,25.001
24.847,0.25,25.001
24.848,0.25,25.001
24.849,0.25,25.001
24.85,0.25,25.001
24.851,0.25,25.001
24.852,0.25,25.001
24.853,0.25,25.001
24.854,0.25,25.001
24.855,0.25,25.001
24.856,0.25,25.001
24.857,0.25,25.001
24.858,0.25,25.001
24.859,0.25,25.001
24.86,0.25,25.001
24.861,0.25,25.001
24.862,0.25,25.001
24.863,0.25,25.001
24.864,0.25,25.001
24.865,0.25,25.001
24.866,0.25,25.001
24.867,0.25,25.001
24.868,0.25,25.001
24.869,0.25,25.001
24.87,0.25,25.001
24.871,0.25,25.001
24.872,0.25,25.001
24.873,0.25,25.001
24.874,0.25,25.001
24.875,0.25,25.001
24.876,0.25,25.001
24.877,0.25,25.001
24.878,0.25,25.001
24.879,0.25,25.001
24.88,0.25,25.001
24.881,0.25,25.001
24.882,0.25,25.001
24.883,0.25,25.001
24.884,0.25,25.001
24.885,0.25,25.001
24.886,0.25,25.001
24.887,0.25,25.001
24.888,0.25,25.001
24.889,0.25,25.001
24.89,0.25,25.001
24.891,0.25,25.001
24.892,0.25,25.001
24.893,0.25,25.001
24.894,0.25,25.001
24.895,0.25,25.001
24.896,0.25,25.001
24.897,0.25,25.001
24.898,0.25,25.001
24.899,0.25,25.001
24.9,0.25,25.001
24.901,0.25,25.001
24.902,0.25,25.001
24.903,0.25,25.001
24.904,0.25,25.001
24.905,0.25,25.001
24.906,0.25,25.001
24.907,0.25,25.001
24.908,0.25,25.001
24.909,0.25,25.001
24.91,0.25,25.001
24.911,0.25,25.001
24.912,0.25,25.001
24.913,0.25,25.001
24.914,0.25,25.001
24.915,0.25,25.001
24.916,0.25,25.001
24.917,0.25,25.001
24.918,0.25,25.001
24.919,0.25,25.001
24.92,0.25,25.001
24.921,0.25,25.001
24.922,0.25,25.001
24.923,0.25,25.001
24.924,0.25,25.001
24.925,0.25,25.001
24.926,0.25,25.001
24.927,0.25,25.001
24.928,0.25,25.001
24.929,0.25,25.001
24.93,0.25,25.001
24.931,0.25,25.001
24.932,0.25,25.001
24.933,0.25,25.001
24.934,0.25,25.001
24.935,0.25,25.001
24.936,0.25,25.001
24.937,0.25,25.001
24.938,0.25,25.001
24.939,0.25,25.001
24.94,0.25,25.001
24.941,0.25,25.001
24.942,0.25,25.001
24.943,0.25,25.001
24.944,0.25,25.001
24.945,0.25,25.001
24.946,0.25,25.001
24.947,0.25,25.001
24.948,0.25,25.001
24.949,0.25,25.001
24.95,0.25,25.001
24.951,0.25,25.001
24.952,0.25,25.001
24.953,0.25,25.001
24.954,0.25,25.001
24.955,0.25,25.001
24.956,0.25,25.001
24.957,0.25,25.001
24.958,0.25,25.001
24.959,0.25,25.001
24.96,0.25,25.001
24.961,0.25,25.001
24.962,0.25,25.001
24.963,0.25,25.001
24.964,0.25,25.001
24.965,0.25,25.001
24.966,0.25,25.001
24.967,0.25,25.001
24.968,0.25,25.001
24.969,0.25,25.001
24.97,0.25,25.001
24.971,0.25,25.001
24.972,0.25,25.001
24.973,0.25,25.001
24.974,0.25,25.001
24.975,0.25,25.001
24.976,0.25,25.001
24.977,0.25,25.001
24.978,0.25,25.001
24.979,0.25,25.001
24.98,0.25,25.001
24.981,0.25,25.001
24.982,0.25,25.001
24.983,0.25,25.001
24.984,0.25,25.001
24.985,0.25,25.001
24.986,0.25,25.001
24.987,0.25,25.001
24.988,0.25,25.001
24.989,0.25,25.001
24.99,0.25,25.001
24.991,0.25,25.001
24.992,0.25,25.001
24.993,0.25,25.001
24.994,0.25,25.001
24.995,0.25,25.001
24.996,0.25,25.001
24.997,0.25,25.001
24.998,0.25,25.001
24.999,0.25,25.001
25,0.25,25.001
25.001,0.25,25.001
25.002,0.25,25.001
25.003,0.25,25.001
25.004,0.25,25.001
25.005,0.25,25.001
25.006,0.25,25.001
25.007,0.25,25.001
25.008,0.25,25.001
25.009,0.25,25.001
25.01,0.25,25.001
25.011,0.25,25.001
25.012,0.25,25.001
25.013,0.25,25.001
25.014,0.25,25.001
25.015,0.25,25.001
25.016,0.25,25.001
25.017,0.25,25.001
25.018,0.25,25.001
25.019,0.25,25.001
25.02,0.25,25.001
25.021,0.25,25.001
25.022,0.25,25.001
25.023,0.25,25.001
25.024,0.25,25.001
25.025,0.25,25.001
25.026,0.25,25.001
25.027,0.25,25.001
25.028,0.25,25.001
25.029,0.25,25.001
25.03,0.25,25.001
25.031,0.25,25.001
25.032,0.25,25.001
25.033,0.25,25.001
25.034,0.25,25.001
25.035,0.25,25.001
25.036,0.25,25.001
25.037,0.25,25.001
25.038,0.25,25.001
25.039,0.25,25.001
25.04,0.25,25.001
25.041,0.25,25.001
25.042,0.25,25.001
25.043,0.25,25.001
25.044,0.25,25.001
25.045,0.25,25.001
25.046,0.25,25.001
25.047,0.25,25.001
25.048,0.25,25.001
25.049,0.25,25.001
25.05,0.25,25.001
25.051,0.25,25.001
25.052,0.25,25.001
25.053,0.25,25.001
25.054,0.25,25.001
25.055,0.25,25.001
25.056,0.25,25.001
25.057,0.25,25.001
25.058,0.25,25.001
25.059,0.25,25.001
25.06,0.25,25.001
25.061,0.25,25.001
25.062,0.25,25.001
25.063,0.25,25.001
25.064,0.25,25.001
25.065,0.25,25.001
25.066,0.25,25.001
25.067,0.25,25.001
25.068,0.25,25.001
25.069,0.25,25.001
25.07,0.25,25.001
25.071,0.25,25.001
25.072,0.25,25.001
25.073,0.25,25.001
25.074,0.25,25.001
25.075,0.25,25.001
25.076,0.25,25.001
25.077,0.25,25.001
25.078,0.25,25.001
25.079,0.25,25.001
25.08,0.25,25.001
25.081,0.25,25.001
25.082,0.25,25.001
25.083,0.25,25.001
25.084,0.25,25.001
25.085,0.25,25.001
25.086,0.25,25.001
25.087,0.25,25.001
25.088,0.25,25.001
25.089,0.25,25.001
25.09,0.25,25.001
25.091,0.25,25.001
25.092,0.25,25.001
25.093,0.25,25.001
25.094,0.25,25.001
25.095,0.25,25.001
25.096,0.25,25.001
25.097,0.25,25.001
25.098,0.25,25.001
25.099,0.25,25.001
25.1,0.25,25.001
25.101,0.25,25.001
25.102,0.25,25.001
25.103,0.25,25.001
25.104,0.25,25.001
25.105,0.25,25.001
25.106,0.25,25.001
25.107,0.25,25.001
25.108,0.25,25.001
25.109,0.25,25.001
25.11,0.25,25.001
25.111,0.25,25.001
25.112,0.25,25.001
25.113,0.25,25.001
25.114,0.25,25.001
25.115,0.25,25.001
25.116,0.25,25.001
25.117,0.25,25.001
25.118,0.25,25.001
25.119,0.25,25.001
25.12,0.25,25.001
25.121,0.25,25.001
25.122,0.25,25.001
25.123,0.25,25.001
25.124,0.25,25.001
25.125,0.25,25.001
25.126,0.25,25.001
25.127,0.25,25.001
25.128,0.25,25.001
25.129,0.25,25.001
25.13,0.25,25.001
25.131,0.25,25.001
25.132,0.25,25.001
25.133,0.25,25.001
25.134,0.25,25.001
25.135,0.25,25.001
25.136,0.25,25.001
25.137,0.25,25.001
25.138,0.25,25.001
25.139,0.25,25.001
25.14,0.25,25.001
25.141,0.25,25.001
25.142,0.25,25.001
25.143,0.25,25.001
25.144,0.25,25.001
25.145,0.25,25.001
25.146,0.25,25.001
25.147,0.25,25.001
25.148,0.25,25.001
25.149,0.25,25.001
25.15,0.25,25.001
25.151,0.25,25.001
25.152,0.25,25.001
25.153,0.25,25.001
25.154,0.25,25.001
25.155,0.25,25.001
25.156,0.25,25.001
25.157,0.25,25.001
25.158,0.25,25.001
25.159,0.25,25.001
25.16,0.25,25.001
25.161,0.25,25.001
25.162,0.25,25.001
25.163,0.25,25.001
25.164,0.25,25.001
25.165,0.25,25.001
25.166,0.25,25.001
25.167,0.25,25.001
25.168,0.25,25.001
25.169,0.25,25.001
25.17,0.25,25.001
25.171,0.25,25.001
25.172,0.25,25.001
25.173,0.25,25.001
25.174,0.25,25.001
25.175,0.25,25.001
25.176,0.25,25.001
25.177,0.25,25.001
25.178,0.25,25.001
25.179,0.25,25.001
25.18,0.25,25.001
25.181,0.25,25.001
25.182,0.25,25.001
25.183,0.25,25.001
25.184,0.25,25.001
25.185,0.25,25.001
25.186,0.25,25.001
25.187,0.25,25.001
25.188,0.25,25.001
25.189,0.25,25.001
25.19,0.25,25.001
25.191,0.25,25.001
25.192,0.25,25.001
25.193,0.25,25.001
25.194,0.25,25.001
25.195,0.25,25.001
25.196,0.25,25.001
25.197,0.25,25.001
25.198,0.25,25.001
25.199,0.25,25.001
25.2,0.25,25.001
25.201,0.25,25.001
25.202,0.25,25.001
25.203,0.25,25.001
25.204,0.25,25.001
25.205,0.25,25.001
25.206,0.25,25.001
25.207,0.25,25.001
25.208,0.25,25.001
25.209,0.25,25.001
25.21,0.25,25.001
25.211,0.25,25.001
25.212,0.25,25.001
25.213,0.25,25.001
25.214,0.25,25.001
25.215,0.25,25.001
25.216,0.25,25.001
25.217,0.25,25.001
25.218,0.25,25.001
25.219,0.25,25.001
25.22,0.25,25.001
25.221,0.25,25.001
25.222,0.25,25.001
25.223,0.25,25.001
25.224,0.25,25.001
25.225,0.25,25.001
25.226,0.25,25.001
25.227,0.25,25.001
25.228,0.25,25.001
25.229,0.25,25.001
25.23,0.25,25.001
25.231,0.25,25.001
25.232,0.25,25.001
25.233,0.25,25.001
25.234,0.25,25.001
25.235,0.25,25.001
25.236,0.25,25.001
25.237,0.25,25.001
25.238,0.25,25.001
25.239,0.25,25.001
25.24,0.25,25.001
25.241,0.25,25.001
25.242,0.25,25.001
25.243,0.25,25.001
25.244,0.25,25.001
25.245,0.25,25.001
25.246,0.25,25.001
25.247,0.25,25.001
25.248,0.25,25.001
25.249,0.25,25.001
25.25,0.25,25.001
25.251,0.25,25.001
25.252,0.25,25.001
25.253,0.25,25.001
25.254,0.25,25.001
25.255,0.25,25.001
25.256,0.25,25.001
25.257,0.25,25.001
25.258,0.25,25.001
25.259,0.25,25.001
25.26,0.25,25.001
25.261,0.25,25.001
25.262,0.25,25.001
25.263,0.25,25.001
25.264,0.25,25.001
25.265,0.25,25.001
25.266,0.25,25.001
25.267,0.25,25.001
25.268,0.25,25.001
25.269,0.25,25.001
25.27,0.25,25.001
25.271,0.25,25.001
25.272,0.25,25.001
25.273,0.25,25.001
25.274,0.25,25.001
25.275,0.25,25.001
25.276,0.25,25.001
25.277,0.25,25.001
25.278,0.25,25.001
25.279,0.25,25.001
25.28,0.25,25.001
25.281,0.25,25.001
25.282,0.25,25.001
25.283,0.25,25.001
25.284,0.25,25.001
25.285,0.25,25.001
25.286,0.25,25.001
25.287,0.25,25.001
25.288,0.25,25.001
25.289,0.25,25.001
25.29,0.25,25.001
25.291,0.25,25.001
25.292,0.25,25.001
25.293,0.25,25.001
25.294,0.25,25.001
25.295,0.25,25.001
25.296,0.25,25.001
25.297,0.25,25.001
25.298,0.25,25.001
25.299,0.25,25.001
25.3,0.25,25.001
25.301,0.25,25.001
25.302,0.25,25.001
25.303,0.25,25.001
25.304,0.25,25.001
25.305,0.25,25.001
25.306,0.25,25.001
25.307,0.25,25.001
25.308,0.25,25.001
25.309,0.25,25.001
25.31,0.25,25.001
25.311,0.25,25.001
25.312,0.25,25.001
25.313,0.25,25.001
25.314,0.25,25.001
25.315,0.25,25.001
25.316,0.25,25.001
25.317,0.25,25.001
25.318,0.25,25.001
25.319,0.25,25.001
25.32,0.25,25.001
25.321,0.25,25.001
25.322,0.25,25.001
25.323,0.25,25.001
25.324,0.25,25.001
25.325,0.25,25.001
25.326,0.25,25.001
25.327,0.25,25.001
25.328,0.25,25.001
25.329,0.25,25.001
25.33,0.25,25.001
25.331,0.25,25.001
25.332,0.25,25.001
25.333,0.25,25.001
25.334,0.25,25.001
25.335,0.25,25.001
25.336,0.25,25.001
25.337,0.25,25.001
25.338,0.25,25.001
25.339,0.25,25.001
25.34,0.25,25.001
25.341,0.25,25.001
25.342,0.25,25.001
25.343,0.25,25.001
25.344,0.25,25.001
25.345,0.25,25.001
25.346,0.25,25.001
25.347,0.25,25.001
25.348,0.25,25.001
25.349,0.25,25.001
25.35,0.25,25.001
25.351,0.25,25.001
25.352,0.25,25.001
25.353,0.25,25.001
25.354,0.25,25.001
25.355,0.25,25.001
25.356,0.25,25.001
25.357,0.25,25.001
25.358,0.25,25.001
25.359,0.25,25.001
25.36,0.25,25.001
25.361,0.25,25.001
25.362,0.25,25.001
25.363,0.25,25.001
25.364,0.25,25.001
25.365,0.25,25.001
25.366,0.25,25.001
25.367,0.25,25.001
25.368,0.25,25.001
25.369,0.25,25.001
25.37,0.25,25.001
25.371,0.25,25.001
25.372,0.25,25.001
25.373,0.25,25.001
25.374,0.25,25.001
25.375,0.25,25.001
25.376,0.25,25.001
25.377,0.25,25.001
25.378,0.25,25.001
25.379,0.25,25.001
25.38,0.25,25.001
25.381,0.25,25.001
25.382,0.25,25.001
25.383,0.25,25.001
25.384,0.25,25.001
25.385,0.25,25.001
25.386,0.25,25.001
25.387,0.25,25.001
25.388,0.25,25.001
25.389,0.25,25.001
25.39,0.25,25.001
25.391,0.25,25.001
25.392,0.25,25.001
25.393,0.25,25.001
25.394,0.25,25.001
25.395,0.25,25.001
25.396,0.25,25.001
25.397,0.25,25.001
25.398,0.25,25.001
25.399,0.25,25.001
25.4,0.25,25.001
25.401,0.25,25.001
25.402,0.25,25.001
25.403,0.25,25.001
25.404,0.25,25.001
25.405,0.25,25.001
25.406,0.25,25.001
25.407,0.25,25.001
25.408,0.25,25.001
25.409,0.25,25.001
25.41,0.25,25.001
25.411,0.25,25.001
25.412,0.25,25.001
25.413,0.25,25.001
25.414,0.25,25.001
25.415,0.25,25.001
25.416,0.25,25.001
25.417,0.25,25.001
25.418,0.25,25.001
25.419,0.25,25.001
25.42,0.25,25.001
25.421,0.25,25.001
25.422,0.25,25.001
25.423,0.25,25.001
25.424,0.25,25.001
25.425,0.25,25.001
25.426,0.25,25.001
25.427,0.25,25.001
25.428,0.25,25.001
25.429,0.25,25.001
25.43,0.25,25.001
25.431,0.25,25.001
25.432,0.25,25.001
25.433,0.25,25.001
25.434,0.25,25.001
25.435,0.25,25.001
25.436,0.25,25.001
25.437,0.25,25.001
25.438,0.25,25.001
25.439,0.25,25.001
25.44,0.25,25.001
25.441,0.25,25.001
25.442,0.25,25.001
25.443,0.25,25.001
25.444,0.25,25.001
25.445,0.25,25.001
25.446,0.25,25.001
25.447,0.25,25.001
25.448,0.25,25.001
25.449,0.25,25.001
25.45,0.25,25.001
25.451,0.25,25.001
25.452,0.25,25.001
25.453,0.25,25.001
25.454,0.25,25.001
25.455,0.25,25.001
25.456,0.25,25.001
25.457,0.25,25.001
25.458,0.25,25.001
25.459,0.25,25.001
25.46,0.25,25.001
25.461,0.25,25.001
25.462,0.25,25.001
25.463,0.25,25.001
25.464,0.25,25.001
25.465,0.25,25.001
25.466,0.25,25.001
25.467,0.25,25.001
25.468,0.25,25.001
25.469,0.25,25.001
25.47,0.25,25.001
25.471,0.25,25.001
25.472,0.25,25.001
25.473,0.25,25.001
25.474,0.25,25.001
25.475,0.25,25.001
25.476,0.25,25.001
25.477,0.25,25.001
25.478,0.25,25.001
25.479,0.25,25.001
25.48,0.25,25.001
25.481,0.25,25.001
25.482,0.25,25.001
25.483,0.25,25.001
25.484,0.25,25.001
25.485,0.25,25.001
25.486,0.25,25.001
25.487,0.25,25.001
25.488,0.25,25.001
25.489,0.25,25.001
25.49,0.25,25.001
25.491,0.25,25.001
25.492,0.25,25.001
25.493,0.25,25.001
25.494,0.25,25.001
25.495,0.25,25.001
25.496,0.25,25.001
25.497,0.25,25.001
25.498,0.25,25.001
25.499,0.25,25.001
25.5,0.25,25.001
25.501,0.25,25.001
25.502,0.25,25.001
25.503,0.25,25.001
25.504,0.25,25.001
25.505,0.25,25.001
25.506,0.25,25.001
25.507,0.25,25.001
25.508,0.25,25.001
25.509,0.25,25.001
25.51,0.25,25.001
25.511,0.25,25.001
25.512,0.25,25.001
25.513,0.25,25.001
25.514,0.25,25.001
25.515,0.25,25.001
25.516,0.25,25.001
25.517,0.25,25.001
25.518,0.25,25.001
25.519,0.25,25.001
25.52,0.25,25.001
25.521,0.25,25.001
25.522,0.25,25.001
25.523,0.25,25.001
25.524,0.25,25.001
25.525,0.25,25.001
25.526,0.25,25.001
25.527,0.25,25.001
25.528,0.25,25.001
25.529,0.25,25.001
25.53,0.25,25.001
25.531,0.25,25.001
25.532,0.25,25.001
25.533,0.25,25.001
25.534,0.25,25.001
25.535,0.25,25.001
25.536,0.25,25.001
25.537,0.25,25.001
25.538,0.25,25.001
25.539,0.25,25.001
25.54,0.25,25.001
25.541,0.25,25.001
25.542,0.25,25.001
25.543,0.25,25.001
25.544,0.25,25.001
25.545,0.25,25.001
25.546,0.25,25.001
25.547,0.25,25.001
25.548,0.25,25.001
25.549,0.25,25.001
25.55,0.25,25.001
25.551,0.25,25.001
25.552,0.25,25.001
25.553,0.25,25.001
25.554,0.25,25.001
25.555,0.25,25.001
25.556,0.25,25.001
25.557,0.25,25.001
25.558,0.25,25.001
25.559,0.25,25.001
25.56,0.25,25.001
25.561,0.25,25.001
25.562,0.25,25.001
25.563,0.25,25.001
25.564,0.25,25.001
25.565,0.25,25.001
25.566,0.25,25.001
25.567,0.25,25.001
25.568,0.25,25.001
25.569,0.25,25.001
25.57,0.25,25.001
25.571,0.25,25.001
25.572,0.25,25.001
25.573,0.25,25.001
25.574,0.25,25.001
25.575,0.25,25.001
25.576,0.25,25.001
25.577,0.25,25.001
25.578,0.25,25.001
25.579,0.25,25.001
25.58,0.25,25.001
25.581,0.25,25.001
25.582,0.25,25.001
25.583,0.25,25.001
25.584,0.25,25.001
25.585,0.25,25.001
25.586,0.25,25.001
25.587,0.25,25.001
25.588,0.25,25.001
25.589,0.25,25.001
25.59,0.25,25.001
25.591,0.25,25.001
25.592,0.25,25.001
25.593,0.25,25.001
25.594,0.25,25.001
25.595,0.25,25.001
25.596,0.25,25.001
25.597,0.25,25.001
25.598,0.25,25.001
25.599,0.25,25.001
25.6,0.25,25.001
25.601,0.25,25.001
25.602,0.25,25.001
25.603,0.25,25.001
25.604,0.25,25.001
25.605,0.25,25.001
25.606,0.25,25.001
25.607,0.25,25.001
25.608,0.25,25.001
25.609,0.25,25.001
25.61,0.25,25.001
25.611,0.25,25.001
25.612,0.25,25.001
25.613,0.25,25.001
25.614,0.25,25.001
25.615,0.25,25.001
25.616,0.25,25.001
25.617,0.25,25.001
25.618,0.25,25.001
25.619,0.25,25.001
25.62,0.25,25.001
25.621,0.25,25.001
25.622,0.25,25.001
25.623,0.25,25.001
25.624,0.25,25.001
25.625,0.25,25.001
25.626,0.25,25.001
25.627,0.25,25.001
25.628,0.25,25.001
25.629,0.25,25.001
25.63,0.25,25.001
25.631,0.25,25.001
25.632,0.25,25.001
25.633,0.25,25.001
25.634,0.25,25.001
25.635,0.25,25.001
25.636,0.25,25.001
25.637,0.25,25.001
25.638,0.25,25.001
25.639,0.25,25.001
25.64,0.25,25.001
25.641,0.25,25.001
25.642,0.25,25.001
25.643,0.25,25.001
25.644,0.25,25.001
25.645,0.25,25.001
25.646,0.25,25.001
25.647,0.25,25.001
25.648,0.25,25.001
25.649,0.25,25.001
25.65,0.25,25.001
25.651,0.25,25.001
25.652,0.25,25.001
25.653,0.25,25.001
25.654,0.25,25.001
25.655,0.25,25.001
25.656,0.25,25.001
25.657,0.25,25.001
25.658,0.25,25.001
25.659,0.25,25.001
25.66,0.25,25.001
25.661,0.25,25.001
25.662,0.25,25.001
25.663,0.25,25.001
25.664,0.25,25.001
25.665,0.25,25.001
25.666,0.25,25.001
25.667,0.25,25.001
25.668,0.25,25.001
25.669,0.25,25.001
25.67,0.25,25.001
25.671,0.25,25.001
25.672,0.25,25.001
25.673,0.25,25.001
25.674,0.25,25.001
25.675,0.25,25.001
25.676,0.25,25.001
25.677,0.25,25.001
25.678,0.25,25.001
25.679,0.25,25.001
25.68,0.25,25.001
25.681,0.25,25.001
25.682,0.25,25.001
25.683,0.25,25.001
25.684,0.25,25.001
25.685,0.25,25.001
25.686,0.25,25.001
25.687,0.25,25.001
25.688,0.25,25.001
25.689,0.25,25.001
25.69,0.25,25.001
25.691,0.25,25.001
25.692,0.25,25.001
25.693,0.25,25.001
25.694,0.25,25.001
25.695,0.25,25.001
25.696,0.25,25.001
25.697,0.25,25.001
25.698,0.25,25.001
25.699,0.25,25.001
25.7,0.25,25.001
25.701,0.25,25.001
25.702,0.25,25.001
25.703,0.25,25.001
25.704,0.25,25.001
25.705,0.25,25.001
25.706,0.25,25.001
25.707,0.25,25.001
25.708,0.25,25.001
25.709,0.25,25.001
25.71,0.25,25.001
25.711,0.25,25.001
25.712,0.25,25.001
25.713,0.25,25.001
25.714,0.25,25.001
25.715,0.25,25.001
25.716,0.25,25.001
25.717,0.25,25.001
25.718,0.25,25.001
25.719,0.25,25.001
25.72,0.25,25.001
25.721,0.25,25.001
25.722,0.25,25.001
25.723,0.25,25.001
25.724,0.25,25.001
25.725,0.25,25.001
25.726,0.25,25.001
25.727,0.25,25.001
25.728,0.25,25.001
25.729,0.25,25.001
25.73,0.25,25.001
25.731,0.25,25.001
25.732,0.25,25.001
25.733,0.25,25.001
25.734,0.25,25.001
25.735,0.25,25.001
25.736,0.25,25.001
25.737,0.25,25.001
25.738,0.25,25.001
25.739,0.25,25.001
25.74,0.25,25.001
25.741,0.25,25.001
25.742,0.25,25.001
25.743,0.25,25.001
25.744,0.25,25.001
25.745,0.25,25.001
25.746,0.25,25.001
25.747,0.25,25.001
25.748,0.25,25.001
25.749,0.25,25.001
25.75,0.25,25.001
25.751,0.25,25.001
25.752,0.25,25.001
25.753,0.25,25.001
25.754,0.25,25.001
25.755,0.25,25.001
25.756,0.25,25.001
25.757,0.25,25.001
25.758,0.25,25.001
25.759,0.25,25.001
25.76,0.25,25.001
25.761,0.25,25.001
25.762,0.25,25.001
25.763,0.25,25.001
25.764,0.25,25.001
25.765,0.25,25.001
25.766,0.25,25.001
25.767,0.25,25.001
25.768,0.25,25.001
25.769,0.25,25.001
25.77,0.25,25.001
25.771,0.25,25.001
25.772,0.25,25.001
25.773,0.25,25.001
25.774,0.25,25.001
25.775,0.25,25.001
25.776,0.25,25.001
25.777,0.25,25.001
25.778,0.25,25.001
25.779,0.25,25.001
25.78,0.25,25.001
25.781,0.25,25.001
25.782,0.25,25.001
25.783,0.25,25.001
25.784,0.25,25.001
25.785,0.25,25.001
25.786,0.25,25.001
25.787,0.25,25.001
25.788,0.25,25.001
25.789,0.25,25.001
25.79,0.25,25.001
25.791,0.25,25.001
25.792,0.25,25.001
25.793,0.25,25.001
25.794,0.25,25.001
25.795,0.25,25.001
25.796,0.25,25.001
25.797,0.25,25.001
25.798,0.25,25.001
25.799,0.25,25.001
25.8,0.25,25.001
25.801,0.25,25.001
25.802,0.25,25.001
25.803,0.25,25.001
25.804,0.25,25.001
25.805,0.25,25.001
25.806,0.25,25.001
25.807,0.25,25.001
25.808,0.25,25.001
25.809,0.25,25.001
25.81,0.25,25.001
25.811,0.25,25.001
25.812,0.25,25.001
25.813,0.25,25.001
25.814,0.25,25.001
25.815,0.25,25.001
25.816,0.25,25.001
25.817,0.25,25.001
25.818,0.25,25.001
25.819,0.25,25.001
25.82,0.25,25.001
25.821,0.25,25.001
25.822,0.25,25.001
25.823,0.25,25.001
25.824,0.25,25.001
25.825,0.25,25.001
25.826,0.25,25.001
25.827,0.25,25.001
25.828,0.25,25.001
25.829,0.25,25.001
25.83,0.25,25.001
25.831,0.25,25.001
25.832,0.25,25.001
25.833,0.25,25.001
25.834,0.25,25.001
25.835,0.25,25.001
25.836,0.25,25.001
25.837,0.25,25.001
25.838,0.25,25.001
25.839,0.25,25.001
25.84,0.25,25.001
25.841,0.25,25.001
25.842,0.25,25.001
25.843,0.25,25.001
25.844,0.25,25.001
25.845,0.25,25.001
25.846,0.25,25.001
25.847,0.25,25.001
25.848,0.25,25.001
25.849,0.25,25.001
25.85,0.25,25.001
25.851,0.25,25.001
25.852,0.25,25.001
25.853,0.25,25.001
25.854,0.25,25.001
25.855,0.25,25.001
25.856,0.25,25.001
25.857,0.25,25.001
25.858,0.25,25.001
25.859,0.25,25.001
25.86,0.25,25.001
25.861,0.25,25.001
25.862,0.25,25.001
25.863,0.25,25.001
25.864,0.25,25.001
25.865,0.25,25.001
25.866,0.25,25.001
25.867,0.25,25.001
25.868,0.25,25.001
25.869,0.25,25.001
25.87,0.25,25.001
25.871,0.25,25.001
25.872,0.25,25.001
25.873,0.25,25.001
25.874,0.25,25.001
25.875,0.25,25.001
25.876,0.25,25.001
25.877,0.25,25.001
25.878,0.25,25.001
25.879,0.25,25.001
25.88,0.25,25.001
25.881,0.25,25.001
25.882,0.25,25.001
25.883,0.25,25.001
25.884,0.25,25.001
25.885,0.25,25.001
25.886,0.25,25.001
25.887,0.25,25.001
25.888,0.25,25.001
25.889,0.25,25.001
25.89,0.25,25.001
25.891,0.25,25.001
25.892,0.25,25.001
25.893,0.25,25.001
25.894,0.25,25.001
25.895,0.25,25.001
25.896,0.25,25.001
25.897,0.25,25.001
25.898,0.25,25.001
25.899,0.25,25.001
25.9,0.25,25.001
25.901,0.25,25.001
25.902,0.25,25.001
25.903,0.25,25.001
25.904,0.25,25.001
25.905,0.25,25.001
25.906,0.25,25.001
25.907,0.25,25.001
25.908,0.25,25.001
25.909,0.25,25.001
25.91,0.25,25.001
25.911,0.25,25.001
25.912,0.25,25.001
25.913,0.25,25.001
25.914,0.25,25.001
25.915,0.25,25.001
25.916,0.25,25.001
25.917,0.25,25.001
25.918,0.25,25.001
25.919,0.25,25.001
25.92,0.25,25.001
25.921,0.25,25.001
25.922,0.25,25.001
25.923,0.25,25.001
25.924,0.25,25.001
25.925,0.25,25.001
25.926,0.25,25.001
25.927,0.25,25.001
25.928,0.25,25.001
25.929,0.25,25.001
25.93,0.25,25.001
25.931,0.25,25.001
25.932,0.25,25.001
25.933,0.25,25.001
25.934,0.25,25.001
25.935,0.25,25.001
25.936,0.25,25.001
25.937,0.25,25.001
25.938,0.25,25.001
25.939,0.25,25.001
25.94,0.25,25.001
25.941,0.25,25.001
25.942,0.25,25.001
25.943,0.25,25.001
25.944,0.25,25.001
25.945,0.25,25.001
25.946,0.25,25.001
25.947,0.25,25.001
25.948,0.25,25.001
25.949,0.25,25.001
25.95,0.25,25.001
25.951,0.25,25.001
25.952,0.25,25.001
25.953,0.25,25.001
25.954,0.25,25.001
25.955,0.25,25.001
25.956,0.25,25.001
25.957,0.25,25.001
25.958,0.25,25.001
25.959,0.25,25.001
25.96,0.25,25.001
25.961,0.25,25.001
25.962,0.25,25.001
25.963,0.25,25.001
25.964,0.25,25.001
25.965,0.25,25.001
25.966,0.25,25.001
25.967,0.25,25.001
25.968,0.25,25.001
25.969,0.25,25.001
25.97,0.25,25.001
25.971,0.25,25.001
25.972,0.25,25.001
25.973,0.25,25.001
25.974,0.25,25.001
25.975,0.25,25.001
25.976,0.25,25.001
25.977,0.25,25.001
25.978,0.25,25.001
25.979,0.25,25.001
25.98,0.25,25.001
25.981,0.25,25.001
25.982,0.25,25.001
25.983,0.25,25.001
25.984,0.25,25.001
25.985,0.25,25.001
25.986,0.25,25.001
25.987,0.25,25.001
25.988,0.25,25.001
25.989,0.25,25.001
25.99,0.25,25.001
25.991,0.25,25.001
25.992,0.25,25.001
25.993,0.25,25.001
25.994,0.25,25.001
25.995,0.25,25.001
25.996,0.25,25.001
25.997,0.25,25.001
25.998,0.25,25.001
25.999,0.25,25.001
26,0.25,25.001
26.001,0.25,25.001
26.002,0.25,25.001
26.003,0.25,25.001
26.004,0.25,25.001
26.005,0.25,25.001
26.006,0.25,25.001
26.007,0.25,25.001
26.008,0.25,25.001
26.009,0.25,25.001
26.01,0.25,25.001
26.011,0.25,25.001
26.012,0.25,25.001
26.013,0.25,25.001
26.014,0.25,25.001
26.015,0.25,25.001
26.016,0.25,25.001
26.017,0.25,25.001
26.018,0.25,25.001
26.019,0.25,25.001
26.02,0.25,25.001
26.021,0.25,25.001
26.022,0.25,25.001
26.023,0.25,25.001
26.024,0.25,25.001
26.025,0.25,25.001
26.026,0.25,25.001
26.027,0.25,25.001
26.028,0.25,25.001
26.029,0.25,25.001
26.03,0.25,25.001
26.031,0.25,25.001
26.032,0.25,25.001
26.033,0.25,25.001
26.034,0.25,25.001
26.035,0.25,25.001
26.036,0.25,25.001
26.037,0.25,25.001
26.038,0.25,25.001
26.039,0.25,25.001
26.04,0.25,25.001
26.041,0.25,25.001
26.042,0.25,25.001
26.043,0.25,25.001
26.044,0.25,25.001
26.045,0.25,25.001
26.046,0.25,25.001
26.047,0.25,25.001
26.048,0.25,25.001
26.049,0.25,25.001
26.05,0.25,25.001
26.051,0.25,25.001
26.052,0.25,25.001
26.053,0.25,25.001
26.054,0.25,25.001
26.055,0.25,25.001
26.056,0.25,25.001
26.057,0.25,25.001
26.058,0.25,25.001
26.059,0.25,25.001
26.06,0.25,25.001
26.061,0.25,25.001
26.062,0.25,25.001
26.063,0.25,25.001
26.064,0.25,25.001
26.065,0.25,25.001
26.066,0.25,25.001
26.067,0.25,25.001
26.068,0.25,25.001
26.069,0.25,25.001
26.07,0.25,25.001
26.071,0.25,25.001
26.072,0.25,25.001
26.073,0.25,25.001
26.074,0.25,25.001
26.075,0.25,25.001
26.076,0.25,25.001
26.077,0.25,25.001
26.078,0.25,25.001
26.079,0.25,25.001
26.08,0.25,25.001
26.081,0.25,25.001
26.082,0.25,25.001
26.083,0.25,25.001
26.084,0.25,25.001
26.085,0.25,25.001
26.086,0.25,25.001
26.087,0.25,25.001
26.088,0.25,25.001
26.089,0.25,25.001
26.09,0.25,25.001
26.091,0.25,25.001
26.092,0.25,25.001
26.093,0.25,25.001
26.094,0.25,25.001
26.095,0.25,25.001
26.096,0.25,25.001
26.097,0.25,25.001
26.098,0.25,25.001
26.099,0.25,25.001
26.1,0.25,25.001
26.101,0.25,25.001
26.102,0.25,25.001
26.103,0.25,25.001
26.104,0.25,25.001
26.105,0.25,25.001
26.106,0.25,25.001
26.107,0.25,25.001
26.108,0.25,25.001
26.109,0.25,25.001
26.11,0.25,25.001
26.111,0.25,25.001
26.112,0.25,25.001
26.113,0.25,25.001
26.114,0.25,25.001
26.115,0.25,25.001
26.116,0.25,25.001
26.117,0.25,25.001
26.118,0.25,25.001
26.119,0.25,25.001
26.12,0.25,25.001
26.121,0.25,25.001
26.122,0.25,25.001
26.123,0.25,25.001
26.124,0.25,25.001
26.125,0.25,25.001
26.126,0.25,25.001
26.127,0.25,25.001
26.128,0.25,25.001
26.129,0.25,25.001
26.13,0.25,25.001
26.131,0.25,25.001
26.132,0.25,25.001
26.133,0.25,25.001
26.134,0.25,25.001
26.135,0.25,25.001
26.136,0.25,25.001
26.137,0.25,25.001
26.138,0.25,25.001
26.139,0.25,25.001
26.14,0.25,25.001
26.141,0.25,25.001
26.142,0.25,25.001
26.143,0.25,25.001
26.144,0.25,25.001
26.145,0.25,25.001
26.146,0.25,25.001
26.147,0.25,25.001
26.148,0.25,25.001
26.149,0.25,25.001
26.15,0.25,25.001
26.151,0.25,25.001
26.152,0.25,25.001
26.153,0.25,25.001
26.154,0.25,25.001
26.155,0.25,25.001
26.156,0.25,25.001
26.157,0.25,25.001
26.158,0.25,25.001
26.159,0.25,25.001
26.16,0.25,25.001
26.161,0.25,25.001
26.162,0.25,25.001
26.163,0.25,25.001
26.164,0.25,25.001
26.165,0.25,25.001
26.166,0.25,25.001
26.167,0.25,25.001
26.168,0.25,25.001
26.169,0.25,25.001
26.17,0.25,25.001
26.171,0.25,25.001
26.172,0.25,25.001
26.173,0.25,25.001
26.174,0.25,25.001
26.175,0.25,25.001
26.176,0.25,25.001
26.177,0.25,25.001
26.178,0.25,25.001
26.179,0.25,25.001
26.18,0.25,25.001
26.181,0.25,25.001
26.182,0.25,25.001
26.183,0.25,25.001
26.184,0.25,25.001
26.185,0.25,25.001
26.186,0.25,25.001
26.187,0.25,25.001
26.188,0.25,25.001
26.189,0.25,25.001
26.19,0.25,25.001
26.191,0.25,25.001
26.192,0.25,25.001
26.193,0.25,25.001
26.194,0.25,25.001
26.195,0.25,25.001
26.196,0.25,25.001
26.197,0.25,25.001
26.198,0.25,25.001
26.199,0.25,25.001
26.2,0.25,25.001
26.201,0.25,25.001
26.202,0.25,25.001
26.203,0.25,25.001
26.204,0.25,25.001
26.205,0.25,25.001
26.206,0.25,25.001
26.207,0.25,25.001
26.208,0.25,25.001
26.209,0.25,25.001
26.21,0.25,25.001
26.211,0.25,25.001
26.212,0.25,25.001
26.213,0.25,25.001
26.214,0.25,25.001
26.215,0.25,25.001
26.216,0.25,25.001
26.217,0.25,25.001
26.218,0.25,25.001
26.219,0.25,25.001
26.22,0.25,25.001
26.221,0.25,25.001
26.222,0.25,25.001
26.223,0.25,25.001
26.224,0.25,25.001
26.225,0.25,25.001
26.226,0.25,25.001
26.227,0.25,25.001
26.228,0.25,25.001
26.229,0.25,25.001
26.23,0.25,25.001
26.231,0.25,25.001
26.232,0.25,25.001
26.233,0.25,25.001
26.234,0.25,25.001
26.235,0.25,25.001
26.236,0.25,25.001
26.237,0.25,25.001
26.238,0.25,25.001
26.239,0.25,25.001
26.24,0.25,25.001
26.241,0.25,25.001
26.242,0.25,25.001
26.243,0.25,25.001
26.244,0.25,25.001
26.245,0.25,25.001
26.246,0.25,25.001
26.247,0.25,25.001
26.248,0.25,25.001
26.249,0.25,25.001
26.25,0.25,25.001
26.251,0.25,25.001
26.252,0.25,25.001
26.253,0.25,25.001
26.254,0.25,25.001
26.255,0.25,25.001
26.256,0.25,25.001
26.257,0.25,25.001
26.258,0.25,25.001
26.259,0.25,25.001
26.26,0.25,25.001
26.261,0.25,25.001
26.262,0.25,25.001
26.263,0.25,25.001
26.264,0.25,25.001
26.265,0.25,25.001
26.266,0.25,25.001
26.267,0.25,25.001
26.268,0.25,25.001
26.269,0.25,25.001
26.27,0.25,25.001
26.271,0.25,25.001
26.272,0.25,25.001
26.273,0.25,25.001
26.274,0.25,25.001
26.275,0.25,25.001
26.276,0.25,25.001
26.277,0.25,25.001
26.278,0.25,25.001
26.279,0.25,25.001
26.28,0.25,25.001
26.281,0.25,25.001
26.282,0.25,25.001
26.283,0.25,25.001
26.284,0.25,25.001
26.285,0.25,25.001
26.286,0.25,25.001
26.287,0.25,25.001
26.288,0.25,25.001
26.289,0.25,25.001
26.29,0.25,25.001
26.291,0.25,25.001
26.292,0.25,25.001
26.293,0.25,25.001
26.294,0.25,25.001
26.295,0.25,25.001
26.296,0.25,25.001
26.297,0.25,25.001
26.298,0.25,25.001
26.299,0.25,25.001
26.3,0.25,25.001
26.301,0.25,25.001
26.302,0.25,25.001
26.303,0.25,25.001
26.304,0.25,25.001
26.305,0.25,25.001
26.306,0.25,25.001
26.307,0.25,25.001
26.308,0.25,25.001
26.309,0.25,25.001
26.31,0.25,25.001
26.311,0.25,25.001
26.312,0.25,25.001
26.313,0.25,25.001
26.314,0.25,25.001
26.315,0.25,25.001
26.316,0.25,25.001
26.317,0.25,25.001
26.318,0.25,25.001
26.319,0.25,25.001
26.32,0.25,25.001
26.321,0.25,25.001
26.322,0.25,25.001
26.323,0.25,25.001
26.324,0.25,25.001
26.325,0.25,25.001
26.326,0.25,25.001
26.327,0.25,25.001
26.328,0.25,25.001
26.329,0.25,25.001
26.33,0.25,25.001
26.331,0.25,25.001
26.332,0.25,25.001
26.333,0.25,25.001
26.334,0.25,25.001
26.335,0.25,25.001
26.336,0.25,25.001
26.337,0.25,25.001
26.338,0.25,25.001
26.339,0.25,25.001
26.34,0.25,25.001
26.341,0.25,25.001
26.342,0.25,25.001
26.343,0.25,25.001
26.344,0.25,25.001
26.345,0.25,25.001
26.346,0.25,25.001
26.347,0.25,25.001
26.348,0.25,25.001
26.349,0.25,25.001
26.35,0.25,25.001
26.351,0.25,25.001
26.352,0.25,25.001
26.353,0.25,25.001
26.354,0.25,25.001
26.355,0.25,25.001
26.356,0.25,25.001
26.357,0.25,25.001
26.358,0.25,25.001
26.359,0.25,25.001
26.36,0.25,25.001
26.361,0.25,25.001
26.362,0.25,25.001
26.363,0.25,25.001
26.364,0.25,25.001
26.365,0.25,25.001
26.366,0.25,25.001
26.367,0.25,25.001
26.368,0.25,25.001
26.369,0.25,25.001
26.37,0.25,25.001
26.371,0.25,25.001
26.372,0.25,25.001
26.373,0.25,25.001
26.374,0.25,25.001
26.375,0.25,25.001
26.376,0.25,25.001
26.377,0.25,25.001
26.378,0.25,25.001
26.379,0.25,25.001
26.38,0.25,25.001
26.381,0.25,25.001
26.382,0.25,25.001
26.383,0.25,25.001
26.384,0.25,25.001
26.385,0.25,25.001
26.386,0.25,25.001
26.387,0.25,25.001
26.388,0.25,25.001
26.389,0.25,25.001
26.39,0.25,25.001
26.391,0.25,25.001
26.392,0.25,25.001
26.393,0.25,25.001
26.394,0.25,25.001
26.395,0.25,25.001
26.396,0.25,25.001
26.397,0.25,25.001
26.398,0.25,25.001
26.399,0.25,25.001
26.4,0.25,25.001
26.401,0.25,25.001
26.402,0.25,25.001
26.403,0.25,25.001
26.404,0.25,25.001
26.405,0.25,25.001
26.406,0.25,25.001
26.407,0.25,25.001
26.408,0.25,25.001
26.409,0.25,25.001
26.41,0.25,25.001
26.411,0.25,25.001
26.412,0.25,25.001
26.413,0.25,25.001
26.414,0.25,25.001
26.415,0.25,25.001
26.416,0.25,25.001
26.417,0.25,25.001
26.418,0.25,25.001
26.419,0.25,25.001
26.42,0.25,25.001
26.421,0.25,25.001
26.422,0.25,25.001
26.423,0.25,25.001
26.424,0.25,25.001
26.425,0.25,25.001
26.426,0.25,25.001
26.427,0.25,25.001
26.428,0.25,25.001
26.429,0.25,25.001
26.43,0.25,25.001
26.431,0.25,25.001
26.432,0.25,25.001
26.433,0.25,25.001
26.434,0.25,25.001
26.435,0.25,25.001
26.436,0.25,25.001
26.437,0.25,25.001
26.438,0.25,25.001
26.439,0.25,25.001
26.44,0.25,25.001
26.441,0.25,25.001
26.442,0.25,25.001
26.443,0.25,25.001
26.444,0.25,25.001
26.445,0.25,25.001
26.446,0.25,25.001
26.447,0.25,25.001
26.448,0.25,25.001
26.449,0.25,25.001
26.45,0.25,25.001
26.451,0.25,25.001
26.452,0.25,25.001
26.453,0.25,25.001
26.454,0.25,25.001
26.455,0.25,25.001
26.456,0.25,25.001
26.457,0.25,25.001
26.458,0.25,25.001
26.459,0.25,25.001
26.46,0.25,25.001
26.461,0.25,25.001
26.462,0.25,25.001
26.463,0.25,25.001
26.464,0.25,25.001
26.465,0.25,25.001
26.466,0.25,25.001
26.467,0.25,25.001
26.468,0.25,25.001
26.469,0.25,25.001
26.47,0.25,25.001
26.471,0.25,25.001
26.472,0.25,25.001
26.473,0.25,25.001
26.474,0.25,25.001
26.475,0.25,25.001
26.476,0.25,25.001
26.477,0.25,25.001
26.478,0.25,25.001
26.479,0.25,25.001
26.48,0.25,25.001
26.481,0.25,25.001
26.482,0.25,25.001
26.483,0.25,25.001
26.484,0.25,25.001
26.485,0.25,25.001
26.486,0.25,25.001
26.487,0.25,25.001
26.488,0.25,25.001
26.489,0.25,25.001
26.49,0.25,25.001
26.491,0.25,25.001
26.492,0.25,25.001
26.493,0.25,25.001
26.494,0.25,25.001
26.495,0.25,25.001
26.496,0.25,25.001
26.497,0.25,25.001
26.498,0.25,25.001
26.499,0.25,25.001
26.5,0.25,25.001
26.501,0.25,25.001
26.502,0.25,25.001
26.503,0.25,25.001
26.504,0.25,25.001
26.505,0.25,25.001
26.506,0.25,25.001
26.507,0.25,25.001
26.508,0.25,25.001
26.509,0.25,25.001
26.51,0.25,25.001
26.511,0.25,25.001
26.512,0.25,25.001
26.513,0.25,25.001
26.514,0.25,25.001
26.515,0.25,25.001
26.516,0.25,25.001
26.517,0.25,25.001
26.518,0.25,25.001
26.519,0.25,25.001
26.52,0.25,25.001
26.521,0.25,25.001
26.522,0.25,25.001
26.523,0.25,25.001
26.524,0.25,25.001
26.525,0.25,25.001
26.526,0.25,25.001
26.527,0.25,25.001
26.528,0.25,25.001
26.529,0.25,25.001
26.53,0.25,25.001
26.531,0.25,25.001
26.532,0.25,25.001
26.533,0.25,25.001
26.534,0.25,25.001
26.535,0.25,25.001
26.536,0.25,25.001
26.537,0.25,25.001
26.538,0.25,25.001
26.539,0.25,25.001
26.54,0.25,25.001
26.541,0.25,25.001
26.542,0.25,25.001
26.543,0.25,25.001
26.544,0.25,25.001
26.545,0.25,25.001
26.546,0.25,25.001
26.547,0.25,25.001
26.548,0.25,25.001
26.549,0.25,25.001
26.55,0.25,25.001
26.551,0.25,25.001
26.552,0.25,25.001
26.553,0.25,25.001
26.554,0.25,25.001
26.555,0.25,25.001
26.556,0.25,25.001
26.557,0.25,25.001
26.558,0.25,25.001
26.559,0.25,25.001
26.56,0.25,25.001
26.561,0.25,25.001
26.562,0.25,25.001
26.563,0.25,25.001
26.564,0.25,25.001
26.565,0.25,25.001
26.566,0.25,25.001
26.567,0.25,25.001
26.568,0.25,25.001
26.569,0.25,25.001
26.57,0.25,25.001
26.571,0.25,25.001
26.572,0.25,25.001
26.573,0.25,25.001
26.574,0.25,25.001
26.575,0.25,25.001
26.576,0.25,25.001
26.577,0.25,25.001
26.578,0.25,25.001
26.579,0.25,25.001
26.58,0.25,25.001
26.581,0.25,25.001
26.582,0.25,25.001
26.583,0.25,25.001
26.584,0.25,25.001
26.585,0.25,25.001
26.586,0.25,25.001
26.587,0.25,25.001
26.588,0.25,25.001
26.589,0.25,25.001
26.59,0.25,25.001
26.591,0.25,25.001
26.592,0.25,25.001
26.593,0.25,25.001
26.594,0.25,25.001
26.595,0.25,25.001
26.596,0.25,25.001
26.597,0.25,25.001
26.598,0.25,25.001
26.599,0.25,25.001
26.6,0.25,25.001
26.601,0.25,25.001
26.602,0.25,25.001
26.603,0.25,25.001
26.604,0.25,25.001
26.605,0.25,25.001
26.606,0.25,25.001
26.607,0.25,25.001
26.608,0.25,25.001
26.609,0.25,25.001
26.61,0.25,25.001
26.611,0.25,25.001
26.612,0.25,25.001
26.613,0.25,25.001
26.614,0.25,25.001
26.615,0.25,25.001
26.616,0.25,25.001
26.617,0.25,25.001
26.618,0.25,25.001
26.619,0.25,25.001
26.62,0.25,25.001
26.621,0.25,25.001
26.622,0.25,25.001
26.623,0.25,25.001
26.624,0.25,25.001
26.625,0.25,25.001
26.626,0.25,25.001
26.627,0.25,25.001
26.628,0.25,25.001
26.629,0.25,25.001
26.63,0.25,25.001
26.631,0.25,25.001
26.632,0.25,25.001
26.633,0.25,25.001
26.634,0.25,25.001
26.635,0.25,25.001
26.636,0.25,25.001
26.637,0.25,25.001
26.638,0.25,25.001
26.639,0.25,25.001
26.64,0.25,25.001
26.641,0.25,25.001
26.642,0.25,25.001
26.643,0.25,25.001
26.644,0.25,25.001
26.645,0.25,25.001
26.646,0.25,25.001
26.647,0.25,25.001
26.648,0.25,25.001
26.649,0.25,25.001
26.65,0.25,25.001
26.651,0.25,25.001
26.652,0.25,25.001
26.653,0.25,25.001
26.654,0.25,25.001
26.655,0.25,25.001
26.656,0.25,25.001
26.657,0.25,25.001
26.658,0.25,25.001
26.659,0.25,25.001
26.66,0.25,25.001
26.661,0.25,25.001
26.662,0.25,25.001
26.663,0.25,25.001
26.664,0.25,25.001
26.665,0.25,25.001
26.666,0.25,25.001
26.667,0.25,25.001
26.668,0.25,25.001
26.669,0.25,25.001
26.67,0.25,25.001
26.671,0.25,25.001
26.672,0.25,25.001
26.673,0.25,25.001
26.674,0.25,25.001
26.675,0.25,25.001
26.676,0.25,25.001
26.677,0.25,25.001
26.678,0.25,25.001
26.679,0.25,25.001
26.68,0.25,25.001
26.681,0.25,25.001
26.682,0.25,25.001
26.683,0.25,25.001
26.684,0.25,25.001
26.685,0.25,25.001
26.686,0.25,25.001
26.687,0.25,25.001
26.688,0.25,25.001
26.689,0.25,25.001
26.69,0.25,25.001
26.691,0.25,25.001
26.692,0.25,25.001
26.693,0.25,25.001
26.694,0.25,25.001
26.695,0.25,25.001
26.696,0.25,25.001
26.697,0.25,25.001
26.698,0.25,25.001
26.699,0.25,25.001
26.7,0.25,25.001
26.701,0.25,25.001
26.702,0.25,25.001
26.703,0.25,25.001
26.704,0.25,25.001
26.705,0.25,25.001
26.706,0.25,25.001
26.707,0.25,25.001
26.708,0.25,25.001
26.709,0.25,25.001
26.71,0.25,25.001
26.711,0.25,25.001
26.712,0.25,25.001
26.713,0.25,25.001
26.714,0.25,25.001
26.715,0.25,25.001
26.716,0.25,25.001
26.717,0.25,25.001
26.718,0.25,25.001
26.719,0.25,25.001
26.72,0.25,25.001
26.721,0.25,25.001
26.722,0.25,25.001
26.723,0.25,25.001
26.724,0.25,25.001
26.725,0.25,25.001
26.726,0.25,25.001
26.727,0.25,25.001
26.728,0.25,25.001
26.729,0.25,25.001
26.73,0.25,25.001
26.731,0.25,25.001
26.732,0.25,25.001
26.733,0.25,25.001
26.734,0.25,25.001
26.735,0.25,25.001
26.736,0.25,25.001
26.737,0.25,25.001
26.738,0.25,25.001
26.739,0.25,25.001
26.74,0.25,25.001
26.741,0.25,25.001
26.742,0.25,25.001
26.743,0.25,25.001
26.744,0.25,25.001
26.745,0.25,25.001
26.746,0.25,25.001
26.747,0.25,25.001
26.748,0.25,25.001
26.749,0.25,25.001
26.75,0.25,25.001
26.751,0.25,25.001
26.752,0.25,25.001
26.753,0.25,25.001
26.754,0.25,25.001
26.755,0.25,25.001
26.756,0.25,25.001
26.757,0.25,25.001
26.758,0.25,25.001
26.759,0.25,25.001
26.76,0.25,25.001
26.761,0.25,25.001
26.762,0.25,25.001
26.763,0.25,25.001
26.764,0.25,25.001
26.765,0.25,25.001
26.766,0.25,25.001
26.767,0.25,25.001
26.768,0.25,25.001
26.769,0.25,25.001
26.77,0.25,25.001
26.771,0.25,25.001
26.772,0.25,25.001
26.773,0.25,25.001
26.774,0.25,25.001
26.775,0.25,25.001
26.776,0.25,25.001
26.777,0.25,25.001
26.778,0.25,25.001
26.779,0.25,25.001
26.78,0.25,25.001
26.781,0.25,25.001
26.782,0.25,25.001
26.783,0.25,25.001
26.784,0.25,25.001
26.785,0.25,25.001
26.786,0.25,25.001
26.787,0.25,25.001
26.788,0.25,25.001
26.789,0.25,25.001
26.79,0.25,25.001
26.791,0.25,25.001
26.792,0.25,25.001
26.793,0.25,25.001
26.794,0.25,25.001
26.795,0.25,25.001
26.796,0.25,25.001
26.797,0.25,25.001
26.798,0.25,25.001
26.799,0.25,25.001
26.8,0.25,25.001
26.801,0.25,25.001
26.802,0.25,25.001
26.803,0.25,25.001
26.804,0.25,25.001
26.805,0.25,25.001
26.806,0.25,25.001
26.807,0.25,25.001
26.808,0.25,25.001
26.809,0.25,25.001
26.81,0.25,25.001
26.811,0.25,25.001
26.812,0.25,25.001
26.813,0.25,25.001
26.814,0.25,25.001
26.815,0.25,25.001
26.816,0.25,25.001
26.817,0.25,25.001
26.818,0.25,25.001
26.819,0.25,25.001
26.82,0.25,25.001
26.821,0.25,25.001
26.822,0.25,25.001
26.823,0.25,25.001
26.824,0.25,25.001
26.825,0.25,25.001
26.826,0.25,25.001
26.827,0.25,25.001
26.828,0.25,25.001
26.829,0.25,25.001
26.83,0.25,25.001
26.831,0.25,25.001
26.832,0.25,25.001
26.833,0.25,25.001
26.834,0.25,25.001
26.835,0.25,25.001
26.836,0.25,25.001
26.837,0.25,25.001
26.838,0.25,25.001
26.839,0.25,25.001
26.84,0.25,25.001
26.841,0.25,25.001
26.842,0.25,25.001
26.843,0.25,25.001
26.844,0.25,25.001
26.845,0.25,25.001
26.846,0.25,25.001
26.847,0.25,25.001
26.848,0.25,25.001
26.849,0.25,25.001
26.85,0.25,25.001
26.851,0.25,25.001
26.852,0.25,25.001
26.853,0.25,25.001
26.854,0.25,25.001
26.855,0.25,25.001
26.856,0.25,25.001
26.857,0.25,25.001
26.858,0.25,25.001
26.859,0.25,25.001
26.86,0.25,25.001
26.861,0.25,25.001
26.862,0.25,25.001
26.863,0.25,25.001
26.864,0.25,25.001
26.865,0.25,25.001
26.866,0.25,25.001
26.867,0.25,25.001
26.868,0.25,25.001
26.869,0.25,25.001
26.87,0.25,25.001
26.871,0.25,25.001
26.872,0.25,25.001
26.873,0.25,25.001
26.874,0.25,25.001
26.875,0.25,25.001
26.876,0.25,25.001
26.877,0.25,25.001
26.878,0.25,25.001
26.879,0.25,25.001
26.88,0.25,25.001
26.881,0.25,25.001
26.882,0.25,25.001
26.883,0.25,25.001
26.884,0.25,25.001
26.885,0.25,25.001
26.886,0.25,25.001
26.887,0.25,25.001
26.888,0.25,25.001
26.889,0.25,25.001
26.89,0.25,25.001
26.891,0.25,25.001
26.892,0.25,25.001
26.893,0.25,25.001
26.894,0.25,25.001
26.895,0.25,25.001
26.896,0.25,25.001
26.897,0.25,25.001
26.898,0.25,25.001
26.899,0.25,25.001
26.9,0.25,25.001
26.901,0.25,25.001
26.902,0.25,25.001
26.903,0.25,25.001
26.904,0.25,25.001
26.905,0.25,25.001
26.906,0.25,25.001
26.907,0.25,25.001
26.908,0.25,25.001
26.909,0.25,25.001
26.91,0.25,25.001
26.911,0.25,25.001
26.912,0.25,25.001
26.913,0.25,25.001
26.914,0.25,25.001
26.915,0.25,25.001
26.916,0.25,25.001
26.917,0.25,25.001
26.918,0.25,25.001
26.919,0.25,25.001
26.92,0.25,25.001
26.921,0.25,25.001
26.922,0.25,25.001
26.923,0.25,25.001
26.924,0.25,25.001
26.925,0.25,25.001
26.926,0.25,25.001
26.927,0.25,25.001
26.928,0.25,25.001
26.929,0.25,25.001
26.93,0.25,25.001
26.931,0.25,25.001
26.932,0.25,25.001
26.933,0.25,25.001
26.934,0.25,25.001
26.935,0.25,25.001
26.936,0.25,25.001
26.937,0.25,25.001
26.938,0.25,25.001
26.939,0.25,25.001
26.94,0.25,25.001
26.941,0.25,25.001
26.942,0.25,25.001
26.943,0.25,25.001
26.944,0.25,25.001
26.945,0.25,25.001
26.946,0.25,25.001
26.947,0.25,25.001
26.948,0.25,25.001
26.949,0.25,25.001
26.95,0.25,25.001
26.951,0.25,25.001
26.952,0.25,25.001
26.953,0.25,25.001
26.954,0.25,25.001
26.955,0.25,25.001
26.956,0.25,25.001
26.957,0.25,25.001
26.958,0.25,25.001
26.959,0.25,25.001
26.96,0.25,25.001
26.961,0.25,25.001
26.962,0.25,25.001
26.963,0.25,25.001
26.964,0.25,25.001
26.965,0.25,25.001
26.966,0.25,25.001
26.967,0.25,25.001
26.968,0.25,25.001
26.969,0.25,25.001
26.97,0.25,25.001
26.971,0.25,25.001
26.972,0.25,25.001
26.973,0.25,25.001
26.974,0.25,25.001
26.975,0.25,25.001
26.976,0.25,25.001
26.977,0.25,25.001
26.978,0.25,25.001
26.979,0.25,25.001
26.98,0.25,25.001
26.981,0.25,25.001
26.982,0.25,25.001
26.983,0.25,25.001
26.984,0.25,25.001
26.985,0.25,25.001
26.986,0.25,25.001
26.987,0.25,25.001
26.988,0.25,25.001
26.989,0.25,25.001
26.99,0.25,25.001
26.991,0.25,25.001
26.992,0.25,25.001
26.993,0.25,25.001
26.994,0.25,25.001
26.995,0.25,25.001
26.996,0.25,25.001
26.997,0.25,25.001
26.998,0.25,25.001
26.999,0.25,25.001
27,0.25,25.001
27.001,0.25,25.001
27.002,0.25,25.001
27.003,0.25,25.001
27.004,0.25,25.001
27.005,0.25,25.001
27.006,0.25,25.001
27.007,0.25,25.001
27.008,0.25,25.001
27.009,0.25,25.001
27.01,0.25,25.001
27.011,0.25,25.001
27.012,0.25,25.001
27.013,0.25,25.001
27.014,0.25,25.001
27.015,0.25,25.001
27.016,0.25,25.001
27.017,0.25,25.001
27.018,0.25,25.001
27.019,0.25,25.001
27.02,0.25,25.001
27.021,0.25,25.001
27.022,0.25,25.001
27.023,0.25,25.001
27.024,0.25,25.001
27.025,0.25,25.001
27.026,0.25,25.001
27.027,0.25,25.001
27.028,0.25,25.001
27.029,0.25,25.001
27.03,0.25,25.001
27.031,0.25,25.001
27.032,0.25,25.001
27.033,0.25,25.001
27.034,0.25,25.001
27.035,0.25,25.001
27.036,0.25,25.001
27.037,0.25,25.001
27.038,0.25,25.001
27.039,0.25,25.001
27.04,0.25,25.001
27.041,0.25,25.001
27.042,0.25,25.001
27.043,0.25,25.001
27.044,0.25,25.001
27.045,0.25,25.001
27.046,0.25,25.001
27.047,0.25,25.001
27.048,0.25,25.001
27.049,0.25,25.001
27.05,0.25,25.001
27.051,0.25,25.001
27.052,0.25,25.001
27.053,0.25,25.001
27.054,0.25,25.001
27.055,0.25,25.001
27.056,0.25,25.001
27.057,0.25,25.001
27.058,0.25,25.001
27.059,0.25,25.001
27.06,0.25,25.001
27.061,0.25,25.001
27.062,0.25,25.001
27.063,0.25,25.001
27.064,0.25,25.001
27.065,0.25,25.001
27.066,0.25,25.001
27.067,0.25,25.001
27.068,0.25,25.001
27.069,0.25,25.001
27.07,0.25,25.001
27.071,0.25,25.001
27.072,0.25,25.001
27.073,0.25,25.001
27.074,0.25,25.001
27.075,0.25,25.001
27.076,0.25,25.001
27.077,0.25,25.001
27.078,0.25,25.001
27.079,0.25,25.001
27.08,0.25,25.001
27.081,0.25,25.001
27.082,0.25,25.001
27.083,0.25,25.001
27.084,0.25,25.001
27.085,0.25,25.001
27.086,0.25,25.001
27.087,0.25,25.001
27.088,0.25,25.001
27.089,0.25,25.001
27.09,0.25,25.001
27.091,0.25,25.001
27.092,0.25,25.001
27.093,0.25,25.001
27.094,0.25,25.001
27.095,0.25,25.001
27.096,0.25,25.001
27.097,0.25,25.001
27.098,0.25,25.001
27.099,0.25,25.001
27.1,0.25,25.001
27.101,0.25,25.001
27.102,0.25,25.001
27.103,0.25,25.001
27.104,0.25,25.001
27.105,0.25,25.001
27.106,0.25,25.001
27.107,0.25,25.001
27.108,0.25,25.001
27.109,0.25,25.001
27.11,0.25,25.001
27.111,0.25,25.001
27.112,0.25,25.001
27.113,0.25,25.001
27.114,0.25,25.001
27.115,0.25,25.001
27.116,0.25,25.001
27.117,0.25,25.001
27.118,0.25,25.001
27.119,0.25,25.001
27.12,0.25,25.001
27.121,0.25,25.001
27.122,0.25,25.001
27.123,0.25,25.001
27.124,0.25,25.001
27.125,0.25,25.001
27.126,0.25,25.001
27.127,0.25,25.001
27.128,0.25,25.001
27.129,0.25,25.001
27.13,0.25,25.001
27.131,0.25,25.001
27.132,0.25,25.001
27.133,0.25,25.001
27.134,0.25,25.001
27.135,0.25,25.001
27.136,0.25,25.001
27.137,0.25,25.001
27.138,0.25,25.001
27.139,0.25,25.001
27.14,0.25,25.001
27.141,0.25,25.001
27.142,0.25,25.001
27.143,0.25,25.001
27.144,0.25,25.001
27.145,0.25,25.001
27.146,0.25,25.001
27.147,0.25,25.001
27.148,0.25,25.001
27.149,0.25,25.001
27.15,0.25,25.001
27.151,0.25,25.001
27.152,0.25,25.001
27.153,0.25,25.001
27.154,0.25,25.001
27.155,0.25,25.001
27.156,0.25,25.001
27.157,0.25,25.001
27.158,0.25,25.001
27.159,0.25,25.001
27.16,0.25,25.001
27.161,0.25,25.001
27.162,0.25,25.001
27.163,0.25,25.001
27.164,0.25,25.001
27.165,0.25,25.001
27.166,0.25,25.001
27.167,0.25,25.001
27.168,0.25,25.001
27.169,0.25,25.001
27.17,0.25,25.001
27.171,0.25,25.001
27.172,0.25,25.001
27.173,0.25,25.001
27.174,0.25,25.001
27.175,0.25,25.001
27.176,0.25,25.001
27.177,0.25,25.001
27.178,0.25,25.001
27.179,0.25,25.001
27.18,0.25,25.001
27.181,0.25,25.001
27.182,0.25,25.001
27.183,0.25,25.001
27.184,0.25,25.001
27.185,0.25,25.001
27.186,0.25,25.001
27.187,0.25,25.001
27.188,0.25,25.001
27.189,0.25,25.001
27.19,0.25,25.001
27.191,0.25,25.001
27.192,0.25,25.001
27.193,0.25,25.001
27.194,0.25,25.001
27.195,0.25,25.001
27.196,0.25,25.001
27.197,0.25,25.001
27.198,0.25,25.001
27.199,0.25,25.001
27.2,0.25,25.001
27.201,0.25,25.001
27.202,0.25,25.001
27.203,0.25,25.001
27.204,0.25,25.001
27.205,0.25,25.001
27.206,0.25,25.001
27.207,0.25,25.001
27.208,0.25,25.001
27.209,0.25,25.001
27.21,0.25,25.001
27.211,0.25,25.001
27.212,0.25,25.001
27.213,0.25,25.001
27.214,0.25,25.001
27.215,0.25,25.001
27.216,0.25,25.001
27.217,0.25,25.001
27.218,0.25,25.001
27.219,0.25,25.001
27.22,0.25,25.001
27.221,0.25,25.001
27.222,0.25,25.001
27.223,0.25,25.001
27.224,0.25,25.001
27.225,0.25,25.001
27.226,0.25,25.001
27.227,0.25,25.001
27.228,0.25,25.001
27.229,0.25,25.001
27.23,0.25,25.001
27.231,0.25,25.001
27.232,0.25,25.001
27.233,0.25,25.001
27.234,0.25,25.001
27.235,0.25,25.001
27.236,0.25,25.001
27.237,0.25,25.001
27.238,0.25,25.001
27.239,0.25,25.001
27.24,0.25,25.001
27.241,0.25,25.001
27.242,0.25,25.001
27.243,0.25,25.001
27.244,0.25,25.001
27.245,0.25,25.001
27.246,0.25,25.001
27.247,0.25,25.001
27.248,0.25,25.001
27.249,0.25,25.001
27.25,0.25,25.001
27.251,0.25,25.001
27.252,0.25,25.001
27.253,0.25,25.001
27.254,0.25,25.001
27.255,0.25,25.001
27.256,0.25,25.001
27.257,0.25,25.001
27.258,0.25,25.001
27.259,0.25,25.001
27.26,0.25,25.001
27.261,0.25,25.001
27.262,0.25,25.001
27.263,0.25,25.001
27.264,0.25,25.001
27.265,0.25,25.001
27.266,0.25,25.001
27.267,0.25,25.001
27.268,0.25,25.001
27.269,0.25,25.001
27.27,0.25,25.001
27.271,0.25,25.001
27.272,0.25,25.001
27.273,0.25,25.001
27.274,0.25,25.001
27.275,0.25,25.001
27.276,0.25,25.001
27.277,0.25,25.001
27.278,0.25,25.001
27.279,0.25,25.001
27.28,0.25,25.001
27.281,0.25,25.001
27.282,0.25,25.001
27.283,0.25,25.001
27.284,0.25,25.001
27.285,0.25,25.001
27.286,0.25,25.001
27.287,0.25,25.001
27.288,0.25,25.001
27.289,0.25,25.001
27.29,0.25,25.001
27.291,0.25,25.001
27.292,0.25,25.001
27.293,0.25,25.001
27.294,0.25,25.001
27.295,0.25,25.001
27.296,0.25,25.001
27.297,0.25,25.001
27.298,0.25,25.001
27.299,0.25,25.001
27.3,0.25,25.001
27.301,0.25,25.001
27.302,0.25,25.001
27.303,0.25,25.001
27.304,0.25,25.001
27.305,0.25,25.001
27.306,0.25,25.001
27.307,0.25,25.001
27.308,0.25,25.001
27.309,0.25,25.001
27.31,0.25,25.001
27.311,0.25,25.001
27.312,0.25,25.001
27.313,0.25,25.001
27.314,0.25,25.001
27.315,0.25,25.001
27.316,0.25,25.001
27.317,0.25,25.001
27.318,0.25,25.001
27.319,0.25,25.001
27.32,0.25,25.001
27.321,0.25,25.001
27.322,0.25,25.001
27.323,0.25,25.001
27.324,0.25,25.001
27.325,0.25,25.001
27.326,0.25,25.001
27.327,0.25,25.001
27.328,0.25,25.001
27.329,0.25,25.001
27.33,0.25,25.001
27.331,0.25,25.001
27.332,0.25,25.001
27.333,0.25,25.001
27.334,0.25,25.001
27.335,0.25,25.001
27.336,0.25,25.001
27.337,0.25,25.001
27.338,0.25,25.001
27.339,0.25,25.001
27.34,0.25,25.001
27.341,0.25,25.001
27.342,0.25,25.001
27.343,0.25,25.001
27.344,0.25,25.001
27.345,0.25,25.001
27.346,0.25,25.001
27.347,0.25,25.001
27.348,0.25,25.001
27.349,0.25,25.001
27.35,0.25,25.001
27.351,0.25,25.001
27.352,0.25,25.001
27.353,0.25,25.001
27.354,0.25,25.001
27.355,0.25,25.001
27.356,0.25,25.001
27.357,0.25,25.001
27.358,0.25,25.001
27.359,0.25,25.001
27.36,0.25,25.001
27.361,0.25,25.001
27.362,0.25,25.001
27.363,0.25,25.001
27.364,0.25,25.001
27.365,0.25,25.001
27.366,0.25,25.001
27.367,0.25,25.001
27.368,0.25,25.001
27.369,0.25,25.001
27.37,0.25,25.001
27.371,0.25,25.001
27.372,0.25,25.001
27.373,0.25,25.001
27.374,0.25,25.001
27.375,0.25,25.001
27.376,0.25,25.001
27.377,0.25,25.001
27.378,0.25,25.001
27.379,0.25,25.001
27.38,0.25,25.001
27.381,0.25,25.001
27.382,0.25,25.001
27.383,0.25,25.001
27.384,0.25,25.001
27.385,0.25,25.001
27.386,0.25,25.001
27.387,0.25,25.001
27.388,0.25,25.001
27.389,0.25,25.001
27.39,0.25,25.001
27.391,0.25,25.001
27.392,0.25,25.001
27.393,0.25,25.001
27.394,0.25,25.001
27.395,0.25,25.001
27.396,0.25,25.001
27.397,0.25,25.001
27.398,0.25,25.001
27.399,0.25,25.001
27.4,0.25,25.001
27.401,0.25,25.001
27.402,0.25,25.001
27.403,0.25,25.001
27.404,0.25,25.001
27.405,0.25,25.001
27.406,0.25,25.001
27.407,0.25,25.001
27.408,0.25,25.001
27.409,0.25,25.001
27.41,0.25,25.001
27.411,0.25,25.001
27.412,0.25,25.001
27.413,0.25,25.001
27.414,0.25,25.001
27.415,0.25,25.001
27.416,0.25,25.001
27.417,0.25,25.001
27.418,0.25,25.001
27.419,0.25,25.001
27.42,0.25,25.001
27.421,0.25,25.001
27.422,0.25,25.001
27.423,0.25,25.001
27.424,0.25,25.001
27.425,0.25,25.001
27.426,0.25,25.001
27.427,0.25,25.001
27.428,0.25,25.001
27.429,0.25,25.001
27.43,0.25,25.001
27.431,0.25,25.001
27.432,0.25,25.001
27.433,0.25,25.001
27.434,0.25,25.001
27.435,0.25,25.001
27.436,0.25,25.001
27.437,0.25,25.001
27.438,0.25,25.001
27.439,0.25,25.001
27.44,0.25,25.001
27.441,0.25,25.001
27.442,0.25,25.001
27.443,0.25,25.001
27.444,0.25,25.001
27.445,0.25,25.001
27.446,0.25,25.001
27.447,0.25,25.001
27.448,0.25,25.001
27.449,0.25,25.001
27.45,0.25,25.001
27.451,0.25,25.001
27.452,0.25,25.001
27.453,0.25,25.001
27.454,0.25,25.001
27.455,0.25,25.001
27.456,0.25,25.001
27.457,0.25,25.001
27.458,0.25,25.001
27.459,0.25,25.001
27.46,0.25,25.001
27.461,0.25,25.001
27.462,0.25,25.001
27.463,0.25,25.001
27.464,0.25,25.001
27.465,0.25,25.001
27.466,0.25,25.001
27.467,0.25,25.001
27.468,0.25,25.001
27.469,0.25,25.001
27.47,0.25,25.001
27.471,0.25,25.001
27.472,0.25,25.001
27.473,0.25,25.001
27.474,0.25,25.001
27.475,0.25,25.001
27.476,0.25,25.001
27.477,0.25,25.001
27.478,0.25,25.001
27.479,0.25,25.001
27.48,0.25,25.001
27.481,0.25,25.001
27.482,0.25,25.001
27.483,0.25,25.001
27.484,0.25,25.001
27.485,0.25,25.001
27.486,0.25,25.001
27.487,0.25,25.001
27.488,0.25,25.001
27.489,0.25,25.001
27.49,0.25,25.001
27.491,0.25,25.001
27.492,0.25,25.001
27.493,0.25,25.001
27.494,0.25,25.001
27.495,0.25,25.001
27.496,0.25,25.001
27.497,0.25,25.001
27.498,0.25,25.001
27.499,0.25,25.001
27.5,0.25,25.001
27.501,0.25,25.001
27.502,0.25,25.001
27.503,0.25,25.001
27.504,0.25,25.001
27.505,0.25,25.001
27.506,0.25,25.001
27.507,0.25,25.001
27.508,0.25,25.001
27.509,0.25,25.001
27.51,0.25,25.001
27.511,0.25,25.001
27.512,0.25,25.001
27.513,0.25,25.001
27.514,0.25,25.001
27.515,0.25,25.001
27.516,0.25,25.001
27.517,0.25,25.001
27.518,0.25,25.001
27.519,0.25,25.001
27.52,0.25,25.001
27.521,0.25,25.001
27.522,0.25,25.001
27.523,0.25,25.001
27.524,0.25,25.001
27.525,0.25,25.001
27.526,0.25,25.001
27.527,0.25,25.001
27.528,0.25,25.001
27.529,0.25,25.001
27.53,0.25,25.001
27.531,0.25,25.001
27.532,0.25,25.001
27.533,0.25,25.001
27.534,0.25,25.001
27.535,0.25,25.001
27.536,0.25,25.001
27.537,0.25,25.001
27.538,0.25,25.001
27.539,0.25,25.001
27.54,0.25,25.001
27.541,0.25,25.001
27.542,0.25,25.001
27.543,0.25,25.001
27.544,0.25,25.001
27.545,0.25,25.001
27.546,0.25,25.001
27.547,0.25,25.001
27.548,0.25,25.001
27.549,0.25,25.001
27.55,0.25,25.001
27.551,0.25,25.001
27.552,0.25,25.001
27.553,0.25,25.001
27.554,0.25,25.001
27.555,0.25,25.001
27.556,0.25,25.001
27.557,0.25,25.001
27.558,0.25,25.001
27.559,0.25,25.001
27.56,0.25,25.001
27.561,0.25,25.001
27.562,0.25,25.001
27.563,0.25,25.001
27.564,0.25,25.001
27.565,0.25,25.001
27.566,0.25,25.001
27.567,0.25,25.001
27.568,0.25,25.001
27.569,0.25,25.001
27.57,0.25,25.001
27.571,0.25,25.001
27.572,0.25,25.001
27.573,0.25,25.001
27.574,0.25,25.001
27.575,0.25,25.001
27.576,0.25,25.001
27.577,0.25,25.001
27.578,0.25,25.001
27.579,0.25,25.001
27.58,0.25,25.001
27.581,0.25,25.001
27.582,0.25,25.001
27.583,0.25,25.001
27.584,0.25,25.001
27.585,0.25,25.001
27.586,0.25,25.001
27.587,0.25,25.001
27.588,0.25,25.001
27.589,0.25,25.001
27.59,0.25,25.001
27.591,0.25,25.001
27.592,0.25,25.001
27.593,0.25,25.001
27.594,0.25,25.001
27.595,0.25,25.001
27.596,0.25,25.001
27.597,0.25,25.001
27.598,0.25,25.001
27.599,0.25,25.001
27.6,0.25,25.001
27.601,0.25,25.001
27.602,0.25,25.001
27.603,0.25,25.001
27.604,0.25,25.001
27.605,0.25,25.001
27.606,0.25,25.001
27.607,0.25,25.001
27.608,0.25,25.001
27.609,0.25,25.001
27.61,0.25,25.001
27.611,0.25,25.001
27.612,0.25,25.001
27.613,0.25,25.001
27.614,0.25,25.001
27.615,0.25,25.001
27.616,0.25,25.001
27.617,0.25,25.001
27.618,0.25,25.001
27.619,0.25,25.001
27.62,0.25,25.001
27.621,0.25,25.001
27.622,0.25,25.001
27.623,0.25,25.001
27.624,0.25,25.001
27.625,0.25,25.001
27.626,0.25,25.001
27.627,0.25,25.001
27.628,0.25,25.001
27.629,0.25,25.001
27.63,0.25,25.001
27.631,0.25,25.001
27.632,0.25,25.001
27.633,0.25,25.001
27.634,0.25,25.001
27.635,0.25,25.001
27.636,0.25,25.001
27.637,0.25,25.001
27.638,0.25,25.001
27.639,0.25,25.001
27.64,0.25,25.001
27.641,0.25,25.001
27.642,0.25,25.001
27.643,0.25,25.001
27.644,0.25,25.001
27.645,0.25,25.001
27.646,0.25,25.001
27.647,0.25,25.001
27.648,0.25,25.001
27.649,0.25,25.001
27.65,0.25,25.001
27.651,0.25,25.001
27.652,0.25,25.001
27.653,0.25,25.001
27.654,0.25,25.001
27.655,0.25,25.001
27.656,0.25,25.001
27.657,0.25,25.001
27.658,0.25,25.001
27.659,0.25,25.001
27.66,0.25,25.001
27.661,0.25,25.001
27.662,0.25,25.001
27.663,0.25,25.001
27.664,0.25,25.001
27.665,0.25,25.001
27.666,0.25,25.001
27.667,0.25,25.001
27.668,0.25,25.001
27.669,0.25,25.001
27.67,0.25,25.001
27.671,0.25,25.001
27.672,0.25,25.001
27.673,0.25,25.001
27.674,0.25,25.001
27.675,0.25,25.001
27.676,0.25,25.001
27.677,0.25,25.001
27.678,0.25,25.001
27.679,0.25,25.001
27.68,0.25,25.001
27.681,0.25,25.001
27.682,0.25,25.001
27.683,0.25,25.001
27.684,0.25,25.001
27.685,0.25,25.001
27.686,0.25,25.001
27.687,0.25,25.001
27.688,0.25,25.001
27.689,0.25,25.001
27.69,0.25,25.001
27.691,0.25,25.001
27.692,0.25,25.001
27.693,0.25,25.001
27.694,0.25,25.001
27.695,0.25,25.001
27.696,0.25,25.001
27.697,0.25,25.001
27.698,0.25,25.001
27.699,0.25,25.001
27.7,0.25,25.001
27.701,0.25,25.001
27.702,0.25,25.001
27.703,0.25,25.001
27.704,0.25,25.001
27.705,0.25,25.001
27.706,0.25,25.001
27.707,0.25,25.001
27.708,0.25,25.001
27.709,0.25,25.001
27.71,0.25,25.001
27.711,0.25,25.001
27.712,0.25,25.001
27.713,0.25,25.001
27.714,0.25,25.001
27.715,0.25,25.001
27.716,0.25,25.001
27.717,0.25,25.001
27.718,0.25,25.001
27.719,0.25,25.001
27.72,0.25,25.001
27.721,0.25,25.001
27.722,0.25,25.001
27.723,0.25,25.001
27.724,0.25,25.001
27.725,0.25,25.001
27.726,0.25,25.001
27.727,0.25,25.001
27.728,0.25,25.001
27.729,0.25,25.001
27.73,0.25,25.001
27.731,0.25,25.001
27.732,0.25,25.001
27.733,0.25,25.001
27.734,0.25,25.001
27.735,0.25,25.001
27.736,0.25,25.001
27.737,0.25,25.001
27.738,0.25,25.001
27.739,0.25,25.001
27.74,0.25,25.001
27.741,0.25,25.001
27.742,0.25,25.001
27.743,0.25,25.001
27.744,0.25,25.001
27.745,0.25,25.001
27.746,0.25,25.001
27.747,0.25,25.001
27.748,0.25,25.001
27.749,0.25,25.001
27.75,0.25,25.001
27.751,0.25,25.001
27.752,0.25,25.001
27.753,0.25,25.001
27.754,0.25,25.001
27.755,0.25,25.001
27.756,0.25,25.001
27.757,0.25,25.001
27.758,0.25,25.001
27.759,0.25,25.001
27.76,0.25,25.001
27.761,0.25,25.001
27.762,0.25,25.001
27.763,0.25,25.001
27.764,0.25,25.001
27.765,0.25,25.001
27.766,0.25,25.001
27.767,0.25,25.001
27.768,0.25,25.001
27.769,0.25,25.001
27.77,0.25,25.001
27.771,0.25,25.001
27.772,0.25,25.001
27.773,0.25,25.001
27.774,0.25,25.001
27.775,0.25,25.001
27.776,0.25,25.001
27.777,0.25,25.001
27.778,0.25,25.001
27.779,0.25,25.001
27.78,0.25,25.001
27.781,0.25,25.001
27.782,0.25,25.001
27.783,0.25,25.001
27.784,0.25,25.001
27.785,0.25,25.001
27.786,0.25,25.001
27.787,0.25,25.001
27.788,0.25,25.001
27.789,0.25,25.001
27.79,0.25,25.001
27.791,0.25,25.001
27.792,0.25,25.001
27.793,0.25,25.001
27.794,0.25,25.001
27.795,0.25,25.001
27.796,0.25,25.001
27.797,0.25,25.001
27.798,0.25,25.001
27.799,0.25,25.001
27.8,0.25,25.001
27.801,0.25,25.001
27.802,0.25,25.001
27.803,0.25,25.001
27.804,0.25,25.001
27.805,0.25,25.001
27.806,0.25,25.001
27.807,0.25,25.001
27.808,0.25,25.001
27.809,0.25,25.001
27.81,0.25,25.001
27.811,0.25,25.001
27.812,0.25,25.001
27.813,0.25,25.001
27.814,0.25,25.001
27.815,0.25,25.001
27.816,0.25,25.001
27.817,0.25,25.001
27.818,0.25,25.001
27.819,0.25,25.001
27.82,0.25,25.001
27.821,0.25,25.001
27.822,0.25,25.001
27.823,0.25,25.001
27.824,0.25,25.001
27.825,0.25,25.001
27.826,0.25,25.001
27.827,0.25,25.001
27.828,0.25,25.001
27.829,0.25,25.001
27.83,0.25,25.001
27.831,0.25,25.001
27.832,0.25,25.001
27.833,0.25,25.001
27.834,0.25,25.001
27.835,0.25,25.001
27.836,0.25,25.001
27.837,0.25,25.001
27.838,0.25,25.001
27.839,0.25,25.001
27.84,0.25,25.001
27.841,0.25,25.001
27.842,0.25,25.001
27.843,0.25,25.001
27.844,0.25,25.001
27.845,0.25,25.001
27.846,0.25,25.001
27.847,0.25,25.001
27.848,0.25,25.001
27.849,0.25,25.001
27.85,0.25,25.001
27.851,0.25,25.001
27.852,0.25,25.001
27.853,0.25,25.001
27.854,0.25,25.001
27.855,0.25,25.001
27.856,0.25,25.001
27.857,0.25,25.001
27.858,0.25,25.001
27.859,0.25,25.001
27.86,0.25,25.001
27.861,0.25,25.001
27.862,0.25,25.001
27.863,0.25,25.001
27.864,0.25,25.001
27.865,0.25,25.001
27.866,0.25,25.001
27.867,0.25,25.001
27.868,0.25,25.001
27.869,0.25,25.001
27.87,0.25,25.001
27.871,0.25,25.001
27.872,0.25,25.001
27.873,0.25,25.001
27.874,0.25,25.001
27.875,0.25,25.001
27.876,0.25,25.001
27.877,0.25,25.001
27.878,0.25,25.001
27.879,0.25,25.001
27.88,0.25,25.001
27.881,0.25,25.001
27.882,0.25,25.001
27.883,0.25,25.001
27.884,0.25,25.001
27.885,0.25,25.001
27.886,0.25,25.001
27.887,0.25,25.001
27.888,0.25,25.001
27.889,0.25,25.001
27.89,0.25,25.001
27.891,0.25,25.001
27.892,0.25,25.001
27.893,0.25,25.001
27.894,0.25,25.001
27.895,0.25,25.001
27.896,0.25,25.001
27.897,0.25,25.001
27.898,0.25,25.001
27.899,0.25,25.001
27.9,0.25,25.001
27.901,0.25,25.001
27.902,0.25,25.001
27.903,0.25,25.001
27.904,0.25,25.001
27.905,0.25,25.001
27.906,0.25,25.001
27.907,0.25,25.001
27.908,0.25,25.001
27.909,0.25,25.001
27.91,0.25,25.001
27.911,0.25,25.001
27.912,0.25,25.001
27.913,0.25,25.001
27.914,0.25,25.001
27.915,0.25,25.001
27.916,0.25,25.001
27.917,0.25,25.001
27.918,0.25,25.001
27.919,0.25,25.001
27.92,0.25,25.001
27.921,0.25,25.001
27.922,0.25,25.001
27.923,0.25,25.001
27.924,0.25,25.001
27.925,0.25,25.001
27.926,0.25,25.001
27.927,0.25,25.001
27.928,0.25,25.001
27.929,0.25,25.001
27.93,0.25,25.001
27.931,0.25,25.001
27.932,0.25,25.001
27.933,0.25,25.001
27.934,0.25,25.001
27.935,0.25,25.001
27.936,0.25,25.001
27.937,0.25,25.001
27.938,0.25,25.001
27.939,0.25,25.001
27.94,0.25,25.001
27.941,0.25,25.001
27.942,0.25,25.001
27.943,0.25,25.001
27.944,0.25,25.001
27.945,0.25,25.001
27.946,0.25,25.001
27.947,0.25,25.001
27.948,0.25,25.001
27.949,0.25,25.001
27.95,0.25,25.001
27.951,0.25,25.001
27.952,0.25,25.001
27.953,0.25,25.001
27.954,0.25,25.001
27.955,0.25,25.001
27.956,0.25,25.001
27.957,0.25,25.001
27.958,0.25,25.001
27.959,0.25,25.001
27.96,0.25,25.001
27.961,0.25,25.001
27.962,0.25,25.001
27.963,0.25,25.001
27.964,0.25,25.001
27.965,0.25,25.001
27.966,0.25,25.001
27.967,0.25,25.001
27.968,0.25,25.001
27.969,0.25,25.001
27.97,0.25,25.001
27.971,0.25,25.001
27.972,0.25,25.001
27.973,0.25,25.001
27.974,0.25,25.001
27.975,0.25,25.001
27.976,0.25,25.001
27.977,0.25,25.001
27.978,0.25,25.001
27.979,0.25,25.001
27.98,0.25,25.001
27.981,0.25,25.001
27.982,0.25,25.001
27.983,0.25,25.001
27.984,0.25,25.001
27.985,0.25,25.001
27.986,0.25,25.001
27.987,0.25,25.001
27.988,0.25,25.001
27.989,0.25,25.001
27.99,0.25,25.001
27.991,0.25,25.001
27.992,0.25,25.001
27.993,0.25,25.001
27.994,0.25,25.001
27.995,0.25,25.001
27.996,0.25,25.001
27.997,0.25,25.001
27.998,0.25,25.001
27.999,0.25,25.001
28,0.25,25.001
28.001,0.25,25.001
28.002,0.25,25.001
28.003,0.25,25.001
28.004,0.25,25.001
28.005,0.25,25.001
28.006,0.25,25.001
28.007,0.25,25.001
28.008,0.25,25.001
28.009,0.25,25.001
28.01,0.25,25.001
28.011,0.25,25.001
28.012,0.25,25.001
28.013,0.25,25.001
28.014,0.25,25.001
28.015,0.25,25.001
28.016,0.25,25.001
28.017,0.25,25.001
28.018,0.25,25.001
28.019,0.25,25.001
28.02,0.25,25.001
28.021,0.25,25.001
28.022,0.25,25.001
28.023,0.25,25.001
28.024,0.25,25.001
28.025,0.25,25.001
28.026,0.25,25.001
28.027,0.25,25.001
28.028,0.25,25.001
28.029,0.25,25.001
28.03,0.25,25.001
28.031,0.25,25.001
28.032,0.25,25.001
28.033,0.25,25.001
28.034,0.25,25.001
28.035,0.25,25.001
28.036,0.25,25.001
28.037,0.25,25.001
28.038,0.25,25.001
28.039,0.25,25.001
28.04,0.25,25.001
28.041,0.25,25.001
28.042,0.25,25.001
28.043,0.25,25.001
28.044,0.25,25.001
28.045,0.25,25.001
28.046,0.25,25.001
28.047,0.25,25.001
28.048,0.25,25.001
28.049,0.25,25.001
28.05,0.25,25.001
28.051,0.25,25.001
28.052,0.25,25.001
28.053,0.25,25.001
28.054,0.25,25.001
28.055,0.25,25.001
28.056,0.25,25.001
28.057,0.25,25.001
28.058,0.25,25.001
28.059,0.25,25.001
28.06,0.25,25.001
28.061,0.25,25.001
28.062,0.25,25.001
28.063,0.25,25.001
28.064,0.25,25.001
28.065,0.25,25.001
28.066,0.25,25.001
28.067,0.25,25.001
28.068,0.25,25.001
28.069,0.25,25.001
28.07,0.25,25.001
28.071,0.25,25.001
28.072,0.25,25.001
28.073,0.25,25.001
28.074,0.25,25.001
28.075,0.25,25.001
28.076,0.25,25.001
28.077,0.25,25.001
28.078,0.25,25.001
28.079,0.25,25.001
28.08,0.25,25.001
28.081,0.25,25.001
28.082,0.25,25.001
28.083,0.25,25.001
28.084,0.25,25.001
28.085,0.25,25.001
28.086,0.25,25.001
28.087,0.25,25.001
28.088,0.25,25.001
28.089,0.25,25.001
28.09,0.25,25.001
28.091,0.25,25.001
28.092,0.25,25.001
28.093,0.25,25.001
28.094,0.25,25.001
28.095,0.25,25.001
28.096,0.25,25.001
28.097,0.25,25.001
28.098,0.25,25.001
28.099,0.25,25.001
28.1,0.25,25.001
28.101,0.25,25.001
28.102,0.25,25.001
28.103,0.25,25.001
28.104,0.25,25.001
28.105,0.25,25.001
28.106,0.25,25.001
28.107,0.25,25.001
28.108,0.25,25.001
28.109,0.25,25.001
28.11,0.25,25.001
28.111,0.25,25.001
28.112,0.25,25.001
28.113,0.25,25.001
28.114,0.25,25.001
28.115,0.25,25.001
28.116,0.25,25.001
28.117,0.25,25.001
28.118,0.25,25.001
28.119,0.25,25.001
28.12,0.25,25.001
28.121,0.25,25.001
28.122,0.25,25.001
28.123,0.25,25.001
28.124,0.25,25.001
28.125,0.25,25.001
28.126,0.25,25.001
28.127,0.25,25.001
28.128,0.25,25.001
28.129,0.25,25.001
28.13,0.25,25.001
28.131,0.25,25.001
28.132,0.25,25.001
28.133,0.25,25.001
28.134,0.25,25.001
28.135,0.25,25.001
28.136,0.25,25.001
28.137,0.25,25.001
28.138,0.25,25.001
28.139,0.25,25.001
28.14,0.25,25.001
28.141,0.25,25.001
28.142,0.25,25.001
28.143,0.25,25.001
28.144,0.25,25.001
28.145,0.25,25.001
28.146,0.25,25.001
28.147,0.25,25.001
28.148,0.25,25.001
28.149,0.25,25.001
28.15,0.25,25.001
28.151,0.25,25.001
28.152,0.25,25.001
28.153,0.25,25.001
28.154,0.25,25.001
28.155,0.25,25.001
28.156,0.25,25.001
28.157,0.25,25.001
28.158,0.25,25.001
28.159,0.25,25.001
28.16,0.25,25.001
28.161,0.25,25.001
28.162,0.25,25.001
28.163,0.25,25.001
28.164,0.25,25.001
28.165,0.25,25.001
28.166,0.25,25.001
28.167,0.25,25.001
28.168,0.25,25.001
28.169,0.25,25.001
28.17,0.25,25.001
28.171,0.25,25.001
28.172,0.25,25.001
28.173,0.25,25.001
28.174,0.25,25.001
28.175,0.25,25.001
28.176,0.25,25.001
28.177,0.25,25.001
28.178,0.25,25.001
28.179,0.25,25.001
28.18,0.25,25.001
28.181,0.25,25.001
28.182,0.25,25.001
28.183,0.25,25.001
28.184,0.25,25.001
28.185,0.25,25.001
28.186,0.25,25.001
28.187,0.25,25.001
28.188,0.25,25.001
28.189,0.25,25.001
28.19,0.25,25.001
28.191,0.25,25.001
28.192,0.25,25.001
28.193,0.25,25.001
28.194,0.25,25.001
28.195,0.25,25.001
28.196,0.25,25.001
28.197,0.25,25.001
28.198,0.25,25.001
28.199,0.25,25.001
28.2,0.25,25.001
28.201,0.25,25.001
28.202,0.25,25.001
28.203,0.25,25.001
28.204,0.25,25.001
28.205,0.25,25.001
28.206,0.25,25.001
28.207,0.25,25.001
28.208,0.25,25.001
28.209,0.25,25.001
28.21,0.25,25.001
28.211,0.25,25.001
28.212,0.25,25.001
28.213,0.25,25.001
28.214,0.25,25.001
28.215,0.25,25.001
28.216,0.25,25.001
28.217,0.25,25.001
28.218,0.25,25.001
28.219,0.25,25.001
28.22,0.25,25.001
28.221,0.25,25.001
28.222,0.25,25.001
28.223,0.25,25.001
28.224,0.25,25.001
28.225,0.25,25.001
28.226,0.25,25.001
28.227,0.25,25.001
28.228,0.25,25.001
28.229,0.25,25.001
28.23,0.25,25.001
28.231,0.25,25.001
28.232,0.25,25.001
28.233,0.25,25.001
28.234,0.25,25.001
28.235,0.25,25.001
28.236,0.25,25.001
28.237,0.25,25.001
28.238,0.25,25.001
28.239,0.25,25.001
28.24,0.25,25.001
28.241,0.25,25.001
28.242,0.25,25.001
28.243,0.25,25.001
28.244,0.25,25.001
28.245,0.25,25.001
28.246,0.25,25.001
28.247,0.25,25.001
28.248,0.25,25.001
28.249,0.25,25.001
28.25,0.25,25.001
28.251,0.25,25.001
28.252,0.25,25.001
28.253,0.25,25.001
28.254,0.25,25.001
28.255,0.25,25.001
28.256,0.25,25.001
28.257,0.25,25.001
28.258,0.25,25.001
28.259,0.25,25.001
28.26,0.25,25.001
28.261,0.25,25.001
28.262,0.25,25.001
28.263,0.25,25.001
28.264,0.25,25.001
28.265,0.25,25.001
28.266,0.25,25.001
28.267,0.25,25.001
28.268,0.25,25.001
28.269,0.25,25.001
28.27,0.25,25.001
28.271,0.25,25.001
28.272,0.25,25.001
28.273,0.25,25.001
28.274,0.25,25.001
28.275,0.25,25.001
28.276,0.25,25.001
28.277,0.25,25.001
28.278,0.25,25.001
28.279,0.25,25.001
28.28,0.25,25.001
28.281,0.25,25.001
28.282,0.25,25.001
28.283,0.25,25.001
28.284,0.25,25.001
28.285,0.25,25.001
28.286,0.25,25.001
28.287,0.25,25.001
28.288,0.25,25.001
28.289,0.25,25.001
28.29,0.25,25.001
28.291,0.25,25.001
28.292,0.25,25.001
28.293,0.25,25.001
28.294,0.25,25.001
28.295,0.25,25.001
28.296,0.25,25.001
28.297,0.25,25.001
28.298,0.25,25.001
28.299,0.25,25.001
28.3,0.25,25.001
28.301,0.25,25.001
28.302,0.25,25.001
28.303,0.25,25.001
28.304,0.25,25.001
28.305,0.25,25.001
28.306,0.25,25.001
28.307,0.25,25.001
28.308,0.25,25.001
28.309,0.25,25.001
28.31,0.25,25.001
28.311,0.25,25.001
28.312,0.25,25.001
28.313,0.25,25.001
28.314,0.25,25.001
28.315,0.25,25.001
28.316,0.25,25.001
28.317,0.25,25.001
28.318,0.25,25.001
28.319,0.25,25.001
28.32,0.25,25.001
28.321,0.25,25.001
28.322,0.25,25.001
28.323,0.25,25.001
28.324,0.25,25.001
28.325,0.25,25.001
28.326,0.25,25.001
28.327,0.25,25.001
28.328,0.25,25.001
28.329,0.25,25.001
28.33,0.25,25.001
28.331,0.25,25.001
28.332,0.25,25.001
28.333,0.25,25.001
28.334,0.25,25.001
28.335,0.25,25.001
28.336,0.25,25.001
28.337,0.25,25.001
28.338,0.25,25.001
28.339,0.25,25.001
28.34,0.25,25.001
28.341,0.25,25.001
28.342,0.25,25.001
28.343,0.25,25.001
28.344,0.25,25.001
28.345,0.25,25.001
28.346,0.25,25.001
28.347,0.25,25.001
28.348,0.25,25.001
28.349,0.25,25.001
28.35,0.25,25.001
28.351,0.25,25.001
28.352,0.25,25.001
28.353,0.25,25.001
28.354,0.25,25.001
28.355,0.25,25.001
28.356,0.25,25.001
28.357,0.25,25.001
28.358,0.25,25.001
28.359,0.25,25.001
28.36,0.25,25.001
28.361,0.25,25.001
28.362,0.25,25.001
28.363,0.25,25.001
28.364,0.25,25.001
28.365,0.25,25.001
28.366,0.25,25.001
28.367,0.25,25.001
28.368,0.25,25.001
28.369,0.25,25.001
28.37,0.25,25.001
28.371,0.25,25.001
28.372,0.25,25.001
28.373,0.25,25.001
28.374,0.25,25.001
28.375,0.25,25.001
28.376,0.25,25.001
28.377,0.25,25.001
28.378,0.25,25.001
28.379,0.25,25.001
28.38,0.25,25.001
28.381,0.25,25.001
28.382,0.25,25.001
28.383,0.25,25.001
28.384,0.25,25.001
28.385,0.25,25.001
28.386,0.25,25.001
28.387,0.25,25.001
28.388,0.25,25.001
28.389,0.25,25.001
28.39,0.25,25.001
28.391,0.25,25.001
28.392,0.25,25.001
28.393,0.25,25.001
28.394,0.25,25.001
28.395,0.25,25.001
28.396,0.25,25.001
28.397,0.25,25.001
28.398,0.25,25.001
28.399,0.25,25.001
28.4,0.25,25.001
28.401,0.25,25.001
28.402,0.25,25.001
28.403,0.25,25.001
28.404,0.25,25.001
28.405,0.25,25.001
28.406,0.25,25.001
28.407,0.25,25.001
28.408,0.25,25.001
28.409,0.25,25.001
28.41,0.25,25.001
28.411,0.25,25.001
28.412,0.25,25.001
28.413,0.25,25.001
28.414,0.25,25.001
28.415,0.25,25.001
28.416,0.25,25.001
28.417,0.25,25.001
28.418,0.25,25.001
28.419,0.25,25.001
28.42,0.25,25.001
28.421,0.25,25.001
28.422,0.25,25.001
28.423,0.25,25.001
28.424,0.25,25.001
28.425,0.25,25.001
28.426,0.25,25.001
28.427,0.25,25.001
28.428,0.25,25.001
28.429,0.25,25.001
28.43,0.25,25.001
28.431,0.25,25.001
28.432,0.25,25.001
28.433,0.25,25.001
28.434,0.25,25.001
28.435,0.25,25.001
28.436,0.25,25.001
28.437,0.25,25.001
28.438,0.25,25.001
28.439,0.25,25.001
28.44,0.25,25.001
28.441,0.25,25.001
28.442,0.25,25.001
28.443,0.25,25.001
28.444,0.25,25.001
28.445,0.25,25.001
28.446,0.25,25.001
28.447,0.25,25.001
28.448,0.25,25.001
28.449,0.25,25.001
28.45,0.25,25.001
28.451,0.25,25.001
28.452,0.25,25.001
28.453,0.25,25.001
28.454,0.25,25.001
28.455,0.25,25.001
28.456,0.25,25.001
28.457,0.25,25.001
28.458,0.25,25.001
28.459,0.25,25.001
28.46,0.25,25.001
28.461,0.25,25.001
28.462,0.25,25.001
28.463,0.25,25.001
28.464,0.25,25.001
28.465,0.25,25.001
28.466,0.25,25.001
28.467,0.25,25.001
28.468,0.25,25.001
28.469,0.25,25.001
28.47,0.25,25.001
28.471,0.25,25.001
28.472,0.25,25.001
28.473,0.25,25.001
28.474,0.25,25.001
28.475,0.25,25.001
28.476,0.25,25.001
28.477,0.25,25.001
28.478,0.25,25.001
28.479,0.25,25.001
28.48,0.25,25.001
28.481,0.25,25.001
28.482,0.25,25.001
28.483,0.25,25.001
28.484,0.25,25.001
28.485,0.25,25.001
28.486,0.25,25.001
28.487,0.25,25.001
28.488,0.25,25.001
28.489,0.25,25.001
28.49,0.25,25.001
28.491,0.25,25.001
28.492,0.25,25.001
28.493,0.25,25.001
28.494,0.25,25.001
28.495,0.25,25.001
28.496,0.25,25.001
28.497,0.25,25.001
28.498,0.25,25.001
28.499,0.25,25.001
28.5,0.25,25.001
28.501,0.25,25.001
28.502,0.25,25.001
28.503,0.25,25.001
28.504,0.25,25.001
28.505,0.25,25.001
28.506,0.25,25.001
28.507,0.25,25.001
28.508,0.25,25.001
28.509,0.25,25.001
28.51,0.25,25.001
28.511,0.25,25.001
28.512,0.25,25.001
28.513,0.25,25.001
28.514,0.25,25.001
28.515,0.25,25.001
28.516,0.25,25.001
28.517,0.25,25.001
28.518,0.25,25.001
28.519,0.25,25.001
28.52,0.25,25.001
28.521,0.25,25.001
28.522,0.25,25.001
28.523,0.25,25.001
28.524,0.25,25.001
28.525,0.25,25.001
28.526,0.25,25.001
28.527,0.25,25.001
28.528,0.25,25.001
28.529,0.25,25.001
28.53,0.25,25.001
28.531,0.25,25.001
28.532,0.25,25.001
28.533,0.25,25.001
28.534,0.25,25.001
28.535,0.25,25.001
28.536,0.25,25.001
28.537,0.25,25.001
28.538,0.25,25.001
28.539,0.25,25.001
28.54,0.25,25.001
28.541,0.25,25.001
28.542,0.25,25.001
28.543,0.25,25.001
28.544,0.25,25.001
28.545,0.25,25.001
28.546,0.25,25.001
28.547,0.25,25.001
28.548,0.25,25.001
28.549,0.25,25.001
28.55,0.25,25.001
28.551,0.25,25.001
28.552,0.25,25.001
28.553,0.25,25.001
28.554,0.25,25.001
28.555,0.25,25.001
28.556,0.25,25.001
28.557,0.25,25.001
28.558,0.25,25.001
28.559,0.25,25.001
28.56,0.25,25.001
28.561,0.25,25.001
28.562,0.25,25.001
28.563,0.25,25.001
28.564,0.25,25.001
28.565,0.25,25.001
28.566,0.25,25.001
28.567,0.25,25.001
28.568,0.25,25.001
28.569,0.25,25.001
28.57,0.25,25.001
28.571,0.25,25.001
28.572,0.25,25.001
28.573,0.25,25.001
28.574,0.25,25.001
28.575,0.25,25.001
28.576,0.25,25.001
28.577,0.25,25.001
28.578,0.25,25.001
28.579,0.25,25.001
28.58,0.25,25.001
28.581,0.25,25.001
28.582,0.25,25.001
28.583,0.25,25.001
28.584,0.25,25.001
28.585,0.25,25.001
28.586,0.25,25.001
28.587,0.25,25.001
28.588,0.25,25.001
28.589,0.25,25.001
28.59,0.25,25.001
28.591,0.25,25.001
28.592,0.25,25.001
28.593,0.25,25.001
28.594,0.25,25.001
28.595,0.25,25.001
28.596,0.25,25.001
28.597,0.25,25.001
28.598,0.25,25.001
28.599,0.25,25.001
28.6,0.25,25.001
28.601,0.25,25.001
28.602,0.25,25.001
28.603,0.25,25.001
28.604,0.25,25.001
28.605,0.25,25.001
28.606,0.25,25.001
28.607,0.25,25.001
28.608,0.25,25.001
28.609,0.25,25.001
28.61,0.25,25.001
28.611,0.25,25.001
28.612,0.25,25.001
28.613,0.25,25.001
28.614,0.25,25.001
28.615,0.25,25.001
28.616,0.25,25.001
28.617,0.25,25.001
28.618,0.25,25.001
28.619,0.25,25.001
28.62,0.25,25.001
28.621,0.25,25.001
28.622,0.25,25.001
28.623,0.25,25.001
28.624,0.25,25.001
28.625,0.25,25.001
28.626,0.25,25.001
28.627,0.25,25.001
28.628,0.25,25.001
28.629,0.25,25.001
28.63,0.25,25.001
28.631,0.25,25.001
28.632,0.25,25.001
28.633,0.25,25.001
28.634,0.25,25.001
28.635,0.25,25.001
28.636,0.25,25.001
28.637,0.25,25.001
28.638,0.25,25.001
28.639,0.25,25.001
28.64,0.25,25.001
28.641,0.25,25.001
28.642,0.25,25.001
28.643,0.25,25.001
28.644,0.25,25.001
28.645,0.25,25.001
28.646,0.25,25.001
28.647,0.25,25.001
28.648,0.25,25.001
28.649,0.25,25.001
28.65,0.25,25.001
28.651,0.25,25.001
28.652,0.25,25.001
28.653,0.25,25.001
28.654,0.25,25.001
28.655,0.25,25.001
28.656,0.25,25.001
28.657,0.25,25.001
28.658,0.25,25.001
28.659,0.25,25.001
28.66,0.25,25.001
28.661,0.25,25.001
28.662,0.25,25.001
28.663,0.25,25.001
28.664,0.25,25.001
28.665,0.25,25.001
28.666,0.25,25.001
28.667,0.25,25.001
28.668,0.25,25.001
28.669,0.25,25.001
28.67,0.25,25.001
28.671,0.25,25.001
28.672,0.25,25.001
28.673,0.25,25.001
28.674,0.25,25.001
28.675,0.25,25.001
28.676,0.25,25.001
28.677,0.25,25.001
28.678,0.25,25.001
28.679,0.25,25.001
28.68,0.25,25.001
28.681,0.25,25.001
28.682,0.25,25.001
28.683,0.25,25.001
28.684,0.25,25.001
28.685,0.25,25.001
28.686,0.25,25.001
28.687,0.25,25.001
28.688,0.25,25.001
28.689,0.25,25.001
28.69,0.25,25.001
28.691,0.25,25.001
28.692,0.25,25.001
28.693,0.25,25.001
28.694,0.25,25.001
28.695,0.25,25.001
28.696,0.25,25.001
28.697,0.25,25.001
28.698,0.25,25.001
28.699,0.25,25.001
28.7,0.25,25.001
28.701,0.25,25.001
28.702,0.25,25.001
28.703,0.25,25.001
28.704,0.25,25.001
28.705,0.25,25.001
28.706,0.25,25.001
28.707,0.25,25.001
28.708,0.25,25.001
28.709,0.25,25.001
28.71,0.25,25.001
28.711,0.25,25.001
28.712,0.25,25.001
28.713,0.25,25.001
28.714,0.25,25.001
28.715,0.25,25.001
28.716,0.25,25.001
28.717,0.25,25.001
28.718,0.25,25.001
28.719,0.25,25.001
28.72,0.25,25.001
28.721,0.25,25.001
28.722,0.25,25.001
28.723,0.25,25.001
28.724,0.25,25.001
28.725,0.25,25.001
28.726,0.25,25.001
28.727,0.25,25.001
28.728,0.25,25.001
28.729,0.25,25.001
28.73,0.25,25.001
28.731,0.25,25.001
28.732,0.25,25.001
28.733,0.25,25.001
28.734,0.25,25.001
28.735,0.25,25.001
28.736,0.25,25.001
28.737,0.25,25.001
28.738,0.25,25.001
28.739,0.25,25.001
28.74,0.25,25.001
28.741,0.25,25.001
28.742,0.25,25.001
28.743,0.25,25.001
28.744,0.25,25.001
28.745,0.25,25.001
28.746,0.25,25.001
28.747,0.25,25.001
28.748,0.25,25.001
28.749,0.25,25.001
28.75,0.25,25.001
28.751,0.25,25.001
28.752,0.25,25.001
28.753,0.25,25.001
28.754,0.25,25.001
28.755,0.25,25.001
28.756,0.25,25.001
28.757,0.25,25.001
28.758,0.25,25.001
28.759,0.25,25.001
28.76,0.25,25.001
28.761,0.25,25.001
28.762,0.25,25.001
28.763,0.25,25.001
28.764,0.25,25.001
28.765,0.25,25.001
28.766,0.25,25.001
28.767,0.25,25.001
28.768,0.25,25.001
28.769,0.25,25.001
28.77,0.25,25.001
28.771,0.25,25.001
28.772,0.25,25.001
28.773,0.25,25.001
28.774,0.25,25.001
28.775,0.25,25.001
28.776,0.25,25.001
28.777,0.25,25.001
28.778,0.25,25.001
28.779,0.25,25.001
28.78,0.25,25.001
28.781,0.25,25.001
28.782,0.25,25.001
28.783,0.25,25.001
28.784,0.25,25.001
28.785,0.25,25.001
28.786,0.25,25.001
28.787,0.25,25.001
28.788,0.25,25.001
28.789,0.25,25.001
28.79,0.25,25.001
28.791,0.25,25.001
28.792,0.25,25.001
28.793,0.25,25.001
28.794,0.25,25.001
28.795,0.25,25.001
28.796,0.25,25.001
28.797,0.25,25.001
28.798,0.25,25.001
28.799,0.25,25.001
28.8,0.25,25.001
28.801,0.25,25.001
28.802,0.25,25.001
28.803,0.25,25.001
28.804,0.25,25.001
28.805,0.25,25.001
28.806,0.25,25.001
28.807,0.25,25.001
28.808,0.25,25.001
28.809,0.25,25.001
28.81,0.25,25.001
28.811,0.25,25.001
28.812,0.25,25.001
28.813,0.25,25.001
28.814,0.25,25.001
28.815,0.25,25.001
28.816,0.25,25.001
28.817,0.25,25.001
28.818,0.25,25.001
28.819,0.25,25.001
28.82,0.25,25.001
28.821,0.25,25.001
28.822,0.25,25.001
28.823,0.25,25.001
28.824,0.25,25.001
28.825,0.25,25.001
28.826,0.25,25.001
28.827,0.25,25.001
28.828,0.25,25.001
28.829,0.25,25.001
28.83,0.25,25.001
28.831,0.25,25.001
28.832,0.25,25.001
28.833,0.25,25.001
28.834,0.25,25.001
28.835,0.25,25.001
28.836,0.25,25.001
28.837,0.25,25.001
28.838,0.25,25.001
28.839,0.25,25.001
28.84,0.25,25.001
28.841,0.25,25.001
28.842,0.25,25.001
28.843,0.25,25.001
28.844,0.25,25.001
28.845,0.25,25.001
28.846,0.25,25.001
28.847,0.25,25.001
28.848,0.25,25.001
28.849,0.25,25.001
28.85,0.25,25.001
28.851,0.25,25.001
28.852,0.25,25.001
28.853,0.25,25.001
28.854,0.25,25.001
28.855,0.25,25.001
28.856,0.25,25.001
28.857,0.25,25.001
28.858,0.25,25.001
28.859,0.25,25.001
28.86,0.25,25.001
28.861,0.25,25.001
28.862,0.25,25.001
28.863,0.25,25.001
28.864,0.25,25.001
28.865,0.25,25.001
28.866,0.25,25.001
28.867,0.25,25.001
28.868,0.25,25.001
28.869,0.25,25.001
28.87,0.25,25.001
28.871,0.25,25.001
28.872,0.25,25.001
28.873,0.25,25.001
28.874,0.25,25.001
28.875,0.25,25.001
28.876,0.25,25.001
28.877,0.25,25.001
28.878,0.25,25.001
28.879,0.25,25.001
28.88,0.25,25.001
28.881,0.25,25.001
28.882,0.25,25.001
28.883,0.25,25.001
28.884,0.25,25.001
28.885,0.25,25.001
28.886,0.25,25.001
28.887,0.25,25.001
28.888,0.25,25.001
28.889,0.25,25.001
28.89,0.25,25.001
28.891,0.25,25.001
28.892,0.25,25.001
28.893,0.25,25.001
28.894,0.25,25.001
28.895,0.25,25.001
28.896,0.25,25.001
28.897,0.25,25.001
28.898,0.25,25.001
28.899,0.25,25.001
28.9,0.25,25.001
28.901,0.25,25.001
28.902,0.25,25.001
28.903,0.25,25.001
28.904,0.25,25.001
28.905,0.25,25.001
28.906,0.25,25.001
28.907,0.25,25.001
28.908,0.25,25.001
28.909,0.25,25.001
28.91,0.25,25.001
28.911,0.25,25.001
28.912,0.25,25.001
28.913,0.25,25.001
28.914,0.25,25.001
28.915,0.25,25.001
28.916,0.25,25.001
28.917,0.25,25.001
28.918,0.25,25.001
28.919,0.25,25.001
28.92,0.25,25.001
28.921,0.25,25.001
28.922,0.25,25.001
28.923,0.25,25.001
28.924,0.25,25.001
28.925,0.25,25.001
28.926,0.25,25.001
28.927,0.25,25.001
28.928,0.25,25.001
28.929,0.25,25.001
28.93,0.25,25.001
28.931,0.25,25.001
28.932,0.25,25.001
28.933,0.25,25.001
28.934,0.25,25.001
28.935,0.25,25.001
28.936,0.25,25.001
28.937,0.25,25.001
28.938,0.25,25.001
28.939,0.25,25.001
28.94,0.25,25.001
28.941,0.25,25.001
28.942,0.25,25.001
28.943,0.25,25.001
28.944,0.25,25.001
28.945,0.25,25.001
28.946,0.25,25.001
28.947,0.25,25.001
28.948,0.25,25.001
28.949,0.25,25.001
28.95,0.25,25.001
28.951,0.25,25.001
28.952,0.25,25.001
28.953,0.25,25.001
28.954,0.25,25.001
28.955,0.25,25.001
28.956,0.25,25.001
28.957,0.25,25.001
28.958,0.25,25.001
28.959,0.25,25.001
28.96,0.25,25.001
28.961,0.25,25.001
28.962,0.25,25.001
28.963,0.25,25.001
28.964,0.25,25.001
28.965,0.25,25.001
28.966,0.25,25.001
28.967,0.25,25.001
28.968,0.25,25.001
28.969,0.25,25.001
28.97,0.25,25.001
28.971,0.25,25.001
28.972,0.25,25.001
28.973,0.25,25.001
28.974,0.25,25.001
28.975,0.25,25.001
28.976,0.25,25.001
28.977,0.25,25.001
28.978,0.25,25.001
28.979,0.25,25.001
28.98,0.25,25.001
28.981,0.25,25.001
28.982,0.25,25.001
28.983,0.25,25.001
28.984,0.25,25.001
28.985,0.25,25.001
28.986,0.25,25.001
28.987,0.25,25.001
28.988,0.25,25.001
28.989,0.25,25.001
28.99,0.25,25.001
28.991,0.25,25.001
28.992,0.25,25.001
28.993,0.25,25.001
28.994,0.25,25.001
28.995,0.25,25.001
28.996,0.25,25.001
28.997,0.25,25.001
28.998,0.25,25.001
28.999,0.25,25.001
29,0.25,25.001
29.001,0.25,25.001
29.002,0.25,25.001
29.003,0.25,25.001
29.004,0.25,25.001
29.005,0.25,25.001
29.006,0.25,25.001
29.007,0.25,25.001
29.008,0.25,25.001
29.009,0.25,25.001
29.01,0.25,25.001
29.011,0.25,25.001
29.012,0.25,25.001
29.013,0.25,25.001
29.014,0.25,25.001
29.015,0.25,25.001
29.016,0.25,25.001
29.017,0.25,25.001
29.018,0.25,25.001
29.019,0.25,25.001
29.02,0.25,25.001
29.021,0.25,25.001
29.022,0.25,25.001
29.023,0.25,25.001
29.024,0.25,25.001
29.025,0.25,25.001
29.026,0.25,25.001
29.027,0.25,25.001
29.028,0.25,25.001
29.029,0.25,25.001
29.03,0.25,25.001
29.031,0.25,25.001
29.032,0.25,25.001
29.033,0.25,25.001
29.034,0.25,25.001
29.035,0.25,25.001
29.036,0.25,25.001
29.037,0.25,25.001
29.038,0.25,25.001
29.039,0.25,25.001
29.04,0.25,25.001
29.041,0.25,25.001
29.042,0.25,25.001
29.043,0.25,25.001
29.044,0.25,25.001
29.045,0.25,25.001
29.046,0.25,25.001
29.047,0.25,25.001
29.048,0.25,25.001
29.049,0.25,25.001
29.05,0.25,25.001
29.051,0.25,25.001
29.052,0.25,25.001
29.053,0.25,25.001
29.054,0.25,25.001
29.055,0.25,25.001
29.056,0.25,25.001
29.057,0.25,25.001
29.058,0.25,25.001
29.059,0.25,25.001
29.06,0.25,25.001
29.061,0.25,25.001
29.062,0.25,25.001
29.063,0.25,25.001
29.064,0.25,25.001
29.065,0.25,25.001
29.066,0.25,25.001
29.067,0.25,25.001
29.068,0.25,25.001
29.069,0.25,25.001
29.07,0.25,25.001
29.071,0.25,25.001
29.072,0.25,25.001
29.073,0.25,25.001
29.074,0.25,25.001
29.075,0.25,25.001
29.076,0.25,25.001
29.077,0.25,25.001
29.078,0.25,25.001
29.079,0.25,25.001
29.08,0.25,25.001
29.081,0.25,25.001
29.082,0.25,25.001
29.083,0.25,25.001
29.084,0.25,25.001
29.085,0.25,25.001
29.086,0.25,25.001
29.087,0.25,25.001
29.088,0.25,25.001
29.089,0.25,25.001
29.09,0.25,25.001
29.091,0.25,25.001
29.092,0.25,25.001
29.093,0.25,25.001
29.094,0.25,25.001
29.095,0.25,25.001
29.096,0.25,25.001
29.097,0.25,25.001
29.098,0.25,25.001
29.099,0.25,25.001
29.1,0.25,25.001
29.101,0.25,25.001
29.102,0.25,25.001
29.103,0.25,25.001
29.104,0.25,25.001
29.105,0.25,25.001
29.106,0.25,25.001
29.107,0.25,25.001
29.108,0.25,25.001
29.109,0.25,25.001
29.11,0.25,25.001
29.111,0.25,25.001
29.112,0.25,25.001
29.113,0.25,25.001
29.114,0.25,25.001
29.115,0.25,25.001
29.116,0.25,25.001
29.117,0.25,25.001
29.118,0.25,25.001
29.119,0.25,25.001
29.12,0.25,25.001
29.121,0.25,25.001
29.122,0.25,25.001
29.123,0.25,25.001
29.124,0.25,25.001
29.125,0.25,25.001
29.126,0.25,25.001
29.127,0.25,25.001
29.128,0.25,25.001
29.129,0.25,25.001
29.13,0.25,25.001
29.131,0.25,25.001
29.132,0.25,25.001
29.133,0.25,25.001
29.134,0.25,25.001
29.135,0.25,25.001
29.136,0.25,25.001
29.137,0.25,25.001
29.138,0.25,25.001
29.139,0.25,25.001
29.14,0.25,25.001
29.141,0.25,25.001
29.142,0.25,25.001
29.143,0.25,25.001
29.144,0.25,25.001
29.145,0.25,25.001
29.146,0.25,25.001
29.147,0.25,25.001
29.148,0.25,25.001
29.149,0.25,25.001
29.15,0.25,25.001
29.151,0.25,25.001
29.152,0.25,25.001
29.153,0.25,25.001
29.154,0.25,25.001
29.155,0.25,25.001
29.156,0.25,25.001
29.157,0.25,25.001
29.158,0.25,25.001
29.159,0.25,25.001
29.16,0.25,25.001
29.161,0.25,25.001
29.162,0.25,25.001
29.163,0.25,25.001
29.164,0.25,25.001
29.165,0.25,25.001
29.166,0.25,25.001
29.167,0.25,25.001
29.168,0.25,25.001
29.169,0.25,25.001
29.17,0.25,25.001
29.171,0.25,25.001
29.172,0.25,25.001
29.173,0.25,25.001
29.174,0.25,25.001
29.175,0.25,25.001
29.176,0.25,25.001
29.177,0.25,25.001
29.178,0.25,25.001
29.179,0.25,25.001
29.18,0.25,25.001
29.181,0.25,25.001
29.182,0.25,25.001
29.183,0.25,25.001
29.184,0.25,25.001
29.185,0.25,25.001
29.186,0.25,25.001
29.187,0.25,25.001
29.188,0.25,25.001
29.189,0.25,25.001
29.19,0.25,25.001
29.191,0.25,25.001
29.192,0.25,25.001
29.193,0.25,25.001
29.194,0.25,25.001
29.195,0.25,25.001
29.196,0.25,25.001
29.197,0.25,25.001
29.198,0.25,25.001
29.199,0.25,25.001
29.2,0.25,25.001
29.201,0.25,25.001
29.202,0.25,25.001
29.203,0.25,25.001
29.204,0.25,25.001
29.205,0.25,25.001
29.206,0.25,25.001
29.207,0.25,25.001
29.208,0.25,25.001
29.209,0.25,25.001
29.21,0.25,25.001
29.211,0.25,25.001
29.212,0.25,25.001
29.213,0.25,25.001
29.214,0.25,25.001
29.215,0.25,25.001
29.216,0.25,25.001
29.217,0.25,25.001
29.218,0.25,25.001
29.219,0.25,25.001
29.22,0.25,25.001
29.221,0.25,25.001
29.222,0.25,25.001
29.223,0.25,25.001
29.224,0.25,25.001
29.225,0.25,25.001
29.226,0.25,25.001
29.227,0.25,25.001
29.228,0.25,25.001
29.229,0.25,25.001
29.23,0.25,25.001
29.231,0.25,25.001
29.232,0.25,25.001
29.233,0.25,25.001
29.234,0.25,25.001
29.235,0.25,25.001
29.236,0.25,25.001
29.237,0.25,25.001
29.238,0.25,25.001
29.239,0.25,25.001
29.24,0.25,25.001
29.241,0.25,25.001
29.242,0.25,25.001
29.243,0.25,25.001
29.244,0.25,25.001
29.245,0.25,25.001
29.246,0.25,25.001
29.247,0.25,25.001
29.248,0.25,25.001
29.249,0.25,25.001
29.25,0.25,25.001
29.251,0.25,25.001
29.252,0.25,25.001
29.253,0.25,25.001
29.254,0.25,25.001
29.255,0.25,25.001
29.256,0.25,25.001
29.257,0.25,25.001
29.258,0.25,25.001
29.259,0.25,25.001
29.26,0.25,25.001
29.261,0.25,25.001
29.262,0.25,25.001
29.263,0.25,25.001
29.264,0.25,25.001
29.265,0.25,25.001
29.266,0.25,25.001
29.267,0.25,25.001
29.268,0.25,25.001
29.269,0.25,25.001
29.27,0.25,25.001
29.271,0.25,25.001
29.272,0.25,25.001
29.273,0.25,25.001
29.274,0.25,25.001
29.275,0.25,25.001
29.276,0.25,25.001
29.277,0.25,25.001
29.278,0.25,25.001
29.279,0.25,25.001
29.28,0.25,25.001
29.281,0.25,25.001
29.282,0.25,25.001
29.283,0.25,25.001
29.284,0.25,25.001
29.285,0.25,25.001
29.286,0.25,25.001
29.287,0.25,25.001
29.288,0.25,25.001
29.289,0.25,25.001
29.29,0.25,25.001
29.291,0.25,25.001
29.292,0.25,25.001
29.293,0.25,25.001
29.294,0.25,25.001
29.295,0.25,25.001
29.296,0.25,25.001
29.297,0.25,25.001
29.298,0.25,25.001
29.299,0.25,25.001
29.3,0.25,25.001
29.301,0.25,25.001
29.302,0.25,25.001
29.303,0.25,25.001
29.304,0.25,25.001
29.305,0.25,25.001
29.306,0.25,25.001
29.307,0.25,25.001
29.308,0.25,25.001
29.309,0.25,25.001
29.31,0.25,25.001
29.311,0.25,25.001
29.312,0.25,25.001
29.313,0.25,25.001
29.314,0.25,25.001
29.315,0.25,25.001
29.316,0.25,25.001
29.317,0.25,25.001
29.318,0.25,25.001
29.319,0.25,25.001
29.32,0.25,25.001
29.321,0.25,25.001
29.322,0.25,25.001
29.323,0.25,25.001
29.324,0.25,25.001
29.325,0.25,25.001
29.326,0.25,25.001
29.327,0.25,25.001
29.328,0.25,25.001
29.329,0.25,25.001
29.33,0.25,25.001
29.331,0.25,25.001
29.332,0.25,25.001
29.333,0.25,25.001
29.334,0.25,25.001
29.335,0.25,25.001
29.336,0.25,25.001
29.337,0.25,25.001
29.338,0.25,25.001
29.339,0.25,25.001
29.34,0.25,25.001
29.341,0.25,25.001
29.342,0.25,25.001
29.343,0.25,25.001
29.344,0.25,25.001
29.345,0.25,25.001
29.346,0.25,25.001
29.347,0.25,25.001
29.348,0.25,25.001
29.349,0.25,25.001
29.35,0.25,25.001
29.351,0.25,25.001
29.352,0.25,25.001
29.353,0.25,25.001
29.354,0.25,25.001
29.355,0.25,25.001
29.356,0.25,25.001
29.357,0.25,25.001
29.358,0.25,25.001
29.359,0.25,25.001
29.36,0.25,25.001
29.361,0.25,25.001
29.362,0.25,25.001
29.363,0.25,25.001
29.364,0.25,25.001
29.365,0.25,25.001
29.366,0.25,25.001
29.367,0.25,25.001
29.368,0.25,25.001
29.369,0.25,25.001
29.37,0.25,25.001
29.371,0.25,25.001
29.372,0.25,25.001
29.373,0.25,25.001
29.374,0.25,25.001
29.375,0.25,25.001
29.376,0.25,25.001
29.377,0.25,25.001
29.378,0.25,25.001
29.379,0.25,25.001
29.38,0.25,25.001
29.381,0.25,25.001
29.382,0.25,25.001
29.383,0.25,25.001
29.384,0.25,25.001
29.385,0.25,25.001
29.386,0.25,25.001
29.387,0.25,25.001
29.388,0.25,25.001
29.389,0.25,25.001
29.39,0.25,25.001
29.391,0.25,25.001
29.392,0.25,25.001
29.393,0.25,25.001
29.394,0.25,25.001
29.395,0.25,25.001
29.396,0.25,25.001
29.397,0.25,25.001
29.398,0.25,25.001
29.399,0.25,25.001
29.4,0.25,25.001
29.401,0.25,25.001
29.402,0.25,25.001
29.403,0.25,25.001
29.404,0.25,25.001
29.405,0.25,25.001
29.406,0.25,25.001
29.407,0.25,25.001
29.408,0.25,25.001
29.409,0.25,25.001
29.41,0.25,25.001
29.411,0.25,25.001
29.412,0.25,25.001
29.413,0.25,25.001
29.414,0.25,25.001
29.415,0.25,25.001
29.416,0.25,25.001
29.417,0.25,25.001
29.418,0.25,25.001
29.419,0.25,25.001
29.42,0.25,25.001
29.421,0.25,25.001
29.422,0.25,25.001
29.423,0.25,25.001
29.424,0.25,25.001
29.425,0.25,25.001
29.426,0.25,25.001
29.427,0.25,25.001
29.428,0.25,25.001
29.429,0.25,25.001
29.43,0.25,25.001
29.431,0.25,25.001
29.432,0.25,25.001
29.433,0.25,25.001
29.434,0.25,25.001
29.435,0.25,25.001
29.436,0.25,25.001
29.437,0.25,25.001
29.438,0.25,25.001
29.439,0.25,25.001
29.44,0.25,25.001
29.441,0.25,25.001
29.442,0.25,25.001
29.443,0.25,25.001
29.444,0.25,25.001
29.445,0.25,25.001
29.446,0.25,25.001
29.447,0.25,25.001
29.448,0.25,25.001
29.449,0.25,25.001
29.45,0.25,25.001
29.451,0.25,25.001
29.452,0.25,25.001
29.453,0.25,25.001
29.454,0.25,25.001
29.455,0.25,25.001
29.456,0.25,25.001
29.457,0.25,25.001
29.458,0.25,25.001
29.459,0.25,25.001
29.46,0.25,25.001
29.461,0.25,25.001
29.462,0.25,25.001
29.463,0.25,25.001
29.464,0.25,25.001
29.465,0.25,25.001
29.466,0.25,25.001
29.467,0.25,25.001
29.468,0.25,25.001
29.469,0.25,25.001
29.47,0.25,25.001
29.471,0.25,25.001
29.472,0.25,25.001
29.473,0.25,25.001
29.474,0.25,25.001
29.475,0.25,25.001
29.476,0.25,25.001
29.477,0.25,25.001
29.478,0.25,25.001
29.479,0.25,25.001
29.48,0.25,25.001
29.481,0.25,25.001
29.482,0.25,25.001
29.483,0.25,25.001
29.484,0.25,25.001
29.485,0.25,25.001
29.486,0.25,25.001
29.487,0.25,25.001
29.488,0.25,25.001
29.489,0.25,25.001
29.49,0.25,25.001
29.491,0.25,25.001
29.492,0.25,25.001
29.493,0.25,25.001
29.494,0.25,25.001
29.495,0.25,25.001
29.496,0.25,25.001
29.497,0.25,25.001
29.498,0.25,25.001
29.499,0.25,25.001
29.5,0.25,25.001
29.501,0.25,25.001
29.502,0.25,25.001
29.503,0.25,25.001
29.504,0.25,25.001
29.505,0.25,25.001
29.506,0.25,25.001
29.507,0.25,25.001
29.508,0.25,25.001
29.509,0.25,25.001
29.51,0.25,25.001
29.511,0.25,25.001
29.512,0.25,25.001
29.513,0.25,25.001
29.514,0.25,25.001
29.515,0.25,25.001
29.516,0.25,25.001
29.517,0.25,25.001
29.518,0.25,25.001
29.519,0.25,25.001
29.52,0.25,25.001
29.521,0.25,25.001
29.522,0.25,25.001
29.523,0.25,25.001
29.524,0.25,25.001
29.525,0.25,25.001
29.526,0.25,25.001
29.527,0.25,25.001
29.528,0.25,25.001
29.529,0.25,25.001
29.53,0.25,25.001
29.531,0.25,25.001
29.532,0.25,25.001
29.533,0.25,25.001
29.534,0.25,25.001
29.535,0.25,25.001
29.536,0.25,25.001
29.537,0.25,25.001
29.538,0.25,25.001
29.539,0.25,25.001
29.54,0.25,25.001
29.541,0.25,25.001
29.542,0.25,25.001
29.543,0.25,25.001
29.544,0.25,25.001
29.545,0.25,25.001
29.546,0.25,25.001
29.547,0.25,25.001
29.548,0.25,25.001
29.549,0.25,25.001
29.55,0.25,25.001
29.551,0.25,25.001
29.552,0.25,25.001
29.553,0.25,25.001
29.554,0.25,25.001
29.555,0.25,25.001
29.556,0.25,25.001
29.557,0.25,25.001
29.558,0.25,25.001
29.559,0.25,25.001
29.56,0.25,25.001
29.561,0.25,25.001
29.562,0.25,25.001
29.563,0.25,25.001
29.564,0.25,25.001
29.565,0.25,25.001
29.566,0.25,25.001
29.567,0.25,25.001
29.568,0.25,25.001
29.569,0.25,25.001
29.57,0.25,25.001
29.571,0.25,25.001
29.572,0.25,25.001
29.573,0.25,25.001
29.574,0.25,25.001
29.575,0.25,25.001
29.576,0.25,25.001
29.577,0.25,25.001
29.578,0.25,25.001
29.579,0.25,25.001
29.58,0.25,25.001
29.581,0.25,25.001
29.582,0.25,25.001
29.583,0.25,25.001
29.584,0.25,25.001
29.585,0.25,25.001
29.586,0.25,25.001
29.587,0.25,25.001
29.588,0.25,25.001
29.589,0.25,25.001
29.59,0.25,25.001
29.591,0.25,25.001
29.592,0.25,25.001
29.593,0.25,25.001
29.594,0.25,25.001
29.595,0.25,25.001
29.596,0.25,25.001
29.597,0.25,25.001
29.598,0.25,25.001
29.599,0.25,25.001
29.6,0.25,25.001
29.601,0.25,25.001
29.602,0.25,25.001
29.603,0.25,25.001
29.604,0.25,25.001
29.605,0.25,25.001
29.606,0.25,25.001
29.607,0.25,25.001
29.608,0.25,25.001
29.609,0.25,25.001
29.61,0.25,25.001
29.611,0.25,25.001
29.612,0.25,25.001
29.613,0.25,25.001
29.614,0.25,25.001
29.615,0.25,25.001
29.616,0.25,25.001
29.617,0.25,25.001
29.618,0.25,25.001
29.619,0.25,25.001
29.62,0.25,25.001
29.621,0.25,25.001
29.622,0.25,25.001
29.623,0.25,25.001
29.624,0.25,25.001
29.625,0.25,25.001
29.626,0.25,25.001
29.627,0.25,25.001
29.628,0.25,25.001
29.629,0.25,25.001
29.63,0.25,25.001
29.631,0.25,25.001
29.632,0.25,25.001
29.633,0.25,25.001
29.634,0.25,25.001
29.635,0.25,25.001
29.636,0.25,25.001
29.637,0.25,25.001
29.638,0.25,25.001
29.639,0.25,25.001
29.64,0.25,25.001
29.641,0.25,25.001
29.642,0.25,25.001
29.643,0.25,25.001
29.644,0.25,25.001
29.645,0.25,25.001
29.646,0.25,25.001
29.647,0.25,25.001
29.648,0.25,25.001
29.649,0.25,25.001
29.65,0.25,25.001
29.651,0.25,25.001
29.652,0.25,25.001
29.653,0.25,25.001
29.654,0.25,25.001
29.655,0.25,25.001
29.656,0.25,25.001
29.657,0.25,25.001
29.658,0.25,25.001
29.659,0.25,25.001
29.66,0.25,25.001
29.661,0.25,25.001
29.662,0.25,25.001
29.663,0.25,25.001
29.664,0.25,25.001
29.665,0.25,25.001
29.666,0.25,25.001
29.667,0.25,25.001
29.668,0.25,25.001
29.669,0.25,25.001
29.67,0.25,25.001
29.671,0.25,25.001
29.672,0.25,25.001
29.673,0.25,25.001
29.674,0.25,25.001
29.675,0.25,25.001
29.676,0.25,25.001
29.677,0.25,25.001
29.678,0.25,25.001
29.679,0.25,25.001
29.68,0.25,25.001
29.681,0.25,25.001
29.682,0.25,25.001
29.683,0.25,25.001
29.684,0.25,25.001
29.685,0.25,25.001
29.686,0.25,25.001
29.687,0.25,25.001
29.688,0.25,25.001
29.689,0.25,25.001
29.69,0.25,25.001
29.691,0.25,25.001
29.692,0.25,25.001
29.693,0.25,25.001
29.694,0.25,25.001
29.695,0.25,25.001
29.696,0.25,25.001
29.697,0.25,25.001
29.698,0.25,25.001
29.699,0.25,25.001
29.7,0.25,25.001
29.701,0.25,25.001
29.702,0.25,25.001
29.703,0.25,25.001
29.704,0.25,25.001
29.705,0.25,25.001
29.706,0.25,25.001
29.707,0.25,25.001
29.708,0.25,25.001
29.709,0.25,25.001
29.71,0.25,25.001
29.711,0.25,25.001
29.712,0.25,25.001
29.713,0.25,25.001
29.714,0.25,25.001
29.715,0.25,25.001
29.716,0.25,25.001
29.717,0.25,25.001
29.718,0.25,25.001
29.719,0.25,25.001
29.72,0.25,25.001
29.721,0.25,25.001
29.722,0.25,25.001
29.723,0.25,25.001
29.724,0.25,25.001
29.725,0.25,25.001
29.726,0.25,25.001
29.727,0.25,25.001
29.728,0.25,25.001
29.729,0.25,25.001
29.73,0.25,25.001
29.731,0.25,25.001
29.732,0.25,25.001
29.733,0.25,25.001
29.734,0.25,25.001
29.735,0.25,25.001
29.736,0.25,25.001
29.737,0.25,25.001
29.738,0.25,25.001
29.739,0.25,25.001
29.74,0.25,25.001
29.741,0.25,25.001
29.742,0.25,25.001
29.743,0.25,25.001
29.744,0.25,25.001
29.745,0.25,25.001
29.746,0.25,25.001
29.747,0.25,25.001
29.748,0.25,25.001
29.749,0.25,25.001
29.75,0.25,25.001
29.751,0.25,25.001
29.752,0.25,25.001
29.753,0.25,25.001
29.754,0.25,25.001
29.755,0.25,25.001
29.756,0.25,25.001
29.757,0.25,25.001
29.758,0.25,25.001
29.759,0.25,25.001
29.76,0.25,25.001
29.761,0.25,25.001
29.762,0.25,25.001
29.763,0.25,25.001
29.764,0.25,25.001
29.765,0.25,25.001
29.766,0.25,25.001
29.767,0.25,25.001
29.768,0.25,25.001
29.769,0.25,25.001
29.77,0.25,25.001
29.771,0.25,25.001
29.772,0.25,25.001
29.773,0.25,25.001
29.774,0.25,25.001
29.775,0.25,25.001
29.776,0.25,25.001
29.777,0.25,25.001
29.778,0.25,25.001
29.779,0.25,25.001
29.78,0.25,25.001
29.781,0.25,25.001
29.782,0.25,25.001
29.783,0.25,25.001
29.784,0.25,25.001
29.785,0.25,25.001
29.786,0.25,25.001
29.787,0.25,25.001
29.788,0.25,25.001
29.789,0.25,25.001
29.79,0.25,25.001
29.791,0.25,25.001
29.792,0.25,25.001
29.793,0.25,25.001
29.794,0.25,25.001
29.795,0.25,25.001
29.796,0.25,25.001
29.797,0.25,25.001
29.798,0.25,25.001
29.799,0.25,25.001
29.8,0.25,25.001
29.801,0.25,25.001
29.802,0.25,25.001
29.803,0.25,25.001
29.804,0.25,25.001
29.805,0.25,25.001
29.806,0.25,25.001
29.807,0.25,25.001
29.808,0.25,25.001
29.809,0.25,25.001
29.81,0.25,25.001
29.811,0.25,25.001
29.812,0.25,25.001
29.813,0.25,25.001
29.814,0.25,25.001
29.815,0.25,25.001
29.816,0.25,25.001
29.817,0.25,25.001
29.818,0.25,25.001
29.819,0.25,25.001
29.82,0.25,25.001
29.821,0.25,25.001
29.822,0.25,25.001
29.823,0.25,25.001
29.824,0.25,25.001
29.825,0.25,25.001
29.826,0.25,25.001
29.827,0.25,25.001
29.828,0.25,25.001
29.829,0.25,25.001
29.83,0.25,25.001
29.831,0.25,25.001
29.832,0.25,25.001
29.833,0.25,25.001
29.834,0.25,25.001
29.835,0.25,25.001
29.836,0.25,25.001
29.837,0.25,25.001
29.838,0.25,25.001
29.839,0.25,25.001
29.84,0.25,25.001
29.841,0.25,25.001
29.842,0.25,25.001
29.843,0.25,25.001
29.844,0.25,25.001
29.845,0.25,25.001
29.846,0.25,25.001
29.847,0.25,25.001
29.848,0.25,25.001
29.849,0.25,25.001
29.85,0.25,25.001
29.851,0.25,25.001
29.852,0.25,25.001
29.853,0.25,25.001
29.854,0.25,25.001
29.855,0.25,25.001
29.856,0.25,25.001
29.857,0.25,25.001
29.858,0.25,25.001
29.859,0.25,25.001
29.86,0.25,25.001
29.861,0.25,25.001
29.862,0.25,25.001
29.863,0.25,25.001
29.864,0.25,25.001
29.865,0.25,25.001
29.866,0.25,25.001
29.867,0.25,25.001
29.868,0.25,25.001
29.869,0.25,25.001
29.87,0.25,25.001
29.871,0.25,25.001
29.872,0.25,25.001
29.873,0.25,25.001
29.874,0.25,25.001
29.875,0.25,25.001
29.876,0.25,25.001
29.877,0.25,25.001
29.878,0.25,25.001
29.879,0.25,25.001
29.88,0.25,25.001
29.881,0.25,25.001
29.882,0.25,25.001
29.883,0.25,25.001
29.884,0.25,25.001
29.885,0.25,25.001
29.886,0.25,25.001
29.887,0.25,25.001
29.888,0.25,25.001
29.889,0.25,25.001
29.89,0.25,25.001
29.891,0.25,25.001
29.892,0.25,25.001
29.893,0.25,25.001
29.894,0.25,25.001
29.895,0.25,25.001
29.896,0.25,25.001
29.897,0.25,25.001
29.898,0.25,25.001
29.899,0.25,25.001
29.9,0.25,25.001
29.901,0.25,25.001
29.902,0.25,25.001
29.903,0.25,25.001
29.904,0.25,25.001
29.905,0.25,25.001
29.906,0.25,25.001
29.907,0.25,25.001
29.908,0.25,25.001
29.909,0.25,25.001
29.91,0.25,25.001
29.911,0.25,25.001
29.912,0.25,25.001
29.913,0.25,25.001
29.914,0.25,25.001
29.915,0.25,25.001
29.916,0.25,25.001
29.917,0.25,25.001
29.918,0.25,25.001
29.919,0.25,25.001
29.92,0.25,25.001
29.921,0.25,25.001
29.922,0.25,25.001
29.923,0.25,25.001
29.924,0.25,25.001
29.925,0.25,25.001
29.926,0.25,25.001
29.927,0.25,25.001
29.928,0.25,25.001
29.929,0.25,25.001
29.93,0.25,25.001
29.931,0.25,25.001
29.932,0.25,25.001
29.933,0.25,25.001
29.934,0.25,25.001
29.935,0.25,25.001
29.936,0.25,25.001
29.937,0.25,25.001
29.938,0.25,25.001
29.939,0.25,25.001
29.94,0.25,25.001
29.941,0.25,25.001
29.942,0.25,25.001
29.943,0.25,25.001
29.944,0.25,25.001
29.945,0.25,25.001
29.946,0.25,25.001
29.947,0.25,25.001
29.948,0.25,25.001
29.949,0.25,25.001
29.95,0.25,25.001
29.951,0.25,25.001
29.952,0.25,25.001
29.953,0.25,25.001
29.954,0.25,25.001
29.955,0.25,25.001
29.956,0.25,25.001
29.957,0.25,25.001
29.958,0.25,25.001
29.959,0.25,25.001
29.96,0.25,25.001
29.961,0.25,25.001
29.962,0.25,25.001
29.963,0.25,25.001
29.964,0.25,25.001
29.965,0.25,25.001
29.966,0.25,25.001
29.967,0.25,25.001
29.968,0.25,25.001
29.969,0.25,25.001
29.97,0.25,25.001
29.971,0.25,25.001
29.972,0.25,25.001
29.973,0.25,25.001
29.974,0.25,25.001
29.975,0.25,25.001
29.976,0.25,25.001
29.977,0.25,25.001
29.978,0.25,25.001
29.979,0.25,25.001
29.98,0.25,25.001
29.981,0.25,25.001
29.982,0.25,25.001
29.983,0.25,25.001
29.984,0.25,25.001
29.985,0.25,25.001
29.986,0.25,25.001
29.987,0.25,25.001
29.988,0.25,25.001
29.989,0.25,25.001
29.99,0.25,25.001
29.991,0.25,25.001
29.992,0.25,25.001
29.993,0.25,25.001
29.994,0.25,25.001
29.995,0.25,25.001
29.996,0.25,25.001
29.997,0.25,25.001
29.998,0.25,25.001
29.999,0.25,25.001
30,0.25,25.001
30.001,0.25,25.001
30.002,0.25,25.001
30.003,0.25,25.001
30.004,0.25,25.001
30.005,0.25,25.001
30.006,0.25,25.001
30.007,0.25,25.001
30.008,0.25,25.001
30.009,0.25,25.001
30.01,0.25,25.001
30.011,0.25,25.001
30.012,0.25,25.001
30.013,0.25,25.001
30.014,0.25,25.001
30.015,0.25,25.001
30.016,0.25,25.001
30.017,0.25,25.001
30.018,0.25,25.001
30.019,0.25,25.001
30.02,0.25,25.001
30.021,0.25,25.001
30.022,0.25,25.001
30.023,0.25,25.001
30.024,0.25,25.001
30.025,0.25,25.001
30.026,0.25,25.001
30.027,0.25,25.001
30.028,0.25,25.001
30.029,0.25,25.001
30.03,0.25,25.001
30.031,0.25,25.001
30.032,0.25,25.001
30.033,0.25,25.001
30.034,0.25,25.001
30.035,0.25,25.001
30.036,0.25,25.001
30.037,0.25,25.001
30.038,0.25,25.001
30.039,0.25,25.001
30.04,0.25,25.001
30.041,0.25,25.001
30.042,0.25,25.001
30.043,0.25,25.001
30.044,0.25,25.001
30.045,0.25,25.001
30.046,0.25,25.001
30.047,0.25,25.001
30.048,0.25,25.001
30.049,0.25,25.001
30.05,0.25,25.001
30.051,0.25,25.001
30.052,0.25,25.001
30.053,0.25,25.001
30.054,0.25,25.001
30.055,0.25,25.001
30.056,0.25,25.001
30.057,0.25,25.001
30.058,0.25,25.001
30.059,0.25,25.001
30.06,0.25,25.001
30.061,0.25,25.001
30.062,0.25,25.001
30.063,0.25,25.001
30.064,0.25,25.001
30.065,0.25,25.001
30.066,0.25,25.001
30.067,0.25,25.001
30.068,0.25,25.001
30.069,0.25,25.001
30.07,0.25,25.001
30.071,0.25,25.001
30.072,0.25,25.001
30.073,0.25,25.001
30.074,0.25,25.001
30.075,0.25,25.001
30.076,0.25,25.001
30.077,0.25,25.001
30.078,0.25,25.001
30.079,0.25,25.001
30.08,0.25,25.001
30.081,0.25,25.001
30.082,0.25,25.001
30.083,0.25,25.001
30.084,0.25,25.001
30.085,0.25,25.001
30.086,0.25,25.001
30.087,0.25,25.001
30.088,0.25,25.001
30.089,0.25,25.001
30.09,0.25,25.001
30.091,0.25,25.001
30.092,0.25,25.001
30.093,0.25,25.001
30.094,0.25,25.001
30.095,0.25,25.001
30.096,0.25,25.001
30.097,0.25,25.001
30.098,0.25,25.001
30.099,0.25,25.001
30.1,0.25,25.001
30.101,0.25,25.001
30.102,0.25,25.001
30.103,0.25,25.001
30.104,0.25,25.001
30.105,0.25,25.001
30.106,0.25,25.001
30.107,0.25,25.001
30.108,0.25,25.001
30.109,0.25,25.001
30.11,0.25,25.001
30.111,0.25,25.001
30.112,0.25,25.001
30.113,0.25,25.001
30.114,0.25,25.001
30.115,0.25,25.001
30.116,0.25,25.001
30.117,0.25,25.001
30.118,0.25,25.001
30.119,0.25,25.001
30.12,0.25,25.001
30.121,0.25,25.001
30.122,0.25,25.001
30.123,0.25,25.001
30.124,0.25,25.001
30.125,0.25,25.001
30.126,0.25,25.001
30.127,0.25,25.001
30.128,0.25,25.001
30.129,0.25,25.001
30.13,0.25,25.001
30.131,0.25,25.001
30.132,0.25,25.001
30.133,0.25,25.001
30.134,0.25,25.001
30.135,0.25,25.001
30.136,0.25,25.001
30.137,0.25,25.001
30.138,0.25,25.001
30.139,0.25,25.001
30.14,0.25,25.001
30.141,0.25,25.001
30.142,0.25,25.001
30.143,0.25,25.001
30.144,0.25,25.001
30.145,0.25,25.001
30.146,0.25,25.001
30.147,0.25,25.001
30.148,0.25,25.001
30.149,0.25,25.001
30.15,0.25,25.001
30.151,0.25,25.001
30.152,0.25,25.001
30.153,0.25,25.001
30.154,0.25,25.001
30.155,0.25,25.001
30.156,0.25,25.001
30.157,0.25,25.001
30.158,0.25,25.001
30.159,0.25,25.001
30.16,0.25,25.001
30.161,0.25,25.001
30.162,0.25,25.001
30.163,0.25,25.001
30.164,0.25,25.001
30.165,0.25,25.001
30.166,0.25,25.001
30.167,0.25,25.001
30.168,0.25,25.001
30.169,0.25,25.001
30.17,0.25,25.001
30.171,0.25,25.001
30.172,0.25,25.001
30.173,0.25,25.001
30.174,0.25,25.001
30.175,0.25,25.001
30.176,0.25,25.001
30.177,0.25,25.001
30.178,0.25,25.001
30.179,0.25,25.001
30.18,0.25,25.001
30.181,0.25,25.001
30.182,0.25,25.001
30.183,0.25,25.001
30.184,0.25,25.001
30.185,0.25,25.001
30.186,0.25,25.001
30.187,0.25,25.001
30.188,0.25,25.001
30.189,0.25,25.001
30.19,0.25,25.001
30.191,0.25,25.001
30.192,0.25,25.001
30.193,0.25,25.001
30.194,0.25,25.001
30.195,0.25,25.001
30.196,0.25,25.001
30.197,0.25,25.001
30.198,0.25,25.001
30.199,0.25,25.001
30.2,0.25,25.001
30.201,0.25,25.001
30.202,0.25,25.001
30.203,0.25,25.001
30.204,0.25,25.001
30.205,0.25,25.001
30.206,0.25,25.001
30.207,0.25,25.001
30.208,0.25,25.001
30.209,0.25,25.001
30.21,0.25,25.001
30.211,0.25,25.001
30.212,0.25,25.001
30.213,0.25,25.001
30.214,0.25,25.001
30.215,0.25,25.001
30.216,0.25,25.001
30.217,0.25,25.001
30.218,0.25,25.001
30.219,0.25,25.001
30.22,0.25,25.001
30.221,0.25,25.001
30.222,0.25,25.001
30.223,0.25,25.001
30.224,0.25,25.001
30.225,0.25,25.001
30.226,0.25,25.001
30.227,0.25,25.001
30.228,0.25,25.001
30.229,0.25,25.001
30.23,0.25,25.001
30.231,0.25,25.001
30.232,0.25,25.001
30.233,0.25,25.001
30.234,0.25,25.001
30.235,0.25,25.001
30.236,0.25,25.001
30.237,0.25,25.001
30.238,0.25,25.001
30.239,0.25,25.001
30.24,0.25,25.001
30.241,0.25,25.001
30.242,0.25,25.001
30.243,0.25,25.001
30.244,0.25,25.001
30.245,0.25,25.001
30.246,0.25,25.001
30.247,0.25,25.001
30.248,0.25,25.001
30.249,0.25,25.001
30.25,0.25,25.001
30.251,0.25,25.001
30.252,0.25,25.001
30.253,0.25,25.001
30.254,0.25,25.001
30.255,0.25,25.001
30.256,0.25,25.001
30.257,0.25,25.001
30.258,0.25,25.001
30.259,0.25,25.001
30.26,0.25,25.001
30.261,0.25,25.001
30.262,0.25,25.001
30.263,0.25,25.001
30.264,0.25,25.001
30.265,0.25,25.001
30.266,0.25,25.001
30.267,0.25,25.001
30.268,0.25,25.001
30.269,0.25,25.001
30.27,0.25,25.001
30.271,0.25,25.001
30.272,0.25,25.001
30.273,0.25,25.001
30.274,0.25,25.001
30.275,0.25,25.001
30.276,0.25,25.001
30.277,0.25,25.001
30.278,0.25,25.001
30.279,0.25,25.001
30.28,0.25,25.001
30.281,0.25,25.001
30.282,0.25,25.001
30.283,0.25,25.001
30.284,0.25,25.001
30.285,0.25,25.001
30.286,0.25,25.001
30.287,0.25,25.001
30.288,0.25,25.001
30.289,0.25,25.001
30.29,0.25,25.001
30.291,0.25,25.001
30.292,0.25,25.001
30.293,0.25,25.001
30.294,0.25,25.001
30.295,0.25,25.001
30.296,0.25,25.001
30.297,0.25,25.001
30.298,0.25,25.001
30.299,0.25,25.001
30.3,0.25,25.001
30.301,0.25,25.001
30.302,0.25,25.001
30.303,0.25,25.001
30.304,0.25,25.001
30.305,0.25,25.001
30.306,0.25,25.001
30.307,0.25,25.001
30.308,0.25,25.001
30.309,0.25,25.001
30.31,0.25,25.001
30.311,0.25,25.001
30.312,0.25,25.001
30.313,0.25,25.001
30.314,0.25,25.001
30.315,0.25,25.001
30.316,0.25,25.001
30.317,0.25,25.001
30.318,0.25,25.001
30.319,0.25,25.001
30.32,0.25,25.001
30.321,0.25,25.001
30.322,0.25,25.001
30.323,0.25,25.001
30.324,0.25,25.001
30.325,0.25,25.001
30.326,0.25,25.001
30.327,0.25,25.001
30.328,0.25,25.001
30.329,0.25,25.001
30.33,0.25,25.001
30.331,0.25,25.001
30.332,0.25,25.001
30.333,0.25,25.001
30.334,0.25,25.001
30.335,0.25,25.001
30.336,0.25,25.001
30.337,0.25,25.001
30.338,0.25,25.001
30.339,0.25,25.001
30.34,0.25,25.001
30.341,0.25,25.001
30.342,0.25,25.001
30.343,0.25,25.001
30.344,0.25,25.001
30.345,0.25,25.001
30.346,0.25,25.001
30.347,0.25,25.001
30.348,0.25,25.001
30.349,0.25,25.001
30.35,0.25,25.001
30.351,0.25,25.001
30.352,0.25,25.001
30.353,0.25,25.001
30.354,0.25,25.001
30.355,0.25,25.001
30.356,0.25,25.001
30.357,0.25,25.001
30.358,0.25,25.001
30.359,0.25,25.001
30.36,0.25,25.001
30.361,0.25,25.001
30.362,0.25,25.001
30.363,0.25,25.001
30.364,0.25,25.001
30.365,0.25,25.001
30.366,0.25,25.001
30.367,0.25,25.001
30.368,0.25,25.001
30.369,0.25,25.001
30.37,0.25,25.001
30.371,0.25,25.001
30.372,0.25,25.001
30.373,0.25,25.001
30.374,0.25,25.001
30.375,0.25,25.001
30.376,0.25,25.001
30.377,0.25,25.001
30.378,0.25,25.001
30.379,0.25,25.001
30.38,0.25,25.001
30.381,0.25,25.001
30.382,0.25,25.001
30.383,0.25,25.001
30.384,0.25,25.001
30.385,0.25,25.001
30.386,0.25,25.001
30.387,0.25,25.001
30.388,0.25,25.001
30.389,0.25,25.001
30.39,0.25,25.001
30.391,0.25,25.001
30.392,0.25,25.001
30.393,0.25,25.001
30.394,0.25,25.001
30.395,0.25,25.001
30.396,0.25,25.001
30.397,0.25,25.001
30.398,0.25,25.001
30.399,0.25,25.001
30.4,0.25,25.001
30.401,0.25,25.001
30.402,0.25,25.001
30.403,0.25,25.001
30.404,0.25,25.001
30.405,0.25,25.001
30.406,0.25,25.001
30.407,0.25,25.001
30.408,0.25,25.001
30.409,0.25,25.001
30.41,0.25,25.001
30.411,0.25,25.001
30.412,0.25,25.001
30.413,0.25,25.001
30.414,0.25,25.001
30.415,0.25,25.001
30.416,0.25,25.001
30.417,0.25,25.001
30.418,0.25,25.001
30.419,0.25,25.001
30.42,0.25,25.001
30.421,0.25,25.001
30.422,0.25,25.001
30.423,0.25,25.001
30.424,0.25,25.001
30.425,0.25,25.001
30.426,0.25,25.001
30.427,0.25,25.001
30.428,0.25,25.001
30.429,0.25,25.001
30.43,0.25,25.001
30.431,0.25,25.001
30.432,0.25,25.001
30.433,0.25,25.001
30.434,0.25,25.001
30.435,0.25,25.001
30.436,0.25,25.001
30.437,0.25,25.001
30.438,0.25,25.001
30.439,0.25,25.001
30.44,0.25,25.001
30.441,0.25,25.001
30.442,0.25,25.001
30.443,0.25,25.001
30.444,0.25,25.001
30.445,0.25,25.001
30.446,0.25,25.001
30.447,0.25,25.001
30.448,0.25,25.001
30.449,0.25,25.001
30.45,0.25,25.001
30.451,0.25,25.001
30.452,0.25,25.001
30.453,0.25,25.001
30.454,0.25,25.001
30.455,0.25,25.001
30.456,0.25,25.001
30.457,0.25,25.001
30.458,0.25,25.001
30.459,0.25,25.001
30.46,0.25,25.001
30.461,0.25,25.001
30.462,0.25,25.001
30.463,0.25,25.001
30.464,0.25,25.001
30.465,0.25,25.001
30.466,0.25,25.001
30.467,0.25,25.001
30.468,0.25,25.001
30.469,0.25,25.001
30.47,0.25,25.001
30.471,0.25,25.001
30.472,0.25,25.001
30.473,0.25,25.001
30.474,0.25,25.001
30.475,0.25,25.001
30.476,0.25,25.001
30.477,0.25,25.001
30.478,0.25,25.001
30.479,0.25,25.001
30.48,0.25,25.001
30.481,0.25,25.001
30.482,0.25,25.001
30.483,0.25,25.001
30.484,0.25,25.001
30.485,0.25,25.001
30.486,0.25,25.001
30.487,0.25,25.001
30.488,0.25,25.001
30.489,0.25,25.001
30.49,0.25,25.001
30.491,0.25,25.001
30.492,0.25,25.001
30.493,0.25,25.001
30.494,0.25,25.001
30.495,0.25,25.001
30.496,0.25,25.001
30.497,0.25,25.001
30.498,0.25,25.001
30.499,0.25,25.001
30.5,0.25,25.001
30.501,0.25,25.001
30.502,0.25,25.001
30.503,0.25,25.001
30.504,0.25,25.001
30.505,0.25,25.001
30.506,0.25,25.001
30.507,0.25,25.001
30.508,0.25,25.001
30.509,0.25,25.001
30.51,0.25,25.001
30.511,0.25,25.001
30.512,0.25,25.001
30.513,0.25,25.001
30.514,0.25,25.001
30.515,0.25,25.001
30.516,0.25,25.001
30.517,0.25,25.001
30.518,0.25,25.001
30.519,0.25,25.001
30.52,0.25,25.001
30.521,0.25,25.001
30.522,0.25,25.001
30.523,0.25,25.001
30.524,0.25,25.001
30.525,0.25,25.001
30.526,0.25,25.001
30.527,0.25,25.001
30.528,0.25,25.001
30.529,0.25,25.001
30.53,0.25,25.001
30.531,0.25,25.001
30.532,0.25,25.001
30.533,0.25,25.001
30.534,0.25,25.001
30.535,0.25,25.001
30.536,0.25,25.001
30.537,0.25,25.001
30.538,0.25,25.001
30.539,0.25,25.001
30.54,0.25,25.001
30.541,0.25,25.001
30.542,0.25,25.001
30.543,0.25,25.001
30.544,0.25,25.001
30.545,0.25,25.001
30.546,0.25,25.001
30.547,0.25,25.001
30.548,0.25,25.001
30.549,0.25,25.001
30.55,0.25,25.001
30.551,0.25,25.001
30.552,0.25,25.001
30.553,0.25,25.001
30.554,0.25,25.001
30.555,0.25,25.001
30.556,0.25,25.001
30.557,0.25,25.001
30.558,0.25,25.001
30.559,0.25,25.001
30.56,0.25,25.001
30.561,0.25,25.001
30.562,0.25,25.001
30.563,0.25,25.001
30.564,0.25,25.001
30.565,0.25,25.001
30.566,0.25,25.001
30.567,0.25,25.001
30.568,0.25,25.001
30.569,0.25,25.001
30.57,0.25,25.001
30.571,0.25,25.001
30.572,0.25,25.001
30.573,0.25,25.001
30.574,0.25,25.001
30.575,0.25,25.001
30.576,0.25,25.001
30.577,0.25,25.001
30.578,0.25,25.001
30.579,0.25,25.001
30.58,0.25,25.001
30.581,0.25,25.001
30.582,0.25,25.001
30.583,0.25,25.001
30.584,0.25,25.001
30.585,0.25,25.001
30.586,0.25,25.001
30.587,0.25,25.001
30.588,0.25,25.001
30.589,0.25,25.001
30.59,0.25,25.001
30.591,0.25,25.001
30.592,0.25,25.001
30.593,0.25,25.001
30.594,0.25,25.001
30.595,0.25,25.001
30.596,0.25,25.001
30.597,0.25,25.001
30.598,0.25,25.001
30.599,0.25,25.001
30.6,0.25,25.001
30.601,0.25,25.001
30.602,0.25,25.001
30.603,0.25,25.001
30.604,0.25,25.001
30.605,0.25,25.001
30.606,0.25,25.001
30.607,0.25,25.001
30.608,0.25,25.001
30.609,0.25,25.001
30.61,0.25,25.001
30.611,0.25,25.001
30.612,0.25,25.001
30.613,0.25,25.001
30.614,0.25,25.001
30.615,0.25,25.001
30.616,0.25,25.001
30.617,0.25,25.001
30.618,0.25,25.001
30.619,0.25,25.001
30.62,0.25,25.001
30.621,0.25,25.001
30.622,0.25,25.001
30.623,0.25,25.001
30.624,0.25,25.001
30.625,0.25,25.001
30.626,0.25,25.001
30.627,0.25,25.001
30.628,0.25,25.001
30.629,0.25,25.001
30.63,0.25,25.001
30.631,0.25,25.001
30.632,0.25,25.001
30.633,0.25,25.001
30.634,0.25,25.001
30.635,0.25,25.001
30.636,0.25,25.001
30.637,0.25,25.001
30.638,0.25,25.001
30.639,0.25,25.001
30.64,0.25,25.001
30.641,0.25,25.001
30.642,0.25,25.001
30.643,0.25,25.001
30.644,0.25,25.001
30.645,0.25,25.001
30.646,0.25,25.001
30.647,0.25,25.001
30.648,0.25,25.001
30.649,0.25,25.001
30.65,0.25,25.001
30.651,0.25,25.001
30.652,0.25,25.001
30.653,0.25,25.001
30.654,0.25,25.001
30.655,0.25,25.001
30.656,0.25,25.001
30.657,0.25,25.001
30.658,0.25,25.001
30.659,0.25,25.001
30.66,0.25,25.001
30.661,0.25,25.001
30.662,0.25,25.001
30.663,0.25,25.001
30.664,0.25,25.001
30.665,0.25,25.001
30.666,0.25,25.001
30.667,0.25,25.001
30.668,0.25,25.001
30.669,0.25,25.001
30.67,0.25,25.001
30.671,0.25,25.001
30.672,0.25,25.001
30.673,0.25,25.001
30.674,0.25,25.001
30.675,0.25,25.001
30.676,0.25,25.001
30.677,0.25,25.001
30.678,0.25,25.001
30.679,0.25,25.001
30.68,0.25,25.001
30.681,0.25,25.001
30.682,0.25,25.001
30.683,0.25,25.001
30.684,0.25,25.001
30.685,0.25,25.001
30.686,0.25,25.001
30.687,0.25,25.001
30.688,0.25,25.001
30.689,0.25,25.001
30.69,0.25,25.001
30.691,0.25,25.001
30.692,0.25,25.001
30.693,0.25,25.001
30.694,0.25,25.001
30.695,0.25,25.001
30.696,0.25,25.001
30.697,0.25,25.001
30.698,0.25,25.001
30.699,0.25,25.001
30.7,0.25,25.001
30.701,0.25,25.001
30.702,0.25,25.001
30.703,0.25,25.001
30.704,0.25,25.001
30.705,0.25,25.001
30.706,0.25,25.001
30.707,0.25,25.001
30.708,0.25,25.001
30.709,0.25,25.001
30.71,0.25,25.001
30.711,0.25,25.001
30.712,0.25,25.001
30.713,0.25,25.001
30.714,0.25,25.001
30.715,0.25,25.001
30.716,0.25,25.001
30.717,0.25,25.001
30.718,0.25,25.001
30.719,0.25,25.001
30.72,0.25,25.001
30.721,0.25,25.001
30.722,0.25,25.001
30.723,0.25,25.001
30.724,0.25,25.001
30.725,0.25,25.001
30.726,0.25,25.001
30.727,0.25,25.001
30.728,0.25,25.001
30.729,0.25,25.001
30.73,0.25,25.001
30.731,0.25,25.001
30.732,0.25,25.001
30.733,0.25,25.001
30.734,0.25,25.001
30.735,0.25,25.001
30.736,0.25,25.001
30.737,0.25,25.001
30.738,0.25,25.001
30.739,0.25,25.001
30.74,0.25,25.001
30.741,0.25,25.001
30.742,0.25,25.001
30.743,0.25,25.001
30.744,0.25,25.001
30.745,0.25,25.001
30.746,0.25,25.001
30.747,0.25,25.001
30.748,0.25,25.001
30.749,0.25,25.001
30.75,0.25,25.001
30.751,0.25,25.001
30.752,0.25,25.001
30.753,0.25,25.001
30.754,0.25,25.001
30.755,0.25,25.001
30.756,0.25,25.001
30.757,0.25,25.001
30.758,0.25,25.001
30.759,0.25,25.001
30.76,0.25,25.001
30.761,0.25,25.001
30.762,0.25,25.001
30.763,0.25,25.001
30.764,0.25,25.001
30.765,0.25,25.001
30.766,0.25,25.001
30.767,0.25,25.001
30.768,0.25,25.001
30.769,0.25,25.001
30.77,0.25,25.001
30.771,0.25,25.001
30.772,0.25,25.001
30.773,0.25,25.001
30.774,0.25,25.001
30.775,0.25,25.001
30.776,0.25,25.001
30.777,0.25,25.001
30.778,0.25,25.001
30.779,0.25,25.001
30.78,0.25,25.001
30.781,0.25,25.001
30.782,0.25,25.001
30.783,0.25,25.001
30.784,0.25,25.001
30.785,0.25,25.001
30.786,0.25,25.001
30.787,0.25,25.001
30.788,0.25,25.001
30.789,0.25,25.001
30.79,0.25,25.001
30.791,0.25,25.001
30.792,0.25,25.001
30.793,0.25,25.001
30.794,0.25,25.001
30.795,0.25,25.001
30.796,0.25,25.001
30.797,0.25,25.001
30.798,0.25,25.001
30.799,0.25,25.001
30.8,0.25,25.001
30.801,0.25,25.001
30.802,0.25,25.001
30.803,0.25,25.001
30.804,0.25,25.001
30.805,0.25,25.001
30.806,0.25,25.001
30.807,0.25,25.001
30.808,0.25,25.001
30.809,0.25,25.001
30.81,0.25,25.001
30.811,0.25,25.001
30.812,0.25,25.001
30.813,0.25,25.001
30.814,0.25,25.001
30.815,0.25,25.001
30.816,0.25,25.001
30.817,0.25,25.001
30.818,0.25,25.001
30.819,0.25,25.001
30.82,0.25,25.001
30.821,0.25,25.001
30.822,0.25,25.001
30.823,0.25,25.001
30.824,0.25,25.001
30.825,0.25,25.001
30.826,0.25,25.001
30.827,0.25,25.001
30.828,0.25,25.001
30.829,0.25,25.001
30.83,0.25,25.001
30.831,0.25,25.001
30.832,0.25,25.001
30.833,0.25,25.001
30.834,0.25,25.001
30.835,0.25,25.001
30.836,0.25,25.001
30.837,0.25,25.001
30.838,0.25,25.001
30.839,0.25,25.001
30.84,0.25,25.001
30.841,0.25,25.001
30.842,0.25,25.001
30.843,0.25,25.001
30.844,0.25,25.001
30.845,0.25,25.001
30.846,0.25,25.001
30.847,0.25,25.001
30.848,0.25,25.001
30.849,0.25,25.001
30.85,0.25,25.001
30.851,0.25,25.001
30.852,0.25,25.001
30.853,0.25,25.001
30.854,0.25,25.001
30.855,0.25,25.001
30.856,0.25,25.001
30.857,0.25,25.001
30.858,0.25,25.001
30.859,0.25,25.001
30.86,0.25,25.001
30.861,0.25,25.001
30.862,0.25,25.001
30.863,0.25,25.001
30.864,0.25,25.001
30.865,0.25,25.001
30.866,0.25,25.001
30.867,0.25,25.001
30.868,0.25,25.001
30.869,0.25,25.001
30.87,0.25,25.001
30.871,0.25,25.001
30.872,0.25,25.001
30.873,0.25,25.001
30.874,0.25,25.001
30.875,0.25,25.001
30.876,0.25,25.001
30.877,0.25,25.001
30.878,0.25,25.001
30.879,0.25,25.001
30.88,0.25,25.001
30.881,0.25,25.001
30.882,0.25,25.001
30.883,0.25,25.001
30.884,0.25,25.001
30.885,0.25,25.001
30.886,0.25,25.001
30.887,0.25,25.001
30.888,0.25,25.001
30.889,0.25,25.001
30.89,0.25,25.001
30.891,0.25,25.001
30.892,0.25,25.001
30.893,0.25,25.001
30.894,0.25,25.001
30.895,0.25,25.001
30.896,0.25,25.001
30.897,0.25,25.001
30.898,0.25,25.001
30.899,0.25,25.001
30.9,0.25,25.001
30.901,0.25,25.001
30.902,0.25,25.001
30.903,0.25,25.001
30.904,0.25,25.001
30.905,0.25,25.001
30.906,0.25,25.001
30.907,0.25,25.001
30.908,0.25,25.001
30.909,0.25,25.001
30.91,0.25,25.001
30.911,0.25,25.001
30.912,0.25,25.001
30.913,0.25,25.001
30.914,0.25,25.001
30.915,0.25,25.001
30.916,0.25,25.001
30.917,0.25,25.001
30.918,0.25,25.001
30.919,0.25,25.001
30.92,0.25,25.001
30.921,0.25,25.001
30.922,0.25,25.001
30.923,0.25,25.001
30.924,0.25,25.001
30.925,0.25,25.001
30.926,0.25,25.001
30.927,0.25,25.001
30.928,0.25,25.001
30.929,0.25,25.001
30.93,0.25,25.001
30.931,0.25,25.001
30.932,0.25,25.001
30.933,0.25,25.001
30.934,0.25,25.001
30.935,0.25,25.001
30.936,0.25,25.001
30.937,0.25,25.001
30.938,0.25,25.001
30.939,0.25,25.001
30.94,0.25,25.001
30.941,0.25,25.001
30.942,0.25,25.001
30.943,0.25,25.001
30.944,0.25,25.001
30.945,0.25,25.001
30.946,0.25,25.001
30.947,0.25,25.001
30.948,0.25,25.001
30.949,0.25,25.001
30.95,0.25,25.001
30.951,0.25,25.001
30.952,0.25,25.001
30.953,0.25,25.001
30.954,0.25,25.001
30.955,0.25,25.001
30.956,0.25,25.001
30.957,0.25,25.001
30.958,0.25,25.001
30.959,0.25,25.001
30.96,0.25,25.001
30.961,0.25,25.001
30.962,0.25,25.001
30.963,0.25,25.001
30.964,0.25,25.001
30.965,0.25,25.001
30.966,0.25,25.001
30.967,0.25,25.001
30.968,0.25,25.001
30.969,0.25,25.001
30.97,0.25,25.001
30.971,0.25,25.001
30.972,0.25,25.001
30.973,0.25,25.001
30.974,0.25,25.001
30.975,0.25,25.001
30.976,0.25,25.001
30.977,0.25,25.001
30.978,0.25,25.001
30.979,0.25,25.001
30.98,0.25,25.001
30.981,0.25,25.001
30.982,0.25,25.001
30.983,0.25,25.001
30.984,0.25,25.001
30.985,0.25,25.001
30.986,0.25,25.001
30.987,0.25,25.001
30.988,0.25,25.001
30.989,0.25,25.001
30.99,0.25,25.001
30.991,0.25,25.001
30.992,0.25,25.001
30.993,0.25,25.001
30.994,0.25,25.001
30.995,0.25,25.001
30.996,0.25,25.001
30.997,0.25,25.001
30.998,0.25,25.001
30.999,0.25,25.001
31,0.25,25.001
31.001,0.25,25.001
31.002,0.25,25.001
31.003,0.25,25.001
31.004,0.25,25.001
31.005,0.25,25.001
31.006,0.25,25.001
31.007,0.25,25.001
31.008,0.25,25.001
31.009,0.25,25.001
31.01,0.25,25.001
31.011,0.25,25.001
31.012,0.25,25.001
31.013,0.25,25.001
31.014,0.25,25.001
31.015,0.25,25.001
31.016,0.25,25.001
31.017,0.25,25.001
31.018,0.25,25.001
31.019,0.25,25.001
31.02,0.25,25.001
31.021,0.25,25.001
31.022,0.25,25.001
31.023,0.25,25.001
31.024,0.25,25.001
31.025,0.25,25.001
31.026,0.25,25.001
31.027,0.25,25.001
31.028,0.25,25.001
31.029,0.25,25.001
31.03,0.25,25.001
31.031,0.25,25.001
31.032,0.25,25.001
31.033,0.25,25.001
31.034,0.25,25.001
31.035,0.25,25.001
31.036,0.25,25.001
31.037,0.25,25.001
31.038,0.25,25.001
31.039,0.25,25.001
31.04,0.25,25.001
31.041,0.25,25.001
31.042,0.25,25.001
31.043,0.25,25.001
31.044,0.25,25.001
31.045,0.25,25.001
31.046,0.25,25.001
31.047,0.25,25.001
31.048,0.25,25.001
31.049,0.25,25.001
31.05,0.25,25.001
31.051,0.25,25.001
31.052,0.25,25.001
31.053,0.25,25.001
31.054,0.25,25.001
31.055,0.25,25.001
31.056,0.25,25.001
31.057,0.25,25.001
31.058,0.25,25.001
31.059,0.25,25.001
31.06,0.25,25.001
31.061,0.25,25.001
31.062,0.25,25.001
31.063,0.25,25.001
31.064,0.25,25.001
31.065,0.25,25.001
31.066,0.25,25.001
31.067,0.25,25.001
31.068,0.25,25.001
31.069,0.25,25.001
31.07,0.25,25.001
31.071,0.25,25.001
31.072,0.25,25.001
31.073,0.25,25.001
31.074,0.25,25.001
31.075,0.25,25.001
31.076,0.25,25.001
31.077,0.25,25.001
31.078,0.25,25.001
31.079,0.25,25.001
31.08,0.25,25.001
31.081,0.25,25.001
31.082,0.25,25.001
31.083,0.25,25.001
31.084,0.25,25.001
31.085,0.25,25.001
31.086,0.25,25.001
31.087,0.25,25.001
31.088,0.25,25.001
31.089,0.25,25.001
31.09,0.25,25.001
31.091,0.25,25.001
31.092,0.25,25.001
31.093,0.25,25.001
31.094,0.25,25.001
31.095,0.25,25.001
31.096,0.25,25.001
31.097,0.25,25.001
31.098,0.25,25.001
31.099,0.25,25.001
31.1,0.25,25.001
31.101,0.25,25.001
31.102,0.25,25.001
31.103,0.25,25.001
31.104,0.25,25.001
31.105,0.25,25.001
31.106,0.25,25.001
31.107,0.25,25.001
31.108,0.25,25.001
31.109,0.25,25.001
31.11,0.25,25.001
31.111,0.25,25.001
31.112,0.25,25.001
31.113,0.25,25.001
31.114,0.25,25.001
31.115,0.25,25.001
31.116,0.25,25.001
31.117,0.25,25.001
31.118,0.25,25.001
31.119,0.25,25.001
31.12,0.25,25.001
31.121,0.25,25.001
31.122,0.25,25.001
31.123,0.25,25.001
31.124,0.25,25.001
31.125,0.25,25.001
31.126,0.25,25.001
31.127,0.25,25.001
31.128,0.25,25.001
31.129,0.25,25.001
31.13,0.25,25.001
31.131,0.25,25.001
31.132,0.25,25.001
31.133,0.25,25.001
31.134,0.25,25.001
31.135,0.25,25.001
31.136,0.25,25.001
31.137,0.25,25.001
31.138,0.25,25.001
31.139,0.25,25.001
31.14,0.25,25.001
31.141,0.25,25.001
31.142,0.25,25.001
31.143,0.25,25.001
31.144,0.25,25.001
31.145,0.25,25.001
31.146,0.25,25.001
31.147,0.25,25.001
31.148,0.25,25.001
31.149,0.25,25.001
31.15,0.25,25.001
31.151,0.25,25.001
31.152,0.25,25.001
31.153,0.25,25.001
31.154,0.25,25.001
31.155,0.25,25.001
31.156,0.25,25.001
31.157,0.25,25.001
31.158,0.25,25.001
31.159,0.25,25.001
31.16,0.25,25.001
31.161,0.25,25.001
31.162,0.25,25.001
31.163,0.25,25.001
31.164,0.25,25.001
31.165,0.25,25.001
31.166,0.25,25.001
31.167,0.25,25.001
31.168,0.25,25.001
31.169,0.25,25.001
31.17,0.25,25.001
31.171,0.25,25.001
31.172,0.25,25.001
31.173,0.25,25.001
31.174,0.25,25.001
31.175,0.25,25.001
31.176,0.25,25.001
31.177,0.25,25.001
31.178,0.25,25.001
31.179,0.25,25.001
31.18,0.25,25.001
31.181,0.25,25.001
31.182,0.25,25.001
31.183,0.25,25.001
31.184,0.25,25.001
31.185,0.25,25.001
31.186,0.25,25.001
31.187,0.25,25.001
31.188,0.25,25.001
31.189,0.25,25.001
31.19,0.25,25.001
31.191,0.25,25.001
31.192,0.25,25.001
31.193,0.25,25.001
31.194,0.25,25.001
31.195,0.25,25.001
31.196,0.25,25.001
31.197,0.25,25.001
31.198,0.25,25.001
31.199,0.25,25.001
31.2,0.25,25.001
31.201,0.25,25.001
31.202,0.25,25.001
31.203,0.25,25.001
31.204,0.25,25.001
31.205,0.25,25.001
31.206,0.25,25.001
31.207,0.25,25.001
31.208,0.25,25.001
31.209,0.25,25.001
31.21,0.25,25.001
31.211,0.25,25.001
31.212,0.25,25.001
31.213,0.25,25.001
31.214,0.25,25.001
31.215,0.25,25.001
31.216,0.25,25.001
31.217,0.25,25.001
31.218,0.25,25.001
31.219,0.25,25.001
31.22,0.25,25.001
31.221,0.25,25.001
31.222,0.25,25.001
31.223,0.25,25.001
31.224,0.25,25.001
31.225,0.25,25.001
31.226,0.25,25.001
31.227,0.25,25.001
31.228,0.25,25.001
31.229,0.25,25.001
31.23,0.25,25.001
31.231,0.25,25.001
31.232,0.25,25.001
31.233,0.25,25.001
31.234,0.25,25.001
31.235,0.25,25.001
31.236,0.25,25.001
31.237,0.25,25.001
31.238,0.25,25.001
31.239,0.25,25.001
31.24,0.25,25.001
31.241,0.25,25.001
31.242,0.25,25.001
31.243,0.25,25.001
31.244,0.25,25.001
31.245,0.25,25.001
31.246,0.25,25.001
31.247,0.25,25.001
31.248,0.25,25.001
31.249,0.25,25.001
31.25,0.25,25.001
31.251,0.25,25.001
31.252,0.25,25.001
31.253,0.25,25.001
31.254,0.25,25.001
31.255,0.25,25.001
31.256,0.25,25.001
31.257,0.25,25.001
31.258,0.25,25.001
31.259,0.25,25.001
31.26,0.25,25.001
31.261,0.25,25.001
31.262,0.25,25.001
31.263,0.25,25.001
31.264,0.25,25.001
31.265,0.25,25.001
31.266,0.25,25.001
31.267,0.25,25.001
31.268,0.25,25.001
31.269,0.25,25.001
31.27,0.25,25.001
31.271,0.25,25.001
31.272,0.25,25.001
31.273,0.25,25.001
31.274,0.25,25.001
31.275,0.25,25.001
31.276,0.25,25.001
31.277,0.25,25.001
31.278,0.25,25.001
31.279,0.25,25.001
31.28,0.25,25.001
31.281,0.25,25.001
31.282,0.25,25.001
31.283,0.25,25.001
31.284,0.25,25.001
31.285,0.25,25.001
31.286,0.25,25.001
31.287,0.25,25.001
31.288,0.25,25.001
31.289,0.25,25.001
31.29,0.25,25.001
31.291,0.25,25.001
31.292,0.25,25.001
31.293,0.25,25.001
31.294,0.25,25.001
31.295,0.25,25.001
31.296,0.25,25.001
31.297,0.25,25.001
31.298,0.25,25.001
31.299,0.25,25.001
31.3,0.25,25.001
31.301,0.25,25.001
31.302,0.25,25.001
31.303,0.25,25.001
31.304,0.25,25.001
31.305,0.25,25.001
31.306,0.25,25.001
31.307,0.25,25.001
31.308,0.25,25.001
31.309,0.25,25.001
31.31,0.25,25.001
31.311,0.25,25.001
31.312,0.25,25.001
31.313,0.25,25.001
31.314,0.25,25.001
31.315,0.25,25.001
31.316,0.25,25.001
31.317,0.25,25.001
31.318,0.25,25.001
31.319,0.25,25.001
31.32,0.25,25.001
31.321,0.25,25.001
31.322,0.25,25.001
31.323,0.25,25.001
31.324,0.25,25.001
31.325,0.25,25.001
31.326,0.25,25.001
31.327,0.25,25.001
31.328,0.25,25.001
31.329,0.25,25.001
31.33,0.25,25.001
31.331,0.25,25.001
31.332,0.25,25.001
31.333,0.25,25.001
31.334,0.25,25.001
31.335,0.25,25.001
31.336,0.25,25.001
31.337,0.25,25.001
31.338,0.25,25.001
31.339,0.25,25.001
31.34,0.25,25.001
31.341,0.25,25.001
31.342,0.25,25.001
31.343,0.25,25.001
31.344,0.25,25.001
31.345,0.25,25.001
31.346,0.25,25.001
31.347,0.25,25.001
31.348,0.25,25.001
31.349,0.25,25.001
31.35,0.25,25.001
31.351,0.25,25.001
31.352,0.25,25.001
31.353,0.25,25.001
31.354,0.25,25.001
31.355,0.25,25.001
31.356,0.25,25.001
31.357,0.25,25.001
31.358,0.25,25.001
31.359,0.25,25.001
31.36,0.25,25.001
31.361,0.25,25.001
31.362,0.25,25.001
31.363,0.25,25.001
31.364,0.25,25.001
31.365,0.25,25.001
31.366,0.25,25.001
31.367,0.25,25.001
31.368,0.25,25.001
31.369,0.25,25.001
31.37,0.25,25.001
31.371,0.25,25.001
31.372,0.25,25.001
31.373,0.25,25.001
31.374,0.25,25.001
31.375,0.25,25.001
31.376,0.25,25.001
31.377,0.25,25.001
31.378,0.25,25.001
31.379,0.25,25.001
31.38,0.25,25.001
31.381,0.25,25.001
31.382,0.25,25.001
31.383,0.25,25.001
31.384,0.25,25.001
31.385,0.25,25.001
31.386,0.25,25.001
31.387,0.25,25.001
31.388,0.25,25.001
31.389,0.25,25.001
31.39,0.25,25.001
31.391,0.25,25.001
31.392,0.25,25.001
31.393,0.25,25.001
31.394,0.25,25.001
31.395,0.25,25.001
31.396,0.25,25.001
31.397,0.25,25.001
31.398,0.25,25.001
31.399,0.25,25.001
31.4,0.25,25.001
31.401,0.25,25.001
31.402,0.25,25.001
31.403,0.25,25.001
31.404,0.25,25.001
31.405,0.25,25.001
31.406,0.25,25.001
31.407,0.25,25.001
31.408,0.25,25.001
31.409,0.25,25.001
31.41,0.25,25.001
31.411,0.25,25.001
31.412,0.25,25.001
31.413,0.25,25.001
31.414,0.25,25.001
31.415,0.25,25.001
31.416,0.25,25.001
31.417,0.25,25.001
31.418,0.25,25.001
31.419,0.25,25.001
31.42,0.25,25.001
31.421,0.25,25.001
31.422,0.25,25.001
31.423,0.25,25.001
31.424,0.25,25.001
31.425,0.25,25.001
31.426,0.25,25.001
31.427,0.25,25.001
31.428,0.25,25.001
31.429,0.25,25.001
31.43,0.25,25.001
31.431,0.25,25.001
31.432,0.25,25.001
31.433,0.25,25.001
31.434,0.25,25.001
31.435,0.25,25.001
31.436,0.25,25.001
31.437,0.25,25.001
31.438,0.25,25.001
31.439,0.25,25.001
31.44,0.25,25.001
31.441,0.25,25.001
31.442,0.25,25.001
31.443,0.25,25.001
31.444,0.25,25.001
31.445,0.25,25.001
31.446,0.25,25.001
31.447,0.25,25.001
31.448,0.25,25.001
31.449,0.25,25.001
31.45,0.25,25.001
31.451,0.25,25.001
31.452,0.25,25.001
31.453,0.25,25.001
31.454,0.25,25.001
31.455,0.25,25.001
31.456,0.25,25.001
31.457,0.25,25.001
31.458,0.25,25.001
31.459,0.25,25.001
31.46,0.25,25.001
31.461,0.25,25.001
31.462,0.25,25.001
31.463,0.25,25.001
31.464,0.25,25.001
31.465,0.25,25.001
31.466,0.25,25.001
31.467,0.25,25.001
31.468,0.25,25.001
31.469,0.25,25.001
31.47,0.25,25.001
31.471,0.25,25.001
31.472,0.25,25.001
31.473,0.25,25.001
31.474,0.25,25.001
31.475,0.25,25.001
31.476,0.25,25.001
31.477,0.25,25.001
31.478,0.25,25.001
31.479,0.25,25.001
31.48,0.25,25.001
31.481,0.25,25.001
31.482,0.25,25.001
31.483,0.25,25.001
31.484,0.25,25.001
31.485,0.25,25.001
31.486,0.25,25.001
31.487,0.25,25.001
31.488,0.25,25.001
31.489,0.25,25.001
31.49,0.25,25.001
31.491,0.25,25.001
31.492,0.25,25.001
31.493,0.25,25.001
31.494,0.25,25.001
31.495,0.25,25.001
31.496,0.25,25.001
31.497,0.25,25.001
31.498,0.25,25.001
31.499,0.25,25.001
31.5,0.25,25.001
31.501,0.25,25.001
31.502,0.25,25.001
31.503,0.25,25.001
31.504,0.25,25.001
31.505,0.25,25.001
31.506,0.25,25.001
31.507,0.25,25.001
31.508,0.25,25.001
31.509,0.25,25.001
31.51,0.25,25.001
31.511,0.25,25.001
31.512,0.25,25.001
31.513,0.25,25.001
31.514,0.25,25.001
31.515,0.25,25.001
31.516,0.25,25.001
31.517,0.25,25.001
31.518,0.25,25.001
31.519,0.25,25.001
31.52,0.25,25.001
31.521,0.25,25.001
31.522,0.25,25.001
31.523,0.25,25.001
31.524,0.25,25.001
31.525,0.25,25.001
31.526,0.25,25.001
31.527,0.25,25.001
31.528,0.25,25.001
31.529,0.25,25.001
31.53,0.25,25.001
31.531,0.25,25.001
31.532,0.25,25.001
31.533,0.25,25.001
31.534,0.25,25.001
31.535,0.25,25.001
31.536,0.25,25.001
31.537,0.25,25.001
31.538,0.25,25.001
31.539,0.25,25.001
31.54,0.25,25.001
31.541,0.25,25.001
31.542,0.25,25.001
31.543,0.25,25.001
31.544,0.25,25.001
31.545,0.25,25.001
31.546,0.25,25.001
31.547,0.25,25.001
31.548,0.25,25.001
31.549,0.25,25.001
31.55,0.25,25.001
31.551,0.25,25.001
31.552,0.25,25.001
31.553,0.25,25.001
31.554,0.25,25.001
31.555,0.25,25.001
31.556,0.25,25.001
31.557,0.25,25.001
31.558,0.25,25.001
31.559,0.25,25.001
31.56,0.25,25.001
31.561,0.25,25.001
31.562,0.25,25.001
31.563,0.25,25.001
31.564,0.25,25.001
31.565,0.25,25.001
31.566,0.25,25.001
31.567,0.25,25.001
31.568,0.25,25.001
31.569,0.25,25.001
31.57,0.25,25.001
31.571,0.25,25.001
31.572,0.25,25.001
31.573,0.25,25.001
31.574,0.25,25.001
31.575,0.25,25.001
31.576,0.25,25.001
31.577,0.25,25.001
31.578,0.25,25.001
31.579,0.25,25.001
31.58,0.25,25.001
31.581,0.25,25.001
31.582,0.25,25.001
31.583,0.25,25.001
31.584,0.25,25.001
31.585,0.25,25.001
31.586,0.25,25.001
31.587,0.25,25.001
31.588,0.25,25.001
31.589,0.25,25.001
31.59,0.25,25.001
31.591,0.25,25.001
31.592,0.25,25.001
31.593,0.25,25.001
31.594,0.25,25.001
31.595,0.25,25.001
31.596,0.25,25.001
31.597,0.25,25.001
31.598,0.25,25.001
31.599,0.25,25.001
31.6,0.25,25.001
31.601,0.25,25.001
31.602,0.25,25.001
31.603,0.25,25.001
31.604,0.25,25.001
31.605,0.25,25.001
31.606,0.25,25.001
31.607,0.25,25.001
31.608,0.25,25.001
31.609,0.25,25.001
31.61,0.25,25.001
31.611,0.25,25.001
31.612,0.25,25.001
31.613,0.25,25.001
31.614,0.25,25.001
31.615,0.25,25.001
31.616,0.25,25.001
31.617,0.25,25.001
31.618,0.25,25.001
31.619,0.25,25.001
31.62,0.25,25.001
31.621,0.25,25.001
31.622,0.25,25.001
31.623,0.25,25.001
31.624,0.25,25.001
31.625,0.25,25.001
31.626,0.25,25.001
31.627,0.25,25.001
31.628,0.25,25.001
31.629,0.25,25.001
31.63,0.25,25.001
31.631,0.25,25.001
31.632,0.25,25.001
31.633,0.25,25.001
31.634,0.25,25.001
31.635,0.25,25.001
31.636,0.25,25.001
31.637,0.25,25.001
31.638,0.25,25.001
31.639,0.25,25.001
31.64,0.25,25.001
31.641,0.25,25.001
31.642,0.25,25.001
31.643,0.25,25.001
31.644,0.25,25.001
31.645,0.25,25.001
31.646,0.25,25.001
31.647,0.25,25.001
31.648,0.25,25.001
31.649,0.25,25.001
31.65,0.25,25.001
31.651,0.25,25.001
31.652,0.25,25.001
31.653,0.25,25.001
31.654,0.25,25.001
31.655,0.25,25.001
31.656,0.25,25.001
31.657,0.25,25.001
31.658,0.25,25.001
31.659,0.25,25.001
31.66,0.25,25.001
31.661,0.25,25.001
31.662,0.25,25.001
31.663,0.25,25.001
31.664,0.25,25.001
31.665,0.25,25.001
31.666,0.25,25.001
31.667,0.25,25.001
31.668,0.25,25.001
31.669,0.25,25.001
31.67,0.25,25.001
31.671,0.25,25.001
31.672,0.25,25.001
31.673,0.25,25.001
31.674,0.25,25.001
31.675,0.25,25.001
31.676,0.25,25.001
31.677,0.25,25.001
31.678,0.25,25.001
31.679,0.25,25.001
31.68,0.25,25.001
31.681,0.25,25.001
31.682,0.25,25.001
31.683,0.25,25.001
31.684,0.25,25.001
31.685,0.25,25.001
31.686,0.25,25.001
31.687,0.25,25.001
31.688,0.25,25.001
31.689,0.25,25.001
31.69,0.25,25.001
31.691,0.25,25.001
31.692,0.25,25.001
31.693,0.25,25.001
31.694,0.25,25.001
31.695,0.25,25.001
31.696,0.25,25.001
31.697,0.25,25.001
31.698,0.25,25.001
31.699,0.25,25.001
31.7,0.25,25.001
31.701,0.25,25.001
31.702,0.25,25.001
31.703,0.25,25.001
31.704,0.25,25.001
31.705,0.25,25.001
31.706,0.25,25.001
31.707,0.25,25.001
31.708,0.25,25.001
31.709,0.25,25.001
31.71,0.25,25.001
31.711,0.25,25.001
31.712,0.25,25.001
31.713,0.25,25.001
31.714,0.25,25.001
31.715,0.25,25.001
31.716,0.25,25.001
31.717,0.25,25.001
31.718,0.25,25.001
31.719,0.25,25.001
31.72,0.25,25.001
31.721,0.25,25.001
31.722,0.25,25.001
31.723,0.25,25.001
31.724,0.25,25.001
31.725,0.25,25.001
31.726,0.25,25.001
31.727,0.25,25.001
31.728,0.25,25.001
31.729,0.25,25.001
31.73,0.25,25.001
31.731,0.25,25.001
31.732,0.25,25.001
31.733,0.25,25.001
31.734,0.25,25.001
31.735,0.25,25.001
31.736,0.25,25.001
31.737,0.25,25.001
31.738,0.25,25.001
31.739,0.25,25.001
31.74,0.25,25.001
31.741,0.25,25.001
31.742,0.25,25.001
31.743,0.25,25.001
31.744,0.25,25.001
31.745,0.25,25.001
31.746,0.25,25.001
31.747,0.25,25.001
31.748,0.25,25.001
31.749,0.25,25.001
31.75,0.25,25.001
31.751,0.25,25.001
31.752,0.25,25.001
31.753,0.25,25.001
31.754,0.25,25.001
31.755,0.25,25.001
31.756,0.25,25.001
31.757,0.25,25.001
31.758,0.25,25.001
31.759,0.25,25.001
31.76,0.25,25.001
31.761,0.25,25.001
31.762,0.25,25.001
31.763,0.25,25.001
31.764,0.25,25.001
31.765,0.25,25.001
31.766,0.25,25.001
31.767,0.25,25.001
31.768,0.25,25.001
31.769,0.25,25.001
31.77,0.25,25.001
31.771,0.25,25.001
31.772,0.25,25.001
31.773,0.25,25.001
31.774,0.25,25.001
31.775,0.25,25.001
31.776,0.25,25.001
31.777,0.25,25.001
31.778,0.25,25.001
31.779,0.25,25.001
31.78,0.25,25.001
31.781,0.25,25.001
31.782,0.25,25.001
31.783,0.25,25.001
31.784,0.25,25.001
31.785,0.25,25.001
31.786,0.25,25.001
31.787,0.25,25.001
31.788,0.25,25.001
31.789,0.25,25.001
31.79,0.25,25.001
31.791,0.25,25.001
31.792,0.25,25.001
31.793,0.25,25.001
31.794,0.25,25.001
31.795,0.25,25.001
31.796,0.25,25.001
31.797,0.25,25.001
31.798,0.25,25.001
31.799,0.25,25.001
31.8,0.25,25.001
31.801,0.25,25.001
31.802,0.25,25.001
31.803,0.25,25.001
31.804,0.25,25.001
31.805,0.25,25.001
31.806,0.25,25.001
31.807,0.25,25.001
31.808,0.25,25.001
31.809,0.25,25.001
31.81,0.25,25.001
31.811,0.25,25.001
31.812,0.25,25.001
31.813,0.25,25.001
31.814,0.25,25.001
31.815,0.25,25.001
31.816,0.25,25.001
31.817,0.25,25.001
31.818,0.25,25.001
31.819,0.25,25.001
31.82,0.25,25.001
31.821,0.25,25.001
31.822,0.25,25.001
31.823,0.25,25.001
31.824,0.25,25.001
31.825,0.25,25.001
31.826,0.25,25.001
31.827,0.25,25.001
31.828,0.25,25.001
31.829,0.25,25.001
31.83,0.25,25.001
31.831,0.25,25.001
31.832,0.25,25.001
31.833,0.25,25.001
31.834,0.25,25.001
31.835,0.25,25.001
31.836,0.25,25.001
31.837,0.25,25.001
31.838,0.25,25.001
31.839,0.25,25.001
31.84,0.25,25.001
31.841,0.25,25.001
31.842,0.25,25.001
31.843,0.25,25.001
31.844,0.25,25.001
31.845,0.25,25.001
31.846,0.25,25.001
31.847,0.25,25.001
31.848,0.25,25.001
31.849,0.25,25.001
31.85,0.25,25.001
31.851,0.25,25.001
31.852,0.25,25.001
31.853,0.25,25.001
31.854,0.25,25.001
31.855,0.25,25.001
31.856,0.25,25.001
31.857,0.25,25.001
31.858,0.25,25.001
31.859,0.25,25.001
31.86,0.25,25.001
31.861,0.25,25.001
31.862,0.25,25.001
31.863,0.25,25.001
31.864,0.25,25.001
31.865,0.25,25.001
31.866,0.25,25.001
31.867,0.25,25.001
31.868,0.25,25.001
31.869,0.25,25.001
31.87,0.25,25.001
31.871,0.25,25.001
31.872,0.25,25.001
31.873,0.25,25.001
31.874,0.25,25.001
31.875,0.25,25.001
31.876,0.25,25.001
31.877,0.25,25.001
31.878,0.25,25.001
31.879,0.25,25.001
31.88,0.25,25.001
31.881,0.25,25.001
31.882,0.25,25.001
31.883,0.25,25.001
31.884,0.25,25.001
31.885,0.25,25.001
31.886,0.25,25.001
31.887,0.25,25.001
31.888,0.25,25.001
31.889,0.25,25.001
31.89,0.25,25.001
31.891,0.25,25.001
31.892,0.25,25.001
31.893,0.25,25.001
31.894,0.25,25.001
31.895,0.25,25.001
31.896,0.25,25.001
31.897,0.25,25.001
31.898,0.25,25.001
31.899,0.25,25.001
31.9,0.25,25.001
31.901,0.25,25.001
31.902,0.25,25.001
31.903,0.25,25.001
31.904,0.25,25.001
31.905,0.25,25.001
31.906,0.25,25.001
31.907,0.25,25.001
31.908,0.25,25.001
31.909,0.25,25.001
31.91,0.25,25.001
31.911,0.25,25.001
31.912,0.25,25.001
31.913,0.25,25.001
31.914,0.25,25.001
31.915,0.25,25.001
31.916,0.25,25.001
31.917,0.25,25.001
31.918,0.25,25.001
31.919,0.25,25.001
31.92,0.25,25.001
31.921,0.25,25.001
31.922,0.25,25.001
31.923,0.25,25.001
31.924,0.25,25.001
31.925,0.25,25.001
31.926,0.25,25.001
31.927,0.25,25.001
31.928,0.25,25.001
31.929,0.25,25.001
31.93,0.25,25.001
31.931,0.25,25.001
31.932,0.25,25.001
31.933,0.25,25.001
31.934,0.25,25.001
31.935,0.25,25.001
31.936,0.25,25.001
31.937,0.25,25.001
31.938,0.25,25.001
31.939,0.25,25.001
31.94,0.25,25.001
31.941,0.25,25.001
31.942,0.25,25.001
31.943,0.25,25.001
31.944,0.25,25.001
31.945,0.25,25.001
31.946,0.25,25.001
31.947,0.25,25.001
31.948,0.25,25.001
31.949,0.25,25.001
31.95,0.25,25.001
31.951,0.25,25.001
31.952,0.25,25.001
31.953,0.25,25.001
31.954,0.25,25.001
31.955,0.25,25.001
31.956,0.25,25.001
31.957,0.25,25.001
31.958,0.25,25.001
31.959,0.25,25.001
31.96,0.25,25.001
31.961,0.25,25.001
31.962,0.25,25.001
31.963,0.25,25.001
31.964,0.25,25.001
31.965,0.25,25.001
31.966,0.25,25.001
31.967,0.25,25.001
31.968,0.25,25.001
31.969,0.25,25.001
31.97,0.25,25.001
31.971,0.25,25.001
31.972,0.25,25.001
31.973,0.25,25.001
31.974,0.25,25.001
31.975,0.25,25.001
31.976,0.25,25.001
31.977,0.25,25.001
31.978,0.25,25.001
31.979,0.25,25.001
31.98,0.25,25.001
31.981,0.25,25.001
31.982,0.25,25.001
31.983,0.25,25.001
31.984,0.25,25.001
31.985,0.25,25.001
31.986,0.25,25.001
31.987,0.25,25.001
31.988,0.25,25.001
31.989,0.25,25.001
31.99,0.25,25.001
31.991,0.25,25.001
31.992,0.25,25.001
31.993,0.25,25.001
31.994,0.25,25.001
31.995,0.25,25.001
31.996,0.25,25.001
31.997,0.25,25.001
31.998,0.25,25.001
31.999,0.25,25.001
32,0.25,25.001
32.001,0.25,25.001
32.002,0.25,25.001
32.003,0.25,25.001
32.004,0.25,25.001
32.005,0.25,25.001
32.006,0.25,25.001
32.007,0.25,25.001
32.008,0.25,25.001
32.009,0.25,25.001
32.01,0.25,25.001
32.011,0.25,25.001
32.012,0.25,25.001
32.013,0.25,25.001
32.014,0.25,25.001
32.015,0.25,25.001
32.016,0.25,25.001
32.017,0.25,25.001
32.018,0.25,25.001
32.019,0.25,25.001
32.02,0.25,25.001
32.021,0.25,25.001
32.022,0.25,25.001
32.023,0.25,25.001
32.024,0.25,25.001
32.025,0.25,25.001
32.026,0.25,25.001
32.027,0.25,25.001
32.028,0.25,25.001
32.029,0.25,25.001
32.03,0.25,25.001
32.031,0.25,25.001
32.032,0.25,25.001
32.033,0.25,25.001
32.034,0.25,25.001
32.035,0.25,25.001
32.036,0.25,25.001
32.037,0.25,25.001
32.038,0.25,25.001
32.039,0.25,25.001
32.04,0.25,25.001
32.041,0.25,25.001
32.042,0.25,25.001
32.043,0.25,25.001
32.044,0.25,25.001
32.045,0.25,25.001
32.046,0.25,25.001
32.047,0.25,25.001
32.048,0.25,25.001
32.049,0.25,25.001
32.05,0.25,25.001
32.051,0.25,25.001
32.052,0.25,25.001
32.053,0.25,25.001
32.054,0.25,25.001
32.055,0.25,25.001
32.056,0.25,25.001
32.057,0.25,25.001
32.058,0.25,25.001
32.059,0.25,25.001
32.06,0.25,25.001
32.061,0.25,25.001
32.062,0.25,25.001
32.063,0.25,25.001
32.064,0.25,25.001
32.065,0.25,25.001
32.066,0.25,25.001
32.067,0.25,25.001
32.068,0.25,25.001
32.069,0.25,25.001
32.07,0.25,25.001
32.071,0.25,25.001
32.072,0.25,25.001
32.073,0.25,25.001
32.074,0.25,25.001
32.075,0.25,25.001
32.076,0.25,25.001
32.077,0.25,25.001
32.078,0.25,25.001
32.079,0.25,25.001
32.08,0.25,25.001
32.081,0.25,25.001
32.082,0.25,25.001
32.083,0.25,25.001
32.084,0.25,25.001
32.085,0.25,25.001
32.086,0.25,25.001
32.087,0.25,25.001
32.088,0.25,25.001
32.089,0.25,25.001
32.09,0.25,25.001
32.091,0.25,25.001
32.092,0.25,25.001
32.093,0.25,25.001
32.094,0.25,25.001
32.095,0.25,25.001
32.096,0.25,25.001
32.097,0.25,25.001
32.098,0.25,25.001
32.099,0.25,25.001
32.1,0.25,25.001
32.101,0.25,25.001
32.102,0.25,25.001
32.103,0.25,25.001
32.104,0.25,25.001
32.105,0.25,25.001
32.106,0.25,25.001
32.107,0.25,25.001
32.108,0.25,25.001
32.109,0.25,25.001
32.11,0.25,25.001
32.111,0.25,25.001
32.112,0.25,25.001
32.113,0.25,25.001
32.114,0.25,25.001
32.115,0.25,25.001
32.116,0.25,25.001
32.117,0.25,25.001
32.118,0.25,25.001
32.119,0.25,25.001
32.12,0.25,25.001
32.121,0.25,25.001
32.122,0.25,25.001
32.123,0.25,25.001
32.124,0.25,25.001
32.125,0.25,25.001
32.126,0.25,25.001
32.127,0.25,25.001
32.128,0.25,25.001
32.129,0.25,25.001
32.13,0.25,25.001
32.131,0.25,25.001
32.132,0.25,25.001
32.133,0.25,25.001
32.134,0.25,25.001
32.135,0.25,25.001
32.136,0.25,25.001
32.137,0.25,25.001
32.138,0.25,25.001
32.139,0.25,25.001
32.14,0.25,25.001
32.141,0.25,25.001
32.142,0.25,25.001
32.143,0.25,25.001
32.144,0.25,25.001
32.145,0.25,25.001
32.146,0.25,25.001
32.147,0.25,25.001
32.148,0.25,25.001
32.149,0.25,25.001
32.15,0.25,25.001
32.151,0.25,25.001
32.152,0.25,25.001
32.153,0.25,25.001
32.154,0.25,25.001
32.155,0.25,25.001
32.156,0.25,25.001
32.157,0.25,25.001
32.158,0.25,25.001
32.159,0.25,25.001
32.16,0.25,25.001
32.161,0.25,25.001
32.162,0.25,25.001
32.163,0.25,25.001
32.164,0.25,25.001
32.165,0.25,25.001
32.166,0.25,25.001
32.167,0.25,25.001
32.168,0.25,25.001
32.169,0.25,25.001
32.17,0.25,25.001
32.171,0.25,25.001
32.172,0.25,25.001
32.173,0.25,25.001
32.174,0.25,25.001
32.175,0.25,25.001
32.176,0.25,25.001
32.177,0.25,25.001
32.178,0.25,25.001
32.179,0.25,25.001
32.18,0.25,25.001
32.181,0.25,25.001
32.182,0.25,25.001
32.183,0.25,25.001
32.184,0.25,25.001
32.185,0.25,25.001
32.186,0.25,25.001
32.187,0.25,25.001
32.188,0.25,25.001
32.189,0.25,25.001
32.19,0.25,25.001
32.191,0.25,25.001
32.192,0.25,25.001
32.193,0.25,25.001
32.194,0.25,25.001
32.195,0.25,25.001
32.196,0.25,25.001
32.197,0.25,25.001
32.198,0.25,25.001
32.199,0.25,25.001
32.2,0.25,25.001
32.201,0.25,25.001
32.202,0.25,25.001
32.203,0.25,25.001
32.204,0.25,25.001
32.205,0.25,25.001
32.206,0.25,25.001
32.207,0.25,25.001
32.208,0.25,25.001
32.209,0.25,25.001
32.21,0.25,25.001
32.211,0.25,25.001
32.212,0.25,25.001
32.213,0.25,25.001
32.214,0.25,25.001
32.215,0.25,25.001
32.216,0.25,25.001
32.217,0.25,25.001
32.218,0.25,25.001
32.219,0.25,25.001
32.22,0.25,25.001
32.221,0.25,25.001
32.222,0.25,25.001
32.223,0.25,25.001
32.224,0.25,25.001
32.225,0.25,25.001
32.226,0.25,25.001
32.227,0.25,25.001
32.228,0.25,25.001
32.229,0.25,25.001
32.23,0.25,25.001
32.231,0.25,25.001
32.232,0.25,25.001
32.233,0.25,25.001
32.234,0.25,25.001
32.235,0.25,25.001
32.236,0.25,25.001
32.237,0.25,25.001
32.238,0.25,25.001
32.239,0.25,25.001
32.24,0.25,25.001
32.241,0.25,25.001
32.242,0.25,25.001
32.243,0.25,25.001
32.244,0.25,25.001
32.245,0.25,25.001
32.246,0.25,25.001
32.247,0.25,25.001
32.248,0.25,25.001
32.249,0.25,25.001
32.25,0.25,25.001
32.251,0.25,25.001
32.252,0.25,25.001
32.253,0.25,25.001
32.254,0.25,25.001
32.255,0.25,25.001
32.256,0.25,25.001
32.257,0.25,25.001
32.258,0.25,25.001
32.259,0.25,25.001
32.26,0.25,25.001
32.261,0.25,25.001
32.262,0.25,25.001
32.263,0.25,25.001
32.264,0.25,25.001
32.265,0.25,25.001
32.266,0.25,25.001
32.267,0.25,25.001
32.268,0.25,25.001
32.269,0.25,25.001
32.27,0.25,25.001
32.271,0.25,25.001
32.272,0.25,25.001
32.273,0.25,25.001
32.274,0.25,25.001
32.275,0.25,25.001
32.276,0.25,25.001
32.277,0.25,25.001
32.278,0.25,25.001
32.279,0.25,25.001
32.28,0.25,25.001
32.281,0.25,25.001
32.282,0.25,25.001
32.283,0.25,25.001
32.284,0.25,25.001
32.285,0.25,25.001
32.286,0.25,25.001
32.287,0.25,25.001
32.288,0.25,25.001
32.289,0.25,25.001
32.29,0.25,25.001
32.291,0.25,25.001
32.292,0.25,25.001
32.293,0.25,25.001
32.294,0.25,25.001
32.295,0.25,25.001
32.296,0.25,25.001
32.297,0.25,25.001
32.298,0.25,25.001
32.299,0.25,25.001
32.3,0.25,25.001
32.301,0.25,25.001
32.302,0.25,25.001
32.303,0.25,25.001
32.304,0.25,25.001
32.305,0.25,25.001
32.306,0.25,25.001
32.307,0.25,25.001
32.308,0.25,25.001
32.309,0.25,25.001
32.31,0.25,25.001
32.311,0.25,25.001
32.312,0.25,25.001
32.313,0.25,25.001
32.314,0.25,25.001
32.315,0.25,25.001
32.316,0.25,25.001
32.317,0.25,25.001
32.318,0.25,25.001
32.319,0.25,25.001
32.32,0.25,25.001
32.321,0.25,25.001
32.322,0.25,25.001
32.323,0.25,25.001
32.324,0.25,25.001
32.325,0.25,25.001
32.326,0.25,25.001
32.327,0.25,25.001
32.328,0.25,25.001
32.329,0.25,25.001
32.33,0.25,25.001
32.331,0.25,25.001
32.332,0.25,25.001
32.333,0.25,25.001
32.334,0.25,25.001
32.335,0.25,25.001
32.336,0.25,25.001
32.337,0.25,25.001
32.338,0.25,25.001
32.339,0.25,25.001
32.34,0.25,25.001
32.341,0.25,25.001
32.342,0.25,25.001
32.343,0.25,25.001
32.344,0.25,25.001
32.345,0.25,25.001
32.346,0.25,25.001
32.347,0.25,25.001
32.348,0.25,25.001
32.349,0.25,25.001
32.35,0.25,25.001
32.351,0.25,25.001
32.352,0.25,25.001
32.353,0.25,25.001
32.354,0.25,25.001
32.355,0.25,25.001
32.356,0.25,25.001
32.357,0.25,25.001
32.358,0.25,25.001
32.359,0.25,25.001
32.36,0.25,25.001
32.361,0.25,25.001
32.362,0.25,25.001
32.363,0.25,25.001
32.364,0.25,25.001
32.365,0.25,25.001
32.366,0.25,25.001
32.367,0.25,25.001
32.368,0.25,25.001
32.369,0.25,25.001
32.37,0.25,25.001
32.371,0.25,25.001
32.372,0.25,25.001
32.373,0.25,25.001
32.374,0.25,25.001
32.375,0.25,25.001
32.376,0.25,25.001
32.377,0.25,25.001
32.378,0.25,25.001
32.379,0.25,25.001
32.38,0.25,25.001
32.381,0.25,25.001
32.382,0.25,25.001
32.383,0.25,25.001
32.384,0.25,25.001
32.385,0.25,25.001
32.386,0.25,25.001
32.387,0.25,25.001
32.388,0.25,25.001
32.389,0.25,25.001
32.39,0.25,25.001
32.391,0.25,25.001
32.392,0.25,25.001
32.393,0.25,25.001
32.394,0.25,25.001
32.395,0.25,25.001
32.396,0.25,25.001
32.397,0.25,25.001
32.398,0.25,25.001
32.399,0.25,25.001
32.4,0.25,25.001
32.401,0.25,25.001
32.402,0.25,25.001
32.403,0.25,25.001
32.404,0.25,25.001
32.405,0.25,25.001
32.406,0.25,25.001
32.407,0.25,25.001
32.408,0.25,25.001
32.409,0.25,25.001
32.41,0.25,25.001
32.411,0.25,25.001
32.412,0.25,25.001
32.413,0.25,25.001
32.414,0.25,25.001
32.415,0.25,25.001
32.416,0.25,25.001
32.417,0.25,25.001
32.418,0.25,25.001
32.419,0.25,25.001
32.42,0.25,25.001
32.421,0.25,25.001
32.422,0.25,25.001
32.423,0.25,25.001
32.424,0.25,25.001
32.425,0.25,25.001
32.426,0.25,25.001
32.427,0.25,25.001
32.428,0.25,25.001
32.429,0.25,25.001
32.43,0.25,25.001
32.431,0.25,25.001
32.432,0.25,25.001
32.433,0.25,25.001
32.434,0.25,25.001
32.435,0.25,25.001
32.436,0.25,25.001
32.437,0.25,25.001
32.438,0.25,25.001
32.439,0.25,25.001
32.44,0.25,25.001
32.441,0.25,25.001
32.442,0.25,25.001
32.443,0.25,25.001
32.444,0.25,25.001
32.445,0.25,25.001
32.446,0.25,25.001
32.447,0.25,25.001
32.448,0.25,25.001
32.449,0.25,25.001
32.45,0.25,25.001
32.451,0.25,25.001
32.452,0.25,25.001
32.453,0.25,25.001
32.454,0.25,25.001
32.455,0.25,25.001
32.456,0.25,25.001
32.457,0.25,25.001
32.458,0.25,25.001
32.459,0.25,25.001
32.46,0.25,25.001
32.461,0.25,25.001
32.462,0.25,25.001
32.463,0.25,25.001
32.464,0.25,25.001
32.465,0.25,25.001
32.466,0.25,25.001
32.467,0.25,25.001
32.468,0.25,25.001
32.469,0.25,25.001
32.47,0.25,25.001
32.471,0.25,25.001
32.472,0.25,25.001
32.473,0.25,25.001
32.474,0.25,25.001
32.475,0.25,25.001
32.476,0.25,25.001
32.477,0.25,25.001
32.478,0.25,25.001
32.479,0.25,25.001
32.48,0.25,25.001
32.481,0.25,25.001
32.482,0.25,25.001
32.483,0.25,25.001
32.484,0.25,25.001
32.485,0.25,25.001
32.486,0.25,25.001
32.487,0.25,25.001
32.488,0.25,25.001
32.489,0.25,25.001
32.49,0.25,25.001
32.491,0.25,25.001
32.492,0.25,25.001
32.493,0.25,25.001
32.494,0.25,25.001
32.495,0.25,25.001
32.496,0.25,25.001
32.497,0.25,25.001
32.498,0.25,25.001
32.499,0.25,25.001
32.5,0.25,25.001
32.501,0.25,25.001
32.502,0.25,25.001
32.503,0.25,25.001
32.504,0.25,25.001
32.505,0.25,25.001
32.506,0.25,25.001
32.507,0.25,25.001
32.508,0.25,25.001
32.509,0.25,25.001
32.51,0.25,25.001
32.511,0.25,25.001
32.512,0.25,25.001
32.513,0.25,25.001
32.514,0.25,25.001
32.515,0.25,25.001
32.516,0.25,25.001
32.517,0.25,25.001
32.518,0.25,25.001
32.519,0.25,25.001
32.52,0.25,25.001
32.521,0.25,25.001
32.522,0.25,25.001
32.523,0.25,25.001
32.524,0.25,25.001
32.525,0.25,25.001
32.526,0.25,25.001
32.527,0.25,25.001
32.528,0.25,25.001
32.529,0.25,25.001
32.53,0.25,25.001
32.531,0.25,25.001
32.532,0.25,25.001
32.533,0.25,25.001
32.534,0.25,25.001
32.535,0.25,25.001
32.536,0.25,25.001
32.537,0.25,25.001
32.538,0.25,25.001
32.539,0.25,25.001
32.54,0.25,25.001
32.541,0.25,25.001
32.542,0.25,25.001
32.543,0.25,25.001
32.544,0.25,25.001
32.545,0.25,25.001
32.546,0.25,25.001
32.547,0.25,25.001
32.548,0.25,25.001
32.549,0.25,25.001
32.55,0.25,25.001
32.551,0.25,25.001
32.552,0.25,25.001
32.553,0.25,25.001
32.554,0.25,25.001
32.555,0.25,25.001
32.556,0.25,25.001
32.557,0.25,25.001
32.558,0.25,25.001
32.559,0.25,25.001
32.56,0.25,25.001
32.561,0.25,25.001
32.562,0.25,25.001
32.563,0.25,25.001
32.564,0.25,25.001
32.565,0.25,25.001
32.566,0.25,25.001
32.567,0.25,25.001
32.568,0.25,25.001
32.569,0.25,25.001
32.57,0.25,25.001
32.571,0.25,25.001
32.572,0.25,25.001
32.573,0.25,25.001
32.574,0.25,25.001
32.575,0.25,25.001
32.576,0.25,25.001
32.577,0.25,25.001
32.578,0.25,25.001
32.579,0.25,25.001
32.58,0.25,25.001
32.581,0.25,25.001
32.582,0.25,25.001
32.583,0.25,25.001
32.584,0.25,25.001
32.585,0.25,25.001
32.586,0.25,25.001
32.587,0.25,25.001
32.588,0.25,25.001
32.589,0.25,25.001
32.59,0.25,25.001
32.591,0.25,25.001
32.592,0.25,25.001
32.593,0.25,25.001
32.594,0.25,25.001
32.595,0.25,25.001
32.596,0.25,25.001
32.597,0.25,25.001
32.598,0.25,25.001
32.599,0.25,25.001
32.6,0.25,25.001
32.601,0.25,25.001
32.602,0.25,25.001
32.603,0.25,25.001
32.604,0.25,25.001
32.605,0.25,25.001
32.606,0.25,25.001
32.607,0.25,25.001
32.608,0.25,25.001
32.609,0.25,25.001
32.61,0.25,25.001
32.611,0.25,25.001
32.612,0.25,25.001
32.613,0.25,25.001
32.614,0.25,25.001
32.615,0.25,25.001
32.616,0.25,25.001
32.617,0.25,25.001
32.618,0.25,25.001
32.619,0.25,25.001
32.62,0.25,25.001
32.621,0.25,25.001
32.622,0.25,25.001
32.623,0.25,25.001
32.624,0.25,25.001
32.625,0.25,25.001
32.626,0.25,25.001
32.627,0.25,25.001
32.628,0.25,25.001
32.629,0.25,25.001
32.63,0.25,25.001
32.631,0.25,25.001
32.632,0.25,25.001
32.633,0.25,25.001
32.634,0.25,25.001
32.635,0.25,25.001
32.636,0.25,25.001
32.637,0.25,25.001
32.638,0.25,25.001
32.639,0.25,25.001
32.64,0.25,25.001
32.641,0.25,25.001
32.642,0.25,25.001
32.643,0.25,25.001
32.644,0.25,25.001
32.645,0.25,25.001
32.646,0.25,25.001
32.647,0.25,25.001
32.648,0.25,25.001
32.649,0.25,25.001
32.65,0.25,25.001
32.651,0.25,25.001
32.652,0.25,25.001
32.653,0.25,25.001
32.654,0.25,25.001
32.655,0.25,25.001
32.656,0.25,25.001
32.657,0.25,25.001
32.658,0.25,25.001
32.659,0.25,25.001
32.66,0.25,25.001
32.661,0.25,25.001
32.662,0.25,25.001
32.663,0.25,25.001
32.664,0.25,25.001
32.665,0.25,25.001
32.666,0.25,25.001
32.667,0.25,25.001
32.668,0.25,25.001
32.669,0.25,25.001
32.67,0.25,25.001
32.671,0.25,25.001
32.672,0.25,25.001
32.673,0.25,25.001
32.674,0.25,25.001
32.675,0.25,25.001
32.676,0.25,25.001
32.677,0.25,25.001
32.678,0.25,25.001
32.679,0.25,25.001
32.68,0.25,25.001
32.681,0.25,25.001
32.682,0.25,25.001
32.683,0.25,25.001
32.684,0.25,25.001
32.685,0.25,25.001
32.686,0.25,25.001
32.687,0.25,25.001
32.688,0.25,25.001
32.689,0.25,25.001
32.69,0.25,25.001
32.691,0.25,25.001
32.692,0.25,25.001
32.693,0.25,25.001
32.694,0.25,25.001
32.695,0.25,25.001
32.696,0.25,25.001
32.697,0.25,25.001
32.698,0.25,25.001
32.699,0.25,25.001
32.7,0.25,25.001
32.701,0.25,25.001
32.702,0.25,25.001
32.703,0.25,25.001
32.704,0.25,25.001
32.705,0.25,25.001
32.706,0.25,25.001
32.707,0.25,25.001
32.708,0.25,25.001
32.709,0.25,25.001
32.71,0.25,25.001
32.711,0.25,25.001
32.712,0.25,25.001
32.713,0.25,25.001
32.714,0.25,25.001
32.715,0.25,25.001
32.716,0.25,25.001
32.717,0.25,25.001
32.718,0.25,25.001
32.719,0.25,25.001
32.72,0.25,25.001
32.721,0.25,25.001
32.722,0.25,25.001
32.723,0.25,25.001
32.724,0.25,25.001
32.725,0.25,25.001
32.726,0.25,25.001
32.727,0.25,25.001
32.728,0.25,25.001
32.729,0.25,25.001
32.73,0.25,25.001
32.731,0.25,25.001
32.732,0.25,25.001
32.733,0.25,25.001
32.734,0.25,25.001
32.735,0.25,25.001
32.736,0.25,25.001
32.737,0.25,25.001
32.738,0.25,25.001
32.739,0.25,25.001
32.74,0.25,25.001
32.741,0.25,25.001
32.742,0.25,25.001
32.743,0.25,25.001
32.744,0.25,25.001
32.745,0.25,25.001
32.746,0.25,25.001
32.747,0.25,25.001
32.748,0.25,25.001
32.749,0.25,25.001
32.75,0.25,25.001
32.751,0.25,25.001
32.752,0.25,25.001
32.753,0.25,25.001
32.754,0.25,25.001
32.755,0.25,25.001
32.756,0.25,25.001
32.757,0.25,25.001
32.758,0.25,25.001
32.759,0.25,25.001
32.76,0.25,25.001
32.761,0.25,25.001
32.762,0.25,25.001
32.763,0.25,25.001
32.764,0.25,25.001
32.765,0.25,25.001
32.766,0.25,25.001
32.767,0.25,25.001
32.768,0.25,25.001
32.769,0.25,25.001
32.77,0.25,25.001
32.771,0.25,25.001
32.772,0.25,25.001
32.773,0.25,25.001
32.774,0.25,25.001
32.775,0.25,25.001
32.776,0.25,25.001
32.777,0.25,25.001
32.778,0.25,25.001
32.779,0.25,25.001
32.78,0.25,25.001
32.781,0.25,25.001
32.782,0.25,25.001
32.783,0.25,25.001
32.784,0.25,25.001
32.785,0.25,25.001
32.786,0.25,25.001
32.787,0.25,25.001
32.788,0.25,25.001
32.789,0.25,25.001
32.79,0.25,25.001
32.791,0.25,25.001
32.792,0.25,25.001
32.793,0.25,25.001
32.794,0.25,25.001
32.795,0.25,25.001
32.796,0.25,25.001
32.797,0.25,25.001
32.798,0.25,25.001
32.799,0.25,25.001
32.8,0.25,25.001
32.801,0.25,25.001
32.802,0.25,25.001
32.803,0.25,25.001
32.804,0.25,25.001
32.805,0.25,25.001
32.806,0.25,25.001
32.807,0.25,25.001
32.808,0.25,25.001
32.809,0.25,25.001
32.81,0.25,25.001
32.811,0.25,25.001
32.812,0.25,25.001
32.813,0.25,25.001
32.814,0.25,25.001
32.815,0.25,25.001
32.816,0.25,25.001
32.817,0.25,25.001
32.818,0.25,25.001
32.819,0.25,25.001
32.82,0.25,25.001
32.821,0.25,25.001
32.822,0.25,25.001
32.823,0.25,25.001
32.824,0.25,25.001
32.825,0.25,25.001
32.826,0.25,25.001
32.827,0.25,25.001
32.828,0.25,25.001
32.829,0.25,25.001
32.83,0.25,25.001
32.831,0.25,25.001
32.832,0.25,25.001
32.833,0.25,25.001
32.834,0.25,25.001
32.835,0.25,25.001
32.836,0.25,25.001
32.837,0.25,25.001
32.838,0.25,25.001
32.839,0.25,25.001
32.84,0.25,25.001
32.841,0.25,25.001
32.842,0.25,25.001
32.843,0.25,25.001
32.844,0.25,25.001
32.845,0.25,25.001
32.846,0.25,25.001
32.847,0.25,25.001
32.848,0.25,25.001
32.849,0.25,25.001
32.85,0.25,25.001
32.851,0.25,25.001
32.852,0.25,25.001
32.853,0.25,25.001
32.854,0.25,25.001
32.855,0.25,25.001
32.856,0.25,25.001
32.857,0.25,25.001
32.858,0.25,25.001
32.859,0.25,25.001
32.86,0.25,25.001
32.861,0.25,25.001
32.862,0.25,25.001
32.863,0.25,25.001
32.864,0.25,25.001
32.865,0.25,25.001
32.866,0.25,25.001
32.867,0.25,25.001
32.868,0.25,25.001
32.869,0.25,25.001
32.87,0.25,25.001
32.871,0.25,25.001
32.872,0.25,25.001
32.873,0.25,25.001
32.874,0.25,25.001
32.875,0.25,25.001
32.876,0.25,25.001
32.877,0.25,25.001
32.878,0.25,25.001
32.879,0.25,25.001
32.88,0.25,25.001
32.881,0.25,25.001
32.882,0.25,25.001
32.883,0.25,25.001
32.884,0.25,25.001
32.885,0.25,25.001
32.886,0.25,25.001
32.887,0.25,25.001
32.888,0.25,25.001
32.889,0.25,25.001
32.89,0.25,25.001
32.891,0.25,25.001
32.892,0.25,25.001
32.893,0.25,25.001
32.894,0.25,25.001
32.895,0.25,25.001
32.896,0.25,25.001
32.897,0.25,25.001
32.898,0.25,25.001
32.899,0.25,25.001
32.9,0.25,25.001
32.901,0.25,25.001
32.902,0.25,25.001
32.903,0.25,25.001
32.904,0.25,25.001
32.905,0.25,25.001
32.906,0.25,25.001
32.907,0.25,25.001
32.908,0.25,25.001
32.909,0.25,25.001
32.91,0.25,25.001
32.911,0.25,25.001
32.912,0.25,25.001
32.913,0.25,25.001
32.914,0.25,25.001
32.915,0.25,25.001
32.916,0.25,25.001
32.917,0.25,25.001
32.918,0.25,25.001
32.919,0.25,25.001
32.92,0.25,25.001
32.921,0.25,25.001
32.922,0.25,25.001
32.923,0.25,25.001
32.924,0.25,25.001
32.925,0.25,25.001
32.926,0.25,25.001
32.927,0.25,25.001
32.928,0.25,25.001
32.929,0.25,25.001
32.93,0.25,25.001
32.931,0.25,25.001
32.932,0.25,25.001
32.933,0.25,25.001
32.934,0.25,25.001
32.935,0.25,25.001
32.936,0.25,25.001
32.937,0.25,25.001
32.938,0.25,25.001
32.939,0.25,25.001
32.94,0.25,25.001
32.941,0.25,25.001
32.942,0.25,25.001
32.943,0.25,25.001
32.944,0.25,25.001
32.945,0.25,25.001
32.946,0.25,25.001
32.947,0.25,25.001
32.948,0.25,25.001
32.949,0.25,25.001
32.95,0.25,25.001
32.951,0.25,25.001
32.952,0.25,25.001
32.953,0.25,25.001
32.954,0.25,25.001
32.955,0.25,25.001
32.956,0.25,25.001
32.957,0.25,25.001
32.958,0.25,25.001
32.959,0.25,25.001
32.96,0.25,25.001
32.961,0.25,25.001
32.962,0.25,25.001
32.963,0.25,25.001
32.964,0.25,25.001
32.965,0.25,25.001
32.966,0.25,25.001
32.967,0.25,25.001
32.968,0.25,25.001
32.969,0.25,25.001
32.97,0.25,25.001
32.971,0.25,25.001
32.972,0.25,25.001
32.973,0.25,25.001
32.974,0.25,25.001
32.975,0.25,25.001
32.976,0.25,25.001
32.977,0.25,25.001
32.978,0.25,25.001
32.979,0.25,25.001
32.98,0.25,25.001
32.981,0.25,25.001
32.982,0.25,25.001
32.983,0.25,25.001
32.984,0.25,25.001
32.985,0.25,25.001
32.986,0.25,25.001
32.987,0.25,25.001
32.988,0.25,25.001
32.989,0.25,25.001
32.99,0.25,25.001
32.991,0.25,25.001
32.992,0.25,25.001
32.993,0.25,25.001
32.994,0.25,25.001
32.995,0.25,25.001
32.996,0.25,25.001
32.997,0.25,25.001
32.998,0.25,25.001
32.999,0.25,25.001
33,0.25,25.001
33.001,0.25,25.001
33.002,0.25,25.001
33.003,0.25,25.001
33.004,0.25,25.001
33.005,0.25,25.001
33.006,0.25,25.001
33.007,0.25,25.001
33.008,0.25,25.001
33.009,0.25,25.001
33.01,0.25,25.001
33.011,0.25,25.001
33.012,0.25,25.001
33.013,0.25,25.001
33.014,0.25,25.001
33.015,0.25,25.001
33.016,0.25,25.001
33.017,0.25,25.001
33.018,0.25,25.001
33.019,0.25,25.001
33.02,0.25,25.001
33.021,0.25,25.001
33.022,0.25,25.001
33.023,0.25,25.001
33.024,0.25,25.001
33.025,0.25,25.001
33.026,0.25,25.001
33.027,0.25,25.001
33.028,0.25,25.001
33.029,0.25,25.001
33.03,0.25,25.001
33.031,0.25,25.001
33.032,0.25,25.001
33.033,0.25,25.001
33.034,0.25,25.001
33.035,0.25,25.001
33.036,0.25,25.001
33.037,0.25,25.001
33.038,0.25,25.001
33.039,0.25,25.001
33.04,0.25,25.001
33.041,0.25,25.001
33.042,0.25,25.001
33.043,0.25,25.001
33.044,0.25,25.001
33.045,0.25,25.001
33.046,0.25,25.001
33.047,0.25,25.001
33.048,0.25,25.001
33.049,0.25,25.001
33.05,0.25,25.001
33.051,0.25,25.001
33.052,0.25,25.001
33.053,0.25,25.001
33.054,0.25,25.001
33.055,0.25,25.001
33.056,0.25,25.001
33.057,0.25,25.001
33.058,0.25,25.001
33.059,0.25,25.001
33.06,0.25,25.001
33.061,0.25,25.001
33.062,0.25,25.001
33.063,0.25,25.001
33.064,0.25,25.001
33.065,0.25,25.001
33.066,0.25,25.001
33.067,0.25,25.001
33.068,0.25,25.001
33.069,0.25,25.001
33.07,0.25,25.001
33.071,0.25,25.001
33.072,0.25,25.001
33.073,0.25,25.001
33.074,0.25,25.001
33.075,0.25,25.001
33.076,0.25,25.001
33.077,0.25,25.001
33.078,0.25,25.001
33.079,0.25,25.001
33.08,0.25,25.001
33.081,0.25,25.001
33.082,0.25,25.001
33.083,0.25,25.001
33.084,0.25,25.001
33.085,0.25,25.001
33.086,0.25,25.001
33.087,0.25,25.001
33.088,0.25,25.001
33.089,0.25,25.001
33.09,0.25,25.001
33.091,0.25,25.001
33.092,0.25,25.001
33.093,0.25,25.001
33.094,0.25,25.001
33.095,0.25,25.001
33.096,0.25,25.001
33.097,0.25,25.001
33.098,0.25,25.001
33.099,0.25,25.001
33.1,0.25,25.001
33.101,0.25,25.001
33.102,0.25,25.001
33.103,0.25,25.001
33.104,0.25,25.001
33.105,0.25,25.001
33.106,0.25,25.001
33.107,0.25,25.001
33.108,0.25,25.001
33.109,0.25,25.001
33.11,0.25,25.001
33.111,0.25,25.001
33.112,0.25,25.001
33.113,0.25,25.001
33.114,0.25,25.001
33.115,0.25,25.001
33.116,0.25,25.001
33.117,0.25,25.001
33.118,0.25,25.001
33.119,0.25,25.001
33.12,0.25,25.001
33.121,0.25,25.001
33.122,0.25,25.001
33.123,0.25,25.001
33.124,0.25,25.001
33.125,0.25,25.001
33.126,0.25,25.001
33.127,0.25,25.001
33.128,0.25,25.001
33.129,0.25,25.001
33.13,0.25,25.001
33.131,0.25,25.001
33.132,0.25,25.001
33.133,0.25,25.001
33.134,0.25,25.001
33.135,0.25,25.001
33.136,0.25,25.001
33.137,0.25,25.001
33.138,0.25,25.001
33.139,0.25,25.001
33.14,0.25,25.001
33.141,0.25,25.001
33.142,0.25,25.001
33.143,0.25,25.001
33.144,0.25,25.001
33.145,0.25,25.001
33.146,0.25,25.001
33.147,0.25,25.001
33.148,0.25,25.001
33.149,0.25,25.001
33.15,0.25,25.001
33.151,0.25,25.001
33.152,0.25,25.001
33.153,0.25,25.001
33.154,0.25,25.001
33.155,0.25,25.001
33.156,0.25,25.001
33.157,0.25,25.001
33.158,0.25,25.001
33.159,0.25,25.001
33.16,0.25,25.001
33.161,0.25,25.001
33.162,0.25,25.001
33.163,0.25,25.001
33.164,0.25,25.001
33.165,0.25,25.001
33.166,0.25,25.001
33.167,0.25,25.001
33.168,0.25,25.001
33.169,0.25,25.001
33.17,0.25,25.001
33.171,0.25,25.001
33.172,0.25,25.001
33.173,0.25,25.001
33.174,0.25,25.001
33.175,0.25,25.001
33.176,0.25,25.001
33.177,0.25,25.001
33.178,0.25,25.001
33.179,0.25,25.001
33.18,0.25,25.001
33.181,0.25,25.001
33.182,0.25,25.001
33.183,0.25,25.001
33.184,0.25,25.001
33.185,0.25,25.001
33.186,0.25,25.001
33.187,0.25,25.001
33.188,0.25,25.001
33.189,0.25,25.001
33.19,0.25,25.001
33.191,0.25,25.001
33.192,0.25,25.001
33.193,0.25,25.001
33.194,0.25,25.001
33.195,0.25,25.001
33.196,0.25,25.001
33.197,0.25,25.001
33.198,0.25,25.001
33.199,0.25,25.001
33.2,0.25,25.001
33.201,0.25,25.001
33.202,0.25,25.001
33.203,0.25,25.001
33.204,0.25,25.001
33.205,0.25,25.001
33.206,0.25,25.001
33.207,0.25,25.001
33.208,0.25,25.001
33.209,0.25,25.001
33.21,0.25,25.001
33.211,0.25,25.001
33.212,0.25,25.001
33.213,0.25,25.001
33.214,0.25,25.001
33.215,0.25,25.001
33.216,0.25,25.001
33.217,0.25,25.001
33.218,0.25,25.001
33.219,0.25,25.001
33.22,0.25,25.001
33.221,0.25,25.001
33.222,0.25,25.001
33.223,0.25,25.001
33.224,0.25,25.001
33.225,0.25,25.001
33.226,0.25,25.001
33.227,0.25,25.001
33.228,0.25,25.001
33.229,0.25,25.001
33.23,0.25,25.001
33.231,0.25,25.001
33.232,0.25,25.001
33.233,0.25,25.001
33.234,0.25,25.001
33.235,0.25,25.001
33.236,0.25,25.001
33.237,0.25,25.001
33.238,0.25,25.001
33.239,0.25,25.001
33.24,0.25,25.001
33.241,0.25,25.001
33.242,0.25,25.001
33.243,0.25,25.001
33.244,0.25,25.001
33.245,0.25,25.001
33.246,0.25,25.001
33.247,0.25,25.001
33.248,0.25,25.001
33.249,0.25,25.001
33.25,0.25,25.001
33.251,0.25,25.001
33.252,0.25,25.001
33.253,0.25,25.001
33.254,0.25,25.001
33.255,0.25,25.001
33.256,0.25,25.001
33.257,0.25,25.001
33.258,0.25,25.001
33.259,0.25,25.001
33.26,0.25,25.001
33.261,0.25,25.001
33.262,0.25,25.001
33.263,0.25,25.001
33.264,0.25,25.001
33.265,0.25,25.001
33.266,0.25,25.001
33.267,0.25,25.001
33.268,0.25,25.001
33.269,0.25,25.001
33.27,0.25,25.001
33.271,0.25,25.001
33.272,0.25,25.001
33.273,0.25,25.001
33.274,0.25,25.001
33.275,0.25,25.001
33.276,0.25,25.001
33.277,0.25,25.001
33.278,0.25,25.001
33.279,0.25,25.001
33.28,0.25,25.001
33.281,0.25,25.001
33.282,0.25,25.001
33.283,0.25,25.001
33.284,0.25,25.001
33.285,0.25,25.001
33.286,0.25,25.001
33.287,0.25,25.001
33.288,0.25,25.001
33.289,0.25,25.001
33.29,0.25,25.001
33.291,0.25,25.001
33.292,0.25,25.001
33.293,0.25,25.001
33.294,0.25,25.001
33.295,0.25,25.001
33.296,0.25,25.001
33.297,0.25,25.001
33.298,0.25,25.001
33.299,0.25,25.001
33.3,0.25,25.001
33.301,0.25,25.001
33.302,0.25,25.001
33.303,0.25,25.001
33.304,0.25,25.001
33.305,0.25,25.001
33.306,0.25,25.001
33.307,0.25,25.001
33.308,0.25,25.001
33.309,0.25,25.001
33.31,0.25,25.001
33.311,0.25,25.001
33.312,0.25,25.001
33.313,0.25,25.001
33.314,0.25,25.001
33.315,0.25,25.001
33.316,0.25,25.001
33.317,0.25,25.001
33.318,0.25,25.001
33.319,0.25,25.001
33.32,0.25,25.001
33.321,0.25,25.001
33.322,0.25,25.001
33.323,0.25,25.001
33.324,0.25,25.001
33.325,0.25,25.001
33.326,0.25,25.001
33.327,0.25,25.001
33.328,0.25,25.001
33.329,0.25,25.001
33.33,0.25,25.001
33.331,0.25,25.001
33.332,0.25,25.001
33.333,0.25,25.001
33.334,0.25,25.001
33.335,0.25,25.001
33.336,0.25,25.001
33.337,0.25,25.001
33.338,0.25,25.001
33.339,0.25,25.001
33.34,0.25,25.001
33.341,0.25,25.001
33.342,0.25,25.001
33.343,0.25,25.001
33.344,0.25,25.001
33.345,0.25,25.001
33.346,0.25,25.001
33.347,0.25,25.001
33.348,0.25,25.001
33.349,0.25,25.001
33.35,0.25,25.001
33.351,0.25,25.001
33.352,0.25,25.001
33.353,0.25,25.001
33.354,0.25,25.001
33.355,0.25,25.001
33.356,0.25,25.001
33.357,0.25,25.001
33.358,0.25,25.001
33.359,0.25,25.001
33.36,0.25,25.001
33.361,0.25,25.001
33.362,0.25,25.001
33.363,0.25,25.001
33.364,0.25,25.001
33.365,0.25,25.001
33.366,0.25,25.001
33.367,0.25,25.001
33.368,0.25,25.001
33.369,0.25,25.001
33.37,0.25,25.001
33.371,0.25,25.001
33.372,0.25,25.001
33.373,0.25,25.001
33.374,0.25,25.001
33.375,0.25,25.001
33.376,0.25,25.001
33.377,0.25,25.001
33.378,0.25,25.001
33.379,0.25,25.001
33.38,0.25,25.001
33.381,0.25,25.001
33.382,0.25,25.001
33.383,0.25,25.001
33.384,0.25,25.001
33.385,0.25,25.001
33.386,0.25,25.001
33.387,0.25,25.001
33.388,0.25,25.001
33.389,0.25,25.001
33.39,0.25,25.001
33.391,0.25,25.001
33.392,0.25,25.001
33.393,0.25,25.001
33.394,0.25,25.001
33.395,0.25,25.001
33.396,0.25,25.001
33.397,0.25,25.001
33.398,0.25,25.001
33.399,0.25,25.001
33.4,0.25,25.001
33.401,0.25,25.001
33.402,0.25,25.001
33.403,0.25,25.001
33.404,0.25,25.001
33.405,0.25,25.001
33.406,0.25,25.001
33.407,0.25,25.001
33.408,0.25,25.001
33.409,0.25,25.001
33.41,0.25,25.001
33.411,0.25,25.001
33.412,0.25,25.001
33.413,0.25,25.001
33.414,0.25,25.001
33.415,0.25,25.001
33.416,0.25,25.001
33.417,0.25,25.001
33.418,0.25,25.001
33.419,0.25,25.001
33.42,0.25,25.001
33.421,0.25,25.001
33.422,0.25,25.001
33.423,0.25,25.001
33.424,0.25,25.001
33.425,0.25,25.001
33.426,0.25,25.001
33.427,0.25,25.001
33.428,0.25,25.001
33.429,0.25,25.001
33.43,0.25,25.001
33.431,0.25,25.001
33.432,0.25,25.001
33.433,0.25,25.001
33.434,0.25,25.001
33.435,0.25,25.001
33.436,0.25,25.001
33.437,0.25,25.001
33.438,0.25,25.001
33.439,0.25,25.001
33.44,0.25,25.001
33.441,0.25,25.001
33.442,0.25,25.001
33.443,0.25,25.001
33.444,0.25,25.001
33.445,0.25,25.001
33.446,0.25,25.001
33.447,0.25,25.001
33.448,0.25,25.001
33.449,0.25,25.001
33.45,0.25,25.001
33.451,0.25,25.001
33.452,0.25,25.001
33.453,0.25,25.001
33.454,0.25,25.001
33.455,0.25,25.001
33.456,0.25,25.001
33.457,0.25,25.001
33.458,0.25,25.001
33.459,0.25,25.001
33.46,0.25,25.001
33.461,0.25,25.001
33.462,0.25,25.001
33.463,0.25,25.001
33.464,0.25,25.001
33.465,0.25,25.001
33.466,0.25,25.001
33.467,0.25,25.001
33.468,0.25,25.001
33.469,0.25,25.001
33.47,0.25,25.001
33.471,0.25,25.001
33.472,0.25,25.001
33.473,0.25,25.001
33.474,0.25,25.001
33.475,0.25,25.001
33.476,0.25,25.001
33.477,0.25,25.001
33.478,0.25,25.001
33.479,0.25,25.001
33.48,0.25,25.001
33.481,0.25,25.001
33.482,0.25,25.001
33.483,0.25,25.001
33.484,0.25,25.001
33.485,0.25,25.001
33.486,0.25,25.001
33.487,0.25,25.001
33.488,0.25,25.001
33.489,0.25,25.001
33.49,0.25,25.001
33.491,0.25,25.001
33.492,0.25,25.001
33.493,0.25,25.001
33.494,0.25,25.001
33.495,0.25,25.001
33.496,0.25,25.001
33.497,0.25,25.001
33.498,0.25,25.001
33.499,0.25,25.001
33.5,0.25,25.001
33.501,0.25,25.001
33.502,0.25,25.001
33.503,0.25,25.001
33.504,0.25,25.001
33.505,0.25,25.001
33.506,0.25,25.001
33.507,0.25,25.001
33.508,0.25,25.001
33.509,0.25,25.001
33.51,0.25,25.001
33.511,0.25,25.001
33.512,0.25,25.001
33.513,0.25,25.001
33.514,0.25,25.001
33.515,0.25,25.001
33.516,0.25,25.001
33.517,0.25,25.001
33.518,0.25,25.001
33.519,0.25,25.001
33.52,0.25,25.001
33.521,0.25,25.001
33.522,0.25,25.001
33.523,0.25,25.001
33.524,0.25,25.001
33.525,0.25,25.001
33.526,0.25,25.001
33.527,0.25,25.001
33.528,0.25,25.001
33.529,0.25,25.001
33.53,0.25,25.001
33.531,0.25,25.001
33.532,0.25,25.001
33.533,0.25,25.001
33.534,0.25,25.001
33.535,0.25,25.001
33.536,0.25,25.001
33.537,0.25,25.001
33.538,0.25,25.001
33.539,0.25,25.001
33.54,0.25,25.001
33.541,0.25,25.001
33.542,0.25,25.001
33.543,0.25,25.001
33.544,0.25,25.001
33.545,0.25,25.001
33.546,0.25,25.001
33.547,0.25,25.001
33.548,0.25,25.001
33.549,0.25,25.001
33.55,0.25,25.001
33.551,0.25,25.001
33.552,0.25,25.001
33.553,0.25,25.001
33.554,0.25,25.001
33.555,0.25,25.001
33.556,0.25,25.001
33.557,0.25,25.001
33.558,0.25,25.001
33.559,0.25,25.001
33.56,0.25,25.001
33.561,0.25,25.001
33.562,0.25,25.001
33.563,0.25,25.001
33.564,0.25,25.001
33.565,0.25,25.001
33.566,0.25,25.001
33.567,0.25,25.001
33.568,0.25,25.001
33.569,0.25,25.001
33.57,0.25,25.001
33.571,0.25,25.001
33.572,0.25,25.001
33.573,0.25,25.001
33.574,0.25,25.001
33.575,0.25,25.001
33.576,0.25,25.001
33.577,0.25,25.001
33.578,0.25,25.001
33.579,0.25,25.001
33.58,0.25,25.001
33.581,0.25,25.001
33.582,0.25,25.001
33.583,0.25,25.001
33.584,0.25,25.001
33.585,0.25,25.001
33.586,0.25,25.001
33.587,0.25,25.001
33.588,0.25,25.001
33.589,0.25,25.001
33.59,0.25,25.001
33.591,0.25,25.001
33.592,0.25,25.001
33.593,0.25,25.001
33.594,0.25,25.001
33.595,0.25,25.001
33.596,0.25,25.001
33.597,0.25,25.001
33.598,0.25,25.001
33.599,0.25,25.001
33.6,0.25,25.001
33.601,0.25,25.001
33.602,0.25,25.001
33.603,0.25,25.001
33.604,0.25,25.001
33.605,0.25,25.001
33.606,0.25,25.001
33.607,0.25,25.001
33.608,0.25,25.001
33.609,0.25,25.001
33.61,0.25,25.001
33.611,0.25,25.001
33.612,0.25,25.001
33.613,0.25,25.001
33.614,0.25,25.001
33.615,0.25,25.001
33.616,0.25,25.001
33.617,0.25,25.001
33.618,0.25,25.001
33.619,0.25,25.001
33.62,0.25,25.001
33.621,0.25,25.001
33.622,0.25,25.001
33.623,0.25,25.001
33.624,0.25,25.001
33.625,0.25,25.001
33.626,0.25,25.001
33.627,0.25,25.001
33.628,0.25,25.001
33.629,0.25,25.001
33.63,0.25,25.001
33.631,0.25,25.001
33.632,0.25,25.001
33.633,0.25,25.001
33.634,0.25,25.001
33.635,0.25,25.001
33.636,0.25,25.001
33.637,0.25,25.001
33.638,0.25,25.001
33.639,0.25,25.001
33.64,0.25,25.001
33.641,0.25,25.001
33.642,0.25,25.001
33.643,0.25,25.001
33.644,0.25,25.001
33.645,0.25,25.001
33.646,0.25,25.001
33.647,0.25,25.001
33.648,0.25,25.001
33.649,0.25,25.001
33.65,0.25,25.001
33.651,0.25,25.001
33.652,0.25,25.001
33.653,0.25,25.001
33.654,0.25,25.001
33.655,0.25,25.001
33.656,0.25,25.001
33.657,0.25,25.001
33.658,0.25,25.001
33.659,0.25,25.001
33.66,0.25,25.001
33.661,0.25,25.001
33.662,0.25,25.001
33.663,0.25,25.001
33.664,0.25,25.001
33.665,0.25,25.001
33.666,0.25,25.001
33.667,0.25,25.001
33.668,0.25,25.001
33.669,0.25,25.001
33.67,0.25,25.001
33.671,0.25,25.001
33.672,0.25,25.001
33.673,0.25,25.001
33.674,0.25,25.001
33.675,0.25,25.001
33.676,0.25,25.001
33.677,0.25,25.001
33.678,0.25,25.001
33.679,0.25,25.001
33.68,0.25,25.001
33.681,0.25,25.001
33.682,0.25,25.001
33.683,0.25,25.001
33.684,0.25,25.001
33.685,0.25,25.001
33.686,0.25,25.001
33.687,0.25,25.001
33.688,0.25,25.001
33.689,0.25,25.001
33.69,0.25,25.001
33.691,0.25,25.001
33.692,0.25,25.001
33.693,0.25,25.001
33.694,0.25,25.001
33.695,0.25,25.001
33.696,0.25,25.001
33.697,0.25,25.001
33.698,0.25,25.001
33.699,0.25,25.001
33.7,0.25,25.001
33.701,0.25,25.001
33.702,0.25,25.001
33.703,0.25,25.001
33.704,0.25,25.001
33.705,0.25,25.001
33.706,0.25,25.001
33.707,0.25,25.001
33.708,0.25,25.001
33.709,0.25,25.001
33.71,0.25,25.001
33.711,0.25,25.001
33.712,0.25,25.001
33.713,0.25,25.001
33.714,0.25,25.001
33.715,0.25,25.001
33.716,0.25,25.001
33.717,0.25,25.001
33.718,0.25,25.001
33.719,0.25,25.001
33.72,0.25,25.001
33.721,0.25,25.001
33.722,0.25,25.001
33.723,0.25,25.001
33.724,0.25,25.001
33.725,0.25,25.001
33.726,0.25,25.001
33.727,0.25,25.001
33.728,0.25,25.001
33.729,0.25,25.001
33.73,0.25,25.001
33.731,0.25,25.001
33.732,0.25,25.001
33.733,0.25,25.001
33.734,0.25,25.001
33.735,0.25,25.001
33.736,0.25,25.001
33.737,0.25,25.001
33.738,0.25,25.001
33.739,0.25,25.001
33.74,0.25,25.001
33.741,0.25,25.001
33.742,0.25,25.001
33.743,0.25,25.001
33.744,0.25,25.001
33.745,0.25,25.001
33.746,0.25,25.001
33.747,0.25,25.001
33.748,0.25,25.001
33.749,0.25,25.001
33.75,0.25,25.001
33.751,0.25,25.001
33.752,0.25,25.001
33.753,0.25,25.001
33.754,0.25,25.001
33.755,0.25,25.001
33.756,0.25,25.001
33.757,0.25,25.001
33.758,0.25,25.001
33.759,0.25,25.001
33.76,0.25,25.001
33.761,0.25,25.001
33.762,0.25,25.001
33.763,0.25,25.001
33.764,0.25,25.001
33.765,0.25,25.001
33.766,0.25,25.001
33.767,0.25,25.001
33.768,0.25,25.001
33.769,0.25,25.001
33.77,0.25,25.001
33.771,0.25,25.001
33.772,0.25,25.001
33.773,0.25,25.001
33.774,0.25,25.001
33.775,0.25,25.001
33.776,0.25,25.001
33.777,0.25,25.001
33.778,0.25,25.001
33.779,0.25,25.001
33.78,0.25,25.001
33.781,0.25,25.001
33.782,0.25,25.001
33.783,0.25,25.001
33.784,0.25,25.001
33.785,0.25,25.001
33.786,0.25,25.001
33.787,0.25,25.001
33.788,0.25,25.001
33.789,0.25,25.001
33.79,0.25,25.001
33.791,0.25,25.001
33.792,0.25,25.001
33.793,0.25,25.001
33.794,0.25,25.001
33.795,0.25,25.001
33.796,0.25,25.001
33.797,0.25,25.001
33.798,0.25,25.001
33.799,0.25,25.001
33.8,0.25,25.001
33.801,0.25,25.001
33.802,0.25,25.001
33.803,0.25,25.001
33.804,0.25,25.001
33.805,0.25,25.001
33.806,0.25,25.001
33.807,0.25,25.001
33.808,0.25,25.001
33.809,0.25,25.001
33.81,0.25,25.001
33.811,0.25,25.001
33.812,0.25,25.001
33.813,0.25,25.001
33.814,0.25,25.001
33.815,0.25,25.001
33.816,0.25,25.001
33.817,0.25,25.001
33.818,0.25,25.001
33.819,0.25,25.001
33.82,0.25,25.001
33.821,0.25,25.001
33.822,0.25,25.001
33.823,0.25,25.001
33.824,0.25,25.001
33.825,0.25,25.001
33.826,0.25,25.001
33.827,0.25,25.001
33.828,0.25,25.001
33.829,0.25,25.001
33.83,0.25,25.001
33.831,0.25,25.001
33.832,0.25,25.001
33.833,0.25,25.001
33.834,0.25,25.001
33.835,0.25,25.001
33.836,0.25,25.001
33.837,0.25,25.001
33.838,0.25,25.001
33.839,0.25,25.001
33.84,0.25,25.001
33.841,0.25,25.001
33.842,0.25,25.001
33.843,0.25,25.001
33.844,0.25,25.001
33.845,0.25,25.001
33.846,0.25,25.001
33.847,0.25,25.001
33.848,0.25,25.001
33.849,0.25,25.001
33.85,0.25,25.001
33.851,0.25,25.001
33.852,0.25,25.001
33.853,0.25,25.001
33.854,0.25,25.001
33.855,0.25,25.001
33.856,0.25,25.001
33.857,0.25,25.001
33.858,0.25,25.001
33.859,0.25,25.001
33.86,0.25,25.001
33.861,0.25,25.001
33.862,0.25,25.001
33.863,0.25,25.001
33.864,0.25,25.001
33.865,0.25,25.001
33.866,0.25,25.001
33.867,0.25,25.001
33.868,0.25,25.001
33.869,0.25,25.001
33.87,0.25,25.001
33.871,0.25,25.001
33.872,0.25,25.001
33.873,0.25,25.001
33.874,0.25,25.001
33.875,0.25,25.001
33.876,0.25,25.001
33.877,0.25,25.001
33.878,0.25,25.001
33.879,0.25,25.001
33.88,0.25,25.001
33.881,0.25,25.001
33.882,0.25,25.001
33.883,0.25,25.001
33.884,0.25,25.001
33.885,0.25,25.001
33.886,0.25,25.001
33.887,0.25,25.001
33.888,0.25,25.001
33.889,0.25,25.001
33.89,0.25,25.001
33.891,0.25,25.001
33.892,0.25,25.001
33.893,0.25,25.001
33.894,0.25,25.001
33.895,0.25,25.001
33.896,0.25,25.001
33.897,0.25,25.001
33.898,0.25,25.001
33.899,0.25,25.001
33.9,0.25,25.001
33.901,0.25,25.001
33.902,0.25,25.001
33.903,0.25,25.001
33.904,0.25,25.001
33.905,0.25,25.001
33.906,0.25,25.001
33.907,0.25,25.001
33.908,0.25,25.001
33.909,0.25,25.001
33.91,0.25,25.001
33.911,0.25,25.001
33.912,0.25,25.001
33.913,0.25,25.001
33.914,0.25,25.001
33.915,0.25,25.001
33.916,0.25,25.001
33.917,0.25,25.001
33.918,0.25,25.001
33.919,0.25,25.001
33.92,0.25,25.001
33.921,0.25,25.001
33.922,0.25,25.001
33.923,0.25,25.001
33.924,0.25,25.001
33.925,0.25,25.001
33.926,0.25,25.001
33.927,0.25,25.001
33.928,0.25,25.001
33.929,0.25,25.001
33.93,0.25,25.001
33.931,0.25,25.001
33.932,0.25,25.001
33.933,0.25,25.001
33.934,0.25,25.001
33.935,0.25,25.001
33.936,0.25,25.001
33.937,0.25,25.001
33.938,0.25,25.001
33.939,0.25,25.001
33.94,0.25,25.001
33.941,0.25,25.001
33.942,0.25,25.001
33.943,0.25,25.001
33.944,0.25,25.001
33.945,0.25,25.001
33.946,0.25,25.001
33.947,0.25,25.001
33.948,0.25,25.001
33.949,0.25,25.001
33.95,0.25,25.001
33.951,0.25,25.001
33.952,0.25,25.001
33.953,0.25,25.001
33.954,0.25,25.001
33.955,0.25,25.001
33.956,0.25,25.001
33.957,0.25,25.001
33.958,0.25,25.001
33.959,0.25,25.001
33.96,0.25,25.001
33.961,0.25,25.001
33.962,0.25,25.001
33.963,0.25,25.001
33.964,0.25,25.001
33.965,0.25,25.001
33.966,0.25,25.001
33.967,0.25,25.001
33.968,0.25,25.001
33.969,0.25,25.001
33.97,0.25,25.001
33.971,0.25,25.001
33.972,0.25,25.001
33.973,0.25,25.001
33.974,0.25,25.001
33.975,0.25,25.001
33.976,0.25,25.001
33.977,0.25,25.001
33.978,0.25,25.001
33.979,0.25,25.001
33.98,0.25,25.001
33.981,0.25,25.001
33.982,0.25,25.001
33.983,0.25,25.001
33.984,0.25,25.001
33.985,0.25,25.001
33.986,0.25,25.001
33.987,0.25,25.001
33.988,0.25,25.001
33.989,0.25,25.001
33.99,0.25,25.001
33.991,0.25,25.001
33.992,0.25,25.001
33.993,0.25,25.001
33.994,0.25,25.001
33.995,0.25,25.001
33.996,0.25,25.001
33.997,0.25,25.001
33.998,0.25,25.001
33.999,0.25,25.001
34,0.25,25.001
34.001,0.25,25.001
34.002,0.25,25.001
34.003,0.25,25.001
34.004,0.25,25.001
34.005,0.25,25.001
34.006,0.25,25.001
34.007,0.25,25.001
34.008,0.25,25.001
34.009,0.25,25.001
34.01,0.25,25.001
34.011,0.25,25.001
34.012,0.25,25.001
34.013,0.25,25.001
34.014,0.25,25.001
34.015,0.25,25.001
34.016,0.25,25.001
34.017,0.25,25.001
34.018,0.25,25.001
34.019,0.25,25.001
34.02,0.25,25.001
34.021,0.25,25.001
34.022,0.25,25.001
34.023,0.25,25.001
34.024,0.25,25.001
34.025,0.25,25.001
34.026,0.25,25.001
34.027,0.25,25.001
34.028,0.25,25.001
34.029,0.25,25.001
34.03,0.25,25.001
34.031,0.25,25.001
34.032,0.25,25.001
34.033,0.25,25.001
34.034,0.25,25.001
34.035,0.25,25.001
34.036,0.25,25.001
34.037,0.25,25.001
34.038,0.25,25.001
34.039,0.25,25.001
34.04,0.25,25.001
34.041,0.25,25.001
34.042,0.25,25.001
34.043,0.25,25.001
34.044,0.25,25.001
34.045,0.25,25.001
34.046,0.25,25.001
34.047,0.25,25.001
34.048,0.25,25.001
34.049,0.25,25.001
34.05,0.25,25.001
34.051,0.25,25.001
34.052,0.25,25.001
34.053,0.25,25.001
34.054,0.25,25.001
34.055,0.25,25.001
34.056,0.25,25.001
34.057,0.25,25.001
34.058,0.25,25.001
34.059,0.25,25.001
34.06,0.25,25.001
34.061,0.25,25.001
34.062,0.25,25.001
34.063,0.25,25.001
34.064,0.25,25.001
34.065,0.25,25.001
34.066,0.25,25.001
34.067,0.25,25.001
34.068,0.25,25.001
34.069,0.25,25.001
34.07,0.25,25.001
34.071,0.25,25.001
34.072,0.25,25.001
34.073,0.25,25.001
34.074,0.25,25.001
34.075,0.25,25.001
34.076,0.25,25.001
34.077,0.25,25.001
34.078,0.25,25.001
34.079,0.25,25.001
34.08,0.25,25.001
34.081,0.25,25.001
34.082,0.25,25.001
34.083,0.25,25.001
34.084,0.25,25.001
34.085,0.25,25.001
34.086,0.25,25.001
34.087,0.25,25.001
34.088,0.25,25.001
34.089,0.25,25.001
34.09,0.25,25.001
34.091,0.25,25.001
34.092,0.25,25.001
34.093,0.25,25.001
34.094,0.25,25.001
34.095,0.25,25.001
34.096,0.25,25.001
34.097,0.25,25.001
34.098,0.25,25.001
34.099,0.25,25.001
34.1,0.25,25.001
34.101,0.25,25.001
34.102,0.25,25.001
34.103,0.25,25.001
34.104,0.25,25.001
34.105,0.25,25.001
34.106,0.25,25.001
34.107,0.25,25.001
34.108,0.25,25.001
34.109,0.25,25.001
34.11,0.25,25.001
34.111,0.25,25.001
34.112,0.25,25.001
34.113,0.25,25.001
34.114,0.25,25.001
34.115,0.25,25.001
34.116,0.25,25.001
34.117,0.25,25.001
34.118,0.25,25.001
34.119,0.25,25.001
34.12,0.25,25.001
34.121,0.25,25.001
34.122,0.25,25.001
34.123,0.25,25.001
34.124,0.25,25.001
34.125,0.25,25.001
34.126,0.25,25.001
34.127,0.25,25.001
34.128,0.25,25.001
34.129,0.25,25.001
34.13,0.25,25.001
34.131,0.25,25.001
34.132,0.25,25.001
34.133,0.25,25.001
34.134,0.25,25.001
34.135,0.25,25.001
34.136,0.25,25.001
34.137,0.25,25.001
34.138,0.25,25.001
34.139,0.25,25.001
34.14,0.25,25.001
34.141,0.25,25.001
34.142,0.25,25.001
34.143,0.25,25.001
34.144,0.25,25.001
34.145,0.25,25.001
34.146,0.25,25.001
34.147,0.25,25.001
34.148,0.25,25.001
34.149,0.25,25.001
34.15,0.25,25.001
34.151,0.25,25.001
34.152,0.25,25.001
34.153,0.25,25.001
34.154,0.25,25.001
34.155,0.25,25.001
34.156,0.25,25.001
34.157,0.25,25.001
34.158,0.25,25.001
34.159,0.25,25.001
34.16,0.25,25.001
34.161,0.25,25.001
34.162,0.25,25.001
34.163,0.25,25.001
34.164,0.25,25.001
34.165,0.25,25.001
34.166,0.25,25.001
34.167,0.25,25.001
34.168,0.25,25.001
34.169,0.25,25.001
34.17,0.25,25.001
34.171,0.25,25.001
34.172,0.25,25.001
34.173,0.25,25.001
34.174,0.25,25.001
34.175,0.25,25.001
34.176,0.25,25.001
34.177,0.25,25.001
34.178,0.25,25.001
34.179,0.25,25.001
34.18,0.25,25.001
34.181,0.25,25.001
34.182,0.25,25.001
34.183,0.25,25.001
34.184,0.25,25.001
34.185,0.25,25.001
34.186,0.25,25.001
34.187,0.25,25.001
34.188,0.25,25.001
34.189,0.25,25.001
34.19,0.25,25.001
34.191,0.25,25.001
34.192,0.25,25.001
34.193,0.25,25.001
34.194,0.25,25.001
34.195,0.25,25.001
34.196,0.25,25.001
34.197,0.25,25.001
34.198,0.25,25.001
34.199,0.25,25.001
34.2,0.25,25.001
34.201,0.25,25.001
34.202,0.25,25.001
34.203,0.25,25.001
34.204,0.25,25.001
34.205,0.25,25.001
34.206,0.25,25.001
34.207,0.25,25.001
34.208,0.25,25.001
34.209,0.25,25.001
34.21,0.25,25.001
34.211,0.25,25.001
34.212,0.25,25.001
34.213,0.25,25.001
34.214,0.25,25.001
34.215,0.25,25.001
34.216,0.25,25.001
34.217,0.25,25.001
34.218,0.25,25.001
34.219,0.25,25.001
34.22,0.25,25.001
34.221,0.25,25.001
34.222,0.25,25.001
34.223,0.25,25.001
34.224,0.25,25.001
34.225,0.25,25.001
34.226,0.25,25.001
34.227,0.25,25.001
34.228,0.25,25.001
34.229,0.25,25.001
34.23,0.25,25.001
34.231,0.25,25.001
34.232,0.25,25.001
34.233,0.25,25.001
34.234,0.25,25.001
34.235,0.25,25.001
34.236,0.25,25.001
34.237,0.25,25.001
34.238,0.25,25.001
34.239,0.25,25.001
34.24,0.25,25.001
34.241,0.25,25.001
34.242,0.25,25.001
34.243,0.25,25.001
34.244,0.25,25.001
34.245,0.25,25.001
34.246,0.25,25.001
34.247,0.25,25.001
34.248,0.25,25.001
34.249,0.25,25.001
34.25,0.25,25.001
34.251,0.25,25.001
34.252,0.25,25.001
34.253,0.25,25.001
34.254,0.25,25.001
34.255,0.25,25.001
34.256,0.25,25.001
34.257,0.25,25.001
34.258,0.25,25.001
34.259,0.25,25.001
34.26,0.25,25.001
34.261,0.25,25.001
34.262,0.25,25.001
34.263,0.25,25.001
34.264,0.25,25.001
34.265,0.25,25.001
34.266,0.25,25.001
34.267,0.25,25.001
34.268,0.25,25.001
34.269,0.25,25.001
34.27,0.25,25.001
34.271,0.25,25.001
34.272,0.25,25.001
34.273,0.25,25.001
34.274,0.25,25.001
34.275,0.25,25.001
34.276,0.25,25.001
34.277,0.25,25.001
34.278,0.25,25.001
34.279,0.25,25.001
34.28,0.25,25.001
34.281,0.25,25.001
34.282,0.25,25.001
34.283,0.25,25.001
34.284,0.25,25.001
34.285,0.25,25.001
34.286,0.25,25.001
34.287,0.25,25.001
34.288,0.25,25.001
34.289,0.25,25.001
34.29,0.25,25.001
34.291,0.25,25.001
34.292,0.25,25.001
34.293,0.25,25.001
34.294,0.25,25.001
34.295,0.25,25.001
34.296,0.25,25.001
34.297,0.25,25.001
34.298,0.25,25.001
34.299,0.25,25.001
34.3,0.25,25.001
34.301,0.25,25.001
34.302,0.25,25.001
34.303,0.25,25.001
34.304,0.25,25.001
34.305,0.25,25.001
34.306,0.25,25.001
34.307,0.25,25.001
34.308,0.25,25.001
34.309,0.25,25.001
34.31,0.25,25.001
34.311,0.25,25.001
34.312,0.25,25.001
34.313,0.25,25.001
34.314,0.25,25.001
34.315,0.25,25.001
34.316,0.25,25.001
34.317,0.25,25.001
34.318,0.25,25.001
34.319,0.25,25.001
34.32,0.25,25.001
34.321,0.25,25.001
34.322,0.25,25.001
34.323,0.25,25.001
34.324,0.25,25.001
34.325,0.25,25.001
34.326,0.25,25.001
34.327,0.25,25.001
34.328,0.25,25.001
34.329,0.25,25.001
34.33,0.25,25.001
34.331,0.25,25.001
34.332,0.25,25.001
34.333,0.25,25.001
34.334,0.25,25.001
34.335,0.25,25.001
34.336,0.25,25.001
34.337,0.25,25.001
34.338,0.25,25.001
34.339,0.25,25.001
34.34,0.25,25.001
34.341,0.25,25.001
34.342,0.25,25.001
34.343,0.25,25.001
34.344,0.25,25.001
34.345,0.25,25.001
34.346,0.25,25.001
34.347,0.25,25.001
34.348,0.25,25.001
34.349,0.25,25.001
34.35,0.25,25.001
34.351,0.25,25.001
34.352,0.25,25.001
34.353,0.25,25.001
34.354,0.25,25.001
34.355,0.25,25.001
34.356,0.25,25.001
34.357,0.25,25.001
34.358,0.25,25.001
34.359,0.25,25.001
34.36,0.25,25.001
34.361,0.25,25.001
34.362,0.25,25.001
34.363,0.25,25.001
34.364,0.25,25.001
34.365,0.25,25.001
34.366,0.25,25.001
34.367,0.25,25.001
34.368,0.25,25.001
34.369,0.25,25.001
34.37,0.25,25.001
34.371,0.25,25.001
34.372,0.25,25.001
34.373,0.25,25.001
34.374,0.25,25.001
34.375,0.25,25.001
34.376,0.25,25.001
34.377,0.25,25.001
34.378,0.25,25.001
34.379,0.25,25.001
34.38,0.25,25.001
34.381,0.25,25.001
34.382,0.25,25.001
34.383,0.25,25.001
34.384,0.25,25.001
34.385,0.25,25.001
34.386,0.25,25.001
34.387,0.25,25.001
34.388,0.25,25.001
34.389,0.25,25.001
34.39,0.25,25.001
34.391,0.25,25.001
34.392,0.25,25.001
34.393,0.25,25.001
34.394,0.25,25.001
34.395,0.25,25.001
34.396,0.25,25.001
34.397,0.25,25.001
34.398,0.25,25.001
34.399,0.25,25.001
34.4,0.25,25.001
34.401,0.25,25.001
34.402,0.25,25.001
34.403,0.25,25.001
34.404,0.25,25.001
34.405,0.25,25.001
34.406,0.25,25.001
34.407,0.25,25.001
34.408,0.25,25.001
34.409,0.25,25.001
34.41,0.25,25.001
34.411,0.25,25.001
34.412,0.25,25.001
34.413,0.25,25.001
34.414,0.25,25.001
34.415,0.25,25.001
34.416,0.25,25.001
34.417,0.25,25.001
34.418,0.25,25.001
34.419,0.25,25.001
34.42,0.25,25.001
34.421,0.25,25.001
34.422,0.25,25.001
34.423,0.25,25.001
34.424,0.25,25.001
34.425,0.25,25.001
34.426,0.25,25.001
34.427,0.25,25.001
34.428,0.25,25.001
34.429,0.25,25.001
34.43,0.25,25.001
34.431,0.25,25.001
34.432,0.25,25.001
34.433,0.25,25.001
34.434,0.25,25.001
34.435,0.25,25.001
34.436,0.25,25.001
34.437,0.25,25.001
34.438,0.25,25.001
34.439,0.25,25.001
34.44,0.25,25.001
34.441,0.25,25.001
34.442,0.25,25.001
34.443,0.25,25.001
34.444,0.25,25.001
34.445,0.25,25.001
34.446,0.25,25.001
34.447,0.25,25.001
34.448,0.25,25.001
34.449,0.25,25.001
34.45,0.25,25.001
34.451,0.25,25.001
34.452,0.25,25.001
34.453,0.25,25.001
34.454,0.25,25.001
34.455,0.25,25.001
34.456,0.25,25.001
34.457,0.25,25.001
34.458,0.25,25.001
34.459,0.25,25.001
34.46,0.25,25.001
34.461,0.25,25.001
34.462,0.25,25.001
34.463,0.25,25.001
34.464,0.25,25.001
34.465,0.25,25.001
34.466,0.25,25.001
34.467,0.25,25.001
34.468,0.25,25.001
34.469,0.25,25.001
34.47,0.25,25.001
34.471,0.25,25.001
34.472,0.25,25.001
34.473,0.25,25.001
34.474,0.25,25.001
34.475,0.25,25.001
34.476,0.25,25.001
34.477,0.25,25.001
34.478,0.25,25.001
34.479,0.25,25.001
34.48,0.25,25.001
34.481,0.25,25.001
34.482,0.25,25.001
34.483,0.25,25.001
34.484,0.25,25.001
34.485,0.25,25.001
34.486,0.25,25.001
34.487,0.25,25.001
34.488,0.25,25.001
34.489,0.25,25.001
34.49,0.25,25.001
34.491,0.25,25.001
34.492,0.25,25.001
34.493,0.25,25.001
34.494,0.25,25.001
34.495,0.25,25.001
34.496,0.25,25.001
34.497,0.25,25.001
34.498,0.25,25.001
34.499,0.25,25.001
34.5,0.25,25.001
34.501,0.25,25.001
34.502,0.25,25.001
34.503,0.25,25.001
34.504,0.25,25.001
34.505,0.25,25.001
34.506,0.25,25.001
34.507,0.25,25.001
34.508,0.25,25.001
34.509,0.25,25.001
34.51,0.25,25.001
34.511,0.25,25.001
34.512,0.25,25.001
34.513,0.25,25.001
34.514,0.25,25.001
34.515,0.25,25.001
34.516,0.25,25.001
34.517,0.25,25.001
34.518,0.25,25.001
34.519,0.25,25.001
34.52,0.25,25.001
34.521,0.25,25.001
34.522,0.25,25.001
34.523,0.25,25.001
34.524,0.25,25.001
34.525,0.25,25.001
34.526,0.25,25.001
34.527,0.25,25.001
34.528,0.25,25.001
34.529,0.25,25.001
34.53,0.25,25.001
34.531,0.25,25.001
34.532,0.25,25.001
34.533,0.25,25.001
34.534,0.25,25.001
34.535,0.25,25.001
34.536,0.25,25.001
34.537,0.25,25.001
34.538,0.25,25.001
34.539,0.25,25.001
34.54,0.25,25.001
34.541,0.25,25.001
34.542,0.25,25.001
34.543,0.25,25.001
34.544,0.25,25.001
34.545,0.25,25.001
34.546,0.25,25.001
34.547,0.25,25.001
34.548,0.25,25.001
34.549,0.25,25.001
34.55,0.25,25.001
34.551,0.25,25.001
34.552,0.25,25.001
34.553,0.25,25.001
34.554,0.25,25.001
34.555,0.25,25.001
34.556,0.25,25.001
34.557,0.25,25.001
34.558,0.25,25.001
34.559,0.25,25.001
34.56,0.25,25.001
34.561,0.25,25.001
34.562,0.25,25.001
34.563,0.25,25.001
34.564,0.25,25.001
34.565,0.25,25.001
34.566,0.25,25.001
34.567,0.25,25.001
34.568,0.25,25.001
34.569,0.25,25.001
34.57,0.25,25.001
34.571,0.25,25.001
34.572,0.25,25.001
34.573,0.25,25.001
34.574,0.25,25.001
34.575,0.25,25.001
34.576,0.25,25.001
34.577,0.25,25.001
34.578,0.25,25.001
34.579,0.25,25.001
34.58,0.25,25.001
34.581,0.25,25.001
34.582,0.25,25.001
34.583,0.25,25.001
34.584,0.25,25.001
34.585,0.25,25.001
34.586,0.25,25.001
34.587,0.25,25.001
34.588,0.25,25.001
34.589,0.25,25.001
34.59,0.25,25.001
34.591,0.25,25.001
34.592,0.25,25.001
34.593,0.25,25.001
34.594,0.25,25.001
34.595,0.25,25.001
34.596,0.25,25.001
34.597,0.25,25.001
34.598,0.25,25.001
34.599,0.25,25.001
34.6,0.25,25.001
34.601,0.25,25.001
34.602,0.25,25.001
34.603,0.25,25.001
34.604,0.25,25.001
34.605,0.25,25.001
34.606,0.25,25.001
34.607,0.25,25.001
34.608,0.25,25.001
34.609,0.25,25.001
34.61,0.25,25.001
34.611,0.25,25.001
34.612,0.25,25.001
34.613,0.25,25.001
34.614,0.25,25.001
34.615,0.25,25.001
34.616,0.25,25.001
34.617,0.25,25.001
34.618,0.25,25.001
34.619,0.25,25.001
34.62,0.25,25.001
34.621,0.25,25.001
34.622,0.25,25.001
34.623,0.25,25.001
34.624,0.25,25.001
34.625,0.25,25.001
34.626,0.25,25.001
34.627,0.25,25.001
34.628,0.25,25.001
34.629,0.25,25.001
34.63,0.25,25.001
34.631,0.25,25.001
34.632,0.25,25.001
34.633,0.25,25.001
34.634,0.25,25.001
34.635,0.25,25.001
34.636,0.25,25.001
34.637,0.25,25.001
34.638,0.25,25.001
34.639,0.25,25.001
34.64,0.25,25.001
34.641,0.25,25.001
34.642,0.25,25.001
34.643,0.25,25.001
34.644,0.25,25.001
34.645,0.25,25.001
34.646,0.25,25.001
34.647,0.25,25.001
34.648,0.25,25.001
34.649,0.25,25.001
34.65,0.25,25.001
34.651,0.25,25.001
34.652,0.25,25.001
34.653,0.25,25.001
34.654,0.25,25.001
34.655,0.25,25.001
34.656,0.25,25.001
34.657,0.25,25.001
34.658,0.25,25.001
34.659,0.25,25.001
34.66,0.25,25.001
34.661,0.25,25.001
34.662,0.25,25.001
34.663,0.25,25.001
34.664,0.25,25.001
34.665,0.25,25.001
34.666,0.25,25.001
34.667,0.25,25.001
34.668,0.25,25.001
34.669,0.25,25.001
34.67,0.25,25.001
34.671,0.25,25.001
34.672,0.25,25.001
34.673,0.25,25.001
34.674,0.25,25.001
34.675,0.25,25.001
34.676,0.25,25.001
34.677,0.25,25.001
34.678,0.25,25.001
34.679,0.25,25.001
34.68,0.25,25.001
34.681,0.25,25.001
34.682,0.25,25.001
34.683,0.25,25.001
34.684,0.25,25.001
34.685,0.25,25.001
34.686,0.25,25.001
34.687,0.25,25.001
34.688,0.25,25.001
34.689,0.25,25.001
34.69,0.25,25.001
34.691,0.25,25.001
34.692,0.25,25.001
34.693,0.25,25.001
34.694,0.25,25.001
34.695,0.25,25.001
34.696,0.25,25.001
34.697,0.25,25.001
34.698,0.25,25.001
34.699,0.25,25.001
34.7,0.25,25.001
34.701,0.25,25.001
34.702,0.25,25.001
34.703,0.25,25.001
34.704,0.25,25.001
34.705,0.25,25.001
34.706,0.25,25.001
34.707,0.25,25.001
34.708,0.25,25.001
34.709,0.25,25.001
34.71,0.25,25.001
34.711,0.25,25.001
34.712,0.25,25.001
34.713,0.25,25.001
34.714,0.25,25.001
34.715,0.25,25.001
34.716,0.25,25.001
34.717,0.25,25.001
34.718,0.25,25.001
34.719,0.25,25.001
34.72,0.25,25.001
34.721,0.25,25.001
34.722,0.25,25.001
34.723,0.25,25.001
34.724,0.25,25.001
34.725,0.25,25.001
34.726,0.25,25.001
34.727,0.25,25.001
34.728,0.25,25.001
34.729,0.25,25.001
34.73,0.25,25.001
34.731,0.25,25.001
34.732,0.25,25.001
34.733,0.25,25.001
34.734,0.25,25.001
34.735,0.25,25.001
34.736,0.25,25.001
34.737,0.25,25.001
34.738,0.25,25.001
34.739,0.25,25.001
34.74,0.25,25.001
34.741,0.25,25.001
34.742,0.25,25.001
34.743,0.25,25.001
34.744,0.25,25.001
34.745,0.25,25.001
34.746,0.25,25.001
34.747,0.25,25.001
34.748,0.25,25.001
34.749,0.25,25.001
34.75,0.25,25.001
34.751,0.25,25.001
34.752,0.25,25.001
34.753,0.25,25.001
34.754,0.25,25.001
34.755,0.25,25.001
34.756,0.25,25.001
34.757,0.25,25.001
34.758,0.25,25.001
34.759,0.25,25.001
34.76,0.25,25.001
34.761,0.25,25.001
34.762,0.25,25.001
34.763,0.25,25.001
34.764,0.25,25.001
34.765,0.25,25.001
34.766,0.25,25.001
34.767,0.25,25.001
34.768,0.25,25.001
34.769,0.25,25.001
34.77,0.25,25.001
34.771,0.25,25.001
34.772,0.25,25.001
34.773,0.25,25.001
34.774,0.25,25.001
34.775,0.25,25.001
34.776,0.25,25.001
34.777,0.25,25.001
34.778,0.25,25.001
34.779,0.25,25.001
34.78,0.25,25.001
34.781,0.25,25.001
34.782,0.25,25.001
34.783,0.25,25.001
34.784,0.25,25.001
34.785,0.25,25.001
34.786,0.25,25.001
34.787,0.25,25.001
34.788,0.25,25.001
34.789,0.25,25.001
34.79,0.25,25.001
34.791,0.25,25.001
34.792,0.25,25.001
34.793,0.25,25.001
34.794,0.25,25.001
34.795,0.25,25.001
34.796,0.25,25.001
34.797,0.25,25.001
34.798,0.25,25.001
34.799,0.25,25.001
34.8,0.25,25.001
34.801,0.25,25.001
34.802,0.25,25.001
34.803,0.25,25.001
34.804,0.25,25.001
34.805,0.25,25.001
34.806,0.25,25.001
34.807,0.25,25.001
34.808,0.25,25.001
34.809,0.25,25.001
34.81,0.25,25.001
34.811,0.25,25.001
34.812,0.25,25.001
34.813,0.25,25.001
34.814,0.25,25.001
34.815,0.25,25.001
34.816,0.25,25.001
34.817,0.25,25.001
34.818,0.25,25.001
34.819,0.25,25.001
34.82,0.25,25.001
34.821,0.25,25.001
34.822,0.25,25.001
34.823,0.25,25.001
34.824,0.25,25.001
34.825,0.25,25.001
34.826,0.25,25.001
34.827,0.25,25.001
34.828,0.25,25.001
34.829,0.25,25.001
34.83,0.25,25.001
34.831,0.25,25.001
34.832,0.25,25.001
34.833,0.25,25.001
34.834,0.25,25.001
34.835,0.25,25.001
34.836,0.25,25.001
34.837,0.25,25.001
34.838,0.25,25.001
34.839,0.25,25.001
34.84,0.25,25.001
34.841,0.25,25.001
34.842,0.25,25.001
34.843,0.25,25.001
34.844,0.25,25.001
34.845,0.25,25.001
34.846,0.25,25.001
34.847,0.25,25.001
34.848,0.25,25.001
34.849,0.25,25.001
34.85,0.25,25.001
34.851,0.25,25.001
34.852,0.25,25.001
34.853,0.25,25.001
34.854,0.25,25.001
34.855,0.25,25.001
34.856,0.25,25.001
34.857,0.25,25.001
34.858,0.25,25.001
34.859,0.25,25.001
34.86,0.25,25.001
34.861,0.25,25.001
34.862,0.25,25.001
34.863,0.25,25.001
34.864,0.25,25.001
34.865,0.25,25.001
34.866,0.25,25.001
34.867,0.25,25.001
34.868,0.25,25.001
34.869,0.25,25.001
34.87,0.25,25.001
34.871,0.25,25.001
34.872,0.25,25.001
34.873,0.25,25.001
34.874,0.25,25.001
34.875,0.25,25.001
34.876,0.25,25.001
34.877,0.25,25.001
34.878,0.25,25.001
34.879,0.25,25.001
34.88,0.25,25.001
34.881,0.25,25.001
34.882,0.25,25.001
34.883,0.25,25.001
34.884,0.25,25.001
34.885,0.25,25.001
34.886,0.25,25.001
34.887,0.25,25.001
34.888,0.25,25.001
34.889,0.25,25.001
34.89,0.25,25.001
34.891,0.25,25.001
34.892,0.25,25.001
34.893,0.25,25.001
34.894,0.25,25.001
34.895,0.25,25.001
34.896,0.25,25.001
34.897,0.25,25.001
34.898,0.25,25.001
34.899,0.25,25.001
34.9,0.25,25.001
34.901,0.25,25.001
34.902,0.25,25.001
34.903,0.25,25.001
34.904,0.25,25.001
34.905,0.25,25.001
34.906,0.25,25.001
34.907,0.25,25.001
34.908,0.25,25.001
34.909,0.25,25.001
34.91,0.25,25.001
34.911,0.25,25.001
34.912,0.25,25.001
34.913,0.25,25.001
34.914,0.25,25.001
34.915,0.25,25.001
34.916,0.25,25.001
34.917,0.25,25.001
34.918,0.25,25.001
34.919,0.25,25.001
34.92,0.25,25.001
34.921,0.25,25.001
34.922,0.25,25.001
34.923,0.25,25.001
34.924,0.25,25.001
34.925,0.25,25.001
34.926,0.25,25.001
34.927,0.25,25.001
34.928,0.25,25.001
34.929,0.25,25.001
34.93,0.25,25.001
34.931,0.25,25.001
34.932,0.25,25.001
34.933,0.25,25.001
34.934,0.25,25.001
34.935,0.25,25.001
34.936,0.25,25.001
34.937,0.25,25.001
34.938,0.25,25.001
34.939,0.25,25.001
34.94,0.25,25.001
34.941,0.25,25.001
34.942,0.25,25.001
34.943,0.25,25.001
34.944,0.25,25.001
34.945,0.25,25.001
34.946,0.25,25.001
34.947,0.25,25.001
34.948,0.25,25.001
34.949,0.25,25.001
34.95,0.25,25.001
34.951,0.25,25.001
34.952,0.25,25.001
34.953,0.25,25.001
34.954,0.25,25.001
34.955,0.25,25.001
34.956,0.25,25.001
34.957,0.25,25.001
34.958,0.25,25.001
34.959,0.25,25.001
34.96,0.25,25.001
34.961,0.25,25.001
34.962,0.25,25.001
34.963,0.25,25.001
34.964,0.25,25.001
34.965,0.25,25.001
34.966,0.25,25.001
34.967,0.25,25.001
34.968,0.25,25.001
34.969,0.25,25.001
34.97,0.25,25.001
34.971,0.25,25.001
34.972,0.25,25.001
34.973,0.25,25.001
34.974,0.25,25.001
34.975,0.25,25.001
34.976,0.25,25.001
34.977,0.25,25.001
34.978,0.25,25.001
34.979,0.25,25.001
34.98,0.25,25.001
34.981,0.25,25.001
34.982,0.25,25.001
34.983,0.25,25.001
34.984,0.25,25.001
34.985,0.25,25.001
34.986,0.25,25.001
34.987,0.25,25.001
34.988,0.25,25.001
34.989,0.25,25.001
34.99,0.25,25.001
34.991,0.25,25.001
34.992,0.25,25.001
34.993,0.25,25.001
34.994,0.25,25.001
34.995,0.25,25.001
34.996,0.25,25.001
34.997,0.25,25.001
34.998,0.25,25.001
34.999,0.25,25.001
35,0.25,25.001
35.001,0.25,25.001
35.002,0.25,25.001
35.003,0.25,25.001
35.004,0.25,25.001
35.005,0.25,25.001
35.006,0.25,25.001
35.007,0.25,25.001
35.008,0.25,25.001
35.009,0.25,25.001
35.01,0.25,25.001
35.011,0.25,25.001
35.012,0.25,25.001
35.013,0.25,25.001
35.014,0.25,25.001
35.015,0.25,25.001
35.016,0.25,25.001
35.017,0.25,25.001
35.018,0.25,25.001
35.019,0.25,25.001
35.02,0.25,25.001
35.021,0.25,25.001
35.022,0.25,25.001
35.023,0.25,25.001
35.024,0.25,25.001
35.025,0.25,25.001
35.026,0.25,25.001
35.027,0.25,25.001
35.028,0.25,25.001
35.029,0.25,25.001
35.03,0.25,25.001
35.031,0.25,25.001
35.032,0.25,25.001
35.033,0.25,25.001
35.034,0.25,25.001
35.035,0.25,25.001
35.036,0.25,25.001
35.037,0.25,25.001
35.038,0.25,25.001
35.039,0.25,25.001
35.04,0.25,25.001
35.041,0.25,25.001
35.042,0.25,25.001
35.043,0.25,25.001
35.044,0.25,25.001
35.045,0.25,25.001
35.046,0.25,25.001
35.047,0.25,25.001
35.048,0.25,25.001
35.049,0.25,25.001
35.05,0.25,25.001
35.051,0.25,25.001
35.052,0.25,25.001
35.053,0.25,25.001
35.054,0.25,25.001
35.055,0.25,25.001
35.056,0.25,25.001
35.057,0.25,25.001
35.058,0.25,25.001
35.059,0.25,25.001
35.06,0.25,25.001
35.061,0.25,25.001
35.062,0.25,25.001
35.063,0.25,25.001
35.064,0.25,25.001
35.065,0.25,25.001
35.066,0.25,25.001
35.067,0.25,25.001
35.068,0.25,25.001
35.069,0.25,25.001
35.07,0.25,25.001
35.071,0.25,25.001
35.072,0.25,25.001
35.073,0.25,25.001
35.074,0.25,25.001
35.075,0.25,25.001
35.076,0.25,25.001
35.077,0.25,25.001
35.078,0.25,25.001
35.079,0.25,25.001
35.08,0.25,25.001
35.081,0.25,25.001
35.082,0.25,25.001
35.083,0.25,25.001
35.084,0.25,25.001
35.085,0.25,25.001
35.086,0.25,25.001
35.087,0.25,25.001
35.088,0.25,25.001
35.089,0.25,25.001
35.09,0.25,25.001
35.091,0.25,25.001
35.092,0.25,25.001
35.093,0.25,25.001
35.094,0.25,25.001
35.095,0.25,25.001
35.096,0.25,25.001
35.097,0.25,25.001
35.098,0.25,25.001
35.099,0.25,25.001
35.1,0.25,25.001
35.101,0.25,25.001
35.102,0.25,25.001
35.103,0.25,25.001
35.104,0.25,25.001
35.105,0.25,25.001
35.106,0.25,25.001
35.107,0.25,25.001
35.108,0.25,25.001
35.109,0.25,25.001
35.11,0.25,25.001
35.111,0.25,25.001
35.112,0.25,25.001
35.113,0.25,25.001
35.114,0.25,25.001
35.115,0.25,25.001
35.116,0.25,25.001
35.117,0.25,25.001
35.118,0.25,25.001
35.119,0.25,25.001
35.12,0.25,25.001
35.121,0.25,25.001
35.122,0.25,25.001
35.123,0.25,25.001
35.124,0.25,25.001
35.125,0.25,25.001
35.126,0.25,25.001
35.127,0.25,25.001
35.128,0.25,25.001
35.129,0.25,25.001
35.13,0.25,25.001
35.131,0.25,25.001
35.132,0.25,25.001
35.133,0.25,25.001
35.134,0.25,25.001
35.135,0.25,25.001
35.136,0.25,25.001
35.137,0.25,25.001
35.138,0.25,25.001
35.139,0.25,25.001
35.14,0.25,25.001
35.141,0.25,25.001
35.142,0.25,25.001
35.143,0.25,25.001
35.144,0.25,25.001
35.145,0.25,25.001
35.146,0.25,25.001
35.147,0.25,25.001
35.148,0.25,25.001
35.149,0.25,25.001
35.15,0.25,25.001
35.151,0.25,25.001
35.152,0.25,25.001
35.153,0.25,25.001
35.154,0.25,25.001
35.155,0.25,25.001
35.156,0.25,25.001
35.157,0.25,25.001
35.158,0.25,25.001
35.159,0.25,25.001
35.16,0.25,25.001
35.161,0.25,25.001
35.162,0.25,25.001
35.163,0.25,25.001
35.164,0.25,25.001
35.165,0.25,25.001
35.166,0.25,25.001
35.167,0.25,25.001
35.168,0.25,25.001
35.169,0.25,25.001
35.17,0.25,25.001
35.171,0.25,25.001
35.172,0.25,25.001
35.173,0.25,25.001
35.174,0.25,25.001
35.175,0.25,25.001
35.176,0.25,25.001
35.177,0.25,25.001
35.178,0.25,25.001
35.179,0.25,25.001
35.18,0.25,25.001
35.181,0.25,25.001
35.182,0.25,25.001
35.183,0.25,25.001
35.184,0.25,25.001
35.185,0.25,25.001
35.186,0.25,25.001
35.187,0.25,25.001
35.188,0.25,25.001
35.189,0.25,25.001
35.19,0.25,25.001
35.191,0.25,25.001
35.192,0.25,25.001
35.193,0.25,25.001
35.194,0.25,25.001
35.195,0.25,25.001
35.196,0.25,25.001
35.197,0.25,25.001
35.198,0.25,25.001
35.199,0.25,25.001
35.2,0.25,25.001
35.201,0.25,25.001
35.202,0.25,25.001
35.203,0.25,25.001
35.204,0.25,25.001
35.205,0.25,25.001
35.206,0.25,25.001
35.207,0.25,25.001
35.208,0.25,25.001
35.209,0.25,25.001
35.21,0.25,25.001
35.211,0.25,25.001
35.212,0.25,25.001
35.213,0.25,25.001
35.214,0.25,25.001
35.215,0.25,25.001
35.216,0.25,25.001
35.217,0.25,25.001
35.218,0.25,25.001
35.219,0.25,25.001
35.22,0.25,25.001
35.221,0.25,25.001
35.222,0.25,25.001
35.223,0.25,25.001
35.224,0.25,25.001
35.225,0.25,25.001
35.226,0.25,25.001
35.227,0.25,25.001
35.228,0.25,25.001
35.229,0.25,25.001
35.23,0.25,25.001
35.231,0.25,25.001
35.232,0.25,25.001
35.233,0.25,25.001
35.234,0.25,25.001
35.235,0.25,25.001
35.236,0.25,25.001
35.237,0.25,25.001
35.238,0.25,25.001
35.239,0.25,25.001
35.24,0.25,25.001
35.241,0.25,25.001
35.242,0.25,25.001
35.243,0.25,25.001
35.244,0.25,25.001
35.245,0.25,25.001
35.246,0.25,25.001
35.247,0.25,25.001
35.248,0.25,25.001
35.249,0.25,25.001
35.25,0.25,25.001
35.251,0.25,25.001
35.252,0.25,25.001
35.253,0.25,25.001
35.254,0.25,25.001
35.255,0.25,25.001
35.256,0.25,25.001
35.257,0.25,25.001
35.258,0.25,25.001
35.259,0.25,25.001
35.26,0.25,25.001
35.261,0.25,25.001
35.262,0.25,25.001
35.263,0.25,25.001
35.264,0.25,25.001
35.265,0.25,25.001
35.266,0.25,25.001
35.267,0.25,25.001
35.268,0.25,25.001
35.269,0.25,25.001
35.27,0.25,25.001
35.271,0.25,25.001
35.272,0.25,25.001
35.273,0.25,25.001
35.274,0.25,25.001
35.275,0.25,25.001
35.276,0.25,25.001
35.277,0.25,25.001
35.278,0.25,25.001
35.279,0.25,25.001
35.28,0.25,25.001
35.281,0.25,25.001
35.282,0.25,25.001
35.283,0.25,25.001
35.284,0.25,25.001
35.285,0.25,25.001
35.286,0.25,25.001
35.287,0.25,25.001
35.288,0.25,25.001
35.289,0.25,25.001
35.29,0.25,25.001
35.291,0.25,25.001
35.292,0.25,25.001
35.293,0.25,25.001
35.294,0.25,25.001
35.295,0.25,25.001
35.296,0.25,25.001
35.297,0.25,25.001
35.298,0.25,25.001
35.299,0.25,25.001
35.3,0.25,25.001
35.301,0.25,25.001
35.302,0.25,25.001
35.303,0.25,25.001
35.304,0.25,25.001
35.305,0.25,25.001
35.306,0.25,25.001
35.307,0.25,25.001
35.308,0.25,25.001
35.309,0.25,25.001
35.31,0.25,25.001
35.311,0.25,25.001
35.312,0.25,25.001
35.313,0.25,25.001
35.314,0.25,25.001
35.315,0.25,25.001
35.316,0.25,25.001
35.317,0.25,25.001
35.318,0.25,25.001
35.319,0.25,25.001
35.32,0.25,25.001
35.321,0.25,25.001
35.322,0.25,25.001
35.323,0.25,25.001
35.324,0.25,25.001
35.325,0.25,25.001
35.326,0.25,25.001
35.327,0.25,25.001
35.328,0.25,25.001
35.329,0.25,25.001
35.33,0.25,25.001
35.331,0.25,25.001
35.332,0.25,25.001
35.333,0.25,25.001
35.334,0.25,25.001
35.335,0.25,25.001
35.336,0.25,25.001
35.337,0.25,25.001
35.338,0.25,25.001
35.339,0.25,25.001
35.34,0.25,25.001
35.341,0.25,25.001
35.342,0.25,25.001
35.343,0.25,25.001
35.344,0.25,25.001
35.345,0.25,25.001
35.346,0.25,25.001
35.347,0.25,25.001
35.348,0.25,25.001
35.349,0.25,25.001
35.35,0.25,25.001
35.351,0.25,25.001
35.352,0.25,25.001
35.353,0.25,25.001
35.354,0.25,25.001
35.355,0.25,25.001
35.356,0.25,25.001
35.357,0.25,25.001
35.358,0.25,25.001
35.359,0.25,25.001
35.36,0.25,25.001
35.361,0.25,25.001
35.362,0.25,25.001
35.363,0.25,25.001
35.364,0.25,25.001
35.365,0.25,25.001
35.366,0.25,25.001
35.367,0.25,25.001
35.368,0.25,25.001
35.369,0.25,25.001
35.37,0.25,25.001
35.371,0.25,25.001
35.372,0.25,25.001
35.373,0.25,25.001
35.374,0.25,25.001
35.375,0.25,25.001
35.376,0.25,25.001
35.377,0.25,25.001
35.378,0.25,25.001
35.379,0.25,25.001
35.38,0.25,25.001
35.381,0.25,25.001
35.382,0.25,25.001
35.383,0.25,25.001
35.384,0.25,25.001
35.385,0.25,25.001
35.386,0.25,25.001
35.387,0.25,25.001
35.388,0.25,25.001
35.389,0.25,25.001
35.39,0.25,25.001
35.391,0.25,25.001
35.392,0.25,25.001
35.393,0.25,25.001
35.394,0.25,25.001
35.395,0.25,25.001
35.396,0.25,25.001
35.397,0.25,25.001
35.398,0.25,25.001
35.399,0.25,25.001
35.4,0.25,25.001
35.401,0.25,25.001
35.402,0.25,25.001
35.403,0.25,25.001
35.404,0.25,25.001
35.405,0.25,25.001
35.406,0.25,25.001
35.407,0.25,25.001
35.408,0.25,25.001
35.409,0.25,25.001
35.41,0.25,25.001
35.411,0.25,25.001
35.412,0.25,25.001
35.413,0.25,25.001
35.414,0.25,25.001
35.415,0.25,25.001
35.416,0.25,25.001
35.417,0.25,25.001
35.418,0.25,25.001
35.419,0.25,25.001
35.42,0.25,25.001
35.421,0.25,25.001
35.422,0.25,25.001
35.423,0.25,25.001
35.424,0.25,25.001
35.425,0.25,25.001
35.426,0.25,25.001
35.427,0.25,25.001
35.428,0.25,25.001
35.429,0.25,25.001
35.43,0.25,25.001
35.431,0.25,25.001
35.432,0.25,25.001
35.433,0.25,25.001
35.434,0.25,25.001
35.435,0.25,25.001
35.436,0.25,25.001
35.437,0.25,25.001
35.438,0.25,25.001
35.439,0.25,25.001
35.44,0.25,25.001
35.441,0.25,25.001
35.442,0.25,25.001
35.443,0.25,25.001
35.444,0.25,25.001
35.445,0.25,25.001
35.446,0.25,25.001
35.447,0.25,25.001
35.448,0.25,25.001
35.449,0.25,25.001
35.45,0.25,25.001
35.451,0.25,25.001
35.452,0.25,25.001
35.453,0.25,25.001
35.454,0.25,25.001
35.455,0.25,25.001
35.456,0.25,25.001
35.457,0.25,25.001
35.458,0.25,25.001
35.459,0.25,25.001
35.46,0.25,25.001
35.461,0.25,25.001
35.462,0.25,25.001
35.463,0.25,25.001
35.464,0.25,25.001
35.465,0.25,25.001
35.466,0.25,25.001
35.467,0.25,25.001
35.468,0.25,25.001
35.469,0.25,25.001
35.47,0.25,25.001
35.471,0.25,25.001
35.472,0.25,25.001
35.473,0.25,25.001
35.474,0.25,25.001
35.475,0.25,25.001
35.476,0.25,25.001
35.477,0.25,25.001
35.478,0.25,25.001
35.479,0.25,25.001
35.48,0.25,25.001
35.481,0.25,25.001
35.482,0.25,25.001
35.483,0.25,25.001
35.484,0.25,25.001
35.485,0.25,25.001
35.486,0.25,25.001
35.487,0.25,25.001
35.488,0.25,25.001
35.489,0.25,25.001
35.49,0.25,25.001
35.491,0.25,25.001
35.492,0.25,25.001
35.493,0.25,25.001
35.494,0.25,25.001
35.495,0.25,25.001
35.496,0.25,25.001
35.497,0.25,25.001
35.498,0.25,25.001
35.499,0.25,25.001
35.5,0.25,25.001
35.501,0.25,25.001
35.502,0.25,25.001
35.503,0.25,25.001
35.504,0.25,25.001
35.505,0.25,25.001
35.506,0.25,25.001
35.507,0.25,25.001
35.508,0.25,25.001
35.509,0.25,25.001
35.51,0.25,25.001
35.511,0.25,25.001
35.512,0.25,25.001
35.513,0.25,25.001
35.514,0.25,25.001
35.515,0.25,25.001
35.516,0.25,25.001
35.517,0.25,25.001
35.518,0.25,25.001
35.519,0.25,25.001
35.52,0.25,25.001
35.521,0.25,25.001
35.522,0.25,25.001
35.523,0.25,25.001
35.524,0.25,25.001
35.525,0.25,25.001
35.526,0.25,25.001
35.527,0.25,25.001
35.528,0.25,25.001
35.529,0.25,25.001
35.53,0.25,25.001
35.531,0.25,25.001
35.532,0.25,25.001
35.533,0.25,25.001
35.534,0.25,25.001
35.535,0.25,25.001
35.536,0.25,25.001
35.537,0.25,25.001
35.538,0.25,25.001
35.539,0.25,25.001
35.54,0.25,25.001
35.541,0.25,25.001
35.542,0.25,25.001
35.543,0.25,25.001
35.544,0.25,25.001
35.545,0.25,25.001
35.546,0.25,25.001
35.547,0.25,25.001
35.548,0.25,25.001
35.549,0.25,25.001
35.55,0.25,25.001
35.551,0.25,25.001
35.552,0.25,25.001
35.553,0.25,25.001
35.554,0.25,25.001
35.555,0.25,25.001
35.556,0.25,25.001
35.557,0.25,25.001
35.558,0.25,25.001
35.559,0.25,25.001
35.56,0.25,25.001
35.561,0.25,25.001
35.562,0.25,25.001
35.563,0.25,25.001
35.564,0.25,25.001
35.565,0.25,25.001
35.566,0.25,25.001
35.567,0.25,25.001
35.568,0.25,25.001
35.569,0.25,25.001
35.57,0.25,25.001
35.571,0.25,25.001
35.572,0.25,25.001
35.573,0.25,25.001
35.574,0.25,25.001
35.575,0.25,25.001
35.576,0.25,25.001
35.577,0.25,25.001
35.578,0.25,25.001
35.579,0.25,25.001
35.58,0.25,25.001
35.581,0.25,25.001
35.582,0.25,25.001
35.583,0.25,25.001
35.584,0.25,25.001
35.585,0.25,25.001
35.586,0.25,25.001
35.587,0.25,25.001
35.588,0.25,25.001
35.589,0.25,25.001
35.59,0.25,25.001
35.591,0.25,25.001
35.592,0.25,25.001
35.593,0.25,25.001
35.594,0.25,25.001
35.595,0.25,25.001
35.596,0.25,25.001
35.597,0.25,25.001
35.598,0.25,25.001
35.599,0.25,25.001
35.6,0.25,25.001
35.601,0.25,25.001
35.602,0.25,25.001
35.603,0.25,25.001
35.604,0.25,25.001
35.605,0.25,25.001
35.606,0.25,25.001
35.607,0.25,25.001
35.608,0.25,25.001
35.609,0.25,25.001
35.61,0.25,25.001
35.611,0.25,25.001
35.612,0.25,25.001
35.613,0.25,25.001
35.614,0.25,25.001
35.615,0.25,25.001
35.616,0.25,25.001
35.617,0.25,25.001
35.618,0.25,25.001
35.619,0.25,25.001
35.62,0.25,25.001
35.621,0.25,25.001
35.622,0.25,25.001
35.623,0.25,25.001
35.624,0.25,25.001
35.625,0.25,25.001
35.626,0.25,25.001
35.627,0.25,25.001
35.628,0.25,25.001
35.629,0.25,25.001
35.63,0.25,25.001
35.631,0.25,25.001
35.632,0.25,25.001
35.633,0.25,25.001
35.634,0.25,25.001
35.635,0.25,25.001
35.636,0.25,25.001
35.637,0.25,25.001
35.638,0.25,25.001
35.639,0.25,25.001
35.64,0.25,25.001
35.641,0.25,25.001
35.642,0.25,25.001
35.643,0.25,25.001
35.644,0.25,25.001
35.645,0.25,25.001
35.646,0.25,25.001
35.647,0.25,25.001
35.648,0.25,25.001
35.649,0.25,25.001
35.65,0.25,25.001
35.651,0.25,25.001
35.652,0.25,25.001
35.653,0.25,25.001
35.654,0.25,25.001
35.655,0.25,25.001
35.656,0.25,25.001
35.657,0.25,25.001
35.658,0.25,25.001
35.659,0.25,25.001
35.66,0.25,25.001
35.661,0.25,25.001
35.662,0.25,25.001
35.663,0.25,25.001
35.664,0.25,25.001
35.665,0.25,25.001
35.666,0.25,25.001
35.667,0.25,25.001
35.668,0.25,25.001
35.669,0.25,25.001
35.67,0.25,25.001
35.671,0.25,25.001
35.672,0.25,25.001
35.673,0.25,25.001
35.674,0.25,25.001
35.675,0.25,25.001
35.676,0.25,25.001
35.677,0.25,25.001
35.678,0.25,25.001
35.679,0.25,25.001
35.68,0.25,25.001
35.681,0.25,25.001
35.682,0.25,25.001
35.683,0.25,25.001
35.684,0.25,25.001
35.685,0.25,25.001
35.686,0.25,25.001
35.687,0.25,25.001
35.688,0.25,25.001
35.689,0.25,25.001
35.69,0.25,25.001
35.691,0.25,25.001
35.692,0.25,25.001
35.693,0.25,25.001
35.694,0.25,25.001
35.695,0.25,25.001
35.696,0.25,25.001
35.697,0.25,25.001
35.698,0.25,25.001
35.699,0.25,25.001
35.7,0.25,25.001
35.701,0.25,25.001
35.702,0.25,25.001
35.703,0.25,25.001
35.704,0.25,25.001
35.705,0.25,25.001
35.706,0.25,25.001
35.707,0.25,25.001
35.708,0.25,25.001
35.709,0.25,25.001
35.71,0.25,25.001
35.711,0.25,25.001
35.712,0.25,25.001
35.713,0.25,25.001
35.714,0.25,25.001
35.715,0.25,25.001
35.716,0.25,25.001
35.717,0.25,25.001
35.718,0.25,25.001
35.719,0.25,25.001
35.72,0.25,25.001
35.721,0.25,25.001
35.722,0.25,25.001
35.723,0.25,25.001
35.724,0.25,25.001
35.725,0.25,25.001
35.726,0.25,25.001
35.727,0.25,25.001
35.728,0.25,25.001
35.729,0.25,25.001
35.73,0.25,25.001
35.731,0.25,25.001
35.732,0.25,25.001
35.733,0.25,25.001
35.734,0.25,25.001
35.735,0.25,25.001
35.736,0.25,25.001
35.737,0.25,25.001
35.738,0.25,25.001
35.739,0.25,25.001
35.74,0.25,25.001
35.741,0.25,25.001
35.742,0.25,25.001
35.743,0.25,25.001
35.744,0.25,25.001
35.745,0.25,25.001
35.746,0.25,25.001
35.747,0.25,25.001
35.748,0.25,25.001
35.749,0.25,25.001
35.75,0.25,25.001
35.751,0.25,25.001
35.752,0.25,25.001
35.753,0.25,25.001
35.754,0.25,25.001
35.755,0.25,25.001
35.756,0.25,25.001
35.757,0.25,25.001
35.758,0.25,25.001
35.759,0.25,25.001
35.76,0.25,25.001
35.761,0.25,25.001
35.762,0.25,25.001
35.763,0.25,25.001
35.764,0.25,25.001
35.765,0.25,25.001
35.766,0.25,25.001
35.767,0.25,25.001
35.768,0.25,25.001
35.769,0.25,25.001
35.77,0.25,25.001
35.771,0.25,25.001
35.772,0.25,25.001
35.773,0.25,25.001
35.774,0.25,25.001
35.775,0.25,25.001
35.776,0.25,25.001
35.777,0.25,25.001
35.778,0.25,25.001
35.779,0.25,25.001
35.78,0.25,25.001
35.781,0.25,25.001
35.782,0.25,25.001
35.783,0.25,25.001
35.784,0.25,25.001
35.785,0.25,25.001
35.786,0.25,25.001
35.787,0.25,25.001
35.788,0.25,25.001
35.789,0.25,25.001
35.79,0.25,25.001
35.791,0.25,25.001
35.792,0.25,25.001
35.793,0.25,25.001
35.794,0.25,25.001
35.795,0.25,25.001
35.796,0.25,25.001
35.797,0.25,25.001
35.798,0.25,25.001
35.799,0.25,25.001
35.8,0.25,25.001
35.801,0.25,25.001
35.802,0.25,25.001
35.803,0.25,25.001
35.804,0.25,25.001
35.805,0.25,25.001
35.806,0.25,25.001
35.807,0.25,25.001
35.808,0.25,25.001
35.809,0.25,25.001
35.81,0.25,25.001
35.811,0.25,25.001
35.812,0.25,25.001
35.813,0.25,25.001
35.814,0.25,25.001
35.815,0.25,25.001
35.816,0.25,25.001
35.817,0.25,25.001
35.818,0.25,25.001
35.819,0.25,25.001
35.82,0.25,25.001
35.821,0.25,25.001
35.822,0.25,25.001
35.823,0.25,25.001
35.824,0.25,25.001
35.825,0.25,25.001
35.826,0.25,25.001
35.827,0.25,25.001
35.828,0.25,25.001
35.829,0.25,25.001
35.83,0.25,25.001
35.831,0.25,25.001
35.832,0.25,25.001
35.833,0.25,25.001
35.834,0.25,25.001
35.835,0.25,25.001
35.836,0.25,25.001
35.837,0.25,25.001
35.838,0.25,25.001
35.839,0.25,25.001
35.84,0.25,25.001
35.841,0.25,25.001
35.842,0.25,25.001
35.843,0.25,25.001
35.844,0.25,25.001
35.845,0.25,25.001
35.846,0.25,25.001
35.847,0.25,25.001
35.848,0.25,25.001
35.849,0.25,25.001
35.85,0.25,25.001
35.851,0.25,25.001
35.852,0.25,25.001
35.853,0.25,25.001
35.854,0.25,25.001
35.855,0.25,25.001
35.856,0.25,25.001
35.857,0.25,25.001
35.858,0.25,25.001
35.859,0.25,25.001
35.86,0.25,25.001
35.861,0.25,25.001
35.862,0.25,25.001
35.863,0.25,25.001
35.864,0.25,25.001
35.865,0.25,25.001
35.866,0.25,25.001
35.867,0.25,25.001
35.868,0.25,25.001
35.869,0.25,25.001
35.87,0.25,25.001
35.871,0.25,25.001
35.872,0.25,25.001
35.873,0.25,25.001
35.874,0.25,25.001
35.875,0.25,25.001
35.876,0.25,25.001
35.877,0.25,25.001
35.878,0.25,25.001
35.879,0.25,25.001
35.88,0.25,25.001
35.881,0.25,25.001
35.882,0.25,25.001
35.883,0.25,25.001
35.884,0.25,25.001
35.885,0.25,25.001
35.886,0.25,25.001
35.887,0.25,25.001
35.888,0.25,25.001
35.889,0.25,25.001
35.89,0.25,25.001
35.891,0.25,25.001
35.892,0.25,25.001
35.893,0.25,25.001
35.894,0.25,25.001
35.895,0.25,25.001
35.896,0.25,25.001
35.897,0.25,25.001
35.898,0.25,25.001
35.899,0.25,25.001
35.9,0.25,25.001
35.901,0.25,25.001
35.902,0.25,25.001
35.903,0.25,25.001
35.904,0.25,25.001
35.905,0.25,25.001
35.906,0.25,25.001
35.907,0.25,25.001
35.908,0.25,25.001
35.909,0.25,25.001
35.91,0.25,25.001
35.911,0.25,25.001
35.912,0.25,25.001
35.913,0.25,25.001
35.914,0.25,25.001
35.915,0.25,25.001
35.916,0.25,25.001
35.917,0.25,25.001
35.918,0.25,25.001
35.919,0.25,25.001
35.92,0.25,25.001
35.921,0.25,25.001
35.922,0.25,25.001
35.923,0.25,25.001
35.924,0.25,25.001
35.925,0.25,25.001
35.926,0.25,25.001
35.927,0.25,25.001
35.928,0.25,25.001
35.929,0.25,25.001
35.93,0.25,25.001
35.931,0.25,25.001
35.932,0.25,25.001
35.933,0.25,25.001
35.934,0.25,25.001
35.935,0.25,25.001
35.936,0.25,25.001
35.937,0.25,25.001
35.938,0.25,25.001
35.939,0.25,25.001
35.94,0.25,25.001
35.941,0.25,25.001
35.942,0.25,25.001
35.943,0.25,25.001
35.944,0.25,25.001
35.945,0.25,25.001
35.946,0.25,25.001
35.947,0.25,25.001
35.948,0.25,25.001
35.949,0.25,25.001
35.95,0.25,25.001
35.951,0.25,25.001
35.952,0.25,25.001
35.953,0.25,25.001
35.954,0.25,25.001
35.955,0.25,25.001
35.956,0.25,25.001
35.957,0.25,25.001
35.958,0.25,25.001
35.959,0.25,25.001
35.96,0.25,25.001
35.961,0.25,25.001
35.962,0.25,25.001
35.963,0.25,25.001
35.964,0.25,25.001
35.965,0.25,25.001
35.966,0.25,25.001
35.967,0.25,25.001
35.968,0.25,25.001
35.969,0.25,25.001
35.97,0.25,25.001
35.971,0.25,25.001
35.972,0.25,25.001
35.973,0.25,25.001
35.974,0.25,25.001
35.975,0.25,25.001
35.976,0.25,25.001
35.977,0.25,25.001
35.978,0.25,25.001
35.979,0.25,25.001
35.98,0.25,25.001
35.981,0.25,25.001
35.982,0.25,25.001
35.983,0.25,25.001
35.984,0.25,25.001
35.985,0.25,25.001
35.986,0.25,25.001
35.987,0.25,25.001
35.988,0.25,25.001
35.989,0.25,25.001
35.99,0.25,25.001
35.991,0.25,25.001
35.992,0.25,25.001
35.993,0.25,25.001
35.994,0.25,25.001
35.995,0.25,25.001
35.996,0.25,25.001
35.997,0.25,25.001
35.998,0.25,25.001
35.999,0.25,25.001
36,0.25,25.001
36.001,0.25,25.001
36.002,0.25,25.001
36.003,0.25,25.001
36.004,0.25,25.001
36.005,0.25,25.001
36.006,0.25,25.001
36.007,0.25,25.001
36.008,0.25,25.001
36.009,0.25,25.001
36.01,0.25,25.001
36.011,0.25,25.001
36.012,0.25,25.001
36.013,0.25,25.001
36.014,0.25,25.001
36.015,0.25,25.001
36.016,0.25,25.001
36.017,0.25,25.001
36.018,0.25,25.001
36.019,0.25,25.001
36.02,0.25,25.001
36.021,0.25,25.001
36.022,0.25,25.001
36.023,0.25,25.001
36.024,0.25,25.001
36.025,0.25,25.001
36.026,0.25,25.001
36.027,0.25,25.001
36.028,0.25,25.001
36.029,0.25,25.001
36.03,0.25,25.001
36.031,0.25,25.001
36.032,0.25,25.001
36.033,0.25,25.001
36.034,0.25,25.001
36.035,0.25,25.001
36.036,0.25,25.001
36.037,0.25,25.001
36.038,0.25,25.001
36.039,0.25,25.001
36.04,0.25,25.001
36.041,0.25,25.001
36.042,0.25,25.001
36.043,0.25,25.001
36.044,0.25,25.001
36.045,0.25,25.001
36.046,0.25,25.001
36.047,0.25,25.001
36.048,0.25,25.001
36.049,0.25,25.001
36.05,0.25,25.001
36.051,0.25,25.001
36.052,0.25,25.001
36.053,0.25,25.001
36.054,0.25,25.001
36.055,0.25,25.001
36.056,0.25,25.001
36.057,0.25,25.001
36.058,0.25,25.001
36.059,0.25,25.001
36.06,0.25,25.001
36.061,0.25,25.001
36.062,0.25,25.001
36.063,0.25,25.001
36.064,0.25,25.001
36.065,0.25,25.001
36.066,0.25,25.001
36.067,0.25,25.001
36.068,0.25,25.001
36.069,0.25,25.001
36.07,0.25,25.001
36.071,0.25,25.001
36.072,0.25,25.001
36.073,0.25,25.001
36.074,0.25,25.001
36.075,0.25,25.001
36.076,0.25,25.001
36.077,0.25,25.001
36.078,0.25,25.001
36.079,0.25,25.001
36.08,0.25,25.001
36.081,0.25,25.001
36.082,0.25,25.001
36.083,0.25,25.001
36.084,0.25,25.001
36.085,0.25,25.001
36.086,0.25,25.001
36.087,0.25,25.001
36.088,0.25,25.001
36.089,0.25,25.001
36.09,0.25,25.001
36.091,0.25,25.001
36.092,0.25,25.001
36.093,0.25,25.001
36.094,0.25,25.001
36.095,0.25,25.001
36.096,0.25,25.001
36.097,0.25,25.001
36.098,0.25,25.001
36.099,0.25,25.001
36.1,0.25,25.001
36.101,0.25,25.001
36.102,0.25,25.001
36.103,0.25,25.001
36.104,0.25,25.001
36.105,0.25,25.001
36.106,0.25,25.001
36.107,0.25,25.001
36.108,0.25,25.001
36.109,0.25,25.001
36.11,0.25,25.001
36.111,0.25,25.001
36.112,0.25,25.001
36.113,0.25,25.001
36.114,0.25,25.001
36.115,0.25,25.001
36.116,0.25,25.001
36.117,0.25,25.001
36.118,0.25,25.001
36.119,0.25,25.001
36.12,0.25,25.001
36.121,0.25,25.001
36.122,0.25,25.001
36.123,0.25,25.001
36.124,0.25,25.001
36.125,0.25,25.001
36.126,0.25,25.001
36.127,0.25,25.001
36.128,0.25,25.001
36.129,0.25,25.001
36.13,0.25,25.001
36.131,0.25,25.001
36.132,0.25,25.001
36.133,0.25,25.001
36.134,0.25,25.001
36.135,0.25,25.001
36.136,0.25,25.001
36.137,0.25,25.001
36.138,0.25,25.001
36.139,0.25,25.001
36.14,0.25,25.001
36.141,0.25,25.001
36.142,0.25,25.001
36.143,0.25,25.001
36.144,0.25,25.001
36.145,0.25,25.001
36.146,0.25,25.001
36.147,0.25,25.001
36.148,0.25,25.001
36.149,0.25,25.001
36.15,0.25,25.001
36.151,0.25,25.001
36.152,0.25,25.001
36.153,0.25,25.001
36.154,0.25,25.001
36.155,0.25,25.001
36.156,0.25,25.001
36.157,0.25,25.001
36.158,0.25,25.001
36.159,0.25,25.001
36.16,0.25,25.001
36.161,0.25,25.001
36.162,0.25,25.001
36.163,0.25,25.001
36.164,0.25,25.001
36.165,0.25,25.001
36.166,0.25,25.001
36.167,0.25,25.001
36.168,0.25,25.001
36.169,0.25,25.001
36.17,0.25,25.001
36.171,0.25,25.001
36.172,0.25,25.001
36.173,0.25,25.001
36.174,0.25,25.001
36.175,0.25,25.001
36.176,0.25,25.001
36.177,0.25,25.001
36.178,0.25,25.001
36.179,0.25,25.001
36.18,0.25,25.001
36.181,0.25,25.001
36.182,0.25,25.001
36.183,0.25,25.001
36.184,0.25,25.001
36.185,0.25,25.001
36.186,0.25,25.001
36.187,0.25,25.001
36.188,0.25,25.001
36.189,0.25,25.001
36.19,0.25,25.001
36.191,0.25,25.001
36.192,0.25,25.001
36.193,0.25,25.001
36.194,0.25,25.001
36.195,0.25,25.001
36.196,0.25,25.001
36.197,0.25,25.001
36.198,0.25,25.001
36.199,0.25,25.001
36.2,0.25,25.001
36.201,0.25,25.001
36.202,0.25,25.001
36.203,0.25,25.001
36.204,0.25,25.001
36.205,0.25,25.001
36.206,0.25,25.001
36.207,0.25,25.001
36.208,0.25,25.001
36.209,0.25,25.001
36.21,0.25,25.001
36.211,0.25,25.001
36.212,0.25,25.001
36.213,0.25,25.001
36.214,0.25,25.001
36.215,0.25,25.001
36.216,0.25,25.001
36.217,0.25,25.001
36.218,0.25,25.001
36.219,0.25,25.001
36.22,0.25,25.001
36.221,0.25,25.001
36.222,0.25,25.001
36.223,0.25,25.001
36.224,0.25,25.001
36.225,0.25,25.001
36.226,0.25,25.001
36.227,0.25,25.001
36.228,0.25,25.001
36.229,0.25,25.001
36.23,0.25,25.001
36.231,0.25,25.001
36.232,0.25,25.001
36.233,0.25,25.001
36.234,0.25,25.001
36.235,0.25,25.001
36.236,0.25,25.001
36.237,0.25,25.001
36.238,0.25,25.001
36.239,0.25,25.001
36.24,0.25,25.001
36.241,0.25,25.001
36.242,0.25,25.001
36.243,0.25,25.001
36.244,0.25,25.001
36.245,0.25,25.001
36.246,0.25,25.001
36.247,0.25,25.001
36.248,0.25,25.001
36.249,0.25,25.001
36.25,0.25,25.001
36.251,0.25,25.001
36.252,0.25,25.001
36.253,0.25,25.001
36.254,0.25,25.001
36.255,0.25,25.001
36.256,0.25,25.001
36.257,0.25,25.001
36.258,0.25,25.001
36.259,0.25,25.001
36.26,0.25,25.001
36.261,0.25,25.001
36.262,0.25,25.001
36.263,0.25,25.001
36.264,0.25,25.001
36.265,0.25,25.001
36.266,0.25,25.001
36.267,0.25,25.001
36.268,0.25,25.001
36.269,0.25,25.001
36.27,0.25,25.001
36.271,0.25,25.001
36.272,0.25,25.001
36.273,0.25,25.001
36.274,0.25,25.001
36.275,0.25,25.001
36.276,0.25,25.001
36.277,0.25,25.001
36.278,0.25,25.001
36.279,0.25,25.001
36.28,0.25,25.001
36.281,0.25,25.001
36.282,0.25,25.001
36.283,0.25,25.001
36.284,0.25,25.001
36.285,0.25,25.001
36.286,0.25,25.001
36.287,0.25,25.001
36.288,0.25,25.001
36.289,0.25,25.001
36.29,0.25,25.001
36.291,0.25,25.001
36.292,0.25,25.001
36.293,0.25,25.001
36.294,0.25,25.001
36.295,0.25,25.001
36.296,0.25,25.001
36.297,0.25,25.001
36.298,0.25,25.001
36.299,0.25,25.001
36.3,0.25,25.001
36.301,0.25,25.001
36.302,0.25,25.001
36.303,0.25,25.001
36.304,0.25,25.001
36.305,0.25,25.001
36.306,0.25,25.001
36.307,0.25,25.001
36.308,0.25,25.001
36.309,0.25,25.001
36.31,0.25,25.001
36.311,0.25,25.001
36.312,0.25,25.001
36.313,0.25,25.001
36.314,0.25,25.001
36.315,0.25,25.001
36.316,0.25,25.001
36.317,0.25,25.001
36.318,0.25,25.001
36.319,0.25,25.001
36.32,0.25,25.001
36.321,0.25,25.001
36.322,0.25,25.001
36.323,0.25,25.001
36.324,0.25,25.001
36.325,0.25,25.001
36.326,0.25,25.001
36.327,0.25,25.001
36.328,0.25,25.001
36.329,0.25,25.001
36.33,0.25,25.001
36.331,0.25,25.001
36.332,0.25,25.001
36.333,0.25,25.001
36.334,0.25,25.001
36.335,0.25,25.001
36.336,0.25,25.001
36.337,0.25,25.001
36.338,0.25,25.001
36.339,0.25,25.001
36.34,0.25,25.001
36.341,0.25,25.001
36.342,0.25,25.001
36.343,0.25,25.001
36.344,0.25,25.001
36.345,0.25,25.001
36.346,0.25,25.001
36.347,0.25,25.001
36.348,0.25,25.001
36.349,0.25,25.001
36.35,0.25,25.001
36.351,0.25,25.001
36.352,0.25,25.001
36.353,0.25,25.001
36.354,0.25,25.001
36.355,0.25,25.001
36.356,0.25,25.001
36.357,0.25,25.001
36.358,0.25,25.001
36.359,0.25,25.001
36.36,0.25,25.001
36.361,0.25,25.001
36.362,0.25,25.001
36.363,0.25,25.001
36.364,0.25,25.001
36.365,0.25,25.001
36.366,0.25,25.001
36.367,0.25,25.001
36.368,0.25,25.001
36.369,0.25,25.001
36.37,0.25,25.001
36.371,0.25,25.001
36.372,0.25,25.001
36.373,0.25,25.001
36.374,0.25,25.001
36.375,0.25,25.001
36.376,0.25,25.001
36.377,0.25,25.001
36.378,0.25,25.001
36.379,0.25,25.001
36.38,0.25,25.001
36.381,0.25,25.001
36.382,0.25,25.001
36.383,0.25,25.001
36.384,0.25,25.001
36.385,0.25,25.001
36.386,0.25,25.001
36.387,0.25,25.001
36.388,0.25,25.001
36.389,0.25,25.001
36.39,0.25,25.001
36.391,0.25,25.001
36.392,0.25,25.001
36.393,0.25,25.001
36.394,0.25,25.001
36.395,0.25,25.001
36.396,0.25,25.001
36.397,0.25,25.001
36.398,0.25,25.001
36.399,0.25,25.001
36.4,0.25,25.001
36.401,0.25,25.001
36.402,0.25,25.001
36.403,0.25,25.001
36.404,0.25,25.001
36.405,0.25,25.001
36.406,0.25,25.001
36.407,0.25,25.001
36.408,0.25,25.001
36.409,0.25,25.001
36.41,0.25,25.001
36.411,0.25,25.001
36.412,0.25,25.001
36.413,0.25,25.001
36.414,0.25,25.001
36.415,0.25,25.001
36.416,0.25,25.001
36.417,0.25,25.001
36.418,0.25,25.001
36.419,0.25,25.001
36.42,0.25,25.001
36.421,0.25,25.001
36.422,0.25,25.001
36.423,0.25,25.001
36.424,0.25,25.001
36.425,0.25,25.001
36.426,0.25,25.001
36.427,0.25,25.001
36.428,0.25,25.001
36.429,0.25,25.001
36.43,0.25,25.001
36.431,0.25,25.001
36.432,0.25,25.001
36.433,0.25,25.001
36.434,0.25,25.001
36.435,0.25,25.001
36.436,0.25,25.001
36.437,0.25,25.001
36.438,0.25,25.001
36.439,0.25,25.001
36.44,0.25,25.001
36.441,0.25,25.001
36.442,0.25,25.001
36.443,0.25,25.001
36.444,0.25,25.001
36.445,0.25,25.001
36.446,0.25,25.001
36.447,0.25,25.001
36.448,0.25,25.001
36.449,0.25,25.001
36.45,0.25,25.001
36.451,0.25,25.001
36.452,0.25,25.001
36.453,0.25,25.001
36.454,0.25,25.001
36.455,0.25,25.001
36.456,0.25,25.001
36.457,0.25,25.001
36.458,0.25,25.001
36.459,0.25,25.001
36.46,0.25,25.001
36.461,0.25,25.001
36.462,0.25,25.001
36.463,0.25,25.001
36.464,0.25,25.001
36.465,0.25,25.001
36.466,0.25,25.001
36.467,0.25,25.001
36.468,0.25,25.001
36.469,0.25,25.001
36.47,0.25,25.001
36.471,0.25,25.001
36.472,0.25,25.001
36.473,0.25,25.001
36.474,0.25,25.001
36.475,0.25,25.001
36.476,0.25,25.001
36.477,0.25,25.001
36.478,0.25,25.001
36.479,0.25,25.001
36.48,0.25,25.001
36.481,0.25,25.001
36.482,0.25,25.001
36.483,0.25,25.001
36.484,0.25,25.001
36.485,0.25,25.001
36.486,0.25,25.001
36.487,0.25,25.001
36.488,0.25,25.001
36.489,0.25,25.001
36.49,0.25,25.001
36.491,0.25,25.001
36.492,0.25,25.001
36.493,0.25,25.001
36.494,0.25,25.001
36.495,0.25,25.001
36.496,0.25,25.001
36.497,0.25,25.001
36.498,0.25,25.001
36.499,0.25,25.001
36.5,0.25,25.001
36.501,0.25,25.001
36.502,0.25,25.001
36.503,0.25,25.001
36.504,0.25,25.001
36.505,0.25,25.001
36.506,0.25,25.001
36.507,0.25,25.001
36.508,0.25,25.001
36.509,0.25,25.001
36.51,0.25,25.001
36.511,0.25,25.001
36.512,0.25,25.001
36.513,0.25,25.001
36.514,0.25,25.001
36.515,0.25,25.001
36.516,0.25,25.001
36.517,0.25,25.001
36.518,0.25,25.001
36.519,0.25,25.001
36.52,0.25,25.001
36.521,0.25,25.001
36.522,0.25,25.001
36.523,0.25,25.001
36.524,0.25,25.001
36.525,0.25,25.001
36.526,0.25,25.001
36.527,0.25,25.001
36.528,0.25,25.001
36.529,0.25,25.001
36.53,0.25,25.001
36.531,0.25,25.001
36.532,0.25,25.001
36.533,0.25,25.001
36.534,0.25,25.001
36.535,0.25,25.001
36.536,0.25,25.001
36.537,0.25,25.001
36.538,0.25,25.001
36.539,0.25,25.001
36.54,0.25,25.001
36.541,0.25,25.001
36.542,0.25,25.001
36.543,0.25,25.001
36.544,0.25,25.001
36.545,0.25,25.001
36.546,0.25,25.001
36.547,0.25,25.001
36.548,0.25,25.001
36.549,0.25,25.001
36.55,0.25,25.001
36.551,0.25,25.001
36.552,0.25,25.001
36.553,0.25,25.001
36.554,0.25,25.001
36.555,0.25,25.001
36.556,0.25,25.001
36.557,0.25,25.001
36.558,0.25,25.001
36.559,0.25,25.001
36.56,0.25,25.001
36.561,0.25,25.001
36.562,0.25,25.001
36.563,0.25,25.001
36.564,0.25,25.001
36.565,0.25,25.001
36.566,0.25,25.001
36.567,0.25,25.001
36.568,0.25,25.001
36.569,0.25,25.001
36.57,0.25,25.001
36.571,0.25,25.001
36.572,0.25,25.001
36.573,0.25,25.001
36.574,0.25,25.001
36.575,0.25,25.001
36.576,0.25,25.001
36.577,0.25,25.001
36.578,0.25,25.001
36.579,0.25,25.001
36.58,0.25,25.001
36.581,0.25,25.001
36.582,0.25,25.001
36.583,0.25,25.001
36.584,0.25,25.001
36.585,0.25,25.001
36.586,0.25,25.001
36.587,0.25,25.001
36.588,0.25,25.001
36.589,0.25,25.001
36.59,0.25,25.001
36.591,0.25,25.001
36.592,0.25,25.001
36.593,0.25,25.001
36.594,0.25,25.001
36.595,0.25,25.001
36.596,0.25,25.001
36.597,0.25,25.001
36.598,0.25,25.001
36.599,0.25,25.001
36.6,0.25,25.001
36.601,0.25,25.001
36.602,0.25,25.001
36.603,0.25,25.001
36.604,0.25,25.001
36.605,0.25,25.001
36.606,0.25,25.001
36.607,0.25,25.001
36.608,0.25,25.001
36.609,0.25,25.001
36.61,0.25,25.001
36.611,0.25,25.001
36.612,0.25,25.001
36.613,0.25,25.001
36.614,0.25,25.001
36.615,0.25,25.001
36.616,0.25,25.001
36.617,0.25,25.001
36.618,0.25,25.001
36.619,0.25,25.001
36.62,0.25,25.001
36.621,0.25,25.001
36.622,0.25,25.001
36.623,0.25,25.001
36.624,0.25,25.001
36.625,0.25,25.001
36.626,0.25,25.001
36.627,0.25,25.001
36.628,0.25,25.001
36.629,0.25,25.001
36.63,0.25,25.001
36.631,0.25,25.001
36.632,0.25,25.001
36.633,0.25,25.001
36.634,0.25,25.001
36.635,0.25,25.001
36.636,0.25,25.001
36.637,0.25,25.001
36.638,0.25,25.001
36.639,0.25,25.001
36.64,0.25,25.001
36.641,0.25,25.001
36.642,0.25,25.001
36.643,0.25,25.001
36.644,0.25,25.001
36.645,0.25,25.001
36.646,0.25,25.001
36.647,0.25,25.001
36.648,0.25,25.001
36.649,0.25,25.001
36.65,0.25,25.001
36.651,0.25,25.001
36.652,0.25,25.001
36.653,0.25,25.001
36.654,0.25,25.001
36.655,0.25,25.001
36.656,0.25,25.001
36.657,0.25,25.001
36.658,0.25,25.001
36.659,0.25,25.001
36.66,0.25,25.001
36.661,0.25,25.001
36.662,0.25,25.001
36.663,0.25,25.001
36.664,0.25,25.001
36.665,0.25,25.001
36.666,0.25,25.001
36.667,0.25,25.001
36.668,0.25,25.001
36.669,0.25,25.001
36.67,0.25,25.001
36.671,0.25,25.001
36.672,0.25,25.001
36.673,0.25,25.001
36.674,0.25,25.001
36.675,0.25,25.001
36.676,0.25,25.001
36.677,0.25,25.001
36.678,0.25,25.001
36.679,0.25,25.001
36.68,0.25,25.001
36.681,0.25,25.001
36.682,0.25,25.001
36.683,0.25,25.001
36.684,0.25,25.001
36.685,0.25,25.001
36.686,0.25,25.001
36.687,0.25,25.001
36.688,0.25,25.001
36.689,0.25,25.001
36.69,0.25,25.001
36.691,0.25,25.001
36.692,0.25,25.001
36.693,0.25,25.001
36.694,0.25,25.001
36.695,0.25,25.001
36.696,0.25,25.001
36.697,0.25,25.001
36.698,0.25,25.001
36.699,0.25,25.001
36.7,0.25,25.001
36.701,0.25,25.001
36.702,0.25,25.001
36.703,0.25,25.001
36.704,0.25,25.001
36.705,0.25,25.001
36.706,0.25,25.001
36.707,0.25,25.001
36.708,0.25,25.001
36.709,0.25,25.001
36.71,0.25,25.001
36.711,0.25,25.001
36.712,0.25,25.001
36.713,0.25,25.001
36.714,0.25,25.001
36.715,0.25,25.001
36.716,0.25,25.001
36.717,0.25,25.001
36.718,0.25,25.001
36.719,0.25,25.001
36.72,0.25,25.001
36.721,0.25,25.001
36.722,0.25,25.001
36.723,0.25,25.001
36.724,0.25,25.001
36.725,0.25,25.001
36.726,0.25,25.001
36.727,0.25,25.001
36.728,0.25,25.001
36.729,0.25,25.001
36.73,0.25,25.001
36.731,0.25,25.001
36.732,0.25,25.001
36.733,0.25,25.001
36.734,0.25,25.001
36.735,0.25,25.001
36.736,0.25,25.001
36.737,0.25,25.001
36.738,0.25,25.001
36.739,0.25,25.001
36.74,0.25,25.001
36.741,0.25,25.001
36.742,0.25,25.001
36.743,0.25,25.001
36.744,0.25,25.001
36.745,0.25,25.001
36.746,0.25,25.001
36.747,0.25,25.001
36.748,0.25,25.001
36.749,0.25,25.001
36.75,0.25,25.001
36.751,0.25,25.001
36.752,0.25,25.001
36.753,0.25,25.001
36.754,0.25,25.001
36.755,0.25,25.001
36.756,0.25,25.001
36.757,0.25,25.001
36.758,0.25,25.001
36.759,0.25,25.001
36.76,0.25,25.001
36.761,0.25,25.001
36.762,0.25,25.001
36.763,0.25,25.001
36.764,0.25,25.001
36.765,0.25,25.001
36.766,0.25,25.001
36.767,0.25,25.001
36.768,0.25,25.001
36.769,0.25,25.001
36.77,0.25,25.001
36.771,0.25,25.001
36.772,0.25,25.001
36.773,0.25,25.001
36.774,0.25,25.001
36.775,0.25,25.001
36.776,0.25,25.001
36.777,0.25,25.001
36.778,0.25,25.001
36.779,0.25,25.001
36.78,0.25,25.001
36.781,0.25,25.001
36.782,0.25,25.001
36.783,0.25,25.001
36.784,0.25,25.001
36.785,0.25,25.001
36.786,0.25,25.001
36.787,0.25,25.001
36.788,0.25,25.001
36.789,0.25,25.001
36.79,0.25,25.001
36.791,0.25,25.001
36.792,0.25,25.001
36.793,0.25,25.001
36.794,0.25,25.001
36.795,0.25,25.001
36.796,0.25,25.001
36.797,0.25,25.001
36.798,0.25,25.001
36.799,0.25,25.001
36.8,0.25,25.001
36.801,0.25,25.001
36.802,0.25,25.001
36.803,0.25,25.001
36.804,0.25,25.001
36.805,0.25,25.001
36.806,0.25,25.001
36.807,0.25,25.001
36.808,0.25,25.001
36.809,0.25,25.001
36.81,0.25,25.001
36.811,0.25,25.001
36.812,0.25,25.001
36.813,0.25,25.001
36.814,0.25,25.001
36.815,0.25,25.001
36.816,0.25,25.001
36.817,0.25,25.001
36.818,0.25,25.001
36.819,0.25,25.001
36.82,0.25,25.001
36.821,0.25,25.001
36.822,0.25,25.001
36.823,0.25,25.001
36.824,0.25,25.001
36.825,0.25,25.001
36.826,0.25,25.001
36.827,0.25,25.001
36.828,0.25,25.001
36.829,0.25,25.001
36.83,0.25,25.001
36.831,0.25,25.001
36.832,0.25,25.001
36.833,0.25,25.001
36.834,0.25,25.001
36.835,0.25,25.001
36.836,0.25,25.001
36.837,0.25,25.001
36.838,0.25,25.001
36.839,0.25,25.001
36.84,0.25,25.001
36.841,0.25,25.001
36.842,0.25,25.001
36.843,0.25,25.001
36.844,0.25,25.001
36.845,0.25,25.001
36.846,0.25,25.001
36.847,0.25,25.001
36.848,0.25,25.001
36.849,0.25,25.001
36.85,0.25,25.001
36.851,0.25,25.001
36.852,0.25,25.001
36.853,0.25,25.001
36.854,0.25,25.001
36.855,0.25,25.001
36.856,0.25,25.001
36.857,0.25,25.001
36.858,0.25,25.001
36.859,0.25,25.001
36.86,0.25,25.001
36.861,0.25,25.001
36.862,0.25,25.001
36.863,0.25,25.001
36.864,0.25,25.001
36.865,0.25,25.001
36.866,0.25,25.001
36.867,0.25,25.001
36.868,0.25,25.001
36.869,0.25,25.001
36.87,0.25,25.001
36.871,0.25,25.001
36.872,0.25,25.001
36.873,0.25,25.001
36.874,0.25,25.001
36.875,0.25,25.001
36.876,0.25,25.001
36.877,0.25,25.001
36.878,0.25,25.001
36.879,0.25,25.001
36.88,0.25,25.001
36.881,0.25,25.001
36.882,0.25,25.001
36.883,0.25,25.001
36.884,0.25,25.001
36.885,0.25,25.001
36.886,0.25,25.001
36.887,0.25,25.001
36.888,0.25,25.001
36.889,0.25,25.001
36.89,0.25,25.001
36.891,0.25,25.001
36.892,0.25,25.001
36.893,0.25,25.001
36.894,0.25,25.001
36.895,0.25,25.001
36.896,0.25,25.001
36.897,0.25,25.001
36.898,0.25,25.001
36.899,0.25,25.001
36.9,0.25,25.001
36.901,0.25,25.001
36.902,0.25,25.001
36.903,0.25,25.001
36.904,0.25,25.001
36.905,0.25,25.001
36.906,0.25,25.001
36.907,0.25,25.001
36.908,0.25,25.001
36.909,0.25,25.001
36.91,0.25,25.001
36.911,0.25,25.001
36.912,0.25,25.001
36.913,0.25,25.001
36.914,0.25,25.001
36.915,0.25,25.001
36.916,0.25,25.001
36.917,0.25,25.001
36.918,0.25,25.001
36.919,0.25,25.001
36.92,0.25,25.001
36.921,0.25,25.001
36.922,0.25,25.001
36.923,0.25,25.001
36.924,0.25,25.001
36.925,0.25,25.001
36.926,0.25,25.001
36.927,0.25,25.001
36.928,0.25,25.001
36.929,0.25,25.001
36.93,0.25,25.001
36.931,0.25,25.001
36.932,0.25,25.001
36.933,0.25,25.001
36.934,0.25,25.001
36.935,0.25,25.001
36.936,0.25,25.001
36.937,0.25,25.001
36.938,0.25,25.001
36.939,0.25,25.001
36.94,0.25,25.001
36.941,0.25,25.001
36.942,0.25,25.001
36.943,0.25,25.001
36.944,0.25,25.001
36.945,0.25,25.001
36.946,0.25,25.001
36.947,0.25,25.001
36.948,0.25,25.001
36.949,0.25,25.001
36.95,0.25,25.001
36.951,0.25,25.001
36.952,0.25,25.001
36.953,0.25,25.001
36.954,0.25,25.001
36.955,0.25,25.001
36.956,0.25,25.001
36.957,0.25,25.001
36.958,0.25,25.001
36.959,0.25,25.001
36.96,0.25,25.001
36.961,0.25,25.001
36.962,0.25,25.001
36.963,0.25,25.001
36.964,0.25,25.001
36.965,0.25,25.001
36.966,0.25,25.001
36.967,0.25,25.001
36.968,0.25,25.001
36.969,0.25,25.001
36.97,0.25,25.001
36.971,0.25,25.001
36.972,0.25,25.001
36.973,0.25,25.001
36.974,0.25,25.001
36.975,0.25,25.001
36.976,0.25,25.001
36.977,0.25,25.001
36.978,0.25,25.001
36.979,0.25,25.001
36.98,0.25,25.001
36.981,0.25,25.001
36.982,0.25,25.001
36.983,0.25,25.001
36.984,0.25,25.001
36.985,0.25,25.001
36.986,0.25,25.001
36.987,0.25,25.001
36.988,0.25,25.001
36.989,0.25,25.001
36.99,0.25,25.001
36.991,0.25,25.001
36.992,0.25,25.001
36.993,0.25,25.001
36.994,0.25,25.001
36.995,0.25,25.001
36.996,0.25,25.001
36.997,0.25,25.001
36.998,0.25,25.001
36.999,0.25,25.001
37,0.25,25.001
37.001,0.25,25.001
37.002,0.25,25.001
37.003,0.25,25.001
37.004,0.25,25.001
37.005,0.25,25.001
37.006,0.25,25.001
37.007,0.25,25.001
37.008,0.25,25.001
37.009,0.25,25.001
37.01,0.25,25.001
37.011,0.25,25.001
37.012,0.25,25.001
37.013,0.25,25.001
37.014,0.25,25.001
37.015,0.25,25.001
37.016,0.25,25.001
37.017,0.25,25.001
37.018,0.25,25.001
37.019,0.25,25.001
37.02,0.25,25.001
37.021,0.25,25.001
37.022,0.25,25.001
37.023,0.25,25.001
37.024,0.25,25.001
37.025,0.25,25.001
37.026,0.25,25.001
37.027,0.25,25.001
37.028,0.25,25.001
37.029,0.25,25.001
37.03,0.25,25.001
37.031,0.25,25.001
37.032,0.25,25.001
37.033,0.25,25.001
37.034,0.25,25.001
37.035,0.25,25.001
37.036,0.25,25.001
37.037,0.25,25.001
37.038,0.25,25.001
37.039,0.25,25.001
37.04,0.25,25.001
37.041,0.25,25.001
37.042,0.25,25.001
37.043,0.25,25.001
37.044,0.25,25.001
37.045,0.25,25.001
37.046,0.25,25.001
37.047,0.25,25.001
37.048,0.25,25.001
37.049,0.25,25.001
37.05,0.25,25.001
37.051,0.25,25.001
37.052,0.25,25.001
37.053,0.25,25.001
37.054,0.25,25.001
37.055,0.25,25.001
37.056,0.25,25.001
37.057,0.25,25.001
37.058,0.25,25.001
37.059,0.25,25.001
37.06,0.25,25.001
37.061,0.25,25.001
37.062,0.25,25.001
37.063,0.25,25.001
37.064,0.25,25.001
37.065,0.25,25.001
37.066,0.25,25.001
37.067,0.25,25.001
37.068,0.25,25.001
37.069,0.25,25.001
37.07,0.25,25.001
37.071,0.25,25.001
37.072,0.25,25.001
37.073,0.25,25.001
37.074,0.25,25.001
37.075,0.25,25.001
37.076,0.25,25.001
37.077,0.25,25.001
37.078,0.25,25.001
37.079,0.25,25.001
37.08,0.25,25.001
37.081,0.25,25.001
37.082,0.25,25.001
37.083,0.25,25.001
37.084,0.25,25.001
37.085,0.25,25.001
37.086,0.25,25.001
37.087,0.25,25.001
37.088,0.25,25.001
37.089,0.25,25.001
37.09,0.25,25.001
37.091,0.25,25.001
37.092,0.25,25.001
37.093,0.25,25.001
37.094,0.25,25.001
37.095,0.25,25.001
37.096,0.25,25.001
37.097,0.25,25.001
37.098,0.25,25.001
37.099,0.25,25.001
37.1,0.25,25.001
37.101,0.25,25.001
37.102,0.25,25.001
37.103,0.25,25.001
37.104,0.25,25.001
37.105,0.25,25.001
37.106,0.25,25.001
37.107,0.25,25.001
37.108,0.25,25.001
37.109,0.25,25.001
37.11,0.25,25.001
37.111,0.25,25.001
37.112,0.25,25.001
37.113,0.25,25.001
37.114,0.25,25.001
37.115,0.25,25.001
37.116,0.25,25.001
37.117,0.25,25.001
37.118,0.25,25.001
37.119,0.25,25.001
37.12,0.25,25.001
37.121,0.25,25.001
37.122,0.25,25.001
37.123,0.25,25.001
37.124,0.25,25.001
37.125,0.25,25.001
37.126,0.25,25.001
37.127,0.25,25.001
37.128,0.25,25.001
37.129,0.25,25.001
37.13,0.25,25.001
37.131,0.25,25.001
37.132,0.25,25.001
37.133,0.25,25.001
37.134,0.25,25.001
37.135,0.25,25.001
37.136,0.25,25.001
37.137,0.25,25.001
37.138,0.25,25.001
37.139,0.25,25.001
37.14,0.25,25.001
37.141,0.25,25.001
37.142,0.25,25.001
37.143,0.25,25.001
37.144,0.25,25.001
37.145,0.25,25.001
37.146,0.25,25.001
37.147,0.25,25.001
37.148,0.25,25.001
37.149,0.25,25.001
37.15,0.25,25.001
37.151,0.25,25.001
37.152,0.25,25.001
37.153,0.25,25.001
37.154,0.25,25.001
37.155,0.25,25.001
37.156,0.25,25.001
37.157,0.25,25.001
37.158,0.25,25.001
37.159,0.25,25.001
37.16,0.25,25.001
37.161,0.25,25.001
37.162,0.25,25.001
37.163,0.25,25.001
37.164,0.25,25.001
37.165,0.25,25.001
37.166,0.25,25.001
37.167,0.25,25.001
37.168,0.25,25.001
37.169,0.25,25.001
37.17,0.25,25.001
37.171,0.25,25.001
37.172,0.25,25.001
37.173,0.25,25.001
37.174,0.25,25.001
37.175,0.25,25.001
37.176,0.25,25.001
37.177,0.25,25.001
37.178,0.25,25.001
37.179,0.25,25.001
37.18,0.25,25.001
37.181,0.25,25.001
37.182,0.25,25.001
37.183,0.25,25.001
37.184,0.25,25.001
37.185,0.25,25.001
37.186,0.25,25.001
37.187,0.25,25.001
37.188,0.25,25.001
37.189,0.25,25.001
37.19,0.25,25.001
37.191,0.25,25.001
37.192,0.25,25.001
37.193,0.25,25.001
37.194,0.25,25.001
37.195,0.25,25.001
37.196,0.25,25.001
37.197,0.25,25.001
37.198,0.25,25.001
37.199,0.25,25.001
37.2,0.25,25.001
37.201,0.25,25.001
37.202,0.25,25.001
37.203,0.25,25.001
37.204,0.25,25.001
37.205,0.25,25.001
37.206,0.25,25.001
37.207,0.25,25.001
37.208,0.25,25.001
37.209,0.25,25.001
37.21,0.25,25.001
37.211,0.25,25.001
37.212,0.25,25.001
37.213,0.25,25.001
37.214,0.25,25.001
37.215,0.25,25.001
37.216,0.25,25.001
37.217,0.25,25.001
37.218,0.25,25.001
37.219,0.25,25.001
37.22,0.25,25.001
37.221,0.25,25.001
37.222,0.25,25.001
37.223,0.25,25.001
37.224,0.25,25.001
37.225,0.25,25.001
37.226,0.25,25.001
37.227,0.25,25.001
37.228,0.25,25.001
37.229,0.25,25.001
37.23,0.25,25.001
37.231,0.25,25.001
37.232,0.25,25.001
37.233,0.25,25.001
37.234,0.25,25.001
37.235,0.25,25.001
37.236,0.25,25.001
37.237,0.25,25.001
37.238,0.25,25.001
37.239,0.25,25.001
37.24,0.25,25.001
37.241,0.25,25.001
37.242,0.25,25.001
37.243,0.25,25.001
37.244,0.25,25.001
37.245,0.25,25.001
37.246,0.25,25.001
37.247,0.25,25.001
37.248,0.25,25.001
37.249,0.25,25.001
37.25,0.25,25.001
37.251,0.25,25.001
37.252,0.25,25.001
37.253,0.25,25.001
37.254,0.25,25.001
37.255,0.25,25.001
37.256,0.25,25.001
37.257,0.25,25.001
37.258,0.25,25.001
37.259,0.25,25.001
37.26,0.25,25.001
37.261,0.25,25.001
37.262,0.25,25.001
37.263,0.25,25.001
37.264,0.25,25.001
37.265,0.25,25.001
37.266,0.25,25.001
37.267,0.25,25.001
37.268,0.25,25.001
37.269,0.25,25.001
37.27,0.25,25.001
37.271,0.25,25.001
37.272,0.25,25.001
37.273,0.25,25.001
37.274,0.25,25.001
37.275,0.25,25.001
37.276,0.25,25.001
37.277,0.25,25.001
37.278,0.25,25.001
37.279,0.25,25.001
37.28,0.25,25.001
37.281,0.25,25.001
37.282,0.25,25.001
37.283,0.25,25.001
37.284,0.25,25.001
37.285,0.25,25.001
37.286,0.25,25.001
37.287,0.25,25.001
37.288,0.25,25.001
37.289,0.25,25.001
37.29,0.25,25.001
37.291,0.25,25.001
37.292,0.25,25.001
37.293,0.25,25.001
37.294,0.25,25.001
37.295,0.25,25.001
37.296,0.25,25.001
37.297,0.25,25.001
37.298,0.25,25.001
37.299,0.25,25.001
37.3,0.25,25.001
37.301,0.25,25.001
37.302,0.25,25.001
37.303,0.25,25.001
37.304,0.25,25.001
37.305,0.25,25.001
37.306,0.25,25.001
37.307,0.25,25.001
37.308,0.25,25.001
37.309,0.25,25.001
37.31,0.25,25.001
37.311,0.25,25.001
37.312,0.25,25.001
37.313,0.25,25.001
37.314,0.25,25.001
37.315,0.25,25.001
37.316,0.25,25.001
37.317,0.25,25.001
37.318,0.25,25.001
37.319,0.25,25.001
37.32,0.25,25.001
37.321,0.25,25.001
37.322,0.25,25.001
37.323,0.25,25.001
37.324,0.25,25.001
37.325,0.25,25.001
37.326,0.25,25.001
37.327,0.25,25.001
37.328,0.25,25.001
37.329,0.25,25.001
37.33,0.25,25.001
37.331,0.25,25.001
37.332,0.25,25.001
37.333,0.25,25.001
37.334,0.25,25.001
37.335,0.25,25.001
37.336,0.25,25.001
37.337,0.25,25.001
37.338,0.25,25.001
37.339,0.25,25.001
37.34,0.25,25.001
37.341,0.25,25.001
37.342,0.25,25.001
37.343,0.25,25.001
37.344,0.25,25.001
37.345,0.25,25.001
37.346,0.25,25.001
37.347,0.25,25.001
37.348,0.25,25.001
37.349,0.25,25.001
37.35,0.25,25.001
37.351,0.25,25.001
37.352,0.25,25.001
37.353,0.25,25.001
37.354,0.25,25.001
37.355,0.25,25.001
37.356,0.25,25.001
37.357,0.25,25.001
37.358,0.25,25.001
37.359,0.25,25.001
37.36,0.25,25.001
37.361,0.25,25.001
37.362,0.25,25.001
37.363,0.25,25.001
37.364,0.25,25.001
37.365,0.25,25.001
37.366,0.25,25.001
37.367,0.25,25.001
37.368,0.25,25.001
37.369,0.25,25.001
37.37,0.25,25.001
37.371,0.25,25.001
37.372,0.25,25.001
37.373,0.25,25.001
37.374,0.25,25.001
37.375,0.25,25.001
37.376,0.25,25.001
37.377,0.25,25.001
37.378,0.25,25.001
37.379,0.25,25.001
37.38,0.25,25.001
37.381,0.25,25.001
37.382,0.25,25.001
37.383,0.25,25.001
37.384,0.25,25.001
37.385,0.25,25.001
37.386,0.25,25.001
37.387,0.25,25.001
37.388,0.25,25.001
37.389,0.25,25.001
37.39,0.25,25.001
37.391,0.25,25.001
37.392,0.25,25.001
37.393,0.25,25.001
37.394,0.25,25.001
37.395,0.25,25.001
37.396,0.25,25.001
37.397,0.25,25.001
37.398,0.25,25.001
37.399,0.25,25.001
37.4,0.25,25.001
37.401,0.25,25.001
37.402,0.25,25.001
37.403,0.25,25.001
37.404,0.25,25.001
37.405,0.25,25.001
37.406,0.25,25.001
37.407,0.25,25.001
37.408,0.25,25.001
37.409,0.25,25.001
37.41,0.25,25.001
37.411,0.25,25.001
37.412,0.25,25.001
37.413,0.25,25.001
37.414,0.25,25.001
37.415,0.25,25.001
37.416,0.25,25.001
37.417,0.25,25.001
37.418,0.25,25.001
37.419,0.25,25.001
37.42,0.25,25.001
37.421,0.25,25.001
37.422,0.25,25.001
37.423,0.25,25.001
37.424,0.25,25.001
37.425,0.25,25.001
37.426,0.25,25.001
37.427,0.25,25.001
37.428,0.25,25.001
37.429,0.25,25.001
37.43,0.25,25.001
37.431,0.25,25.001
37.432,0.25,25.001
37.433,0.25,25.001
37.434,0.25,25.001
37.435,0.25,25.001
37.436,0.25,25.001
37.437,0.25,25.001
37.438,0.25,25.001
37.439,0.25,25.001
37.44,0.25,25.001
37.441,0.25,25.001
37.442,0.25,25.001
37.443,0.25,25.001
37.444,0.25,25.001
37.445,0.25,25.001
37.446,0.25,25.001
37.447,0.25,25.001
37.448,0.25,25.001
37.449,0.25,25.001
37.45,0.25,25.001
37.451,0.25,25.001
37.452,0.25,25.001
37.453,0.25,25.001
37.454,0.25,25.001
37.455,0.25,25.001
37.456,0.25,25.001
37.457,0.25,25.001
37.458,0.25,25.001
37.459,0.25,25.001
37.46,0.25,25.001
37.461,0.25,25.001
37.462,0.25,25.001
37.463,0.25,25.001
37.464,0.25,25.001
37.465,0.25,25.001
37.466,0.25,25.001
37.467,0.25,25.001
37.468,0.25,25.001
37.469,0.25,25.001
37.47,0.25,25.001
37.471,0.25,25.001
37.472,0.25,25.001
37.473,0.25,25.001
37.474,0.25,25.001
37.475,0.25,25.001
37.476,0.25,25.001
37.477,0.25,25.001
37.478,0.25,25.001
37.479,0.25,25.001
37.48,0.25,25.001
37.481,0.25,25.001
37.482,0.25,25.001
37.483,0.25,25.001
37.484,0.25,25.001
37.485,0.25,25.001
37.486,0.25,25.001
37.487,0.25,25.001
37.488,0.25,25.001
37.489,0.25,25.001
37.49,0.25,25.001
37.491,0.25,25.001
37.492,0.25,25.001
37.493,0.25,25.001
37.494,0.25,25.001
37.495,0.25,25.001
37.496,0.25,25.001
37.497,0.25,25.001
37.498,0.25,25.001
37.499,0.25,25.001
37.5,0.25,25.001
37.501,0.25,25.001
37.502,0.25,25.001
37.503,0.25,25.001
37.504,0.25,25.001
37.505,0.25,25.001
37.506,0.25,25.001
37.507,0.25,25.001
37.508,0.25,25.001
37.509,0.25,25.001
37.51,0.25,25.001
37.511,0.25,25.001
37.512,0.25,25.001
37.513,0.25,25.001
37.514,0.25,25.001
37.515,0.25,25.001
37.516,0.25,25.001
37.517,0.25,25.001
37.518,0.25,25.001
37.519,0.25,25.001
37.52,0.25,25.001
37.521,0.25,25.001
37.522,0.25,25.001
37.523,0.25,25.001
37.524,0.25,25.001
37.525,0.25,25.001
37.526,0.25,25.001
37.527,0.25,25.001
37.528,0.25,25.001
37.529,0.25,25.001
37.53,0.25,25.001
37.531,0.25,25.001
37.532,0.25,25.001
37.533,0.25,25.001
37.534,0.25,25.001
37.535,0.25,25.001
37.536,0.25,25.001
37.537,0.25,25.001
37.538,0.25,25.001
37.539,0.25,25.001
37.54,0.25,25.001
37.541,0.25,25.001
37.542,0.25,25.001
37.543,0.25,25.001
37.544,0.25,25.001
37.545,0.25,25.001
37.546,0.25,25.001
37.547,0.25,25.001
37.548,0.25,25.001
37.549,0.25,25.001
37.55,0.25,25.001
37.551,0.25,25.001
37.552,0.25,25.001
37.553,0.25,25.001
37.554,0.25,25.001
37.555,0.25,25.001
37.556,0.25,25.001
37.557,0.25,25.001
37.558,0.25,25.001
37.559,0.25,25.001
37.56,0.25,25.001
37.561,0.25,25.001
37.562,0.25,25.001
37.563,0.25,25.001
37.564,0.25,25.001
37.565,0.25,25.001
37.566,0.25,25.001
37.567,0.25,25.001
37.568,0.25,25.001
37.569,0.25,25.001
37.57,0.25,25.001
37.571,0.25,25.001
37.572,0.25,25.001
37.573,0.25,25.001
37.574,0.25,25.001
37.575,0.25,25.001
37.576,0.25,25.001
37.577,0.25,25.001
37.578,0.25,25.001
37.579,0.25,25.001
37.58,0.25,25.001
37.581,0.25,25.001
37.582,0.25,25.001
37.583,0.25,25.001
37.584,0.25,25.001
37.585,0.25,25.001
37.586,0.25,25.001
37.587,0.25,25.001
37.588,0.25,25.001
37.589,0.25,25.001
37.59,0.25,25.001
37.591,0.25,25.001
37.592,0.25,25.001
37.593,0.25,25.001
37.594,0.25,25.001
37.595,0.25,25.001
37.596,0.25,25.001
37.597,0.25,25.001
37.598,0.25,25.001
37.599,0.25,25.001
37.6,0.25,25.001
37.601,0.25,25.001
37.602,0.25,25.001
37.603,0.25,25.001
37.604,0.25,25.001
37.605,0.25,25.001
37.606,0.25,25.001
37.607,0.25,25.001
37.608,0.25,25.001
37.609,0.25,25.001
37.61,0.25,25.001
37.611,0.25,25.001
37.612,0.25,25.001
37.613,0.25,25.001
37.614,0.25,25.001
37.615,0.25,25.001
37.616,0.25,25.001
37.617,0.25,25.001
37.618,0.25,25.001
37.619,0.25,25.001
37.62,0.25,25.001
37.621,0.25,25.001
37.622,0.25,25.001
37.623,0.25,25.001
37.624,0.25,25.001
37.625,0.25,25.001
37.626,0.25,25.001
37.627,0.25,25.001
37.628,0.25,25.001
37.629,0.25,25.001
37.63,0.25,25.001
37.631,0.25,25.001
37.632,0.25,25.001
37.633,0.25,25.001
37.634,0.25,25.001
37.635,0.25,25.001
37.636,0.25,25.001
37.637,0.25,25.001
37.638,0.25,25.001
37.639,0.25,25.001
37.64,0.25,25.001
37.641,0.25,25.001
37.642,0.25,25.001
37.643,0.25,25.001
37.644,0.25,25.001
37.645,0.25,25.001
37.646,0.25,25.001
37.647,0.25,25.001
37.648,0.25,25.001
37.649,0.25,25.001
37.65,0.25,25.001
37.651,0.25,25.001
37.652,0.25,25.001
37.653,0.25,25.001
37.654,0.25,25.001
37.655,0.25,25.001
37.656,0.25,25.001
37.657,0.25,25.001
37.658,0.25,25.001
37.659,0.25,25.001
37.66,0.25,25.001
37.661,0.25,25.001
37.662,0.25,25.001
37.663,0.25,25.001
37.664,0.25,25.001
37.665,0.25,25.001
37.666,0.25,25.001
37.667,0.25,25.001
37.668,0.25,25.001
37.669,0.25,25.001
37.67,0.25,25.001
37.671,0.25,25.001
37.672,0.25,25.001
37.673,0.25,25.001
37.674,0.25,25.001
37.675,0.25,25.001
37.676,0.25,25.001
37.677,0.25,25.001
37.678,0.25,25.001
37.679,0.25,25.001
37.68,0.25,25.001
37.681,0.25,25.001
37.682,0.25,25.001
37.683,0.25,25.001
37.684,0.25,25.001
37.685,0.25,25.001
37.686,0.25,25.001
37.687,0.25,25.001
37.688,0.25,25.001
37.689,0.25,25.001
37.69,0.25,25.001
37.691,0.25,25.001
37.692,0.25,25.001
37.693,0.25,25.001
37.694,0.25,25.001
37.695,0.25,25.001
37.696,0.25,25.001
37.697,0.25,25.001
37.698,0.25,25.001
37.699,0.25,25.001
37.7,0.25,25.001
37.701,0.25,25.001
37.702,0.25,25.001
37.703,0.25,25.001
37.704,0.25,25.001
37.705,0.25,25.001
37.706,0.25,25.001
37.707,0.25,25.001
37.708,0.25,25.001
37.709,0.25,25.001
37.71,0.25,25.001
37.711,0.25,25.001
37.712,0.25,25.001
37.713,0.25,25.001
37.714,0.25,25.001
37.715,0.25,25.001
37.716,0.25,25.001
37.717,0.25,25.001
37.718,0.25,25.001
37.719,0.25,25.001
37.72,0.25,25.001
37.721,0.25,25.001
37.722,0.25,25.001
37.723,0.25,25.001
37.724,0.25,25.001
37.725,0.25,25.001
37.726,0.25,25.001
37.727,0.25,25.001
37.728,0.25,25.001
37.729,0.25,25.001
37.73,0.25,25.001
37.731,0.25,25.001
37.732,0.25,25.001
37.733,0.25,25.001
37.734,0.25,25.001
37.735,0.25,25.001
37.736,0.25,25.001
37.737,0.25,25.001
37.738,0.25,25.001
37.739,0.25,25.001
37.74,0.25,25.001
37.741,0.25,25.001
37.742,0.25,25.001
37.743,0.25,25.001
37.744,0.25,25.001
37.745,0.25,25.001
37.746,0.25,25.001
37.747,0.25,25.001
37.748,0.25,25.001
37.749,0.25,25.001
37.75,0.25,25.001
37.751,0.25,25.001
37.752,0.25,25.001
37.753,0.25,25.001
37.754,0.25,25.001
37.755,0.25,25.001
37.756,0.25,25.001
37.757,0.25,25.001
37.758,0.25,25.001
37.759,0.25,25.001
37.76,0.25,25.001
37.761,0.25,25.001
37.762,0.25,25.001
37.763,0.25,25.001
37.764,0.25,25.001
37.765,0.25,25.001
37.766,0.25,25.001
37.767,0.25,25.001
37.768,0.25,25.001
37.769,0.25,25.001
37.77,0.25,25.001
37.771,0.25,25.001
37.772,0.25,25.001
37.773,0.25,25.001
37.774,0.25,25.001
37.775,0.25,25.001
37.776,0.25,25.001
37.777,0.25,25.001
37.778,0.25,25.001
37.779,0.25,25.001
37.78,0.25,25.001
37.781,0.25,25.001
37.782,0.25,25.001
37.783,0.25,25.001
37.784,0.25,25.001
37.785,0.25,25.001
37.786,0.25,25.001
37.787,0.25,25.001
37.788,0.25,25.001
37.789,0.25,25.001
37.79,0.25,25.001
37.791,0.25,25.001
37.792,0.25,25.001
37.793,0.25,25.001
37.794,0.25,25.001
37.795,0.25,25.001
37.796,0.25,25.001
37.797,0.25,25.001
37.798,0.25,25.001
37.799,0.25,25.001
37.8,0.25,25.001
37.801,0.25,25.001
37.802,0.25,25.001
37.803,0.25,25.001
37.804,0.25,25.001
37.805,0.25,25.001
37.806,0.25,25.001
37.807,0.25,25.001
37.808,0.25,25.001
37.809,0.25,25.001
37.81,0.25,25.001
37.811,0.25,25.001
37.812,0.25,25.001
37.813,0.25,25.001
37.814,0.25,25.001
37.815,0.25,25.001
37.816,0.25,25.001
37.817,0.25,25.001
37.818,0.25,25.001
37.819,0.25,25.001
37.82,0.25,25.001
37.821,0.25,25.001
37.822,0.25,25.001
37.823,0.25,25.001
37.824,0.25,25.001
37.825,0.25,25.001
37.826,0.25,25.001
37.827,0.25,25.001
37.828,0.25,25.001
37.829,0.25,25.001
37.83,0.25,25.001
37.831,0.25,25.001
37.832,0.25,25.001
37.833,0.25,25.001
37.834,0.25,25.001
37.835,0.25,25.001
37.836,0.25,25.001
37.837,0.25,25.001
37.838,0.25,25.001
37.839,0.25,25.001
37.84,0.25,25.001
37.841,0.25,25.001
37.842,0.25,25.001
37.843,0.25,25.001
37.844,0.25,25.001
37.845,0.25,25.001
37.846,0.25,25.001
37.847,0.25,25.001
37.848,0.25,25.001
37.849,0.25,25.001
37.85,0.25,25.001
37.851,0.25,25.001
37.852,0.25,25.001
37.853,0.25,25.001
37.854,0.25,25.001
37.855,0.25,25.001
37.856,0.25,25.001
37.857,0.25,25.001
37.858,0.25,25.001
37.859,0.25,25.001
37.86,0.25,25.001
37.861,0.25,25.001
37.862,0.25,25.001
37.863,0.25,25.001
37.864,0.25,25.001
37.865,0.25,25.001
37.866,0.25,25.001
37.867,0.25,25.001
37.868,0.25,25.001
37.869,0.25,25.001
37.87,0.25,25.001
37.871,0.25,25.001
37.872,0.25,25.001
37.873,0.25,25.001
37.874,0.25,25.001
37.875,0.25,25.001
37.876,0.25,25.001
37.877,0.25,25.001
37.878,0.25,25.001
37.879,0.25,25.001
37.88,0.25,25.001
37.881,0.25,25.001
37.882,0.25,25.001
37.883,0.25,25.001
37.884,0.25,25.001
37.885,0.25,25.001
37.886,0.25,25.001
37.887,0.25,25.001
37.888,0.25,25.001
37.889,0.25,25.001
37.89,0.25,25.001
37.891,0.25,25.001
37.892,0.25,25.001
37.893,0.25,25.001
37.894,0.25,25.001
37.895,0.25,25.001
37.896,0.25,25.001
37.897,0.25,25.001
37.898,0.25,25.001
37.899,0.25,25.001
37.9,0.25,25.001
37.901,0.25,25.001
37.902,0.25,25.001
37.903,0.25,25.001
37.904,0.25,25.001
37.905,0.25,25.001
37.906,0.25,25.001
37.907,0.25,25.001
37.908,0.25,25.001
37.909,0.25,25.001
37.91,0.25,25.001
37.911,0.25,25.001
37.912,0.25,25.001
37.913,0.25,25.001
37.914,0.25,25.001
37.915,0.25,25.001
37.916,0.25,25.001
37.917,0.25,25.001
37.918,0.25,25.001
37.919,0.25,25.001
37.92,0.25,25.001
37.921,0.25,25.001
37.922,0.25,25.001
37.923,0.25,25.001
37.924,0.25,25.001
37.925,0.25,25.001
37.926,0.25,25.001
37.927,0.25,25.001
37.928,0.25,25.001
37.929,0.25,25.001
37.93,0.25,25.001
37.931,0.25,25.001
37.932,0.25,25.001
37.933,0.25,25.001
37.934,0.25,25.001
37.935,0.25,25.001
37.936,0.25,25.001
37.937,0.25,25.001
37.938,0.25,25.001
37.939,0.25,25.001
37.94,0.25,25.001
37.941,0.25,25.001
37.942,0.25,25.001
37.943,0.25,25.001
37.944,0.25,25.001
37.945,0.25,25.001
37.946,0.25,25.001
37.947,0.25,25.001
37.948,0.25,25.001
37.949,0.25,25.001
37.95,0.25,25.001
37.951,0.25,25.001
37.952,0.25,25.001
37.953,0.25,25.001
37.954,0.25,25.001
37.955,0.25,25.001
37.956,0.25,25.001
37.957,0.25,25.001
37.958,0.25,25.001
37.959,0.25,25.001
37.96,0.25,25.001
37.961,0.25,25.001
37.962,0.25,25.001
37.963,0.25,25.001
37.964,0.25,25.001
37.965,0.25,25.001
37.966,0.25,25.001
37.967,0.25,25.001
37.968,0.25,25.001
37.969,0.25,25.001
37.97,0.25,25.001
37.971,0.25,25.001
37.972,0.25,25.001
37.973,0.25,25.001
37.974,0.25,25.001
37.975,0.25,25.001
37.976,0.25,25.001
37.977,0.25,25.001
37.978,0.25,25.001
37.979,0.25,25.001
37.98,0.25,25.001
37.981,0.25,25.001
37.982,0.25,25.001
37.983,0.25,25.001
37.984,0.25,25.001
37.985,0.25,25.001
37.986,0.25,25.001
37.987,0.25,25.001
37.988,0.25,25.001
37.989,0.25,25.001
37.99,0.25,25.001
37.991,0.25,25.001
37.992,0.25,25.001
37.993,0.25,25.001
37.994,0.25,25.001
37.995,0.25,25.001
37.996,0.25,25.001
37.997,0.25,25.001
37.998,0.25,25.001
37.999,0.25,25.001
38,0.25,25.001
38.001,0.25,25.001
38.002,0.25,25.001
38.003,0.25,25.001
38.004,0.25,25.001
38.005,0.25,25.001
38.006,0.25,25.001
38.007,0.25,25.001
38.008,0.25,25.001
38.009,0.25,25.001
38.01,0.25,25.001
38.011,0.25,25.001
38.012,0.25,25.001
38.013,0.25,25.001
38.014,0.25,25.001
38.015,0.25,25.001
38.016,0.25,25.001
38.017,0.25,25.001
38.018,0.25,25.001
38.019,0.25,25.001
38.02,0.25,25.001
38.021,0.25,25.001
38.022,0.25,25.001
38.023,0.25,25.001
38.024,0.25,25.001
38.025,0.25,25.001
38.026,0.25,25.001
38.027,0.25,25.001
38.028,0.25,25.001
38.029,0.25,25.001
38.03,0.25,25.001
38.031,0.25,25.001
38.032,0.25,25.001
38.033,0.25,25.001
38.034,0.25,25.001
38.035,0.25,25.001
38.036,0.25,25.001
38.037,0.25,25.001
38.038,0.25,25.001
38.039,0.25,25.001
38.04,0.25,25.001
38.041,0.25,25.001
38.042,0.25,25.001
38.043,0.25,25.001
38.044,0.25,25.001
38.045,0.25,25.001
38.046,0.25,25.001
38.047,0.25,25.001
38.048,0.25,25.001
38.049,0.25,25.001
38.05,0.25,25.001
38.051,0.25,25.001
38.052,0.25,25.001
38.053,0.25,25.001
38.054,0.25,25.001
38.055,0.25,25.001
38.056,0.25,25.001
38.057,0.25,25.001
38.058,0.25,25.001
38.059,0.25,25.001
38.06,0.25,25.001
38.061,0.25,25.001
38.062,0.25,25.001
38.063,0.25,25.001
38.064,0.25,25.001
38.065,0.25,25.001
38.066,0.25,25.001
38.067,0.25,25.001
38.068,0.25,25.001
38.069,0.25,25.001
38.07,0.25,25.001
38.071,0.25,25.001
38.072,0.25,25.001
38.073,0.25,25.001
38.074,0.25,25.001
38.075,0.25,25.001
38.076,0.25,25.001
38.077,0.25,25.001
38.078,0.25,25.001
38.079,0.25,25.001
38.08,0.25,25.001
38.081,0.25,25.001
38.082,0.25,25.001
38.083,0.25,25.001
38.084,0.25,25.001
38.085,0.25,25.001
38.086,0.25,25.001
38.087,0.25,25.001
38.088,0.25,25.001
38.089,0.25,25.001
38.09,0.25,25.001
38.091,0.25,25.001
38.092,0.25,25.001
38.093,0.25,25.001
38.094,0.25,25.001
38.095,0.25,25.001
38.096,0.25,25.001
38.097,0.25,25.001
38.098,0.25,25.001
38.099,0.25,25.001
38.1,0.25,25.001
38.101,0.25,25.001
38.102,0.25,25.001
38.103,0.25,25.001
38.104,0.25,25.001
38.105,0.25,25.001
38.106,0.25,25.001
38.107,0.25,25.001
38.108,0.25,25.001
38.109,0.25,25.001
38.11,0.25,25.001
38.111,0.25,25.001
38.112,0.25,25.001
38.113,0.25,25.001
38.114,0.25,25.001
38.115,0.25,25.001
38.116,0.25,25.001
38.117,0.25,25.001
38.118,0.25,25.001
38.119,0.25,25.001
38.12,0.25,25.001
38.121,0.25,25.001
38.122,0.25,25.001
38.123,0.25,25.001
38.124,0.25,25.001
38.125,0.25,25.001
38.126,0.25,25.001
38.127,0.25,25.001
38.128,0.25,25.001
38.129,0.25,25.001
38.13,0.25,25.001
38.131,0.25,25.001
38.132,0.25,25.001
38.133,0.25,25.001
38.134,0.25,25.001
38.135,0.25,25.001
38.136,0.25,25.001
38.137,0.25,25.001
38.138,0.25,25.001
38.139,0.25,25.001
38.14,0.25,25.001
38.141,0.25,25.001
38.142,0.25,25.001
38.143,0.25,25.001
38.144,0.25,25.001
38.145,0.25,25.001
38.146,0.25,25.001
38.147,0.25,25.001
38.148,0.25,25.001
38.149,0.25,25.001
38.15,0.25,25.001
38.151,0.25,25.001
38.152,0.25,25.001
38.153,0.25,25.001
38.154,0.25,25.001
38.155,0.25,25.001
38.156,0.25,25.001
38.157,0.25,25.001
38.158,0.25,25.001
38.159,0.25,25.001
38.16,0.25,25.001
38.161,0.25,25.001
38.162,0.25,25.001
38.163,0.25,25.001
38.164,0.25,25.001
38.165,0.25,25.001
38.166,0.25,25.001
38.167,0.25,25.001
38.168,0.25,25.001
38.169,0.25,25.001
38.17,0.25,25.001
38.171,0.25,25.001
38.172,0.25,25.001
38.173,0.25,25.001
38.174,0.25,25.001
38.175,0.25,25.001
38.176,0.25,25.001
38.177,0.25,25.001
38.178,0.25,25.001
38.179,0.25,25.001
38.18,0.25,25.001
38.181,0.25,25.001
38.182,0.25,25.001
38.183,0.25,25.001
38.184,0.25,25.001
38.185,0.25,25.001
38.186,0.25,25.001
38.187,0.25,25.001
38.188,0.25,25.001
38.189,0.25,25.001
38.19,0.25,25.001
38.191,0.25,25.001
38.192,0.25,25.001
38.193,0.25,25.001
38.194,0.25,25.001
38.195,0.25,25.001
38.196,0.25,25.001
38.197,0.25,25.001
38.198,0.25,25.001
38.199,0.25,25.001
38.2,0.25,25.001
38.201,0.25,25.001
38.202,0.25,25.001
38.203,0.25,25.001
38.204,0.25,25.001
38.205,0.25,25.001
38.206,0.25,25.001
38.207,0.25,25.001
38.208,0.25,25.001
38.209,0.25,25.001
38.21,0.25,25.001
38.211,0.25,25.001
38.212,0.25,25.001
38.213,0.25,25.001
38.214,0.25,25.001
38.215,0.25,25.001
38.216,0.25,25.001
38.217,0.25,25.001
38.218,0.25,25.001
38.219,0.25,25.001
38.22,0.25,25.001
38.221,0.25,25.001
38.222,0.25,25.001
38.223,0.25,25.001
38.224,0.25,25.001
38.225,0.25,25.001
38.226,0.25,25.001
38.227,0.25,25.001
38.228,0.25,25.001
38.229,0.25,25.001
38.23,0.25,25.001
38.231,0.25,25.001
38.232,0.25,25.001
38.233,0.25,25.001
38.234,0.25,25.001
38.235,0.25,25.001
38.236,0.25,25.001
38.237,0.25,25.001
38.238,0.25,25.001
38.239,0.25,25.001
38.24,0.25,25.001
38.241,0.25,25.001
38.242,0.25,25.001
38.243,0.25,25.001
38.244,0.25,25.001
38.245,0.25,25.001
38.246,0.25,25.001
38.247,0.25,25.001
38.248,0.25,25.001
38.249,0.25,25.001
38.25,0.25,25.001
38.251,0.25,25.001
38.252,0.25,25.001
38.253,0.25,25.001
38.254,0.25,25.001
38.255,0.25,25.001
38.256,0.25,25.001
38.257,0.25,25.001
38.258,0.25,25.001
38.259,0.25,25.001
38.26,0.25,25.001
38.261,0.25,25.001
38.262,0.25,25.001
38.263,0.25,25.001
38.264,0.25,25.001
38.265,0.25,25.001
38.266,0.25,25.001
38.267,0.25,25.001
38.268,0.25,25.001
38.269,0.25,25.001
38.27,0.25,25.001
38.271,0.25,25.001
38.272,0.25,25.001
38.273,0.25,25.001
38.274,0.25,25.001
38.275,0.25,25.001
38.276,0.25,25.001
38.277,0.25,25.001
38.278,0.25,25.001
38.279,0.25,25.001
38.28,0.25,25.001
38.281,0.25,25.001
38.282,0.25,25.001
38.283,0.25,25.001
38.284,0.25,25.001
38.285,0.25,25.001
38.286,0.25,25.001
38.287,0.25,25.001
38.288,0.25,25.001
38.289,0.25,25.001
38.29,0.25,25.001
38.291,0.25,25.001
38.292,0.25,25.001
38.293,0.25,25.001
38.294,0.25,25.001
38.295,0.25,25.001
38.296,0.25,25.001
38.297,0.25,25.001
38.298,0.25,25.001
38.299,0.25,25.001
38.3,0.25,25.001
38.301,0.25,25.001
38.302,0.25,25.001
38.303,0.25,25.001
38.304,0.25,25.001
38.305,0.25,25.001
38.306,0.25,25.001
38.307,0.25,25.001
38.308,0.25,25.001
38.309,0.25,25.001
38.31,0.25,25.001
38.311,0.25,25.001
38.312,0.25,25.001
38.313,0.25,25.001
38.314,0.25,25.001
38.315,0.25,25.001
38.316,0.25,25.001
38.317,0.25,25.001
38.318,0.25,25.001
38.319,0.25,25.001
38.32,0.25,25.001
38.321,0.25,25.001
38.322,0.25,25.001
38.323,0.25,25.001
38.324,0.25,25.001
38.325,0.25,25.001
38.326,0.25,25.001
38.327,0.25,25.001
38.328,0.25,25.001
38.329,0.25,25.001
38.33,0.25,25.001
38.331,0.25,25.001
38.332,0.25,25.001
38.333,0.25,25.001
38.334,0.25,25.001
38.335,0.25,25.001
38.336,0.25,25.001
38.337,0.25,25.001
38.338,0.25,25.001
38.339,0.25,25.001
38.34,0.25,25.001
38.341,0.25,25.001
38.342,0.25,25.001
38.343,0.25,25.001
38.344,0.25,25.001
38.345,0.25,25.001
38.346,0.25,25.001
38.347,0.25,25.001
38.348,0.25,25.001
38.349,0.25,25.001
38.35,0.25,25.001
38.351,0.25,25.001
38.352,0.25,25.001
38.353,0.25,25.001
38.354,0.25,25.001
38.355,0.25,25.001
38.356,0.25,25.001
38.357,0.25,25.001
38.358,0.25,25.001
38.359,0.25,25.001
38.36,0.25,25.001
38.361,0.25,25.001
38.362,0.25,25.001
38.363,0.25,25.001
38.364,0.25,25.001
38.365,0.25,25.001
38.366,0.25,25.001
38.367,0.25,25.001
38.368,0.25,25.001
38.369,0.25,25.001
38.37,0.25,25.001
38.371,0.25,25.001
38.372,0.25,25.001
38.373,0.25,25.001
38.374,0.25,25.001
38.375,0.25,25.001
38.376,0.25,25.001
38.377,0.25,25.001
38.378,0.25,25.001
38.379,0.25,25.001
38.38,0.25,25.001
38.381,0.25,25.001
38.382,0.25,25.001
38.383,0.25,25.001
38.384,0.25,25.001
38.385,0.25,25.001
38.386,0.25,25.001
38.387,0.25,25.001
38.388,0.25,25.001
38.389,0.25,25.001
38.39,0.25,25.001
38.391,0.25,25.001
38.392,0.25,25.001
38.393,0.25,25.001
38.394,0.25,25.001
38.395,0.25,25.001
38.396,0.25,25.001
38.397,0.25,25.001
38.398,0.25,25.001
38.399,0.25,25.001
38.4,0.25,25.001
38.401,0.25,25.001
38.402,0.25,25.001
38.403,0.25,25.001
38.404,0.25,25.001
38.405,0.25,25.001
38.406,0.25,25.001
38.407,0.25,25.001
38.408,0.25,25.001
38.409,0.25,25.001
38.41,0.25,25.001
38.411,0.25,25.001
38.412,0.25,25.001
38.413,0.25,25.001
38.414,0.25,25.001
38.415,0.25,25.001
38.416,0.25,25.001
38.417,0.25,25.001
38.418,0.25,25.001
38.419,0.25,25.001
38.42,0.25,25.001
38.421,0.25,25.001
38.422,0.25,25.001
38.423,0.25,25.001
38.424,0.25,25.001
38.425,0.25,25.001
38.426,0.25,25.001
38.427,0.25,25.001
38.428,0.25,25.001
38.429,0.25,25.001
38.43,0.25,25.001
38.431,0.25,25.001
38.432,0.25,25.001
38.433,0.25,25.001
38.434,0.25,25.001
38.435,0.25,25.001
38.436,0.25,25.001
38.437,0.25,25.001
38.438,0.25,25.001
38.439,0.25,25.001
38.44,0.25,25.001
38.441,0.25,25.001
38.442,0.25,25.001
38.443,0.25,25.001
38.444,0.25,25.001
38.445,0.25,25.001
38.446,0.25,25.001
38.447,0.25,25.001
38.448,0.25,25.001
38.449,0.25,25.001
38.45,0.25,25.001
38.451,0.25,25.001
38.452,0.25,25.001
38.453,0.25,25.001
38.454,0.25,25.001
38.455,0.25,25.001
38.456,0.25,25.001
38.457,0.25,25.001
38.458,0.25,25.001
38.459,0.25,25.001
38.46,0.25,25.001
38.461,0.25,25.001
38.462,0.25,25.001
38.463,0.25,25.001
38.464,0.25,25.001
38.465,0.25,25.001
38.466,0.25,25.001
38.467,0.25,25.001
38.468,0.25,25.001
38.469,0.25,25.001
38.47,0.25,25.001
38.471,0.25,25.001
38.472,0.25,25.001
38.473,0.25,25.001
38.474,0.25,25.001
38.475,0.25,25.001
38.476,0.25,25.001
38.477,0.25,25.001
38.478,0.25,25.001
38.479,0.25,25.001
38.48,0.25,25.001
38.481,0.25,25.001
38.482,0.25,25.001
38.483,0.25,25.001
38.484,0.25,25.001
38.485,0.25,25.001
38.486,0.25,25.001
38.487,0.25,25.001
38.488,0.25,25.001
38.489,0.25,25.001
38.49,0.25,25.001
38.491,0.25,25.001
38.492,0.25,25.001
38.493,0.25,25.001
38.494,0.25,25.001
38.495,0.25,25.001
38.496,0.25,25.001
38.497,0.25,25.001
38.498,0.25,25.001
38.499,0.25,25.001
38.5,0.25,25.001
38.501,0.25,25.001
38.502,0.25,25.001
38.503,0.25,25.001
38.504,0.25,25.001
38.505,0.25,25.001
38.506,0.25,25.001
38.507,0.25,25.001
38.508,0.25,25.001
38.509,0.25,25.001
38.51,0.25,25.001
38.511,0.25,25.001
38.512,0.25,25.001
38.513,0.25,25.001
38.514,0.25,25.001
38.515,0.25,25.001
38.516,0.25,25.001
38.517,0.25,25.001
38.518,0.25,25.001
38.519,0.25,25.001
38.52,0.25,25.001
38.521,0.25,25.001
38.522,0.25,25.001
38.523,0.25,25.001
38.524,0.25,25.001
38.525,0.25,25.001
38.526,0.25,25.001
38.527,0.25,25.001
38.528,0.25,25.001
38.529,0.25,25.001
38.53,0.25,25.001
38.531,0.25,25.001
38.532,0.25,25.001
38.533,0.25,25.001
38.534,0.25,25.001
38.535,0.25,25.001
38.536,0.25,25.001
38.537,0.25,25.001
38.538,0.25,25.001
38.539,0.25,25.001
38.54,0.25,25.001
38.541,0.25,25.001
38.542,0.25,25.001
38.543,0.25,25.001
38.544,0.25,25.001
38.545,0.25,25.001
38.546,0.25,25.001
38.547,0.25,25.001
38.548,0.25,25.001
38.549,0.25,25.001
38.55,0.25,25.001
38.551,0.25,25.001
38.552,0.25,25.001
38.553,0.25,25.001
38.554,0.25,25.001
38.555,0.25,25.001
38.556,0.25,25.001
38.557,0.25,25.001
38.558,0.25,25.001
38.559,0.25,25.001
38.56,0.25,25.001
38.561,0.25,25.001
38.562,0.25,25.001
38.563,0.25,25.001
38.564,0.25,25.001
38.565,0.25,25.001
38.566,0.25,25.001
38.567,0.25,25.001
38.568,0.25,25.001
38.569,0.25,25.001
38.57,0.25,25.001
38.571,0.25,25.001
38.572,0.25,25.001
38.573,0.25,25.001
38.574,0.25,25.001
38.575,0.25,25.001
38.576,0.25,25.001
38.577,0.25,25.001
38.578,0.25,25.001
38.579,0.25,25.001
38.58,0.25,25.001
38.581,0.25,25.001
38.582,0.25,25.001
38.583,0.25,25.001
38.584,0.25,25.001
38.585,0.25,25.001
38.586,0.25,25.001
38.587,0.25,25.001
38.588,0.25,25.001
38.589,0.25,25.001
38.59,0.25,25.001
38.591,0.25,25.001
38.592,0.25,25.001
38.593,0.25,25.001
38.594,0.25,25.001
38.595,0.25,25.001
38.596,0.25,25.001
38.597,0.25,25.001
38.598,0.25,25.001
38.599,0.25,25.001
38.6,0.25,25.001
38.601,0.25,25.001
38.602,0.25,25.001
38.603,0.25,25.001
38.604,0.25,25.001
38.605,0.25,25.001
38.606,0.25,25.001
38.607,0.25,25.001
38.608,0.25,25.001
38.609,0.25,25.001
38.61,0.25,25.001
38.611,0.25,25.001
38.612,0.25,25.001
38.613,0.25,25.001
38.614,0.25,25.001
38.615,0.25,25.001
38.616,0.25,25.001
38.617,0.25,25.001
38.618,0.25,25.001
38.619,0.25,25.001
38.62,0.25,25.001
38.621,0.25,25.001
38.622,0.25,25.001
38.623,0.25,25.001
38.624,0.25,25.001
38.625,0.25,25.001
38.626,0.25,25.001
38.627,0.25,25.001
38.628,0.25,25.001
38.629,0.25,25.001
38.63,0.25,25.001
38.631,0.25,25.001
38.632,0.25,25.001
38.633,0.25,25.001
38.634,0.25,25.001
38.635,0.25,25.001
38.636,0.25,25.001
38.637,0.25,25.001
38.638,0.25,25.001
38.639,0.25,25.001
38.64,0.25,25.001
38.641,0.25,25.001
38.642,0.25,25.001
38.643,0.25,25.001
38.644,0.25,25.001
38.645,0.25,25.001
38.646,0.25,25.001
38.647,0.25,25.001
38.648,0.25,25.001
38.649,0.25,25.001
38.65,0.25,25.001
38.651,0.25,25.001
38.652,0.25,25.001
38.653,0.25,25.001
38.654,0.25,25.001
38.655,0.25,25.001
38.656,0.25,25.001
38.657,0.25,25.001
38.658,0.25,25.001
38.659,0.25,25.001
38.66,0.25,25.001
38.661,0.25,25.001
38.662,0.25,25.001
38.663,0.25,25.001
38.664,0.25,25.001
38.665,0.25,25.001
38.666,0.25,25.001
38.667,0.25,25.001
38.668,0.25,25.001
38.669,0.25,25.001
38.67,0.25,25.001
38.671,0.25,25.001
38.672,0.25,25.001
38.673,0.25,25.001
38.674,0.25,25.001
38.675,0.25,25.001
38.676,0.25,25.001
38.677,0.25,25.001
38.678,0.25,25.001
38.679,0.25,25.001
38.68,0.25,25.001
38.681,0.25,25.001
38.682,0.25,25.001
38.683,0.25,25.001
38.684,0.25,25.001
38.685,0.25,25.001
38.686,0.25,25.001
38.687,0.25,25.001
38.688,0.25,25.001
38.689,0.25,25.001
38.69,0.25,25.001
38.691,0.25,25.001
38.692,0.25,25.001
38.693,0.25,25.001
38.694,0.25,25.001
38.695,0.25,25.001
38.696,0.25,25.001
38.697,0.25,25.001
38.698,0.25,25.001
38.699,0.25,25.001
38.7,0.25,25.001
38.701,0.25,25.001
38.702,0.25,25.001
38.703,0.25,25.001
38.704,0.25,25.001
38.705,0.25,25.001
38.706,0.25,25.001
38.707,0.25,25.001
38.708,0.25,25.001
38.709,0.25,25.001
38.71,0.25,25.001
38.711,0.25,25.001
38.712,0.25,25.001
38.713,0.25,25.001
38.714,0.25,25.001
38.715,0.25,25.001
38.716,0.25,25.001
38.717,0.25,25.001
38.718,0.25,25.001
38.719,0.25,25.001
38.72,0.25,25.001
38.721,0.25,25.001
38.722,0.25,25.001
38.723,0.25,25.001
38.724,0.25,25.001
38.725,0.25,25.001
38.726,0.25,25.001
38.727,0.25,25.001
38.728,0.25,25.001
38.729,0.25,25.001
38.73,0.25,25.001
38.731,0.25,25.001
38.732,0.25,25.001
38.733,0.25,25.001
38.734,0.25,25.001
38.735,0.25,25.001
38.736,0.25,25.001
38.737,0.25,25.001
38.738,0.25,25.001
38.739,0.25,25.001
38.74,0.25,25.001
38.741,0.25,25.001
38.742,0.25,25.001
38.743,0.25,25.001
38.744,0.25,25.001
38.745,0.25,25.001
38.746,0.25,25.001
38.747,0.25,25.001
38.748,0.25,25.001
38.749,0.25,25.001
38.75,0.25,25.001
38.751,0.25,25.001
38.752,0.25,25.001
38.753,0.25,25.001
38.754,0.25,25.001
38.755,0.25,25.001
38.756,0.25,25.001
38.757,0.25,25.001
38.758,0.25,25.001
38.759,0.25,25.001
38.76,0.25,25.001
38.761,0.25,25.001
38.762,0.25,25.001
38.763,0.25,25.001
38.764,0.25,25.001
38.765,0.25,25.001
38.766,0.25,25.001
38.767,0.25,25.001
38.768,0.25,25.001
38.769,0.25,25.001
38.77,0.25,25.001
38.771,0.25,25.001
38.772,0.25,25.001
38.773,0.25,25.001
38.774,0.25,25.001
38.775,0.25,25.001
38.776,0.25,25.001
38.777,0.25,25.001
38.778,0.25,25.001
38.779,0.25,25.001
38.78,0.25,25.001
38.781,0.25,25.001
38.782,0.25,25.001
38.783,0.25,25.001
38.784,0.25,25.001
38.785,0.25,25.001
38.786,0.25,25.001
38.787,0.25,25.001
38.788,0.25,25.001
38.789,0.25,25.001
38.79,0.25,25.001
38.791,0.25,25.001
38.792,0.25,25.001
38.793,0.25,25.001
38.794,0.25,25.001
38.795,0.25,25.001
38.796,0.25,25.001
38.797,0.25,25.001
38.798,0.25,25.001
38.799,0.25,25.001
38.8,0.25,25.001
38.801,0.25,25.001
38.802,0.25,25.001
38.803,0.25,25.001
38.804,0.25,25.001
38.805,0.25,25.001
38.806,0.25,25.001
38.807,0.25,25.001
38.808,0.25,25.001
38.809,0.25,25.001
38.81,0.25,25.001
38.811,0.25,25.001
38.812,0.25,25.001
38.813,0.25,25.001
38.814,0.25,25.001
38.815,0.25,25.001
38.816,0.25,25.001
38.817,0.25,25.001
38.818,0.25,25.001
38.819,0.25,25.001
38.82,0.25,25.001
38.821,0.25,25.001
38.822,0.25,25.001
38.823,0.25,25.001
38.824,0.25,25.001
38.825,0.25,25.001
38.826,0.25,25.001
38.827,0.25,25.001
38.828,0.25,25.001
38.829,0.25,25.001
38.83,0.25,25.001
38.831,0.25,25.001
38.832,0.25,25.001
38.833,0.25,25.001
38.834,0.25,25.001
38.835,0.25,25.001
38.836,0.25,25.001
38.837,0.25,25.001
38.838,0.25,25.001
38.839,0.25,25.001
38.84,0.25,25.001
38.841,0.25,25.001
38.842,0.25,25.001
38.843,0.25,25.001
38.844,0.25,25.001
38.845,0.25,25.001
38.846,0.25,25.001
38.847,0.25,25.001
38.848,0.25,25.001
38.849,0.25,25.001
38.85,0.25,25.001
38.851,0.25,25.001
38.852,0.25,25.001
38.853,0.25,25.001
38.854,0.25,25.001
38.855,0.25,25.001
38.856,0.25,25.001
38.857,0.25,25.001
38.858,0.25,25.001
38.859,0.25,25.001
38.86,0.25,25.001
38.861,0.25,25.001
38.862,0.25,25.001
38.863,0.25,25.001
38.864,0.25,25.001
38.865,0.25,25.001
38.866,0.25,25.001
38.867,0.25,25.001
38.868,0.25,25.001
38.869,0.25,25.001
38.87,0.25,25.001
38.871,0.25,25.001
38.872,0.25,25.001
38.873,0.25,25.001
38.874,0.25,25.001
38.875,0.25,25.001
38.876,0.25,25.001
38.877,0.25,25.001
38.878,0.25,25.001
38.879,0.25,25.001
38.88,0.25,25.001
38.881,0.25,25.001
38.882,0.25,25.001
38.883,0.25,25.001
38.884,0.25,25.001
38.885,0.25,25.001
38.886,0.25,25.001
38.887,0.25,25.001
38.888,0.25,25.001
38.889,0.25,25.001
38.89,0.25,25.001
38.891,0.25,25.001
38.892,0.25,25.001
38.893,0.25,25.001
38.894,0.25,25.001
38.895,0.25,25.001
38.896,0.25,25.001
38.897,0.25,25.001
38.898,0.25,25.001
38.899,0.25,25.001
38.9,0.25,25.001
38.901,0.25,25.001
38.902,0.25,25.001
38.903,0.25,25.001
38.904,0.25,25.001
38.905,0.25,25.001
38.906,0.25,25.001
38.907,0.25,25.001
38.908,0.25,25.001
38.909,0.25,25.001
38.91,0.25,25.001
38.911,0.25,25.001
38.912,0.25,25.001
38.913,0.25,25.001
38.914,0.25,25.001
38.915,0.25,25.001
38.916,0.25,25.001
38.917,0.25,25.001
38.918,0.25,25.001
38.919,0.25,25.001
38.92,0.25,25.001
38.921,0.25,25.001
38.922,0.25,25.001
38.923,0.25,25.001
38.924,0.25,25.001
38.925,0.25,25.001
38.926,0.25,25.001
38.927,0.25,25.001
38.928,0.25,25.001
38.929,0.25,25.001
38.93,0.25,25.001
38.931,0.25,25.001
38.932,0.25,25.001
38.933,0.25,25.001
38.934,0.25,25.001
38.935,0.25,25.001
38.936,0.25,25.001
38.937,0.25,25.001
38.938,0.25,25.001
38.939,0.25,25.001
38.94,0.25,25.001
38.941,0.25,25.001
38.942,0.25,25.001
38.943,0.25,25.001
38.944,0.25,25.001
38.945,0.25,25.001
38.946,0.25,25.001
38.947,0.25,25.001
38.948,0.25,25.001
38.949,0.25,25.001
38.95,0.25,25.001
38.951,0.25,25.001
38.952,0.25,25.001
38.953,0.25,25.001
38.954,0.25,25.001
38.955,0.25,25.001
38.956,0.25,25.001
38.957,0.25,25.001
38.958,0.25,25.001
38.959,0.25,25.001
38.96,0.25,25.001
38.961,0.25,25.001
38.962,0.25,25.001
38.963,0.25,25.001
38.964,0.25,25.001
38.965,0.25,25.001
38.966,0.25,25.001
38.967,0.25,25.001
38.968,0.25,25.001
38.969,0.25,25.001
38.97,0.25,25.001
38.971,0.25,25.001
38.972,0.25,25.001
38.973,0.25,25.001
38.974,0.25,25.001
38.975,0.25,25.001
38.976,0.25,25.001
38.977,0.25,25.001
38.978,0.25,25.001
38.979,0.25,25.001
38.98,0.25,25.001
38.981,0.25,25.001
38.982,0.25,25.001
38.983,0.25,25.001
38.984,0.25,25.001
38.985,0.25,25.001
38.986,0.25,25.001
38.987,0.25,25.001
38.988,0.25,25.001
38.989,0.25,25.001
38.99,0.25,25.001
38.991,0.25,25.001
38.992,0.25,25.001
38.993,0.25,25.001
38.994,0.25,25.001
38.995,0.25,25.001
38.996,0.25,25.001
38.997,0.25,25.001
38.998,0.25,25.001
38.999,0.25,25.001
39,0.25,25.001
39.001,0.25,25.001
39.002,0.25,25.001
39.003,0.25,25.001
39.004,0.25,25.001
39.005,0.25,25.001
39.006,0.25,25.001
39.007,0.25,25.001
39.008,0.25,25.001
39.009,0.25,25.001
39.01,0.25,25.001
39.011,0.25,25.001
39.012,0.25,25.001
39.013,0.25,25.001
39.014,0.25,25.001
39.015,0.25,25.001
39.016,0.25,25.001
39.017,0.25,25.001
39.018,0.25,25.001
39.019,0.25,25.001
39.02,0.25,25.001
39.021,0.25,25.001
39.022,0.25,25.001
39.023,0.25,25.001
39.024,0.25,25.001
39.025,0.25,25.001
39.026,0.25,25.001
39.027,0.25,25.001
39.028,0.25,25.001
39.029,0.25,25.001
39.03,0.25,25.001
39.031,0.25,25.001
39.032,0.25,25.001
39.033,0.25,25.001
39.034,0.25,25.001
39.035,0.25,25.001
39.036,0.25,25.001
39.037,0.25,25.001
39.038,0.25,25.001
39.039,0.25,25.001
39.04,0.25,25.001
39.041,0.25,25.001
39.042,0.25,25.001
39.043,0.25,25.001
39.044,0.25,25.001
39.045,0.25,25.001
39.046,0.25,25.001
39.047,0.25,25.001
39.048,0.25,25.001
39.049,0.25,25.001
39.05,0.25,25.001
39.051,0.25,25.001
39.052,0.25,25.001
39.053,0.25,25.001
39.054,0.25,25.001
39.055,0.25,25.001
39.056,0.25,25.001
39.057,0.25,25.001
39.058,0.25,25.001
39.059,0.25,25.001
39.06,0.25,25.001
39.061,0.25,25.001
39.062,0.25,25.001
39.063,0.25,25.001
39.064,0.25,25.001
39.065,0.25,25.001
39.066,0.25,25.001
39.067,0.25,25.001
39.068,0.25,25.001
39.069,0.25,25.001
39.07,0.25,25.001
39.071,0.25,25.001
39.072,0.25,25.001
39.073,0.25,25.001
39.074,0.25,25.001
39.075,0.25,25.001
39.076,0.25,25.001
39.077,0.25,25.001
39.078,0.25,25.001
39.079,0.25,25.001
39.08,0.25,25.001
39.081,0.25,25.001
39.082,0.25,25.001
39.083,0.25,25.001
39.084,0.25,25.001
39.085,0.25,25.001
39.086,0.25,25.001
39.087,0.25,25.001
39.088,0.25,25.001
39.089,0.25,25.001
39.09,0.25,25.001
39.091,0.25,25.001
39.092,0.25,25.001
39.093,0.25,25.001
39.094,0.25,25.001
39.095,0.25,25.001
39.096,0.25,25.001
39.097,0.25,25.001
39.098,0.25,25.001
39.099,0.25,25.001
39.1,0.25,25.001
39.101,0.25,25.001
39.102,0.25,25.001
39.103,0.25,25.001
39.104,0.25,25.001
39.105,0.25,25.001
39.106,0.25,25.001
39.107,0.25,25.001
39.108,0.25,25.001
39.109,0.25,25.001
39.11,0.25,25.001
39.111,0.25,25.001
39.112,0.25,25.001
39.113,0.25,25.001
39.114,0.25,25.001
39.115,0.25,25.001
39.116,0.25,25.001
39.117,0.25,25.001
39.118,0.25,25.001
39.119,0.25,25.001
39.12,0.25,25.001
39.121,0.25,25.001
39.122,0.25,25.001
39.123,0.25,25.001
39.124,0.25,25.001
39.125,0.25,25.001
39.126,0.25,25.001
39.127,0.25,25.001
39.128,0.25,25.001
39.129,0.25,25.001
39.13,0.25,25.001
39.131,0.25,25.001
39.132,0.25,25.001
39.133,0.25,25.001
39.134,0.25,25.001
39.135,0.25,25.001
39.136,0.25,25.001
39.137,0.25,25.001
39.138,0.25,25.001
39.139,0.25,25.001
39.14,0.25,25.001
39.141,0.25,25.001
39.142,0.25,25.001
39.143,0.25,25.001
39.144,0.25,25.001
39.145,0.25,25.001
39.146,0.25,25.001
39.147,0.25,25.001
39.148,0.25,25.001
39.149,0.25,25.001
39.15,0.25,25.001
39.151,0.25,25.001
39.152,0.25,25.001
39.153,0.25,25.001
39.154,0.25,25.001
39.155,0.25,25.001
39.156,0.25,25.001
39.157,0.25,25.001
39.158,0.25,25.001
39.159,0.25,25.001
39.16,0.25,25.001
39.161,0.25,25.001
39.162,0.25,25.001
39.163,0.25,25.001
39.164,0.25,25.001
39.165,0.25,25.001
39.166,0.25,25.001
39.167,0.25,25.001
39.168,0.25,25.001
39.169,0.25,25.001
39.17,0.25,25.001
39.171,0.25,25.001
39.172,0.25,25.001
39.173,0.25,25.001
39.174,0.25,25.001
39.175,0.25,25.001
39.176,0.25,25.001
39.177,0.25,25.001
39.178,0.25,25.001
39.179,0.25,25.001
39.18,0.25,25.001
39.181,0.25,25.001
39.182,0.25,25.001
39.183,0.25,25.001
39.184,0.25,25.001
39.185,0.25,25.001
39.186,0.25,25.001
39.187,0.25,25.001
39.188,0.25,25.001
39.189,0.25,25.001
39.19,0.25,25.001
39.191,0.25,25.001
39.192,0.25,25.001
39.193,0.25,25.001
39.194,0.25,25.001
39.195,0.25,25.001
39.196,0.25,25.001
39.197,0.25,25.001
39.198,0.25,25.001
39.199,0.25,25.001
39.2,0.25,25.001
39.201,0.25,25.001
39.202,0.25,25.001
39.203,0.25,25.001
39.204,0.25,25.001
39.205,0.25,25.001
39.206,0.25,25.001
39.207,0.25,25.001
39.208,0.25,25.001
39.209,0.25,25.001
39.21,0.25,25.001
39.211,0.25,25.001
39.212,0.25,25.001
39.213,0.25,25.001
39.214,0.25,25.001
39.215,0.25,25.001
39.216,0.25,25.001
39.217,0.25,25.001
39.218,0.25,25.001
39.219,0.25,25.001
39.22,0.25,25.001
39.221,0.25,25.001
39.222,0.25,25.001
39.223,0.25,25.001
39.224,0.25,25.001
39.225,0.25,25.001
39.226,0.25,25.001
39.227,0.25,25.001
39.228,0.25,25.001
39.229,0.25,25.001
39.23,0.25,25.001
39.231,0.25,25.001
39.232,0.25,25.001
39.233,0.25,25.001
39.234,0.25,25.001
39.235,0.25,25.001
39.236,0.25,25.001
39.237,0.25,25.001
39.238,0.25,25.001
39.239,0.25,25.001
39.24,0.25,25.001
39.241,0.25,25.001
39.242,0.25,25.001
39.243,0.25,25.001
39.244,0.25,25.001
39.245,0.25,25.001
39.246,0.25,25.001
39.247,0.25,25.001
39.248,0.25,25.001
39.249,0.25,25.001
39.25,0.25,25.001
39.251,0.25,25.001
39.252,0.25,25.001
39.253,0.25,25.001
39.254,0.25,25.001
39.255,0.25,25.001
39.256,0.25,25.001
39.257,0.25,25.001
39.258,0.25,25.001
39.259,0.25,25.001
39.26,0.25,25.001
39.261,0.25,25.001
39.262,0.25,25.001
39.263,0.25,25.001
39.264,0.25,25.001
39.265,0.25,25.001
39.266,0.25,25.001
39.267,0.25,25.001
39.268,0.25,25.001
39.269,0.25,25.001
39.27,0.25,25.001
39.271,0.25,25.001
39.272,0.25,25.001
39.273,0.25,25.001
39.274,0.25,25.001
39.275,0.25,25.001
39.276,0.25,25.001
39.277,0.25,25.001
39.278,0.25,25.001
39.279,0.25,25.001
39.28,0.25,25.001
39.281,0.25,25.001
39.282,0.25,25.001
39.283,0.25,25.001
39.284,0.25,25.001
39.285,0.25,25.001
39.286,0.25,25.001
39.287,0.25,25.001
39.288,0.25,25.001
39.289,0.25,25.001
39.29,0.25,25.001
39.291,0.25,25.001
39.292,0.25,25.001
39.293,0.25,25.001
39.294,0.25,25.001
39.295,0.25,25.001
39.296,0.25,25.001
39.297,0.25,25.001
39.298,0.25,25.001
39.299,0.25,25.001
39.3,0.25,25.001
39.301,0.25,25.001
39.302,0.25,25.001
39.303,0.25,25.001
39.304,0.25,25.001
39.305,0.25,25.001
39.306,0.25,25.001
39.307,0.25,25.001
39.308,0.25,25.001
39.309,0.25,25.001
39.31,0.25,25.001
39.311,0.25,25.001
39.312,0.25,25.001
39.313,0.25,25.001
39.314,0.25,25.001
39.315,0.25,25.001
39.316,0.25,25.001
39.317,0.25,25.001
39.318,0.25,25.001
39.319,0.25,25.001
39.32,0.25,25.001
39.321,0.25,25.001
39.322,0.25,25.001
39.323,0.25,25.001
39.324,0.25,25.001
39.325,0.25,25.001
39.326,0.25,25.001
39.327,0.25,25.001
39.328,0.25,25.001
39.329,0.25,25.001
39.33,0.25,25.001
39.331,0.25,25.001
39.332,0.25,25.001
39.333,0.25,25.001
39.334,0.25,25.001
39.335,0.25,25.001
39.336,0.25,25.001
39.337,0.25,25.001
39.338,0.25,25.001
39.339,0.25,25.001
39.34,0.25,25.001
39.341,0.25,25.001
39.342,0.25,25.001
39.343,0.25,25.001
39.344,0.25,25.001
39.345,0.25,25.001
39.346,0.25,25.001
39.347,0.25,25.001
39.348,0.25,25.001
39.349,0.25,25.001
39.35,0.25,25.001
39.351,0.25,25.001
39.352,0.25,25.001
39.353,0.25,25.001
39.354,0.25,25.001
39.355,0.25,25.001
39.356,0.25,25.001
39.357,0.25,25.001
39.358,0.25,25.001
39.359,0.25,25.001
39.36,0.25,25.001
39.361,0.25,25.001
39.362,0.25,25.001
39.363,0.25,25.001
39.364,0.25,25.001
39.365,0.25,25.001
39.366,0.25,25.001
39.367,0.25,25.001
39.368,0.25,25.001
39.369,0.25,25.001
39.37,0.25,25.001
39.371,0.25,25.001
39.372,0.25,25.001
39.373,0.25,25.001
39.374,0.25,25.001
39.375,0.25,25.001
39.376,0.25,25.001
39.377,0.25,25.001
39.378,0.25,25.001
39.379,0.25,25.001
39.38,0.25,25.001
39.381,0.25,25.001
39.382,0.25,25.001
39.383,0.25,25.001
39.384,0.25,25.001
39.385,0.25,25.001
39.386,0.25,25.001
39.387,0.25,25.001
39.388,0.25,25.001
39.389,0.25,25.001
39.39,0.25,25.001
39.391,0.25,25.001
39.392,0.25,25.001
39.393,0.25,25.001
39.394,0.25,25.001
39.395,0.25,25.001
39.396,0.25,25.001
39.397,0.25,25.001
39.398,0.25,25.001
39.399,0.25,25.001
39.4,0.25,25.001
39.401,0.25,25.001
39.402,0.25,25.001
39.403,0.25,25.001
39.404,0.25,25.001
39.405,0.25,25.001
39.406,0.25,25.001
39.407,0.25,25.001
39.408,0.25,25.001
39.409,0.25,25.001
39.41,0.25,25.001
39.411,0.25,25.001
39.412,0.25,25.001
39.413,0.25,25.001
39.414,0.25,25.001
39.415,0.25,25.001
39.416,0.25,25.001
39.417,0.25,25.001
39.418,0.25,25.001
39.419,0.25,25.001
39.42,0.25,25.001
39.421,0.25,25.001
39.422,0.25,25.001
39.423,0.25,25.001
39.424,0.25,25.001
39.425,0.25,25.001
39.426,0.25,25.001
39.427,0.25,25.001
39.428,0.25,25.001
39.429,0.25,25.001
39.43,0.25,25.001
39.431,0.25,25.001
39.432,0.25,25.001
39.433,0.25,25.001
39.434,0.25,25.001
39.435,0.25,25.001
39.436,0.25,25.001
39.437,0.25,25.001
39.438,0.25,25.001
39.439,0.25,25.001
39.44,0.25,25.001
39.441,0.25,25.001
39.442,0.25,25.001
39.443,0.25,25.001
39.444,0.25,25.001
39.445,0.25,25.001
39.446,0.25,25.001
39.447,0.25,25.001
39.448,0.25,25.001
39.449,0.25,25.001
39.45,0.25,25.001
39.451,0.25,25.001
39.452,0.25,25.001
39.453,0.25,25.001
39.454,0.25,25.001
39.455,0.25,25.001
39.456,0.25,25.001
39.457,0.25,25.001
39.458,0.25,25.001
39.459,0.25,25.001
39.46,0.25,25.001
39.461,0.25,25.001
39.462,0.25,25.001
39.463,0.25,25.001
39.464,0.25,25.001
39.465,0.25,25.001
39.466,0.25,25.001
39.467,0.25,25.001
39.468,0.25,25.001
39.469,0.25,25.001
39.47,0.25,25.001
39.471,0.25,25.001
39.472,0.25,25.001
39.473,0.25,25.001
39.474,0.25,25.001
39.475,0.25,25.001
39.476,0.25,25.001
39.477,0.25,25.001
39.478,0.25,25.001
39.479,0.25,25.001
39.48,0.25,25.001
39.481,0.25,25.001
39.482,0.25,25.001
39.483,0.25,25.001
39.484,0.25,25.001
39.485,0.25,25.001
39.486,0.25,25.001
39.487,0.25,25.001
39.488,0.25,25.001
39.489,0.25,25.001
39.49,0.25,25.001
39.491,0.25,25.001
39.492,0.25,25.001
39.493,0.25,25.001
39.494,0.25,25.001
39.495,0.25,25.001
39.496,0.25,25.001
39.497,0.25,25.001
39.498,0.25,25.001
39.499,0.25,25.001
39.5,0.25,25.001
39.501,0.25,25.001
39.502,0.25,25.001
39.503,0.25,25.001
39.504,0.25,25.001
39.505,0.25,25.001
39.506,0.25,25.001
39.507,0.25,25.001
39.508,0.25,25.001
39.509,0.25,25.001
39.51,0.25,25.001
39.511,0.25,25.001
39.512,0.25,25.001
39.513,0.25,25.001
39.514,0.25,25.001
39.515,0.25,25.001
39.516,0.25,25.001
39.517,0.25,25.001
39.518,0.25,25.001
39.519,0.25,25.001
39.52,0.25,25.001
39.521,0.25,25.001
39.522,0.25,25.001
39.523,0.25,25.001
39.524,0.25,25.001
39.525,0.25,25.001
39.526,0.25,25.001
39.527,0.25,25.001
39.528,0.25,25.001
39.529,0.25,25.001
39.53,0.25,25.001
39.531,0.25,25.001
39.532,0.25,25.001
39.533,0.25,25.001
39.534,0.25,25.001
39.535,0.25,25.001
39.536,0.25,25.001
39.537,0.25,25.001
39.538,0.25,25.001
39.539,0.25,25.001
39.54,0.25,25.001
39.541,0.25,25.001
39.542,0.25,25.001
39.543,0.25,25.001
39.544,0.25,25.001
39.545,0.25,25.001
39.546,0.25,25.001
39.547,0.25,25.001
39.548,0.25,25.001
39.549,0.25,25.001
39.55,0.25,25.001
39.551,0.25,25.001
39.552,0.25,25.001
39.553,0.25,25.001
39.554,0.25,25.001
39.555,0.25,25.001
39.556,0.25,25.001
39.557,0.25,25.001
39.558,0.25,25.001
39.559,0.25,25.001
39.56,0.25,25.001
39.561,0.25,25.001
39.562,0.25,25.001
39.563,0.25,25.001
39.564,0.25,25.001
39.565,0.25,25.001
39.566,0.25,25.001
39.567,0.25,25.001
39.568,0.25,25.001
39.569,0.25,25.001
39.57,0.25,25.001
39.571,0.25,25.001
39.572,0.25,25.001
39.573,0.25,25.001
39.574,0.25,25.001
39.575,0.25,25.001
39.576,0.25,25.001
39.577,0.25,25.001
39.578,0.25,25.001
39.579,0.25,25.001
39.58,0.25,25.001
39.581,0.25,25.001
39.582,0.25,25.001
39.583,0.25,25.001
39.584,0.25,25.001
39.585,0.25,25.001
39.586,0.25,25.001
39.587,0.25,25.001
39.588,0.25,25.001
39.589,0.25,25.001
39.59,0.25,25.001
39.591,0.25,25.001
39.592,0.25,25.001
39.593,0.25,25.001
39.594,0.25,25.001
39.595,0.25,25.001
39.596,0.25,25.001
39.597,0.25,25.001
39.598,0.25,25.001
39.599,0.25,25.001
39.6,0.25,25.001
39.601,0.25,25.001
39.602,0.25,25.001
39.603,0.25,25.001
39.604,0.25,25.001
39.605,0.25,25.001
39.606,0.25,25.001
39.607,0.25,25.001
39.608,0.25,25.001
39.609,0.25,25.001
39.61,0.25,25.001
39.611,0.25,25.001
39.612,0.25,25.001
39.613,0.25,25.001
39.614,0.25,25.001
39.615,0.25,25.001
39.616,0.25,25.001
39.617,0.25,25.001
39.618,0.25,25.001
39.619,0.25,25.001
39.62,0.25,25.001
39.621,0.25,25.001
39.622,0.25,25.001
39.623,0.25,25.001
39.624,0.25,25.001
39.625,0.25,25.001
39.626,0.25,25.001
39.627,0.25,25.001
39.628,0.25,25.001
39.629,0.25,25.001
39.63,0.25,25.001
39.631,0.25,25.001
39.632,0.25,25.001
39.633,0.25,25.001
39.634,0.25,25.001
39.635,0.25,25.001
39.636,0.25,25.001
39.637,0.25,25.001
39.638,0.25,25.001
39.639,0.25,25.001
39.64,0.25,25.001
39.641,0.25,25.001
39.642,0.25,25.001
39.643,0.25,25.001
39.644,0.25,25.001
39.645,0.25,25.001
39.646,0.25,25.001
39.647,0.25,25.001
39.648,0.25,25.001
39.649,0.25,25.001
39.65,0.25,25.001
39.651,0.25,25.001
39.652,0.25,25.001
39.653,0.25,25.001
39.654,0.25,25.001
39.655,0.25,25.001
39.656,0.25,25.001
39.657,0.25,25.001
39.658,0.25,25.001
39.659,0.25,25.001
39.66,0.25,25.001
39.661,0.25,25.001
39.662,0.25,25.001
39.663,0.25,25.001
39.664,0.25,25.001
39.665,0.25,25.001
39.666,0.25,25.001
39.667,0.25,25.001
39.668,0.25,25.001
39.669,0.25,25.001
39.67,0.25,25.001
39.671,0.25,25.001
39.672,0.25,25.001
39.673,0.25,25.001
39.674,0.25,25.001
39.675,0.25,25.001
39.676,0.25,25.001
39.677,0.25,25.001
39.678,0.25,25.001
39.679,0.25,25.001
39.68,0.25,25.001
39.681,0.25,25.001
39.682,0.25,25.001
39.683,0.25,25.001
39.684,0.25,25.001
39.685,0.25,25.001
39.686,0.25,25.001
39.687,0.25,25.001
39.688,0.25,25.001
39.689,0.25,25.001
39.69,0.25,25.001
39.691,0.25,25.001
39.692,0.25,25.001
39.693,0.25,25.001
39.694,0.25,25.001
39.695,0.25,25.001
39.696,0.25,25.001
39.697,0.25,25.001
39.698,0.25,25.001
39.699,0.25,25.001
39.7,0.25,25.001
39.701,0.25,25.001
39.702,0.25,25.001
39.703,0.25,25.001
39.704,0.25,25.001
39.705,0.25,25.001
39.706,0.25,25.001
39.707,0.25,25.001
39.708,0.25,25.001
39.709,0.25,25.001
39.71,0.25,25.001
39.711,0.25,25.001
39.712,0.25,25.001
39.713,0.25,25.001
39.714,0.25,25.001
39.715,0.25,25.001
39.716,0.25,25.001
39.717,0.25,25.001
39.718,0.25,25.001
39.719,0.25,25.001
39.72,0.25,25.001
39.721,0.25,25.001
39.722,0.25,25.001
39.723,0.25,25.001
39.724,0.25,25.001
39.725,0.25,25.001
39.726,0.25,25.001
39.727,0.25,25.001
39.728,0.25,25.001
39.729,0.25,25.001
39.73,0.25,25.001
39.731,0.25,25.001
39.732,0.25,25.001
39.733,0.25,25.001
39.734,0.25,25.001
39.735,0.25,25.001
39.736,0.25,25.001
39.737,0.25,25.001
39.738,0.25,25.001
39.739,0.25,25.001
39.74,0.25,25.001
39.741,0.25,25.001
39.742,0.25,25.001
39.743,0.25,25.001
39.744,0.25,25.001
39.745,0.25,25.001
39.746,0.25,25.001
39.747,0.25,25.001
39.748,0.25,25.001
39.749,0.25,25.001
39.75,0.25,25.001
39.751,0.25,25.001
39.752,0.25,25.001
39.753,0.25,25.001
39.754,0.25,25.001
39.755,0.25,25.001
39.756,0.25,25.001
39.757,0.25,25.001
39.758,0.25,25.001
39.759,0.25,25.001
39.76,0.25,25.001
39.761,0.25,25.001
39.762,0.25,25.001
39.763,0.25,25.001
39.764,0.25,25.001
39.765,0.25,25.001
39.766,0.25,25.001
39.767,0.25,25.001
39.768,0.25,25.001
39.769,0.25,25.001
39.77,0.25,25.001
39.771,0.25,25.001
39.772,0.25,25.001
39.773,0.25,25.001
39.774,0.25,25.001
39.775,0.25,25.001
39.776,0.25,25.001
39.777,0.25,25.001
39.778,0.25,25.001
39.779,0.25,25.001
39.78,0.25,25.001
39.781,0.25,25.001
39.782,0.25,25.001
39.783,0.25,25.001
39.784,0.25,25.001
39.785,0.25,25.001
39.786,0.25,25.001
39.787,0.25,25.001
39.788,0.25,25.001
39.789,0.25,25.001
39.79,0.25,25.001
39.791,0.25,25.001
39.792,0.25,25.001
39.793,0.25,25.001
39.794,0.25,25.001
39.795,0.25,25.001
39.796,0.25,25.001
39.797,0.25,25.001
39.798,0.25,25.001
39.799,0.25,25.001
39.8,0.25,25.001
39.801,0.25,25.001
39.802,0.25,25.001
39.803,0.25,25.001
39.804,0.25,25.001
39.805,0.25,25.001
39.806,0.25,25.001
39.807,0.25,25.001
39.808,0.25,25.001
39.809,0.25,25.001
39.81,0.25,25.001
39.811,0.25,25.001
39.812,0.25,25.001
39.813,0.25,25.001
39.814,0.25,25.001
39.815,0.25,25.001
39.816,0.25,25.001
39.817,0.25,25.001
39.818,0.25,25.001
39.819,0.25,25.001
39.82,0.25,25.001
39.821,0.25,25.001
39.822,0.25,25.001
39.823,0.25,25.001
39.824,0.25,25.001
39.825,0.25,25.001
39.826,0.25,25.001
39.827,0.25,25.001
39.828,0.25,25.001
39.829,0.25,25.001
39.83,0.25,25.001
39.831,0.25,25.001
39.832,0.25,25.001
39.833,0.25,25.001
39.834,0.25,25.001
39.835,0.25,25.001
39.836,0.25,25.001
39.837,0.25,25.001
39.838,0.25,25.001
39.839,0.25,25.001
39.84,0.25,25.001
39.841,0.25,25.001
39.842,0.25,25.001
39.843,0.25,25.001
39.844,0.25,25.001
39.845,0.25,25.001
39.846,0.25,25.001
39.847,0.25,25.001
39.848,0.25,25.001
39.849,0.25,25.001
39.85,0.25,25.001
39.851,0.25,25.001
39.852,0.25,25.001
39.853,0.25,25.001
39.854,0.25,25.001
39.855,0.25,25.001
39.856,0.25,25.001
39.857,0.25,25.001
39.858,0.25,25.001
39.859,0.25,25.001
39.86,0.25,25.001
39.861,0.25,25.001
39.862,0.25,25.001
39.863,0.25,25.001
39.864,0.25,25.001
39.865,0.25,25.001
39.866,0.25,25.001
39.867,0.25,25.001
39.868,0.25,25.001
39.869,0.25,25.001
39.87,0.25,25.001
39.871,0.25,25.001
39.872,0.25,25.001
39.873,0.25,25.001
39.874,0.25,25.001
39.875,0.25,25.001
39.876,0.25,25.001
39.877,0.25,25.001
39.878,0.25,25.001
39.879,0.25,25.001
39.88,0.25,25.001
39.881,0.25,25.001
39.882,0.25,25.001
39.883,0.25,25.001
39.884,0.25,25.001
39.885,0.25,25.001
39.886,0.25,25.001
39.887,0.25,25.001
39.888,0.25,25.001
39.889,0.25,25.001
39.89,0.25,25.001
39.891,0.25,25.001
39.892,0.25,25.001
39.893,0.25,25.001
39.894,0.25,25.001
39.895,0.25,25.001
39.896,0.25,25.001
39.897,0.25,25.001
39.898,0.25,25.001
39.899,0.25,25.001
39.9,0.25,25.001
39.901,0.25,25.001
39.902,0.25,25.001
39.903,0.25,25.001
39.904,0.25,25.001
39.905,0.25,25.001
39.906,0.25,25.001
39.907,0.25,25.001
39.908,0.25,25.001
39.909,0.25,25.001
39.91,0.25,25.001
39.911,0.25,25.001
39.912,0.25,25.001
39.913,0.25,25.001
39.914,0.25,25.001
39.915,0.25,25.001
39.916,0.25,25.001
39.917,0.25,25.001
39.918,0.25,25.001
39.919,0.25,25.001
39.92,0.25,25.001
39.921,0.25,25.001
39.922,0.25,25.001
39.923,0.25,25.001
39.924,0.25,25.001
39.925,0.25,25.001
39.926,0.25,25.001
39.927,0.25,25.001
39.928,0.25,25.001
39.929,0.25,25.001
39.93,0.25,25.001
39.931,0.25,25.001
39.932,0.25,25.001
39.933,0.25,25.001
39.934,0.25,25.001
39.935,0.25,25.001
39.936,0.25,25.001
39.937,0.25,25.001
39.938,0.25,25.001
39.939,0.25,25.001
39.94,0.25,25.001
39.941,0.25,25.001
39.942,0.25,25.001
39.943,0.25,25.001
39.944,0.25,25.001
39.945,0.25,25.001
39.946,0.25,25.001
39.947,0.25,25.001
39.948,0.25,25.001
39.949,0.25,25.001
39.95,0.25,25.001
39.951,0.25,25.001
39.952,0.25,25.001
39.953,0.25,25.001
39.954,0.25,25.001
39.955,0.25,25.001
39.956,0.25,25.001
39.957,0.25,25.001
39.958,0.25,25.001
39.959,0.25,25.001
39.96,0.25,25.001
39.961,0.25,25.001
39.962,0.25,25.001
39.963,0.25,25.001
39.964,0.25,25.001
39.965,0.25,25.001
39.966,0.25,25.001
39.967,0.25,25.001
39.968,0.25,25.001
39.969,0.25,25.001
39.97,0.25,25.001
39.971,0.25,25.001
39.972,0.25,25.001
39.973,0.25,25.001
39.974,0.25,25.001
39.975,0.25,25.001
39.976,0.25,25.001
39.977,0.25,25.001
39.978,0.25,25.001
39.979,0.25,25.001
39.98,0.25,25.001
39.981,0.25,25.001
39.982,0.25,25.001
39.983,0.25,25.001
39.984,0.25,25.001
39.985,0.25,25.001
39.986,0.25,25.001
39.987,0.25,25.001
39.988,0.25,25.001
39.989,0.25,25.001
39.99,0.25,25.001
39.991,0.25,25.001
39.992,0.25,25.001
39.993,0.25,25.001
39.994,0.25,25.001
39.995,0.25,25.001
39.996,0.25,25.001
39.997,0.25,25.001
39.998,0.25,25.001
39.999,0.25,25.001
40,0.25,25.001
40.001,0.25,25.001
40.002,0.25,25.001
40.003,0.25,25.001
40.004,0.25,25.001
40.005,0.25,25.001
40.006,0.25,25.001
40.007,0.25,25.001
40.008,0.25,25.001
40.009,0.25,25.001
40.01,0.25,25.001
40.011,0.25,25.001
40.012,0.25,25.001
40.013,0.25,25.001
40.014,0.25,25.001
40.015,0.25,25.001
40.016,0.25,25.001
40.017,0.25,25.001
40.018,0.25,25.001
40.019,0.25,25.001
40.02,0.25,25.001
40.021,0.25,25.001
40.022,0.25,25.001
40.023,0.25,25.001
40.024,0.25,25.001
40.025,0.25,25.001
40.026,0.25,25.001
40.027,0.25,25.001
40.028,0.25,25.001
40.029,0.25,25.001
40.03,0.25,25.001
40.031,0.25,25.001
40.032,0.25,25.001
40.033,0.25,25.001
40.034,0.25,25.001
40.035,0.25,25.001
40.036,0.25,25.001
40.037,0.25,25.001
40.038,0.25,25.001
40.039,0.25,25.001
40.04,0.25,25.001
40.041,0.25,25.001
40.042,0.25,25.001
40.043,0.25,25.001
40.044,0.25,25.001
40.045,0.25,25.001
40.046,0.25,25.001
40.047,0.25,25.001
40.048,0.25,25.001
40.049,0.25,25.001
40.05,0.25,25.001
40.051,0.25,25.001
40.052,0.25,25.001
40.053,0.25,25.001
40.054,0.25,25.001
40.055,0.25,25.001
40.056,0.25,25.001
40.057,0.25,25.001
40.058,0.25,25.001
40.059,0.25,25.001
40.06,0.25,25.001
40.061,0.25,25.001
40.062,0.25,25.001
40.063,0.25,25.001
40.064,0.25,25.001
40.065,0.25,25.001
40.066,0.25,25.001
40.067,0.25,25.001
40.068,0.25,25.001
40.069,0.25,25.001
40.07,0.25,25.001
40.071,0.25,25.001
40.072,0.25,25.001
40.073,0.25,25.001
40.074,0.25,25.001
40.075,0.25,25.001
40.076,0.25,25.001
40.077,0.25,25.001
40.078,0.25,25.001
40.079,0.25,25.001
40.08,0.25,25.001
40.081,0.25,25.001
40.082,0.25,25.001
40.083,0.25,25.001
40.084,0.25,25.001
40.085,0.25,25.001
40.086,0.25,25.001
40.087,0.25,25.001
40.088,0.25,25.001
40.089,0.25,25.001
40.09,0.25,25.001
40.091,0.25,25.001
40.092,0.25,25.001
40.093,0.25,25.001
40.094,0.25,25.001
40.095,0.25,25.001
40.096,0.25,25.001
40.097,0.25,25.001
40.098,0.25,25.001
40.099,0.25,25.001
40.1,0.25,25.001
40.101,0.25,25.001
40.102,0.25,25.001
40.103,0.25,25.001
40.104,0.25,25.001
40.105,0.25,25.001
40.106,0.25,25.001
40.107,0.25,25.001
40.108,0.25,25.001
40.109,0.25,25.001
40.11,0.25,25.001
40.111,0.25,25.001
40.112,0.25,25.001
40.113,0.25,25.001
40.114,0.25,25.001
40.115,0.25,25.001
40.116,0.25,25.001
40.117,0.25,25.001
40.118,0.25,25.001
40.119,0.25,25.001
40.12,0.25,25.001
40.121,0.25,25.001
40.122,0.25,25.001
40.123,0.25,25.001
40.124,0.25,25.001
40.125,0.25,25.001
40.126,0.25,25.001
40.127,0.25,25.001
40.128,0.25,25.001
40.129,0.25,25.001
40.13,0.25,25.001
40.131,0.25,25.001
40.132,0.25,25.001
40.133,0.25,25.001
40.134,0.25,25.001
40.135,0.25,25.001
40.136,0.25,25.001
40.137,0.25,25.001
40.138,0.25,25.001
40.139,0.25,25.001
40.14,0.25,25.001
40.141,0.25,25.001
40.142,0.25,25.001
40.143,0.25,25.001
40.144,0.25,25.001
40.145,0.25,25.001
40.146,0.25,25.001
40.147,0.25,25.001
40.148,0.25,25.001
40.149,0.25,25.001
40.15,0.25,25.001
40.151,0.25,25.001
40.152,0.25,25.001
40.153,0.25,25.001
40.154,0.25,25.001
40.155,0.25,25.001
40.156,0.25,25.001
40.157,0.25,25.001
40.158,0.25,25.001
40.159,0.25,25.001
40.16,0.25,25.001
40.161,0.25,25.001
40.162,0.25,25.001
40.163,0.25,25.001
40.164,0.25,25.001
40.165,0.25,25.001
40.166,0.25,25.001
40.167,0.25,25.001
40.168,0.25,25.001
40.169,0.25,25.001
40.17,0.25,25.001
40.171,0.25,25.001
40.172,0.25,25.001
40.173,0.25,25.001
40.174,0.25,25.001
40.175,0.25,25.001
40.176,0.25,25.001
40.177,0.25,25.001
40.178,0.25,25.001
40.179,0.25,25.001
40.18,0.25,25.001
40.181,0.25,25.001
40.182,0.25,25.001
40.183,0.25,25.001
40.184,0.25,25.001
40.185,0.25,25.001
40.186,0.25,25.001
40.187,0.25,25.001
40.188,0.25,25.001
40.189,0.25,25.001
40.19,0.25,25.001
40.191,0.25,25.001
40.192,0.25,25.001
40.193,0.25,25.001
40.194,0.25,25.001
40.195,0.25,25.001
40.196,0.25,25.001
40.197,0.25,25.001
40.198,0.25,25.001
40.199,0.25,25.001
40.2,0.25,25.001
40.201,0.25,25.001
40.202,0.25,25.001
40.203,0.25,25.001
40.204,0.25,25.001
40.205,0.25,25.001
40.206,0.25,25.001
40.207,0.25,25.001
40.208,0.25,25.001
40.209,0.25,25.001
40.21,0.25,25.001
40.211,0.25,25.001
40.212,0.25,25.001
40.213,0.25,25.001
40.214,0.25,25.001
40.215,0.25,25.001
40.216,0.25,25.001
40.217,0.25,25.001
40.218,0.25,25.001
40.219,0.25,25.001
40.22,0.25,25.001
40.221,0.25,25.001
40.222,0.25,25.001
40.223,0.25,25.001
40.224,0.25,25.001
40.225,0.25,25.001
40.226,0.25,25.001
40.227,0.25,25.001
40.228,0.25,25.001
40.229,0.25,25.001
40.23,0.25,25.001
40.231,0.25,25.001
40.232,0.25,25.001
40.233,0.25,25.001
40.234,0.25,25.001
40.235,0.25,25.001
40.236,0.25,25.001
40.237,0.25,25.001
40.238,0.25,25.001
40.239,0.25,25.001
40.24,0.25,25.001
40.241,0.25,25.001
40.242,0.25,25.001
40.243,0.25,25.001
40.244,0.25,25.001
40.245,0.25,25.001
40.246,0.25,25.001
40.247,0.25,25.001
40.248,0.25,25.001
40.249,0.25,25.001
40.25,0.25,25.001
40.251,0.25,25.001
40.252,0.25,25.001
40.253,0.25,25.001
40.254,0.25,25.001
40.255,0.25,25.001
40.256,0.25,25.001
40.257,0.25,25.001
40.258,0.25,25.001
40.259,0.25,25.001
40.26,0.25,25.001
40.261,0.25,25.001
40.262,0.25,25.001
40.263,0.25,25.001
40.264,0.25,25.001
40.265,0.25,25.001
40.266,0.25,25.001
40.267,0.25,25.001
40.268,0.25,25.001
40.269,0.25,25.001
40.27,0.25,25.001
40.271,0.25,25.001
40.272,0.25,25.001
40.273,0.25,25.001
40.274,0.25,25.001
40.275,0.25,25.001
40.276,0.25,25.001
40.277,0.25,25.001
40.278,0.25,25.001
40.279,0.25,25.001
40.28,0.25,25.001
40.281,0.25,25.001
40.282,0.25,25.001
40.283,0.25,25.001
40.284,0.25,25.001
40.285,0.25,25.001
40.286,0.25,25.001
40.287,0.25,25.001
40.288,0.25,25.001
40.289,0.25,25.001
40.29,0.25,25.001
40.291,0.25,25.001
40.292,0.25,25.001
40.293,0.25,25.001
40.294,0.25,25.001
40.295,0.25,25.001
40.296,0.25,25.001
40.297,0.25,25.001
40.298,0.25,25.001
40.299,0.25,25.001
40.3,0.25,25.001
40.301,0.25,25.001
40.302,0.25,25.001
40.303,0.25,25.001
40.304,0.25,25.001
40.305,0.25,25.001
40.306,0.25,25.001
40.307,0.25,25.001
40.308,0.25,25.001
40.309,0.25,25.001
40.31,0.25,25.001
40.311,0.25,25.001
40.312,0.25,25.001
40.313,0.25,25.001
40.314,0.25,25.001
40.315,0.25,25.001
40.316,0.25,25.001
40.317,0.25,25.001
40.318,0.25,25.001
40.319,0.25,25.001
40.32,0.25,25.001
40.321,0.25,25.001
40.322,0.25,25.001
40.323,0.25,25.001
40.324,0.25,25.001
40.325,0.25,25.001
40.326,0.25,25.001
40.327,0.25,25.001
40.328,0.25,25.001
40.329,0.25,25.001
40.33,0.25,25.001
40.331,0.25,25.001
40.332,0.25,25.001
40.333,0.25,25.001
40.334,0.25,25.001
40.335,0.25,25.001
40.336,0.25,25.001
40.337,0.25,25.001
40.338,0.25,25.001
40.339,0.25,25.001
40.34,0.25,25.001
40.341,0.25,25.001
40.342,0.25,25.001
40.343,0.25,25.001
40.344,0.25,25.001
40.345,0.25,25.001
40.346,0.25,25.001
40.347,0.25,25.001
40.348,0.25,25.001
40.349,0.25,25.001
40.35,0.25,25.001
40.351,0.25,25.001
40.352,0.25,25.001
40.353,0.25,25.001
40.354,0.25,25.001
40.355,0.25,25.001
40.356,0.25,25.001
40.357,0.25,25.001
40.358,0.25,25.001
40.359,0.25,25.001
40.36,0.25,25.001
40.361,0.25,25.001
40.362,0.25,25.001
40.363,0.25,25.001
40.364,0.25,25.001
40.365,0.25,25.001
40.366,0.25,25.001
40.367,0.25,25.001
40.368,0.25,25.001
40.369,0.25,25.001
40.37,0.25,25.001
40.371,0.25,25.001
40.372,0.25,25.001
40.373,0.25,25.001
40.374,0.25,25.001
40.375,0.25,25.001
40.376,0.25,25.001
40.377,0.25,25.001
40.378,0.25,25.001
40.379,0.25,25.001
40.38,0.25,25.001
40.381,0.25,25.001
40.382,0.25,25.001
40.383,0.25,25.001
40.384,0.25,25.001
40.385,0.25,25.001
40.386,0.25,25.001
40.387,0.25,25.001
40.388,0.25,25.001
40.389,0.25,25.001
40.39,0.25,25.001
40.391,0.25,25.001
40.392,0.25,25.001
40.393,0.25,25.001
40.394,0.25,25.001
40.395,0.25,25.001
40.396,0.25,25.001
40.397,0.25,25.001
40.398,0.25,25.001
40.399,0.25,25.001
40.4,0.25,25.001
40.401,0.25,25.001
40.402,0.25,25.001
40.403,0.25,25.001
40.404,0.25,25.001
40.405,0.25,25.001
40.406,0.25,25.001
40.407,0.25,25.001
40.408,0.25,25.001
40.409,0.25,25.001
40.41,0.25,25.001
40.411,0.25,25.001
40.412,0.25,25.001
40.413,0.25,25.001
40.414,0.25,25.001
40.415,0.25,25.001
40.416,0.25,25.001
40.417,0.25,25.001
40.418,0.25,25.001
40.419,0.25,25.001
40.42,0.25,25.001
40.421,0.25,25.001
40.422,0.25,25.001
40.423,0.25,25.001
40.424,0.25,25.001
40.425,0.25,25.001
40.426,0.25,25.001
40.427,0.25,25.001
40.428,0.25,25.001
40.429,0.25,25.001
40.43,0.25,25.001
40.431,0.25,25.001
40.432,0.25,25.001
40.433,0.25,25.001
40.434,0.25,25.001
40.435,0.25,25.001
40.436,0.25,25.001
40.437,0.25,25.001
40.438,0.25,25.001
40.439,0.25,25.001
40.44,0.25,25.001
40.441,0.25,25.001
40.442,0.25,25.001
40.443,0.25,25.001
40.444,0.25,25.001
40.445,0.25,25.001
40.446,0.25,25.001
40.447,0.25,25.001
40.448,0.25,25.001
40.449,0.25,25.001
40.45,0.25,25.001
40.451,0.25,25.001
40.452,0.25,25.001
40.453,0.25,25.001
40.454,0.25,25.001
40.455,0.25,25.001
40.456,0.25,25.001
40.457,0.25,25.001
40.458,0.25,25.001
40.459,0.25,25.001
40.46,0.25,25.001
40.461,0.25,25.001
40.462,0.25,25.001
40.463,0.25,25.001
40.464,0.25,25.001
40.465,0.25,25.001
40.466,0.25,25.001
40.467,0.25,25.001
40.468,0.25,25.001
40.469,0.25,25.001
40.47,0.25,25.001
40.471,0.25,25.001
40.472,0.25,25.001
40.473,0.25,25.001
40.474,0.25,25.001
40.475,0.25,25.001
40.476,0.25,25.001
40.477,0.25,25.001
40.478,0.25,25.001
40.479,0.25,25.001
40.48,0.25,25.001
40.481,0.25,25.001
40.482,0.25,25.001
40.483,0.25,25.001
40.484,0.25,25.001
40.485,0.25,25.001
40.486,0.25,25.001
40.487,0.25,25.001
40.488,0.25,25.001
40.489,0.25,25.001
40.49,0.25,25.001
40.491,0.25,25.001
40.492,0.25,25.001
40.493,0.25,25.001
40.494,0.25,25.001
40.495,0.25,25.001
40.496,0.25,25.001
40.497,0.25,25.001
40.498,0.25,25.001
40.499,0.25,25.001
40.5,0.25,25.001
40.501,0.25,25.001
40.502,0.25,25.001
40.503,0.25,25.001
40.504,0.25,25.001
40.505,0.25,25.001
40.506,0.25,25.001
40.507,0.25,25.001
40.508,0.25,25.001
40.509,0.25,25.001
40.51,0.25,25.001
40.511,0.25,25.001
40.512,0.25,25.001
40.513,0.25,25.001
40.514,0.25,25.001
40.515,0.25,25.001
40.516,0.25,25.001
40.517,0.25,25.001
40.518,0.25,25.001
40.519,0.25,25.001
40.52,0.25,25.001
40.521,0.25,25.001
40.522,0.25,25.001
40.523,0.25,25.001
40.524,0.25,25.001
40.525,0.25,25.001
40.526,0.25,25.001
40.527,0.25,25.001
40.528,0.25,25.001
40.529,0.25,25.001
40.53,0.25,25.001
40.531,0.25,25.001
40.532,0.25,25.001
40.533,0.25,25.001
40.534,0.25,25.001
40.535,0.25,25.001
40.536,0.25,25.001
40.537,0.25,25.001
40.538,0.25,25.001
40.539,0.25,25.001
40.54,0.25,25.001
40.541,0.25,25.001
40.542,0.25,25.001
40.543,0.25,25.001
40.544,0.25,25.001
40.545,0.25,25.001
40.546,0.25,25.001
40.547,0.25,25.001
40.548,0.25,25.001
40.549,0.25,25.001
40.55,0.25,25.001
40.551,0.25,25.001
40.552,0.25,25.001
40.553,0.25,25.001
40.554,0.25,25.001
40.555,0.25,25.001
40.556,0.25,25.001
40.557,0.25,25.001
40.558,0.25,25.001
40.559,0.25,25.001
40.56,0.25,25.001
40.561,0.25,25.001
40.562,0.25,25.001
40.563,0.25,25.001
40.564,0.25,25.001
40.565,0.25,25.001
40.566,0.25,25.001
40.567,0.25,25.001
40.568,0.25,25.001
40.569,0.25,25.001
40.57,0.25,25.001
40.571,0.25,25.001
40.572,0.25,25.001
40.573,0.25,25.001
40.574,0.25,25.001
40.575,0.25,25.001
40.576,0.25,25.001
40.577,0.25,25.001
40.578,0.25,25.001
40.579,0.25,25.001
40.58,0.25,25.001
40.581,0.25,25.001
40.582,0.25,25.001
40.583,0.25,25.001
40.584,0.25,25.001
40.585,0.25,25.001
40.586,0.25,25.001
40.587,0.25,25.001
40.588,0.25,25.001
40.589,0.25,25.001
40.59,0.25,25.001
40.591,0.25,25.001
40.592,0.25,25.001
40.593,0.25,25.001
40.594,0.25,25.001
40.595,0.25,25.001
40.596,0.25,25.001
40.597,0.25,25.001
40.598,0.25,25.001
40.599,0.25,25.001
40.6,0.25,25.001
40.601,0.25,25.001
40.602,0.25,25.001
40.603,0.25,25.001
40.604,0.25,25.001
40.605,0.25,25.001
40.606,0.25,25.001
40.607,0.25,25.001
40.608,0.25,25.001
40.609,0.25,25.001
40.61,0.25,25.001
40.611,0.25,25.001
40.612,0.25,25.001
40.613,0.25,25.001
40.614,0.25,25.001
40.615,0.25,25.001
40.616,0.25,25.001
40.617,0.25,25.001
40.618,0.25,25.001
40.619,0.25,25.001
40.62,0.25,25.001
40.621,0.25,25.001
40.622,0.25,25.001
40.623,0.25,25.001
40.624,0.25,25.001
40.625,0.25,25.001
40.626,0.25,25.001
40.627,0.25,25.001
40.628,0.25,25.001
40.629,0.25,25.001
40.63,0.25,25.001
40.631,0.25,25.001
40.632,0.25,25.001
40.633,0.25,25.001
40.634,0.25,25.001
40.635,0.25,25.001
40.636,0.25,25.001
40.637,0.25,25.001
40.638,0.25,25.001
40.639,0.25,25.001
40.64,0.25,25.001
40.641,0.25,25.001
40.642,0.25,25.001
40.643,0.25,25.001
40.644,0.25,25.001
40.645,0.25,25.001
40.646,0.25,25.001
40.647,0.25,25.001
40.648,0.25,25.001
40.649,0.25,25.001
40.65,0.25,25.001
40.651,0.25,25.001
40.652,0.25,25.001
40.653,0.25,25.001
40.654,0.25,25.001
40.655,0.25,25.001
40.656,0.25,25.001
40.657,0.25,25.001
40.658,0.25,25.001
40.659,0.25,25.001
40.66,0.25,25.001
40.661,0.25,25.001
40.662,0.25,25.001
40.663,0.25,25.001
40.664,0.25,25.001
40.665,0.25,25.001
40.666,0.25,25.001
40.667,0.25,25.001
40.668,0.25,25.001
40.669,0.25,25.001
40.67,0.25,25.001
40.671,0.25,25.001
40.672,0.25,25.001
40.673,0.25,25.001
40.674,0.25,25.001
40.675,0.25,25.001
40.676,0.25,25.001
40.677,0.25,25.001
40.678,0.25,25.001
40.679,0.25,25.001
40.68,0.25,25.001
40.681,0.25,25.001
40.682,0.25,25.001
40.683,0.25,25.001
40.684,0.25,25.001
40.685,0.25,25.001
40.686,0.25,25.001
40.687,0.25,25.001
40.688,0.25,25.001
40.689,0.25,25.001
40.69,0.25,25.001
40.691,0.25,25.001
40.692,0.25,25.001
40.693,0.25,25.001
40.694,0.25,25.001
40.695,0.25,25.001
40.696,0.25,25.001
40.697,0.25,25.001
40.698,0.25,25.001
40.699,0.25,25.001
40.7,0.25,25.001
40.701,0.25,25.001
40.702,0.25,25.001
40.703,0.25,25.001
40.704,0.25,25.001
40.705,0.25,25.001
40.706,0.25,25.001
40.707,0.25,25.001
40.708,0.25,25.001
40.709,0.25,25.001
40.71,0.25,25.001
40.711,0.25,25.001
40.712,0.25,25.001
40.713,0.25,25.001
40.714,0.25,25.001
40.715,0.25,25.001
40.716,0.25,25.001
40.717,0.25,25.001
40.718,0.25,25.001
40.719,0.25,25.001
40.72,0.25,25.001
40.721,0.25,25.001
40.722,0.25,25.001
40.723,0.25,25.001
40.724,0.25,25.001
40.725,0.25,25.001
40.726,0.25,25.001
40.727,0.25,25.001
40.728,0.25,25.001
40.729,0.25,25.001
40.73,0.25,25.001
40.731,0.25,25.001
40.732,0.25,25.001
40.733,0.25,25.001
40.734,0.25,25.001
40.735,0.25,25.001
40.736,0.25,25.001
40.737,0.25,25.001
40.738,0.25,25.001
40.739,0.25,25.001
40.74,0.25,25.001
40.741,0.25,25.001
40.742,0.25,25.001
40.743,0.25,25.001
40.744,0.25,25.001
40.745,0.25,25.001
40.746,0.25,25.001
40.747,0.25,25.001
40.748,0.25,25.001
40.749,0.25,25.001
40.75,0.25,25.001
40.751,0.25,25.001
40.752,0.25,25.001
40.753,0.25,25.001
40.754,0.25,25.001
40.755,0.25,25.001
40.756,0.25,25.001
40.757,0.25,25.001
40.758,0.25,25.001
40.759,0.25,25.001
40.76,0.25,25.001
40.761,0.25,25.001
40.762,0.25,25.001
40.763,0.25,25.001
40.764,0.25,25.001
40.765,0.25,25.001
40.766,0.25,25.001
40.767,0.25,25.001
40.768,0.25,25.001
40.769,0.25,25.001
40.77,0.25,25.001
40.771,0.25,25.001
40.772,0.25,25.001
40.773,0.25,25.001
40.774,0.25,25.001
40.775,0.25,25.001
40.776,0.25,25.001
40.777,0.25,25.001
40.778,0.25,25.001
40.779,0.25,25.001
40.78,0.25,25.001
40.781,0.25,25.001
40.782,0.25,25.001
40.783,0.25,25.001
40.784,0.25,25.001
40.785,0.25,25.001
40.786,0.25,25.001
40.787,0.25,25.001
40.788,0.25,25.001
40.789,0.25,25.001
40.79,0.25,25.001
40.791,0.25,25.001
40.792,0.25,25.001
40.793,0.25,25.001
40.794,0.25,25.001
40.795,0.25,25.001
40.796,0.25,25.001
40.797,0.25,25.001
40.798,0.25,25.001
40.799,0.25,25.001
40.8,0.25,25.001
40.801,0.25,25.001
40.802,0.25,25.001
40.803,0.25,25.001
40.804,0.25,25.001
40.805,0.25,25.001
40.806,0.25,25.001
40.807,0.25,25.001
40.808,0.25,25.001
40.809,0.25,25.001
40.81,0.25,25.001
40.811,0.25,25.001
40.812,0.25,25.001
40.813,0.25,25.001
40.814,0.25,25.001
40.815,0.25,25.001
40.816,0.25,25.001
40.817,0.25,25.001
40.818,0.25,25.001
40.819,0.25,25.001
40.82,0.25,25.001
40.821,0.25,25.001
40.822,0.25,25.001
40.823,0.25,25.001
40.824,0.25,25.001
40.825,0.25,25.001
40.826,0.25,25.001
40.827,0.25,25.001
40.828,0.25,25.001
40.829,0.25,25.001
40.83,0.25,25.001
40.831,0.25,25.001
40.832,0.25,25.001
40.833,0.25,25.001
40.834,0.25,25.001
40.835,0.25,25.001
40.836,0.25,25.001
40.837,0.25,25.001
40.838,0.25,25.001
40.839,0.25,25.001
40.84,0.25,25.001
40.841,0.25,25.001
40.842,0.25,25.001
40.843,0.25,25.001
40.844,0.25,25.001
40.845,0.25,25.001
40.846,0.25,25.001
40.847,0.25,25.001
40.848,0.25,25.001
40.849,0.25,25.001
40.85,0.25,25.001
40.851,0.25,25.001
40.852,0.25,25.001
40.853,0.25,25.001
40.854,0.25,25.001
40.855,0.25,25.001
40.856,0.25,25.001
40.857,0.25,25.001
40.858,0.25,25.001
40.859,0.25,25.001
40.86,0.25,25.001
40.861,0.25,25.001
40.862,0.25,25.001
40.863,0.25,25.001
40.864,0.25,25.001
40.865,0.25,25.001
40.866,0.25,25.001
40.867,0.25,25.001
40.868,0.25,25.001
40.869,0.25,25.001
40.87,0.25,25.001
40.871,0.25,25.001
40.872,0.25,25.001
40.873,0.25,25.001
40.874,0.25,25.001
40.875,0.25,25.001
40.876,0.25,25.001
40.877,0.25,25.001
40.878,0.25,25.001
40.879,0.25,25.001
40.88,0.25,25.001
40.881,0.25,25.001
40.882,0.25,25.001
40.883,0.25,25.001
40.884,0.25,25.001
40.885,0.25,25.001
40.886,0.25,25.001
40.887,0.25,25.001
40.888,0.25,25.001
40.889,0.25,25.001
40.89,0.25,25.001
40.891,0.25,25.001
40.892,0.25,25.001
40.893,0.25,25.001
40.894,0.25,25.001
40.895,0.25,25.001
40.896,0.25,25.001
40.897,0.25,25.001
40.898,0.25,25.001
40.899,0.25,25.001
40.9,0.25,25.001
40.901,0.25,25.001
40.902,0.25,25.001
40.903,0.25,25.001
40.904,0.25,25.001
40.905,0.25,25.001
40.906,0.25,25.001
40.907,0.25,25.001
40.908,0.25,25.001
40.909,0.25,25.001
40.91,0.25,25.001
40.911,0.25,25.001
40.912,0.25,25.001
40.913,0.25,25.001
40.914,0.25,25.001
40.915,0.25,25.001
40.916,0.25,25.001
40.917,0.25,25.001
40.918,0.25,25.001
40.919,0.25,25.001
40.92,0.25,25.001
40.921,0.25,25.001
40.922,0.25,25.001
40.923,0.25,25.001
40.924,0.25,25.001
40.925,0.25,25.001
40.926,0.25,25.001
40.927,0.25,25.001
40.928,0.25,25.001
40.929,0.25,25.001
40.93,0.25,25.001
40.931,0.25,25.001
40.932,0.25,25.001
40.933,0.25,25.001
40.934,0.25,25.001
40.935,0.25,25.001
40.936,0.25,25.001
40.937,0.25,25.001
40.938,0.25,25.001
40.939,0.25,25.001
40.94,0.25,25.001
40.941,0.25,25.001
40.942,0.25,25.001
40.943,0.25,25.001
40.944,0.25,25.001
40.945,0.25,25.001
40.946,0.25,25.001
40.947,0.25,25.001
40.948,0.25,25.001
40.949,0.25,25.001
40.95,0.25,25.001
40.951,0.25,25.001
40.952,0.25,25.001
40.953,0.25,25.001
40.954,0.25,25.001
40.955,0.25,25.001
40.956,0.25,25.001
40.957,0.25,25.001
40.958,0.25,25.001
40.959,0.25,25.001
40.96,0.25,25.001
40.961,0.25,25.001
40.962,0.25,25.001
40.963,0.25,25.001
40.964,0.25,25.001
40.965,0.25,25.001
40.966,0.25,25.001
40.967,0.25,25.001
40.968,0.25,25.001
40.969,0.25,25.001
40.97,0.25,25.001
40.971,0.25,25.001
40.972,0.25,25.001
40.973,0.25,25.001
40.974,0.25,25.001
40.975,0.25,25.001
40.976,0.25,25.001
40.977,0.25,25.001
40.978,0.25,25.001
40.979,0.25,25.001
40.98,0.25,25.001
40.981,0.25,25.001
40.982,0.25,25.001
40.983,0.25,25.001
40.984,0.25,25.001
40.985,0.25,25.001
40.986,0.25,25.001
40.987,0.25,25.001
40.988,0.25,25.001
40.989,0.25,25.001
40.99,0.25,25.001
40.991,0.25,25.001
40.992,0.25,25.001
40.993,0.25,25.001
40.994,0.25,25.001
40.995,0.25,25.001
40.996,0.25,25.001
40.997,0.25,25.001
40.998,0.25,25.001
40.999,0.25,25.001
41,0.25,25.001
41.001,0.25,25.001
41.002,0.25,25.001
41.003,0.25,25.001
41.004,0.25,25.001
41.005,0.25,25.001
41.006,0.25,25.001
41.007,0.25,25.001
41.008,0.25,25.001
41.009,0.25,25.001
41.01,0.25,25.001
41.011,0.25,25.001
41.012,0.25,25.001
41.013,0.25,25.001
41.014,0.25,25.001
41.015,0.25,25.001
41.016,0.25,25.001
41.017,0.25,25.001
41.018,0.25,25.001
41.019,0.25,25.001
41.02,0.25,25.001
41.021,0.25,25.001
41.022,0.25,25.001
41.023,0.25,25.001
41.024,0.25,25.001
41.025,0.25,25.001
41.026,0.25,25.001
41.027,0.25,25.001
41.028,0.25,25.001
41.029,0.25,25.001
41.03,0.25,25.001
41.031,0.25,25.001
41.032,0.25,25.001
41.033,0.25,25.001
41.034,0.25,25.001
41.035,0.25,25.001
41.036,0.25,25.001
41.037,0.25,25.001
41.038,0.25,25.001
41.039,0.25,25.001
41.04,0.25,25.001
41.041,0.25,25.001
41.042,0.25,25.001
41.043,0.25,25.001
41.044,0.25,25.001
41.045,0.25,25.001
41.046,0.25,25.001
41.047,0.25,25.001
41.048,0.25,25.001
41.049,0.25,25.001
41.05,0.25,25.001
41.051,0.25,25.001
41.052,0.25,25.001
41.053,0.25,25.001
41.054,0.25,25.001
41.055,0.25,25.001
41.056,0.25,25.001
41.057,0.25,25.001
41.058,0.25,25.001
41.059,0.25,25.001
41.06,0.25,25.001
41.061,0.25,25.001
41.062,0.25,25.001
41.063,0.25,25.001
41.064,0.25,25.001
41.065,0.25,25.001
41.066,0.25,25.001
41.067,0.25,25.001
41.068,0.25,25.001
41.069,0.25,25.001
41.07,0.25,25.001
41.071,0.25,25.001
41.072,0.25,25.001
41.073,0.25,25.001
41.074,0.25,25.001
41.075,0.25,25.001
41.076,0.25,25.001
41.077,0.25,25.001
41.078,0.25,25.001
41.079,0.25,25.001
41.08,0.25,25.001
41.081,0.25,25.001
41.082,0.25,25.001
41.083,0.25,25.001
41.084,0.25,25.001
41.085,0.25,25.001
41.086,0.25,25.001
41.087,0.25,25.001
41.088,0.25,25.001
41.089,0.25,25.001
41.09,0.25,25.001
41.091,0.25,25.001
41.092,0.25,25.001
41.093,0.25,25.001
41.094,0.25,25.001
41.095,0.25,25.001
41.096,0.25,25.001
41.097,0.25,25.001
41.098,0.25,25.001
41.099,0.25,25.001
41.1,0.25,25.001
41.101,0.25,25.001
41.102,0.25,25.001
41.103,0.25,25.001
41.104,0.25,25.001
41.105,0.25,25.001
41.106,0.25,25.001
41.107,0.25,25.001
41.108,0.25,25.001
41.109,0.25,25.001
41.11,0.25,25.001
41.111,0.25,25.001
41.112,0.25,25.001
41.113,0.25,25.001
41.114,0.25,25.001
41.115,0.25,25.001
41.116,0.25,25.001
41.117,0.25,25.001
41.118,0.25,25.001
41.119,0.25,25.001
41.12,0.25,25.001
41.121,0.25,25.001
41.122,0.25,25.001
41.123,0.25,25.001
41.124,0.25,25.001
41.125,0.25,25.001
41.126,0.25,25.001
41.127,0.25,25.001
41.128,0.25,25.001
41.129,0.25,25.001
41.13,0.25,25.001
41.131,0.25,25.001
41.132,0.25,25.001
41.133,0.25,25.001
41.134,0.25,25.001
41.135,0.25,25.001
41.136,0.25,25.001
41.137,0.25,25.001
41.138,0.25,25.001
41.139,0.25,25.001
41.14,0.25,25.001
41.141,0.25,25.001
41.142,0.25,25.001
41.143,0.25,25.001
41.144,0.25,25.001
41.145,0.25,25.001
41.146,0.25,25.001
41.147,0.25,25.001
41.148,0.25,25.001
41.149,0.25,25.001
41.15,0.25,25.001
41.151,0.25,25.001
41.152,0.25,25.001
41.153,0.25,25.001
41.154,0.25,25.001
41.155,0.25,25.001
41.156,0.25,25.001
41.157,0.25,25.001
41.158,0.25,25.001
41.159,0.25,25.001
41.16,0.25,25.001
41.161,0.25,25.001
41.162,0.25,25.001
41.163,0.25,25.001
41.164,0.25,25.001
41.165,0.25,25.001
41.166,0.25,25.001
41.167,0.25,25.001
41.168,0.25,25.001
41.169,0.25,25.001
41.17,0.25,25.001
41.171,0.25,25.001
41.172,0.25,25.001
41.173,0.25,25.001
41.174,0.25,25.001
41.175,0.25,25.001
41.176,0.25,25.001
41.177,0.25,25.001
41.178,0.25,25.001
41.179,0.25,25.001
41.18,0.25,25.001
41.181,0.25,25.001
41.182,0.25,25.001
41.183,0.25,25.001
41.184,0.25,25.001
41.185,0.25,25.001
41.186,0.25,25.001
41.187,0.25,25.001
41.188,0.25,25.001
41.189,0.25,25.001
41.19,0.25,25.001
41.191,0.25,25.001
41.192,0.25,25.001
41.193,0.25,25.001
41.194,0.25,25.001
41.195,0.25,25.001
41.196,0.25,25.001
41.197,0.25,25.001
41.198,0.25,25.001
41.199,0.25,25.001
41.2,0.25,25.001
41.201,0.25,25.001
41.202,0.25,25.001
41.203,0.25,25.001
41.204,0.25,25.001
41.205,0.25,25.001
41.206,0.25,25.001
41.207,0.25,25.001
41.208,0.25,25.001
41.209,0.25,25.001
41.21,0.25,25.001
41.211,0.25,25.001
41.212,0.25,25.001
41.213,0.25,25.001
41.214,0.25,25.001
41.215,0.25,25.001
41.216,0.25,25.001
41.217,0.25,25.001
41.218,0.25,25.001
41.219,0.25,25.001
41.22,0.25,25.001
41.221,0.25,25.001
41.222,0.25,25.001
41.223,0.25,25.001
41.224,0.25,25.001
41.225,0.25,25.001
41.226,0.25,25.001
41.227,0.25,25.001
41.228,0.25,25.001
41.229,0.25,25.001
41.23,0.25,25.001
41.231,0.25,25.001
41.232,0.25,25.001
41.233,0.25,25.001
41.234,0.25,25.001
41.235,0.25,25.001
41.236,0.25,25.001
41.237,0.25,25.001
41.238,0.25,25.001
41.239,0.25,25.001
41.24,0.25,25.001
41.241,0.25,25.001
41.242,0.25,25.001
41.243,0.25,25.001
41.244,0.25,25.001
41.245,0.25,25.001
41.246,0.25,25.001
41.247,0.25,25.001
41.248,0.25,25.001
41.249,0.25,25.001
41.25,0.25,25.001
41.251,0.25,25.001
41.252,0.25,25.001
41.253,0.25,25.001
41.254,0.25,25.001
41.255,0.25,25.001
41.256,0.25,25.001
41.257,0.25,25.001
41.258,0.25,25.001
41.259,0.25,25.001
41.26,0.25,25.001
41.261,0.25,25.001
41.262,0.25,25.001
41.263,0.25,25.001
41.264,0.25,25.001
41.265,0.25,25.001
41.266,0.25,25.001
41.267,0.25,25.001
41.268,0.25,25.001
41.269,0.25,25.001
41.27,0.25,25.001
41.271,0.25,25.001
41.272,0.25,25.001
41.273,0.25,25.001
41.274,0.25,25.001
41.275,0.25,25.001
41.276,0.25,25.001
41.277,0.25,25.001
41.278,0.25,25.001
41.279,0.25,25.001
41.28,0.25,25.001
41.281,0.25,25.001
41.282,0.25,25.001
41.283,0.25,25.001
41.284,0.25,25.001
41.285,0.25,25.001
41.286,0.25,25.001
41.287,0.25,25.001
41.288,0.25,25.001
41.289,0.25,25.001
41.29,0.25,25.001
41.291,0.25,25.001
41.292,0.25,25.001
41.293,0.25,25.001
41.294,0.25,25.001
41.295,0.25,25.001
41.296,0.25,25.001
41.297,0.25,25.001
41.298,0.25,25.001
41.299,0.25,25.001
41.3,0.25,25.001
41.301,0.25,25.001
41.302,0.25,25.001
41.303,0.25,25.001
41.304,0.25,25.001
41.305,0.25,25.001
41.306,0.25,25.001
41.307,0.25,25.001
41.308,0.25,25.001
41.309,0.25,25.001
41.31,0.25,25.001
41.311,0.25,25.001
41.312,0.25,25.001
41.313,0.25,25.001
41.314,0.25,25.001
41.315,0.25,25.001
41.316,0.25,25.001
41.317,0.25,25.001
41.318,0.25,25.001
41.319,0.25,25.001
41.32,0.25,25.001
41.321,0.25,25.001
41.322,0.25,25.001
41.323,0.25,25.001
41.324,0.25,25.001
41.325,0.25,25.001
41.326,0.25,25.001
41.327,0.25,25.001
41.328,0.25,25.001
41.329,0.25,25.001
41.33,0.25,25.001
41.331,0.25,25.001
41.332,0.25,25.001
41.333,0.25,25.001
41.334,0.25,25.001
41.335,0.25,25.001
41.336,0.25,25.001
41.337,0.25,25.001
41.338,0.25,25.001
41.339,0.25,25.001
41.34,0.25,25.001
41.341,0.25,25.001
41.342,0.25,25.001
41.343,0.25,25.001
41.344,0.25,25.001
41.345,0.25,25.001
41.346,0.25,25.001
41.347,0.25,25.001
41.348,0.25,25.001
41.349,0.25,25.001
41.35,0.25,25.001
41.351,0.25,25.001
41.352,0.25,25.001
41.353,0.25,25.001
41.354,0.25,25.001
41.355,0.25,25.001
41.356,0.25,25.001
41.357,0.25,25.001
41.358,0.25,25.001
41.359,0.25,25.001
41.36,0.25,25.001
41.361,0.25,25.001
41.362,0.25,25.001
41.363,0.25,25.001
41.364,0.25,25.001
41.365,0.25,25.001
41.366,0.25,25.001
41.367,0.25,25.001
41.368,0.25,25.001
41.369,0.25,25.001
41.37,0.25,25.001
41.371,0.25,25.001
41.372,0.25,25.001
41.373,0.25,25.001
41.374,0.25,25.001
41.375,0.25,25.001
41.376,0.25,25.001
41.377,0.25,25.001
41.378,0.25,25.001
41.379,0.25,25.001
41.38,0.25,25.001
41.381,0.25,25.001
41.382,0.25,25.001
41.383,0.25,25.001
41.384,0.25,25.001
41.385,0.25,25.001
41.386,0.25,25.001
41.387,0.25,25.001
41.388,0.25,25.001
41.389,0.25,25.001
41.39,0.25,25.001
41.391,0.25,25.001
41.392,0.25,25.001
41.393,0.25,25.001
41.394,0.25,25.001
41.395,0.25,25.001
41.396,0.25,25.001
41.397,0.25,25.001
41.398,0.25,25.001
41.399,0.25,25.001
41.4,0.25,25.001
41.401,0.25,25.001
41.402,0.25,25.001
41.403,0.25,25.001
41.404,0.25,25.001
41.405,0.25,25.001
41.406,0.25,25.001
41.407,0.25,25.001
41.408,0.25,25.001
41.409,0.25,25.001
41.41,0.25,25.001
41.411,0.25,25.001
41.412,0.25,25.001
41.413,0.25,25.001
41.414,0.25,25.001
41.415,0.25,25.001
41.416,0.25,25.001
41.417,0.25,25.001
41.418,0.25,25.001
41.419,0.25,25.001
41.42,0.25,25.001
41.421,0.25,25.001
41.422,0.25,25.001
41.423,0.25,25.001
41.424,0.25,25.001
41.425,0.25,25.001
41.426,0.25,25.001
41.427,0.25,25.001
41.428,0.25,25.001
41.429,0.25,25.001
41.43,0.25,25.001
41.431,0.25,25.001
41.432,0.25,25.001
41.433,0.25,25.001
41.434,0.25,25.001
41.435,0.25,25.001
41.436,0.25,25.001
41.437,0.25,25.001
41.438,0.25,25.001
41.439,0.25,25.001
41.44,0.25,25.001
41.441,0.25,25.001
41.442,0.25,25.001
41.443,0.25,25.001
41.444,0.25,25.001
41.445,0.25,25.001
41.446,0.25,25.001
41.447,0.25,25.001
41.448,0.25,25.001
41.449,0.25,25.001
41.45,0.25,25.001
41.451,0.25,25.001
41.452,0.25,25.001
41.453,0.25,25.001
41.454,0.25,25.001
41.455,0.25,25.001
41.456,0.25,25.001
41.457,0.25,25.001
41.458,0.25,25.001
41.459,0.25,25.001
41.46,0.25,25.001
41.461,0.25,25.001
41.462,0.25,25.001
41.463,0.25,25.001
41.464,0.25,25.001
41.465,0.25,25.001
41.466,0.25,25.001
41.467,0.25,25.001
41.468,0.25,25.001
41.469,0.25,25.001
41.47,0.25,25.001
41.471,0.25,25.001
41.472,0.25,25.001
41.473,0.25,25.001
41.474,0.25,25.001
41.475,0.25,25.001
41.476,0.25,25.001
41.477,0.25,25.001
41.478,0.25,25.001
41.479,0.25,25.001
41.48,0.25,25.001
41.481,0.25,25.001
41.482,0.25,25.001
41.483,0.25,25.001
41.484,0.25,25.001
41.485,0.25,25.001
41.486,0.25,25.001
41.487,0.25,25.001
41.488,0.25,25.001
41.489,0.25,25.001
41.49,0.25,25.001
41.491,0.25,25.001
41.492,0.25,25.001
41.493,0.25,25.001
41.494,0.25,25.001
41.495,0.25,25.001
41.496,0.25,25.001
41.497,0.25,25.001
41.498,0.25,25.001
41.499,0.25,25.001
41.5,0.25,25.001
41.501,0.25,25.001
41.502,0.25,25.001
41.503,0.25,25.001
41.504,0.25,25.001
41.505,0.25,25.001
41.506,0.25,25.001
41.507,0.25,25.001
41.508,0.25,25.001
41.509,0.25,25.001
41.51,0.25,25.001
41.511,0.25,25.001
41.512,0.25,25.001
41.513,0.25,25.001
41.514,0.25,25.001
41.515,0.25,25.001
41.516,0.25,25.001
41.517,0.25,25.001
41.518,0.25,25.001
41.519,0.25,25.001
41.52,0.25,25.001
41.521,0.25,25.001
41.522,0.25,25.001
41.523,0.25,25.001
41.524,0.25,25.001
41.525,0.25,25.001
41.526,0.25,25.001
41.527,0.25,25.001
41.528,0.25,25.001
41.529,0.25,25.001
41.53,0.25,25.001
41.531,0.25,25.001
41.532,0.25,25.001
41.533,0.25,25.001
41.534,0.25,25.001
41.535,0.25,25.001
41.536,0.25,25.001
41.537,0.25,25.001
41.538,0.25,25.001
41.539,0.25,25.001
41.54,0.25,25.001
41.541,0.25,25.001
41.542,0.25,25.001
41.543,0.25,25.001
41.544,0.25,25.001
41.545,0.25,25.001
41.546,0.25,25.001
41.547,0.25,25.001
41.548,0.25,25.001
41.549,0.25,25.001
41.55,0.25,25.001
41.551,0.25,25.001
41.552,0.25,25.001
41.553,0.25,25.001
41.554,0.25,25.001
41.555,0.25,25.001
41.556,0.25,25.001
41.557,0.25,25.001
41.558,0.25,25.001
41.559,0.25,25.001
41.56,0.25,25.001
41.561,0.25,25.001
41.562,0.25,25.001
41.563,0.25,25.001
41.564,0.25,25.001
41.565,0.25,25.001
41.566,0.25,25.001
41.567,0.25,25.001
41.568,0.25,25.001
41.569,0.25,25.001
41.57,0.25,25.001
41.571,0.25,25.001
41.572,0.25,25.001
41.573,0.25,25.001
41.574,0.25,25.001
41.575,0.25,25.001
41.576,0.25,25.001
41.577,0.25,25.001
41.578,0.25,25.001
41.579,0.25,25.001
41.58,0.25,25.001
41.581,0.25,25.001
41.582,0.25,25.001
41.583,0.25,25.001
41.584,0.25,25.001
41.585,0.25,25.001
41.586,0.25,25.001
41.587,0.25,25.001
41.588,0.25,25.001
41.589,0.25,25.001
41.59,0.25,25.001
41.591,0.25,25.001
41.592,0.25,25.001
41.593,0.25,25.001
41.594,0.25,25.001
41.595,0.25,25.001
41.596,0.25,25.001
41.597,0.25,25.001
41.598,0.25,25.001
41.599,0.25,25.001
41.6,0.25,25.001
41.601,0.25,25.001
41.602,0.25,25.001
41.603,0.25,25.001
41.604,0.25,25.001
41.605,0.25,25.001
41.606,0.25,25.001
41.607,0.25,25.001
41.608,0.25,25.001
41.609,0.25,25.001
41.61,0.25,25.001
41.611,0.25,25.001
41.612,0.25,25.001
41.613,0.25,25.001
41.614,0.25,25.001
41.615,0.25,25.001
41.616,0.25,25.001
41.617,0.25,25.001
41.618,0.25,25.001
41.619,0.25,25.001
41.62,0.25,25.001
41.621,0.25,25.001
41.622,0.25,25.001
41.623,0.25,25.001
41.624,0.25,25.001
41.625,0.25,25.001
41.626,0.25,25.001
41.627,0.25,25.001
41.628,0.25,25.001
41.629,0.25,25.001
41.63,0.25,25.001
41.631,0.25,25.001
41.632,0.25,25.001
41.633,0.25,25.001
41.634,0.25,25.001
41.635,0.25,25.001
41.636,0.25,25.001
41.637,0.25,25.001
41.638,0.25,25.001
41.639,0.25,25.001
41.64,0.25,25.001
41.641,0.25,25.001
41.642,0.25,25.001
41.643,0.25,25.001
41.644,0.25,25.001
41.645,0.25,25.001
41.646,0.25,25.001
41.647,0.25,25.001
41.648,0.25,25.001
41.649,0.25,25.001
41.65,0.25,25.001
41.651,0.25,25.001
41.652,0.25,25.001
41.653,0.25,25.001
41.654,0.25,25.001
41.655,0.25,25.001
41.656,0.25,25.001
41.657,0.25,25.001
41.658,0.25,25.001
41.659,0.25,25.001
41.66,0.25,25.001
41.661,0.25,25.001
41.662,0.25,25.001
41.663,0.25,25.001
41.664,0.25,25.001
41.665,0.25,25.001
41.666,0.25,25.001
41.667,0.25,25.001
41.668,0.25,25.001
41.669,0.25,25.001
41.67,0.25,25.001
41.671,0.25,25.001
41.672,0.25,25.001
41.673,0.25,25.001
41.674,0.25,25.001
41.675,0.25,25.001
41.676,0.25,25.001
41.677,0.25,25.001
41.678,0.25,25.001
41.679,0.25,25.001
41.68,0.25,25.001
41.681,0.25,25.001
41.682,0.25,25.001
41.683,0.25,25.001
41.684,0.25,25.001
41.685,0.25,25.001
41.686,0.25,25.001
41.687,0.25,25.001
41.688,0.25,25.001
41.689,0.25,25.001
41.69,0.25,25.001
41.691,0.25,25.001
41.692,0.25,25.001
41.693,0.25,25.001
41.694,0.25,25.001
41.695,0.25,25.001
41.696,0.25,25.001
41.697,0.25,25.001
41.698,0.25,25.001
41.699,0.25,25.001
41.7,0.25,25.001
41.701,0.25,25.001
41.702,0.25,25.001
41.703,0.25,25.001
41.704,0.25,25.001
41.705,0.25,25.001
41.706,0.25,25.001
41.707,0.25,25.001
41.708,0.25,25.001
41.709,0.25,25.001
41.71,0.25,25.001
41.711,0.25,25.001
41.712,0.25,25.001
41.713,0.25,25.001
41.714,0.25,25.001
41.715,0.25,25.001
41.716,0.25,25.001
41.717,0.25,25.001
41.718,0.25,25.001
41.719,0.25,25.001
41.72,0.25,25.001
41.721,0.25,25.001
41.722,0.25,25.001
41.723,0.25,25.001
41.724,0.25,25.001
41.725,0.25,25.001
41.726,0.25,25.001
41.727,0.25,25.001
41.728,0.25,25.001
41.729,0.25,25.001
41.73,0.25,25.001
41.731,0.25,25.001
41.732,0.25,25.001
41.733,0.25,25.001
41.734,0.25,25.001
41.735,0.25,25.001
41.736,0.25,25.001
41.737,0.25,25.001
41.738,0.25,25.001
41.739,0.25,25.001
41.74,0.25,25.001
41.741,0.25,25.001
41.742,0.25,25.001
41.743,0.25,25.001
41.744,0.25,25.001
41.745,0.25,25.001
41.746,0.25,25.001
41.747,0.25,25.001
41.748,0.25,25.001
41.749,0.25,25.001
41.75,0.25,25.001
41.751,0.25,25.001
41.752,0.25,25.001
41.753,0.25,25.001
41.754,0.25,25.001
41.755,0.25,25.001
41.756,0.25,25.001
41.757,0.25,25.001
41.758,0.25,25.001
41.759,0.25,25.001
41.76,0.25,25.001
41.761,0.25,25.001
41.762,0.25,25.001
41.763,0.25,25.001
41.764,0.25,25.001
41.765,0.25,25.001
41.766,0.25,25.001
41.767,0.25,25.001
41.768,0.25,25.001
41.769,0.25,25.001
41.77,0.25,25.001
41.771,0.25,25.001
41.772,0.25,25.001
41.773,0.25,25.001
41.774,0.25,25.001
41.775,0.25,25.001
41.776,0.25,25.001
41.777,0.25,25.001
41.778,0.25,25.001
41.779,0.25,25.001
41.78,0.25,25.001
41.781,0.25,25.001
41.782,0.25,25.001
41.783,0.25,25.001
41.784,0.25,25.001
41.785,0.25,25.001
41.786,0.25,25.001
41.787,0.25,25.001
41.788,0.25,25.001
41.789,0.25,25.001
41.79,0.25,25.001
41.791,0.25,25.001
41.792,0.25,25.001
41.793,0.25,25.001
41.794,0.25,25.001
41.795,0.25,25.001
41.796,0.25,25.001
41.797,0.25,25.001
41.798,0.25,25.001
41.799,0.25,25.001
41.8,0.25,25.001
41.801,0.25,25.001
41.802,0.25,25.001
41.803,0.25,25.001
41.804,0.25,25.001
41.805,0.25,25.001
41.806,0.25,25.001
41.807,0.25,25.001
41.808,0.25,25.001
41.809,0.25,25.001
41.81,0.25,25.001
41.811,0.25,25.001
41.812,0.25,25.001
41.813,0.25,25.001
41.814,0.25,25.001
41.815,0.25,25.001
41.816,0.25,25.001
41.817,0.25,25.001
41.818,0.25,25.001
41.819,0.25,25.001
41.82,0.25,25.001
41.821,0.25,25.001
41.822,0.25,25.001
41.823,0.25,25.001
41.824,0.25,25.001
41.825,0.25,25.001
41.826,0.25,25.001
41.827,0.25,25.001
41.828,0.25,25.001
41.829,0.25,25.001
41.83,0.25,25.001
41.831,0.25,25.001
41.832,0.25,25.001
41.833,0.25,25.001
41.834,0.25,25.001
41.835,0.25,25.001
41.836,0.25,25.001
41.837,0.25,25.001
41.838,0.25,25.001
41.839,0.25,25.001
41.84,0.25,25.001
41.841,0.25,25.001
41.842,0.25,25.001
41.843,0.25,25.001
41.844,0.25,25.001
41.845,0.25,25.001
41.846,0.25,25.001
41.847,0.25,25.001
41.848,0.25,25.001
41.849,0.25,25.001
41.85,0.25,25.001
41.851,0.25,25.001
41.852,0.25,25.001
41.853,0.25,25.001
41.854,0.25,25.001
41.855,0.25,25.001
41.856,0.25,25.001
41.857,0.25,25.001
41.858,0.25,25.001
41.859,0.25,25.001
41.86,0.25,25.001
41.861,0.25,25.001
41.862,0.25,25.001
41.863,0.25,25.001
41.864,0.25,25.001
41.865,0.25,25.001
41.866,0.25,25.001
41.867,0.25,25.001
41.868,0.25,25.001
41.869,0.25,25.001
41.87,0.25,25.001
41.871,0.25,25.001
41.872,0.25,25.001
41.873,0.25,25.001
41.874,0.25,25.001
41.875,0.25,25.001
41.876,0.25,25.001
41.877,0.25,25.001
41.878,0.25,25.001
41.879,0.25,25.001
41.88,0.25,25.001
41.881,0.25,25.001
41.882,0.25,25.001
41.883,0.25,25.001
41.884,0.25,25.001
41.885,0.25,25.001
41.886,0.25,25.001
41.887,0.25,25.001
41.888,0.25,25.001
41.889,0.25,25.001
41.89,0.25,25.001
41.891,0.25,25.001
41.892,0.25,25.001
41.893,0.25,25.001
41.894,0.25,25.001
41.895,0.25,25.001
41.896,0.25,25.001
41.897,0.25,25.001
41.898,0.25,25.001
41.899,0.25,25.001
41.9,0.25,25.001
41.901,0.25,25.001
41.902,0.25,25.001
41.903,0.25,25.001
41.904,0.25,25.001
41.905,0.25,25.001
41.906,0.25,25.001
41.907,0.25,25.001
41.908,0.25,25.001
41.909,0.25,25.001
41.91,0.25,25.001
41.911,0.25,25.001
41.912,0.25,25.001
41.913,0.25,25.001
41.914,0.25,25.001
41.915,0.25,25.001
41.916,0.25,25.001
41.917,0.25,25.001
41.918,0.25,25.001
41.919,0.25,25.001
41.92,0.25,25.001
41.921,0.25,25.001
41.922,0.25,25.001
41.923,0.25,25.001
41.924,0.25,25.001
41.925,0.25,25.001
41.926,0.25,25.001
41.927,0.25,25.001
41.928,0.25,25.001
41.929,0.25,25.001
41.93,0.25,25.001
41.931,0.25,25.001
41.932,0.25,25.001
41.933,0.25,25.001
41.934,0.25,25.001
41.935,0.25,25.001
41.936,0.25,25.001
41.937,0.25,25.001
41.938,0.25,25.001
41.939,0.25,25.001
41.94,0.25,25.001
41.941,0.25,25.001
41.942,0.25,25.001
41.943,0.25,25.001
41.944,0.25,25.001
41.945,0.25,25.001
41.946,0.25,25.001
41.947,0.25,25.001
41.948,0.25,25.001
41.949,0.25,25.001
41.95,0.25,25.001
41.951,0.25,25.001
41.952,0.25,25.001
41.953,0.25,25.001
41.954,0.25,25.001
41.955,0.25,25.001
41.956,0.25,25.001
41.957,0.25,25.001
41.958,0.25,25.001
41.959,0.25,25.001
41.96,0.25,25.001
41.961,0.25,25.001
41.962,0.25,25.001
41.963,0.25,25.001
41.964,0.25,25.001
41.965,0.25,25.001
41.966,0.25,25.001
41.967,0.25,25.001
41.968,0.25,25.001
41.969,0.25,25.001
41.97,0.25,25.001
41.971,0.25,25.001
41.972,0.25,25.001
41.973,0.25,25.001
41.974,0.25,25.001
41.975,0.25,25.001
41.976,0.25,25.001
41.977,0.25,25.001
41.978,0.25,25.001
41.979,0.25,25.001
41.98,0.25,25.001
41.981,0.25,25.001
41.982,0.25,25.001
41.983,0.25,25.001
41.984,0.25,25.001
41.985,0.25,25.001
41.986,0.25,25.001
41.987,0.25,25.001
41.988,0.25,25.001
41.989,0.25,25.001
41.99,0.25,25.001
41.991,0.25,25.001
41.992,0.25,25.001
41.993,0.25,25.001
41.994,0.25,25.001
41.995,0.25,25.001
41.996,0.25,25.001
41.997,0.25,25.001
41.998,0.25,25.001
41.999,0.25,25.001
42,0.25,25.001
42.001,0.25,25.001
42.002,0.25,25.001
42.003,0.25,25.001
42.004,0.25,25.001
42.005,0.25,25.001
42.006,0.25,25.001
42.007,0.25,25.001
42.008,0.25,25.001
42.009,0.25,25.001
42.01,0.25,25.001
42.011,0.25,25.001
42.012,0.25,25.001
42.013,0.25,25.001
42.014,0.25,25.001
42.015,0.25,25.001
42.016,0.25,25.001
42.017,0.25,25.001
42.018,0.25,25.001
42.019,0.25,25.001
42.02,0.25,25.001
42.021,0.25,25.001
42.022,0.25,25.001
42.023,0.25,25.001
42.024,0.25,25.001
42.025,0.25,25.001
42.026,0.25,25.001
42.027,0.25,25.001
42.028,0.25,25.001
42.029,0.25,25.001
42.03,0.25,25.001
42.031,0.25,25.001
42.032,0.25,25.001
42.033,0.25,25.001
42.034,0.25,25.001
42.035,0.25,25.001
42.036,0.25,25.001
42.037,0.25,25.001
42.038,0.25,25.001
42.039,0.25,25.001
42.04,0.25,25.001
42.041,0.25,25.001
42.042,0.25,25.001
42.043,0.25,25.001
42.044,0.25,25.001
42.045,0.25,25.001
42.046,0.25,25.001
42.047,0.25,25.001
42.048,0.25,25.001
42.049,0.25,25.001
42.05,0.25,25.001
42.051,0.25,25.001
42.052,0.25,25.001
42.053,0.25,25.001
42.054,0.25,25.001
42.055,0.25,25.001
42.056,0.25,25.001
42.057,0.25,25.001
42.058,0.25,25.001
42.059,0.25,25.001
42.06,0.25,25.001
42.061,0.25,25.001
42.062,0.25,25.001
42.063,0.25,25.001
42.064,0.25,25.001
42.065,0.25,25.001
42.066,0.25,25.001
42.067,0.25,25.001
42.068,0.25,25.001
42.069,0.25,25.001
42.07,0.25,25.001
42.071,0.25,25.001
42.072,0.25,25.001
42.073,0.25,25.001
42.074,0.25,25.001
42.075,0.25,25.001
42.076,0.25,25.001
42.077,0.25,25.001
42.078,0.25,25.001
42.079,0.25,25.001
42.08,0.25,25.001
42.081,0.25,25.001
42.082,0.25,25.001
42.083,0.25,25.001
42.084,0.25,25.001
42.085,0.25,25.001
42.086,0.25,25.001
42.087,0.25,25.001
42.088,0.25,25.001
42.089,0.25,25.001
42.09,0.25,25.001
42.091,0.25,25.001
42.092,0.25,25.001
42.093,0.25,25.001
42.094,0.25,25.001
42.095,0.25,25.001
42.096,0.25,25.001
42.097,0.25,25.001
42.098,0.25,25.001
42.099,0.25,25.001
42.1,0.25,25.001
42.101,0.25,25.001
42.102,0.25,25.001
42.103,0.25,25.001
42.104,0.25,25.001
42.105,0.25,25.001
42.106,0.25,25.001
42.107,0.25,25.001
42.108,0.25,25.001
42.109,0.25,25.001
42.11,0.25,25.001
42.111,0.25,25.001
42.112,0.25,25.001
42.113,0.25,25.001
42.114,0.25,25.001
42.115,0.25,25.001
42.116,0.25,25.001
42.117,0.25,25.001
42.118,0.25,25.001
42.119,0.25,25.001
42.12,0.25,25.001
42.121,0.25,25.001
42.122,0.25,25.001
42.123,0.25,25.001
42.124,0.25,25.001
42.125,0.25,25.001
42.126,0.25,25.001
42.127,0.25,25.001
42.128,0.25,25.001
42.129,0.25,25.001
42.13,0.25,25.001
42.131,0.25,25.001
42.132,0.25,25.001
42.133,0.25,25.001
42.134,0.25,25.001
42.135,0.25,25.001
42.136,0.25,25.001
42.137,0.25,25.001
42.138,0.25,25.001
42.139,0.25,25.001
42.14,0.25,25.001
42.141,0.25,25.001
42.142,0.25,25.001
42.143,0.25,25.001
42.144,0.25,25.001
42.145,0.25,25.001
42.146,0.25,25.001
42.147,0.25,25.001
42.148,0.25,25.001
42.149,0.25,25.001
42.15,0.25,25.001
42.151,0.25,25.001
42.152,0.25,25.001
42.153,0.25,25.001
42.154,0.25,25.001
42.155,0.25,25.001
42.156,0.25,25.001
42.157,0.25,25.001
42.158,0.25,25.001
42.159,0.25,25.001
42.16,0.25,25.001
42.161,0.25,25.001
42.162,0.25,25.001
42.163,0.25,25.001
42.164,0.25,25.001
42.165,0.25,25.001
42.166,0.25,25.001
42.167,0.25,25.001
42.168,0.25,25.001
42.169,0.25,25.001
42.17,0.25,25.001
42.171,0.25,25.001
42.172,0.25,25.001
42.173,0.25,25.001
42.174,0.25,25.001
42.175,0.25,25.001
42.176,0.25,25.001
42.177,0.25,25.001
42.178,0.25,25.001
42.179,0.25,25.001
42.18,0.25,25.001
42.181,0.25,25.001
42.182,0.25,25.001
42.183,0.25,25.001
42.184,0.25,25.001
42.185,0.25,25.001
42.186,0.25,25.001
42.187,0.25,25.001
42.188,0.25,25.001
42.189,0.25,25.001
42.19,0.25,25.001
42.191,0.25,25.001
42.192,0.25,25.001
42.193,0.25,25.001
42.194,0.25,25.001
42.195,0.25,25.001
42.196,0.25,25.001
42.197,0.25,25.001
42.198,0.25,25.001
42.199,0.25,25.001
42.2,0.25,25.001
42.201,0.25,25.001
42.202,0.25,25.001
42.203,0.25,25.001
42.204,0.25,25.001
42.205,0.25,25.001
42.206,0.25,25.001
42.207,0.25,25.001
42.208,0.25,25.001
42.209,0.25,25.001
42.21,0.25,25.001
42.211,0.25,25.001
42.212,0.25,25.001
42.213,0.25,25.001
42.214,0.25,25.001
42.215,0.25,25.001
42.216,0.25,25.001
42.217,0.25,25.001
42.218,0.25,25.001
42.219,0.25,25.001
42.22,0.25,25.001
42.221,0.25,25.001
42.222,0.25,25.001
42.223,0.25,25.001
42.224,0.25,25.001
42.225,0.25,25.001
42.226,0.25,25.001
42.227,0.25,25.001
42.228,0.25,25.001
42.229,0.25,25.001
42.23,0.25,25.001
42.231,0.25,25.001
42.232,0.25,25.001
42.233,0.25,25.001
42.234,0.25,25.001
42.235,0.25,25.001
42.236,0.25,25.001
42.237,0.25,25.001
42.238,0.25,25.001
42.239,0.25,25.001
42.24,0.25,25.001
42.241,0.25,25.001
42.242,0.25,25.001
42.243,0.25,25.001
42.244,0.25,25.001
42.245,0.25,25.001
42.246,0.25,25.001
42.247,0.25,25.001
42.248,0.25,25.001
42.249,0.25,25.001
42.25,0.25,25.001
42.251,0.25,25.001
42.252,0.25,25.001
42.253,0.25,25.001
42.254,0.25,25.001
42.255,0.25,25.001
42.256,0.25,25.001
42.257,0.25,25.001
42.258,0.25,25.001
42.259,0.25,25.001
42.26,0.25,25.001
42.261,0.25,25.001
42.262,0.25,25.001
42.263,0.25,25.001
42.264,0.25,25.001
42.265,0.25,25.001
42.266,0.25,25.001
42.267,0.25,25.001
42.268,0.25,25.001
42.269,0.25,25.001
42.27,0.25,25.001
42.271,0.25,25.001
42.272,0.25,25.001
42.273,0.25,25.001
42.274,0.25,25.001
42.275,0.25,25.001
42.276,0.25,25.001
42.277,0.25,25.001
42.278,0.25,25.001
42.279,0.25,25.001
42.28,0.25,25.001
42.281,0.25,25.001
42.282,0.25,25.001
42.283,0.25,25.001
42.284,0.25,25.001
42.285,0.25,25.001
42.286,0.25,25.001
42.287,0.25,25.001
42.288,0.25,25.001
42.289,0.25,25.001
42.29,0.25,25.001
42.291,0.25,25.001
42.292,0.25,25.001
42.293,0.25,25.001
42.294,0.25,25.001
42.295,0.25,25.001
42.296,0.25,25.001
42.297,0.25,25.001
42.298,0.25,25.001
42.299,0.25,25.001
42.3,0.25,25.001
42.301,0.25,25.001
42.302,0.25,25.001
42.303,0.25,25.001
42.304,0.25,25.001
42.305,0.25,25.001
42.306,0.25,25.001
42.307,0.25,25.001
42.308,0.25,25.001
42.309,0.25,25.001
42.31,0.25,25.001
42.311,0.25,25.001
42.312,0.25,25.001
42.313,0.25,25.001
42.314,0.25,25.001
42.315,0.25,25.001
42.316,0.25,25.001
42.317,0.25,25.001
42.318,0.25,25.001
42.319,0.25,25.001
42.32,0.25,25.001
42.321,0.25,25.001
42.322,0.25,25.001
42.323,0.25,25.001
42.324,0.25,25.001
42.325,0.25,25.001
42.326,0.25,25.001
42.327,0.25,25.001
42.328,0.25,25.001
42.329,0.25,25.001
42.33,0.25,25.001
42.331,0.25,25.001
42.332,0.25,25.001
42.333,0.25,25.001
42.334,0.25,25.001
42.335,0.25,25.001
42.336,0.25,25.001
42.337,0.25,25.001
42.338,0.25,25.001
42.339,0.25,25.001
42.34,0.25,25.001
42.341,0.25,25.001
42.342,0.25,25.001
42.343,0.25,25.001
42.344,0.25,25.001
42.345,0.25,25.001
42.346,0.25,25.001
42.347,0.25,25.001
42.348,0.25,25.001
42.349,0.25,25.001
42.35,0.25,25.001
42.351,0.25,25.001
42.352,0.25,25.001
42.353,0.25,25.001
42.354,0.25,25.001
42.355,0.25,25.001
42.356,0.25,25.001
42.357,0.25,25.001
42.358,0.25,25.001
42.359,0.25,25.001
42.36,0.25,25.001
42.361,0.25,25.001
42.362,0.25,25.001
42.363,0.25,25.001
42.364,0.25,25.001
42.365,0.25,25.001
42.366,0.25,25.001
42.367,0.25,25.001
42.368,0.25,25.001
42.369,0.25,25.001
42.37,0.25,25.001
42.371,0.25,25.001
42.372,0.25,25.001
42.373,0.25,25.001
42.374,0.25,25.001
42.375,0.25,25.001
42.376,0.25,25.001
42.377,0.25,25.001
42.378,0.25,25.001
42.379,0.25,25.001
42.38,0.25,25.001
42.381,0.25,25.001
42.382,0.25,25.001
42.383,0.25,25.001
42.384,0.25,25.001
42.385,0.25,25.001
42.386,0.25,25.001
42.387,0.25,25.001
42.388,0.25,25.001
42.389,0.25,25.001
42.39,0.25,25.001
42.391,0.25,25.001
42.392,0.25,25.001
42.393,0.25,25.001
42.394,0.25,25.001
42.395,0.25,25.001
42.396,0.25,25.001
42.397,0.25,25.001
42.398,0.25,25.001
42.399,0.25,25.001
42.4,0.25,25.001
42.401,0.25,25.001
42.402,0.25,25.001
42.403,0.25,25.001
42.404,0.25,25.001
42.405,0.25,25.001
42.406,0.25,25.001
42.407,0.25,25.001
42.408,0.25,25.001
42.409,0.25,25.001
42.41,0.25,25.001
42.411,0.25,25.001
42.412,0.25,25.001
42.413,0.25,25.001
42.414,0.25,25.001
42.415,0.25,25.001
42.416,0.25,25.001
42.417,0.25,25.001
42.418,0.25,25.001
42.419,0.25,25.001
42.42,0.25,25.001
42.421,0.25,25.001
42.422,0.25,25.001
42.423,0.25,25.001
42.424,0.25,25.001
42.425,0.25,25.001
42.426,0.25,25.001
42.427,0.25,25.001
42.428,0.25,25.001
42.429,0.25,25.001
42.43,0.25,25.001
42.431,0.25,25.001
42.432,0.25,25.001
42.433,0.25,25.001
42.434,0.25,25.001
42.435,0.25,25.001
42.436,0.25,25.001
42.437,0.25,25.001
42.438,0.25,25.001
42.439,0.25,25.001
42.44,0.25,25.001
42.441,0.25,25.001
42.442,0.25,25.001
42.443,0.25,25.001
42.444,0.25,25.001
42.445,0.25,25.001
42.446,0.25,25.001
42.447,0.25,25.001
42.448,0.25,25.001
42.449,0.25,25.001
42.45,0.25,25.001
42.451,0.25,25.001
42.452,0.25,25.001
42.453,0.25,25.001
42.454,0.25,25.001
42.455,0.25,25.001
42.456,0.25,25.001
42.457,0.25,25.001
42.458,0.25,25.001
42.459,0.25,25.001
42.46,0.25,25.001
42.461,0.25,25.001
42.462,0.25,25.001
42.463,0.25,25.001
42.464,0.25,25.001
42.465,0.25,25.001
42.466,0.25,25.001
42.467,0.25,25.001
42.468,0.25,25.001
42.469,0.25,25.001
42.47,0.25,25.001
42.471,0.25,25.001
42.472,0.25,25.001
42.473,0.25,25.001
42.474,0.25,25.001
42.475,0.25,25.001
42.476,0.25,25.001
42.477,0.25,25.001
42.478,0.25,25.001
42.479,0.25,25.001
42.48,0.25,25.001
42.481,0.25,25.001
42.482,0.25,25.001
42.483,0.25,25.001
42.484,0.25,25.001
42.485,0.25,25.001
42.486,0.25,25.001
42.487,0.25,25.001
42.488,0.25,25.001
42.489,0.25,25.001
42.49,0.25,25.001
42.491,0.25,25.001
42.492,0.25,25.001
42.493,0.25,25.001
42.494,0.25,25.001
42.495,0.25,25.001
42.496,0.25,25.001
42.497,0.25,25.001
42.498,0.25,25.001
42.499,0.25,25.001
42.5,0.25,25.001
42.501,0.25,25.001
42.502,0.25,25.001
42.503,0.25,25.001
42.504,0.25,25.001
42.505,0.25,25.001
42.506,0.25,25.001
42.507,0.25,25.001
42.508,0.25,25.001
42.509,0.25,25.001
42.51,0.25,25.001
42.511,0.25,25.001
42.512,0.25,25.001
42.513,0.25,25.001
42.514,0.25,25.001
42.515,0.25,25.001
42.516,0.25,25.001
42.517,0.25,25.001
42.518,0.25,25.001
42.519,0.25,25.001
42.52,0.25,25.001
42.521,0.25,25.001
42.522,0.25,25.001
42.523,0.25,25.001
42.524,0.25,25.001
42.525,0.25,25.001
42.526,0.25,25.001
42.527,0.25,25.001
42.528,0.25,25.001
42.529,0.25,25.001
42.53,0.25,25.001
42.531,0.25,25.001
42.532,0.25,25.001
42.533,0.25,25.001
42.534,0.25,25.001
42.535,0.25,25.001
42.536,0.25,25.001
42.537,0.25,25.001
42.538,0.25,25.001
42.539,0.25,25.001
42.54,0.25,25.001
42.541,0.25,25.001
42.542,0.25,25.001
42.543,0.25,25.001
42.544,0.25,25.001
42.545,0.25,25.001
42.546,0.25,25.001
42.547,0.25,25.001
42.548,0.25,25.001
42.549,0.25,25.001
42.55,0.25,25.001
42.551,0.25,25.001
42.552,0.25,25.001
42.553,0.25,25.001
42.554,0.25,25.001
42.555,0.25,25.001
42.556,0.25,25.001
42.557,0.25,25.001
42.558,0.25,25.001
42.559,0.25,25.001
42.56,0.25,25.001
42.561,0.25,25.001
42.562,0.25,25.001
42.563,0.25,25.001
42.564,0.25,25.001
42.565,0.25,25.001
42.566,0.25,25.001
42.567,0.25,25.001
42.568,0.25,25.001
42.569,0.25,25.001
42.57,0.25,25.001
42.571,0.25,25.001
42.572,0.25,25.001
42.573,0.25,25.001
42.574,0.25,25.001
42.575,0.25,25.001
42.576,0.25,25.001
42.577,0.25,25.001
42.578,0.25,25.001
42.579,0.25,25.001
42.58,0.25,25.001
42.581,0.25,25.001
42.582,0.25,25.001
42.583,0.25,25.001
42.584,0.25,25.001
42.585,0.25,25.001
42.586,0.25,25.001
42.587,0.25,25.001
42.588,0.25,25.001
42.589,0.25,25.001
42.59,0.25,25.001
42.591,0.25,25.001
42.592,0.25,25.001
42.593,0.25,25.001
42.594,0.25,25.001
42.595,0.25,25.001
42.596,0.25,25.001
42.597,0.25,25.001
42.598,0.25,25.001
42.599,0.25,25.001
42.6,0.25,25.001
42.601,0.25,25.001
42.602,0.25,25.001
42.603,0.25,25.001
42.604,0.25,25.001
42.605,0.25,25.001
42.606,0.25,25.001
42.607,0.25,25.001
42.608,0.25,25.001
42.609,0.25,25.001
42.61,0.25,25.001
42.611,0.25,25.001
42.612,0.25,25.001
42.613,0.25,25.001
42.614,0.25,25.001
42.615,0.25,25.001
42.616,0.25,25.001
42.617,0.25,25.001
42.618,0.25,25.001
42.619,0.25,25.001
42.62,0.25,25.001
42.621,0.25,25.001
42.622,0.25,25.001
42.623,0.25,25.001
42.624,0.25,25.001
42.625,0.25,25.001
42.626,0.25,25.001
42.627,0.25,25.001
42.628,0.25,25.001
42.629,0.25,25.001
42.63,0.25,25.001
42.631,0.25,25.001
42.632,0.25,25.001
42.633,0.25,25.001
42.634,0.25,25.001
42.635,0.25,25.001
42.636,0.25,25.001
42.637,0.25,25.001
42.638,0.25,25.001
42.639,0.25,25.001
42.64,0.25,25.001
42.641,0.25,25.001
42.642,0.25,25.001
42.643,0.25,25.001
42.644,0.25,25.001
42.645,0.25,25.001
42.646,0.25,25.001
42.647,0.25,25.001
42.648,0.25,25.001
42.649,0.25,25.001
42.65,0.25,25.001
42.651,0.25,25.001
42.652,0.25,25.001
42.653,0.25,25.001
42.654,0.25,25.001
42.655,0.25,25.001
42.656,0.25,25.001
42.657,0.25,25.001
42.658,0.25,25.001
42.659,0.25,25.001
42.66,0.25,25.001
42.661,0.25,25.001
42.662,0.25,25.001
42.663,0.25,25.001
42.664,0.25,25.001
42.665,0.25,25.001
42.666,0.25,25.001
42.667,0.25,25.001
42.668,0.25,25.001
42.669,0.25,25.001
42.67,0.25,25.001
42.671,0.25,25.001
42.672,0.25,25.001
42.673,0.25,25.001
42.674,0.25,25.001
42.675,0.25,25.001
42.676,0.25,25.001
42.677,0.25,25.001
42.678,0.25,25.001
42.679,0.25,25.001
42.68,0.25,25.001
42.681,0.25,25.001
42.682,0.25,25.001
42.683,0.25,25.001
42.684,0.25,25.001
42.685,0.25,25.001
42.686,0.25,25.001
42.687,0.25,25.001
42.688,0.25,25.001
42.689,0.25,25.001
42.69,0.25,25.001
42.691,0.25,25.001
42.692,0.25,25.001
42.693,0.25,25.001
42.694,0.25,25.001
42.695,0.25,25.001
42.696,0.25,25.001
42.697,0.25,25.001
42.698,0.25,25.001
42.699,0.25,25.001
42.7,0.25,25.001
42.701,0.25,25.001
42.702,0.25,25.001
42.703,0.25,25.001
42.704,0.25,25.001
42.705,0.25,25.001
42.706,0.25,25.001
42.707,0.25,25.001
42.708,0.25,25.001
42.709,0.25,25.001
42.71,0.25,25.001
42.711,0.25,25.001
42.712,0.25,25.001
42.713,0.25,25.001
42.714,0.25,25.001
42.715,0.25,25.001
42.716,0.25,25.001
42.717,0.25,25.001
42.718,0.25,25.001
42.719,0.25,25.001
42.72,0.25,25.001
42.721,0.25,25.001
42.722,0.25,25.001
42.723,0.25,25.001
42.724,0.25,25.001
42.725,0.25,25.001
42.726,0.25,25.001
42.727,0.25,25.001
42.728,0.25,25.001
42.729,0.25,25.001
42.73,0.25,25.001
42.731,0.25,25.001
42.732,0.25,25.001
42.733,0.25,25.001
42.734,0.25,25.001
42.735,0.25,25.001
42.736,0.25,25.001
42.737,0.25,25.001
42.738,0.25,25.001
42.739,0.25,25.001
42.74,0.25,25.001
42.741,0.25,25.001
42.742,0.25,25.001
42.743,0.25,25.001
42.744,0.25,25.001
42.745,0.25,25.001
42.746,0.25,25.001
42.747,0.25,25.001
42.748,0.25,25.001
42.749,0.25,25.001
42.75,0.25,25.001
42.751,0.25,25.001
42.752,0.25,25.001
42.753,0.25,25.001
42.754,0.25,25.001
42.755,0.25,25.001
42.756,0.25,25.001
42.757,0.25,25.001
42.758,0.25,25.001
42.759,0.25,25.001
42.76,0.25,25.001
42.761,0.25,25.001
42.762,0.25,25.001
42.763,0.25,25.001
42.764,0.25,25.001
42.765,0.25,25.001
42.766,0.25,25.001
42.767,0.25,25.001
42.768,0.25,25.001
42.769,0.25,25.001
42.77,0.25,25.001
42.771,0.25,25.001
42.772,0.25,25.001
42.773,0.25,25.001
42.774,0.25,25.001
42.775,0.25,25.001
42.776,0.25,25.001
42.777,0.25,25.001
42.778,0.25,25.001
42.779,0.25,25.001
42.78,0.25,25.001
42.781,0.25,25.001
42.782,0.25,25.001
42.783,0.25,25.001
42.784,0.25,25.001
42.785,0.25,25.001
42.786,0.25,25.001
42.787,0.25,25.001
42.788,0.25,25.001
42.789,0.25,25.001
42.79,0.25,25.001
42.791,0.25,25.001
42.792,0.25,25.001
42.793,0.25,25.001
42.794,0.25,25.001
42.795,0.25,25.001
42.796,0.25,25.001
42.797,0.25,25.001
42.798,0.25,25.001
42.799,0.25,25.001
42.8,0.25,25.001
42.801,0.25,25.001
42.802,0.25,25.001
42.803,0.25,25.001
42.804,0.25,25.001
42.805,0.25,25.001
42.806,0.25,25.001
42.807,0.25,25.001
42.808,0.25,25.001
42.809,0.25,25.001
42.81,0.25,25.001
42.811,0.25,25.001
42.812,0.25,25.001
42.813,0.25,25.001
42.814,0.25,25.001
42.815,0.25,25.001
42.816,0.25,25.001
42.817,0.25,25.001
42.818,0.25,25.001
42.819,0.25,25.001
42.82,0.25,25.001
42.821,0.25,25.001
42.822,0.25,25.001
42.823,0.25,25.001
42.824,0.25,25.001
42.825,0.25,25.001
42.826,0.25,25.001
42.827,0.25,25.001
42.828,0.25,25.001
42.829,0.25,25.001
42.83,0.25,25.001
42.831,0.25,25.001
42.832,0.25,25.001
42.833,0.25,25.001
42.834,0.25,25.001
42.835,0.25,25.001
42.836,0.25,25.001
42.837,0.25,25.001
42.838,0.25,25.001
42.839,0.25,25.001
42.84,0.25,25.001
42.841,0.25,25.001
42.842,0.25,25.001
42.843,0.25,25.001
42.844,0.25,25.001
42.845,0.25,25.001
42.846,0.25,25.001
42.847,0.25,25.001
42.848,0.25,25.001
42.849,0.25,25.001
42.85,0.25,25.001
42.851,0.25,25.001
42.852,0.25,25.001
42.853,0.25,25.001
42.854,0.25,25.001
42.855,0.25,25.001
42.856,0.25,25.001
42.857,0.25,25.001
42.858,0.25,25.001
42.859,0.25,25.001
42.86,0.25,25.001
42.861,0.25,25.001
42.862,0.25,25.001
42.863,0.25,25.001
42.864,0.25,25.001
42.865,0.25,25.001
42.866,0.25,25.001
42.867,0.25,25.001
42.868,0.25,25.001
42.869,0.25,25.001
42.87,0.25,25.001
42.871,0.25,25.001
42.872,0.25,25.001
42.873,0.25,25.001
42.874,0.25,25.001
42.875,0.25,25.001
42.876,0.25,25.001
42.877,0.25,25.001
42.878,0.25,25.001
42.879,0.25,25.001
42.88,0.25,25.001
42.881,0.25,25.001
42.882,0.25,25.001
42.883,0.25,25.001
42.884,0.25,25.001
42.885,0.25,25.001
42.886,0.25,25.001
42.887,0.25,25.001
42.888,0.25,25.001
42.889,0.25,25.001
42.89,0.25,25.001
42.891,0.25,25.001
42.892,0.25,25.001
42.893,0.25,25.001
42.894,0.25,25.001
42.895,0.25,25.001
42.896,0.25,25.001
42.897,0.25,25.001
42.898,0.25,25.001
42.899,0.25,25.001
42.9,0.25,25.001
42.901,0.25,25.001
42.902,0.25,25.001
42.903,0.25,25.001
42.904,0.25,25.001
42.905,0.25,25.001
42.906,0.25,25.001
42.907,0.25,25.001
42.908,0.25,25.001
42.909,0.25,25.001
42.91,0.25,25.001
42.911,0.25,25.001
42.912,0.25,25.001
42.913,0.25,25.001
42.914,0.25,25.001
42.915,0.25,25.001
42.916,0.25,25.001
42.917,0.25,25.001
42.918,0.25,25.001
42.919,0.25,25.001
42.92,0.25,25.001
42.921,0.25,25.001
42.922,0.25,25.001
42.923,0.25,25.001
42.924,0.25,25.001
42.925,0.25,25.001
42.926,0.25,25.001
42.927,0.25,25.001
42.928,0.25,25.001
42.929,0.25,25.001
42.93,0.25,25.001
42.931,0.25,25.001
42.932,0.25,25.001
42.933,0.25,25.001
42.934,0.25,25.001
42.935,0.25,25.001
42.936,0.25,25.001
42.937,0.25,25.001
42.938,0.25,25.001
42.939,0.25,25.001
42.94,0.25,25.001
42.941,0.25,25.001
42.942,0.25,25.001
42.943,0.25,25.001
42.944,0.25,25.001
42.945,0.25,25.001
42.946,0.25,25.001
42.947,0.25,25.001
42.948,0.25,25.001
42.949,0.25,25.001
42.95,0.25,25.001
42.951,0.25,25.001
42.952,0.25,25.001
42.953,0.25,25.001
42.954,0.25,25.001
42.955,0.25,25.001
42.956,0.25,25.001
42.957,0.25,25.001
42.958,0.25,25.001
42.959,0.25,25.001
42.96,0.25,25.001
42.961,0.25,25.001
42.962,0.25,25.001
42.963,0.25,25.001
42.964,0.25,25.001
42.965,0.25,25.001
42.966,0.25,25.001
42.967,0.25,25.001
42.968,0.25,25.001
42.969,0.25,25.001
42.97,0.25,25.001
42.971,0.25,25.001
42.972,0.25,25.001
42.973,0.25,25.001
42.974,0.25,25.001
42.975,0.25,25.001
42.976,0.25,25.001
42.977,0.25,25.001
42.978,0.25,25.001
42.979,0.25,25.001
42.98,0.25,25.001
42.981,0.25,25.001
42.982,0.25,25.001
42.983,0.25,25.001
42.984,0.25,25.001
42.985,0.25,25.001
42.986,0.25,25.001
42.987,0.25,25.001
42.988,0.25,25.001
42.989,0.25,25.001
42.99,0.25,25.001
42.991,0.25,25.001
42.992,0.25,25.001
42.993,0.25,25.001
42.994,0.25,25.001
42.995,0.25,25.001
42.996,0.25,25.001
42.997,0.25,25.001
42.998,0.25,25.001
42.999,0.25,25.001
43,0.25,25.001
43.001,0.25,25.001
43.002,0.25,25.001
43.003,0.25,25.001
43.004,0.25,25.001
43.005,0.25,25.001
43.006,0.25,25.001
43.007,0.25,25.001
43.008,0.25,25.001
43.009,0.25,25.001
43.01,0.25,25.001
43.011,0.25,25.001
43.012,0.25,25.001
43.013,0.25,25.001
43.014,0.25,25.001
43.015,0.25,25.001
43.016,0.25,25.001
43.017,0.25,25.001
43.018,0.25,25.001
43.019,0.25,25.001
43.02,0.25,25.001
43.021,0.25,25.001
43.022,0.25,25.001
43.023,0.25,25.001
43.024,0.25,25.001
43.025,0.25,25.001
43.026,0.25,25.001
43.027,0.25,25.001
43.028,0.25,25.001
43.029,0.25,25.001
43.03,0.25,25.001
43.031,0.25,25.001
43.032,0.25,25.001
43.033,0.25,25.001
43.034,0.25,25.001
43.035,0.25,25.001
43.036,0.25,25.001
43.037,0.25,25.001
43.038,0.25,25.001
43.039,0.25,25.001
43.04,0.25,25.001
43.041,0.25,25.001
43.042,0.25,25.001
43.043,0.25,25.001
43.044,0.25,25.001
43.045,0.25,25.001
43.046,0.25,25.001
43.047,0.25,25.001
43.048,0.25,25.001
43.049,0.25,25.001
43.05,0.25,25.001
43.051,0.25,25.001
43.052,0.25,25.001
43.053,0.25,25.001
43.054,0.25,25.001
43.055,0.25,25.001
43.056,0.25,25.001
43.057,0.25,25.001
43.058,0.25,25.001
43.059,0.25,25.001
43.06,0.25,25.001
43.061,0.25,25.001
43.062,0.25,25.001
43.063,0.25,25.001
43.064,0.25,25.001
43.065,0.25,25.001
43.066,0.25,25.001
43.067,0.25,25.001
43.068,0.25,25.001
43.069,0.25,25.001
43.07,0.25,25.001
43.071,0.25,25.001
43.072,0.25,25.001
43.073,0.25,25.001
43.074,0.25,25.001
43.075,0.25,25.001
43.076,0.25,25.001
43.077,0.25,25.001
43.078,0.25,25.001
43.079,0.25,25.001
43.08,0.25,25.001
43.081,0.25,25.001
43.082,0.25,25.001
43.083,0.25,25.001
43.084,0.25,25.001
43.085,0.25,25.001
43.086,0.25,25.001
43.087,0.25,25.001
43.088,0.25,25.001
43.089,0.25,25.001
43.09,0.25,25.001
43.091,0.25,25.001
43.092,0.25,25.001
43.093,0.25,25.001
43.094,0.25,25.001
43.095,0.25,25.001
43.096,0.25,25.001
43.097,0.25,25.001
43.098,0.25,25.001
43.099,0.25,25.001
43.1,0.25,25.001
43.101,0.25,25.001
43.102,0.25,25.001
43.103,0.25,25.001
43.104,0.25,25.001
43.105,0.25,25.001
43.106,0.25,25.001
43.107,0.25,25.001
43.108,0.25,25.001
43.109,0.25,25.001
43.11,0.25,25.001
43.111,0.25,25.001
43.112,0.25,25.001
43.113,0.25,25.001
43.114,0.25,25.001
43.115,0.25,25.001
43.116,0.25,25.001
43.117,0.25,25.001
43.118,0.25,25.001
43.119,0.25,25.001
43.12,0.25,25.001
43.121,0.25,25.001
43.122,0.25,25.001
43.123,0.25,25.001
43.124,0.25,25.001
43.125,0.25,25.001
43.126,0.25,25.001
43.127,0.25,25.001
43.128,0.25,25.001
43.129,0.25,25.001
43.13,0.25,25.001
43.131,0.25,25.001
43.132,0.25,25.001
43.133,0.25,25.001
43.134,0.25,25.001
43.135,0.25,25.001
43.136,0.25,25.001
43.137,0.25,25.001
43.138,0.25,25.001
43.139,0.25,25.001
43.14,0.25,25.001
43.141,0.25,25.001
43.142,0.25,25.001
43.143,0.25,25.001
43.144,0.25,25.001
43.145,0.25,25.001
43.146,0.25,25.001
43.147,0.25,25.001
43.148,0.25,25.001
43.149,0.25,25.001
43.15,0.25,25.001
43.151,0.25,25.001
43.152,0.25,25.001
43.153,0.25,25.001
43.154,0.25,25.001
43.155,0.25,25.001
43.156,0.25,25.001
43.157,0.25,25.001
43.158,0.25,25.001
43.159,0.25,25.001
43.16,0.25,25.001
43.161,0.25,25.001
43.162,0.25,25.001
43.163,0.25,25.001
43.164,0.25,25.001
43.165,0.25,25.001
43.166,0.25,25.001
43.167,0.25,25.001
43.168,0.25,25.001
43.169,0.25,25.001
43.17,0.25,25.001
43.171,0.25,25.001
43.172,0.25,25.001
43.173,0.25,25.001
43.174,0.25,25.001
43.175,0.25,25.001
43.176,0.25,25.001
43.177,0.25,25.001
43.178,0.25,25.001
43.179,0.25,25.001
43.18,0.25,25.001
43.181,0.25,25.001
43.182,0.25,25.001
43.183,0.25,25.001
43.184,0.25,25.001
43.185,0.25,25.001
43.186,0.25,25.001
43.187,0.25,25.001
43.188,0.25,25.001
43.189,0.25,25.001
43.19,0.25,25.001
43.191,0.25,25.001
43.192,0.25,25.001
43.193,0.25,25.001
43.194,0.25,25.001
43.195,0.25,25.001
43.196,0.25,25.001
43.197,0.25,25.001
43.198,0.25,25.001
43.199,0.25,25.001
43.2,0.25,25.001
43.201,0.25,25.001
43.202,0.25,25.001
43.203,0.25,25.001
43.204,0.25,25.001
43.205,0.25,25.001
43.206,0.25,25.001
43.207,0.25,25.001
43.208,0.25,25.001
43.209,0.25,25.001
43.21,0.25,25.001
43.211,0.25,25.001
43.212,0.25,25.001
43.213,0.25,25.001
43.214,0.25,25.001
43.215,0.25,25.001
43.216,0.25,25.001
43.217,0.25,25.001
43.218,0.25,25.001
43.219,0.25,25.001
43.22,0.25,25.001
43.221,0.25,25.001
43.222,0.25,25.001
43.223,0.25,25.001
43.224,0.25,25.001
43.225,0.25,25.001
43.226,0.25,25.001
43.227,0.25,25.001
43.228,0.25,25.001
43.229,0.25,25.001
43.23,0.25,25.001
43.231,0.25,25.001
43.232,0.25,25.001
43.233,0.25,25.001
43.234,0.25,25.001
43.235,0.25,25.001
43.236,0.25,25.001
43.237,0.25,25.001
43.238,0.25,25.001
43.239,0.25,25.001
43.24,0.25,25.001
43.241,0.25,25.001
43.242,0.25,25.001
43.243,0.25,25.001
43.244,0.25,25.001
43.245,0.25,25.001
43.246,0.25,25.001
43.247,0.25,25.001
43.248,0.25,25.001
43.249,0.25,25.001
43.25,0.25,25.001
43.251,0.25,25.001
43.252,0.25,25.001
43.253,0.25,25.001
43.254,0.25,25.001
43.255,0.25,25.001
43.256,0.25,25.001
43.257,0.25,25.001
43.258,0.25,25.001
43.259,0.25,25.001
43.26,0.25,25.001
43.261,0.25,25.001
43.262,0.25,25.001
43.263,0.25,25.001
43.264,0.25,25.001
43.265,0.25,25.001
43.266,0.25,25.001
43.267,0.25,25.001
43.268,0.25,25.001
43.269,0.25,25.001
43.27,0.25,25.001
43.271,0.25,25.001
43.272,0.25,25.001
43.273,0.25,25.001
43.274,0.25,25.001
43.275,0.25,25.001
43.276,0.25,25.001
43.277,0.25,25.001
43.278,0.25,25.001
43.279,0.25,25.001
43.28,0.25,25.001
43.281,0.25,25.001
43.282,0.25,25.001
43.283,0.25,25.001
43.284,0.25,25.001
43.285,0.25,25.001
43.286,0.25,25.001
43.287,0.25,25.001
43.288,0.25,25.001
43.289,0.25,25.001
43.29,0.25,25.001
43.291,0.25,25.001
43.292,0.25,25.001
43.293,0.25,25.001
43.294,0.25,25.001
43.295,0.25,25.001
43.296,0.25,25.001
43.297,0.25,25.001
43.298,0.25,25.001
43.299,0.25,25.001
43.3,0.25,25.001
43.301,0.25,25.001
43.302,0.25,25.001
43.303,0.25,25.001
43.304,0.25,25.001
43.305,0.25,25.001
43.306,0.25,25.001
43.307,0.25,25.001
43.308,0.25,25.001
43.309,0.25,25.001
43.31,0.25,25.001
43.311,0.25,25.001
43.312,0.25,25.001
43.313,0.25,25.001
43.314,0.25,25.001
43.315,0.25,25.001
43.316,0.25,25.001
43.317,0.25,25.001
43.318,0.25,25.001
43.319,0.25,25.001
43.32,0.25,25.001
43.321,0.25,25.001
43.322,0.25,25.001
43.323,0.25,25.001
43.324,0.25,25.001
43.325,0.25,25.001
43.326,0.25,25.001
43.327,0.25,25.001
43.328,0.25,25.001
43.329,0.25,25.001
43.33,0.25,25.001
43.331,0.25,25.001
43.332,0.25,25.001
43.333,0.25,25.001
43.334,0.25,25.001
43.335,0.25,25.001
43.336,0.25,25.001
43.337,0.25,25.001
43.338,0.25,25.001
43.339,0.25,25.001
43.34,0.25,25.001
43.341,0.25,25.001
43.342,0.25,25.001
43.343,0.25,25.001
43.344,0.25,25.001
43.345,0.25,25.001
43.346,0.25,25.001
43.347,0.25,25.001
43.348,0.25,25.001
43.349,0.25,25.001
43.35,0.25,25.001
43.351,0.25,25.001
43.352,0.25,25.001
43.353,0.25,25.001
43.354,0.25,25.001
43.355,0.25,25.001
43.356,0.25,25.001
43.357,0.25,25.001
43.358,0.25,25.001
43.359,0.25,25.001
43.36,0.25,25.001
43.361,0.25,25.001
43.362,0.25,25.001
43.363,0.25,25.001
43.364,0.25,25.001
43.365,0.25,25.001
43.366,0.25,25.001
43.367,0.25,25.001
43.368,0.25,25.001
43.369,0.25,25.001
43.37,0.25,25.001
43.371,0.25,25.001
43.372,0.25,25.001
43.373,0.25,25.001
43.374,0.25,25.001
43.375,0.25,25.001
43.376,0.25,25.001
43.377,0.25,25.001
43.378,0.25,25.001
43.379,0.25,25.001
43.38,0.25,25.001
43.381,0.25,25.001
43.382,0.25,25.001
43.383,0.25,25.001
43.384,0.25,25.001
43.385,0.25,25.001
43.386,0.25,25.001
43.387,0.25,25.001
43.388,0.25,25.001
43.389,0.25,25.001
43.39,0.25,25.001
43.391,0.25,25.001
43.392,0.25,25.001
43.393,0.25,25.001
43.394,0.25,25.001
43.395,0.25,25.001
43.396,0.25,25.001
43.397,0.25,25.001
43.398,0.25,25.001
43.399,0.25,25.001
43.4,0.25,25.001
43.401,0.25,25.001
43.402,0.25,25.001
43.403,0.25,25.001
43.404,0.25,25.001
43.405,0.25,25.001
43.406,0.25,25.001
43.407,0.25,25.001
43.408,0.25,25.001
43.409,0.25,25.001
43.41,0.25,25.001
43.411,0.25,25.001
43.412,0.25,25.001
43.413,0.25,25.001
43.414,0.25,25.001
43.415,0.25,25.001
43.416,0.25,25.001
43.417,0.25,25.001
43.418,0.25,25.001
43.419,0.25,25.001
43.42,0.25,25.001
43.421,0.25,25.001
43.422,0.25,25.001
43.423,0.25,25.001
43.424,0.25,25.001
43.425,0.25,25.001
43.426,0.25,25.001
43.427,0.25,25.001
43.428,0.25,25.001
43.429,0.25,25.001
43.43,0.25,25.001
43.431,0.25,25.001
43.432,0.25,25.001
43.433,0.25,25.001
43.434,0.25,25.001
43.435,0.25,25.001
43.436,0.25,25.001
43.437,0.25,25.001
43.438,0.25,25.001
43.439,0.25,25.001
43.44,0.25,25.001
43.441,0.25,25.001
43.442,0.25,25.001
43.443,0.25,25.001
43.444,0.25,25.001
43.445,0.25,25.001
43.446,0.25,25.001
43.447,0.25,25.001
43.448,0.25,25.001
43.449,0.25,25.001
43.45,0.25,25.001
43.451,0.25,25.001
43.452,0.25,25.001
43.453,0.25,25.001
43.454,0.25,25.001
43.455,0.25,25.001
43.456,0.25,25.001
43.457,0.25,25.001
43.458,0.25,25.001
43.459,0.25,25.001
43.46,0.25,25.001
43.461,0.25,25.001
43.462,0.25,25.001
43.463,0.25,25.001
43.464,0.25,25.001
43.465,0.25,25.001
43.466,0.25,25.001
43.467,0.25,25.001
43.468,0.25,25.001
43.469,0.25,25.001
43.47,0.25,25.001
43.471,0.25,25.001
43.472,0.25,25.001
43.473,0.25,25.001
43.474,0.25,25.001
43.475,0.25,25.001
43.476,0.25,25.001
43.477,0.25,25.001
43.478,0.25,25.001
43.479,0.25,25.001
43.48,0.25,25.001
43.481,0.25,25.001
43.482,0.25,25.001
43.483,0.25,25.001
43.484,0.25,25.001
43.485,0.25,25.001
43.486,0.25,25.001
43.487,0.25,25.001
43.488,0.25,25.001
43.489,0.25,25.001
43.49,0.25,25.001
43.491,0.25,25.001
43.492,0.25,25.001
43.493,0.25,25.001
43.494,0.25,25.001
43.495,0.25,25.001
43.496,0.25,25.001
43.497,0.25,25.001
43.498,0.25,25.001
43.499,0.25,25.001
43.5,0.25,25.001
43.501,0.25,25.001
43.502,0.25,25.001
43.503,0.25,25.001
43.504,0.25,25.001
43.505,0.25,25.001
43.506,0.25,25.001
43.507,0.25,25.001
43.508,0.25,25.001
43.509,0.25,25.001
43.51,0.25,25.001
43.511,0.25,25.001
43.512,0.25,25.001
43.513,0.25,25.001
43.514,0.25,25.001
43.515,0.25,25.001
43.516,0.25,25.001
43.517,0.25,25.001
43.518,0.25,25.001
43.519,0.25,25.001
43.52,0.25,25.001
43.521,0.25,25.001
43.522,0.25,25.001
43.523,0.25,25.001
43.524,0.25,25.001
43.525,0.25,25.001
43.526,0.25,25.001
43.527,0.25,25.001
43.528,0.25,25.001
43.529,0.25,25.001
43.53,0.25,25.001
43.531,0.25,25.001
43.532,0.25,25.001
43.533,0.25,25.001
43.534,0.25,25.001
43.535,0.25,25.001
43.536,0.25,25.001
43.537,0.25,25.001
43.538,0.25,25.001
43.539,0.25,25.001
43.54,0.25,25.001
43.541,0.25,25.001
43.542,0.25,25.001
43.543,0.25,25.001
43.544,0.25,25.001
43.545,0.25,25.001
43.546,0.25,25.001
43.547,0.25,25.001
43.548,0.25,25.001
43.549,0.25,25.001
43.55,0.25,25.001
43.551,0.25,25.001
43.552,0.25,25.001
43.553,0.25,25.001
43.554,0.25,25.001
43.555,0.25,25.001
43.556,0.25,25.001
43.557,0.25,25.001
43.558,0.25,25.001
43.559,0.25,25.001
43.56,0.25,25.001
43.561,0.25,25.001
43.562,0.25,25.001
43.563,0.25,25.001
43.564,0.25,25.001
43.565,0.25,25.001
43.566,0.25,25.001
43.567,0.25,25.001
43.568,0.25,25.001
43.569,0.25,25.001
43.57,0.25,25.001
43.571,0.25,25.001
43.572,0.25,25.001
43.573,0.25,25.001
43.574,0.25,25.001
43.575,0.25,25.001
43.576,0.25,25.001
43.577,0.25,25.001
43.578,0.25,25.001
43.579,0.25,25.001
43.58,0.25,25.001
43.581,0.25,25.001
43.582,0.25,25.001
43.583,0.25,25.001
43.584,0.25,25.001
43.585,0.25,25.001
43.586,0.25,25.001
43.587,0.25,25.001
43.588,0.25,25.001
43.589,0.25,25.001
43.59,0.25,25.001
43.591,0.25,25.001
43.592,0.25,25.001
43.593,0.25,25.001
43.594,0.25,25.001
43.595,0.25,25.001
43.596,0.25,25.001
43.597,0.25,25.001
43.598,0.25,25.001
43.599,0.25,25.001
43.6,0.25,25.001
43.601,0.25,25.001
43.602,0.25,25.001
43.603,0.25,25.001
43.604,0.25,25.001
43.605,0.25,25.001
43.606,0.25,25.001
43.607,0.25,25.001
43.608,0.25,25.001
43.609,0.25,25.001
43.61,0.25,25.001
43.611,0.25,25.001
43.612,0.25,25.001
43.613,0.25,25.001
43.614,0.25,25.001
43.615,0.25,25.001
43.616,0.25,25.001
43.617,0.25,25.001
43.618,0.25,25.001
43.619,0.25,25.001
43.62,0.25,25.001
43.621,0.25,25.001
43.622,0.25,25.001
43.623,0.25,25.001
43.624,0.25,25.001
43.625,0.25,25.001
43.626,0.25,25.001
43.627,0.25,25.001
43.628,0.25,25.001
43.629,0.25,25.001
43.63,0.25,25.001
43.631,0.25,25.001
43.632,0.25,25.001
43.633,0.25,25.001
43.634,0.25,25.001
43.635,0.25,25.001
43.636,0.25,25.001
43.637,0.25,25.001
43.638,0.25,25.001
43.639,0.25,25.001
43.64,0.25,25.001
43.641,0.25,25.001
43.642,0.25,25.001
43.643,0.25,25.001
43.644,0.25,25.001
43.645,0.25,25.001
43.646,0.25,25.001
43.647,0.25,25.001
43.648,0.25,25.001
43.649,0.25,25.001
43.65,0.25,25.001
43.651,0.25,25.001
43.652,0.25,25.001
43.653,0.25,25.001
43.654,0.25,25.001
43.655,0.25,25.001
43.656,0.25,25.001
43.657,0.25,25.001
43.658,0.25,25.001
43.659,0.25,25.001
43.66,0.25,25.001
43.661,0.25,25.001
43.662,0.25,25.001
43.663,0.25,25.001
43.664,0.25,25.001
43.665,0.25,25.001
43.666,0.25,25.001
43.667,0.25,25.001
43.668,0.25,25.001
43.669,0.25,25.001
43.67,0.25,25.001
43.671,0.25,25.001
43.672,0.25,25.001
43.673,0.25,25.001
43.674,0.25,25.001
43.675,0.25,25.001
43.676,0.25,25.001
43.677,0.25,25.001
43.678,0.25,25.001
43.679,0.25,25.001
43.68,0.25,25.001
43.681,0.25,25.001
43.682,0.25,25.001
43.683,0.25,25.001
43.684,0.25,25.001
43.685,0.25,25.001
43.686,0.25,25.001
43.687,0.25,25.001
43.688,0.25,25.001
43.689,0.25,25.001
43.69,0.25,25.001
43.691,0.25,25.001
43.692,0.25,25.001
43.693,0.25,25.001
43.694,0.25,25.001
43.695,0.25,25.001
43.696,0.25,25.001
43.697,0.25,25.001
43.698,0.25,25.001
43.699,0.25,25.001
43.7,0.25,25.001
43.701,0.25,25.001
43.702,0.25,25.001
43.703,0.25,25.001
43.704,0.25,25.001
43.705,0.25,25.001
43.706,0.25,25.001
43.707,0.25,25.001
43.708,0.25,25.001
43.709,0.25,25.001
43.71,0.25,25.001
43.711,0.25,25.001
43.712,0.25,25.001
43.713,0.25,25.001
43.714,0.25,25.001
43.715,0.25,25.001
43.716,0.25,25.001
43.717,0.25,25.001
43.718,0.25,25.001
43.719,0.25,25.001
43.72,0.25,25.001
43.721,0.25,25.001
43.722,0.25,25.001
43.723,0.25,25.001
43.724,0.25,25.001
43.725,0.25,25.001
43.726,0.25,25.001
43.727,0.25,25.001
43.728,0.25,25.001
43.729,0.25,25.001
43.73,0.25,25.001
43.731,0.25,25.001
43.732,0.25,25.001
43.733,0.25,25.001
43.734,0.25,25.001
43.735,0.25,25.001
43.736,0.25,25.001
43.737,0.25,25.001
43.738,0.25,25.001
43.739,0.25,25.001
43.74,0.25,25.001
43.741,0.25,25.001
43.742,0.25,25.001
43.743,0.25,25.001
43.744,0.25,25.001
43.745,0.25,25.001
43.746,0.25,25.001
43.747,0.25,25.001
43.748,0.25,25.001
43.749,0.25,25.001
43.75,0.25,25.001
43.751,0.25,25.001
43.752,0.25,25.001
43.753,0.25,25.001
43.754,0.25,25.001
43.755,0.25,25.001
43.756,0.25,25.001
43.757,0.25,25.001
43.758,0.25,25.001
43.759,0.25,25.001
43.76,0.25,25.001
43.761,0.25,25.001
43.762,0.25,25.001
43.763,0.25,25.001
43.764,0.25,25.001
43.765,0.25,25.001
43.766,0.25,25.001
43.767,0.25,25.001
43.768,0.25,25.001
43.769,0.25,25.001
43.77,0.25,25.001
43.771,0.25,25.001
43.772,0.25,25.001
43.773,0.25,25.001
43.774,0.25,25.001
43.775,0.25,25.001
43.776,0.25,25.001
43.777,0.25,25.001
43.778,0.25,25.001
43.779,0.25,25.001
43.78,0.25,25.001
43.781,0.25,25.001
43.782,0.25,25.001
43.783,0.25,25.001
43.784,0.25,25.001
43.785,0.25,25.001
43.786,0.25,25.001
43.787,0.25,25.001
43.788,0.25,25.001
43.789,0.25,25.001
43.79,0.25,25.001
43.791,0.25,25.001
43.792,0.25,25.001
43.793,0.25,25.001
43.794,0.25,25.001
43.795,0.25,25.001
43.796,0.25,25.001
43.797,0.25,25.001
43.798,0.25,25.001
43.799,0.25,25.001
43.8,0.25,25.001
43.801,0.25,25.001
43.802,0.25,25.001
43.803,0.25,25.001
43.804,0.25,25.001
43.805,0.25,25.001
43.806,0.25,25.001
43.807,0.25,25.001
43.808,0.25,25.001
43.809,0.25,25.001
43.81,0.25,25.001
43.811,0.25,25.001
43.812,0.25,25.001
43.813,0.25,25.001
43.814,0.25,25.001
43.815,0.25,25.001
43.816,0.25,25.001
43.817,0.25,25.001
43.818,0.25,25.001
43.819,0.25,25.001
43.82,0.25,25.001
43.821,0.25,25.001
43.822,0.25,25.001
43.823,0.25,25.001
43.824,0.25,25.001
43.825,0.25,25.001
43.826,0.25,25.001
43.827,0.25,25.001
43.828,0.25,25.001
43.829,0.25,25.001
43.83,0.25,25.001
43.831,0.25,25.001
43.832,0.25,25.001
43.833,0.25,25.001
43.834,0.25,25.001
43.835,0.25,25.001
43.836,0.25,25.001
43.837,0.25,25.001
43.838,0.25,25.001
43.839,0.25,25.001
43.84,0.25,25.001
43.841,0.25,25.001
43.842,0.25,25.001
43.843,0.25,25.001
43.844,0.25,25.001
43.845,0.25,25.001
43.846,0.25,25.001
43.847,0.25,25.001
43.848,0.25,25.001
43.849,0.25,25.001
43.85,0.25,25.001
43.851,0.25,25.001
43.852,0.25,25.001
43.853,0.25,25.001
43.854,0.25,25.001
43.855,0.25,25.001
43.856,0.25,25.001
43.857,0.25,25.001
43.858,0.25,25.001
43.859,0.25,25.001
43.86,0.25,25.001
43.861,0.25,25.001
43.862,0.25,25.001
43.863,0.25,25.001
43.864,0.25,25.001
43.865,0.25,25.001
43.866,0.25,25.001
43.867,0.25,25.001
43.868,0.25,25.001
43.869,0.25,25.001
43.87,0.25,25.001
43.871,0.25,25.001
43.872,0.25,25.001
43.873,0.25,25.001
43.874,0.25,25.001
43.875,0.25,25.001
43.876,0.25,25.001
43.877,0.25,25.001
43.878,0.25,25.001
43.879,0.25,25.001
43.88,0.25,25.001
43.881,0.25,25.001
43.882,0.25,25.001
43.883,0.25,25.001
43.884,0.25,25.001
43.885,0.25,25.001
43.886,0.25,25.001
43.887,0.25,25.001
43.888,0.25,25.001
43.889,0.25,25.001
43.89,0.25,25.001
43.891,0.25,25.001
43.892,0.25,25.001
43.893,0.25,25.001
43.894,0.25,25.001
43.895,0.25,25.001
43.896,0.25,25.001
43.897,0.25,25.001
43.898,0.25,25.001
43.899,0.25,25.001
43.9,0.25,25.001
43.901,0.25,25.001
43.902,0.25,25.001
43.903,0.25,25.001
43.904,0.25,25.001
43.905,0.25,25.001
43.906,0.25,25.001
43.907,0.25,25.001
43.908,0.25,25.001
43.909,0.25,25.001
43.91,0.25,25.001
43.911,0.25,25.001
43.912,0.25,25.001
43.913,0.25,25.001
43.914,0.25,25.001
43.915,0.25,25.001
43.916,0.25,25.001
43.917,0.25,25.001
43.918,0.25,25.001
43.919,0.25,25.001
43.92,0.25,25.001
43.921,0.25,25.001
43.922,0.25,25.001
43.923,0.25,25.001
43.924,0.25,25.001
43.925,0.25,25.001
43.926,0.25,25.001
43.927,0.25,25.001
43.928,0.25,25.001
43.929,0.25,25.001
43.93,0.25,25.001
43.931,0.25,25.001
43.932,0.25,25.001
43.933,0.25,25.001
43.934,0.25,25.001
43.935,0.25,25.001
43.936,0.25,25.001
43.937,0.25,25.001
43.938,0.25,25.001
43.939,0.25,25.001
43.94,0.25,25.001
43.941,0.25,25.001
43.942,0.25,25.001
43.943,0.25,25.001
43.944,0.25,25.001
43.945,0.25,25.001
43.946,0.25,25.001
43.947,0.25,25.001
43.948,0.25,25.001
43.949,0.25,25.001
43.95,0.25,25.001
43.951,0.25,25.001
43.952,0.25,25.001
43.953,0.25,25.001
43.954,0.25,25.001
43.955,0.25,25.001
43.956,0.25,25.001
43.957,0.25,25.001
43.958,0.25,25.001
43.959,0.25,25.001
43.96,0.25,25.001
43.961,0.25,25.001
43.962,0.25,25.001
43.963,0.25,25.001
43.964,0.25,25.001
43.965,0.25,25.001
43.966,0.25,25.001
43.967,0.25,25.001
43.968,0.25,25.001
43.969,0.25,25.001
43.97,0.25,25.001
43.971,0.25,25.001
43.972,0.25,25.001
43.973,0.25,25.001
43.974,0.25,25.001
43.975,0.25,25.001
43.976,0.25,25.001
43.977,0.25,25.001
43.978,0.25,25.001
43.979,0.25,25.001
43.98,0.25,25.001
43.981,0.25,25.001
43.982,0.25,25.001
43.983,0.25,25.001
43.984,0.25,25.001
43.985,0.25,25.001
43.986,0.25,25.001
43.987,0.25,25.001
43.988,0.25,25.001
43.989,0.25,25.001
43.99,0.25,25.001
43.991,0.25,25.001
43.992,0.25,25.001
43.993,0.25,25.001
43.994,0.25,25.001
43.995,0.25,25.001
43.996,0.25,25.001
43.997,0.25,25.001
43.998,0.25,25.001
43.999,0.25,25.001
44,0.25,25.001
44.001,0.25,25.001
44.002,0.25,25.001
44.003,0.25,25.001
44.004,0.25,25.001
44.005,0.25,25.001
44.006,0.25,25.001
44.007,0.25,25.001
44.008,0.25,25.001
44.009,0.25,25.001
44.01,0.25,25.001
44.011,0.25,25.001
44.012,0.25,25.001
44.013,0.25,25.001
44.014,0.25,25.001
44.015,0.25,25.001
44.016,0.25,25.001
44.017,0.25,25.001
44.018,0.25,25.001
44.019,0.25,25.001
44.02,0.25,25.001
44.021,0.25,25.001
44.022,0.25,25.001
44.023,0.25,25.001
44.024,0.25,25.001
44.025,0.25,25.001
44.026,0.25,25.001
44.027,0.25,25.001
44.028,0.25,25.001
44.029,0.25,25.001
44.03,0.25,25.001
44.031,0.25,25.001
44.032,0.25,25.001
44.033,0.25,25.001
44.034,0.25,25.001
44.035,0.25,25.001
44.036,0.25,25.001
44.037,0.25,25.001
44.038,0.25,25.001
44.039,0.25,25.001
44.04,0.25,25.001
44.041,0.25,25.001
44.042,0.25,25.001
44.043,0.25,25.001
44.044,0.25,25.001
44.045,0.25,25.001
44.046,0.25,25.001
44.047,0.25,25.001
44.048,0.25,25.001
44.049,0.25,25.001
44.05,0.25,25.001
44.051,0.25,25.001
44.052,0.25,25.001
44.053,0.25,25.001
44.054,0.25,25.001
44.055,0.25,25.001
44.056,0.25,25.001
44.057,0.25,25.001
44.058,0.25,25.001
44.059,0.25,25.001
44.06,0.25,25.001
44.061,0.25,25.001
44.062,0.25,25.001
44.063,0.25,25.001
44.064,0.25,25.001
44.065,0.25,25.001
44.066,0.25,25.001
44.067,0.25,25.001
44.068,0.25,25.001
44.069,0.25,25.001
44.07,0.25,25.001
44.071,0.25,25.001
44.072,0.25,25.001
44.073,0.25,25.001
44.074,0.25,25.001
44.075,0.25,25.001
44.076,0.25,25.001
44.077,0.25,25.001
44.078,0.25,25.001
44.079,0.25,25.001
44.08,0.25,25.001
44.081,0.25,25.001
44.082,0.25,25.001
44.083,0.25,25.001
44.084,0.25,25.001
44.085,0.25,25.001
44.086,0.25,25.001
44.087,0.25,25.001
44.088,0.25,25.001
44.089,0.25,25.001
44.09,0.25,25.001
44.091,0.25,25.001
44.092,0.25,25.001
44.093,0.25,25.001
44.094,0.25,25.001
44.095,0.25,25.001
44.096,0.25,25.001
44.097,0.25,25.001
44.098,0.25,25.001
44.099,0.25,25.001
44.1,0.25,25.001
44.101,0.25,25.001
44.102,0.25,25.001
44.103,0.25,25.001
44.104,0.25,25.001
44.105,0.25,25.001
44.106,0.25,25.001
44.107,0.25,25.001
44.108,0.25,25.001
44.109,0.25,25.001
44.11,0.25,25.001
44.111,0.25,25.001
44.112,0.25,25.001
44.113,0.25,25.001
44.114,0.25,25.001
44.115,0.25,25.001
44.116,0.25,25.001
44.117,0.25,25.001
44.118,0.25,25.001
44.119,0.25,25.001
44.12,0.25,25.001
44.121,0.25,25.001
44.122,0.25,25.001
44.123,0.25,25.001
44.124,0.25,25.001
44.125,0.25,25.001
44.126,0.25,25.001
44.127,0.25,25.001
44.128,0.25,25.001
44.129,0.25,25.001
44.13,0.25,25.001
44.131,0.25,25.001
44.132,0.25,25.001
44.133,0.25,25.001
44.134,0.25,25.001
44.135,0.25,25.001
44.136,0.25,25.001
44.137,0.25,25.001
44.138,0.25,25.001
44.139,0.25,25.001
44.14,0.25,25.001
44.141,0.25,25.001
44.142,0.25,25.001
44.143,0.25,25.001
44.144,0.25,25.001
44.145,0.25,25.001
44.146,0.25,25.001
44.147,0.25,25.001
44.148,0.25,25.001
44.149,0.25,25.001
44.15,0.25,25.001
44.151,0.25,25.001
44.152,0.25,25.001
44.153,0.25,25.001
44.154,0.25,25.001
44.155,0.25,25.001
44.156,0.25,25.001
44.157,0.25,25.001
44.158,0.25,25.001
44.159,0.25,25.001
44.16,0.25,25.001
44.161,0.25,25.001
44.162,0.25,25.001
44.163,0.25,25.001
44.164,0.25,25.001
44.165,0.25,25.001
44.166,0.25,25.001
44.167,0.25,25.001
44.168,0.25,25.001
44.169,0.25,25.001
44.17,0.25,25.001
44.171,0.25,25.001
44.172,0.25,25.001
44.173,0.25,25.001
44.174,0.25,25.001
44.175,0.25,25.001
44.176,0.25,25.001
44.177,0.25,25.001
44.178,0.25,25.001
44.179,0.25,25.001
44.18,0.25,25.001
44.181,0.25,25.001
44.182,0.25,25.001
44.183,0.25,25.001
44.184,0.25,25.001
44.185,0.25,25.001
44.186,0.25,25.001
44.187,0.25,25.001
44.188,0.25,25.001
44.189,0.25,25.001
44.19,0.25,25.001
44.191,0.25,25.001
44.192,0.25,25.001
44.193,0.25,25.001
44.194,0.25,25.001
44.195,0.25,25.001
44.196,0.25,25.001
44.197,0.25,25.001
44.198,0.25,25.001
44.199,0.25,25.001
44.2,0.25,25.001
44.201,0.25,25.001
44.202,0.25,25.001
44.203,0.25,25.001
44.204,0.25,25.001
44.205,0.25,25.001
44.206,0.25,25.001
44.207,0.25,25.001
44.208,0.25,25.001
44.209,0.25,25.001
44.21,0.25,25.001
44.211,0.25,25.001
44.212,0.25,25.001
44.213,0.25,25.001
44.214,0.25,25.001
44.215,0.25,25.001
44.216,0.25,25.001
44.217,0.25,25.001
44.218,0.25,25.001
44.219,0.25,25.001
44.22,0.25,25.001
44.221,0.25,25.001
44.222,0.25,25.001
44.223,0.25,25.001
44.224,0.25,25.001
44.225,0.25,25.001
44.226,0.25,25.001
44.227,0.25,25.001
44.228,0.25,25.001
44.229,0.25,25.001
44.23,0.25,25.001
44.231,0.25,25.001
44.232,0.25,25.001
44.233,0.25,25.001
44.234,0.25,25.001
44.235,0.25,25.001
44.236,0.25,25.001
44.237,0.25,25.001
44.238,0.25,25.001
44.239,0.25,25.001
44.24,0.25,25.001
44.241,0.25,25.001
44.242,0.25,25.001
44.243,0.25,25.001
44.244,0.25,25.001
44.245,0.25,25.001
44.246,0.25,25.001
44.247,0.25,25.001
44.248,0.25,25.001
44.249,0.25,25.001
44.25,0.25,25.001
44.251,0.25,25.001
44.252,0.25,25.001
44.253,0.25,25.001
44.254,0.25,25.001
44.255,0.25,25.001
44.256,0.25,25.001
44.257,0.25,25.001
44.258,0.25,25.001
44.259,0.25,25.001
44.26,0.25,25.001
44.261,0.25,25.001
44.262,0.25,25.001
44.263,0.25,25.001
44.264,0.25,25.001
44.265,0.25,25.001
44.266,0.25,25.001
44.267,0.25,25.001
44.268,0.25,25.001
44.269,0.25,25.001
44.27,0.25,25.001
44.271,0.25,25.001
44.272,0.25,25.001
44.273,0.25,25.001
44.274,0.25,25.001
44.275,0.25,25.001
44.276,0.25,25.001
44.277,0.25,25.001
44.278,0.25,25.001
44.279,0.25,25.001
44.28,0.25,25.001
44.281,0.25,25.001
44.282,0.25,25.001
44.283,0.25,25.001
44.284,0.25,25.001
44.285,0.25,25.001
44.286,0.25,25.001
44.287,0.25,25.001
44.288,0.25,25.001
44.289,0.25,25.001
44.29,0.25,25.001
44.291,0.25,25.001
44.292,0.25,25.001
44.293,0.25,25.001
44.294,0.25,25.001
44.295,0.25,25.001
44.296,0.25,25.001
44.297,0.25,25.001
44.298,0.25,25.001
44.299,0.25,25.001
44.3,0.25,25.001
44.301,0.25,25.001
44.302,0.25,25.001
44.303,0.25,25.001
44.304,0.25,25.001
44.305,0.25,25.001
44.306,0.25,25.001
44.307,0.25,25.001
44.308,0.25,25.001
44.309,0.25,25.001
44.31,0.25,25.001
44.311,0.25,25.001
44.312,0.25,25.001
44.313,0.25,25.001
44.314,0.25,25.001
44.315,0.25,25.001
44.316,0.25,25.001
44.317,0.25,25.001
44.318,0.25,25.001
44.319,0.25,25.001
44.32,0.25,25.001
44.321,0.25,25.001
44.322,0.25,25.001
44.323,0.25,25.001
44.324,0.25,25.001
44.325,0.25,25.001
44.326,0.25,25.001
44.327,0.25,25.001
44.328,0.25,25.001
44.329,0.25,25.001
44.33,0.25,25.001
44.331,0.25,25.001
44.332,0.25,25.001
44.333,0.25,25.001
44.334,0.25,25.001
44.335,0.25,25.001
44.336,0.25,25.001
44.337,0.25,25.001
44.338,0.25,25.001
44.339,0.25,25.001
44.34,0.25,25.001
44.341,0.25,25.001
44.342,0.25,25.001
44.343,0.25,25.001
44.344,0.25,25.001
44.345,0.25,25.001
44.346,0.25,25.001
44.347,0.25,25.001
44.348,0.25,25.001
44.349,0.25,25.001
44.35,0.25,25.001
44.351,0.25,25.001
44.352,0.25,25.001
44.353,0.25,25.001
44.354,0.25,25.001
44.355,0.25,25.001
44.356,0.25,25.001
44.357,0.25,25.001
44.358,0.25,25.001
44.359,0.25,25.001
44.36,0.25,25.001
44.361,0.25,25.001
44.362,0.25,25.001
44.363,0.25,25.001
44.364,0.25,25.001
44.365,0.25,25.001
44.366,0.25,25.001
44.367,0.25,25.001
44.368,0.25,25.001
44.369,0.25,25.001
44.37,0.25,25.001
44.371,0.25,25.001
44.372,0.25,25.001
44.373,0.25,25.001
44.374,0.25,25.001
44.375,0.25,25.001
44.376,0.25,25.001
44.377,0.25,25.001
44.378,0.25,25.001
44.379,0.25,25.001
44.38,0.25,25.001
44.381,0.25,25.001
44.382,0.25,25.001
44.383,0.25,25.001
44.384,0.25,25.001
44.385,0.25,25.001
44.386,0.25,25.001
44.387,0.25,25.001
44.388,0.25,25.001
44.389,0.25,25.001
44.39,0.25,25.001
44.391,0.25,25.001
44.392,0.25,25.001
44.393,0.25,25.001
44.394,0.25,25.001
44.395,0.25,25.001
44.396,0.25,25.001
44.397,0.25,25.001
44.398,0.25,25.001
44.399,0.25,25.001
44.4,0.25,25.001
44.401,0.25,25.001
44.402,0.25,25.001
44.403,0.25,25.001
44.404,0.25,25.001
44.405,0.25,25.001
44.406,0.25,25.001
44.407,0.25,25.001
44.408,0.25,25.001
44.409,0.25,25.001
44.41,0.25,25.001
44.411,0.25,25.001
44.412,0.25,25.001
44.413,0.25,25.001
44.414,0.25,25.001
44.415,0.25,25.001
44.416,0.25,25.001
44.417,0.25,25.001
44.418,0.25,25.001
44.419,0.25,25.001
44.42,0.25,25.001
44.421,0.25,25.001
44.422,0.25,25.001
44.423,0.25,25.001
44.424,0.25,25.001
44.425,0.25,25.001
44.426,0.25,25.001
44.427,0.25,25.001
44.428,0.25,25.001
44.429,0.25,25.001
44.43,0.25,25.001
44.431,0.25,25.001
44.432,0.25,25.001
44.433,0.25,25.001
44.434,0.25,25.001
44.435,0.25,25.001
44.436,0.25,25.001
44.437,0.25,25.001
44.438,0.25,25.001
44.439,0.25,25.001
44.44,0.25,25.001
44.441,0.25,25.001
44.442,0.25,25.001
44.443,0.25,25.001
44.444,0.25,25.001
44.445,0.25,25.001
44.446,0.25,25.001
44.447,0.25,25.001
44.448,0.25,25.001
44.449,0.25,25.001
44.45,0.25,25.001
44.451,0.25,25.001
44.452,0.25,25.001
44.453,0.25,25.001
44.454,0.25,25.001
44.455,0.25,25.001
44.456,0.25,25.001
44.457,0.25,25.001
44.458,0.25,25.001
44.459,0.25,25.001
44.46,0.25,25.001
44.461,0.25,25.001
44.462,0.25,25.001
44.463,0.25,25.001
44.464,0.25,25.001
44.465,0.25,25.001
44.466,0.25,25.001
44.467,0.25,25.001
44.468,0.25,25.001
44.469,0.25,25.001
44.47,0.25,25.001
44.471,0.25,25.001
44.472,0.25,25.001
44.473,0.25,25.001
44.474,0.25,25.001
44.475,0.25,25.001
44.476,0.25,25.001
44.477,0.25,25.001
44.478,0.25,25.001
44.479,0.25,25.001
44.48,0.25,25.001
44.481,0.25,25.001
44.482,0.25,25.001
44.483,0.25,25.001
44.484,0.25,25.001
44.485,0.25,25.001
44.486,0.25,25.001
44.487,0.25,25.001
44.488,0.25,25.001
44.489,0.25,25.001
44.49,0.25,25.001
44.491,0.25,25.001
44.492,0.25,25.001
44.493,0.25,25.001
44.494,0.25,25.001
44.495,0.25,25.001
44.496,0.25,25.001
44.497,0.25,25.001
44.498,0.25,25.001
44.499,0.25,25.001
44.5,0.25,25.001
44.501,0.25,25.001
44.502,0.25,25.001
44.503,0.25,25.001
44.504,0.25,25.001
44.505,0.25,25.001
44.506,0.25,25.001
44.507,0.25,25.001
44.508,0.25,25.001
44.509,0.25,25.001
44.51,0.25,25.001
44.511,0.25,25.001
44.512,0.25,25.001
44.513,0.25,25.001
44.514,0.25,25.001
44.515,0.25,25.001
44.516,0.25,25.001
44.517,0.25,25.001
44.518,0.25,25.001
44.519,0.25,25.001
44.52,0.25,25.001
44.521,0.25,25.001
44.522,0.25,25.001
44.523,0.25,25.001
44.524,0.25,25.001
44.525,0.25,25.001
44.526,0.25,25.001
44.527,0.25,25.001
44.528,0.25,25.001
44.529,0.25,25.001
44.53,0.25,25.001
44.531,0.25,25.001
44.532,0.25,25.001
44.533,0.25,25.001
44.534,0.25,25.001
44.535,0.25,25.001
44.536,0.25,25.001
44.537,0.25,25.001
44.538,0.25,25.001
44.539,0.25,25.001
44.54,0.25,25.001
44.541,0.25,25.001
44.542,0.25,25.001
44.543,0.25,25.001
44.544,0.25,25.001
44.545,0.25,25.001
44.546,0.25,25.001
44.547,0.25,25.001
44.548,0.25,25.001
44.549,0.25,25.001
44.55,0.25,25.001
44.551,0.25,25.001
44.552,0.25,25.001
44.553,0.25,25.001
44.554,0.25,25.001
44.555,0.25,25.001
44.556,0.25,25.001
44.557,0.25,25.001
44.558,0.25,25.001
44.559,0.25,25.001
44.56,0.25,25.001
44.561,0.25,25.001
44.562,0.25,25.001
44.563,0.25,25.001
44.564,0.25,25.001
44.565,0.25,25.001
44.566,0.25,25.001
44.567,0.25,25.001
44.568,0.25,25.001
44.569,0.25,25.001
44.57,0.25,25.001
44.571,0.25,25.001
44.572,0.25,25.001
44.573,0.25,25.001
44.574,0.25,25.001
44.575,0.25,25.001
44.576,0.25,25.001
44.577,0.25,25.001
44.578,0.25,25.001
44.579,0.25,25.001
44.58,0.25,25.001
44.581,0.25,25.001
44.582,0.25,25.001
44.583,0.25,25.001
44.584,0.25,25.001
44.585,0.25,25.001
44.586,0.25,25.001
44.587,0.25,25.001
44.588,0.25,25.001
44.589,0.25,25.001
44.59,0.25,25.001
44.591,0.25,25.001
44.592,0.25,25.001
44.593,0.25,25.001
44.594,0.25,25.001
44.595,0.25,25.001
44.596,0.25,25.001
44.597,0.25,25.001
44.598,0.25,25.001
44.599,0.25,25.001
44.6,0.25,25.001
44.601,0.25,25.001
44.602,0.25,25.001
44.603,0.25,25.001
44.604,0.25,25.001
44.605,0.25,25.001
44.606,0.25,25.001
44.607,0.25,25.001
44.608,0.25,25.001
44.609,0.25,25.001
44.61,0.25,25.001
44.611,0.25,25.001
44.612,0.25,25.001
44.613,0.25,25.001
44.614,0.25,25.001
44.615,0.25,25.001
44.616,0.25,25.001
44.617,0.25,25.001
44.618,0.25,25.001
44.619,0.25,25.001
44.62,0.25,25.001
44.621,0.25,25.001
44.622,0.25,25.001
44.623,0.25,25.001
44.624,0.25,25.001
44.625,0.25,25.001
44.626,0.25,25.001
44.627,0.25,25.001
44.628,0.25,25.001
44.629,0.25,25.001
44.63,0.25,25.001
44.631,0.25,25.001
44.632,0.25,25.001
44.633,0.25,25.001
44.634,0.25,25.001
44.635,0.25,25.001
44.636,0.25,25.001
44.637,0.25,25.001
44.638,0.25,25.001
44.639,0.25,25.001
44.64,0.25,25.001
44.641,0.25,25.001
44.642,0.25,25.001
44.643,0.25,25.001
44.644,0.25,25.001
44.645,0.25,25.001
44.646,0.25,25.001
44.647,0.25,25.001
44.648,0.25,25.001
44.649,0.25,25.001
44.65,0.25,25.001
44.651,0.25,25.001
44.652,0.25,25.001
44.653,0.25,25.001
44.654,0.25,25.001
44.655,0.25,25.001
44.656,0.25,25.001
44.657,0.25,25.001
44.658,0.25,25.001
44.659,0.25,25.001
44.66,0.25,25.001
44.661,0.25,25.001
44.662,0.25,25.001
44.663,0.25,25.001
44.664,0.25,25.001
44.665,0.25,25.001
44.666,0.25,25.001
44.667,0.25,25.001
44.668,0.25,25.001
44.669,0.25,25.001
44.67,0.25,25.001
44.671,0.25,25.001
44.672,0.25,25.001
44.673,0.25,25.001
44.674,0.25,25.001
44.675,0.25,25.001
44.676,0.25,25.001
44.677,0.25,25.001
44.678,0.25,25.001
44.679,0.25,25.001
44.68,0.25,25.001
44.681,0.25,25.001
44.682,0.25,25.001
44.683,0.25,25.001
44.684,0.25,25.001
44.685,0.25,25.001
44.686,0.25,25.001
44.687,0.25,25.001
44.688,0.25,25.001
44.689,0.25,25.001
44.69,0.25,25.001
44.691,0.25,25.001
44.692,0.25,25.001
44.693,0.25,25.001
44.694,0.25,25.001
44.695,0.25,25.001
44.696,0.25,25.001
44.697,0.25,25.001
44.698,0.25,25.001
44.699,0.25,25.001
44.7,0.25,25.001
44.701,0.25,25.001
44.702,0.25,25.001
44.703,0.25,25.001
44.704,0.25,25.001
44.705,0.25,25.001
44.706,0.25,25.001
44.707,0.25,25.001
44.708,0.25,25.001
44.709,0.25,25.001
44.71,0.25,25.001
44.711,0.25,25.001
44.712,0.25,25.001
44.713,0.25,25.001
44.714,0.25,25.001
44.715,0.25,25.001
44.716,0.25,25.001
44.717,0.25,25.001
44.718,0.25,25.001
44.719,0.25,25.001
44.72,0.25,25.001
44.721,0.25,25.001
44.722,0.25,25.001
44.723,0.25,25.001
44.724,0.25,25.001
44.725,0.25,25.001
44.726,0.25,25.001
44.727,0.25,25.001
44.728,0.25,25.001
44.729,0.25,25.001
44.73,0.25,25.001
44.731,0.25,25.001
44.732,0.25,25.001
44.733,0.25,25.001
44.734,0.25,25.001
44.735,0.25,25.001
44.736,0.25,25.001
44.737,0.25,25.001
44.738,0.25,25.001
44.739,0.25,25.001
44.74,0.25,25.001
44.741,0.25,25.001
44.742,0.25,25.001
44.743,0.25,25.001
44.744,0.25,25.001
44.745,0.25,25.001
44.746,0.25,25.001
44.747,0.25,25.001
44.748,0.25,25.001
44.749,0.25,25.001
44.75,0.25,25.001
44.751,0.25,25.001
44.752,0.25,25.001
44.753,0.25,25.001
44.754,0.25,25.001
44.755,0.25,25.001
44.756,0.25,25.001
44.757,0.25,25.001
44.758,0.25,25.001
44.759,0.25,25.001
44.76,0.25,25.001
44.761,0.25,25.001
44.762,0.25,25.001
44.763,0.25,25.001
44.764,0.25,25.001
44.765,0.25,25.001
44.766,0.25,25.001
44.767,0.25,25.001
44.768,0.25,25.001
44.769,0.25,25.001
44.77,0.25,25.001
44.771,0.25,25.001
44.772,0.25,25.001
44.773,0.25,25.001
44.774,0.25,25.001
44.775,0.25,25.001
44.776,0.25,25.001
44.777,0.25,25.001
44.778,0.25,25.001
44.779,0.25,25.001
44.78,0.25,25.001
44.781,0.25,25.001
44.782,0.25,25.001
44.783,0.25,25.001
44.784,0.25,25.001
44.785,0.25,25.001
44.786,0.25,25.001
44.787,0.25,25.001
44.788,0.25,25.001
44.789,0.25,25.001
44.79,0.25,25.001
44.791,0.25,25.001
44.792,0.25,25.001
44.793,0.25,25.001
44.794,0.25,25.001
44.795,0.25,25.001
44.796,0.25,25.001
44.797,0.25,25.001
44.798,0.25,25.001
44.799,0.25,25.001
44.8,0.25,25.001
44.801,0.25,25.001
44.802,0.25,25.001
44.803,0.25,25.001
44.804,0.25,25.001
44.805,0.25,25.001
44.806,0.25,25.001
44.807,0.25,25.001
44.808,0.25,25.001
44.809,0.25,25.001
44.81,0.25,25.001
44.811,0.25,25.001
44.812,0.25,25.001
44.813,0.25,25.001
44.814,0.25,25.001
44.815,0.25,25.001
44.816,0.25,25.001
44.817,0.25,25.001
44.818,0.25,25.001
44.819,0.25,25.001
44.82,0.25,25.001
44.821,0.25,25.001
44.822,0.25,25.001
44.823,0.25,25.001
44.824,0.25,25.001
44.825,0.25,25.001
44.826,0.25,25.001
44.827,0.25,25.001
44.828,0.25,25.001
44.829,0.25,25.001
44.83,0.25,25.001
44.831,0.25,25.001
44.832,0.25,25.001
44.833,0.25,25.001
44.834,0.25,25.001
44.835,0.25,25.001
44.836,0.25,25.001
44.837,0.25,25.001
44.838,0.25,25.001
44.839,0.25,25.001
44.84,0.25,25.001
44.841,0.25,25.001
44.842,0.25,25.001
44.843,0.25,25.001
44.844,0.25,25.001
44.845,0.25,25.001
44.846,0.25,25.001
44.847,0.25,25.001
44.848,0.25,25.001
44.849,0.25,25.001
44.85,0.25,25.001
44.851,0.25,25.001
44.852,0.25,25.001
44.853,0.25,25.001
44.854,0.25,25.001
44.855,0.25,25.001
44.856,0.25,25.001
44.857,0.25,25.001
44.858,0.25,25.001
44.859,0.25,25.001
44.86,0.25,25.001
44.861,0.25,25.001
44.862,0.25,25.001
44.863,0.25,25.001
44.864,0.25,25.001
44.865,0.25,25.001
44.866,0.25,25.001
44.867,0.25,25.001
44.868,0.25,25.001
44.869,0.25,25.001
44.87,0.25,25.001
44.871,0.25,25.001
44.872,0.25,25.001
44.873,0.25,25.001
44.874,0.25,25.001
44.875,0.25,25.001
44.876,0.25,25.001
44.877,0.25,25.001
44.878,0.25,25.001
44.879,0.25,25.001
44.88,0.25,25.001
44.881,0.25,25.001
44.882,0.25,25.001
44.883,0.25,25.001
44.884,0.25,25.001
44.885,0.25,25.001
44.886,0.25,25.001
44.887,0.25,25.001
44.888,0.25,25.001
44.889,0.25,25.001
44.89,0.25,25.001
44.891,0.25,25.001
44.892,0.25,25.001
44.893,0.25,25.001
44.894,0.25,25.001
44.895,0.25,25.001
44.896,0.25,25.001
44.897,0.25,25.001
44.898,0.25,25.001
44.899,0.25,25.001
44.9,0.25,25.001
44.901,0.25,25.001
44.902,0.25,25.001
44.903,0.25,25.001
44.904,0.25,25.001
44.905,0.25,25.001
44.906,0.25,25.001
44.907,0.25,25.001
44.908,0.25,25.001
44.909,0.25,25.001
44.91,0.25,25.001
44.911,0.25,25.001
44.912,0.25,25.001
44.913,0.25,25.001
44.914,0.25,25.001
44.915,0.25,25.001
44.916,0.25,25.001
44.917,0.25,25.001
44.918,0.25,25.001
44.919,0.25,25.001
44.92,0.25,25.001
44.921,0.25,25.001
44.922,0.25,25.001
44.923,0.25,25.001
44.924,0.25,25.001
44.925,0.25,25.001
44.926,0.25,25.001
44.927,0.25,25.001
44.928,0.25,25.001
44.929,0.25,25.001
44.93,0.25,25.001
44.931,0.25,25.001
44.932,0.25,25.001
44.933,0.25,25.001
44.934,0.25,25.001
44.935,0.25,25.001
44.936,0.25,25.001
44.937,0.25,25.001
44.938,0.25,25.001
44.939,0.25,25.001
44.94,0.25,25.001
44.941,0.25,25.001
44.942,0.25,25.001
44.943,0.25,25.001
44.944,0.25,25.001
44.945,0.25,25.001
44.946,0.25,25.001
44.947,0.25,25.001
44.948,0.25,25.001
44.949,0.25,25.001
44.95,0.25,25.001
44.951,0.25,25.001
44.952,0.25,25.001
44.953,0.25,25.001
44.954,0.25,25.001
44.955,0.25,25.001
44.956,0.25,25.001
44.957,0.25,25.001
44.958,0.25,25.001
44.959,0.25,25.001
44.96,0.25,25.001
44.961,0.25,25.001
44.962,0.25,25.001
44.963,0.25,25.001
44.964,0.25,25.001
44.965,0.25,25.001
44.966,0.25,25.001
44.967,0.25,25.001
44.968,0.25,25.001
44.969,0.25,25.001
44.97,0.25,25.001
44.971,0.25,25.001
44.972,0.25,25.001
44.973,0.25,25.001
44.974,0.25,25.001
44.975,0.25,25.001
44.976,0.25,25.001
44.977,0.25,25.001
44.978,0.25,25.001
44.979,0.25,25.001
44.98,0.25,25.001
44.981,0.25,25.001
44.982,0.25,25.001
44.983,0.25,25.001
44.984,0.25,25.001
44.985,0.25,25.001
44.986,0.25,25.001
44.987,0.25,25.001
44.988,0.25,25.001
44.989,0.25,25.001
44.99,0.25,25.001
44.991,0.25,25.001
44.992,0.25,25.001
44.993,0.25,25.001
44.994,0.25,25.001
44.995,0.25,25.001
44.996,0.25,25.001
44.997,0.25,25.001
44.998,0.25,25.001
44.999,0.25,25.001
45,0.25,25.001
