0,0,1
0.001,0,1
0.002,0,1
0.003,0,1
0.004,0,1
0.005,0,1
0.006,0,1
0.007,0,1
0.008,0,1
0.009,0,1
0.01,0,1
0.011,0,1
0.012,0,1
0.013,0,1
0.014,0,1
0.015,0,1
0.016,0,1
0.017,0,1
0.018,0,1
0.019,0,1
0.02,0,1
0.021,0,1
0.022,0,1
0.023,0,1
0.024,0,1
0.025,0,1
0.026,0,1
0.027,0,1
0.028,0,1
0.029,0,1
0.03,0,1
0.031,0,1
0.032,0,1
0.033,0,1
0.034,0,1
0.035,0,1
0.036,0,1
0.037,0,1
0.038,0,1
0.039,0,1
0.04,0,1
0.041,0,1
0.042,0,1
0.043,0,1
0.044,0,1
0.045,0,1
0.046,0,1
0.047,0,1
0.048,0,1
0.049,0,1
0.05,0,1
0.051,0,1
0.052,0,1
0.053,0,1
0.054,0,1
0.055,0,1
0.056,0,1
0.057,0,1
0.058,0,1
0.059,0,1
0.06,0,1
0.061,0,1
0.062,0,1
0.063,0,1
0.064,0,1
0.065,0,1
0.066,0,1
0.067,0,1
0.068,0,1
0.069,0,1
0.07,0,1
0.071,0,1
0.072,0,1
0.073,0,1
0.074,0,1
0.075,0,1
0.076,0,1
0.077,0,1
0.078,0,1
0.079,0,1
0.08,0,1
0.081,0,1
0.082,0,1
0.083,0,1
0.084,0,1
0.085,0,1
0.086,0,1
0.087,0,1
0.088,0,1
0.089,0,1
0.09,0,1
0.091,0,1
0.092,0,1
0.093,0,1
0.094,0,1
0.095,0,1
0.096,0,1
0.097,0,1
0.098,0,1
0.099,0,1
0.1,0,1
0.101,0,1
0.102,0,1
0.103,0,1
0.104,0,1
0.105,0,1
0.106,0,1
0.107,0,1
0.108,0,1
0.109,0,1
0.11,0,1
0.111,0,1
0.112,0,1
0.113,0,1
0.114,0,1
0.115,0,1
0.116,0,1
0.117,0,1
0.118,0,1
0.119,0,1
0.12,0,1
0.121,0,1
0.122,0,1
0.123,0,1
0.124,0,1
0.125,0,1
0.126,0,1
0.127,0,1
0.128,0,1
0.129,0,1
0.13,0,1
0.131,0,1
0.132,0,1
0.133,0,1
0.134,0,1
0.135,0,1
0.136,0,1
0.137,0,1
0.138,0,1
0.139,0,1
0.14,0,1
0.141,0,1
0.142,0,1
0.143,0,1
0.144,0,1
0.145,0,1
0.146,0,1
0.147,0,1
0.148,0,1
0.149,0,1
0.15,0,1
0.151,0,1
0.152,0,1
0.153,0,1
0.154,0,1
0.155,0,1
0.156,0,1
0.157,0,1
0.158,0,1
0.159,0,1
0.16,0,1
0.161,0,1
0.162,0,1
0.163,0,1
0.164,0,1
0.165,0,1
0.166,0,1
0.167,0,1
0.168,0,1
0.169,0,1
0.17,0,1
0.171,0,1
0.172,0,1
0.173,0,1
0.174,0,1
0.175,0,1
0.176,0,1
0.177,0,1
0.178,0,1
0.179,0,1
0.18,0,1
0.181,0,1
0.182,0,1
0.183,0,1
0.184,0,1
0.185,0,1
0.186,0,1
0.187,0,1
0.188,0,1
0.189,0,1
0.19,0,1
0.191,0,1
0.192,0,1
0.193,0,1
0.194,0,1
0.195,0,1
0.196,0,1
0.197,0,1
0.198,0,1
0.199,0,1
0.2,0,1
0.201,0,1
0.202,0,1
0.203,0,1
0.204,0,1
0.205,0,1
0.206,0,1
0.207,0,1
0.208,0,1
0.209,0,1
0.21,0,1
0.211,0,1
0.212,0,1
0.213,0,1
0.214,0,1
0.215,0,1
0.216,0,1
0.217,0,1
0.218,0,1
0.219,0,1
0.22,0,1
0.221,0,1
0.222,0,1
0.223,0,1
0.224,0,1
0.225,0,1
0.226,0,1
0.227,0,1
0.228,0,1
0.229,0,1
0.23,0,1
0.231,0,1
0.232,0,1
0.233,0,1
0.234,0,1
0.235,0,1
0.236,0,1
0.237,0,1
0.238,0,1
0.239,0,1
0.24,0,1
0.241,0,1
0.242,0,1
0.243,0,1
0.244,0,1
0.245,0,1
0.246,0,1
0.247,0,1
0.248,0,1
0.249,0,1
0.25,0,1
0.251,0,1
0.252,0,1
0.253,0,1
0.254,0,1
0.255,0,1
0.256,0,1
0.257,0,1
0.258,0,1
0.259,0,1
0.26,0,1
0.261,0,1
0.262,0,1
0.263,0,1
0.264,0,1
0.265,0,1
0.266,0,1
0.267,0,1
0.268,0,1
0.269,0,1
0.27,0,1
0.271,0,1
0.272,0,1
0.273,0,1
0.274,0,1
0.275,0,1
0.276,0,1
0.277,0,1
0.278,0,1
0.279,0,1
0.28,0,1
0.281,0,1
0.282,0,1
0.283,0,1
0.284,0,1
0.285,0,1
0.286,0,1
0.287,0,1
0.288,0,1
0.289,0,1
0.29,0,1
0.291,0,1
0.292,0,1
0.293,0,1
0.294,0,1
0.295,0,1
0.296,0,1
0.297,0,1
0.298,0,1
0.299,0,1
0.3,0,1
0.301,0,1
0.302,0,1
0.303,0,1
0.304,0,1
0.305,0,1
0.306,0,1
0.307,0,1
0.308,0,1
0.309,0,1
0.31,0,1
0.311,0,1
0.312,0,1
0.313,0,1
0.314,0,1
0.315,0,1
0.316,0,1
0.317,0,1
0.318,0,1
0.319,0,1
0.32,0,1
0.321,0,1
0.322,0,1
0.323,0,1
0.324,0,1
0.325,0,1
0.326,0,1
0.327,0,1
0.328,0,1
0.329,0,1
0.33,0,1
0.331,0,1
0.332,0,1
0.333,0,1
0.334,0,1
0.335,0,1
0.336,0,1
0.337,0,1
0.338,0,1
0.339,0,1
0.34,0,1
0.341,0,1
0.342,0,1
0.343,0,1
0.344,0,1
0.345,0,1
0.346,0,1
0.347,0,1
0.348,0,1
0.349,0,1
0.35,0,1
0.351,0,1
0.352,0,1
0.353,0,1
0.354,0,1
0.355,0,1
0.356,0,1
0.357,0,1
0.358,0,1
0.359,0,1
0.36,0,1
0.361,0,1
0.362,0,1
0.363,0,1
0.364,0,1
0.365,0,1
0.366,0,1
0.367,0,1
0.368,0,1
0.369,0,1
0.37,0,1
0.371,0,1
0.372,0,1
0.373,0,1
0.374,0,1
0.375,0,1
0.376,0,1
0.377,0,1
0.378,0,1
0.379,0,1
0.38,0,1
0.381,0,1
0.382,0,1
0.383,0,1
0.384,0,1
0.385,0,1
0.386,0,1
0.387,0,1
0.388,0,1
0.389,0,1
0.39,0,1
0.391,0,1
0.392,0,1
0.393,0,1
0.394,0,1
0.395,0,1
0.396,0,1
0.397,0,1
0.398,0,1
0.399,0,1
0.4,0,1
0.401,0,1
0.402,0,1
0.403,0,1
0.404,0,1
0.405,0,1
0.406,0,1
0.407,0,1
0.408,0,1
0.409,0,1
0.41,0,1
0.411,0,1
0.412,0,1
0.413,0,1
0.414,0,1
0.415,0,1
0.416,0,1
0.417,0,1
0.418,0,1
0.419,0,1
0.42,0,1
0.421,0,1
0.422,0,1
0.423,0,1
0.424,0,1
0.425,0,1
0.426,0,1
0.427,0,1
0.428,0,1
0.429,0,1
0.43,0,1
0.431,0,1
0.432,0,1
0.433,0,1
0.434,0,1
0.435,0,1
0.436,0,1
0.437,0,1
0.438,0,1
0.439,0,1
0.44,0,1
0.441,0,1
0.442,0,1
0.443,0,1
0.444,0,1
0.445,0,1
0.446,0,1
0.447,0,1
0.448,0,1
0.449,0,1
0.45,0,1
0.451,0,1
0.452,0,1
0.453,0,1
0.454,0,1
0.455,0,1
0.456,0,1
0.457,0,1
0.458,0,1
0.459,0,1
0.46,0,1
0.461,0,1
0.462,0,1
0.463,0,1
0.464,0,1
0.465,0,1
0.466,0,1
0.467,0,1
0.468,0,1
0.469,0,1
0.47,0,1
0.471,0,1
0.472,0,1
0.473,0,1
0.474,0,1
0.475,0,1
0.476,0,1
0.477,0,1
0.478,0,1
0.479,0,1
0.48,0,1
0.481,0,1
0.482,0,1
0.483,0,1
0.484,0,1
0.485,0,1
0.486,0,1
0.487,0,1
0.488,0,1
0.489,0,1
0.49,0,1
0.491,0,1
0.492,0,1
0.493,0,1
0.494,0,1
0.495,0,1
0.496,0,1
0.497,0,1
0.498,0,1
0.499,0,1
0.5,0,1
0.501,0,1
0.502,0,1
0.503,0,1
0.504,0,1
0.505,0,1
0.506,0,1
0.507,0,1
0.508,0,1
0.509,0,1
0.51,0,1
0.511,0,1
0.512,0,1
0.513,0,1
0.514,0,1
0.515,0,1
0.516,0,1
0.517,0,1
0.518,0,1
0.519,0,1
0.52,0,1
0.521,0,1
0.522,0,1
0.523,0,1
0.524,0,1
0.525,0,1
0.526,0,1
0.527,0,1
0.528,0,1
0.529,0,1
0.53,0,1
0.531,0,1
0.532,0,1
0.533,0,1
0.534,0,1
0.535,0,1
0.536,0,1
0.537,0,1
0.538,0,1
0.539,0,1
0.54,0,1
0.541,0,1
0.542,0,1
0.543,0,1
0.544,0,1
0.545,0,1
0.546,0,1
0.547,0,1
0.548,0,1
0.549,0,1
0.55,0,1
0.551,0,1
0.552,0,1
0.553,0,1
0.554,0,1
0.555,0,1
0.556,0,1
0.557,0,1
0.558,0,1
0.559,0,1
0.56,0,1
0.561,0,1
0.562,0,1
0.563,0,1
0.564,0,1
0.565,0,1
0.566,0,1
0.567,0,1
0.568,0,1
0.569,0,1
0.57,0,1
0.571,0,1
0.572,0,1
0.573,0,1
0.574,0,1
0.575,0,1
0.576,0,1
0.577,0,1
0.578,0,1
0.579,0,1
0.58,0,1
0.581,0,1
0.582,0,1
0.583,0,1
0.584,0,1
0.585,0,1
0.586,0,1
0.587,0,1
0.588,0,1
0.589,0,1
0.59,0,1
0.591,0,1
0.592,0,1
0.593,0,1
0.594,0,1
0.595,0,1
0.596,0,1
0.597,0,1
0.598,0,1
0.599,0,1
0.6,0,1
0.601,0,1
0.602,0,1
0.603,0,1
0.604,0,1
0.605,0,1
0.606,0,1
0.607,0,1
0.608,0,1
0.609,0,1
0.61,0,1
0.611,0,1
0.612,0,1
0.613,0,1
0.614,0,1
0.615,0,1
0.616,0,1
0.617,0,1
0.618,0,1
0.619,0,1
0.62,0,1
0.621,0,1
0.622,0,1
0.623,0,1
0.624,0,1
0.625,0,1
0.626,0,1
0.627,0,1
0.628,0,1
0.629,0,1
0.63,0,1
0.631,0,1
0.632,0,1
0.633,0,1
0.634,0,1
0.635,0,1
0.636,0,1
0.637,0,1
0.638,0,1
0.639,0,1
0.64,0,1
0.641,0,1
0.642,0,1
0.643,0,1
0.644,0,1
0.645,0,1
0.646,0,1
0.647,0,1
0.648,0,1
0.649,0,1
0.65,0,1
0.651,0,1
0.652,0,1
0.653,0,1
0.654,0,1
0.655,0,1
0.656,0,1
0.657,0,1
0.658,0,1
0.659,0,1
0.66,0,1
0.661,0,1
0.662,0,1
0.663,0,1
0.664,0,1
0.665,0,1
0.666,0,1
0.667,0,1
0.668,0,1
0.669,0,1
0.67,0,1
0.671,0,1
0.672,0,1
0.673,0,1
0.674,0,1
0.675,0,1
0.676,0,1
0.677,0,1
0.678,0,1
0.679,0,1
0.68,0,1
0.681,0,1
0.682,0,1
0.683,0,1
0.684,0,1
0.685,0,1
0.686,0,1
0.687,0,1
0.688,0,1
0.689,0,1
0.69,0,1
0.691,0,1
0.692,0,1
0.693,0,1
0.694,0,1
0.695,0,1
0.696,0,1
0.697,0,1
0.698,0,1
0.699,0,1
0.7,0,1
0.701,0,1
0.702,0,1
0.703,0,1
0.704,0,1
0.705,0,1
0.706,0,1
0.707,0,1
0.708,0,1
0.709,0,1
0.71,0,1
0.711,0,1
0.712,0,1
0.713,0,1
0.714,0,1
0.715,0,1
0.716,0,1
0.717,0,1
0.718,0,1
0.719,0,1
0.72,0,1
0.721,0,1
0.722,0,1
0.723,0,1
0.724,0,1
0.725,0,1
0.726,0,1
0.727,0,1
0.728,0,1
0.729,0,1
0.73,0,1
0.731,0,1
0.732,0,1
0.733,0,1
0.734,0,1
0.735,0,1
0.736,0,1
0.737,0,1
0.738,0,1
0.739,0,1
0.74,0,1
0.741,0,1
0.742,0,1
0.743,0,1
0.744,0,1
0.745,0,1
0.746,0,1
0.747,0,1
0.748,0,1
0.749,0,1
0.75,0,1
0.751,0,1
0.752,0,1
0.753,0,1
0.754,0,1
0.755,0,1
0.756,0,1
0.757,0,1
0.758,0,1
0.759,0,1
0.76,0,1
0.761,0,1
0.762,0,1
0.763,0,1
0.764,0,1
0.765,0,1
0.766,0,1
0.767,0,1
0.768,0,1
0.769,0,1
0.77,0,1
0.771,0,1
0.772,0,1
0.773,0,1
0.774,0,1
0.775,0,1
0.776,0,1
0.777,0,1
0.778,0,1
0.779,0,1
0.78,0,1
0.781,0,1
0.782,0,1
0.783,0,1
0.784,0,1
0.785,0,1
0.786,0,1
0.787,0,1
0.788,0,1
0.789,0,1
0.79,0,1
0.791,0,1
0.792,0,1
0.793,0,1
0.794,0,1
0.795,0,1
0.796,0,1
0.797,0,1
0.798,0,1
0.799,0,1
0.8,0,1
0.801,0,1
0.802,0,1
0.803,0,1
0.804,0,1
0.805,0,1
0.806,0,1
0.807,0,1
0.808,0,1
0.809,0,1
0.81,0,1
0.811,0,1
0.812,0,1
0.813,0,1
0.814,0,1
0.815,0,1
0.816,0,1
0.817,0,1
0.818,0,1
0.819,0,1
0.82,0,1
0.821,0,1
0.822,0,1
0.823,0,1
0.824,0,1
0.825,0,1
0.826,0,1
0.827,0,1
0.828,0,1
0.829,0,1
0.83,0,1
0.831,0,1
0.832,0,1
0.833,0,1
0.834,0,1
0.835,0,1
0.836,0,1
0.837,0,1
0.838,0,1
0.839,0,1
0.84,0,1
0.841,0,1
0.842,0,1
0.843,0,1
0.844,0,1
0.845,0,1
0.846,0,1
0.847,0,1
0.848,0,1
0.849,0,1
0.85,0,1
0.851,0,1
0.852,0,1
0.853,0,1
0.854,0,1
0.855,0,1
0.856,0,1
0.857,0,1
0.858,0,1
0.859,0,1
0.86,0,1
0.861,0,1
0.862,0,1
0.863,0,1
0.864,0,1
0.865,0,1
0.866,0,1
0.867,0,1
0.868,0,1
0.869,0,1
0.87,0,1
0.871,0,1
0.872,0,1
0.873,0,1
0.874,0,1
0.875,0,1
0.876,0,1
0.877,0,1
0.878,0,1
0.879,0,1
0.88,0,1
0.881,0,1
0.882,0,1
0.883,0,1
0.884,0,1
0.885,0,1
0.886,0,1
0.887,0,1
0.888,0,1
0.889,0,1
0.89,0,1
0.891,0,1
0.892,0,1
0.893,0,1
0.894,0,1
0.895,0,1
0.896,0,1
0.897,0,1
0.898,0,1
0.899,0,1
0.9,0,1
0.901,0,1
0.902,0,1
0.903,0,1
0.904,0,1
0.905,0,1
0.906,0,1
0.907,0,1
0.908,0,1
0.909,0,1
0.91,0,1
0.911,0,1
0.912,0,1
0.913,0,1
0.914,0,1
0.915,0,1
0.916,0,1
0.917,0,1
0.918,0,1
0.919,0,1
0.92,0,1
0.921,0,1
0.922,0,1
0.923,0,1
0.924,0,1
0.925,0,1
0.926,0,1
0.927,0,1
0.928,0,1
0.929,0,1
0.93,0,1
0.931,0,1
0.932,0,1
0.933,0,1
0.934,0,1
0.935,0,1
0.936,0,1
0.937,0,1
0.938,0,1
0.939,0,1
0.94,0,1
0.941,0,1
0.942,0,1
0.943,0,1
0.944,0,1
0.945,0,1
0.946,0,1
0.947,0,1
0.948,0,1
0.949,0,1
0.95,0,1
0.951,0,1
0.952,0,1
0.953,0,1
0.954,0,1
0.955,0,1
0.956,0,1
0.957,0,1
0.958,0,1
0.959,0,1
0.96,0,1
0.961,0,1
0.962,0,1
0.963,0,1
0.964,0,1
0.965,0,1
0.966,0,1
0.967,0,1
0.968,0,1
0.969,0,1
0.97,0,1
0.971,0,1
0.972,0,1
0.973,0,1
0.974,0,1
0.975,0,1
0.976,0,1
0.977,0,1
0.978,0,1
0.979,0,1
0.98,0,1
0.981,0,1
0.982,0,1
0.983,0,1
0.984,0,1
0.985,0,1
0.986,0,1
0.987,0,1
0.988,0,1
0.989,0,1
0.99,0,1
0.991,0,1
0.992,0,1
0.993,0,1
0.994,0,1
0.995,0,1
0.996,0,1
0.997,0,1
0.998,0,1
0.999,0,1
1,0,1
1.001,2.99999999999967e-05,0.00099999999999989
1.002,6e-05,0.00099999999999989
1.003,8.99999999999967e-05,0.00100000000000011
1.004,0.00012,0.00099999999999989
1.005,0.000149999999999997,0.00100000000000011
1.006,0.00018,0.00099999999999989
1.007,0.000209999999999997,0.00100000000000011
1.008,0.00024,0.00099999999999989
1.009,0.000269999999999997,0.00100000000000011
1.01,0.0003,0.00099999999999989
1.011,0.000329999999999997,0.00100000000000011
1.012,0.00036,0.00099999999999989
1.013,0.000389999999999997,0.00100000000000011
1.014,0.00042,0.00099999999999989
1.015,0.000449999999999997,0.00100000000000011
1.016,0.00048,0.00099999999999989
1.017,0.000509999999999997,0.00100000000000011
1.018,0.00054,0.00099999999999989
1.019,0.000569999999999997,0.00100000000000011
1.02,0.0006,0.00099999999999989
1.021,0.000629999999999997,0.00100000000000011
1.022,0.000660000000000001,0.00099999999999989
1.023,0.000689999999999997,0.00100000000000011
1.024,0.000720000000000001,0.00099999999999989
1.025,0.000749999999999997,0.00100000000000011
1.026,0.000780000000000001,0.00099999999999989
1.027,0.000809999999999997,0.00100000000000011
1.028,0.000840000000000001,0.00099999999999989
1.029,0.000869999999999997,0.00100000000000011
1.03,0.000900000000000001,0.00099999999999989
1.031,0.000929999999999997,0.00100000000000011
1.032,0.000960000000000001,0.00099999999999989
1.033,0.000989999999999998,0.00100000000000011
1.034,0.00102,0.00099999999999989
1.035,0.00105,0.00100000000000011
1.036,0.00108,0.00099999999999989
1.037,0.00111,0.00100000000000011
1.038,0.00114,0.00099999999999989
1.039,0.00117,0.00100000000000011
1.04,0.0012,0.00099999999999989
1.041,0.00123,0.00100000000000011
1.042,0.00126,0.00099999999999989
1.043,0.00129,0.00100000000000011
1.044,0.00132,0.00099999999999989
1.045,0.00135,0.00100000000000011
1.046,0.00138,0.00099999999999989
1.047,0.00141,0.00100000000000011
1.048,0.00144,0.00099999999999989
1.049,0.00147,0.00100000000000011
1.05,0.0015,0.00099999999999989
1.051,0.00153,0.00100000000000011
1.052,0.00156,0.00099999999999989
1.053,0.00159,0.00100000000000011
1.054,0.00162,0.00099999999999989
1.055,0.00165,0.00100000000000011
1.056,0.00168,0.00099999999999989
1.057,0.00171,0.00100000000000011
1.058,0.00174,0.00099999999999989
1.059,0.00177,0.00100000000000011
1.06,0.0018,0.00099999999999989
1.061,0.00183,0.00100000000000011
1.062,0.00186,0.00099999999999989
1.063,0.00189,0.00100000000000011
1.064,0.00192,0.00099999999999989
1.065,0.00195,0.00100000000000011
1.066,0.00198,0.00099999999999989
1.067,0.00201,0.00100000000000011
1.068,0.00204,0.00099999999999989
1.069,0.00207,0.00100000000000011
1.07,0.0021,0.00099999999999989
1.071,0.00213,0.00100000000000011
1.072,0.00216,0.00099999999999989
1.073,0.00219,0.00100000000000011
1.074,0.00222,0.00099999999999989
1.075,0.00225,0.00100000000000011
1.076,0.00228,0.00099999999999989
1.077,0.00231,0.00100000000000011
1.078,0.00234,0.00099999999999989
1.079,0.00237,0.00100000000000011
1.08,0.0024,0.00099999999999989
1.081,0.00243,0.00100000000000011
1.082,0.00246,0.00099999999999989
1.083,0.00249,0.00100000000000011
1.084,0.00252,0.00099999999999989
1.085,0.00255,0.00100000000000011
1.086,0.00258,0.00099999999999989
1.087,0.00261,0.00100000000000011
1.088,0.00264,0.00099999999999989
1.089,0.00267,0.00100000000000011
1.09,0.0027,0.00099999999999989
1.091,0.00273,0.00100000000000011
1.092,0.00276,0.00099999999999989
1.093,0.00279,0.00100000000000011
1.094,0.00282,0.00099999999999989
1.095,0.00285,0.00100000000000011
1.096,0.00288,0.00099999999999989
1.097,0.00291,0.00100000000000011
1.098,0.00294,0.00099999999999989
1.099,0.00297,0.00100000000000011
1.1,0.003,0.00099999999999989
1.101,0.00303,0.00100000000000011
1.102,0.00306,0.00099999999999989
1.103,0.00309,0.00100000000000011
1.104,0.00312,0.00099999999999989
1.105,0.00315,0.00100000000000011
1.106,0.00318,0.00099999999999989
1.107,0.00321,0.00100000000000011
1.108,0.00324,0.00099999999999989
1.109,0.00327,0.00100000000000011
1.11,0.0033,0.00099999999999989
1.111,0.00333,0.00100000000000011
1.112,0.00336,0.00099999999999989
1.113,0.00339,0.00100000000000011
1.114,0.00342,0.00099999999999989
1.115,0.00345,0.00100000000000011
1.116,0.00348,0.00099999999999989
1.117,0.00351,0.00100000000000011
1.118,0.00354,0.00099999999999989
1.119,0.00357,0.00100000000000011
1.12,0.0036,0.00099999999999989
1.121,0.00363,0.00100000000000011
1.122,0.00366,0.00099999999999989
1.123,0.00369,0.00099999999999989
1.124,0.00372,0.00100000000000011
1.125,0.00375,0.00100000000000011
1.126,0.00378,0.00099999999999989
1.127,0.00381,0.00099999999999989
1.128,0.00384,0.00100000000000011
1.129,0.00387,0.00100000000000011
1.13,0.0039,0.00099999999999989
1.131,0.00393,0.00099999999999989
1.132,0.00396,0.00100000000000011
1.133,0.00399,0.00100000000000011
1.134,0.00402,0.00099999999999989
1.135,0.00405,0.00099999999999989
1.136,0.00408,0.00100000000000011
1.137,0.00411,0.00100000000000011
1.138,0.00414,0.00099999999999989
1.139,0.00417,0.00099999999999989
1.14,0.0042,0.00100000000000011
1.141,0.00423,0.00100000000000011
1.142,0.00426,0.00099999999999989
1.143,0.00429,0.00099999999999989
1.144,0.00432,0.00100000000000011
1.145,0.00435,0.00100000000000011
1.146,0.00438,0.00099999999999989
1.147,0.00441,0.00099999999999989
1.148,0.00444,0.00100000000000011
1.149,0.00447,0.00099999999999989
1.15,0.0045,0.00100000000000011
1.151,0.00453,0.00099999999999989
1.152,0.00456,0.00100000000000011
1.153,0.00459,0.00099999999999989
1.154,0.00462,0.00100000000000011
1.155,0.00465,0.00099999999999989
1.156,0.00468,0.00100000000000011
1.157,0.00471,0.00099999999999989
1.158,0.00474,0.00100000000000011
1.159,0.00477,0.00099999999999989
1.16,0.0048,0.00100000000000011
1.161,0.00483,0.00099999999999989
1.162,0.00486,0.00100000000000011
1.163,0.00489,0.00099999999999989
1.164,0.00492,0.00100000000000011
1.165,0.00495,0.00099999999999989
1.166,0.00498,0.00100000000000011
1.167,0.00501,0.00099999999999989
1.168,0.00504,0.00100000000000011
1.169,0.00507,0.00099999999999989
1.17,0.0051,0.00100000000000011
1.171,0.00513,0.00099999999999989
1.172,0.00516,0.00100000000000011
1.173,0.00519,0.00099999999999989
1.174,0.00522,0.00100000000000011
1.175,0.00525,0.00099999999999989
1.176,0.00528,0.00100000000000011
1.177,0.00531,0.00099999999999989
1.178,0.00534,0.00100000000000011
1.179,0.00537,0.00099999999999989
1.18,0.0054,0.00100000000000011
1.181,0.00543,0.00099999999999989
1.182,0.00546,0.00100000000000011
1.183,0.00549,0.00099999999999989
1.184,0.00552,0.00100000000000011
1.185,0.00555,0.00099999999999989
1.186,0.00558,0.00100000000000011
1.187,0.00561,0.00099999999999989
1.188,0.00564,0.00100000000000011
1.189,0.00567,0.00099999999999989
1.19,0.0057,0.00100000000000011
1.191,0.00573,0.00099999999999989
1.192,0.00576,0.00100000000000011
1.193,0.00579,0.00099999999999989
1.194,0.00582,0.00100000000000011
1.195,0.00585,0.00099999999999989
1.196,0.00588,0.00100000000000011
1.197,0.00591,0.00099999999999989
1.198,0.00594,0.00100000000000011
1.199,0.00597,0.00099999999999989
1.2,0.006,0.00100000000000011
1.201,0.00603,0.00099999999999989
1.202,0.00606,0.00100000000000011
1.203,0.00609,0.00099999999999989
1.204,0.00612,0.00100000000000011
1.205,0.00615,0.00099999999999989
1.206,0.00618,0.00100000000000011
1.207,0.00621,0.00099999999999989
1.208,0.00624,0.00100000000000011
1.209,0.00627,0.00099999999999989
1.21,0.0063,0.00100000000000011
1.211,0.00633,0.00099999999999989
1.212,0.00636,0.00100000000000011
1.213,0.00639,0.00099999999999989
1.214,0.00642,0.00100000000000011
1.215,0.00645,0.00099999999999989
1.216,0.00648,0.00100000000000011
1.217,0.00651,0.00099999999999989
1.218,0.00654,0.00100000000000011
1.219,0.00657,0.00099999999999989
1.22,0.0066,0.00100000000000011
1.221,0.00663,0.00099999999999989
1.222,0.00666,0.00100000000000011
1.223,0.00669,0.00099999999999989
1.224,0.00672,0.00100000000000011
1.225,0.00675,0.00099999999999989
1.226,0.00678,0.00100000000000011
1.227,0.00681,0.00099999999999989
1.228,0.00684,0.00100000000000011
1.229,0.00687,0.00099999999999989
1.23,0.0069,0.00100000000000011
1.231,0.00693,0.00099999999999989
1.232,0.00696,0.00100000000000011
1.233,0.00699,0.00099999999999989
1.234,0.00702,0.00100000000000011
1.235,0.00705,0.00099999999999989
1.236,0.00708,0.00100000000000011
1.237,0.00711,0.00099999999999989
1.238,0.00714,0.00100000000000011
1.239,0.00717,0.00099999999999989
1.24,0.0072,0.00100000000000011
1.241,0.00723,0.00099999999999989
1.242,0.00726,0.00100000000000011
1.243,0.00729,0.00099999999999989
1.244,0.00732,0.00099999999999989
1.245,0.00735,0.00100000000000011
1.246,0.00738,0.00100000000000011
1.247,0.00741,0.00099999999999989
1.248,0.00744,0.00099999999999989
1.249,0.00747,0.00100000000000011
1.25,0.0075,0.00100000000000011
1.251,0.00753,0.00099999999999989
1.252,0.00756,0.00099999999999989
1.253,0.00759,0.00100000000000011
1.254,0.00762,0.00100000000000011
1.255,0.00765,0.00099999999999989
1.256,0.00768,0.00099999999999989
1.257,0.00771,0.00100000000000011
1.258,0.00774,0.00100000000000011
1.259,0.00777,0.00099999999999989
1.26,0.0078,0.00099999999999989
1.261,0.00783,0.00100000000000011
1.262,0.00786,0.00100000000000011
1.263,0.00789,0.00099999999999989
1.264,0.00792,0.00099999999999989
1.265,0.00795,0.00100000000000011
1.266,0.00798,0.00100000000000011
1.267,0.00801,0.00099999999999989
1.268,0.00804,0.00099999999999989
1.269,0.00807,0.00100000000000011
1.27,0.0081,0.00100000000000011
1.271,0.00813,0.00099999999999989
1.272,0.00816,0.00099999999999989
1.273,0.00819,0.00100000000000011
1.274,0.00822,0.00100000000000011
1.275,0.00825,0.00099999999999989
1.276,0.00828,0.00099999999999989
1.277,0.00831,0.00100000000000011
1.278,0.00834,0.00100000000000011
1.279,0.00837,0.00099999999999989
1.28,0.0084,0.00099999999999989
1.281,0.00843,0.00100000000000011
1.282,0.00846,0.00100000000000011
1.283,0.00849,0.00099999999999989
1.284,0.00852,0.00099999999999989
1.285,0.00855,0.00100000000000011
1.286,0.00858,0.00100000000000011
1.287,0.00861,0.00099999999999989
1.288,0.00864,0.00099999999999989
1.289,0.00867,0.00100000000000011
1.29,0.0087,0.00099999999999989
1.291,0.00873,0.00100000000000011
1.292,0.00876,0.00099999999999989
1.293,0.00879,0.00100000000000011
1.294,0.00882,0.00099999999999989
1.295,0.00885,0.00100000000000011
1.296,0.00888,0.00099999999999989
1.297,0.00891,0.00100000000000011
1.298,0.00894,0.00099999999999989
1.299,0.00897,0.00100000000000011
1.3,0.009,0.00099999999999989
1.301,0.00903,0.00100000000000011
1.302,0.00906,0.00099999999999989
1.303,0.00909,0.00100000000000011
1.304,0.00912,0.00099999999999989
1.305,0.00915,0.00100000000000011
1.306,0.00918,0.00099999999999989
1.307,0.00921,0.00100000000000011
1.308,0.00924,0.00099999999999989
1.309,0.00927,0.00100000000000011
1.31,0.0093,0.00099999999999989
1.311,0.00933,0.00100000000000011
1.312,0.00936,0.00099999999999989
1.313,0.00939,0.00100000000000011
1.314,0.00942,0.00099999999999989
1.315,0.00945,0.00100000000000011
1.316,0.00948,0.00099999999999989
1.317,0.00951,0.00100000000000011
1.318,0.00954,0.00099999999999989
1.319,0.00957,0.00100000000000011
1.32,0.0096,0.00099999999999989
1.321,0.00963,0.00100000000000011
1.322,0.00966,0.00099999999999989
1.323,0.00969,0.00100000000000011
1.324,0.00972,0.00099999999999989
1.325,0.00975,0.00100000000000011
1.326,0.00978,0.00099999999999989
1.327,0.00981,0.00100000000000011
1.328,0.00984,0.00099999999999989
1.329,0.00987,0.00100000000000011
1.33,0.0099,0.00099999999999989
1.331,0.00993,0.00100000000000011
1.332,0.00996,0.00099999999999989
1.333,0.00999,0.00100000000000011
1.334,0.01002,0.00099999999999989
1.335,0.01005,0.00100000000000011
1.336,0.01008,0.00099999999999989
1.337,0.01011,0.00100000000000011
1.338,0.01014,0.00099999999999989
1.339,0.01017,0.00100000000000011
1.34,0.0102,0.00099999999999989
1.341,0.01023,0.00100000000000011
1.342,0.01026,0.00099999999999989
1.343,0.01029,0.00100000000000011
1.344,0.01032,0.00099999999999989
1.345,0.01035,0.00100000000000011
1.346,0.01038,0.00099999999999989
1.347,0.01041,0.00100000000000011
1.348,0.01044,0.00099999999999989
1.349,0.01047,0.00100000000000011
1.35,0.0105,0.00099999999999989
1.351,0.01053,0.00100000000000011
1.352,0.01056,0.00099999999999989
1.353,0.01059,0.00099999999999989
1.354,0.01062,0.00100000000000011
1.355,0.01065,0.00100000000000011
1.356,0.01068,0.00099999999999989
1.357,0.01071,0.00099999999999989
1.358,0.01074,0.00100000000000011
1.359,0.01077,0.00100000000000011
1.36,0.0108,0.00099999999999989
1.361,0.01083,0.00099999999999989
1.362,0.01086,0.00100000000000011
1.363,0.01089,0.00100000000000011
1.364,0.01092,0.00099999999999989
1.365,0.01095,0.00099999999999989
1.366,0.01098,0.00100000000000011
1.367,0.01101,0.00100000000000011
1.368,0.01104,0.00099999999999989
1.369,0.01107,0.00099999999999989
1.37,0.0111,0.00100000000000011
1.371,0.01113,0.00100000000000011
1.372,0.01116,0.00099999999999989
1.373,0.01119,0.00099999999999989
1.374,0.01122,0.00100000000000011
1.375,0.01125,0.00100000000000011
1.376,0.01128,0.00099999999999989
1.377,0.01131,0.00099999999999989
1.378,0.01134,0.00100000000000011
1.379,0.01137,0.00100000000000011
1.38,0.0114,0.00099999999999989
1.381,0.01143,0.00099999999999989
1.382,0.01146,0.00100000000000011
1.383,0.01149,0.00100000000000011
1.384,0.01152,0.00099999999999989
1.385,0.01155,0.00099999999999989
1.386,0.01158,0.00100000000000011
1.387,0.01161,0.00100000000000011
1.388,0.01164,0.00099999999999989
1.389,0.01167,0.00099999999999989
1.39,0.0117,0.00100000000000011
1.391,0.01173,0.00100000000000011
1.392,0.01176,0.00099999999999989
1.393,0.01179,0.00099999999999989
1.394,0.01182,0.00100000000000011
1.395,0.01185,0.00100000000000011
1.396,0.01188,0.00099999999999989
1.397,0.01191,0.00099999999999989
1.398,0.01194,0.00100000000000011
1.399,0.01197,0.00100000000000011
1.4,0.012,0.00099999999999989
1.401,0.01203,0.00099999999999989
1.402,0.01206,0.00100000000000011
1.403,0.01209,0.00100000000000011
1.404,0.01212,0.00099999999999989
1.405,0.01215,0.00099999999999989
1.406,0.01218,0.00100000000000011
1.407,0.01221,0.00100000000000011
1.408,0.01224,0.00099999999999989
1.409,0.01227,0.00099999999999989
1.41,0.0123,0.00100000000000011
1.411,0.01233,0.00100000000000011
1.412,0.01236,0.00099999999999989
1.413,0.01239,0.00099999999999989
1.414,0.01242,0.00100000000000011
1.415,0.01245,0.00100000000000011
1.416,0.01248,0.00099999999999989
1.417,0.01251,0.00099999999999989
1.418,0.01254,0.00100000000000011
1.419,0.01257,0.00099999999999989
1.42,0.0126,0.00100000000000011
1.421,0.01263,0.00099999999999989
1.422,0.01266,0.00100000000000011
1.423,0.01269,0.00099999999999989
1.424,0.01272,0.00100000000000011
1.425,0.01275,0.00099999999999989
1.426,0.01278,0.00100000000000011
1.427,0.01281,0.00099999999999989
1.428,0.01284,0.00100000000000011
1.429,0.01287,0.00099999999999989
1.43,0.0129,0.00100000000000011
1.431,0.01293,0.00099999999999989
1.432,0.01296,0.00100000000000011
1.433,0.01299,0.00099999999999989
1.434,0.01302,0.00100000000000011
1.435,0.01305,0.00099999999999989
1.436,0.01308,0.00100000000000011
1.437,0.01311,0.00099999999999989
1.438,0.01314,0.00100000000000011
1.439,0.01317,0.00099999999999989
1.44,0.0132,0.00100000000000011
1.441,0.01323,0.00099999999999989
1.442,0.01326,0.00100000000000011
1.443,0.01329,0.00099999999999989
1.444,0.01332,0.00100000000000011
1.445,0.01335,0.00099999999999989
1.446,0.01338,0.00100000000000011
1.447,0.01341,0.00099999999999989
1.448,0.01344,0.00100000000000011
1.449,0.01347,0.00099999999999989
1.45,0.0135,0.00100000000000011
1.451,0.01353,0.00099999999999989
1.452,0.01356,0.00100000000000011
1.453,0.01359,0.00099999999999989
1.454,0.01362,0.00100000000000011
1.455,0.01365,0.00099999999999989
1.456,0.01368,0.00100000000000011
1.457,0.01371,0.00099999999999989
1.458,0.01374,0.00100000000000011
1.459,0.01377,0.00099999999999989
1.46,0.0138,0.00100000000000011
1.461,0.01383,0.00099999999999989
1.462,0.01386,0.00100000000000011
1.463,0.01389,0.00099999999999989
1.464,0.01392,0.00100000000000011
1.465,0.01395,0.00099999999999989
1.466,0.01398,0.00100000000000011
1.467,0.01401,0.00099999999999989
1.468,0.01404,0.00100000000000011
1.469,0.01407,0.00099999999999989
1.47,0.0141,0.00100000000000011
1.471,0.01413,0.00099999999999989
1.472,0.01416,0.00100000000000011
1.473,0.01419,0.00099999999999989
1.474,0.01422,0.00100000000000011
1.475,0.01425,0.00099999999999989
1.476,0.01428,0.00100000000000011
1.477,0.01431,0.00099999999999989
1.478,0.01434,0.00100000000000011
1.479,0.01437,0.00099999999999989
1.48,0.0144,0.00100000000000011
1.481,0.01443,0.00099999999999989
1.482,0.01446,0.00099999999999989
1.483,0.01449,0.00100000000000011
1.484,0.01452,0.00100000000000011
1.485,0.01455,0.00099999999999989
1.486,0.01458,0.00099999999999989
1.487,0.01461,0.00100000000000011
1.488,0.01464,0.00100000000000011
1.489,0.01467,0.00099999999999989
1.49,0.0147,0.00099999999999989
1.491,0.01473,0.00100000000000011
1.492,0.01476,0.00100000000000011
1.493,0.01479,0.00099999999999989
1.494,0.01482,0.00099999999999989
1.495,0.01485,0.00100000000000011
1.496,0.01488,0.00100000000000011
1.497,0.01491,0.00099999999999989
1.498,0.01494,0.00099999999999989
1.499,0.01497,0.00100000000000011
1.5,0.015,0.00100000000000011
1.501,0.01503,0.00099999999999989
1.502,0.01506,0.00099999999999989
1.503,0.01509,0.00100000000000011
1.504,0.01512,0.00100000000000011
1.505,0.01515,0.00099999999999989
1.506,0.01518,0.00099999999999989
1.507,0.01521,0.00100000000000011
1.508,0.01524,0.00100000000000011
1.509,0.01527,0.00099999999999989
1.51,0.0153,0.00099999999999989
1.511,0.01533,0.00100000000000011
1.512,0.01536,0.00100000000000011
1.513,0.01539,0.00099999999999989
1.514,0.01542,0.00099999999999989
1.515,0.01545,0.00100000000000011
1.516,0.01548,0.00100000000000011
1.517,0.01551,0.00099999999999989
1.518,0.01554,0.00099999999999989
1.519,0.01557,0.00100000000000011
1.52,0.0156,0.00100000000000011
1.521,0.01563,0.00099999999999989
1.522,0.01566,0.00099999999999989
1.523,0.01569,0.00100000000000011
1.524,0.01572,0.00100000000000011
1.525,0.01575,0.00099999999999989
1.526,0.01578,0.00099999999999989
1.527,0.01581,0.00100000000000011
1.528,0.01584,0.00100000000000011
1.529,0.01587,0.00099999999999989
1.53,0.0159,0.00099999999999989
1.531,0.01593,0.00100000000000011
1.532,0.01596,0.00100000000000011
1.533,0.01599,0.00099999999999989
1.534,0.01602,0.00099999999999989
1.535,0.01605,0.00100000000000011
1.536,0.01608,0.00100000000000011
1.537,0.01611,0.00099999999999989
1.538,0.01614,0.00099999999999989
1.539,0.01617,0.00100000000000011
1.54,0.0162,0.00100000000000011
1.541,0.01623,0.00099999999999989
1.542,0.01626,0.00099999999999989
1.543,0.01629,0.00100000000000011
1.544,0.01632,0.00100000000000011
1.545,0.01635,0.00099999999999989
1.546,0.01638,0.00099999999999989
1.547,0.01641,0.00100000000000011
1.548,0.01644,0.00100000000000011
1.549,0.01647,0.00099999999999989
1.55,0.0165,0.00099999999999989
1.551,0.01653,0.00100000000000011
1.552,0.01656,0.00100000000000011
1.553,0.01659,0.00099999999999989
1.554,0.01662,0.00099999999999989
1.555,0.01665,0.00100000000000011
1.556,0.01668,0.00100000000000011
1.557,0.01671,0.00099999999999989
1.558,0.01674,0.00099999999999989
1.559,0.01677,0.00100000000000011
1.56,0.0168,0.00100000000000011
1.561,0.01683,0.00099999999999989
1.562,0.01686,0.00099999999999989
1.563,0.01689,0.00100000000000011
1.564,0.01692,0.00100000000000011
1.565,0.01695,0.00099999999999989
1.566,0.01698,0.00099999999999989
1.567,0.01701,0.00100000000000011
1.568,0.01704,0.00100000000000011
1.569,0.01707,0.00099999999999989
1.57,0.0171,0.00099999999999989
1.571,0.01713,0.00100000000000011
1.572,0.01716,0.00100000000000011
1.573,0.01719,0.00099999999999989
1.574,0.01722,0.00099999999999989
1.575,0.01725,0.00100000000000011
1.576,0.01728,0.00100000000000011
1.577,0.01731,0.00099999999999989
1.578,0.01734,0.00099999999999989
1.579,0.01737,0.00099999999999989
1.58,0.0174,0.00100000000000011
1.581,0.01743,0.00100000000000011
1.582,0.01746,0.00099999999999989
1.583,0.01749,0.00099999999999989
1.584,0.01752,0.00100000000000011
1.585,0.01755,0.00100000000000011
1.586,0.01758,0.00099999999999989
1.587,0.01761,0.00099999999999989
1.588,0.01764,0.00100000000000011
1.589,0.01767,0.00100000000000011
1.59,0.0177,0.00099999999999989
1.591,0.01773,0.00099999999999989
1.592,0.01776,0.00100000000000011
1.593,0.01779,0.00100000000000011
1.594,0.01782,0.00099999999999989
1.595,0.01785,0.00099999999999989
1.596,0.01788,0.00100000000000011
1.597,0.01791,0.00100000000000011
1.598,0.01794,0.00099999999999989
1.599,0.01797,0.00099999999999989
1.6,0.018,0.00100000000000011
1.601,0.01803,0.00100000000000011
1.602,0.01806,0.00099999999999989
1.603,0.01809,0.00099999999999989
1.604,0.01812,0.00100000000000011
1.605,0.01815,0.00100000000000011
1.606,0.01818,0.00099999999999989
1.607,0.01821,0.00099999999999989
1.608,0.01824,0.00100000000000011
1.609,0.01827,0.00100000000000011
1.61,0.0183,0.00099999999999989
1.611,0.01833,0.00099999999999989
1.612,0.01836,0.00100000000000011
1.613,0.01839,0.00100000000000011
1.614,0.01842,0.00099999999999989
1.615,0.01845,0.00099999999999989
1.616,0.01848,0.00100000000000011
1.617,0.01851,0.00100000000000011
1.618,0.01854,0.00099999999999989
1.619,0.01857,0.00099999999999989
1.62,0.0186,0.00100000000000011
1.621,0.01863,0.00100000000000011
1.622,0.01866,0.00099999999999989
1.623,0.01869,0.00099999999999989
1.624,0.01872,0.00100000000000011
1.625,0.01875,0.00100000000000011
1.626,0.01878,0.00099999999999989
1.627,0.01881,0.00099999999999989
1.628,0.01884,0.00100000000000011
1.629,0.01887,0.00100000000000011
1.63,0.0189,0.00099999999999989
1.631,0.01893,0.00099999999999989
1.632,0.01896,0.00100000000000011
1.633,0.01899,0.00100000000000011
1.634,0.01902,0.00099999999999989
1.635,0.01905,0.00099999999999989
1.636,0.01908,0.00100000000000011
1.637,0.01911,0.00100000000000011
1.638,0.01914,0.00099999999999989
1.639,0.01917,0.00099999999999989
1.64,0.0192,0.00100000000000011
1.641,0.01923,0.00100000000000011
1.642,0.01926,0.00099999999999989
1.643,0.01929,0.00099999999999989
1.644,0.01932,0.00100000000000011
1.645,0.01935,0.00100000000000011
1.646,0.01938,0.00099999999999989
1.647,0.01941,0.00099999999999989
1.648,0.01944,0.00100000000000011
1.649,0.01947,0.00100000000000011
1.65,0.0195,0.00099999999999989
1.651,0.01953,0.00099999999999989
1.652,0.01956,0.00100000000000011
1.653,0.01959,0.00100000000000011
1.654,0.01962,0.00099999999999989
1.655,0.01965,0.00099999999999989
1.656,0.01968,0.00100000000000011
1.657,0.01971,0.00100000000000011
1.658,0.01974,0.00099999999999989
1.659,0.01977,0.00099999999999989
1.66,0.0198,0.00100000000000011
1.661,0.01983,0.00100000000000011
1.662,0.01986,0.00099999999999989
1.663,0.01989,0.00099999999999989
1.664,0.01992,0.00100000000000011
1.665,0.01995,0.00100000000000011
1.666,0.01998,0.00099999999999989
1.667,0.02001,0.00099999999999989
1.668,0.02004,0.00100000000000011
1.669,0.02007,0.00100000000000011
1.67,0.0201,0.00099999999999989
1.671,0.02013,0.00099999999999989
1.672,0.02016,0.00100000000000011
1.673,0.02019,0.00100000000000011
1.674,0.02022,0.00099999999999989
1.675,0.02025,0.00099999999999989
1.676,0.02028,0.00100000000000011
1.677,0.02031,0.00100000000000011
1.678,0.02034,0.00099999999999989
1.679,0.02037,0.00099999999999989
1.68,0.0204,0.00100000000000011
1.681,0.02043,0.00100000000000011
1.682,0.02046,0.00099999999999989
1.683,0.02049,0.00099999999999989
1.684,0.02052,0.00100000000000011
1.685,0.02055,0.00100000000000011
1.686,0.02058,0.00099999999999989
1.687,0.02061,0.00099999999999989
1.688,0.02064,0.00100000000000011
1.689,0.02067,0.00100000000000011
1.69,0.0207,0.00099999999999989
1.691,0.02073,0.00099999999999989
1.692,0.02076,0.00100000000000011
1.693,0.02079,0.00100000000000011
1.694,0.02082,0.00099999999999989
1.695,0.02085,0.00099999999999989
1.696,0.02088,0.00100000000000011
1.697,0.02091,0.00100000000000011
1.698,0.02094,0.00099999999999989
1.699,0.02097,0.00099999999999989
1.7,0.021,0.00100000000000011
1.701,0.02103,0.00100000000000011
1.702,0.02106,0.00099999999999989
1.703,0.02109,0.00099999999999989
1.704,0.02112,0.00100000000000011
1.705,0.02115,0.00099999999999989
1.706,0.02118,0.00100000000000011
1.707,0.02121,0.00099999999999989
1.708,0.02124,0.00099999999999989
1.709,0.02127,0.00100000000000011
1.71,0.0213,0.00100000000000011
1.711,0.02133,0.00099999999999989
1.712,0.02136,0.00099999999999989
1.713,0.02139,0.00100000000000011
1.714,0.02142,0.00100000000000011
1.715,0.02145,0.00099999999999989
1.716,0.02148,0.00099999999999989
1.717,0.02151,0.00100000000000011
1.718,0.02154,0.00100000000000011
1.719,0.02157,0.00099999999999989
1.72,0.0216,0.00099999999999989
1.721,0.02163,0.00100000000000011
1.722,0.02166,0.00100000000000011
1.723,0.02169,0.00099999999999989
1.724,0.02172,0.00099999999999989
1.725,0.02175,0.00100000000000011
1.726,0.02178,0.00100000000000011
1.727,0.02181,0.00099999999999989
1.728,0.02184,0.00099999999999989
1.729,0.02187,0.00100000000000011
1.73,0.0219,0.00100000000000011
1.731,0.02193,0.00099999999999989
1.732,0.02196,0.00099999999999989
1.733,0.02199,0.00100000000000011
1.734,0.02202,0.00100000000000011
1.735,0.02205,0.00099999999999989
1.736,0.02208,0.00099999999999989
1.737,0.02211,0.00100000000000011
1.738,0.02214,0.00100000000000011
1.739,0.02217,0.00099999999999989
1.74,0.0222,0.00099999999999989
1.741,0.02223,0.00100000000000011
1.742,0.02226,0.00100000000000011
1.743,0.02229,0.00099999999999989
1.744,0.02232,0.00099999999999989
1.745,0.02235,0.00100000000000011
1.746,0.02238,0.00100000000000011
1.747,0.02241,0.00099999999999989
1.748,0.02244,0.00099999999999989
1.749,0.02247,0.00100000000000011
1.75,0.0225,0.00100000000000011
1.751,0.02253,0.00099999999999989
1.752,0.02256,0.00099999999999989
1.753,0.02259,0.00100000000000011
1.754,0.02262,0.00100000000000011
1.755,0.02265,0.00099999999999989
1.756,0.02268,0.00099999999999989
1.757,0.02271,0.00100000000000011
1.758,0.02274,0.00100000000000011
1.759,0.02277,0.00099999999999989
1.76,0.0228,0.00099999999999989
1.761,0.02283,0.00100000000000011
1.762,0.02286,0.00100000000000011
1.763,0.02289,0.00099999999999989
1.764,0.02292,0.00099999999999989
1.765,0.02295,0.00100000000000011
1.766,0.02298,0.00100000000000011
1.767,0.02301,0.00099999999999989
1.768,0.02304,0.00099999999999989
1.769,0.02307,0.00100000000000011
1.77,0.0231,0.00100000000000011
1.771,0.02313,0.00099999999999989
1.772,0.02316,0.00099999999999989
1.773,0.02319,0.00100000000000011
1.774,0.02322,0.00100000000000011
1.775,0.02325,0.00099999999999989
1.776,0.02328,0.00099999999999989
1.777,0.02331,0.00100000000000011
1.778,0.02334,0.00100000000000011
1.779,0.02337,0.00099999999999989
1.78,0.0234,0.00099999999999989
1.781,0.02343,0.00100000000000011
1.782,0.02346,0.00100000000000011
1.783,0.02349,0.00099999999999989
1.784,0.02352,0.00099999999999989
1.785,0.02355,0.00100000000000011
1.786,0.02358,0.00100000000000011
1.787,0.02361,0.00099999999999989
1.788,0.02364,0.00099999999999989
1.789,0.02367,0.00100000000000011
1.79,0.0237,0.00100000000000011
1.791,0.02373,0.00099999999999989
1.792,0.02376,0.00099999999999989
1.793,0.02379,0.00100000000000011
1.794,0.02382,0.00100000000000011
1.795,0.02385,0.00099999999999989
1.796,0.02388,0.00099999999999989
1.797,0.02391,0.00100000000000011
1.798,0.02394,0.00100000000000011
1.799,0.02397,0.00099999999999989
1.8,0.024,0.00099999999999989
1.801,0.02403,0.00100000000000011
1.802,0.02406,0.00100000000000011
1.803,0.02409,0.00099999999999989
1.804,0.02412,0.00099999999999989
1.805,0.02415,0.00100000000000011
1.806,0.02418,0.00100000000000011
1.807,0.02421,0.00099999999999989
1.808,0.02424,0.00099999999999989
1.809,0.02427,0.00100000000000011
1.81,0.0243,0.00100000000000011
1.811,0.02433,0.00099999999999989
1.812,0.02436,0.00099999999999989
1.813,0.02439,0.00100000000000011
1.814,0.02442,0.00100000000000011
1.815,0.02445,0.00099999999999989
1.816,0.02448,0.00099999999999989
1.817,0.02451,0.00100000000000011
1.818,0.02454,0.00100000000000011
1.819,0.02457,0.00099999999999989
1.82,0.0246,0.00099999999999989
1.821,0.02463,0.00100000000000011
1.822,0.02466,0.00100000000000011
1.823,0.02469,0.00099999999999989
1.824,0.02472,0.00099999999999989
1.825,0.02475,0.00100000000000011
1.826,0.02478,0.00100000000000011
1.827,0.02481,0.00099999999999989
1.828,0.02484,0.00099999999999989
1.829,0.02487,0.00100000000000011
1.83,0.0249,0.00100000000000011
1.831,0.02493,0.00099999999999989
1.832,0.02496,0.00099999999999989
1.833,0.02499,0.00100000000000011
1.834,0.02502,0.00099999999999989
1.835,0.02505,0.00100000000000011
1.836,0.02508,0.00099999999999989
1.837,0.02511,0.00099999999999989
1.838,0.02514,0.00100000000000011
1.839,0.02517,0.00100000000000011
1.84,0.0252,0.00099999999999989
1.841,0.02523,0.00099999999999989
1.842,0.02526,0.00100000000000011
1.843,0.02529,0.00100000000000011
1.844,0.02532,0.00099999999999989
1.845,0.02535,0.00099999999999989
1.846,0.02538,0.00100000000000011
1.847,0.02541,0.00100000000000011
1.848,0.02544,0.00099999999999989
1.849,0.02547,0.00099999999999989
1.85,0.0255,0.00100000000000011
1.851,0.02553,0.00100000000000011
1.852,0.02556,0.00099999999999989
1.853,0.02559,0.00099999999999989
1.854,0.02562,0.00100000000000011
1.855,0.02565,0.00100000000000011
1.856,0.02568,0.00099999999999989
1.857,0.02571,0.00099999999999989
1.858,0.02574,0.00100000000000011
1.859,0.02577,0.00100000000000011
1.86,0.0258,0.00099999999999989
1.861,0.02583,0.00099999999999989
1.862,0.02586,0.00100000000000011
1.863,0.02589,0.00100000000000011
1.864,0.02592,0.00099999999999989
1.865,0.02595,0.00099999999999989
1.866,0.02598,0.00100000000000011
1.867,0.02601,0.00100000000000011
1.868,0.02604,0.00099999999999989
1.869,0.02607,0.00099999999999989
1.87,0.0261,0.00100000000000011
1.871,0.02613,0.00100000000000011
1.872,0.02616,0.00099999999999989
1.873,0.02619,0.00099999999999989
1.874,0.02622,0.00100000000000011
1.875,0.02625,0.00100000000000011
1.876,0.02628,0.00099999999999989
1.877,0.02631,0.00099999999999989
1.878,0.02634,0.00100000000000011
1.879,0.02637,0.00100000000000011
1.88,0.0264,0.00099999999999989
1.881,0.02643,0.00099999999999989
1.882,0.02646,0.00100000000000011
1.883,0.02649,0.00100000000000011
1.884,0.02652,0.00099999999999989
1.885,0.02655,0.00099999999999989
1.886,0.02658,0.00100000000000011
1.887,0.02661,0.00100000000000011
1.888,0.02664,0.00099999999999989
1.889,0.02667,0.00099999999999989
1.89,0.0267,0.00100000000000011
1.891,0.02673,0.00100000000000011
1.892,0.02676,0.00099999999999989
1.893,0.02679,0.00099999999999989
1.894,0.02682,0.00100000000000011
1.895,0.02685,0.00100000000000011
1.896,0.02688,0.00099999999999989
1.897,0.02691,0.00099999999999989
1.898,0.02694,0.00100000000000011
1.899,0.02697,0.00100000000000011
1.9,0.027,0.00099999999999989
1.901,0.02703,0.00099999999999989
1.902,0.02706,0.00100000000000011
1.903,0.02709,0.00100000000000011
1.904,0.02712,0.00099999999999989
1.905,0.02715,0.00099999999999989
1.906,0.02718,0.00100000000000011
1.907,0.02721,0.00100000000000011
1.908,0.02724,0.00099999999999989
1.909,0.02727,0.00099999999999989
1.91,0.0273,0.00100000000000011
1.911,0.02733,0.00100000000000011
1.912,0.02736,0.00099999999999989
1.913,0.02739,0.00099999999999989
1.914,0.02742,0.00100000000000011
1.915,0.02745,0.00100000000000011
1.916,0.02748,0.00099999999999989
1.917,0.02751,0.00099999999999989
1.918,0.02754,0.00100000000000011
1.919,0.02757,0.00100000000000011
1.92,0.0276,0.00099999999999989
1.921,0.02763,0.00099999999999989
1.922,0.02766,0.00100000000000011
1.923,0.02769,0.00100000000000011
1.924,0.02772,0.00099999999999989
1.925,0.02775,0.00099999999999989
1.926,0.02778,0.00100000000000011
1.927,0.02781,0.00100000000000011
1.928,0.02784,0.00099999999999989
1.929,0.02787,0.00099999999999989
1.93,0.0279,0.00100000000000011
1.931,0.02793,0.00100000000000011
1.932,0.02796,0.00099999999999989
1.933,0.02799,0.00099999999999989
1.934,0.02802,0.00100000000000011
1.935,0.02805,0.00100000000000011
1.936,0.02808,0.00099999999999989
1.937,0.02811,0.00099999999999989
1.938,0.02814,0.00100000000000011
1.939,0.02817,0.00100000000000011
1.94,0.0282,0.00099999999999989
1.941,0.02823,0.00099999999999989
1.942,0.02826,0.00100000000000011
1.943,0.02829,0.00100000000000011
1.944,0.02832,0.00099999999999989
1.945,0.02835,0.00099999999999989
1.946,0.02838,0.00100000000000011
1.947,0.02841,0.00100000000000011
1.948,0.02844,0.00099999999999989
1.949,0.02847,0.00099999999999989
1.95,0.0285,0.00100000000000011
1.951,0.02853,0.00100000000000011
1.952,0.02856,0.00099999999999989
1.953,0.02859,0.00099999999999989
1.954,0.02862,0.00100000000000011
1.955,0.02865,0.00100000000000011
1.956,0.02868,0.00099999999999989
1.957,0.02871,0.00099999999999989
1.958,0.02874,0.00100000000000011
1.959,0.02877,0.00100000000000011
1.96,0.0288,0.00099999999999989
1.961,0.02883,0.00099999999999989
1.962,0.02886,0.00099999999999989
1.963,0.02889,0.00100000000000011
1.964,0.02892,0.00100000000000011
1.965,0.02895,0.00099999999999989
1.966,0.02898,0.00099999999999989
1.967,0.02901,0.00100000000000011
1.968,0.02904,0.00100000000000011
1.969,0.02907,0.00099999999999989
1.97,0.0291,0.00099999999999989
1.971,0.02913,0.00100000000000011
1.972,0.02916,0.00100000000000011
1.973,0.02919,0.00099999999999989
1.974,0.02922,0.00099999999999989
1.975,0.02925,0.00100000000000011
1.976,0.02928,0.00100000000000011
1.977,0.02931,0.00099999999999989
1.978,0.02934,0.00099999999999989
1.979,0.02937,0.00100000000000011
1.98,0.0294,0.00100000000000011
1.981,0.02943,0.00099999999999989
1.982,0.02946,0.00099999999999989
1.983,0.02949,0.00100000000000011
1.984,0.02952,0.00100000000000011
1.985,0.02955,0.00099999999999989
1.986,0.02958,0.00099999999999989
1.987,0.02961,0.00100000000000011
1.988,0.02964,0.00100000000000011
1.989,0.02967,0.00099999999999989
1.99,0.0297,0.00099999999999989
1.991,0.02973,0.00100000000000011
1.992,0.02976,0.00100000000000011
1.993,0.02979,0.00099999999999989
1.994,0.02982,0.00099999999999989
1.995,0.02985,0.00100000000000011
1.996,0.02988,0.00100000000000011
1.997,0.02991,0.00099999999999989
1.998,0.02994,0.00099999999999989
1.999,0.02997,0.00100000000000011
2,0.03,0.00100000000000011
2.001,0.03003,0.00099999999999989
2.002,0.03006,0.00099999999999989
2.003,0.03009,0.00100000000000033
2.004,0.03012,0.00099999999999989
2.005,0.03015,0.00099999999999989
2.006,0.03018,0.00100000000000033
2.007,0.03021,0.000999999999999446
2.008,0.03024,0.00100000000000033
2.009,0.03027,0.00099999999999989
2.01,0.0303,0.00099999999999989
2.011,0.03033,0.00100000000000033
2.012,0.03036,0.00099999999999989
2.013,0.03039,0.00099999999999989
2.014,0.03042,0.00100000000000033
2.015,0.03045,0.000999999999999446
2.016,0.03048,0.00100000000000033
2.017,0.03051,0.00099999999999989
2.018,0.03054,0.00099999999999989
2.019,0.03057,0.00100000000000033
2.02,0.0306,0.00099999999999989
2.021,0.03063,0.00099999999999989
2.022,0.03066,0.00100000000000033
2.023,0.03069,0.000999999999999446
2.024,0.03072,0.00100000000000033
2.025,0.03075,0.00099999999999989
2.026,0.03078,0.00099999999999989
2.027,0.03081,0.00100000000000033
2.028,0.03084,0.000999999999999446
2.029,0.03087,0.00100000000000033
2.03,0.0309,0.00099999999999989
2.031,0.03093,0.00099999999999989
2.032,0.03096,0.00100000000000033
2.033,0.03099,0.00099999999999989
2.034,0.03102,0.00099999999999989
2.035,0.03105,0.00100000000000033
2.036,0.03108,0.000999999999999446
2.037,0.03111,0.00100000000000033
2.038,0.03114,0.00099999999999989
2.039,0.03117,0.00099999999999989
2.04,0.0312,0.00100000000000033
2.041,0.03123,0.00099999999999989
2.042,0.03126,0.00099999999999989
2.043,0.03129,0.00100000000000033
2.044,0.03132,0.000999999999999446
2.045,0.03135,0.00100000000000033
2.046,0.03138,0.00099999999999989
2.047,0.03141,0.00099999999999989
2.048,0.03144,0.00100000000000033
2.049,0.03147,0.00099999999999989
2.05,0.0315,0.00099999999999989
2.051,0.03153,0.00100000000000033
2.052,0.03156,0.000999999999999446
2.053,0.03159,0.00100000000000033
2.054,0.03162,0.00099999999999989
2.055,0.03165,0.00099999999999989
2.056,0.03168,0.00100000000000033
2.057,0.03171,0.00099999999999989
2.058,0.03174,0.00099999999999989
2.059,0.03177,0.00100000000000033
2.06,0.0318,0.000999999999999446
2.061,0.03183,0.00100000000000033
2.062,0.03186,0.00099999999999989
2.063,0.03189,0.00099999999999989
2.064,0.03192,0.00100000000000033
2.065,0.03195,0.00099999999999989
2.066,0.03198,0.00099999999999989
2.067,0.03201,0.00100000000000033
2.068,0.03204,0.000999999999999446
2.069,0.03207,0.00100000000000033
2.07,0.0321,0.00099999999999989
2.071,0.03213,0.00099999999999989
2.072,0.03216,0.00100000000000033
2.073,0.03219,0.00099999999999989
2.074,0.03222,0.00099999999999989
2.075,0.03225,0.00100000000000033
2.076,0.03228,0.000999999999999446
2.077,0.03231,0.00100000000000033
2.078,0.03234,0.00099999999999989
2.079,0.03237,0.00099999999999989
2.08,0.0324,0.00100000000000033
2.081,0.03243,0.00099999999999989
2.082,0.03246,0.00099999999999989
2.083,0.03249,0.00100000000000033
2.084,0.03252,0.000999999999999446
2.085,0.03255,0.00100000000000033
2.086,0.03258,0.00099999999999989
2.087,0.03261,0.00099999999999989
2.088,0.03264,0.00100000000000033
2.089,0.03267,0.00099999999999989
2.09,0.0327,0.00099999999999989
2.091,0.03273,0.00100000000000033
2.092,0.03276,0.000999999999999446
2.093,0.03279,0.00100000000000033
2.094,0.03282,0.00099999999999989
2.095,0.03285,0.00099999999999989
2.096,0.03288,0.00100000000000033
2.097,0.03291,0.00099999999999989
2.098,0.03294,0.00099999999999989
2.099,0.03297,0.00100000000000033
2.1,0.033,0.000999999999999446
2.101,0.03303,0.00100000000000033
2.102,0.03306,0.00099999999999989
2.103,0.03309,0.00099999999999989
2.104,0.03312,0.00100000000000033
2.105,0.03315,0.00099999999999989
2.106,0.03318,0.00099999999999989
2.107,0.03321,0.00100000000000033
2.108,0.03324,0.000999999999999446
2.109,0.03327,0.00100000000000033
2.11,0.0333,0.00099999999999989
2.111,0.03333,0.00099999999999989
2.112,0.03336,0.00100000000000033
2.113,0.03339,0.00099999999999989
2.114,0.03342,0.00099999999999989
2.115,0.03345,0.00100000000000033
2.116,0.03348,0.000999999999999446
2.117,0.03351,0.00100000000000033
2.118,0.03354,0.00099999999999989
2.119,0.03357,0.00099999999999989
2.12,0.0336,0.00100000000000033
2.121,0.03363,0.00099999999999989
2.122,0.03366,0.00099999999999989
2.123,0.03369,0.00100000000000033
2.124,0.03372,0.000999999999999446
2.125,0.03375,0.00100000000000033
2.126,0.03378,0.00099999999999989
2.127,0.03381,0.00099999999999989
2.128,0.03384,0.00100000000000033
2.129,0.03387,0.00099999999999989
2.13,0.0339,0.00099999999999989
2.131,0.03393,0.00100000000000033
2.132,0.03396,0.000999999999999446
2.133,0.03399,0.00100000000000033
2.134,0.03402,0.00099999999999989
2.135,0.03405,0.00099999999999989
2.136,0.03408,0.00100000000000033
2.137,0.03411,0.00099999999999989
2.138,0.03414,0.00099999999999989
2.139,0.03417,0.00100000000000033
2.14,0.0342,0.000999999999999446
2.141,0.03423,0.00100000000000033
2.142,0.03426,0.00099999999999989
2.143,0.03429,0.00099999999999989
2.144,0.03432,0.00100000000000033
2.145,0.03435,0.00099999999999989
2.146,0.03438,0.00099999999999989
2.147,0.03441,0.00100000000000033
2.148,0.03444,0.000999999999999446
2.149,0.03447,0.00100000000000033
2.15,0.0345,0.00099999999999989
2.151,0.03453,0.00099999999999989
2.152,0.03456,0.00100000000000033
2.153,0.03459,0.00099999999999989
2.154,0.03462,0.00099999999999989
2.155,0.03465,0.00099999999999989
2.156,0.03468,0.00099999999999989
2.157,0.03471,0.00100000000000033
2.158,0.03474,0.00099999999999989
2.159,0.03477,0.00099999999999989
2.16,0.0348,0.00100000000000033
2.161,0.03483,0.000999999999999446
2.162,0.03486,0.00100000000000033
2.163,0.03489,0.00099999999999989
2.164,0.03492,0.00099999999999989
2.165,0.03495,0.00100000000000033
2.166,0.03498,0.00099999999999989
2.167,0.03501,0.00099999999999989
2.168,0.03504,0.00100000000000033
2.169,0.03507,0.000999999999999446
2.17,0.0351,0.00100000000000033
2.171,0.03513,0.00099999999999989
2.172,0.03516,0.00099999999999989
2.173,0.03519,0.00100000000000033
2.174,0.03522,0.00099999999999989
2.175,0.03525,0.00099999999999989
2.176,0.03528,0.00100000000000033
2.177,0.03531,0.000999999999999446
2.178,0.03534,0.00100000000000033
2.179,0.03537,0.00099999999999989
2.18,0.0354,0.00099999999999989
2.181,0.03543,0.00100000000000033
2.182,0.03546,0.00099999999999989
2.183,0.03549,0.00099999999999989
2.184,0.03552,0.00100000000000033
2.185,0.03555,0.000999999999999446
2.186,0.03558,0.00100000000000033
2.187,0.03561,0.00099999999999989
2.188,0.03564,0.00099999999999989
2.189,0.03567,0.00100000000000033
2.19,0.0357,0.00099999999999989
2.191,0.03573,0.00099999999999989
2.192,0.03576,0.00100000000000033
2.193,0.03579,0.000999999999999446
2.194,0.03582,0.00100000000000033
2.195,0.03585,0.00099999999999989
2.196,0.03588,0.00099999999999989
2.197,0.03591,0.00100000000000033
2.198,0.03594,0.00099999999999989
2.199,0.03597,0.00099999999999989
2.2,0.036,0.00100000000000033
2.201,0.03603,0.000999999999999446
2.202,0.03606,0.00100000000000033
2.203,0.03609,0.00099999999999989
2.204,0.03612,0.00099999999999989
2.205,0.03615,0.00100000000000033
2.206,0.03618,0.00099999999999989
2.207,0.03621,0.00099999999999989
2.208,0.03624,0.00100000000000033
2.209,0.03627,0.000999999999999446
2.21,0.0363,0.00100000000000033
2.211,0.03633,0.00099999999999989
2.212,0.03636,0.00099999999999989
2.213,0.03639,0.00100000000000033
2.214,0.03642,0.00099999999999989
2.215,0.03645,0.00099999999999989
2.216,0.03648,0.00100000000000033
2.217,0.03651,0.000999999999999446
2.218,0.03654,0.00100000000000033
2.219,0.03657,0.00099999999999989
2.22,0.0366,0.00099999999999989
2.221,0.03663,0.00100000000000033
2.222,0.03666,0.00099999999999989
2.223,0.03669,0.00099999999999989
2.224,0.03672,0.00100000000000033
2.225,0.03675,0.000999999999999446
2.226,0.03678,0.00100000000000033
2.227,0.03681,0.00099999999999989
2.228,0.03684,0.00099999999999989
2.229,0.03687,0.00100000000000033
2.23,0.0369,0.00099999999999989
2.231,0.03693,0.00099999999999989
2.232,0.03696,0.00100000000000033
2.233,0.03699,0.000999999999999446
2.234,0.03702,0.00100000000000033
2.235,0.03705,0.00099999999999989
2.236,0.03708,0.00099999999999989
2.237,0.03711,0.00100000000000033
2.238,0.03714,0.00099999999999989
2.239,0.03717,0.00099999999999989
2.24,0.0372,0.00100000000000033
2.241,0.03723,0.000999999999999446
2.242,0.03726,0.00100000000000033
2.243,0.03729,0.00099999999999989
2.244,0.03732,0.00099999999999989
2.245,0.03735,0.00100000000000033
2.246,0.03738,0.00099999999999989
2.247,0.03741,0.00099999999999989
2.248,0.03744,0.00100000000000033
2.249,0.03747,0.000999999999999446
2.25,0.0375,0.00100000000000033
2.251,0.03753,0.00099999999999989
2.252,0.03756,0.00099999999999989
2.253,0.03759,0.00100000000000033
2.254,0.03762,0.00099999999999989
2.255,0.03765,0.00099999999999989
2.256,0.03768,0.00100000000000033
2.257,0.03771,0.000999999999999446
2.258,0.03774,0.00100000000000033
2.259,0.03777,0.00099999999999989
2.26,0.0378,0.00099999999999989
2.261,0.03783,0.00100000000000033
2.262,0.03786,0.00099999999999989
2.263,0.03789,0.00099999999999989
2.264,0.03792,0.00100000000000033
2.265,0.03795,0.000999999999999446
2.266,0.03798,0.00100000000000033
2.267,0.03801,0.00099999999999989
2.268,0.03804,0.00099999999999989
2.269,0.03807,0.00100000000000033
2.27,0.0381,0.00099999999999989
2.271,0.03813,0.00099999999999989
2.272,0.03816,0.00100000000000033
2.273,0.03819,0.000999999999999446
2.274,0.03822,0.00100000000000033
2.275,0.03825,0.00099999999999989
2.276,0.03828,0.00099999999999989
2.277,0.03831,0.00100000000000033
2.278,0.03834,0.00099999999999989
2.279,0.03837,0.00099999999999989
2.28,0.0384,0.00100000000000033
2.281,0.03843,0.000999999999999446
2.282,0.03846,0.00100000000000033
2.283,0.03849,0.00099999999999989
2.284,0.03852,0.00099999999999989
2.285,0.03855,0.00100000000000033
2.286,0.03858,0.000999999999999446
2.287,0.03861,0.00100000000000033
2.288,0.03864,0.00099999999999989
2.289,0.03867,0.00099999999999989
2.29,0.0387,0.00100000000000033
2.291,0.03873,0.00099999999999989
2.292,0.03876,0.00099999999999989
2.293,0.03879,0.00100000000000033
2.294,0.03882,0.000999999999999446
2.295,0.03885,0.00100000000000033
2.296,0.03888,0.00099999999999989
2.297,0.03891,0.00099999999999989
2.298,0.03894,0.00100000000000033
2.299,0.03897,0.00099999999999989
2.3,0.039,0.00099999999999989
2.301,0.03903,0.00100000000000033
2.302,0.03906,0.000999999999999446
2.303,0.03909,0.00100000000000033
2.304,0.03912,0.00099999999999989
2.305,0.03915,0.00099999999999989
2.306,0.03918,0.00100000000000033
2.307,0.03921,0.00099999999999989
2.308,0.03924,0.00099999999999989
2.309,0.03927,0.00100000000000033
2.31,0.0393,0.000999999999999446
2.311,0.03933,0.00100000000000033
2.312,0.03936,0.00099999999999989
2.313,0.03939,0.00099999999999989
2.314,0.03942,0.00100000000000033
2.315,0.03945,0.00099999999999989
2.316,0.03948,0.00099999999999989
2.317,0.03951,0.00100000000000033
2.318,0.03954,0.000999999999999446
2.319,0.03957,0.00100000000000033
2.32,0.0396,0.00099999999999989
2.321,0.03963,0.00099999999999989
2.322,0.03966,0.00100000000000033
2.323,0.03969,0.00099999999999989
2.324,0.03972,0.00099999999999989
2.325,0.03975,0.00100000000000033
2.326,0.03978,0.000999999999999446
2.327,0.03981,0.00100000000000033
2.328,0.03984,0.00099999999999989
2.329,0.03987,0.00099999999999989
2.33,0.0399,0.00100000000000033
2.331,0.03993,0.00099999999999989
2.332,0.03996,0.00099999999999989
2.333,0.03999,0.00100000000000033
2.334,0.04002,0.000999999999999446
2.335,0.04005,0.00100000000000033
2.336,0.04008,0.00099999999999989
2.337,0.04011,0.00099999999999989
2.338,0.04014,0.00100000000000033
2.339,0.04017,0.00099999999999989
2.34,0.0402,0.00099999999999989
2.341,0.04023,0.00100000000000033
2.342,0.04026,0.000999999999999446
2.343,0.04029,0.00100000000000033
2.344,0.04032,0.00099999999999989
2.345,0.04035,0.00099999999999989
2.346,0.04038,0.00100000000000033
2.347,0.04041,0.00099999999999989
2.348,0.04044,0.00099999999999989
2.349,0.04047,0.00100000000000033
2.35,0.0405,0.000999999999999446
2.351,0.04053,0.00100000000000033
2.352,0.04056,0.00099999999999989
2.353,0.04059,0.00099999999999989
2.354,0.04062,0.00100000000000033
2.355,0.04065,0.00099999999999989
2.356,0.04068,0.00099999999999989
2.357,0.04071,0.00100000000000033
2.358,0.04074,0.000999999999999446
2.359,0.04077,0.00100000000000033
2.36,0.0408,0.00099999999999989
2.361,0.04083,0.00099999999999989
2.362,0.04086,0.00100000000000033
2.363,0.04089,0.00099999999999989
2.364,0.04092,0.00099999999999989
2.365,0.04095,0.00100000000000033
2.366,0.04098,0.000999999999999446
2.367,0.04101,0.00100000000000033
2.368,0.04104,0.00099999999999989
2.369,0.04107,0.00099999999999989
2.37,0.0411,0.00100000000000033
2.371,0.04113,0.00099999999999989
2.372,0.04116,0.00099999999999989
2.373,0.04119,0.00100000000000033
2.374,0.04122,0.000999999999999446
2.375,0.04125,0.00100000000000033
2.376,0.04128,0.00099999999999989
2.377,0.04131,0.00099999999999989
2.378,0.04134,0.00100000000000033
2.379,0.04137,0.00099999999999989
2.38,0.0414,0.00099999999999989
2.381,0.04143,0.00100000000000033
2.382,0.04146,0.000999999999999446
2.383,0.04149,0.00100000000000033
2.384,0.04152,0.00099999999999989
2.385,0.04155,0.00099999999999989
2.386,0.04158,0.00100000000000033
2.387,0.04161,0.00099999999999989
2.388,0.04164,0.00099999999999989
2.389,0.04167,0.00100000000000033
2.39,0.0417,0.000999999999999446
2.391,0.04173,0.00100000000000033
2.392,0.04176,0.00099999999999989
2.393,0.04179,0.00099999999999989
2.394,0.04182,0.00100000000000033
2.395,0.04185,0.00099999999999989
2.396,0.04188,0.00099999999999989
2.397,0.04191,0.00100000000000033
2.398,0.04194,0.000999999999999446
2.399,0.04197,0.00100000000000033
2.4,0.042,0.00099999999999989
2.401,0.04203,0.00099999999999989
2.402,0.04206,0.00100000000000033
2.403,0.04209,0.00099999999999989
2.404,0.04212,0.00099999999999989
2.405,0.04215,0.00100000000000033
2.406,0.04218,0.000999999999999446
2.407,0.04221,0.00100000000000033
2.408,0.04224,0.00099999999999989
2.409,0.04227,0.00099999999999989
2.41,0.0423,0.00100000000000033
2.411,0.04233,0.000999999999999446
2.412,0.04236,0.00100000000000033
2.413,0.04239,0.00099999999999989
2.414,0.04242,0.00099999999999989
2.415,0.04245,0.00100000000000033
2.416,0.04248,0.00099999999999989
2.417,0.04251,0.00099999999999989
2.418,0.04254,0.00100000000000033
2.419,0.04257,0.000999999999999446
2.42,0.0426,0.00100000000000033
2.421,0.04263,0.00099999999999989
2.422,0.04266,0.00099999999999989
2.423,0.04269,0.00100000000000033
2.424,0.04272,0.00099999999999989
2.425,0.04275,0.00099999999999989
2.426,0.04278,0.00100000000000033
2.427,0.04281,0.000999999999999446
2.428,0.04284,0.00100000000000033
2.429,0.04287,0.00099999999999989
2.43,0.0429,0.00099999999999989
2.431,0.04293,0.00100000000000033
2.432,0.04296,0.00099999999999989
2.433,0.04299,0.00099999999999989
2.434,0.04302,0.00100000000000033
2.435,0.04305,0.000999999999999446
2.436,0.04308,0.00100000000000033
2.437,0.04311,0.00099999999999989
2.438,0.04314,0.00099999999999989
2.439,0.04317,0.00100000000000033
2.44,0.0432,0.00099999999999989
2.441,0.04323,0.00099999999999989
2.442,0.04326,0.00100000000000033
2.443,0.04329,0.000999999999999446
2.444,0.04332,0.00100000000000033
2.445,0.04335,0.00099999999999989
2.446,0.04338,0.00099999999999989
2.447,0.04341,0.00100000000000033
2.448,0.04344,0.00099999999999989
2.449,0.04347,0.00099999999999989
2.45,0.0435,0.00100000000000033
2.451,0.04353,0.000999999999999446
2.452,0.04356,0.00100000000000033
2.453,0.04359,0.00099999999999989
2.454,0.04362,0.00099999999999989
2.455,0.04365,0.00100000000000033
2.456,0.04368,0.00099999999999989
2.457,0.04371,0.00099999999999989
2.458,0.04374,0.00100000000000033
2.459,0.04377,0.000999999999999446
2.46,0.0438,0.00100000000000033
2.461,0.04383,0.00099999999999989
2.462,0.04386,0.00099999999999989
2.463,0.04389,0.00100000000000033
2.464,0.04392,0.00099999999999989
2.465,0.04395,0.00099999999999989
2.466,0.04398,0.00100000000000033
2.467,0.04401,0.000999999999999446
2.468,0.04404,0.00100000000000033
2.469,0.04407,0.00099999999999989
2.47,0.0441,0.00099999999999989
2.471,0.04413,0.00100000000000033
2.472,0.04416,0.00099999999999989
2.473,0.04419,0.00099999999999989
2.474,0.04422,0.00100000000000033
2.475,0.04425,0.000999999999999446
2.476,0.04428,0.00100000000000033
2.477,0.04431,0.00099999999999989
2.478,0.04434,0.00099999999999989
2.479,0.04437,0.00100000000000033
2.48,0.0444,0.00099999999999989
2.481,0.04443,0.00099999999999989
2.482,0.04446,0.00100000000000033
2.483,0.04449,0.000999999999999446
2.484,0.04452,0.00100000000000033
2.485,0.04455,0.00099999999999989
2.486,0.04458,0.00099999999999989
2.487,0.04461,0.00100000000000033
2.488,0.04464,0.00099999999999989
2.489,0.04467,0.00099999999999989
2.49,0.0447,0.00100000000000033
2.491,0.04473,0.000999999999999446
2.492,0.04476,0.00100000000000033
2.493,0.04479,0.00099999999999989
2.494,0.04482,0.00099999999999989
2.495,0.04485,0.00100000000000033
2.496,0.04488,0.00099999999999989
2.497,0.04491,0.00099999999999989
2.498,0.04494,0.00100000000000033
2.499,0.04497,0.000999999999999446
2.5,0.045,0.00100000000000033
2.501,0.04503,0.00099999999999989
2.502,0.04506,0.00099999999999989
2.503,0.04509,0.00100000000000033
2.504,0.04512,0.00099999999999989
2.505,0.04515,0.00099999999999989
2.506,0.04518,0.00100000000000033
2.507,0.04521,0.000999999999999446
2.508,0.04524,0.00100000000000033
2.509,0.04527,0.00099999999999989
2.51,0.0453,0.00099999999999989
2.511,0.04533,0.00100000000000033
2.512,0.04536,0.00099999999999989
2.513,0.04539,0.00099999999999989
2.514,0.04542,0.00100000000000033
2.515,0.04545,0.000999999999999446
2.516,0.04548,0.00100000000000033
2.517,0.04551,0.00099999999999989
2.518,0.04554,0.00099999999999989
2.519,0.04557,0.00100000000000033
2.52,0.0456,0.00099999999999989
2.521,0.04563,0.00099999999999989
2.522,0.04566,0.00100000000000033
2.523,0.04569,0.000999999999999446
2.524,0.04572,0.00100000000000033
2.525,0.04575,0.00099999999999989
2.526,0.04578,0.00099999999999989
2.527,0.04581,0.00100000000000033
2.528,0.04584,0.00099999999999989
2.529,0.04587,0.00099999999999989
2.53,0.0459,0.00100000000000033
2.531,0.04593,0.000999999999999446
2.532,0.04596,0.00100000000000033
2.533,0.04599,0.00099999999999989
2.534,0.04602,0.00099999999999989
2.535,0.04605,0.00100000000000033
2.536,0.04608,0.00099999999999989
2.537,0.04611,0.00099999999999989
2.538,0.04614,0.00099999999999989
2.539,0.04617,0.00099999999999989
2.54,0.0462,0.00100000000000033
2.541,0.04623,0.00099999999999989
2.542,0.04626,0.00099999999999989
2.543,0.04629,0.00100000000000033
2.544,0.04632,0.000999999999999446
2.545,0.04635,0.00100000000000033
2.546,0.04638,0.00099999999999989
2.547,0.04641,0.00099999999999989
2.548,0.04644,0.00100000000000033
2.549,0.04647,0.00099999999999989
2.55,0.0465,0.00099999999999989
2.551,0.04653,0.00100000000000033
2.552,0.04656,0.000999999999999446
2.553,0.04659,0.00100000000000033
2.554,0.04662,0.00099999999999989
2.555,0.04665,0.00099999999999989
2.556,0.04668,0.00100000000000033
2.557,0.04671,0.00099999999999989
2.558,0.04674,0.00099999999999989
2.559,0.04677,0.00100000000000033
2.56,0.0468,0.000999999999999446
2.561,0.04683,0.00100000000000033
2.562,0.04686,0.00099999999999989
2.563,0.04689,0.00099999999999989
2.564,0.04692,0.00100000000000033
2.565,0.04695,0.00099999999999989
2.566,0.04698,0.00099999999999989
2.567,0.04701,0.00100000000000033
2.568,0.04704,0.000999999999999446
2.569,0.04707,0.00100000000000033
2.57,0.0471,0.00099999999999989
2.571,0.04713,0.00099999999999989
2.572,0.04716,0.00100000000000033
2.573,0.04719,0.00099999999999989
2.574,0.04722,0.00099999999999989
2.575,0.04725,0.00100000000000033
2.576,0.04728,0.000999999999999446
2.577,0.04731,0.00100000000000033
2.578,0.04734,0.00099999999999989
2.579,0.04737,0.00099999999999989
2.58,0.0474,0.00100000000000033
2.581,0.04743,0.00099999999999989
2.582,0.04746,0.00099999999999989
2.583,0.04749,0.00100000000000033
2.584,0.04752,0.000999999999999446
2.585,0.04755,0.00100000000000033
2.586,0.04758,0.00099999999999989
2.587,0.04761,0.00099999999999989
2.588,0.04764,0.00100000000000033
2.589,0.04767,0.00099999999999989
2.59,0.0477,0.00099999999999989
2.591,0.04773,0.00100000000000033
2.592,0.04776,0.000999999999999446
2.593,0.04779,0.00100000000000033
2.594,0.04782,0.00099999999999989
2.595,0.04785,0.00099999999999989
2.596,0.04788,0.00100000000000033
2.597,0.04791,0.00099999999999989
2.598,0.04794,0.00099999999999989
2.599,0.04797,0.00100000000000033
2.6,0.048,0.000999999999999446
2.601,0.04803,0.00100000000000033
2.602,0.04806,0.00099999999999989
2.603,0.04809,0.00099999999999989
2.604,0.04812,0.00100000000000033
2.605,0.04815,0.00099999999999989
2.606,0.04818,0.00099999999999989
2.607,0.04821,0.00100000000000033
2.608,0.04824,0.000999999999999446
2.609,0.04827,0.00100000000000033
2.61,0.0483,0.00099999999999989
2.611,0.04833,0.00099999999999989
2.612,0.04836,0.00100000000000033
2.613,0.04839,0.00099999999999989
2.614,0.04842,0.00099999999999989
2.615,0.04845,0.00100000000000033
2.616,0.04848,0.000999999999999446
2.617,0.04851,0.00100000000000033
2.618,0.04854,0.00099999999999989
2.619,0.04857,0.00099999999999989
2.62,0.0486,0.00100000000000033
2.621,0.04863,0.00099999999999989
2.622,0.04866,0.00099999999999989
2.623,0.04869,0.00100000000000033
2.624,0.04872,0.000999999999999446
2.625,0.04875,0.00100000000000033
2.626,0.04878,0.00099999999999989
2.627,0.04881,0.00099999999999989
2.628,0.04884,0.00100000000000033
2.629,0.04887,0.00099999999999989
2.63,0.0489,0.00099999999999989
2.631,0.04893,0.00100000000000033
2.632,0.04896,0.000999999999999446
2.633,0.04899,0.00100000000000033
2.634,0.04902,0.00099999999999989
2.635,0.04905,0.00099999999999989
2.636,0.04908,0.00100000000000033
2.637,0.04911,0.00099999999999989
2.638,0.04914,0.00099999999999989
2.639,0.04917,0.00100000000000033
2.64,0.0492,0.000999999999999446
2.641,0.04923,0.00100000000000033
2.642,0.04926,0.00099999999999989
2.643,0.04929,0.00099999999999989
2.644,0.04932,0.00100000000000033
2.645,0.04935,0.00099999999999989
2.646,0.04938,0.00099999999999989
2.647,0.04941,0.00100000000000033
2.648,0.04944,0.000999999999999446
2.649,0.04947,0.00100000000000033
2.65,0.0495,0.00099999999999989
2.651,0.04953,0.00099999999999989
2.652,0.04956,0.00100000000000033
2.653,0.04959,0.00099999999999989
2.654,0.04962,0.00099999999999989
2.655,0.04965,0.00100000000000033
2.656,0.04968,0.000999999999999446
2.657,0.04971,0.00100000000000033
2.658,0.04974,0.00099999999999989
2.659,0.04977,0.00099999999999989
2.66,0.0498,0.00100000000000033
2.661,0.04983,0.00099999999999989
2.662,0.04986,0.00099999999999989
2.663,0.04989,0.00100000000000033
2.664,0.04992,0.000999999999999446
2.665,0.04995,0.00100000000000033
2.666,0.04998,0.00099999999999989
2.667,0.05001,0.00099999999999989
2.668,0.05004,0.00100000000000033
2.669,0.05007,0.000999999999999446
2.67,0.0501,0.00100000000000033
2.671,0.05013,0.00099999999999989
2.672,0.05016,0.00099999999999989
2.673,0.05019,0.00100000000000033
2.674,0.05022,0.00099999999999989
2.675,0.05025,0.00099999999999989
2.676,0.05028,0.00100000000000033
2.677,0.05031,0.000999999999999446
2.678,0.05034,0.00100000000000033
2.679,0.05037,0.00099999999999989
2.68,0.0504,0.00099999999999989
2.681,0.05043,0.00100000000000033
2.682,0.05046,0.00099999999999989
2.683,0.05049,0.00099999999999989
2.684,0.05052,0.00100000000000033
2.685,0.05055,0.000999999999999446
2.686,0.05058,0.00100000000000033
2.687,0.05061,0.00099999999999989
2.688,0.05064,0.00099999999999989
2.689,0.05067,0.00100000000000033
2.69,0.0507,0.00099999999999989
2.691,0.05073,0.00099999999999989
2.692,0.05076,0.00100000000000033
2.693,0.05079,0.000999999999999446
2.694,0.05082,0.00100000000000033
2.695,0.05085,0.00099999999999989
2.696,0.05088,0.00099999999999989
2.697,0.05091,0.00100000000000033
2.698,0.05094,0.00099999999999989
2.699,0.05097,0.00099999999999989
2.7,0.051,0.00100000000000033
2.701,0.05103,0.000999999999999446
2.702,0.05106,0.00100000000000033
2.703,0.05109,0.00099999999999989
2.704,0.05112,0.00099999999999989
2.705,0.05115,0.00100000000000033
2.706,0.05118,0.00099999999999989
2.707,0.05121,0.00099999999999989
2.708,0.05124,0.00100000000000033
2.709,0.05127,0.000999999999999446
2.71,0.0513,0.00100000000000033
2.711,0.05133,0.00099999999999989
2.712,0.05136,0.00099999999999989
2.713,0.05139,0.00100000000000033
2.714,0.05142,0.00099999999999989
2.715,0.05145,0.00099999999999989
2.716,0.05148,0.00100000000000033
2.717,0.05151,0.000999999999999446
2.718,0.05154,0.00100000000000033
2.719,0.05157,0.00099999999999989
2.72,0.0516,0.00099999999999989
2.721,0.05163,0.00100000000000033
2.722,0.05166,0.00099999999999989
2.723,0.05169,0.00099999999999989
2.724,0.05172,0.00100000000000033
2.725,0.05175,0.000999999999999446
2.726,0.05178,0.00100000000000033
2.727,0.05181,0.00099999999999989
2.728,0.05184,0.00099999999999989
2.729,0.05187,0.00100000000000033
2.73,0.0519,0.00099999999999989
2.731,0.05193,0.00099999999999989
2.732,0.05196,0.00100000000000033
2.733,0.05199,0.000999999999999446
2.734,0.05202,0.00100000000000033
2.735,0.05205,0.00099999999999989
2.736,0.05208,0.00099999999999989
2.737,0.05211,0.00100000000000033
2.738,0.05214,0.00099999999999989
2.739,0.05217,0.00099999999999989
2.74,0.0522,0.00100000000000033
2.741,0.05223,0.000999999999999446
2.742,0.05226,0.00100000000000033
2.743,0.05229,0.00099999999999989
2.744,0.05232,0.00099999999999989
2.745,0.05235,0.00100000000000033
2.746,0.05238,0.00099999999999989
2.747,0.05241,0.00099999999999989
2.748,0.05244,0.00100000000000033
2.749,0.05247,0.000999999999999446
2.75,0.0525,0.00100000000000033
2.751,0.05253,0.00099999999999989
2.752,0.05256,0.00099999999999989
2.753,0.05259,0.00100000000000033
2.754,0.05262,0.00099999999999989
2.755,0.05265,0.00099999999999989
2.756,0.05268,0.00100000000000033
2.757,0.05271,0.000999999999999446
2.758,0.05274,0.00100000000000033
2.759,0.05277,0.00099999999999989
2.76,0.0528,0.00099999999999989
2.761,0.05283,0.00100000000000033
2.762,0.05286,0.00099999999999989
2.763,0.05289,0.00099999999999989
2.764,0.05292,0.00100000000000033
2.765,0.05295,0.000999999999999446
2.766,0.05298,0.00100000000000033
2.767,0.05301,0.00099999999999989
2.768,0.05304,0.00099999999999989
2.769,0.05307,0.00100000000000033
2.77,0.0531,0.00099999999999989
2.771,0.05313,0.00099999999999989
2.772,0.05316,0.00100000000000033
2.773,0.05319,0.000999999999999446
2.774,0.05322,0.00100000000000033
2.775,0.05325,0.00099999999999989
2.776,0.05328,0.00099999999999989
2.777,0.05331,0.00100000000000033
2.778,0.05334,0.00099999999999989
2.779,0.05337,0.00099999999999989
2.78,0.0534,0.00100000000000033
2.781,0.05343,0.000999999999999446
2.782,0.05346,0.00100000000000033
2.783,0.05349,0.00099999999999989
2.784,0.05352,0.00099999999999989
2.785,0.05355,0.00100000000000033
2.786,0.05358,0.00099999999999989
2.787,0.05361,0.00099999999999989
2.788,0.05364,0.00100000000000033
2.789,0.05367,0.000999999999999446
2.79,0.0537,0.00100000000000033
2.791,0.05373,0.00099999999999989
2.792,0.05376,0.00099999999999989
2.793,0.05379,0.00100000000000033
2.794,0.05382,0.000999999999999446
2.795,0.05385,0.00100000000000033
2.796,0.05388,0.00099999999999989
2.797,0.05391,0.00099999999999989
2.798,0.05394,0.00100000000000033
2.799,0.05397,0.00099999999999989
2.8,0.054,0.00099999999999989
2.801,0.05403,0.00100000000000033
2.802,0.05406,0.000999999999999446
2.803,0.05409,0.00100000000000033
2.804,0.05412,0.00099999999999989
2.805,0.05415,0.00099999999999989
2.806,0.05418,0.00100000000000033
2.807,0.05421,0.00099999999999989
2.808,0.05424,0.00099999999999989
2.809,0.05427,0.00100000000000033
2.81,0.0543,0.000999999999999446
2.811,0.05433,0.00100000000000033
2.812,0.05436,0.00099999999999989
2.813,0.05439,0.00099999999999989
2.814,0.05442,0.00100000000000033
2.815,0.05445,0.00099999999999989
2.816,0.05448,0.00099999999999989
2.817,0.05451,0.00100000000000033
2.818,0.05454,0.000999999999999446
2.819,0.05457,0.00100000000000033
2.82,0.0546,0.00099999999999989
2.821,0.05463,0.00099999999999989
2.822,0.05466,0.00100000000000033
2.823,0.05469,0.00099999999999989
2.824,0.05472,0.00099999999999989
2.825,0.05475,0.00100000000000033
2.826,0.05478,0.000999999999999446
2.827,0.05481,0.00100000000000033
2.828,0.05484,0.00099999999999989
2.829,0.05487,0.00099999999999989
2.83,0.0549,0.00100000000000033
2.831,0.05493,0.00099999999999989
2.832,0.05496,0.00099999999999989
2.833,0.05499,0.00100000000000033
2.834,0.05502,0.000999999999999446
2.835,0.05505,0.00100000000000033
2.836,0.05508,0.00099999999999989
2.837,0.05511,0.00099999999999989
2.838,0.05514,0.00100000000000033
2.839,0.05517,0.00099999999999989
2.84,0.0552,0.00099999999999989
2.841,0.05523,0.00100000000000033
2.842,0.05526,0.000999999999999446
2.843,0.05529,0.00100000000000033
2.844,0.05532,0.00099999999999989
2.845,0.05535,0.00099999999999989
2.846,0.05538,0.00100000000000033
2.847,0.05541,0.00099999999999989
2.848,0.05544,0.00099999999999989
2.849,0.05547,0.00100000000000033
2.85,0.0555,0.000999999999999446
2.851,0.05553,0.00100000000000033
2.852,0.05556,0.00099999999999989
2.853,0.05559,0.00099999999999989
2.854,0.05562,0.00100000000000033
2.855,0.05565,0.00099999999999989
2.856,0.05568,0.00099999999999989
2.857,0.05571,0.00100000000000033
2.858,0.05574,0.000999999999999446
2.859,0.05577,0.00100000000000033
2.86,0.0558,0.00099999999999989
2.861,0.05583,0.00099999999999989
2.862,0.05586,0.00100000000000033
2.863,0.05589,0.00099999999999989
2.864,0.05592,0.00099999999999989
2.865,0.05595,0.00100000000000033
2.866,0.05598,0.000999999999999446
2.867,0.05601,0.00100000000000033
2.868,0.05604,0.00099999999999989
2.869,0.05607,0.00099999999999989
2.87,0.0561,0.00100000000000033
2.871,0.05613,0.00099999999999989
2.872,0.05616,0.00099999999999989
2.873,0.05619,0.00100000000000033
2.874,0.05622,0.000999999999999446
2.875,0.05625,0.00100000000000033
2.876,0.05628,0.00099999999999989
2.877,0.05631,0.00099999999999989
2.878,0.05634,0.00100000000000033
2.879,0.05637,0.00099999999999989
2.88,0.0564,0.00099999999999989
2.881,0.05643,0.00100000000000033
2.882,0.05646,0.000999999999999446
2.883,0.05649,0.00100000000000033
2.884,0.05652,0.00099999999999989
2.885,0.05655,0.00099999999999989
2.886,0.05658,0.00100000000000033
2.887,0.05661,0.00099999999999989
2.888,0.05664,0.00099999999999989
2.889,0.05667,0.00100000000000033
2.89,0.0567,0.000999999999999446
2.891,0.05673,0.00100000000000033
2.892,0.05676,0.00099999999999989
2.893,0.05679,0.00099999999999989
2.894,0.05682,0.00100000000000033
2.895,0.05685,0.00099999999999989
2.896,0.05688,0.00099999999999989
2.897,0.05691,0.00100000000000033
2.898,0.05694,0.000999999999999446
2.899,0.05697,0.00100000000000033
2.9,0.057,0.00099999999999989
2.901,0.05703,0.00099999999999989
2.902,0.05706,0.00100000000000033
2.903,0.05709,0.00099999999999989
2.904,0.05712,0.00099999999999989
2.905,0.05715,0.00100000000000033
2.906,0.05718,0.000999999999999446
2.907,0.05721,0.00100000000000033
2.908,0.05724,0.00099999999999989
2.909,0.05727,0.00099999999999989
2.91,0.0573,0.00100000000000033
2.911,0.05733,0.00099999999999989
2.912,0.05736,0.00099999999999989
2.913,0.05739,0.00100000000000033
2.914,0.05742,0.000999999999999446
2.915,0.05745,0.00100000000000033
2.916,0.05748,0.00099999999999989
2.917,0.05751,0.00099999999999989
2.918,0.05754,0.00100000000000033
2.919,0.05757,0.00099999999999989
2.92,0.0576,0.00099999999999989
2.921,0.05763,0.00099999999999989
2.922,0.05766,0.00099999999999989
2.923,0.05769,0.00100000000000033
2.924,0.05772,0.00099999999999989
2.925,0.05775,0.00099999999999989
2.926,0.05778,0.00100000000000033
2.927,0.05781,0.000999999999999446
2.928,0.05784,0.00100000000000033
2.929,0.05787,0.00099999999999989
2.93,0.0579,0.00099999999999989
2.931,0.05793,0.00100000000000033
2.932,0.05796,0.00099999999999989
2.933,0.05799,0.00099999999999989
2.934,0.05802,0.00100000000000033
2.935,0.05805,0.000999999999999446
2.936,0.05808,0.00100000000000033
2.937,0.05811,0.00099999999999989
2.938,0.05814,0.00099999999999989
2.939,0.05817,0.00100000000000033
2.94,0.0582,0.00099999999999989
2.941,0.05823,0.00099999999999989
2.942,0.05826,0.00100000000000033
2.943,0.05829,0.000999999999999446
2.944,0.05832,0.00100000000000033
2.945,0.05835,0.00099999999999989
2.946,0.05838,0.00099999999999989
2.947,0.05841,0.00100000000000033
2.948,0.05844,0.00099999999999989
2.949,0.05847,0.00099999999999989
2.95,0.0585,0.00100000000000033
2.951,0.05853,0.000999999999999446
2.952,0.05856,0.00100000000000033
2.953,0.05859,0.00099999999999989
2.954,0.05862,0.00099999999999989
2.955,0.05865,0.00100000000000033
2.956,0.05868,0.00099999999999989
2.957,0.05871,0.00099999999999989
2.958,0.05874,0.00100000000000033
2.959,0.05877,0.000999999999999446
2.96,0.0588,0.00100000000000033
2.961,0.05883,0.00099999999999989
2.962,0.05886,0.00099999999999989
2.963,0.05889,0.00100000000000033
2.964,0.05892,0.00099999999999989
2.965,0.05895,0.00099999999999989
2.966,0.05898,0.00100000000000033
2.967,0.05901,0.000999999999999446
2.968,0.05904,0.00100000000000033
2.969,0.05907,0.00099999999999989
2.97,0.0591,0.00099999999999989
2.971,0.05913,0.00100000000000033
2.972,0.05916,0.00099999999999989
2.973,0.05919,0.00099999999999989
2.974,0.05922,0.00100000000000033
2.975,0.05925,0.000999999999999446
2.976,0.05928,0.00100000000000033
2.977,0.05931,0.00099999999999989
2.978,0.05934,0.00099999999999989
2.979,0.05937,0.00100000000000033
2.98,0.0594,0.00099999999999989
2.981,0.05943,0.00099999999999989
2.982,0.05946,0.00100000000000033
2.983,0.05949,0.000999999999999446
2.984,0.05952,0.00100000000000033
2.985,0.05955,0.00099999999999989
2.986,0.05958,0.00099999999999989
2.987,0.05961,0.00100000000000033
2.988,0.05964,0.00099999999999989
2.989,0.05967,0.00099999999999989
2.99,0.0597,0.00100000000000033
2.991,0.05973,0.000999999999999446
2.992,0.05976,0.00100000000000033
2.993,0.05979,0.00099999999999989
2.994,0.05982,0.00099999999999989
2.995,0.05985,0.00100000000000033
2.996,0.05988,0.00099999999999989
2.997,0.05991,0.00099999999999989
2.998,0.05994,0.00100000000000033
2.999,0.05997,0.000999999999999446
3,0.06,0.00100000000000033
3.001,0.06003,0.00099999999999989
3.002,0.06006,0.00099999999999989
3.003,0.06009,0.00100000000000033
3.004,0.06012,0.00099999999999989
3.005,0.06015,0.00099999999999989
3.006,0.06018,0.00099999999999989
3.007,0.06021,0.00100000000000033
3.008,0.06024,0.00099999999999989
3.009,0.06027,0.00099999999999989
3.01,0.0603,0.00099999999999989
3.011,0.06033,0.00100000000000033
3.012,0.06036,0.00099999999999989
3.013,0.06039,0.00099999999999989
3.014,0.06042,0.00099999999999989
3.015,0.06045,0.00100000000000033
3.016,0.06048,0.00099999999999989
3.017,0.06051,0.00099999999999989
3.018,0.06054,0.00099999999999989
3.019,0.06057,0.00100000000000033
3.02,0.0606,0.00099999999999989
3.021,0.06063,0.00099999999999989
3.022,0.06066,0.00099999999999989
3.023,0.06069,0.00100000000000033
3.024,0.06072,0.00099999999999989
3.025,0.06075,0.00099999999999989
3.026,0.06078,0.00099999999999989
3.027,0.06081,0.00100000000000033
3.028,0.06084,0.00099999999999989
3.029,0.06087,0.00099999999999989
3.03,0.0609,0.00099999999999989
3.031,0.06093,0.00100000000000033
3.032,0.06096,0.00099999999999989
3.033,0.06099,0.00099999999999989
3.034,0.06102,0.00099999999999989
3.035,0.06105,0.00100000000000033
3.036,0.06108,0.00099999999999989
3.037,0.06111,0.00099999999999989
3.038,0.06114,0.00099999999999989
3.039,0.06117,0.00100000000000033
3.04,0.0612,0.00099999999999989
3.041,0.06123,0.00099999999999989
3.042,0.06126,0.00099999999999989
3.043,0.06129,0.00100000000000033
3.044,0.06132,0.00099999999999989
3.045,0.06135,0.00099999999999989
3.046,0.06138,0.00099999999999989
3.047,0.06141,0.00100000000000033
3.048,0.06144,0.00099999999999989
3.049,0.06147,0.00099999999999989
3.05,0.0615,0.00099999999999989
3.051,0.06153,0.00099999999999989
3.052,0.06156,0.00100000000000033
3.053,0.06159,0.00099999999999989
3.054,0.06162,0.00099999999999989
3.055,0.06165,0.00099999999999989
3.056,0.06168,0.00100000000000033
3.057,0.06171,0.00099999999999989
3.058,0.06174,0.00099999999999989
3.059,0.06177,0.00099999999999989
3.06,0.0618,0.00100000000000033
3.061,0.06183,0.00099999999999989
3.062,0.06186,0.00099999999999989
3.063,0.06189,0.00099999999999989
3.064,0.06192,0.00100000000000033
3.065,0.06195,0.00099999999999989
3.066,0.06198,0.00099999999999989
3.067,0.06201,0.00099999999999989
3.068,0.06204,0.00100000000000033
3.069,0.06207,0.00099999999999989
3.07,0.0621,0.00099999999999989
3.071,0.06213,0.00099999999999989
3.072,0.06216,0.00100000000000033
3.073,0.06219,0.00099999999999989
3.074,0.06222,0.00099999999999989
3.075,0.06225,0.00099999999999989
3.076,0.06228,0.00100000000000033
3.077,0.06231,0.00099999999999989
3.078,0.06234,0.00099999999999989
3.079,0.06237,0.00099999999999989
3.08,0.0624,0.00100000000000033
3.081,0.06243,0.00099999999999989
3.082,0.06246,0.00099999999999989
3.083,0.06249,0.00099999999999989
3.084,0.06252,0.00100000000000033
3.085,0.06255,0.00099999999999989
3.086,0.06258,0.00099999999999989
3.087,0.06261,0.00099999999999989
3.088,0.06264,0.00100000000000033
3.089,0.06267,0.00099999999999989
3.09,0.0627,0.00099999999999989
3.091,0.06273,0.00099999999999989
3.092,0.06276,0.00100000000000033
3.093,0.06279,0.00099999999999989
3.094,0.06282,0.00099999999999989
3.095,0.06285,0.00099999999999989
3.096,0.06288,0.00100000000000033
3.097,0.06291,0.00099999999999989
3.098,0.06294,0.00099999999999989
3.099,0.06297,0.00099999999999989
3.1,0.063,0.00100000000000033
3.101,0.06303,0.00099999999999989
3.102,0.06306,0.00099999999999989
3.103,0.06309,0.00099999999999989
3.104,0.06312,0.00100000000000033
3.105,0.06315,0.00099999999999989
3.106,0.06318,0.00099999999999989
3.107,0.06321,0.00099999999999989
3.108,0.06324,0.00100000000000033
3.109,0.06327,0.00099999999999989
3.11,0.0633,0.00099999999999989
3.111,0.06333,0.00099999999999989
3.112,0.06336,0.00100000000000033
3.113,0.06339,0.00099999999999989
3.114,0.06342,0.00099999999999989
3.115,0.06345,0.00099999999999989
3.116,0.06348,0.00100000000000033
3.117,0.06351,0.00099999999999989
3.118,0.06354,0.00099999999999989
3.119,0.06357,0.00099999999999989
3.12,0.0636,0.00100000000000033
3.121,0.06363,0.00099999999999989
3.122,0.06366,0.00099999999999989
3.123,0.06369,0.00099999999999989
3.124,0.06372,0.00100000000000033
3.125,0.06375,0.00099999999999989
3.126,0.06378,0.00099999999999989
3.127,0.06381,0.00099999999999989
3.128,0.06384,0.00100000000000033
3.129,0.06387,0.00099999999999989
3.13,0.0639,0.00099999999999989
3.131,0.06393,0.00099999999999989
3.132,0.06396,0.00100000000000033
3.133,0.06399,0.00099999999999989
3.134,0.06402,0.00099999999999989
3.135,0.06405,0.00099999999999989
3.136,0.06408,0.00100000000000033
3.137,0.06411,0.00099999999999989
3.138,0.06414,0.00099999999999989
3.139,0.06417,0.00099999999999989
3.14,0.0642,0.00100000000000033
3.141,0.06423,0.00099999999999989
3.142,0.06426,0.00099999999999989
3.143,0.06429,0.00099999999999989
3.144,0.06432,0.00100000000000033
3.145,0.06435,0.00099999999999989
3.146,0.06438,0.00099999999999989
3.147,0.06441,0.00099999999999989
3.148,0.06444,0.00100000000000033
3.149,0.06447,0.00099999999999989
3.15,0.0645,0.00099999999999989
3.151,0.06453,0.00099999999999989
3.152,0.06456,0.00100000000000033
3.153,0.06459,0.00099999999999989
3.154,0.06462,0.00099999999999989
3.155,0.06465,0.00099999999999989
3.156,0.06468,0.00100000000000033
3.157,0.06471,0.00099999999999989
3.158,0.06474,0.00099999999999989
3.159,0.06477,0.00099999999999989
3.16,0.0648,0.00100000000000033
3.161,0.06483,0.00099999999999989
3.162,0.06486,0.00099999999999989
3.163,0.06489,0.00099999999999989
3.164,0.06492,0.00100000000000033
3.165,0.06495,0.00099999999999989
3.166,0.06498,0.00099999999999989
3.167,0.06501,0.00099999999999989
3.168,0.06504,0.00100000000000033
3.169,0.06507,0.00099999999999989
3.17,0.0651,0.00099999999999989
3.171,0.06513,0.00099999999999989
3.172,0.06516,0.00100000000000033
3.173,0.06519,0.00099999999999989
3.174,0.06522,0.00099999999999989
3.175,0.06525,0.00099999999999989
3.176,0.06528,0.00100000000000033
3.177,0.06531,0.00099999999999989
3.178,0.06534,0.00099999999999989
3.179,0.06537,0.00099999999999989
3.18,0.0654,0.00099999999999989
3.181,0.06543,0.00100000000000033
3.182,0.06546,0.00099999999999989
3.183,0.06549,0.00099999999999989
3.184,0.06552,0.00099999999999989
3.185,0.06555,0.00100000000000033
3.186,0.06558,0.00099999999999989
3.187,0.06561,0.00099999999999989
3.188,0.06564,0.00099999999999989
3.189,0.06567,0.00100000000000033
3.19,0.0657,0.00099999999999989
3.191,0.06573,0.00099999999999989
3.192,0.06576,0.00099999999999989
3.193,0.06579,0.00100000000000033
3.194,0.06582,0.00099999999999989
3.195,0.06585,0.00099999999999989
3.196,0.06588,0.00099999999999989
3.197,0.06591,0.00100000000000033
3.198,0.06594,0.00099999999999989
3.199,0.06597,0.00099999999999989
3.2,0.066,0.00099999999999989
3.201,0.06603,0.00100000000000033
3.202,0.06606,0.00099999999999989
3.203,0.06609,0.00099999999999989
3.204,0.06612,0.00099999999999989
3.205,0.06615,0.00100000000000033
3.206,0.06618,0.00099999999999989
3.207,0.06621,0.00099999999999989
3.208,0.06624,0.00099999999999989
3.209,0.06627,0.00100000000000033
3.21,0.0663,0.00099999999999989
3.211,0.06633,0.00099999999999989
3.212,0.06636,0.00099999999999989
3.213,0.06639,0.00100000000000033
3.214,0.06642,0.00099999999999989
3.215,0.06645,0.00099999999999989
3.216,0.06648,0.00099999999999989
3.217,0.06651,0.00100000000000033
3.218,0.06654,0.00099999999999989
3.219,0.06657,0.00099999999999989
3.22,0.0666,0.00099999999999989
3.221,0.06663,0.00100000000000033
3.222,0.06666,0.00099999999999989
3.223,0.06669,0.00099999999999989
3.224,0.06672,0.00099999999999989
3.225,0.06675,0.00100000000000033
3.226,0.06678,0.00099999999999989
3.227,0.06681,0.00099999999999989
3.228,0.06684,0.00099999999999989
3.229,0.06687,0.00100000000000033
3.23,0.0669,0.00099999999999989
3.231,0.06693,0.00099999999999989
3.232,0.06696,0.00099999999999989
3.233,0.06699,0.00100000000000033
3.234,0.06702,0.00099999999999989
3.235,0.06705,0.00099999999999989
3.236,0.06708,0.00099999999999989
3.237,0.06711,0.00100000000000033
3.238,0.06714,0.00099999999999989
3.239,0.06717,0.00099999999999989
3.24,0.0672,0.00099999999999989
3.241,0.06723,0.00100000000000033
3.242,0.06726,0.00099999999999989
3.243,0.06729,0.00099999999999989
3.244,0.06732,0.00099999999999989
3.245,0.06735,0.00100000000000033
3.246,0.06738,0.00099999999999989
3.247,0.06741,0.00099999999999989
3.248,0.06744,0.00099999999999989
3.249,0.06747,0.00100000000000033
3.25,0.0675,0.00099999999999989
3.251,0.06753,0.00099999999999989
3.252,0.06756,0.00099999999999989
3.253,0.06759,0.00100000000000033
3.254,0.06762,0.00099999999999989
3.255,0.06765,0.00099999999999989
3.256,0.06768,0.00099999999999989
3.257,0.06771,0.00100000000000033
3.258,0.06774,0.00099999999999989
3.259,0.06777,0.00099999999999989
3.26,0.0678,0.00099999999999989
3.261,0.06783,0.00100000000000033
3.262,0.06786,0.00099999999999989
3.263,0.06789,0.00099999999999989
3.264,0.06792,0.00099999999999989
3.265,0.06795,0.00100000000000033
3.266,0.06798,0.00099999999999989
3.267,0.06801,0.00099999999999989
3.268,0.06804,0.00099999999999989
3.269,0.06807,0.00100000000000033
3.27,0.0681,0.00099999999999989
3.271,0.06813,0.00099999999999989
3.272,0.06816,0.00099999999999989
3.273,0.06819,0.00100000000000033
3.274,0.06822,0.00099999999999989
3.275,0.06825,0.00099999999999989
3.276,0.06828,0.00099999999999989
3.277,0.06831,0.00100000000000033
3.278,0.06834,0.00099999999999989
3.279,0.06837,0.00099999999999989
3.28,0.0684,0.00099999999999989
3.281,0.06843,0.00100000000000033
3.282,0.06846,0.00099999999999989
3.283,0.06849,0.00099999999999989
3.284,0.06852,0.00099999999999989
3.285,0.06855,0.00100000000000033
3.286,0.06858,0.00099999999999989
3.287,0.06861,0.00099999999999989
3.288,0.06864,0.00099999999999989
3.289,0.06867,0.00100000000000033
3.29,0.0687,0.00099999999999989
3.291,0.06873,0.00099999999999989
3.292,0.06876,0.00099999999999989
3.293,0.06879,0.00100000000000033
3.294,0.06882,0.00099999999999989
3.295,0.06885,0.00099999999999989
3.296,0.06888,0.00099999999999989
3.297,0.06891,0.00100000000000033
3.298,0.06894,0.00099999999999989
3.299,0.06897,0.00099999999999989
3.3,0.069,0.00099999999999989
3.301,0.06903,0.00100000000000033
3.302,0.06906,0.00099999999999989
3.303,0.06909,0.00099999999999989
3.304,0.06912,0.00099999999999989
3.305,0.06915,0.00100000000000033
3.306,0.06918,0.00099999999999989
3.307,0.06921,0.00099999999999989
3.308,0.06924,0.00099999999999989
3.309,0.06927,0.00099999999999989
3.31,0.0693,0.00100000000000033
3.311,0.06933,0.00099999999999989
3.312,0.06936,0.00099999999999989
3.313,0.06939,0.00099999999999989
3.314,0.06942,0.00100000000000033
3.315,0.06945,0.00099999999999989
3.316,0.06948,0.00099999999999989
3.317,0.06951,0.00099999999999989
3.318,0.06954,0.00100000000000033
3.319,0.06957,0.00099999999999989
3.32,0.0696,0.00099999999999989
3.321,0.06963,0.00099999999999989
3.322,0.06966,0.00100000000000033
3.323,0.06969,0.00099999999999989
3.324,0.06972,0.00099999999999989
3.325,0.06975,0.00099999999999989
3.326,0.06978,0.00100000000000033
3.327,0.06981,0.00099999999999989
3.328,0.06984,0.00099999999999989
3.329,0.06987,0.00099999999999989
3.33,0.0699,0.00100000000000033
3.331,0.06993,0.00099999999999989
3.332,0.06996,0.00099999999999989
3.333,0.06999,0.00099999999999989
3.334,0.07002,0.00100000000000033
3.335,0.07005,0.00099999999999989
3.336,0.07008,0.00099999999999989
3.337,0.07011,0.00099999999999989
3.338,0.07014,0.00100000000000033
3.339,0.07017,0.00099999999999989
3.34,0.0702,0.00099999999999989
3.341,0.07023,0.00099999999999989
3.342,0.07026,0.00100000000000033
3.343,0.07029,0.00099999999999989
3.344,0.07032,0.00099999999999989
3.345,0.07035,0.00099999999999989
3.346,0.07038,0.00100000000000033
3.347,0.07041,0.00099999999999989
3.348,0.07044,0.00099999999999989
3.349,0.07047,0.00099999999999989
3.35,0.0705,0.00100000000000033
3.351,0.07053,0.00099999999999989
3.352,0.07056,0.00099999999999989
3.353,0.07059,0.00099999999999989
3.354,0.07062,0.00100000000000033
3.355,0.07065,0.00099999999999989
3.356,0.07068,0.00099999999999989
3.357,0.07071,0.00099999999999989
3.358,0.07074,0.00100000000000033
3.359,0.07077,0.00099999999999989
3.36,0.0708,0.00099999999999989
3.361,0.07083,0.00099999999999989
3.362,0.07086,0.00100000000000033
3.363,0.07089,0.00099999999999989
3.364,0.07092,0.00099999999999989
3.365,0.07095,0.00099999999999989
3.366,0.07098,0.00100000000000033
3.367,0.07101,0.00099999999999989
3.368,0.07104,0.00099999999999989
3.369,0.07107,0.00099999999999989
3.37,0.0711,0.00100000000000033
3.371,0.07113,0.00099999999999989
3.372,0.07116,0.00099999999999989
3.373,0.07119,0.00099999999999989
3.374,0.07122,0.00100000000000033
3.375,0.07125,0.00099999999999989
3.376,0.07128,0.00099999999999989
3.377,0.07131,0.00099999999999989
3.378,0.07134,0.00100000000000033
3.379,0.07137,0.00099999999999989
3.38,0.0714,0.00099999999999989
3.381,0.07143,0.00099999999999989
3.382,0.07146,0.00100000000000033
3.383,0.07149,0.00099999999999989
3.384,0.07152,0.00099999999999989
3.385,0.07155,0.00099999999999989
3.386,0.07158,0.00100000000000033
3.387,0.07161,0.00099999999999989
3.388,0.07164,0.00099999999999989
3.389,0.07167,0.00099999999999989
3.39,0.0717,0.00100000000000033
3.391,0.07173,0.00099999999999989
3.392,0.07176,0.00099999999999989
3.393,0.07179,0.00099999999999989
3.394,0.07182,0.00100000000000033
3.395,0.07185,0.00099999999999989
3.396,0.07188,0.00099999999999989
3.397,0.07191,0.00099999999999989
3.398,0.07194,0.00100000000000033
3.399,0.07197,0.00099999999999989
3.4,0.072,0.00099999999999989
3.401,0.07203,0.00099999999999989
3.402,0.07206,0.00100000000000033
3.403,0.07209,0.00099999999999989
3.404,0.07212,0.00099999999999989
3.405,0.07215,0.00099999999999989
3.406,0.07218,0.00100000000000033
3.407,0.07221,0.00099999999999989
3.408,0.07224,0.00099999999999989
3.409,0.07227,0.00099999999999989
3.41,0.0723,0.00100000000000033
3.411,0.07233,0.00099999999999989
3.412,0.07236,0.00099999999999989
3.413,0.07239,0.00099999999999989
3.414,0.07242,0.00100000000000033
3.415,0.07245,0.00099999999999989
3.416,0.07248,0.00099999999999989
3.417,0.07251,0.00099999999999989
3.418,0.07254,0.00100000000000033
3.419,0.07257,0.00099999999999989
3.42,0.0726,0.00099999999999989
3.421,0.07263,0.00099999999999989
3.422,0.07266,0.00100000000000033
3.423,0.07269,0.00099999999999989
3.424,0.07272,0.00099999999999989
3.425,0.07275,0.00099999999999989
3.426,0.07278,0.00100000000000033
3.427,0.07281,0.00099999999999989
3.428,0.07284,0.00099999999999989
3.429,0.07287,0.00099999999999989
3.43,0.0729,0.00100000000000033
3.431,0.07293,0.00099999999999989
3.432,0.07296,0.00099999999999989
3.433,0.07299,0.00099999999999989
3.434,0.07302,0.00099999999999989
3.435,0.07305,0.00100000000000033
3.436,0.07308,0.00099999999999989
3.437,0.07311,0.00099999999999989
3.438,0.07314,0.00099999999999989
3.439,0.07317,0.00100000000000033
3.44,0.0732,0.00099999999999989
3.441,0.07323,0.00099999999999989
3.442,0.07326,0.00099999999999989
3.443,0.07329,0.00100000000000033
3.444,0.07332,0.00099999999999989
3.445,0.07335,0.00099999999999989
3.446,0.07338,0.00099999999999989
3.447,0.07341,0.00100000000000033
3.448,0.07344,0.00099999999999989
3.449,0.07347,0.00099999999999989
3.45,0.0735,0.00099999999999989
3.451,0.07353,0.00100000000000033
3.452,0.07356,0.00099999999999989
3.453,0.07359,0.00099999999999989
3.454,0.07362,0.00099999999999989
3.455,0.07365,0.00100000000000033
3.456,0.07368,0.00099999999999989
3.457,0.07371,0.00099999999999989
3.458,0.07374,0.00099999999999989
3.459,0.07377,0.00100000000000033
3.46,0.0738,0.00099999999999989
3.461,0.07383,0.00099999999999989
3.462,0.07386,0.00099999999999989
3.463,0.07389,0.00100000000000033
3.464,0.07392,0.00099999999999989
3.465,0.07395,0.00099999999999989
3.466,0.07398,0.00099999999999989
3.467,0.07401,0.00100000000000033
3.468,0.07404,0.00099999999999989
3.469,0.07407,0.00099999999999989
3.47,0.0741,0.00099999999999989
3.471,0.07413,0.00100000000000033
3.472,0.07416,0.00099999999999989
3.473,0.07419,0.00099999999999989
3.474,0.07422,0.00099999999999989
3.475,0.07425,0.00100000000000033
3.476,0.07428,0.00099999999999989
3.477,0.07431,0.00099999999999989
3.478,0.07434,0.00099999999999989
3.479,0.07437,0.00100000000000033
3.48,0.0744,0.00099999999999989
3.481,0.07443,0.00099999999999989
3.482,0.07446,0.00099999999999989
3.483,0.07449,0.00100000000000033
3.484,0.07452,0.00099999999999989
3.485,0.07455,0.00099999999999989
3.486,0.07458,0.00099999999999989
3.487,0.07461,0.00100000000000033
3.488,0.07464,0.00099999999999989
3.489,0.07467,0.00099999999999989
3.49,0.0747,0.00099999999999989
3.491,0.07473,0.00100000000000033
3.492,0.07476,0.00099999999999989
3.493,0.07479,0.00099999999999989
3.494,0.07482,0.00099999999999989
3.495,0.07485,0.00100000000000033
3.496,0.07488,0.00099999999999989
3.497,0.07491,0.00099999999999989
3.498,0.07494,0.00099999999999989
3.499,0.07497,0.00100000000000033
3.5,0.075,0.00099999999999989
3.501,0.07503,0.00099999999999989
3.502,0.07506,0.00099999999999989
3.503,0.07509,0.00100000000000033
3.504,0.07512,0.00099999999999989
3.505,0.07515,0.00099999999999989
3.506,0.07518,0.00099999999999989
3.507,0.07521,0.00100000000000033
3.508,0.07524,0.00099999999999989
3.509,0.07527,0.00099999999999989
3.51,0.0753,0.00099999999999989
3.511,0.07533,0.00100000000000033
3.512,0.07536,0.00099999999999989
3.513,0.07539,0.00099999999999989
3.514,0.07542,0.00099999999999989
3.515,0.07545,0.00100000000000033
3.516,0.07548,0.00099999999999989
3.517,0.07551,0.00099999999999989
3.518,0.07554,0.00099999999999989
3.519,0.07557,0.00100000000000033
3.52,0.0756,0.00099999999999989
3.521,0.07563,0.00099999999999989
3.522,0.07566,0.00099999999999989
3.523,0.07569,0.00100000000000033
3.524,0.07572,0.00099999999999989
3.525,0.07575,0.00099999999999989
3.526,0.07578,0.00099999999999989
3.527,0.07581,0.00100000000000033
3.528,0.07584,0.00099999999999989
3.529,0.07587,0.00099999999999989
3.53,0.0759,0.00099999999999989
3.531,0.07593,0.00100000000000033
3.532,0.07596,0.00099999999999989
3.533,0.07599,0.00099999999999989
3.534,0.07602,0.00099999999999989
3.535,0.07605,0.00100000000000033
3.536,0.07608,0.00099999999999989
3.537,0.07611,0.00099999999999989
3.538,0.07614,0.00099999999999989
3.539,0.07617,0.00100000000000033
3.54,0.0762,0.00099999999999989
3.541,0.07623,0.00099999999999989
3.542,0.07626,0.00099999999999989
3.543,0.07629,0.00100000000000033
3.544,0.07632,0.00099999999999989
3.545,0.07635,0.00099999999999989
3.546,0.07638,0.00099999999999989
3.547,0.07641,0.00100000000000033
3.548,0.07644,0.00099999999999989
3.549,0.07647,0.00099999999999989
3.55,0.0765,0.00099999999999989
3.551,0.07653,0.00100000000000033
3.552,0.07656,0.00099999999999989
3.553,0.07659,0.00099999999999989
3.554,0.07662,0.00099999999999989
3.555,0.07665,0.00100000000000033
3.556,0.07668,0.00099999999999989
3.557,0.07671,0.00099999999999989
3.558,0.07674,0.00099999999999989
3.559,0.07677,0.00100000000000033
3.56,0.0768,0.00099999999999989
3.561,0.07683,0.00099999999999989
3.562,0.07686,0.00099999999999989
3.563,0.07689,0.00100000000000033
3.564,0.07692,0.00099999999999989
3.565,0.07695,0.00099999999999989
3.566,0.07698,0.00099999999999989
3.567,0.07701,0.00100000000000033
3.568,0.07704,0.00099999999999989
3.569,0.07707,0.00099999999999989
3.57,0.0771,0.00099999999999989
3.571,0.07713,0.00099999999999989
3.572,0.07716,0.00100000000000033
3.573,0.07719,0.00099999999999989
3.574,0.07722,0.00099999999999989
3.575,0.07725,0.00099999999999989
3.576,0.07728,0.00100000000000033
3.577,0.07731,0.00099999999999989
3.578,0.07734,0.00099999999999989
3.579,0.07737,0.00099999999999989
3.58,0.0774,0.00100000000000033
3.581,0.07743,0.00099999999999989
3.582,0.07746,0.00099999999999989
3.583,0.07749,0.00099999999999989
3.584,0.07752,0.00100000000000033
3.585,0.07755,0.00099999999999989
3.586,0.07758,0.00099999999999989
3.587,0.07761,0.00099999999999989
3.588,0.07764,0.00100000000000033
3.589,0.07767,0.00099999999999989
3.59,0.0777,0.00099999999999989
3.591,0.07773,0.00099999999999989
3.592,0.07776,0.00100000000000033
3.593,0.07779,0.00099999999999989
3.594,0.07782,0.00099999999999989
3.595,0.07785,0.00099999999999989
3.596,0.07788,0.00100000000000033
3.597,0.07791,0.00099999999999989
3.598,0.07794,0.00099999999999989
3.599,0.07797,0.00099999999999989
3.6,0.078,0.00100000000000033
3.601,0.07803,0.00099999999999989
3.602,0.07806,0.00099999999999989
3.603,0.07809,0.00099999999999989
3.604,0.07812,0.00100000000000033
3.605,0.07815,0.00099999999999989
3.606,0.07818,0.00099999999999989
3.607,0.07821,0.00099999999999989
3.608,0.07824,0.00100000000000033
3.609,0.07827,0.00099999999999989
3.61,0.0783,0.00099999999999989
3.611,0.07833,0.00099999999999989
3.612,0.07836,0.00100000000000033
3.613,0.07839,0.00099999999999989
3.614,0.07842,0.00099999999999989
3.615,0.07845,0.00099999999999989
3.616,0.07848,0.00100000000000033
3.617,0.07851,0.00099999999999989
3.618,0.07854,0.00099999999999989
3.619,0.07857,0.00099999999999989
3.62,0.0786,0.00100000000000033
3.621,0.07863,0.00099999999999989
3.622,0.07866,0.00099999999999989
3.623,0.07869,0.00099999999999989
3.624,0.07872,0.00100000000000033
3.625,0.07875,0.00099999999999989
3.626,0.07878,0.00099999999999989
3.627,0.07881,0.00099999999999989
3.628,0.07884,0.00100000000000033
3.629,0.07887,0.00099999999999989
3.63,0.0789,0.00099999999999989
3.631,0.07893,0.00099999999999989
3.632,0.07896,0.00100000000000033
3.633,0.07899,0.00099999999999989
3.634,0.07902,0.00099999999999989
3.635,0.07905,0.00099999999999989
3.636,0.07908,0.00100000000000033
3.637,0.07911,0.00099999999999989
3.638,0.07914,0.00099999999999989
3.639,0.07917,0.00099999999999989
3.64,0.0792,0.00100000000000033
3.641,0.07923,0.00099999999999989
3.642,0.07926,0.00099999999999989
3.643,0.07929,0.00099999999999989
3.644,0.07932,0.00100000000000033
3.645,0.07935,0.00099999999999989
3.646,0.07938,0.00099999999999989
3.647,0.07941,0.00099999999999989
3.648,0.07944,0.00100000000000033
3.649,0.07947,0.00099999999999989
3.65,0.0795,0.00099999999999989
3.651,0.07953,0.00099999999999989
3.652,0.07956,0.00100000000000033
3.653,0.07959,0.00099999999999989
3.654,0.07962,0.00099999999999989
3.655,0.07965,0.00099999999999989
3.656,0.07968,0.00100000000000033
3.657,0.07971,0.00099999999999989
3.658,0.07974,0.00099999999999989
3.659,0.07977,0.00099999999999989
3.66,0.0798,0.00100000000000033
3.661,0.07983,0.00099999999999989
3.662,0.07986,0.00099999999999989
3.663,0.07989,0.00099999999999989
3.664,0.07992,0.00100000000000033
3.665,0.07995,0.00099999999999989
3.666,0.07998,0.00099999999999989
3.667,0.08001,0.00099999999999989
3.668,0.08004,0.00100000000000033
3.669,0.08007,0.00099999999999989
3.67,0.0801,0.00099999999999989
3.671,0.08013,0.00099999999999989
3.672,0.08016,0.00100000000000033
3.673,0.08019,0.00099999999999989
3.674,0.08022,0.00099999999999989
3.675,0.08025,0.00099999999999989
3.676,0.08028,0.00100000000000033
3.677,0.08031,0.00099999999999989
3.678,0.08034,0.00099999999999989
3.679,0.08037,0.00099999999999989
3.68,0.0804,0.00100000000000033
3.681,0.08043,0.00099999999999989
3.682,0.08046,0.00099999999999989
3.683,0.08049,0.00099999999999989
3.684,0.08052,0.00100000000000033
3.685,0.08055,0.00099999999999989
3.686,0.08058,0.00099999999999989
3.687,0.08061,0.00099999999999989
3.688,0.08064,0.00100000000000033
3.689,0.08067,0.00099999999999989
3.69,0.0807,0.00099999999999989
3.691,0.08073,0.00099999999999989
3.692,0.08076,0.00100000000000033
3.693,0.08079,0.00099999999999989
3.694,0.08082,0.00099999999999989
3.695,0.08085,0.00099999999999989
3.696,0.08088,0.00099999999999989
3.697,0.08091,0.00100000000000033
3.698,0.08094,0.00099999999999989
3.699,0.08097,0.00099999999999989
3.7,0.081,0.00099999999999989
3.701,0.08103,0.00100000000000033
3.702,0.08106,0.00099999999999989
3.703,0.08109,0.00099999999999989
3.704,0.08112,0.00099999999999989
3.705,0.08115,0.00100000000000033
3.706,0.08118,0.00099999999999989
3.707,0.08121,0.00099999999999989
3.708,0.08124,0.00099999999999989
3.709,0.08127,0.00100000000000033
3.71,0.0813,0.00099999999999989
3.711,0.08133,0.00099999999999989
3.712,0.08136,0.00099999999999989
3.713,0.08139,0.00100000000000033
3.714,0.08142,0.00099999999999989
3.715,0.08145,0.00099999999999989
3.716,0.08148,0.00099999999999989
3.717,0.08151,0.00100000000000033
3.718,0.08154,0.00099999999999989
3.719,0.08157,0.00099999999999989
3.72,0.0816,0.00099999999999989
3.721,0.08163,0.00100000000000033
3.722,0.08166,0.00099999999999989
3.723,0.08169,0.00099999999999989
3.724,0.08172,0.00099999999999989
3.725,0.08175,0.00100000000000033
3.726,0.08178,0.00099999999999989
3.727,0.08181,0.00099999999999989
3.728,0.08184,0.00099999999999989
3.729,0.08187,0.00100000000000033
3.73,0.0819,0.00099999999999989
3.731,0.08193,0.00099999999999989
3.732,0.08196,0.00099999999999989
3.733,0.08199,0.00100000000000033
3.734,0.08202,0.00099999999999989
3.735,0.08205,0.00099999999999989
3.736,0.08208,0.00099999999999989
3.737,0.08211,0.00100000000000033
3.738,0.08214,0.00099999999999989
3.739,0.08217,0.00099999999999989
3.74,0.0822,0.00099999999999989
3.741,0.08223,0.00100000000000033
3.742,0.08226,0.00099999999999989
3.743,0.08229,0.00099999999999989
3.744,0.08232,0.00099999999999989
3.745,0.08235,0.00100000000000033
3.746,0.08238,0.00099999999999989
3.747,0.08241,0.00099999999999989
3.748,0.08244,0.00099999999999989
3.749,0.08247,0.00100000000000033
3.75,0.0825,0.00099999999999989
3.751,0.08253,0.00099999999999989
3.752,0.08256,0.00099999999999989
3.753,0.08259,0.00100000000000033
3.754,0.08262,0.00099999999999989
3.755,0.08265,0.00099999999999989
3.756,0.08268,0.00099999999999989
3.757,0.08271,0.00100000000000033
3.758,0.08274,0.00099999999999989
3.759,0.08277,0.00099999999999989
3.76,0.0828,0.00099999999999989
3.761,0.08283,0.00100000000000033
3.762,0.08286,0.00099999999999989
3.763,0.08289,0.00099999999999989
3.764,0.08292,0.00099999999999989
3.765,0.08295,0.00100000000000033
3.766,0.08298,0.00099999999999989
3.767,0.08301,0.00099999999999989
3.768,0.08304,0.00099999999999989
3.769,0.08307,0.00100000000000033
3.77,0.0831,0.00099999999999989
3.771,0.08313,0.00099999999999989
3.772,0.08316,0.00099999999999989
3.773,0.08319,0.00100000000000033
3.774,0.08322,0.00099999999999989
3.775,0.08325,0.00099999999999989
3.776,0.08328,0.00099999999999989
3.777,0.08331,0.00100000000000033
3.778,0.08334,0.00099999999999989
3.779,0.08337,0.00099999999999989
3.78,0.0834,0.00099999999999989
3.781,0.08343,0.00100000000000033
3.782,0.08346,0.00099999999999989
3.783,0.08349,0.00099999999999989
3.784,0.08352,0.00099999999999989
3.785,0.08355,0.00100000000000033
3.786,0.08358,0.00099999999999989
3.787,0.08361,0.00099999999999989
3.788,0.08364,0.00099999999999989
3.789,0.08367,0.00100000000000033
3.79,0.0837,0.00099999999999989
3.791,0.08373,0.00099999999999989
3.792,0.08376,0.00099999999999989
3.793,0.08379,0.00100000000000033
3.794,0.08382,0.00099999999999989
3.795,0.08385,0.00099999999999989
3.796,0.08388,0.00099999999999989
3.797,0.08391,0.00100000000000033
3.798,0.08394,0.00099999999999989
3.799,0.08397,0.00099999999999989
3.8,0.084,0.00099999999999989
3.801,0.08403,0.00100000000000033
3.802,0.08406,0.00099999999999989
3.803,0.08409,0.00099999999999989
3.804,0.08412,0.00099999999999989
3.805,0.08415,0.00100000000000033
3.806,0.08418,0.00099999999999989
3.807,0.08421,0.00099999999999989
3.808,0.08424,0.00099999999999989
3.809,0.08427,0.00100000000000033
3.81,0.0843,0.00099999999999989
3.811,0.08433,0.00099999999999989
3.812,0.08436,0.00099999999999989
3.813,0.08439,0.00100000000000033
3.814,0.08442,0.00099999999999989
3.815,0.08445,0.00099999999999989
3.816,0.08448,0.00099999999999989
3.817,0.08451,0.00100000000000033
3.818,0.08454,0.00099999999999989
3.819,0.08457,0.00099999999999989
3.82,0.0846,0.00099999999999989
3.821,0.08463,0.00100000000000033
3.822,0.08466,0.00099999999999989
3.823,0.08469,0.00099999999999989
3.824,0.08472,0.00099999999999989
3.825,0.08475,0.00099999999999989
3.826,0.08478,0.00100000000000033
3.827,0.08481,0.00099999999999989
3.828,0.08484,0.00099999999999989
3.829,0.08487,0.00099999999999989
3.83,0.0849,0.00100000000000033
3.831,0.08493,0.00099999999999989
3.832,0.08496,0.00099999999999989
3.833,0.08499,0.00099999999999989
3.834,0.08502,0.00100000000000033
3.835,0.08505,0.00099999999999989
3.836,0.08508,0.00099999999999989
3.837,0.08511,0.00099999999999989
3.838,0.08514,0.00100000000000033
3.839,0.08517,0.00099999999999989
3.84,0.0852,0.00099999999999989
3.841,0.08523,0.00099999999999989
3.842,0.08526,0.00100000000000033
3.843,0.08529,0.00099999999999989
3.844,0.08532,0.00099999999999989
3.845,0.08535,0.00099999999999989
3.846,0.08538,0.00100000000000033
3.847,0.08541,0.00099999999999989
3.848,0.08544,0.00099999999999989
3.849,0.08547,0.00099999999999989
3.85,0.0855,0.00100000000000033
3.851,0.08553,0.00099999999999989
3.852,0.08556,0.00099999999999989
3.853,0.08559,0.00099999999999989
3.854,0.08562,0.00100000000000033
3.855,0.08565,0.00099999999999989
3.856,0.08568,0.00099999999999989
3.857,0.08571,0.00099999999999989
3.858,0.08574,0.00100000000000033
3.859,0.08577,0.00099999999999989
3.86,0.0858,0.00099999999999989
3.861,0.08583,0.00099999999999989
3.862,0.08586,0.00100000000000033
3.863,0.08589,0.00099999999999989
3.864,0.08592,0.00099999999999989
3.865,0.08595,0.00099999999999989
3.866,0.08598,0.00100000000000033
3.867,0.08601,0.00099999999999989
3.868,0.08604,0.00099999999999989
3.869,0.08607,0.00099999999999989
3.87,0.0861,0.00100000000000033
3.871,0.08613,0.00099999999999989
3.872,0.08616,0.00099999999999989
3.873,0.08619,0.00099999999999989
3.874,0.08622,0.00100000000000033
3.875,0.08625,0.00099999999999989
3.876,0.08628,0.00099999999999989
3.877,0.08631,0.00099999999999989
3.878,0.08634,0.00100000000000033
3.879,0.08637,0.00099999999999989
3.88,0.0864,0.00099999999999989
3.881,0.08643,0.00099999999999989
3.882,0.08646,0.00100000000000033
3.883,0.08649,0.00099999999999989
3.884,0.08652,0.00099999999999989
3.885,0.08655,0.00099999999999989
3.886,0.08658,0.00100000000000033
3.887,0.08661,0.00099999999999989
3.888,0.08664,0.00099999999999989
3.889,0.08667,0.00099999999999989
3.89,0.0867,0.00100000000000033
3.891,0.08673,0.00099999999999989
3.892,0.08676,0.00099999999999989
3.893,0.08679,0.00099999999999989
3.894,0.08682,0.00100000000000033
3.895,0.08685,0.00099999999999989
3.896,0.08688,0.00099999999999989
3.897,0.08691,0.00099999999999989
3.898,0.08694,0.00100000000000033
3.899,0.08697,0.00099999999999989
3.9,0.087,0.00099999999999989
3.901,0.08703,0.00099999999999989
3.902,0.08706,0.00100000000000033
3.903,0.08709,0.00099999999999989
3.904,0.08712,0.00099999999999989
3.905,0.08715,0.00099999999999989
3.906,0.08718,0.00100000000000033
3.907,0.08721,0.00099999999999989
3.908,0.08724,0.00099999999999989
3.909,0.08727,0.00099999999999989
3.91,0.0873,0.00100000000000033
3.911,0.08733,0.00099999999999989
3.912,0.08736,0.00099999999999989
3.913,0.08739,0.00099999999999989
3.914,0.08742,0.00100000000000033
3.915,0.08745,0.00099999999999989
3.916,0.08748,0.00099999999999989
3.917,0.08751,0.00099999999999989
3.918,0.08754,0.00100000000000033
3.919,0.08757,0.00099999999999989
3.92,0.0876,0.00099999999999989
3.921,0.08763,0.00099999999999989
3.922,0.08766,0.00100000000000033
3.923,0.08769,0.00099999999999989
3.924,0.08772,0.00099999999999989
3.925,0.08775,0.00099999999999989
3.926,0.08778,0.00100000000000033
3.927,0.08781,0.00099999999999989
3.928,0.08784,0.00099999999999989
3.929,0.08787,0.00099999999999989
3.93,0.0879,0.00100000000000033
3.931,0.08793,0.00099999999999989
3.932,0.08796,0.00099999999999989
3.933,0.08799,0.00099999999999989
3.934,0.08802,0.00100000000000033
3.935,0.08805,0.00099999999999989
3.936,0.08808,0.00099999999999989
3.937,0.08811,0.00099999999999989
3.938,0.08814,0.00100000000000033
3.939,0.08817,0.00099999999999989
3.94,0.0882,0.00099999999999989
3.941,0.08823,0.00099999999999989
3.942,0.08826,0.00100000000000033
3.943,0.08829,0.00099999999999989
3.944,0.08832,0.00099999999999989
3.945,0.08835,0.00099999999999989
3.946,0.08838,0.00100000000000033
3.947,0.08841,0.00099999999999989
3.948,0.08844,0.00099999999999989
3.949,0.08847,0.00099999999999989
3.95,0.0885,0.00100000000000033
3.951,0.08853,0.00099999999999989
3.952,0.08856,0.00099999999999989
3.953,0.08859,0.00099999999999989
3.954,0.08862,0.00099999999999989
3.955,0.08865,0.00100000000000033
3.956,0.08868,0.00099999999999989
3.957,0.08871,0.00099999999999989
3.958,0.08874,0.00099999999999989
3.959,0.08877,0.00100000000000033
3.96,0.0888,0.00099999999999989
3.961,0.08883,0.00099999999999989
3.962,0.08886,0.00099999999999989
3.963,0.08889,0.00100000000000033
3.964,0.08892,0.00099999999999989
3.965,0.08895,0.00099999999999989
3.966,0.08898,0.00099999999999989
3.967,0.08901,0.00100000000000033
3.968,0.08904,0.00099999999999989
3.969,0.08907,0.00099999999999989
3.97,0.0891,0.00099999999999989
3.971,0.08913,0.00100000000000033
3.972,0.08916,0.00099999999999989
3.973,0.08919,0.00099999999999989
3.974,0.08922,0.00099999999999989
3.975,0.08925,0.00100000000000033
3.976,0.08928,0.00099999999999989
3.977,0.08931,0.00099999999999989
3.978,0.08934,0.00099999999999989
3.979,0.08937,0.00100000000000033
3.98,0.0894,0.00099999999999989
3.981,0.08943,0.00099999999999989
3.982,0.08946,0.00099999999999989
3.983,0.08949,0.00100000000000033
3.984,0.08952,0.00099999999999989
3.985,0.08955,0.00099999999999989
3.986,0.08958,0.00099999999999989
3.987,0.08961,0.00100000000000033
3.988,0.08964,0.00099999999999989
3.989,0.08967,0.00099999999999989
3.99,0.0897,0.00099999999999989
3.991,0.08973,0.00100000000000033
3.992,0.08976,0.00099999999999989
3.993,0.08979,0.00099999999999989
3.994,0.08982,0.00099999999999989
3.995,0.08985,0.00100000000000033
3.996,0.08988,0.00099999999999989
3.997,0.08991,0.00099999999999989
3.998,0.08994,0.00099999999999989
3.999,0.08997,0.00100000000000033
4,0.09,0.00099999999999989
4.001,0.09003,0.000999999999999446
4.002,0.09006,0.00100000000000033
4.003,0.09009,0.00100000000000033
4.004,0.09012,0.000999999999999446
4.005,0.09015,0.00100000000000033
4.006,0.09018,0.00100000000000033
4.007,0.09021,0.000999999999999446
4.008,0.09024,0.00100000000000033
4.009,0.09027,0.00100000000000033
4.01,0.0903,0.000999999999999446
4.011,0.09033,0.00100000000000033
4.012,0.09036,0.00100000000000033
4.013,0.09039,0.000999999999999446
4.014,0.09042,0.00100000000000033
4.015,0.09045,0.000999999999999446
4.016,0.09048,0.00100000000000033
4.017,0.09051,0.000999999999999446
4.018,0.09054,0.00100000000000033
4.019,0.09057,0.00100000000000033
4.02,0.0906,0.000999999999999446
4.021,0.09063,0.00100000000000033
4.022,0.09066,0.00100000000000033
4.023,0.09069,0.000999999999999446
4.024,0.09072,0.00100000000000033
4.025,0.09075,0.00100000000000033
4.026,0.09078,0.000999999999999446
4.027,0.09081,0.00100000000000033
4.028,0.09084,0.00100000000000033
4.029,0.09087,0.000999999999999446
4.03,0.0909,0.00100000000000033
4.031,0.09093,0.000999999999999446
4.032,0.09096,0.00100000000000033
4.033,0.09099,0.000999999999999446
4.034,0.09102,0.00100000000000033
4.035,0.09105,0.00100000000000033
4.036,0.09108,0.000999999999999446
4.037,0.09111,0.00100000000000033
4.038,0.09114,0.00100000000000033
4.039,0.09117,0.000999999999999446
4.04,0.0912,0.00100000000000033
4.041,0.09123,0.00100000000000033
4.042,0.09126,0.000999999999999446
4.043,0.09129,0.00100000000000033
4.044,0.09132,0.00100000000000033
4.045,0.09135,0.000999999999999446
4.046,0.09138,0.00100000000000033
4.047,0.09141,0.000999999999999446
4.048,0.09144,0.00100000000000033
4.049,0.09147,0.000999999999999446
4.05,0.0915,0.00100000000000033
4.051,0.09153,0.00100000000000033
4.052,0.09156,0.000999999999999446
4.053,0.09159,0.00100000000000033
4.054,0.09162,0.00100000000000033
4.055,0.09165,0.000999999999999446
4.056,0.09168,0.00100000000000033
4.057,0.09171,0.00100000000000033
4.058,0.09174,0.000999999999999446
4.059,0.09177,0.00100000000000033
4.06,0.0918,0.00100000000000033
4.061,0.09183,0.000999999999999446
4.062,0.09186,0.00100000000000033
4.063,0.09189,0.000999999999999446
4.064,0.09192,0.00100000000000033
4.065,0.09195,0.000999999999999446
4.066,0.09198,0.00100000000000033
4.067,0.09201,0.00100000000000033
4.068,0.09204,0.000999999999999446
4.069,0.09207,0.00100000000000033
4.07,0.0921,0.00100000000000033
4.071,0.09213,0.000999999999999446
4.072,0.09216,0.00100000000000033
4.073,0.09219,0.00100000000000033
4.074,0.09222,0.000999999999999446
4.075,0.09225,0.00100000000000033
4.076,0.09228,0.00100000000000033
4.077,0.09231,0.000999999999999446
4.078,0.09234,0.00100000000000033
4.079,0.09237,0.000999999999999446
4.08,0.0924,0.00100000000000033
4.081,0.09243,0.000999999999999446
4.082,0.09246,0.00100000000000033
4.083,0.09249,0.00100000000000033
4.084,0.09252,0.000999999999999446
4.085,0.09255,0.00100000000000033
4.086,0.09258,0.00100000000000033
4.087,0.09261,0.000999999999999446
4.088,0.09264,0.00100000000000033
4.089,0.09267,0.00100000000000033
4.09,0.0927,0.000999999999999446
4.091,0.09273,0.00100000000000033
4.092,0.09276,0.000999999999999446
4.093,0.09279,0.00100000000000033
4.094,0.09282,0.000999999999999446
4.095,0.09285,0.00100000000000033
4.096,0.09288,0.00100000000000033
4.097,0.09291,0.000999999999999446
4.098,0.09294,0.00100000000000033
4.099,0.09297,0.00100000000000033
4.1,0.093,0.000999999999999446
4.101,0.09303,0.00100000000000033
4.102,0.09306,0.00100000000000033
4.103,0.09309,0.000999999999999446
4.104,0.09312,0.00100000000000033
4.105,0.09315,0.00100000000000033
4.106,0.09318,0.000999999999999446
4.107,0.09321,0.00100000000000033
4.108,0.09324,0.000999999999999446
4.109,0.09327,0.00100000000000033
4.11,0.0933,0.000999999999999446
4.111,0.09333,0.00100000000000033
4.112,0.09336,0.00100000000000033
4.113,0.09339,0.000999999999999446
4.114,0.09342,0.00100000000000033
4.115,0.09345,0.00100000000000033
4.116,0.09348,0.000999999999999446
4.117,0.09351,0.00100000000000033
4.118,0.09354,0.00100000000000033
4.119,0.09357,0.000999999999999446
4.12,0.0936,0.00100000000000033
4.121,0.09363,0.00100000000000033
4.122,0.09366,0.000999999999999446
4.123,0.09369,0.00100000000000033
4.124,0.09372,0.000999999999999446
4.125,0.09375,0.00100000000000033
4.126,0.09378,0.000999999999999446
4.127,0.09381,0.00100000000000033
4.128,0.09384,0.00100000000000033
4.129,0.09387,0.000999999999999446
4.13,0.0939,0.00100000000000033
4.131,0.09393,0.00100000000000033
4.132,0.09396,0.000999999999999446
4.133,0.09399,0.00100000000000033
4.134,0.09402,0.00100000000000033
4.135,0.09405,0.000999999999999446
4.136,0.09408,0.00100000000000033
4.137,0.09411,0.00100000000000033
4.138,0.09414,0.000999999999999446
4.139,0.09417,0.00100000000000033
4.14,0.0942,0.000999999999999446
4.141,0.09423,0.00100000000000033
4.142,0.09426,0.000999999999999446
4.143,0.09429,0.00100000000000033
4.144,0.09432,0.00100000000000033
4.145,0.09435,0.000999999999999446
4.146,0.09438,0.00100000000000033
4.147,0.09441,0.00100000000000033
4.148,0.09444,0.000999999999999446
4.149,0.09447,0.00100000000000033
4.15,0.0945,0.00100000000000033
4.151,0.09453,0.000999999999999446
4.152,0.09456,0.00100000000000033
4.153,0.09459,0.00100000000000033
4.154,0.09462,0.000999999999999446
4.155,0.09465,0.00100000000000033
4.156,0.09468,0.000999999999999446
4.157,0.09471,0.00100000000000033
4.158,0.09474,0.000999999999999446
4.159,0.09477,0.00100000000000033
4.16,0.0948,0.00100000000000033
4.161,0.09483,0.000999999999999446
4.162,0.09486,0.00100000000000033
4.163,0.09489,0.00100000000000033
4.164,0.09492,0.000999999999999446
4.165,0.09495,0.00100000000000033
4.166,0.09498,0.00100000000000033
4.167,0.09501,0.000999999999999446
4.168,0.09504,0.00100000000000033
4.169,0.09507,0.00100000000000033
4.17,0.0951,0.000999999999999446
4.171,0.09513,0.00100000000000033
4.172,0.09516,0.000999999999999446
4.173,0.09519,0.00100000000000033
4.174,0.09522,0.000999999999999446
4.175,0.09525,0.00100000000000033
4.176,0.09528,0.00100000000000033
4.177,0.09531,0.000999999999999446
4.178,0.09534,0.00100000000000033
4.179,0.09537,0.00100000000000033
4.18,0.0954,0.000999999999999446
4.181,0.09543,0.00100000000000033
4.182,0.09546,0.00100000000000033
4.183,0.09549,0.000999999999999446
4.184,0.09552,0.00100000000000033
4.185,0.09555,0.00100000000000033
4.186,0.09558,0.000999999999999446
4.187,0.09561,0.00100000000000033
4.188,0.09564,0.000999999999999446
4.189,0.09567,0.00100000000000033
4.19,0.0957,0.000999999999999446
4.191,0.09573,0.00100000000000033
4.192,0.09576,0.00100000000000033
4.193,0.09579,0.000999999999999446
4.194,0.09582,0.00100000000000033
4.195,0.09585,0.00100000000000033
4.196,0.09588,0.000999999999999446
4.197,0.09591,0.00100000000000033
4.198,0.09594,0.00100000000000033
4.199,0.09597,0.000999999999999446
4.2,0.096,0.00100000000000033
4.201,0.09603,0.00100000000000033
4.202,0.09606,0.000999999999999446
4.203,0.09609,0.00100000000000033
4.204,0.09612,0.000999999999999446
4.205,0.09615,0.00100000000000033
4.206,0.09618,0.000999999999999446
4.207,0.09621,0.00100000000000033
4.208,0.09624,0.00100000000000033
4.209,0.09627,0.000999999999999446
4.21,0.0963,0.00100000000000033
4.211,0.09633,0.00100000000000033
4.212,0.09636,0.000999999999999446
4.213,0.09639,0.00100000000000033
4.214,0.09642,0.00100000000000033
4.215,0.09645,0.000999999999999446
4.216,0.09648,0.00100000000000033
4.217,0.09651,0.000999999999999446
4.218,0.09654,0.00100000000000033
4.219,0.09657,0.000999999999999446
4.22,0.0966,0.00100000000000033
4.221,0.09663,0.00100000000000033
4.222,0.09666,0.000999999999999446
4.223,0.09669,0.00100000000000033
4.224,0.09672,0.00100000000000033
4.225,0.09675,0.000999999999999446
4.226,0.09678,0.00100000000000033
4.227,0.09681,0.00100000000000033
4.228,0.09684,0.000999999999999446
4.229,0.09687,0.00100000000000033
4.23,0.0969,0.00100000000000033
4.231,0.09693,0.000999999999999446
4.232,0.09696,0.00100000000000033
4.233,0.09699,0.000999999999999446
4.234,0.09702,0.00100000000000033
4.235,0.09705,0.000999999999999446
4.236,0.09708,0.00100000000000033
4.237,0.09711,0.00100000000000033
4.238,0.09714,0.000999999999999446
4.239,0.09717,0.00100000000000033
4.24,0.0972,0.00100000000000033
4.241,0.09723,0.000999999999999446
4.242,0.09726,0.00100000000000033
4.243,0.09729,0.00100000000000033
4.244,0.09732,0.000999999999999446
4.245,0.09735,0.00100000000000033
4.246,0.09738,0.00100000000000033
4.247,0.09741,0.000999999999999446
4.248,0.09744,0.00100000000000033
4.249,0.09747,0.000999999999999446
4.25,0.0975,0.00100000000000033
4.251,0.09753,0.000999999999999446
4.252,0.09756,0.00100000000000033
4.253,0.09759,0.00100000000000033
4.254,0.09762,0.000999999999999446
4.255,0.09765,0.00100000000000033
4.256,0.09768,0.00100000000000033
4.257,0.09771,0.000999999999999446
4.258,0.09774,0.00100000000000033
4.259,0.09777,0.00100000000000033
4.26,0.0978,0.000999999999999446
4.261,0.09783,0.00100000000000033
4.262,0.09786,0.00100000000000033
4.263,0.09789,0.000999999999999446
4.264,0.09792,0.00100000000000033
4.265,0.09795,0.000999999999999446
4.266,0.09798,0.00100000000000033
4.267,0.09801,0.000999999999999446
4.268,0.09804,0.00100000000000033
4.269,0.09807,0.00100000000000033
4.27,0.0981,0.000999999999999446
4.271,0.09813,0.00100000000000033
4.272,0.09816,0.00100000000000033
4.273,0.09819,0.000999999999999446
4.274,0.09822,0.00100000000000033
4.275,0.09825,0.00100000000000033
4.276,0.09828,0.000999999999999446
4.277,0.09831,0.00100000000000033
4.278,0.09834,0.00100000000000033
4.279,0.09837,0.000999999999999446
4.28,0.0984,0.00100000000000033
4.281,0.09843,0.000999999999999446
4.282,0.09846,0.00100000000000033
4.283,0.09849,0.000999999999999446
4.284,0.09852,0.00100000000000033
4.285,0.09855,0.00100000000000033
4.286,0.09858,0.000999999999999446
4.287,0.09861,0.00100000000000033
4.288,0.09864,0.00100000000000033
4.289,0.09867,0.000999999999999446
4.29,0.0987,0.00100000000000033
4.291,0.09873,0.00100000000000033
4.292,0.09876,0.000999999999999446
4.293,0.09879,0.00100000000000033
4.294,0.09882,0.00100000000000033
4.295,0.09885,0.000999999999999446
4.296,0.09888,0.00100000000000033
4.297,0.09891,0.000999999999999446
4.298,0.09894,0.00100000000000033
4.299,0.09897,0.000999999999999446
4.3,0.099,0.00100000000000033
4.301,0.09903,0.00100000000000033
4.302,0.09906,0.000999999999999446
4.303,0.09909,0.00100000000000033
4.304,0.09912,0.00100000000000033
4.305,0.09915,0.000999999999999446
4.306,0.09918,0.00100000000000033
4.307,0.09921,0.00100000000000033
4.308,0.09924,0.000999999999999446
4.309,0.09927,0.00100000000000033
4.31,0.0993,0.00100000000000033
4.311,0.09933,0.000999999999999446
4.312,0.09936,0.00100000000000033
4.313,0.09939,0.000999999999999446
4.314,0.09942,0.00100000000000033
4.315,0.09945,0.000999999999999446
4.316,0.09948,0.00100000000000033
4.317,0.09951,0.00100000000000033
4.318,0.09954,0.000999999999999446
4.319,0.09957,0.00100000000000033
4.32,0.0996,0.00100000000000033
4.321,0.09963,0.000999999999999446
4.322,0.09966,0.00100000000000033
4.323,0.09969,0.00100000000000033
4.324,0.09972,0.000999999999999446
4.325,0.09975,0.00100000000000033
4.326,0.09978,0.00100000000000033
4.327,0.09981,0.000999999999999446
4.328,0.09984,0.00100000000000033
4.329,0.09987,0.000999999999999446
4.33,0.0999,0.00100000000000033
4.331,0.09993,0.000999999999999446
4.332,0.09996,0.00100000000000033
4.333,0.09999,0.00100000000000033
4.334,0.10002,0.000999999999999446
4.335,0.10005,0.00100000000000033
4.336,0.10008,0.00100000000000033
4.337,0.10011,0.000999999999999446
4.338,0.10014,0.00100000000000033
4.339,0.10017,0.00100000000000033
4.34,0.1002,0.000999999999999446
4.341,0.10023,0.00100000000000033
4.342,0.10026,0.000999999999999446
4.343,0.10029,0.00100000000000033
4.344,0.10032,0.000999999999999446
4.345,0.10035,0.00100000000000033
4.346,0.10038,0.00100000000000033
4.347,0.10041,0.000999999999999446
4.348,0.10044,0.00100000000000033
4.349,0.10047,0.00100000000000033
4.35,0.1005,0.000999999999999446
4.351,0.10053,0.00100000000000033
4.352,0.10056,0.00100000000000033
4.353,0.10059,0.000999999999999446
4.354,0.10062,0.00100000000000033
4.355,0.10065,0.00100000000000033
4.356,0.10068,0.000999999999999446
4.357,0.10071,0.00100000000000033
4.358,0.10074,0.000999999999999446
4.359,0.10077,0.00100000000000033
4.36,0.1008,0.000999999999999446
4.361,0.10083,0.00100000000000033
4.362,0.10086,0.00100000000000033
4.363,0.10089,0.000999999999999446
4.364,0.10092,0.00100000000000033
4.365,0.10095,0.00100000000000033
4.366,0.10098,0.000999999999999446
4.367,0.10101,0.00100000000000033
4.368,0.10104,0.00100000000000033
4.369,0.10107,0.000999999999999446
4.37,0.1011,0.00100000000000033
4.371,0.10113,0.00100000000000033
4.372,0.10116,0.000999999999999446
4.373,0.10119,0.00100000000000033
4.374,0.10122,0.000999999999999446
4.375,0.10125,0.00100000000000033
4.376,0.10128,0.000999999999999446
4.377,0.10131,0.00100000000000033
4.378,0.10134,0.00100000000000033
4.379,0.10137,0.000999999999999446
4.38,0.1014,0.00100000000000033
4.381,0.10143,0.00100000000000033
4.382,0.10146,0.000999999999999446
4.383,0.10149,0.00100000000000033
4.384,0.10152,0.00100000000000033
4.385,0.10155,0.000999999999999446
4.386,0.10158,0.00100000000000033
4.387,0.10161,0.00100000000000033
4.388,0.10164,0.000999999999999446
4.389,0.10167,0.00100000000000033
4.39,0.1017,0.000999999999999446
4.391,0.10173,0.00100000000000033
4.392,0.10176,0.000999999999999446
4.393,0.10179,0.00100000000000033
4.394,0.10182,0.00100000000000033
4.395,0.10185,0.000999999999999446
4.396,0.10188,0.00100000000000033
4.397,0.10191,0.00100000000000033
4.398,0.10194,0.000999999999999446
4.399,0.10197,0.00100000000000033
4.4,0.102,0.00100000000000033
4.401,0.10203,0.000999999999999446
4.402,0.10206,0.00100000000000033
4.403,0.10209,0.00100000000000033
4.404,0.10212,0.000999999999999446
4.405,0.10215,0.00100000000000033
4.406,0.10218,0.000999999999999446
4.407,0.10221,0.00100000000000033
4.408,0.10224,0.000999999999999446
4.409,0.10227,0.00100000000000033
4.41,0.1023,0.00100000000000033
4.411,0.10233,0.000999999999999446
4.412,0.10236,0.00100000000000033
4.413,0.10239,0.00100000000000033
4.414,0.10242,0.000999999999999446
4.415,0.10245,0.00100000000000033
4.416,0.10248,0.00100000000000033
4.417,0.10251,0.000999999999999446
4.418,0.10254,0.00100000000000033
4.419,0.10257,0.00100000000000033
4.42,0.1026,0.000999999999999446
4.421,0.10263,0.00100000000000033
4.422,0.10266,0.000999999999999446
4.423,0.10269,0.00100000000000033
4.424,0.10272,0.000999999999999446
4.425,0.10275,0.00100000000000033
4.426,0.10278,0.00100000000000033
4.427,0.10281,0.000999999999999446
4.428,0.10284,0.00100000000000033
4.429,0.10287,0.00100000000000033
4.43,0.1029,0.000999999999999446
4.431,0.10293,0.00100000000000033
4.432,0.10296,0.00100000000000033
4.433,0.10299,0.000999999999999446
4.434,0.10302,0.00100000000000033
4.435,0.10305,0.00100000000000033
4.436,0.10308,0.000999999999999446
4.437,0.10311,0.00100000000000033
4.438,0.10314,0.000999999999999446
4.439,0.10317,0.00100000000000033
4.44,0.1032,0.000999999999999446
4.441,0.10323,0.00100000000000033
4.442,0.10326,0.00100000000000033
4.443,0.10329,0.000999999999999446
4.444,0.10332,0.00100000000000033
4.445,0.10335,0.00100000000000033
4.446,0.10338,0.000999999999999446
4.447,0.10341,0.00100000000000033
4.448,0.10344,0.00100000000000033
4.449,0.10347,0.000999999999999446
4.45,0.1035,0.00100000000000033
4.451,0.10353,0.00100000000000033
4.452,0.10356,0.000999999999999446
4.453,0.10359,0.00100000000000033
4.454,0.10362,0.000999999999999446
4.455,0.10365,0.00100000000000033
4.456,0.10368,0.000999999999999446
4.457,0.10371,0.00100000000000033
4.458,0.10374,0.00100000000000033
4.459,0.10377,0.000999999999999446
4.46,0.1038,0.00100000000000033
4.461,0.10383,0.00100000000000033
4.462,0.10386,0.000999999999999446
4.463,0.10389,0.00100000000000033
4.464,0.10392,0.00100000000000033
4.465,0.10395,0.000999999999999446
4.466,0.10398,0.00100000000000033
4.467,0.10401,0.000999999999999446
4.468,0.10404,0.00100000000000033
4.469,0.10407,0.000999999999999446
4.47,0.1041,0.00100000000000033
4.471,0.10413,0.00100000000000033
4.472,0.10416,0.000999999999999446
4.473,0.10419,0.00100000000000033
4.474,0.10422,0.00100000000000033
4.475,0.10425,0.000999999999999446
4.476,0.10428,0.00100000000000033
4.477,0.10431,0.00100000000000033
4.478,0.10434,0.000999999999999446
4.479,0.10437,0.00100000000000033
4.48,0.1044,0.00100000000000033
4.481,0.10443,0.000999999999999446
4.482,0.10446,0.00100000000000033
4.483,0.10449,0.000999999999999446
4.484,0.10452,0.00100000000000033
4.485,0.10455,0.000999999999999446
4.486,0.10458,0.00100000000000033
4.487,0.10461,0.00100000000000033
4.488,0.10464,0.000999999999999446
4.489,0.10467,0.00100000000000033
4.49,0.1047,0.00100000000000033
4.491,0.10473,0.000999999999999446
4.492,0.10476,0.00100000000000033
4.493,0.10479,0.00100000000000033
4.494,0.10482,0.000999999999999446
4.495,0.10485,0.00100000000000033
4.496,0.10488,0.00100000000000033
4.497,0.10491,0.000999999999999446
4.498,0.10494,0.00100000000000033
4.499,0.10497,0.000999999999999446
4.5,0.105,0.00100000000000033
4.501,0.10503,0.000999999999999446
4.502,0.10506,0.00100000000000033
4.503,0.10509,0.00100000000000033
4.504,0.10512,0.000999999999999446
4.505,0.10515,0.00100000000000033
4.506,0.10518,0.00100000000000033
4.507,0.10521,0.000999999999999446
4.508,0.10524,0.00100000000000033
4.509,0.10527,0.00100000000000033
4.51,0.1053,0.000999999999999446
4.511,0.10533,0.00100000000000033
4.512,0.10536,0.00100000000000033
4.513,0.10539,0.000999999999999446
4.514,0.10542,0.00100000000000033
4.515,0.10545,0.000999999999999446
4.516,0.10548,0.00100000000000033
4.517,0.10551,0.000999999999999446
4.518,0.10554,0.00100000000000033
4.519,0.10557,0.00100000000000033
4.52,0.1056,0.000999999999999446
4.521,0.10563,0.00100000000000033
4.522,0.10566,0.00100000000000033
4.523,0.10569,0.000999999999999446
4.524,0.10572,0.00100000000000033
4.525,0.10575,0.00100000000000033
4.526,0.10578,0.000999999999999446
4.527,0.10581,0.00100000000000033
4.528,0.10584,0.00100000000000033
4.529,0.10587,0.000999999999999446
4.53,0.1059,0.00100000000000033
4.531,0.10593,0.000999999999999446
4.532,0.10596,0.00100000000000033
4.533,0.10599,0.000999999999999446
4.534,0.10602,0.00100000000000033
4.535,0.10605,0.00100000000000033
4.536,0.10608,0.000999999999999446
4.537,0.10611,0.00100000000000033
4.538,0.10614,0.00100000000000033
4.539,0.10617,0.000999999999999446
4.54,0.1062,0.00100000000000033
4.541,0.10623,0.00100000000000033
4.542,0.10626,0.000999999999999446
4.543,0.10629,0.00100000000000033
4.544,0.10632,0.00100000000000033
4.545,0.10635,0.000999999999999446
4.546,0.10638,0.00100000000000033
4.547,0.10641,0.000999999999999446
4.548,0.10644,0.00100000000000033
4.549,0.10647,0.000999999999999446
4.55,0.1065,0.00100000000000033
4.551,0.10653,0.00100000000000033
4.552,0.10656,0.000999999999999446
4.553,0.10659,0.00100000000000033
4.554,0.10662,0.00100000000000033
4.555,0.10665,0.000999999999999446
4.556,0.10668,0.00100000000000033
4.557,0.10671,0.00100000000000033
4.558,0.10674,0.000999999999999446
4.559,0.10677,0.00100000000000033
4.56,0.1068,0.00100000000000033
4.561,0.10683,0.000999999999999446
4.562,0.10686,0.00100000000000033
4.563,0.10689,0.000999999999999446
4.564,0.10692,0.00100000000000033
4.565,0.10695,0.000999999999999446
4.566,0.10698,0.00100000000000033
4.567,0.10701,0.00100000000000033
4.568,0.10704,0.000999999999999446
4.569,0.10707,0.00100000000000033
4.57,0.1071,0.00100000000000033
4.571,0.10713,0.000999999999999446
4.572,0.10716,0.00100000000000033
4.573,0.10719,0.00100000000000033
4.574,0.10722,0.000999999999999446
4.575,0.10725,0.00100000000000033
4.576,0.10728,0.00100000000000033
4.577,0.10731,0.000999999999999446
4.578,0.10734,0.00100000000000033
4.579,0.10737,0.000999999999999446
4.58,0.1074,0.00100000000000033
4.581,0.10743,0.000999999999999446
4.582,0.10746,0.00100000000000033
4.583,0.10749,0.00100000000000033
4.584,0.10752,0.000999999999999446
4.585,0.10755,0.00100000000000033
4.586,0.10758,0.00100000000000033
4.587,0.10761,0.000999999999999446
4.588,0.10764,0.00100000000000033
4.589,0.10767,0.00100000000000033
4.59,0.1077,0.000999999999999446
4.591,0.10773,0.00100000000000033
4.592,0.10776,0.00100000000000033
4.593,0.10779,0.000999999999999446
4.594,0.10782,0.000999999999999446
4.595,0.10785,0.00100000000000033
4.596,0.10788,0.00100000000000033
4.597,0.10791,0.000999999999999446
4.598,0.10794,0.00100000000000033
4.599,0.10797,0.00100000000000033
4.6,0.108,0.000999999999999446
4.601,0.10803,0.00100000000000033
4.602,0.10806,0.00100000000000033
4.603,0.10809,0.000999999999999446
4.604,0.10812,0.00100000000000033
4.605,0.10815,0.00100000000000033
4.606,0.10818,0.000999999999999446
4.607,0.10821,0.00100000000000033
4.608,0.10824,0.000999999999999446
4.609,0.10827,0.00100000000000033
4.61,0.1083,0.000999999999999446
4.611,0.10833,0.00100000000000033
4.612,0.10836,0.00100000000000033
4.613,0.10839,0.000999999999999446
4.614,0.10842,0.00100000000000033
4.615,0.10845,0.00100000000000033
4.616,0.10848,0.000999999999999446
4.617,0.10851,0.00100000000000033
4.618,0.10854,0.00100000000000033
4.619,0.10857,0.000999999999999446
4.62,0.1086,0.00100000000000033
4.621,0.10863,0.00100000000000033
4.622,0.10866,0.000999999999999446
4.623,0.10869,0.00100000000000033
4.624,0.10872,0.000999999999999446
4.625,0.10875,0.00100000000000033
4.626,0.10878,0.000999999999999446
4.627,0.10881,0.00100000000000033
4.628,0.10884,0.00100000000000033
4.629,0.10887,0.000999999999999446
4.63,0.1089,0.00100000000000033
4.631,0.10893,0.00100000000000033
4.632,0.10896,0.000999999999999446
4.633,0.10899,0.00100000000000033
4.634,0.10902,0.00100000000000033
4.635,0.10905,0.000999999999999446
4.636,0.10908,0.00100000000000033
4.637,0.10911,0.00100000000000033
4.638,0.10914,0.000999999999999446
4.639,0.10917,0.00100000000000033
4.64,0.1092,0.000999999999999446
4.641,0.10923,0.00100000000000033
4.642,0.10926,0.000999999999999446
4.643,0.10929,0.00100000000000033
4.644,0.10932,0.00100000000000033
4.645,0.10935,0.000999999999999446
4.646,0.10938,0.00100000000000033
4.647,0.10941,0.00100000000000033
4.648,0.10944,0.000999999999999446
4.649,0.10947,0.00100000000000033
4.65,0.1095,0.00100000000000033
4.651,0.10953,0.000999999999999446
4.652,0.10956,0.00100000000000033
4.653,0.10959,0.00100000000000033
4.654,0.10962,0.000999999999999446
4.655,0.10965,0.00100000000000033
4.656,0.10968,0.000999999999999446
4.657,0.10971,0.00100000000000033
4.658,0.10974,0.000999999999999446
4.659,0.10977,0.00100000000000033
4.66,0.1098,0.00100000000000033
4.661,0.10983,0.000999999999999446
4.662,0.10986,0.00100000000000033
4.663,0.10989,0.00100000000000033
4.664,0.10992,0.000999999999999446
4.665,0.10995,0.00100000000000033
4.666,0.10998,0.00100000000000033
4.667,0.11001,0.000999999999999446
4.668,0.11004,0.00100000000000033
4.669,0.11007,0.00100000000000033
4.67,0.1101,0.000999999999999446
4.671,0.11013,0.00100000000000033
4.672,0.11016,0.000999999999999446
4.673,0.11019,0.00100000000000033
4.674,0.11022,0.000999999999999446
4.675,0.11025,0.00100000000000033
4.676,0.11028,0.00100000000000033
4.677,0.11031,0.000999999999999446
4.678,0.11034,0.00100000000000033
4.679,0.11037,0.00100000000000033
4.68,0.1104,0.000999999999999446
4.681,0.11043,0.00100000000000033
4.682,0.11046,0.00100000000000033
4.683,0.11049,0.000999999999999446
4.684,0.11052,0.00100000000000033
4.685,0.11055,0.00100000000000033
4.686,0.11058,0.000999999999999446
4.687,0.11061,0.00100000000000033
4.688,0.11064,0.000999999999999446
4.689,0.11067,0.00100000000000033
4.69,0.1107,0.000999999999999446
4.691,0.11073,0.00100000000000033
4.692,0.11076,0.00100000000000033
4.693,0.11079,0.000999999999999446
4.694,0.11082,0.00100000000000033
4.695,0.11085,0.00100000000000033
4.696,0.11088,0.000999999999999446
4.697,0.11091,0.00100000000000033
4.698,0.11094,0.00100000000000033
4.699,0.11097,0.000999999999999446
4.7,0.111,0.00100000000000033
4.701,0.11103,0.00100000000000033
4.702,0.11106,0.000999999999999446
4.703,0.11109,0.00100000000000033
4.704,0.11112,0.000999999999999446
4.705,0.11115,0.00100000000000033
4.706,0.11118,0.000999999999999446
4.707,0.11121,0.00100000000000033
4.708,0.11124,0.00100000000000033
4.709,0.11127,0.000999999999999446
4.71,0.1113,0.00100000000000033
4.711,0.11133,0.00100000000000033
4.712,0.11136,0.000999999999999446
4.713,0.11139,0.00100000000000033
4.714,0.11142,0.00100000000000033
4.715,0.11145,0.000999999999999446
4.716,0.11148,0.00100000000000033
4.717,0.11151,0.00100000000000033
4.718,0.11154,0.000999999999999446
4.719,0.11157,0.00100000000000033
4.72,0.1116,0.000999999999999446
4.721,0.11163,0.00100000000000033
4.722,0.11166,0.000999999999999446
4.723,0.11169,0.00100000000000033
4.724,0.11172,0.00100000000000033
4.725,0.11175,0.000999999999999446
4.726,0.11178,0.00100000000000033
4.727,0.11181,0.00100000000000033
4.728,0.11184,0.000999999999999446
4.729,0.11187,0.00100000000000033
4.73,0.1119,0.00100000000000033
4.731,0.11193,0.000999999999999446
4.732,0.11196,0.00100000000000033
4.733,0.11199,0.000999999999999446
4.734,0.11202,0.00100000000000033
4.735,0.11205,0.000999999999999446
4.736,0.11208,0.00100000000000033
4.737,0.11211,0.00100000000000033
4.738,0.11214,0.000999999999999446
4.739,0.11217,0.00100000000000033
4.74,0.1122,0.00100000000000033
4.741,0.11223,0.000999999999999446
4.742,0.11226,0.00100000000000033
4.743,0.11229,0.00100000000000033
4.744,0.11232,0.000999999999999446
4.745,0.11235,0.00100000000000033
4.746,0.11238,0.00100000000000033
4.747,0.11241,0.000999999999999446
4.748,0.11244,0.00100000000000033
4.749,0.11247,0.000999999999999446
4.75,0.1125,0.00100000000000033
4.751,0.11253,0.000999999999999446
4.752,0.11256,0.00100000000000033
4.753,0.11259,0.00100000000000033
4.754,0.11262,0.000999999999999446
4.755,0.11265,0.00100000000000033
4.756,0.11268,0.00100000000000033
4.757,0.11271,0.000999999999999446
4.758,0.11274,0.00100000000000033
4.759,0.11277,0.00100000000000033
4.76,0.1128,0.000999999999999446
4.761,0.11283,0.00100000000000033
4.762,0.11286,0.00100000000000033
4.763,0.11289,0.000999999999999446
4.764,0.11292,0.00100000000000033
4.765,0.11295,0.000999999999999446
4.766,0.11298,0.00100000000000033
4.767,0.11301,0.000999999999999446
4.768,0.11304,0.00100000000000033
4.769,0.11307,0.00100000000000033
4.77,0.1131,0.000999999999999446
4.771,0.11313,0.00100000000000033
4.772,0.11316,0.00100000000000033
4.773,0.11319,0.000999999999999446
4.774,0.11322,0.00100000000000033
4.775,0.11325,0.00100000000000033
4.776,0.11328,0.000999999999999446
4.777,0.11331,0.00100000000000033
4.778,0.11334,0.00100000000000033
4.779,0.11337,0.000999999999999446
4.78,0.1134,0.00100000000000033
4.781,0.11343,0.000999999999999446
4.782,0.11346,0.00100000000000033
4.783,0.11349,0.000999999999999446
4.784,0.11352,0.00100000000000033
4.785,0.11355,0.00100000000000033
4.786,0.11358,0.000999999999999446
4.787,0.11361,0.00100000000000033
4.788,0.11364,0.00100000000000033
4.789,0.11367,0.000999999999999446
4.79,0.1137,0.00100000000000033
4.791,0.11373,0.00100000000000033
4.792,0.11376,0.000999999999999446
4.793,0.11379,0.00100000000000033
4.794,0.11382,0.00100000000000033
4.795,0.11385,0.000999999999999446
4.796,0.11388,0.00100000000000033
4.797,0.11391,0.000999999999999446
4.798,0.11394,0.00100000000000033
4.799,0.11397,0.000999999999999446
4.8,0.114,0.00100000000000033
4.801,0.11403,0.00100000000000033
4.802,0.11406,0.000999999999999446
4.803,0.11409,0.00100000000000033
4.804,0.11412,0.00100000000000033
4.805,0.11415,0.000999999999999446
4.806,0.11418,0.00100000000000033
4.807,0.11421,0.00100000000000033
4.808,0.11424,0.000999999999999446
4.809,0.11427,0.00100000000000033
4.81,0.1143,0.00100000000000033
4.811,0.11433,0.000999999999999446
4.812,0.11436,0.00100000000000033
4.813,0.11439,0.000999999999999446
4.814,0.11442,0.00100000000000033
4.815,0.11445,0.000999999999999446
4.816,0.11448,0.00100000000000033
4.817,0.11451,0.00100000000000033
4.818,0.11454,0.000999999999999446
4.819,0.11457,0.00100000000000033
4.82,0.1146,0.00100000000000033
4.821,0.11463,0.000999999999999446
4.822,0.11466,0.00100000000000033
4.823,0.11469,0.00100000000000033
4.824,0.11472,0.000999999999999446
4.825,0.11475,0.00100000000000033
4.826,0.11478,0.00100000000000033
4.827,0.11481,0.000999999999999446
4.828,0.11484,0.00100000000000033
4.829,0.11487,0.000999999999999446
4.83,0.1149,0.00100000000000033
4.831,0.11493,0.000999999999999446
4.832,0.11496,0.00100000000000033
4.833,0.11499,0.00100000000000033
4.834,0.11502,0.000999999999999446
4.835,0.11505,0.00100000000000033
4.836,0.11508,0.00100000000000033
4.837,0.11511,0.000999999999999446
4.838,0.11514,0.00100000000000033
4.839,0.11517,0.00100000000000033
4.84,0.1152,0.000999999999999446
4.841,0.11523,0.00100000000000033
4.842,0.11526,0.00100000000000033
4.843,0.11529,0.000999999999999446
4.844,0.11532,0.00100000000000033
4.845,0.11535,0.000999999999999446
4.846,0.11538,0.00100000000000033
4.847,0.11541,0.000999999999999446
4.848,0.11544,0.00100000000000033
4.849,0.11547,0.00100000000000033
4.85,0.1155,0.000999999999999446
4.851,0.11553,0.00100000000000033
4.852,0.11556,0.00100000000000033
4.853,0.11559,0.000999999999999446
4.854,0.11562,0.00100000000000033
4.855,0.11565,0.00100000000000033
4.856,0.11568,0.000999999999999446
4.857,0.11571,0.00100000000000033
4.858,0.11574,0.000999999999999446
4.859,0.11577,0.00100000000000033
4.86,0.1158,0.000999999999999446
4.861,0.11583,0.00100000000000033
4.862,0.11586,0.00100000000000033
4.863,0.11589,0.000999999999999446
4.864,0.11592,0.00100000000000033
4.865,0.11595,0.00100000000000033
4.866,0.11598,0.000999999999999446
4.867,0.11601,0.00100000000000033
4.868,0.11604,0.00100000000000033
4.869,0.11607,0.000999999999999446
4.87,0.1161,0.00100000000000033
4.871,0.11613,0.00100000000000033
4.872,0.11616,0.000999999999999446
4.873,0.11619,0.00100000000000033
4.874,0.11622,0.000999999999999446
4.875,0.11625,0.00100000000000033
4.876,0.11628,0.000999999999999446
4.877,0.11631,0.00100000000000033
4.878,0.11634,0.00100000000000033
4.879,0.11637,0.000999999999999446
4.88,0.1164,0.00100000000000033
4.881,0.11643,0.00100000000000033
4.882,0.11646,0.000999999999999446
4.883,0.11649,0.00100000000000033
4.884,0.11652,0.00100000000000033
4.885,0.11655,0.000999999999999446
4.886,0.11658,0.00100000000000033
4.887,0.11661,0.00100000000000033
4.888,0.11664,0.000999999999999446
4.889,0.11667,0.00100000000000033
4.89,0.1167,0.000999999999999446
4.891,0.11673,0.00100000000000033
4.892,0.11676,0.000999999999999446
4.893,0.11679,0.00100000000000033
4.894,0.11682,0.00100000000000033
4.895,0.11685,0.000999999999999446
4.896,0.11688,0.00100000000000033
4.897,0.11691,0.00100000000000033
4.898,0.11694,0.000999999999999446
4.899,0.11697,0.00100000000000033
4.9,0.117,0.00100000000000033
4.901,0.11703,0.000999999999999446
4.902,0.11706,0.00100000000000033
4.903,0.11709,0.00100000000000033
4.904,0.11712,0.000999999999999446
4.905,0.11715,0.00100000000000033
4.906,0.11718,0.000999999999999446
4.907,0.11721,0.00100000000000033
4.908,0.11724,0.000999999999999446
4.909,0.11727,0.00100000000000033
4.91,0.1173,0.00100000000000033
4.911,0.11733,0.000999999999999446
4.912,0.11736,0.00100000000000033
4.913,0.11739,0.00100000000000033
4.914,0.11742,0.000999999999999446
4.915,0.11745,0.00100000000000033
4.916,0.11748,0.00100000000000033
4.917,0.11751,0.000999999999999446
4.918,0.11754,0.00100000000000033
4.919,0.11757,0.00100000000000033
4.92,0.1176,0.000999999999999446
4.921,0.11763,0.00100000000000033
4.922,0.11766,0.000999999999999446
4.923,0.11769,0.00100000000000033
4.924,0.11772,0.000999999999999446
4.925,0.11775,0.00100000000000033
4.926,0.11778,0.00100000000000033
4.927,0.11781,0.000999999999999446
4.928,0.11784,0.00100000000000033
4.929,0.11787,0.00100000000000033
4.93,0.1179,0.000999999999999446
4.931,0.11793,0.00100000000000033
4.932,0.11796,0.00100000000000033
4.933,0.11799,0.000999999999999446
4.934,0.11802,0.00100000000000033
4.935,0.11805,0.00100000000000033
4.936,0.11808,0.000999999999999446
4.937,0.11811,0.00100000000000033
4.938,0.11814,0.000999999999999446
4.939,0.11817,0.00100000000000033
4.94,0.1182,0.000999999999999446
4.941,0.11823,0.00100000000000033
4.942,0.11826,0.00100000000000033
4.943,0.11829,0.000999999999999446
4.944,0.11832,0.00100000000000033
4.945,0.11835,0.00100000000000033
4.946,0.11838,0.000999999999999446
4.947,0.11841,0.00100000000000033
4.948,0.11844,0.00100000000000033
4.949,0.11847,0.000999999999999446
4.95,0.1185,0.00100000000000033
4.951,0.11853,0.00100000000000033
4.952,0.11856,0.000999999999999446
4.953,0.11859,0.00100000000000033
4.954,0.11862,0.000999999999999446
4.955,0.11865,0.00100000000000033
4.956,0.11868,0.000999999999999446
4.957,0.11871,0.00100000000000033
4.958,0.11874,0.00100000000000033
4.959,0.11877,0.000999999999999446
4.96,0.1188,0.00100000000000033
4.961,0.11883,0.00100000000000033
4.962,0.11886,0.000999999999999446
4.963,0.11889,0.00100000000000033
4.964,0.11892,0.00100000000000033
4.965,0.11895,0.000999999999999446
4.966,0.11898,0.00100000000000033
4.967,0.11901,0.00100000000000033
4.968,0.11904,0.000999999999999446
4.969,0.11907,0.00100000000000033
4.97,0.1191,0.000999999999999446
4.971,0.11913,0.00100000000000033
4.972,0.11916,0.000999999999999446
4.973,0.11919,0.00100000000000033
4.974,0.11922,0.00100000000000033
4.975,0.11925,0.000999999999999446
4.976,0.11928,0.00100000000000033
4.977,0.11931,0.00100000000000033
4.978,0.11934,0.000999999999999446
4.979,0.11937,0.00100000000000033
4.98,0.1194,0.00100000000000033
4.981,0.11943,0.000999999999999446
4.982,0.11946,0.00100000000000033
4.983,0.11949,0.000999999999999446
4.984,0.11952,0.00100000000000033
4.985,0.11955,0.000999999999999446
4.986,0.11958,0.00100000000000033
4.987,0.11961,0.00100000000000033
4.988,0.11964,0.000999999999999446
4.989,0.11967,0.00100000000000033
4.99,0.1197,0.00100000000000033
4.991,0.11973,0.000999999999999446
4.992,0.11976,0.00100000000000033
4.993,0.11979,0.00100000000000033
4.994,0.11982,0.000999999999999446
4.995,0.11985,0.00100000000000033
4.996,0.11988,0.00100000000000033
4.997,0.11991,0.000999999999999446
4.998,0.11994,0.00100000000000033
4.999,0.11997,0.000999999999999446
5,0.12,0.00100000000000033
5.001,0.12003,0.00100000000000033
5.002,0.12006,0.000999999999999446
5.003,0.12009,0.00100000000000033
5.004,0.12012,0.000999999999999446
5.005,0.12015,0.00100000000000033
5.006,0.12018,0.00100000000000033
5.007,0.12021,0.000999999999999446
5.008,0.12024,0.00100000000000033
5.009,0.12027,0.00100000000000033
5.01,0.1203,0.000999999999999446
5.011,0.12033,0.00100000000000033
5.012,0.12036,0.00100000000000033
5.013,0.12039,0.000999999999999446
5.014,0.12042,0.00100000000000033
5.015,0.12045,0.000999999999999446
5.016,0.12048,0.00100000000000033
5.017,0.12051,0.00100000000000033
5.018,0.12054,0.000999999999999446
5.019,0.12057,0.00100000000000033
5.02,0.1206,0.000999999999999446
5.021,0.12063,0.00100000000000033
5.022,0.12066,0.00100000000000033
5.023,0.12069,0.000999999999999446
5.024,0.12072,0.00100000000000033
5.025,0.12075,0.00100000000000033
5.026,0.12078,0.000999999999999446
5.027,0.12081,0.00100000000000033
5.028,0.12084,0.00100000000000033
5.029,0.12087,0.000999999999999446
5.03,0.1209,0.00100000000000033
5.031,0.12093,0.000999999999999446
5.032,0.12096,0.00100000000000033
5.033,0.12099,0.00100000000000033
5.034,0.12102,0.000999999999999446
5.035,0.12105,0.00100000000000033
5.036,0.12108,0.000999999999999446
5.037,0.12111,0.00100000000000033
5.038,0.12114,0.00100000000000033
5.039,0.12117,0.000999999999999446
5.04,0.1212,0.00100000000000033
5.041,0.12123,0.00100000000000033
5.042,0.12126,0.000999999999999446
5.043,0.12129,0.00100000000000033
5.044,0.12132,0.000999999999999446
5.045,0.12135,0.00100000000000033
5.046,0.12138,0.00100000000000033
5.047,0.12141,0.000999999999999446
5.048,0.12144,0.00100000000000033
5.049,0.12147,0.000999999999999446
5.05,0.1215,0.00100000000000033
5.051,0.12153,0.00100000000000033
5.052,0.12156,0.000999999999999446
5.053,0.12159,0.00100000000000033
5.054,0.12162,0.00100000000000033
5.055,0.12165,0.000999999999999446
5.056,0.12168,0.00100000000000033
5.057,0.12171,0.00100000000000033
5.058,0.12174,0.000999999999999446
5.059,0.12177,0.00100000000000033
5.06,0.1218,0.000999999999999446
5.061,0.12183,0.00100000000000033
5.062,0.12186,0.00100000000000033
5.063,0.12189,0.000999999999999446
5.064,0.12192,0.00100000000000033
5.065,0.12195,0.000999999999999446
5.066,0.12198,0.00100000000000033
5.067,0.12201,0.00100000000000033
5.068,0.12204,0.000999999999999446
5.069,0.12207,0.00100000000000033
5.07,0.1221,0.00100000000000033
5.071,0.12213,0.000999999999999446
5.072,0.12216,0.00100000000000033
5.073,0.12219,0.00100000000000033
5.074,0.12222,0.000999999999999446
5.075,0.12225,0.00100000000000033
5.076,0.12228,0.000999999999999446
5.077,0.12231,0.00100000000000033
5.078,0.12234,0.00100000000000033
5.079,0.12237,0.000999999999999446
5.08,0.1224,0.00100000000000033
5.081,0.12243,0.000999999999999446
5.082,0.12246,0.00100000000000033
5.083,0.12249,0.00100000000000033
5.084,0.12252,0.000999999999999446
5.085,0.12255,0.00100000000000033
5.086,0.12258,0.00100000000000033
5.087,0.12261,0.000999999999999446
5.088,0.12264,0.00100000000000033
5.089,0.12267,0.00100000000000033
5.09,0.1227,0.000999999999999446
5.091,0.12273,0.00100000000000033
5.092,0.12276,0.000999999999999446
5.093,0.12279,0.00100000000000033
5.094,0.12282,0.00100000000000033
5.095,0.12285,0.000999999999999446
5.096,0.12288,0.00100000000000033
5.097,0.12291,0.000999999999999446
5.098,0.12294,0.00100000000000033
5.099,0.12297,0.00100000000000033
5.1,0.123,0.000999999999999446
5.101,0.12303,0.00100000000000033
5.102,0.12306,0.00100000000000033
5.103,0.12309,0.000999999999999446
5.104,0.12312,0.00100000000000033
5.105,0.12315,0.00100000000000033
5.106,0.12318,0.000999999999999446
5.107,0.12321,0.00100000000000033
5.108,0.12324,0.000999999999999446
5.109,0.12327,0.00100000000000033
5.11,0.1233,0.00100000000000033
5.111,0.12333,0.000999999999999446
5.112,0.12336,0.00100000000000033
5.113,0.12339,0.000999999999999446
5.114,0.12342,0.00100000000000033
5.115,0.12345,0.00100000000000033
5.116,0.12348,0.000999999999999446
5.117,0.12351,0.00100000000000033
5.118,0.12354,0.00100000000000033
5.119,0.12357,0.000999999999999446
5.12,0.1236,0.00100000000000033
5.121,0.12363,0.00100000000000033
5.122,0.12366,0.000999999999999446
5.123,0.12369,0.00100000000000033
5.124,0.12372,0.000999999999999446
5.125,0.12375,0.00100000000000033
5.126,0.12378,0.00100000000000033
5.127,0.12381,0.000999999999999446
5.128,0.12384,0.00100000000000033
5.129,0.12387,0.000999999999999446
5.13,0.1239,0.00100000000000033
5.131,0.12393,0.00100000000000033
5.132,0.12396,0.000999999999999446
5.133,0.12399,0.00100000000000033
5.134,0.12402,0.00100000000000033
5.135,0.12405,0.000999999999999446
5.136,0.12408,0.00100000000000033
5.137,0.12411,0.00100000000000033
5.138,0.12414,0.000999999999999446
5.139,0.12417,0.00100000000000033
5.14,0.1242,0.000999999999999446
5.141,0.12423,0.00100000000000033
5.142,0.12426,0.00100000000000033
5.143,0.12429,0.000999999999999446
5.144,0.12432,0.00100000000000033
5.145,0.12435,0.000999999999999446
5.146,0.12438,0.00100000000000033
5.147,0.12441,0.00100000000000033
5.148,0.12444,0.000999999999999446
5.149,0.12447,0.00100000000000033
5.15,0.1245,0.00100000000000033
5.151,0.12453,0.000999999999999446
5.152,0.12456,0.00100000000000033
5.153,0.12459,0.00100000000000033
5.154,0.12462,0.000999999999999446
5.155,0.12465,0.00100000000000033
5.156,0.12468,0.000999999999999446
5.157,0.12471,0.00100000000000033
5.158,0.12474,0.00100000000000033
5.159,0.12477,0.000999999999999446
5.16,0.1248,0.00100000000000033
5.161,0.12483,0.000999999999999446
5.162,0.12486,0.00100000000000033
5.163,0.12489,0.00100000000000033
5.164,0.12492,0.000999999999999446
5.165,0.12495,0.00100000000000033
5.166,0.12498,0.00100000000000033
5.167,0.12501,0.000999999999999446
5.168,0.12504,0.00100000000000033
5.169,0.12507,0.000999999999999446
5.17,0.1251,0.00100000000000033
5.171,0.12513,0.00100000000000033
5.172,0.12516,0.000999999999999446
5.173,0.12519,0.00100000000000033
5.174,0.12522,0.000999999999999446
5.175,0.12525,0.00100000000000033
5.176,0.12528,0.00100000000000033
5.177,0.12531,0.000999999999999446
5.178,0.12534,0.00100000000000033
5.179,0.12537,0.00100000000000033
5.18,0.1254,0.000999999999999446
5.181,0.12543,0.00100000000000033
5.182,0.12546,0.00100000000000033
5.183,0.12549,0.000999999999999446
5.184,0.12552,0.00100000000000033
5.185,0.12555,0.000999999999999446
5.186,0.12558,0.00100000000000033
5.187,0.12561,0.00100000000000033
5.188,0.12564,0.000999999999999446
5.189,0.12567,0.00100000000000033
5.19,0.1257,0.000999999999999446
5.191,0.12573,0.00100000000000033
5.192,0.12576,0.00100000000000033
5.193,0.12579,0.000999999999999446
5.194,0.12582,0.00100000000000033
5.195,0.12585,0.00100000000000033
5.196,0.12588,0.000999999999999446
5.197,0.12591,0.00100000000000033
5.198,0.12594,0.00100000000000033
5.199,0.12597,0.000999999999999446
5.2,0.126,0.00100000000000033
5.201,0.12603,0.000999999999999446
5.202,0.12606,0.00100000000000033
5.203,0.12609,0.00100000000000033
5.204,0.12612,0.000999999999999446
5.205,0.12615,0.00100000000000033
5.206,0.12618,0.000999999999999446
5.207,0.12621,0.00100000000000033
5.208,0.12624,0.00100000000000033
5.209,0.12627,0.000999999999999446
5.21,0.1263,0.00100000000000033
5.211,0.12633,0.00100000000000033
5.212,0.12636,0.000999999999999446
5.213,0.12639,0.00100000000000033
5.214,0.12642,0.00100000000000033
5.215,0.12645,0.000999999999999446
5.216,0.12648,0.00100000000000033
5.217,0.12651,0.000999999999999446
5.218,0.12654,0.00100000000000033
5.219,0.12657,0.00100000000000033
5.22,0.1266,0.000999999999999446
5.221,0.12663,0.00100000000000033
5.222,0.12666,0.000999999999999446
5.223,0.12669,0.00100000000000033
5.224,0.12672,0.00100000000000033
5.225,0.12675,0.000999999999999446
5.226,0.12678,0.00100000000000033
5.227,0.12681,0.00100000000000033
5.228,0.12684,0.000999999999999446
5.229,0.12687,0.00100000000000033
5.23,0.1269,0.00100000000000033
5.231,0.12693,0.000999999999999446
5.232,0.12696,0.00100000000000033
5.233,0.12699,0.000999999999999446
5.234,0.12702,0.00100000000000033
5.235,0.12705,0.00100000000000033
5.236,0.12708,0.000999999999999446
5.237,0.12711,0.00100000000000033
5.238,0.12714,0.000999999999999446
5.239,0.12717,0.00100000000000033
5.24,0.1272,0.00100000000000033
5.241,0.12723,0.000999999999999446
5.242,0.12726,0.00100000000000033
5.243,0.12729,0.00100000000000033
5.244,0.12732,0.000999999999999446
5.245,0.12735,0.00100000000000033
5.246,0.12738,0.00100000000000033
5.247,0.12741,0.000999999999999446
5.248,0.12744,0.00100000000000033
5.249,0.12747,0.000999999999999446
5.25,0.1275,0.00100000000000033
5.251,0.12753,0.00100000000000033
5.252,0.12756,0.000999999999999446
5.253,0.12759,0.00100000000000033
5.254,0.12762,0.000999999999999446
5.255,0.12765,0.00100000000000033
5.256,0.12768,0.00100000000000033
5.257,0.12771,0.000999999999999446
5.258,0.12774,0.00100000000000033
5.259,0.12777,0.00100000000000033
5.26,0.1278,0.000999999999999446
5.261,0.12783,0.00100000000000033
5.262,0.12786,0.00100000000000033
5.263,0.12789,0.000999999999999446
5.264,0.12792,0.00100000000000033
5.265,0.12795,0.000999999999999446
5.266,0.12798,0.00100000000000033
5.267,0.12801,0.00100000000000033
5.268,0.12804,0.000999999999999446
5.269,0.12807,0.00100000000000033
5.27,0.1281,0.000999999999999446
5.271,0.12813,0.00100000000000033
5.272,0.12816,0.00100000000000033
5.273,0.12819,0.000999999999999446
5.274,0.12822,0.00100000000000033
5.275,0.12825,0.00100000000000033
5.276,0.12828,0.000999999999999446
5.277,0.12831,0.00100000000000033
5.278,0.12834,0.00100000000000033
5.279,0.12837,0.000999999999999446
5.28,0.1284,0.00100000000000033
5.281,0.12843,0.000999999999999446
5.282,0.12846,0.00100000000000033
5.283,0.12849,0.00100000000000033
5.284,0.12852,0.000999999999999446
5.285,0.12855,0.00100000000000033
5.286,0.12858,0.000999999999999446
5.287,0.12861,0.00100000000000033
5.288,0.12864,0.00100000000000033
5.289,0.12867,0.000999999999999446
5.29,0.1287,0.00100000000000033
5.291,0.12873,0.00100000000000033
5.292,0.12876,0.000999999999999446
5.293,0.12879,0.00100000000000033
5.294,0.12882,0.00100000000000033
5.295,0.12885,0.000999999999999446
5.296,0.12888,0.00100000000000033
5.297,0.12891,0.000999999999999446
5.298,0.12894,0.00100000000000033
5.299,0.12897,0.000999999999999446
5.3,0.129,0.00100000000000033
5.301,0.12903,0.00100000000000033
5.302,0.12906,0.000999999999999446
5.303,0.12909,0.00100000000000033
5.304,0.12912,0.00100000000000033
5.305,0.12915,0.000999999999999446
5.306,0.12918,0.00100000000000033
5.307,0.12921,0.00100000000000033
5.308,0.12924,0.000999999999999446
5.309,0.12927,0.00100000000000033
5.31,0.1293,0.000999999999999446
5.311,0.12933,0.00100000000000033
5.312,0.12936,0.00100000000000033
5.313,0.12939,0.000999999999999446
5.314,0.12942,0.00100000000000033
5.315,0.12945,0.000999999999999446
5.316,0.12948,0.00100000000000033
5.317,0.12951,0.00100000000000033
5.318,0.12954,0.000999999999999446
5.319,0.12957,0.00100000000000033
5.32,0.1296,0.00100000000000033
5.321,0.12963,0.000999999999999446
5.322,0.12966,0.00100000000000033
5.323,0.12969,0.00100000000000033
5.324,0.12972,0.000999999999999446
5.325,0.12975,0.00100000000000033
5.326,0.12978,0.000999999999999446
5.327,0.12981,0.00100000000000033
5.328,0.12984,0.00100000000000033
5.329,0.12987,0.000999999999999446
5.33,0.1299,0.00100000000000033
5.331,0.12993,0.000999999999999446
5.332,0.12996,0.00100000000000033
5.333,0.12999,0.00100000000000033
5.334,0.13002,0.000999999999999446
5.335,0.13005,0.00100000000000033
5.336,0.13008,0.00100000000000033
5.337,0.13011,0.000999999999999446
5.338,0.13014,0.00100000000000033
5.339,0.13017,0.00100000000000033
5.34,0.1302,0.000999999999999446
5.341,0.13023,0.00100000000000033
5.342,0.13026,0.000999999999999446
5.343,0.13029,0.00100000000000033
5.344,0.13032,0.00100000000000033
5.345,0.13035,0.000999999999999446
5.346,0.13038,0.00100000000000033
5.347,0.13041,0.000999999999999446
5.348,0.13044,0.00100000000000033
5.349,0.13047,0.00100000000000033
5.35,0.1305,0.000999999999999446
5.351,0.13053,0.00100000000000033
5.352,0.13056,0.00100000000000033
5.353,0.13059,0.000999999999999446
5.354,0.13062,0.00100000000000033
5.355,0.13065,0.00100000000000033
5.356,0.13068,0.000999999999999446
5.357,0.13071,0.00100000000000033
5.358,0.13074,0.000999999999999446
5.359,0.13077,0.00100000000000033
5.36,0.1308,0.00100000000000033
5.361,0.13083,0.000999999999999446
5.362,0.13086,0.00100000000000033
5.363,0.13089,0.000999999999999446
5.364,0.13092,0.00100000000000033
5.365,0.13095,0.00100000000000033
5.366,0.13098,0.000999999999999446
5.367,0.13101,0.00100000000000033
5.368,0.13104,0.00100000000000033
5.369,0.13107,0.000999999999999446
5.37,0.1311,0.00100000000000033
5.371,0.13113,0.00100000000000033
5.372,0.13116,0.000999999999999446
5.373,0.13119,0.00100000000000033
5.374,0.13122,0.000999999999999446
5.375,0.13125,0.00100000000000033
5.376,0.13128,0.00100000000000033
5.377,0.13131,0.000999999999999446
5.378,0.13134,0.00100000000000033
5.379,0.13137,0.000999999999999446
5.38,0.1314,0.00100000000000033
5.381,0.13143,0.00100000000000033
5.382,0.13146,0.000999999999999446
5.383,0.13149,0.00100000000000033
5.384,0.13152,0.00100000000000033
5.385,0.13155,0.000999999999999446
5.386,0.13158,0.00100000000000033
5.387,0.13161,0.00100000000000033
5.388,0.13164,0.000999999999999446
5.389,0.13167,0.00100000000000033
5.39,0.1317,0.000999999999999446
5.391,0.13173,0.00100000000000033
5.392,0.13176,0.00100000000000033
5.393,0.13179,0.000999999999999446
5.394,0.13182,0.00100000000000033
5.395,0.13185,0.000999999999999446
5.396,0.13188,0.00100000000000033
5.397,0.13191,0.00100000000000033
5.398,0.13194,0.000999999999999446
5.399,0.13197,0.00100000000000033
5.4,0.132,0.00100000000000033
5.401,0.13203,0.000999999999999446
5.402,0.13206,0.00100000000000033
5.403,0.13209,0.00100000000000033
5.404,0.13212,0.000999999999999446
5.405,0.13215,0.00100000000000033
5.406,0.13218,0.000999999999999446
5.407,0.13221,0.00100000000000033
5.408,0.13224,0.00100000000000033
5.409,0.13227,0.000999999999999446
5.41,0.1323,0.00100000000000033
5.411,0.13233,0.000999999999999446
5.412,0.13236,0.00100000000000033
5.413,0.13239,0.00100000000000033
5.414,0.13242,0.000999999999999446
5.415,0.13245,0.00100000000000033
5.416,0.13248,0.00100000000000033
5.417,0.13251,0.000999999999999446
5.418,0.13254,0.00100000000000033
5.419,0.13257,0.00100000000000033
5.42,0.1326,0.000999999999999446
5.421,0.13263,0.00100000000000033
5.422,0.13266,0.000999999999999446
5.423,0.13269,0.00100000000000033
5.424,0.13272,0.000999999999999446
5.425,0.13275,0.00100000000000033
5.426,0.13278,0.00100000000000033
5.427,0.13281,0.000999999999999446
5.428,0.13284,0.00100000000000033
5.429,0.13287,0.00100000000000033
5.43,0.1329,0.000999999999999446
5.431,0.13293,0.00100000000000033
5.432,0.13296,0.00100000000000033
5.433,0.13299,0.000999999999999446
5.434,0.13302,0.00100000000000033
5.435,0.13305,0.000999999999999446
5.436,0.13308,0.00100000000000033
5.437,0.13311,0.00100000000000033
5.438,0.13314,0.000999999999999446
5.439,0.13317,0.00100000000000033
5.44,0.1332,0.000999999999999446
5.441,0.13323,0.00100000000000033
5.442,0.13326,0.00100000000000033
5.443,0.13329,0.000999999999999446
5.444,0.13332,0.00100000000000033
5.445,0.13335,0.00100000000000033
5.446,0.13338,0.000999999999999446
5.447,0.13341,0.00100000000000033
5.448,0.13344,0.00100000000000033
5.449,0.13347,0.000999999999999446
5.45,0.1335,0.00100000000000033
5.451,0.13353,0.000999999999999446
5.452,0.13356,0.00100000000000033
5.453,0.13359,0.00100000000000033
5.454,0.13362,0.000999999999999446
5.455,0.13365,0.00100000000000033
5.456,0.13368,0.000999999999999446
5.457,0.13371,0.00100000000000033
5.458,0.13374,0.00100000000000033
5.459,0.13377,0.000999999999999446
5.46,0.1338,0.00100000000000033
5.461,0.13383,0.00100000000000033
5.462,0.13386,0.000999999999999446
5.463,0.13389,0.00100000000000033
5.464,0.13392,0.00100000000000033
5.465,0.13395,0.000999999999999446
5.466,0.13398,0.00100000000000033
5.467,0.13401,0.000999999999999446
5.468,0.13404,0.00100000000000033
5.469,0.13407,0.00100000000000033
5.47,0.1341,0.000999999999999446
5.471,0.13413,0.00100000000000033
5.472,0.13416,0.000999999999999446
5.473,0.13419,0.00100000000000033
5.474,0.13422,0.00100000000000033
5.475,0.13425,0.000999999999999446
5.476,0.13428,0.00100000000000033
5.477,0.13431,0.00100000000000033
5.478,0.13434,0.000999999999999446
5.479,0.13437,0.00100000000000033
5.48,0.1344,0.00100000000000033
5.481,0.13443,0.000999999999999446
5.482,0.13446,0.00100000000000033
5.483,0.13449,0.000999999999999446
5.484,0.13452,0.00100000000000033
5.485,0.13455,0.00100000000000033
5.486,0.13458,0.000999999999999446
5.487,0.13461,0.00100000000000033
5.488,0.13464,0.000999999999999446
5.489,0.13467,0.00100000000000033
5.49,0.1347,0.00100000000000033
5.491,0.13473,0.000999999999999446
5.492,0.13476,0.00100000000000033
5.493,0.13479,0.00100000000000033
5.494,0.13482,0.000999999999999446
5.495,0.13485,0.00100000000000033
5.496,0.13488,0.00100000000000033
5.497,0.13491,0.000999999999999446
5.498,0.13494,0.00100000000000033
5.499,0.13497,0.000999999999999446
5.5,0.135,0.00100000000000033
5.501,0.13503,0.00100000000000033
5.502,0.13506,0.000999999999999446
5.503,0.13509,0.00100000000000033
5.504,0.13512,0.000999999999999446
5.505,0.13515,0.00100000000000033
5.506,0.13518,0.00100000000000033
5.507,0.13521,0.000999999999999446
5.508,0.13524,0.00100000000000033
5.509,0.13527,0.00100000000000033
5.51,0.1353,0.000999999999999446
5.511,0.13533,0.00100000000000033
5.512,0.13536,0.00100000000000033
5.513,0.13539,0.000999999999999446
5.514,0.13542,0.00100000000000033
5.515,0.13545,0.000999999999999446
5.516,0.13548,0.00100000000000033
5.517,0.13551,0.00100000000000033
5.518,0.13554,0.000999999999999446
5.519,0.13557,0.00100000000000033
5.52,0.1356,0.000999999999999446
5.521,0.13563,0.00100000000000033
5.522,0.13566,0.00100000000000033
5.523,0.13569,0.000999999999999446
5.524,0.13572,0.00100000000000033
5.525,0.13575,0.00100000000000033
5.526,0.13578,0.000999999999999446
5.527,0.13581,0.00100000000000033
5.528,0.13584,0.000999999999999446
5.529,0.13587,0.00100000000000033
5.53,0.1359,0.00100000000000033
5.531,0.13593,0.000999999999999446
5.532,0.13596,0.00100000000000033
5.533,0.13599,0.00100000000000033
5.534,0.13602,0.000999999999999446
5.535,0.13605,0.00100000000000033
5.536,0.13608,0.000999999999999446
5.537,0.13611,0.00100000000000033
5.538,0.13614,0.00100000000000033
5.539,0.13617,0.000999999999999446
5.54,0.1362,0.00100000000000033
5.541,0.13623,0.00100000000000033
5.542,0.13626,0.000999999999999446
5.543,0.13629,0.00100000000000033
5.544,0.13632,0.000999999999999446
5.545,0.13635,0.00100000000000033
5.546,0.13638,0.00100000000000033
5.547,0.13641,0.000999999999999446
5.548,0.13644,0.00100000000000033
5.549,0.13647,0.00100000000000033
5.55,0.1365,0.000999999999999446
5.551,0.13653,0.00100000000000033
5.552,0.13656,0.000999999999999446
5.553,0.13659,0.00100000000000033
5.554,0.13662,0.00100000000000033
5.555,0.13665,0.000999999999999446
5.556,0.13668,0.00100000000000033
5.557,0.13671,0.00100000000000033
5.558,0.13674,0.000999999999999446
5.559,0.13677,0.00100000000000033
5.56,0.1368,0.000999999999999446
5.561,0.13683,0.00100000000000033
5.562,0.13686,0.00100000000000033
5.563,0.13689,0.000999999999999446
5.564,0.13692,0.00100000000000033
5.565,0.13695,0.00100000000000033
5.566,0.13698,0.000999999999999446
5.567,0.13701,0.00100000000000033
5.568,0.13704,0.000999999999999446
5.569,0.13707,0.00100000000000033
5.57,0.1371,0.00100000000000033
5.571,0.13713,0.000999999999999446
5.572,0.13716,0.00100000000000033
5.573,0.13719,0.00100000000000033
5.574,0.13722,0.000999999999999446
5.575,0.13725,0.00100000000000033
5.576,0.13728,0.000999999999999446
5.577,0.13731,0.00100000000000033
5.578,0.13734,0.00100000000000033
5.579,0.13737,0.000999999999999446
5.58,0.1374,0.00100000000000033
5.581,0.13743,0.00100000000000033
5.582,0.13746,0.000999999999999446
5.583,0.13749,0.00100000000000033
5.584,0.13752,0.000999999999999446
5.585,0.13755,0.00100000000000033
5.586,0.13758,0.00100000000000033
5.587,0.13761,0.000999999999999446
5.588,0.13764,0.00100000000000033
5.589,0.13767,0.00100000000000033
5.59,0.1377,0.000999999999999446
5.591,0.13773,0.00100000000000033
5.592,0.13776,0.000999999999999446
5.593,0.13779,0.00100000000000033
5.594,0.13782,0.00100000000000033
5.595,0.13785,0.000999999999999446
5.596,0.13788,0.00100000000000033
5.597,0.13791,0.000999999999999446
5.598,0.13794,0.00100000000000033
5.599,0.13797,0.00100000000000033
5.6,0.138,0.000999999999999446
5.601,0.13803,0.00100000000000033
5.602,0.13806,0.00100000000000033
5.603,0.13809,0.000999999999999446
5.604,0.13812,0.00100000000000033
5.605,0.13815,0.00100000000000033
5.606,0.13818,0.000999999999999446
5.607,0.13821,0.00100000000000033
5.608,0.13824,0.000999999999999446
5.609,0.13827,0.00100000000000033
5.61,0.1383,0.00100000000000033
5.611,0.13833,0.000999999999999446
5.612,0.13836,0.00100000000000033
5.613,0.13839,0.000999999999999446
5.614,0.13842,0.00100000000000033
5.615,0.13845,0.00100000000000033
5.616,0.13848,0.000999999999999446
5.617,0.13851,0.00100000000000033
5.618,0.13854,0.00100000000000033
5.619,0.13857,0.000999999999999446
5.62,0.1386,0.00100000000000033
5.621,0.13863,0.00100000000000033
5.622,0.13866,0.000999999999999446
5.623,0.13869,0.00100000000000033
5.624,0.13872,0.000999999999999446
5.625,0.13875,0.00100000000000033
5.626,0.13878,0.00100000000000033
5.627,0.13881,0.000999999999999446
5.628,0.13884,0.00100000000000033
5.629,0.13887,0.000999999999999446
5.63,0.1389,0.00100000000000033
5.631,0.13893,0.00100000000000033
5.632,0.13896,0.000999999999999446
5.633,0.13899,0.00100000000000033
5.634,0.13902,0.00100000000000033
5.635,0.13905,0.000999999999999446
5.636,0.13908,0.00100000000000033
5.637,0.13911,0.00100000000000033
5.638,0.13914,0.000999999999999446
5.639,0.13917,0.00100000000000033
5.64,0.1392,0.000999999999999446
5.641,0.13923,0.00100000000000033
5.642,0.13926,0.00100000000000033
5.643,0.13929,0.000999999999999446
5.644,0.13932,0.00100000000000033
5.645,0.13935,0.000999999999999446
5.646,0.13938,0.00100000000000033
5.647,0.13941,0.00100000000000033
5.648,0.13944,0.000999999999999446
5.649,0.13947,0.00100000000000033
5.65,0.1395,0.00100000000000033
5.651,0.13953,0.000999999999999446
5.652,0.13956,0.00100000000000033
5.653,0.13959,0.000999999999999446
5.654,0.13962,0.00100000000000033
5.655,0.13965,0.00100000000000033
5.656,0.13968,0.000999999999999446
5.657,0.13971,0.00100000000000033
5.658,0.13974,0.00100000000000033
5.659,0.13977,0.000999999999999446
5.66,0.1398,0.00100000000000033
5.661,0.13983,0.000999999999999446
5.662,0.13986,0.00100000000000033
5.663,0.13989,0.00100000000000033
5.664,0.13992,0.000999999999999446
5.665,0.13995,0.00100000000000033
5.666,0.13998,0.00100000000000033
5.667,0.14001,0.000999999999999446
5.668,0.14004,0.00100000000000033
5.669,0.14007,0.000999999999999446
5.67,0.1401,0.00100000000000033
5.671,0.14013,0.00100000000000033
5.672,0.14016,0.000999999999999446
5.673,0.14019,0.00100000000000033
5.674,0.14022,0.00100000000000033
5.675,0.14025,0.000999999999999446
5.676,0.14028,0.00100000000000033
5.677,0.14031,0.000999999999999446
5.678,0.14034,0.00100000000000033
5.679,0.14037,0.00100000000000033
5.68,0.1404,0.000999999999999446
5.681,0.14043,0.00100000000000033
5.682,0.14046,0.00100000000000033
5.683,0.14049,0.000999999999999446
5.684,0.14052,0.00100000000000033
5.685,0.14055,0.000999999999999446
5.686,0.14058,0.00100000000000033
5.687,0.14061,0.00100000000000033
5.688,0.14064,0.000999999999999446
5.689,0.14067,0.00100000000000033
5.69,0.1407,0.00100000000000033
5.691,0.14073,0.000999999999999446
5.692,0.14076,0.00100000000000033
5.693,0.14079,0.000999999999999446
5.694,0.14082,0.00100000000000033
5.695,0.14085,0.00100000000000033
5.696,0.14088,0.000999999999999446
5.697,0.14091,0.00100000000000033
5.698,0.14094,0.00100000000000033
5.699,0.14097,0.000999999999999446
5.7,0.141,0.00100000000000033
5.701,0.14103,0.000999999999999446
5.702,0.14106,0.00100000000000033
5.703,0.14109,0.00100000000000033
5.704,0.14112,0.000999999999999446
5.705,0.14115,0.00100000000000033
5.706,0.14118,0.00100000000000033
5.707,0.14121,0.000999999999999446
5.708,0.14124,0.00100000000000033
5.709,0.14127,0.000999999999999446
5.71,0.1413,0.00100000000000033
5.711,0.14133,0.00100000000000033
5.712,0.14136,0.000999999999999446
5.713,0.14139,0.00100000000000033
5.714,0.14142,0.00100000000000033
5.715,0.14145,0.000999999999999446
5.716,0.14148,0.00100000000000033
5.717,0.14151,0.000999999999999446
5.718,0.14154,0.00100000000000033
5.719,0.14157,0.00100000000000033
5.72,0.1416,0.000999999999999446
5.721,0.14163,0.00100000000000033
5.722,0.14166,0.000999999999999446
5.723,0.14169,0.00100000000000033
5.724,0.14172,0.00100000000000033
5.725,0.14175,0.000999999999999446
5.726,0.14178,0.00100000000000033
5.727,0.14181,0.00100000000000033
5.728,0.14184,0.000999999999999446
5.729,0.14187,0.00100000000000033
5.73,0.1419,0.00100000000000033
5.731,0.14193,0.000999999999999446
5.732,0.14196,0.00100000000000033
5.733,0.14199,0.000999999999999446
5.734,0.14202,0.00100000000000033
5.735,0.14205,0.00100000000000033
5.736,0.14208,0.000999999999999446
5.737,0.14211,0.00100000000000033
5.738,0.14214,0.000999999999999446
5.739,0.14217,0.00100000000000033
5.74,0.1422,0.00100000000000033
5.741,0.14223,0.000999999999999446
5.742,0.14226,0.00100000000000033
5.743,0.14229,0.00100000000000033
5.744,0.14232,0.000999999999999446
5.745,0.14235,0.00100000000000033
5.746,0.14238,0.00100000000000033
5.747,0.14241,0.000999999999999446
5.748,0.14244,0.00100000000000033
5.749,0.14247,0.000999999999999446
5.75,0.1425,0.00100000000000033
5.751,0.14253,0.00100000000000033
5.752,0.14256,0.000999999999999446
5.753,0.14259,0.00100000000000033
5.754,0.14262,0.000999999999999446
5.755,0.14265,0.00100000000000033
5.756,0.14268,0.00100000000000033
5.757,0.14271,0.000999999999999446
5.758,0.14274,0.00100000000000033
5.759,0.14277,0.00100000000000033
5.76,0.1428,0.000999999999999446
5.761,0.14283,0.00100000000000033
5.762,0.14286,0.000999999999999446
5.763,0.14289,0.00100000000000033
5.764,0.14292,0.00100000000000033
5.765,0.14295,0.000999999999999446
5.766,0.14298,0.00100000000000033
5.767,0.14301,0.00100000000000033
5.768,0.14304,0.000999999999999446
5.769,0.14307,0.00100000000000033
5.77,0.1431,0.000999999999999446
5.771,0.14313,0.00100000000000033
5.772,0.14316,0.00100000000000033
5.773,0.14319,0.000999999999999446
5.774,0.14322,0.00100000000000033
5.775,0.14325,0.00100000000000033
5.776,0.14328,0.000999999999999446
5.777,0.14331,0.00100000000000033
5.778,0.14334,0.000999999999999446
5.779,0.14337,0.00100000000000033
5.78,0.1434,0.00100000000000033
5.781,0.14343,0.000999999999999446
5.782,0.14346,0.00100000000000033
5.783,0.14349,0.00100000000000033
5.784,0.14352,0.000999999999999446
5.785,0.14355,0.00100000000000033
5.786,0.14358,0.000999999999999446
5.787,0.14361,0.00100000000000033
5.788,0.14364,0.00100000000000033
5.789,0.14367,0.000999999999999446
5.79,0.1437,0.00100000000000033
5.791,0.14373,0.00100000000000033
5.792,0.14376,0.000999999999999446
5.793,0.14379,0.00100000000000033
5.794,0.14382,0.000999999999999446
5.795,0.14385,0.00100000000000033
5.796,0.14388,0.00100000000000033
5.797,0.14391,0.000999999999999446
5.798,0.14394,0.00100000000000033
5.799,0.14397,0.00100000000000033
5.8,0.144,0.000999999999999446
5.801,0.14403,0.00100000000000033
5.802,0.14406,0.000999999999999446
5.803,0.14409,0.00100000000000033
5.804,0.14412,0.00100000000000033
5.805,0.14415,0.000999999999999446
5.806,0.14418,0.00100000000000033
5.807,0.14421,0.00100000000000033
5.808,0.14424,0.000999999999999446
5.809,0.14427,0.00100000000000033
5.81,0.1443,0.000999999999999446
5.811,0.14433,0.00100000000000033
5.812,0.14436,0.00100000000000033
5.813,0.14439,0.000999999999999446
5.814,0.14442,0.00100000000000033
5.815,0.14445,0.00100000000000033
5.816,0.14448,0.000999999999999446
5.817,0.14451,0.00100000000000033
5.818,0.14454,0.000999999999999446
5.819,0.14457,0.00100000000000033
5.82,0.1446,0.00100000000000033
5.821,0.14463,0.000999999999999446
5.822,0.14466,0.00100000000000033
5.823,0.14469,0.00100000000000033
5.824,0.14472,0.000999999999999446
5.825,0.14475,0.00100000000000033
5.826,0.14478,0.000999999999999446
5.827,0.14481,0.00100000000000033
5.828,0.14484,0.00100000000000033
5.829,0.14487,0.000999999999999446
5.83,0.1449,0.00100000000000033
5.831,0.14493,0.00100000000000033
5.832,0.14496,0.000999999999999446
5.833,0.14499,0.00100000000000033
5.834,0.14502,0.000999999999999446
5.835,0.14505,0.00100000000000033
5.836,0.14508,0.00100000000000033
5.837,0.14511,0.000999999999999446
5.838,0.14514,0.00100000000000033
5.839,0.14517,0.00100000000000033
5.84,0.1452,0.000999999999999446
5.841,0.14523,0.00100000000000033
5.842,0.14526,0.000999999999999446
5.843,0.14529,0.00100000000000033
5.844,0.14532,0.00100000000000033
5.845,0.14535,0.000999999999999446
5.846,0.14538,0.00100000000000033
5.847,0.14541,0.00100000000000033
5.848,0.14544,0.000999999999999446
5.849,0.14547,0.00100000000000033
5.85,0.1455,0.000999999999999446
5.851,0.14553,0.00100000000000033
5.852,0.14556,0.00100000000000033
5.853,0.14559,0.000999999999999446
5.854,0.14562,0.00100000000000033
5.855,0.14565,0.00100000000000033
5.856,0.14568,0.000999999999999446
5.857,0.14571,0.00100000000000033
5.858,0.14574,0.000999999999999446
5.859,0.14577,0.00100000000000033
5.86,0.1458,0.00100000000000033
5.861,0.14583,0.000999999999999446
5.862,0.14586,0.00100000000000033
5.863,0.14589,0.000999999999999446
5.864,0.14592,0.00100000000000033
5.865,0.14595,0.00100000000000033
5.866,0.14598,0.000999999999999446
5.867,0.14601,0.00100000000000033
5.868,0.14604,0.00100000000000033
5.869,0.14607,0.000999999999999446
5.87,0.1461,0.00100000000000033
5.871,0.14613,0.00100000000000033
5.872,0.14616,0.000999999999999446
5.873,0.14619,0.00100000000000033
5.874,0.14622,0.000999999999999446
5.875,0.14625,0.00100000000000033
5.876,0.14628,0.00100000000000033
5.877,0.14631,0.000999999999999446
5.878,0.14634,0.00100000000000033
5.879,0.14637,0.000999999999999446
5.88,0.1464,0.00100000000000033
5.881,0.14643,0.00100000000000033
5.882,0.14646,0.000999999999999446
5.883,0.14649,0.00100000000000033
5.884,0.14652,0.00100000000000033
5.885,0.14655,0.000999999999999446
5.886,0.14658,0.00100000000000033
5.887,0.14661,0.000999999999999446
5.888,0.14664,0.00100000000000033
5.889,0.14667,0.00100000000000033
5.89,0.1467,0.000999999999999446
5.891,0.14673,0.00100000000000033
5.892,0.14676,0.00100000000000033
5.893,0.14679,0.000999999999999446
5.894,0.14682,0.00100000000000033
5.895,0.14685,0.000999999999999446
5.896,0.14688,0.00100000000000033
5.897,0.14691,0.00100000000000033
5.898,0.14694,0.000999999999999446
5.899,0.14697,0.00100000000000033
5.9,0.147,0.00100000000000033
5.901,0.14703,0.000999999999999446
5.902,0.14706,0.00100000000000033
5.903,0.14709,0.000999999999999446
5.904,0.14712,0.00100000000000033
5.905,0.14715,0.00100000000000033
5.906,0.14718,0.000999999999999446
5.907,0.14721,0.00100000000000033
5.908,0.14724,0.00100000000000033
5.909,0.14727,0.000999999999999446
5.91,0.1473,0.00100000000000033
5.911,0.14733,0.000999999999999446
5.912,0.14736,0.00100000000000033
5.913,0.14739,0.00100000000000033
5.914,0.14742,0.000999999999999446
5.915,0.14745,0.00100000000000033
5.916,0.14748,0.00100000000000033
5.917,0.14751,0.000999999999999446
5.918,0.14754,0.00100000000000033
5.919,0.14757,0.000999999999999446
5.92,0.1476,0.00100000000000033
5.921,0.14763,0.00100000000000033
5.922,0.14766,0.000999999999999446
5.923,0.14769,0.00100000000000033
5.924,0.14772,0.00100000000000033
5.925,0.14775,0.000999999999999446
5.926,0.14778,0.00100000000000033
5.927,0.14781,0.000999999999999446
5.928,0.14784,0.00100000000000033
5.929,0.14787,0.00100000000000033
5.93,0.1479,0.000999999999999446
5.931,0.14793,0.00100000000000033
5.932,0.14796,0.00100000000000033
5.933,0.14799,0.000999999999999446
5.934,0.14802,0.00100000000000033
5.935,0.14805,0.000999999999999446
5.936,0.14808,0.00100000000000033
5.937,0.14811,0.00100000000000033
5.938,0.14814,0.000999999999999446
5.939,0.14817,0.00100000000000033
5.94,0.1482,0.00100000000000033
5.941,0.14823,0.000999999999999446
5.942,0.14826,0.00100000000000033
5.943,0.14829,0.000999999999999446
5.944,0.14832,0.00100000000000033
5.945,0.14835,0.00100000000000033
5.946,0.14838,0.000999999999999446
5.947,0.14841,0.00100000000000033
5.948,0.14844,0.00100000000000033
5.949,0.14847,0.000999999999999446
5.95,0.1485,0.00100000000000033
5.951,0.14853,0.000999999999999446
5.952,0.14856,0.00100000000000033
5.953,0.14859,0.00100000000000033
5.954,0.14862,0.000999999999999446
5.955,0.14865,0.00100000000000033
5.956,0.14868,0.00100000000000033
5.957,0.14871,0.000999999999999446
5.958,0.14874,0.00100000000000033
5.959,0.14877,0.000999999999999446
5.96,0.1488,0.00100000000000033
5.961,0.14883,0.00100000000000033
5.962,0.14886,0.000999999999999446
5.963,0.14889,0.00100000000000033
5.964,0.14892,0.00100000000000033
5.965,0.14895,0.000999999999999446
5.966,0.14898,0.00100000000000033
5.967,0.14901,0.000999999999999446
5.968,0.14904,0.00100000000000033
5.969,0.14907,0.00100000000000033
5.97,0.1491,0.000999999999999446
5.971,0.14913,0.00100000000000033
5.972,0.14916,0.00100000000000033
5.973,0.14919,0.000999999999999446
5.974,0.14922,0.00100000000000033
5.975,0.14925,0.000999999999999446
5.976,0.14928,0.00100000000000033
5.977,0.14931,0.00100000000000033
5.978,0.14934,0.000999999999999446
5.979,0.14937,0.00100000000000033
5.98,0.1494,0.00100000000000033
5.981,0.14943,0.000999999999999446
5.982,0.14946,0.00100000000000033
5.983,0.14949,0.000999999999999446
5.984,0.14952,0.00100000000000033
5.985,0.14955,0.00100000000000033
5.986,0.14958,0.000999999999999446
5.987,0.14961,0.00100000000000033
5.988,0.14964,0.00100000000000033
5.989,0.14967,0.000999999999999446
5.99,0.1497,0.00100000000000033
5.991,0.14973,0.000999999999999446
5.992,0.14976,0.00100000000000033
5.993,0.14979,0.00100000000000033
5.994,0.14982,0.000999999999999446
5.995,0.14985,0.00100000000000033
5.996,0.14988,0.00100000000000033
5.997,0.14991,0.000999999999999446
5.998,0.14994,0.00100000000000033
5.999,0.14997,0.000999999999999446
6,0.15,9.001
6.001,0.15,9.001
6.002,0.15,9.001
6.003,0.15,9.001
6.004,0.15,9.001
6.005,0.15,9.001
6.006,0.15,9.001
6.007,0.15,9.001
6.008,0.15,9.001
6.009,0.15,9.001
6.01,0.15,9.001
6.011,0.15,9.001
6.012,0.15,9.001
6.013,0.15,9.001
6.014,0.15,9.001
6.015,0.15,9.001
6.016,0.15,9.001
6.017,0.15,9.001
6.018,0.15,9.001
6.019,0.15,9.001
6.02,0.15,9.001
6.021,0.15,9.001
6.022,0.15,9.001
6.023,0.15,9.001
6.024,0.15,9.001
6.025,0.15,9.001
6.026,0.15,9.001
6.027,0.15,9.001
6.028,0.15,9.001
6.029,0.15,9.001
6.03,0.15,9.001
6.031,0.15,9.001
6.032,0.15,9.001
6.033,0.15,9.001
6.034,0.15,9.001
6.035,0.15,9.001
6.036,0.15,9.001
6.037,0.15,9.001
6.038,0.15,9.001
6.039,0.15,9.001
6.04,0.15,9.001
6.041,0.15,9.001
6.042,0.15,9.001
6.043,0.15,9.001
6.044,0.15,9.001
6.045,0.15,9.001
6.046,0.15,9.001
6.047,0.15,9.001
6.048,0.15,9.001
6.049,0.15,9.001
6.05,0.15,9.001
6.051,0.15,9.001
6.052,0.15,9.001
6.053,0.15,9.001
6.054,0.15,9.001
6.055,0.15,9.001
6.056,0.15,9.001
6.057,0.15,9.001
6.058,0.15,9.001
6.059,0.15,9.001
6.06,0.15,9.001
6.061,0.15,9.001
6.062,0.15,9.001
6.063,0.15,9.001
6.064,0.15,9.001
6.065,0.15,9.001
6.066,0.15,9.001
6.067,0.15,9.001
6.068,0.15,9.001
6.069,0.15,9.001
6.07,0.15,9.001
6.071,0.15,9.001
6.072,0.15,9.001
6.073,0.15,9.001
6.074,0.15,9.001
6.075,0.15,9.001
6.076,0.15,9.001
6.077,0.15,9.001
6.078,0.15,9.001
6.079,0.15,9.001
6.08,0.15,9.001
6.081,0.15,9.001
6.082,0.15,9.001
6.083,0.15,9.001
6.084,0.15,9.001
6.085,0.15,9.001
6.086,0.15,9.001
6.087,0.15,9.001
6.088,0.15,9.001
6.089,0.15,9.001
6.09,0.15,9.001
6.091,0.15,9.001
6.092,0.15,9.001
6.093,0.15,9.001
6.094,0.15,9.001
6.095,0.15,9.001
6.096,0.15,9.001
6.097,0.15,9.001
6.098,0.15,9.001
6.099,0.15,9.001
6.1,0.15,9.001
6.101,0.15,9.001
6.102,0.15,9.001
6.103,0.15,9.001
6.104,0.15,9.001
6.105,0.15,9.001
6.106,0.15,9.001
6.107,0.15,9.001
6.108,0.15,9.001
6.109,0.15,9.001
6.11,0.15,9.001
6.111,0.15,9.001
6.112,0.15,9.001
6.113,0.15,9.001
6.114,0.15,9.001
6.115,0.15,9.001
6.116,0.15,9.001
6.117,0.15,9.001
6.118,0.15,9.001
6.119,0.15,9.001
6.12,0.15,9.001
6.121,0.15,9.001
6.122,0.15,9.001
6.123,0.15,9.001
6.124,0.15,9.001
6.125,0.15,9.001
6.126,0.15,9.001
6.127,0.15,9.001
6.128,0.15,9.001
6.129,0.15,9.001
6.13,0.15,9.001
6.131,0.15,9.001
6.132,0.15,9.001
6.133,0.15,9.001
6.134,0.15,9.001
6.135,0.15,9.001
6.136,0.15,9.001
6.137,0.15,9.001
6.138,0.15,9.001
6.139,0.15,9.001
6.14,0.15,9.001
6.141,0.15,9.001
6.142,0.15,9.001
6.143,0.15,9.001
6.144,0.15,9.001
6.145,0.15,9.001
6.146,0.15,9.001
6.147,0.15,9.001
6.148,0.15,9.001
6.149,0.15,9.001
6.15,0.15,9.001
6.151,0.15,9.001
6.152,0.15,9.001
6.153,0.15,9.001
6.154,0.15,9.001
6.155,0.15,9.001
6.156,0.15,9.001
6.157,0.15,9.001
6.158,0.15,9.001
6.159,0.15,9.001
6.16,0.15,9.001
6.161,0.15,9.001
6.162,0.15,9.001
6.163,0.15,9.001
6.164,0.15,9.001
6.165,0.15,9.001
6.166,0.15,9.001
6.167,0.15,9.001
6.168,0.15,9.001
6.169,0.15,9.001
6.17,0.15,9.001
6.171,0.15,9.001
6.172,0.15,9.001
6.173,0.15,9.001
6.174,0.15,9.001
6.175,0.15,9.001
6.176,0.15,9.001
6.177,0.15,9.001
6.178,0.15,9.001
6.179,0.15,9.001
6.18,0.15,9.001
6.181,0.15,9.001
6.182,0.15,9.001
6.183,0.15,9.001
6.184,0.15,9.001
6.185,0.15,9.001
6.186,0.15,9.001
6.187,0.15,9.001
6.188,0.15,9.001
6.189,0.15,9.001
6.19,0.15,9.001
6.191,0.15,9.001
6.192,0.15,9.001
6.193,0.15,9.001
6.194,0.15,9.001
6.195,0.15,9.001
6.196,0.15,9.001
6.197,0.15,9.001
6.198,0.15,9.001
6.199,0.15,9.001
6.2,0.15,9.001
6.201,0.15,9.001
6.202,0.15,9.001
6.203,0.15,9.001
6.204,0.15,9.001
6.205,0.15,9.001
6.206,0.15,9.001
6.207,0.15,9.001
6.208,0.15,9.001
6.209,0.15,9.001
6.21,0.15,9.001
6.211,0.15,9.001
6.212,0.15,9.001
6.213,0.15,9.001
6.214,0.15,9.001
6.215,0.15,9.001
6.216,0.15,9.001
6.217,0.15,9.001
6.218,0.15,9.001
6.219,0.15,9.001
6.22,0.15,9.001
6.221,0.15,9.001
6.222,0.15,9.001
6.223,0.15,9.001
6.224,0.15,9.001
6.225,0.15,9.001
6.226,0.15,9.001
6.227,0.15,9.001
6.228,0.15,9.001
6.229,0.15,9.001
6.23,0.15,9.001
6.231,0.15,9.001
6.232,0.15,9.001
6.233,0.15,9.001
6.234,0.15,9.001
6.235,0.15,9.001
6.236,0.15,9.001
6.237,0.15,9.001
6.238,0.15,9.001
6.239,0.15,9.001
6.24,0.15,9.001
6.241,0.15,9.001
6.242,0.15,9.001
6.243,0.15,9.001
6.244,0.15,9.001
6.245,0.15,9.001
6.246,0.15,9.001
6.247,0.15,9.001
6.248,0.15,9.001
6.249,0.15,9.001
6.25,0.15,9.001
6.251,0.15,9.001
6.252,0.15,9.001
6.253,0.15,9.001
6.254,0.15,9.001
6.255,0.15,9.001
6.256,0.15,9.001
6.257,0.15,9.001
6.258,0.15,9.001
6.259,0.15,9.001
6.26,0.15,9.001
6.261,0.15,9.001
6.262,0.15,9.001
6.263,0.15,9.001
6.264,0.15,9.001
6.265,0.15,9.001
6.266,0.15,9.001
6.267,0.15,9.001
6.268,0.15,9.001
6.269,0.15,9.001
6.27,0.15,9.001
6.271,0.15,9.001
6.272,0.15,9.001
6.273,0.15,9.001
6.274,0.15,9.001
6.275,0.15,9.001
6.276,0.15,9.001
6.277,0.15,9.001
6.278,0.15,9.001
6.279,0.15,9.001
6.28,0.15,9.001
6.281,0.15,9.001
6.282,0.15,9.001
6.283,0.15,9.001
6.284,0.15,9.001
6.285,0.15,9.001
6.286,0.15,9.001
6.287,0.15,9.001
6.288,0.15,9.001
6.289,0.15,9.001
6.29,0.15,9.001
6.291,0.15,9.001
6.292,0.15,9.001
6.293,0.15,9.001
6.294,0.15,9.001
6.295,0.15,9.001
6.296,0.15,9.001
6.297,0.15,9.001
6.298,0.15,9.001
6.299,0.15,9.001
6.3,0.15,9.001
6.301,0.15,9.001
6.302,0.15,9.001
6.303,0.15,9.001
6.304,0.15,9.001
6.305,0.15,9.001
6.306,0.15,9.001
6.307,0.15,9.001
6.308,0.15,9.001
6.309,0.15,9.001
6.31,0.15,9.001
6.311,0.15,9.001
6.312,0.15,9.001
6.313,0.15,9.001
6.314,0.15,9.001
6.315,0.15,9.001
6.316,0.15,9.001
6.317,0.15,9.001
6.318,0.15,9.001
6.319,0.15,9.001
6.32,0.15,9.001
6.321,0.15,9.001
6.322,0.15,9.001
6.323,0.15,9.001
6.324,0.15,9.001
6.325,0.15,9.001
6.326,0.15,9.001
6.327,0.15,9.001
6.328,0.15,9.001
6.329,0.15,9.001
6.33,0.15,9.001
6.331,0.15,9.001
6.332,0.15,9.001
6.333,0.15,9.001
6.334,0.15,9.001
6.335,0.15,9.001
6.336,0.15,9.001
6.337,0.15,9.001
6.338,0.15,9.001
6.339,0.15,9.001
6.34,0.15,9.001
6.341,0.15,9.001
6.342,0.15,9.001
6.343,0.15,9.001
6.344,0.15,9.001
6.345,0.15,9.001
6.346,0.15,9.001
6.347,0.15,9.001
6.348,0.15,9.001
6.349,0.15,9.001
6.35,0.15,9.001
6.351,0.15,9.001
6.352,0.15,9.001
6.353,0.15,9.001
6.354,0.15,9.001
6.355,0.15,9.001
6.356,0.15,9.001
6.357,0.15,9.001
6.358,0.15,9.001
6.359,0.15,9.001
6.36,0.15,9.001
6.361,0.15,9.001
6.362,0.15,9.001
6.363,0.15,9.001
6.364,0.15,9.001
6.365,0.15,9.001
6.366,0.15,9.001
6.367,0.15,9.001
6.368,0.15,9.001
6.369,0.15,9.001
6.37,0.15,9.001
6.371,0.15,9.001
6.372,0.15,9.001
6.373,0.15,9.001
6.374,0.15,9.001
6.375,0.15,9.001
6.376,0.15,9.001
6.377,0.15,9.001
6.378,0.15,9.001
6.379,0.15,9.001
6.38,0.15,9.001
6.381,0.15,9.001
6.382,0.15,9.001
6.383,0.15,9.001
6.384,0.15,9.001
6.385,0.15,9.001
6.386,0.15,9.001
6.387,0.15,9.001
6.388,0.15,9.001
6.389,0.15,9.001
6.39,0.15,9.001
6.391,0.15,9.001
6.392,0.15,9.001
6.393,0.15,9.001
6.394,0.15,9.001
6.395,0.15,9.001
6.396,0.15,9.001
6.397,0.15,9.001
6.398,0.15,9.001
6.399,0.15,9.001
6.4,0.15,9.001
6.401,0.15,9.001
6.402,0.15,9.001
6.403,0.15,9.001
6.404,0.15,9.001
6.405,0.15,9.001
6.406,0.15,9.001
6.407,0.15,9.001
6.408,0.15,9.001
6.409,0.15,9.001
6.41,0.15,9.001
6.411,0.15,9.001
6.412,0.15,9.001
6.413,0.15,9.001
6.414,0.15,9.001
6.415,0.15,9.001
6.416,0.15,9.001
6.417,0.15,9.001
6.418,0.15,9.001
6.419,0.15,9.001
6.42,0.15,9.001
6.421,0.15,9.001
6.422,0.15,9.001
6.423,0.15,9.001
6.424,0.15,9.001
6.425,0.15,9.001
6.426,0.15,9.001
6.427,0.15,9.001
6.428,0.15,9.001
6.429,0.15,9.001
6.43,0.15,9.001
6.431,0.15,9.001
6.432,0.15,9.001
6.433,0.15,9.001
6.434,0.15,9.001
6.435,0.15,9.001
6.436,0.15,9.001
6.437,0.15,9.001
6.438,0.15,9.001
6.439,0.15,9.001
6.44,0.15,9.001
6.441,0.15,9.001
6.442,0.15,9.001
6.443,0.15,9.001
6.444,0.15,9.001
6.445,0.15,9.001
6.446,0.15,9.001
6.447,0.15,9.001
6.448,0.15,9.001
6.449,0.15,9.001
6.45,0.15,9.001
6.451,0.15,9.001
6.452,0.15,9.001
6.453,0.15,9.001
6.454,0.15,9.001
6.455,0.15,9.001
6.456,0.15,9.001
6.457,0.15,9.001
6.458,0.15,9.001
6.459,0.15,9.001
6.46,0.15,9.001
6.461,0.15,9.001
6.462,0.15,9.001
6.463,0.15,9.001
6.464,0.15,9.001
6.465,0.15,9.001
6.466,0.15,9.001
6.467,0.15,9.001
6.468,0.15,9.001
6.469,0.15,9.001
6.47,0.15,9.001
6.471,0.15,9.001
6.472,0.15,9.001
6.473,0.15,9.001
6.474,0.15,9.001
6.475,0.15,9.001
6.476,0.15,9.001
6.477,0.15,9.001
6.478,0.15,9.001
6.479,0.15,9.001
6.48,0.15,9.001
6.481,0.15,9.001
6.482,0.15,9.001
6.483,0.15,9.001
6.484,0.15,9.001
6.485,0.15,9.001
6.486,0.15,9.001
6.487,0.15,9.001
6.488,0.15,9.001
6.489,0.15,9.001
6.49,0.15,9.001
6.491,0.15,9.001
6.492,0.15,9.001
6.493,0.15,9.001
6.494,0.15,9.001
6.495,0.15,9.001
6.496,0.15,9.001
6.497,0.15,9.001
6.498,0.15,9.001
6.499,0.15,9.001
6.5,0.15,9.001
6.501,0.15,9.001
6.502,0.15,9.001
6.503,0.15,9.001
6.504,0.15,9.001
6.505,0.15,9.001
6.506,0.15,9.001
6.507,0.15,9.001
6.508,0.15,9.001
6.509,0.15,9.001
6.51,0.15,9.001
6.511,0.15,9.001
6.512,0.15,9.001
6.513,0.15,9.001
6.514,0.15,9.001
6.515,0.15,9.001
6.516,0.15,9.001
6.517,0.15,9.001
6.518,0.15,9.001
6.519,0.15,9.001
6.52,0.15,9.001
6.521,0.15,9.001
6.522,0.15,9.001
6.523,0.15,9.001
6.524,0.15,9.001
6.525,0.15,9.001
6.526,0.15,9.001
6.527,0.15,9.001
6.528,0.15,9.001
6.529,0.15,9.001
6.53,0.15,9.001
6.531,0.15,9.001
6.532,0.15,9.001
6.533,0.15,9.001
6.534,0.15,9.001
6.535,0.15,9.001
6.536,0.15,9.001
6.537,0.15,9.001
6.538,0.15,9.001
6.539,0.15,9.001
6.54,0.15,9.001
6.541,0.15,9.001
6.542,0.15,9.001
6.543,0.15,9.001
6.544,0.15,9.001
6.545,0.15,9.001
6.546,0.15,9.001
6.547,0.15,9.001
6.548,0.15,9.001
6.549,0.15,9.001
6.55,0.15,9.001
6.551,0.15,9.001
6.552,0.15,9.001
6.553,0.15,9.001
6.554,0.15,9.001
6.555,0.15,9.001
6.556,0.15,9.001
6.557,0.15,9.001
6.558,0.15,9.001
6.559,0.15,9.001
6.56,0.15,9.001
6.561,0.15,9.001
6.562,0.15,9.001
6.563,0.15,9.001
6.564,0.15,9.001
6.565,0.15,9.001
6.566,0.15,9.001
6.567,0.15,9.001
6.568,0.15,9.001
6.569,0.15,9.001
6.57,0.15,9.001
6.571,0.15,9.001
6.572,0.15,9.001
6.573,0.15,9.001
6.574,0.15,9.001
6.575,0.15,9.001
6.576,0.15,9.001
6.577,0.15,9.001
6.578,0.15,9.001
6.579,0.15,9.001
6.58,0.15,9.001
6.581,0.15,9.001
6.582,0.15,9.001
6.583,0.15,9.001
6.584,0.15,9.001
6.585,0.15,9.001
6.586,0.15,9.001
6.587,0.15,9.001
6.588,0.15,9.001
6.589,0.15,9.001
6.59,0.15,9.001
6.591,0.15,9.001
6.592,0.15,9.001
6.593,0.15,9.001
6.594,0.15,9.001
6.595,0.15,9.001
6.596,0.15,9.001
6.597,0.15,9.001
6.598,0.15,9.001
6.599,0.15,9.001
6.6,0.15,9.001
6.601,0.15,9.001
6.602,0.15,9.001
6.603,0.15,9.001
6.604,0.15,9.001
6.605,0.15,9.001
6.606,0.15,9.001
6.607,0.15,9.001
6.608,0.15,9.001
6.609,0.15,9.001
6.61,0.15,9.001
6.611,0.15,9.001
6.612,0.15,9.001
6.613,0.15,9.001
6.614,0.15,9.001
6.615,0.15,9.001
6.616,0.15,9.001
6.617,0.15,9.001
6.618,0.15,9.001
6.619,0.15,9.001
6.62,0.15,9.001
6.621,0.15,9.001
6.622,0.15,9.001
6.623,0.15,9.001
6.624,0.15,9.001
6.625,0.15,9.001
6.626,0.15,9.001
6.627,0.15,9.001
6.628,0.15,9.001
6.629,0.15,9.001
6.63,0.15,9.001
6.631,0.15,9.001
6.632,0.15,9.001
6.633,0.15,9.001
6.634,0.15,9.001
6.635,0.15,9.001
6.636,0.15,9.001
6.637,0.15,9.001
6.638,0.15,9.001
6.639,0.15,9.001
6.64,0.15,9.001
6.641,0.15,9.001
6.642,0.15,9.001
6.643,0.15,9.001
6.644,0.15,9.001
6.645,0.15,9.001
6.646,0.15,9.001
6.647,0.15,9.001
6.648,0.15,9.001
6.649,0.15,9.001
6.65,0.15,9.001
6.651,0.15,9.001
6.652,0.15,9.001
6.653,0.15,9.001
6.654,0.15,9.001
6.655,0.15,9.001
6.656,0.15,9.001
6.657,0.15,9.001
6.658,0.15,9.001
6.659,0.15,9.001
6.66,0.15,9.001
6.661,0.15,9.001
6.662,0.15,9.001
6.663,0.15,9.001
6.664,0.15,9.001
6.665,0.15,9.001
6.666,0.15,9.001
6.667,0.15,9.001
6.668,0.15,9.001
6.669,0.15,9.001
6.67,0.15,9.001
6.671,0.15,9.001
6.672,0.15,9.001
6.673,0.15,9.001
6.674,0.15,9.001
6.675,0.15,9.001
6.676,0.15,9.001
6.677,0.15,9.001
6.678,0.15,9.001
6.679,0.15,9.001
6.68,0.15,9.001
6.681,0.15,9.001
6.682,0.15,9.001
6.683,0.15,9.001
6.684,0.15,9.001
6.685,0.15,9.001
6.686,0.15,9.001
6.687,0.15,9.001
6.688,0.15,9.001
6.689,0.15,9.001
6.69,0.15,9.001
6.691,0.15,9.001
6.692,0.15,9.001
6.693,0.15,9.001
6.694,0.15,9.001
6.695,0.15,9.001
6.696,0.15,9.001
6.697,0.15,9.001
6.698,0.15,9.001
6.699,0.15,9.001
6.7,0.15,9.001
6.701,0.15,9.001
6.702,0.15,9.001
6.703,0.15,9.001
6.704,0.15,9.001
6.705,0.15,9.001
6.706,0.15,9.001
6.707,0.15,9.001
6.708,0.15,9.001
6.709,0.15,9.001
6.71,0.15,9.001
6.711,0.15,9.001
6.712,0.15,9.001
6.713,0.15,9.001
6.714,0.15,9.001
6.715,0.15,9.001
6.716,0.15,9.001
6.717,0.15,9.001
6.718,0.15,9.001
6.719,0.15,9.001
6.72,0.15,9.001
6.721,0.15,9.001
6.722,0.15,9.001
6.723,0.15,9.001
6.724,0.15,9.001
6.725,0.15,9.001
6.726,0.15,9.001
6.727,0.15,9.001
6.728,0.15,9.001
6.729,0.15,9.001
6.73,0.15,9.001
6.731,0.15,9.001
6.732,0.15,9.001
6.733,0.15,9.001
6.734,0.15,9.001
6.735,0.15,9.001
6.736,0.15,9.001
6.737,0.15,9.001
6.738,0.15,9.001
6.739,0.15,9.001
6.74,0.15,9.001
6.741,0.15,9.001
6.742,0.15,9.001
6.743,0.15,9.001
6.744,0.15,9.001
6.745,0.15,9.001
6.746,0.15,9.001
6.747,0.15,9.001
6.748,0.15,9.001
6.749,0.15,9.001
6.75,0.15,9.001
6.751,0.15,9.001
6.752,0.15,9.001
6.753,0.15,9.001
6.754,0.15,9.001
6.755,0.15,9.001
6.756,0.15,9.001
6.757,0.15,9.001
6.758,0.15,9.001
6.759,0.15,9.001
6.76,0.15,9.001
6.761,0.15,9.001
6.762,0.15,9.001
6.763,0.15,9.001
6.764,0.15,9.001
6.765,0.15,9.001
6.766,0.15,9.001
6.767,0.15,9.001
6.768,0.15,9.001
6.769,0.15,9.001
6.77,0.15,9.001
6.771,0.15,9.001
6.772,0.15,9.001
6.773,0.15,9.001
6.774,0.15,9.001
6.775,0.15,9.001
6.776,0.15,9.001
6.777,0.15,9.001
6.778,0.15,9.001
6.779,0.15,9.001
6.78,0.15,9.001
6.781,0.15,9.001
6.782,0.15,9.001
6.783,0.15,9.001
6.784,0.15,9.001
6.785,0.15,9.001
6.786,0.15,9.001
6.787,0.15,9.001
6.788,0.15,9.001
6.789,0.15,9.001
6.79,0.15,9.001
6.791,0.15,9.001
6.792,0.15,9.001
6.793,0.15,9.001
6.794,0.15,9.001
6.795,0.15,9.001
6.796,0.15,9.001
6.797,0.15,9.001
6.798,0.15,9.001
6.799,0.15,9.001
6.8,0.15,9.001
6.801,0.15,9.001
6.802,0.15,9.001
6.803,0.15,9.001
6.804,0.15,9.001
6.805,0.15,9.001
6.806,0.15,9.001
6.807,0.15,9.001
6.808,0.15,9.001
6.809,0.15,9.001
6.81,0.15,9.001
6.811,0.15,9.001
6.812,0.15,9.001
6.813,0.15,9.001
6.814,0.15,9.001
6.815,0.15,9.001
6.816,0.15,9.001
6.817,0.15,9.001
6.818,0.15,9.001
6.819,0.15,9.001
6.82,0.15,9.001
6.821,0.15,9.001
6.822,0.15,9.001
6.823,0.15,9.001
6.824,0.15,9.001
6.825,0.15,9.001
6.826,0.15,9.001
6.827,0.15,9.001
6.828,0.15,9.001
6.829,0.15,9.001
6.83,0.15,9.001
6.831,0.15,9.001
6.832,0.15,9.001
6.833,0.15,9.001
6.834,0.15,9.001
6.835,0.15,9.001
6.836,0.15,9.001
6.837,0.15,9.001
6.838,0.15,9.001
6.839,0.15,9.001
6.84,0.15,9.001
6.841,0.15,9.001
6.842,0.15,9.001
6.843,0.15,9.001
6.844,0.15,9.001
6.845,0.15,9.001
6.846,0.15,9.001
6.847,0.15,9.001
6.848,0.15,9.001
6.849,0.15,9.001
6.85,0.15,9.001
6.851,0.15,9.001
6.852,0.15,9.001
6.853,0.15,9.001
6.854,0.15,9.001
6.855,0.15,9.001
6.856,0.15,9.001
6.857,0.15,9.001
6.858,0.15,9.001
6.859,0.15,9.001
6.86,0.15,9.001
6.861,0.15,9.001
6.862,0.15,9.001
6.863,0.15,9.001
6.864,0.15,9.001
6.865,0.15,9.001
6.866,0.15,9.001
6.867,0.15,9.001
6.868,0.15,9.001
6.869,0.15,9.001
6.87,0.15,9.001
6.871,0.15,9.001
6.872,0.15,9.001
6.873,0.15,9.001
6.874,0.15,9.001
6.875,0.15,9.001
6.876,0.15,9.001
6.877,0.15,9.001
6.878,0.15,9.001
6.879,0.15,9.001
6.88,0.15,9.001
6.881,0.15,9.001
6.882,0.15,9.001
6.883,0.15,9.001
6.884,0.15,9.001
6.885,0.15,9.001
6.886,0.15,9.001
6.887,0.15,9.001
6.888,0.15,9.001
6.889,0.15,9.001
6.89,0.15,9.001
6.891,0.15,9.001
6.892,0.15,9.001
6.893,0.15,9.001
6.894,0.15,9.001
6.895,0.15,9.001
6.896,0.15,9.001
6.897,0.15,9.001
6.898,0.15,9.001
6.899,0.15,9.001
6.9,0.15,9.001
6.901,0.15,9.001
6.902,0.15,9.001
6.903,0.15,9.001
6.904,0.15,9.001
6.905,0.15,9.001
6.906,0.15,9.001
6.907,0.15,9.001
6.908,0.15,9.001
6.909,0.15,9.001
6.91,0.15,9.001
6.911,0.15,9.001
6.912,0.15,9.001
6.913,0.15,9.001
6.914,0.15,9.001
6.915,0.15,9.001
6.916,0.15,9.001
6.917,0.15,9.001
6.918,0.15,9.001
6.919,0.15,9.001
6.92,0.15,9.001
6.921,0.15,9.001
6.922,0.15,9.001
6.923,0.15,9.001
6.924,0.15,9.001
6.925,0.15,9.001
6.926,0.15,9.001
6.927,0.15,9.001
6.928,0.15,9.001
6.929,0.15,9.001
6.93,0.15,9.001
6.931,0.15,9.001
6.932,0.15,9.001
6.933,0.15,9.001
6.934,0.15,9.001
6.935,0.15,9.001
6.936,0.15,9.001
6.937,0.15,9.001
6.938,0.15,9.001
6.939,0.15,9.001
6.94,0.15,9.001
6.941,0.15,9.001
6.942,0.15,9.001
6.943,0.15,9.001
6.944,0.15,9.001
6.945,0.15,9.001
6.946,0.15,9.001
6.947,0.15,9.001
6.948,0.15,9.001
6.949,0.15,9.001
6.95,0.15,9.001
6.951,0.15,9.001
6.952,0.15,9.001
6.953,0.15,9.001
6.954,0.15,9.001
6.955,0.15,9.001
6.956,0.15,9.001
6.957,0.15,9.001
6.958,0.15,9.001
6.959,0.15,9.001
6.96,0.15,9.001
6.961,0.15,9.001
6.962,0.15,9.001
6.963,0.15,9.001
6.964,0.15,9.001
6.965,0.15,9.001
6.966,0.15,9.001
6.967,0.15,9.001
6.968,0.15,9.001
6.969,0.15,9.001
6.97,0.15,9.001
6.971,0.15,9.001
6.972,0.15,9.001
6.973,0.15,9.001
6.974,0.15,9.001
6.975,0.15,9.001
6.976,0.15,9.001
6.977,0.15,9.001
6.978,0.15,9.001
6.979,0.15,9.001
6.98,0.15,9.001
6.981,0.15,9.001
6.982,0.15,9.001
6.983,0.15,9.001
6.984,0.15,9.001
6.985,0.15,9.001
6.986,0.15,9.001
6.987,0.15,9.001
6.988,0.15,9.001
6.989,0.15,9.001
6.99,0.15,9.001
6.991,0.15,9.001
6.992,0.15,9.001
6.993,0.15,9.001
6.994,0.15,9.001
6.995,0.15,9.001
6.996,0.15,9.001
6.997,0.15,9.001
6.998,0.15,9.001
6.999,0.15,9.001
7,0.15,9.001
7.001,0.15,9.001
7.002,0.15,9.001
7.003,0.15,9.001
7.004,0.15,9.001
7.005,0.15,9.001
7.006,0.15,9.001
7.007,0.15,9.001
7.008,0.15,9.001
7.009,0.15,9.001
7.01,0.15,9.001
7.011,0.15,9.001
7.012,0.15,9.001
7.013,0.15,9.001
7.014,0.15,9.001
7.015,0.15,9.001
7.016,0.15,9.001
7.017,0.15,9.001
7.018,0.15,9.001
7.019,0.15,9.001
7.02,0.15,9.001
7.021,0.15,9.001
7.022,0.15,9.001
7.023,0.15,9.001
7.024,0.15,9.001
7.025,0.15,9.001
7.026,0.15,9.001
7.027,0.15,9.001
7.028,0.15,9.001
7.029,0.15,9.001
7.03,0.15,9.001
7.031,0.15,9.001
7.032,0.15,9.001
7.033,0.15,9.001
7.034,0.15,9.001
7.035,0.15,9.001
7.036,0.15,9.001
7.037,0.15,9.001
7.038,0.15,9.001
7.039,0.15,9.001
7.04,0.15,9.001
7.041,0.15,9.001
7.042,0.15,9.001
7.043,0.15,9.001
7.044,0.15,9.001
7.045,0.15,9.001
7.046,0.15,9.001
7.047,0.15,9.001
7.048,0.15,9.001
7.049,0.15,9.001
7.05,0.15,9.001
7.051,0.15,9.001
7.052,0.15,9.001
7.053,0.15,9.001
7.054,0.15,9.001
7.055,0.15,9.001
7.056,0.15,9.001
7.057,0.15,9.001
7.058,0.15,9.001
7.059,0.15,9.001
7.06,0.15,9.001
7.061,0.15,9.001
7.062,0.15,9.001
7.063,0.15,9.001
7.064,0.15,9.001
7.065,0.15,9.001
7.066,0.15,9.001
7.067,0.15,9.001
7.068,0.15,9.001
7.069,0.15,9.001
7.07,0.15,9.001
7.071,0.15,9.001
7.072,0.15,9.001
7.073,0.15,9.001
7.074,0.15,9.001
7.075,0.15,9.001
7.076,0.15,9.001
7.077,0.15,9.001
7.078,0.15,9.001
7.079,0.15,9.001
7.08,0.15,9.001
7.081,0.15,9.001
7.082,0.15,9.001
7.083,0.15,9.001
7.084,0.15,9.001
7.085,0.15,9.001
7.086,0.15,9.001
7.087,0.15,9.001
7.088,0.15,9.001
7.089,0.15,9.001
7.09,0.15,9.001
7.091,0.15,9.001
7.092,0.15,9.001
7.093,0.15,9.001
7.094,0.15,9.001
7.095,0.15,9.001
7.096,0.15,9.001
7.097,0.15,9.001
7.098,0.15,9.001
7.099,0.15,9.001
7.1,0.15,9.001
7.101,0.15,9.001
7.102,0.15,9.001
7.103,0.15,9.001
7.104,0.15,9.001
7.105,0.15,9.001
7.106,0.15,9.001
7.107,0.15,9.001
7.108,0.15,9.001
7.109,0.15,9.001
7.11,0.15,9.001
7.111,0.15,9.001
7.112,0.15,9.001
7.113,0.15,9.001
7.114,0.15,9.001
7.115,0.15,9.001
7.116,0.15,9.001
7.117,0.15,9.001
7.118,0.15,9.001
7.119,0.15,9.001
7.12,0.15,9.001
7.121,0.15,9.001
7.122,0.15,9.001
7.123,0.15,9.001
7.124,0.15,9.001
7.125,0.15,9.001
7.126,0.15,9.001
7.127,0.15,9.001
7.128,0.15,9.001
7.129,0.15,9.001
7.13,0.15,9.001
7.131,0.15,9.001
7.132,0.15,9.001
7.133,0.15,9.001
7.134,0.15,9.001
7.135,0.15,9.001
7.136,0.15,9.001
7.137,0.15,9.001
7.138,0.15,9.001
7.139,0.15,9.001
7.14,0.15,9.001
7.141,0.15,9.001
7.142,0.15,9.001
7.143,0.15,9.001
7.144,0.15,9.001
7.145,0.15,9.001
7.146,0.15,9.001
7.147,0.15,9.001
7.148,0.15,9.001
7.149,0.15,9.001
7.15,0.15,9.001
7.151,0.15,9.001
7.152,0.15,9.001
7.153,0.15,9.001
7.154,0.15,9.001
7.155,0.15,9.001
7.156,0.15,9.001
7.157,0.15,9.001
7.158,0.15,9.001
7.159,0.15,9.001
7.16,0.15,9.001
7.161,0.15,9.001
7.162,0.15,9.001
7.163,0.15,9.001
7.164,0.15,9.001
7.165,0.15,9.001
7.166,0.15,9.001
7.167,0.15,9.001
7.168,0.15,9.001
7.169,0.15,9.001
7.17,0.15,9.001
7.171,0.15,9.001
7.172,0.15,9.001
7.173,0.15,9.001
7.174,0.15,9.001
7.175,0.15,9.001
7.176,0.15,9.001
7.177,0.15,9.001
7.178,0.15,9.001
7.179,0.15,9.001
7.18,0.15,9.001
7.181,0.15,9.001
7.182,0.15,9.001
7.183,0.15,9.001
7.184,0.15,9.001
7.185,0.15,9.001
7.186,0.15,9.001
7.187,0.15,9.001
7.188,0.15,9.001
7.189,0.15,9.001
7.19,0.15,9.001
7.191,0.15,9.001
7.192,0.15,9.001
7.193,0.15,9.001
7.194,0.15,9.001
7.195,0.15,9.001
7.196,0.15,9.001
7.197,0.15,9.001
7.198,0.15,9.001
7.199,0.15,9.001
7.2,0.15,9.001
7.201,0.15,9.001
7.202,0.15,9.001
7.203,0.15,9.001
7.204,0.15,9.001
7.205,0.15,9.001
7.206,0.15,9.001
7.207,0.15,9.001
7.208,0.15,9.001
7.209,0.15,9.001
7.21,0.15,9.001
7.211,0.15,9.001
7.212,0.15,9.001
7.213,0.15,9.001
7.214,0.15,9.001
7.215,0.15,9.001
7.216,0.15,9.001
7.217,0.15,9.001
7.218,0.15,9.001
7.219,0.15,9.001
7.22,0.15,9.001
7.221,0.15,9.001
7.222,0.15,9.001
7.223,0.15,9.001
7.224,0.15,9.001
7.225,0.15,9.001
7.226,0.15,9.001
7.227,0.15,9.001
7.228,0.15,9.001
7.229,0.15,9.001
7.23,0.15,9.001
7.231,0.15,9.001
7.232,0.15,9.001
7.233,0.15,9.001
7.234,0.15,9.001
7.235,0.15,9.001
7.236,0.15,9.001
7.237,0.15,9.001
7.238,0.15,9.001
7.239,0.15,9.001
7.24,0.15,9.001
7.241,0.15,9.001
7.242,0.15,9.001
7.243,0.15,9.001
7.244,0.15,9.001
7.245,0.15,9.001
7.246,0.15,9.001
7.247,0.15,9.001
7.248,0.15,9.001
7.249,0.15,9.001
7.25,0.15,9.001
7.251,0.15,9.001
7.252,0.15,9.001
7.253,0.15,9.001
7.254,0.15,9.001
7.255,0.15,9.001
7.256,0.15,9.001
7.257,0.15,9.001
7.258,0.15,9.001
7.259,0.15,9.001
7.26,0.15,9.001
7.261,0.15,9.001
7.262,0.15,9.001
7.263,0.15,9.001
7.264,0.15,9.001
7.265,0.15,9.001
7.266,0.15,9.001
7.267,0.15,9.001
7.268,0.15,9.001
7.269,0.15,9.001
7.27,0.15,9.001
7.271,0.15,9.001
7.272,0.15,9.001
7.273,0.15,9.001
7.274,0.15,9.001
7.275,0.15,9.001
7.276,0.15,9.001
7.277,0.15,9.001
7.278,0.15,9.001
7.279,0.15,9.001
7.28,0.15,9.001
7.281,0.15,9.001
7.282,0.15,9.001
7.283,0.15,9.001
7.284,0.15,9.001
7.285,0.15,9.001
7.286,0.15,9.001
7.287,0.15,9.001
7.288,0.15,9.001
7.289,0.15,9.001
7.29,0.15,9.001
7.291,0.15,9.001
7.292,0.15,9.001
7.293,0.15,9.001
7.294,0.15,9.001
7.295,0.15,9.001
7.296,0.15,9.001
7.297,0.15,9.001
7.298,0.15,9.001
7.299,0.15,9.001
7.3,0.15,9.001
7.301,0.15,9.001
7.302,0.15,9.001
7.303,0.15,9.001
7.304,0.15,9.001
7.305,0.15,9.001
7.306,0.15,9.001
7.307,0.15,9.001
7.308,0.15,9.001
7.309,0.15,9.001
7.31,0.15,9.001
7.311,0.15,9.001
7.312,0.15,9.001
7.313,0.15,9.001
7.314,0.15,9.001
7.315,0.15,9.001
7.316,0.15,9.001
7.317,0.15,9.001
7.318,0.15,9.001
7.319,0.15,9.001
7.32,0.15,9.001
7.321,0.15,9.001
7.322,0.15,9.001
7.323,0.15,9.001
7.324,0.15,9.001
7.325,0.15,9.001
7.326,0.15,9.001
7.327,0.15,9.001
7.328,0.15,9.001
7.329,0.15,9.001
7.33,0.15,9.001
7.331,0.15,9.001
7.332,0.15,9.001
7.333,0.15,9.001
7.334,0.15,9.001
7.335,0.15,9.001
7.336,0.15,9.001
7.337,0.15,9.001
7.338,0.15,9.001
7.339,0.15,9.001
7.34,0.15,9.001
7.341,0.15,9.001
7.342,0.15,9.001
7.343,0.15,9.001
7.344,0.15,9.001
7.345,0.15,9.001
7.346,0.15,9.001
7.347,0.15,9.001
7.348,0.15,9.001
7.349,0.15,9.001
7.35,0.15,9.001
7.351,0.15,9.001
7.352,0.15,9.001
7.353,0.15,9.001
7.354,0.15,9.001
7.355,0.15,9.001
7.356,0.15,9.001
7.357,0.15,9.001
7.358,0.15,9.001
7.359,0.15,9.001
7.36,0.15,9.001
7.361,0.15,9.001
7.362,0.15,9.001
7.363,0.15,9.001
7.364,0.15,9.001
7.365,0.15,9.001
7.366,0.15,9.001
7.367,0.15,9.001
7.368,0.15,9.001
7.369,0.15,9.001
7.37,0.15,9.001
7.371,0.15,9.001
7.372,0.15,9.001
7.373,0.15,9.001
7.374,0.15,9.001
7.375,0.15,9.001
7.376,0.15,9.001
7.377,0.15,9.001
7.378,0.15,9.001
7.379,0.15,9.001
7.38,0.15,9.001
7.381,0.15,9.001
7.382,0.15,9.001
7.383,0.15,9.001
7.384,0.15,9.001
7.385,0.15,9.001
7.386,0.15,9.001
7.387,0.15,9.001
7.388,0.15,9.001
7.389,0.15,9.001
7.39,0.15,9.001
7.391,0.15,9.001
7.392,0.15,9.001
7.393,0.15,9.001
7.394,0.15,9.001
7.395,0.15,9.001
7.396,0.15,9.001
7.397,0.15,9.001
7.398,0.15,9.001
7.399,0.15,9.001
7.4,0.15,9.001
7.401,0.15,9.001
7.402,0.15,9.001
7.403,0.15,9.001
7.404,0.15,9.001
7.405,0.15,9.001
7.406,0.15,9.001
7.407,0.15,9.001
7.408,0.15,9.001
7.409,0.15,9.001
7.41,0.15,9.001
7.411,0.15,9.001
7.412,0.15,9.001
7.413,0.15,9.001
7.414,0.15,9.001
7.415,0.15,9.001
7.416,0.15,9.001
7.417,0.15,9.001
7.418,0.15,9.001
7.419,0.15,9.001
7.42,0.15,9.001
7.421,0.15,9.001
7.422,0.15,9.001
7.423,0.15,9.001
7.424,0.15,9.001
7.425,0.15,9.001
7.426,0.15,9.001
7.427,0.15,9.001
7.428,0.15,9.001
7.429,0.15,9.001
7.43,0.15,9.001
7.431,0.15,9.001
7.432,0.15,9.001
7.433,0.15,9.001
7.434,0.15,9.001
7.435,0.15,9.001
7.436,0.15,9.001
7.437,0.15,9.001
7.438,0.15,9.001
7.439,0.15,9.001
7.44,0.15,9.001
7.441,0.15,9.001
7.442,0.15,9.001
7.443,0.15,9.001
7.444,0.15,9.001
7.445,0.15,9.001
7.446,0.15,9.001
7.447,0.15,9.001
7.448,0.15,9.001
7.449,0.15,9.001
7.45,0.15,9.001
7.451,0.15,9.001
7.452,0.15,9.001
7.453,0.15,9.001
7.454,0.15,9.001
7.455,0.15,9.001
7.456,0.15,9.001
7.457,0.15,9.001
7.458,0.15,9.001
7.459,0.15,9.001
7.46,0.15,9.001
7.461,0.15,9.001
7.462,0.15,9.001
7.463,0.15,9.001
7.464,0.15,9.001
7.465,0.15,9.001
7.466,0.15,9.001
7.467,0.15,9.001
7.468,0.15,9.001
7.469,0.15,9.001
7.47,0.15,9.001
7.471,0.15,9.001
7.472,0.15,9.001
7.473,0.15,9.001
7.474,0.15,9.001
7.475,0.15,9.001
7.476,0.15,9.001
7.477,0.15,9.001
7.478,0.15,9.001
7.479,0.15,9.001
7.48,0.15,9.001
7.481,0.15,9.001
7.482,0.15,9.001
7.483,0.15,9.001
7.484,0.15,9.001
7.485,0.15,9.001
7.486,0.15,9.001
7.487,0.15,9.001
7.488,0.15,9.001
7.489,0.15,9.001
7.49,0.15,9.001
7.491,0.15,9.001
7.492,0.15,9.001
7.493,0.15,9.001
7.494,0.15,9.001
7.495,0.15,9.001
7.496,0.15,9.001
7.497,0.15,9.001
7.498,0.15,9.001
7.499,0.15,9.001
7.5,0.15,9.001
7.501,0.15,9.001
7.502,0.15,9.001
7.503,0.15,9.001
7.504,0.15,9.001
7.505,0.15,9.001
7.506,0.15,9.001
7.507,0.15,9.001
7.508,0.15,9.001
7.509,0.15,9.001
7.51,0.15,9.001
7.511,0.15,9.001
7.512,0.15,9.001
7.513,0.15,9.001
7.514,0.15,9.001
7.515,0.15,9.001
7.516,0.15,9.001
7.517,0.15,9.001
7.518,0.15,9.001
7.519,0.15,9.001
7.52,0.15,9.001
7.521,0.15,9.001
7.522,0.15,9.001
7.523,0.15,9.001
7.524,0.15,9.001
7.525,0.15,9.001
7.526,0.15,9.001
7.527,0.15,9.001
7.528,0.15,9.001
7.529,0.15,9.001
7.53,0.15,9.001
7.531,0.15,9.001
7.532,0.15,9.001
7.533,0.15,9.001
7.534,0.15,9.001
7.535,0.15,9.001
7.536,0.15,9.001
7.537,0.15,9.001
7.538,0.15,9.001
7.539,0.15,9.001
7.54,0.15,9.001
7.541,0.15,9.001
7.542,0.15,9.001
7.543,0.15,9.001
7.544,0.15,9.001
7.545,0.15,9.001
7.546,0.15,9.001
7.547,0.15,9.001
7.548,0.15,9.001
7.549,0.15,9.001
7.55,0.15,9.001
7.551,0.15,9.001
7.552,0.15,9.001
7.553,0.15,9.001
7.554,0.15,9.001
7.555,0.15,9.001
7.556,0.15,9.001
7.557,0.15,9.001
7.558,0.15,9.001
7.559,0.15,9.001
7.56,0.15,9.001
7.561,0.15,9.001
7.562,0.15,9.001
7.563,0.15,9.001
7.564,0.15,9.001
7.565,0.15,9.001
7.566,0.15,9.001
7.567,0.15,9.001
7.568,0.15,9.001
7.569,0.15,9.001
7.57,0.15,9.001
7.571,0.15,9.001
7.572,0.15,9.001
7.573,0.15,9.001
7.574,0.15,9.001
7.575,0.15,9.001
7.576,0.15,9.001
7.577,0.15,9.001
7.578,0.15,9.001
7.579,0.15,9.001
7.58,0.15,9.001
7.581,0.15,9.001
7.582,0.15,9.001
7.583,0.15,9.001
7.584,0.15,9.001
7.585,0.15,9.001
7.586,0.15,9.001
7.587,0.15,9.001
7.588,0.15,9.001
7.589,0.15,9.001
7.59,0.15,9.001
7.591,0.15,9.001
7.592,0.15,9.001
7.593,0.15,9.001
7.594,0.15,9.001
7.595,0.15,9.001
7.596,0.15,9.001
7.597,0.15,9.001
7.598,0.15,9.001
7.599,0.15,9.001
7.6,0.15,9.001
7.601,0.15,9.001
7.602,0.15,9.001
7.603,0.15,9.001
7.604,0.15,9.001
7.605,0.15,9.001
7.606,0.15,9.001
7.607,0.15,9.001
7.608,0.15,9.001
7.609,0.15,9.001
7.61,0.15,9.001
7.611,0.15,9.001
7.612,0.15,9.001
7.613,0.15,9.001
7.614,0.15,9.001
7.615,0.15,9.001
7.616,0.15,9.001
7.617,0.15,9.001
7.618,0.15,9.001
7.619,0.15,9.001
7.62,0.15,9.001
7.621,0.15,9.001
7.622,0.15,9.001
7.623,0.15,9.001
7.624,0.15,9.001
7.625,0.15,9.001
7.626,0.15,9.001
7.627,0.15,9.001
7.628,0.15,9.001
7.629,0.15,9.001
7.63,0.15,9.001
7.631,0.15,9.001
7.632,0.15,9.001
7.633,0.15,9.001
7.634,0.15,9.001
7.635,0.15,9.001
7.636,0.15,9.001
7.637,0.15,9.001
7.638,0.15,9.001
7.639,0.15,9.001
7.64,0.15,9.001
7.641,0.15,9.001
7.642,0.15,9.001
7.643,0.15,9.001
7.644,0.15,9.001
7.645,0.15,9.001
7.646,0.15,9.001
7.647,0.15,9.001
7.648,0.15,9.001
7.649,0.15,9.001
7.65,0.15,9.001
7.651,0.15,9.001
7.652,0.15,9.001
7.653,0.15,9.001
7.654,0.15,9.001
7.655,0.15,9.001
7.656,0.15,9.001
7.657,0.15,9.001
7.658,0.15,9.001
7.659,0.15,9.001
7.66,0.15,9.001
7.661,0.15,9.001
7.662,0.15,9.001
7.663,0.15,9.001
7.664,0.15,9.001
7.665,0.15,9.001
7.666,0.15,9.001
7.667,0.15,9.001
7.668,0.15,9.001
7.669,0.15,9.001
7.67,0.15,9.001
7.671,0.15,9.001
7.672,0.15,9.001
7.673,0.15,9.001
7.674,0.15,9.001
7.675,0.15,9.001
7.676,0.15,9.001
7.677,0.15,9.001
7.678,0.15,9.001
7.679,0.15,9.001
7.68,0.15,9.001
7.681,0.15,9.001
7.682,0.15,9.001
7.683,0.15,9.001
7.684,0.15,9.001
7.685,0.15,9.001
7.686,0.15,9.001
7.687,0.15,9.001
7.688,0.15,9.001
7.689,0.15,9.001
7.69,0.15,9.001
7.691,0.15,9.001
7.692,0.15,9.001
7.693,0.15,9.001
7.694,0.15,9.001
7.695,0.15,9.001
7.696,0.15,9.001
7.697,0.15,9.001
7.698,0.15,9.001
7.699,0.15,9.001
7.7,0.15,9.001
7.701,0.15,9.001
7.702,0.15,9.001
7.703,0.15,9.001
7.704,0.15,9.001
7.705,0.15,9.001
7.706,0.15,9.001
7.707,0.15,9.001
7.708,0.15,9.001
7.709,0.15,9.001
7.71,0.15,9.001
7.711,0.15,9.001
7.712,0.15,9.001
7.713,0.15,9.001
7.714,0.15,9.001
7.715,0.15,9.001
7.716,0.15,9.001
7.717,0.15,9.001
7.718,0.15,9.001
7.719,0.15,9.001
7.72,0.15,9.001
7.721,0.15,9.001
7.722,0.15,9.001
7.723,0.15,9.001
7.724,0.15,9.001
7.725,0.15,9.001
7.726,0.15,9.001
7.727,0.15,9.001
7.728,0.15,9.001
7.729,0.15,9.001
7.73,0.15,9.001
7.731,0.15,9.001
7.732,0.15,9.001
7.733,0.15,9.001
7.734,0.15,9.001
7.735,0.15,9.001
7.736,0.15,9.001
7.737,0.15,9.001
7.738,0.15,9.001
7.739,0.15,9.001
7.74,0.15,9.001
7.741,0.15,9.001
7.742,0.15,9.001
7.743,0.15,9.001
7.744,0.15,9.001
7.745,0.15,9.001
7.746,0.15,9.001
7.747,0.15,9.001
7.748,0.15,9.001
7.749,0.15,9.001
7.75,0.15,9.001
7.751,0.15,9.001
7.752,0.15,9.001
7.753,0.15,9.001
7.754,0.15,9.001
7.755,0.15,9.001
7.756,0.15,9.001
7.757,0.15,9.001
7.758,0.15,9.001
7.759,0.15,9.001
7.76,0.15,9.001
7.761,0.15,9.001
7.762,0.15,9.001
7.763,0.15,9.001
7.764,0.15,9.001
7.765,0.15,9.001
7.766,0.15,9.001
7.767,0.15,9.001
7.768,0.15,9.001
7.769,0.15,9.001
7.77,0.15,9.001
7.771,0.15,9.001
7.772,0.15,9.001
7.773,0.15,9.001
7.774,0.15,9.001
7.775,0.15,9.001
7.776,0.15,9.001
7.777,0.15,9.001
7.778,0.15,9.001
7.779,0.15,9.001
7.78,0.15,9.001
7.781,0.15,9.001
7.782,0.15,9.001
7.783,0.15,9.001
7.784,0.15,9.001
7.785,0.15,9.001
7.786,0.15,9.001
7.787,0.15,9.001
7.788,0.15,9.001
7.789,0.15,9.001
7.79,0.15,9.001
7.791,0.15,9.001
7.792,0.15,9.001
7.793,0.15,9.001
7.794,0.15,9.001
7.795,0.15,9.001
7.796,0.15,9.001
7.797,0.15,9.001
7.798,0.15,9.001
7.799,0.15,9.001
7.8,0.15,9.001
7.801,0.15,9.001
7.802,0.15,9.001
7.803,0.15,9.001
7.804,0.15,9.001
7.805,0.15,9.001
7.806,0.15,9.001
7.807,0.15,9.001
7.808,0.15,9.001
7.809,0.15,9.001
7.81,0.15,9.001
7.811,0.15,9.001
7.812,0.15,9.001
7.813,0.15,9.001
7.814,0.15,9.001
7.815,0.15,9.001
7.816,0.15,9.001
7.817,0.15,9.001
7.818,0.15,9.001
7.819,0.15,9.001
7.82,0.15,9.001
7.821,0.15,9.001
7.822,0.15,9.001
7.823,0.15,9.001
7.824,0.15,9.001
7.825,0.15,9.001
7.826,0.15,9.001
7.827,0.15,9.001
7.828,0.15,9.001
7.829,0.15,9.001
7.83,0.15,9.001
7.831,0.15,9.001
7.832,0.15,9.001
7.833,0.15,9.001
7.834,0.15,9.001
7.835,0.15,9.001
7.836,0.15,9.001
7.837,0.15,9.001
7.838,0.15,9.001
7.839,0.15,9.001
7.84,0.15,9.001
7.841,0.15,9.001
7.842,0.15,9.001
7.843,0.15,9.001
7.844,0.15,9.001
7.845,0.15,9.001
7.846,0.15,9.001
7.847,0.15,9.001
7.848,0.15,9.001
7.849,0.15,9.001
7.85,0.15,9.001
7.851,0.15,9.001
7.852,0.15,9.001
7.853,0.15,9.001
7.854,0.15,9.001
7.855,0.15,9.001
7.856,0.15,9.001
7.857,0.15,9.001
7.858,0.15,9.001
7.859,0.15,9.001
7.86,0.15,9.001
7.861,0.15,9.001
7.862,0.15,9.001
7.863,0.15,9.001
7.864,0.15,9.001
7.865,0.15,9.001
7.866,0.15,9.001
7.867,0.15,9.001
7.868,0.15,9.001
7.869,0.15,9.001
7.87,0.15,9.001
7.871,0.15,9.001
7.872,0.15,9.001
7.873,0.15,9.001
7.874,0.15,9.001
7.875,0.15,9.001
7.876,0.15,9.001
7.877,0.15,9.001
7.878,0.15,9.001
7.879,0.15,9.001
7.88,0.15,9.001
7.881,0.15,9.001
7.882,0.15,9.001
7.883,0.15,9.001
7.884,0.15,9.001
7.885,0.15,9.001
7.886,0.15,9.001
7.887,0.15,9.001
7.888,0.15,9.001
7.889,0.15,9.001
7.89,0.15,9.001
7.891,0.15,9.001
7.892,0.15,9.001
7.893,0.15,9.001
7.894,0.15,9.001
7.895,0.15,9.001
7.896,0.15,9.001
7.897,0.15,9.001
7.898,0.15,9.001
7.899,0.15,9.001
7.9,0.15,9.001
7.901,0.15,9.001
7.902,0.15,9.001
7.903,0.15,9.001
7.904,0.15,9.001
7.905,0.15,9.001
7.906,0.15,9.001
7.907,0.15,9.001
7.908,0.15,9.001
7.909,0.15,9.001
7.91,0.15,9.001
7.911,0.15,9.001
7.912,0.15,9.001
7.913,0.15,9.001
7.914,0.15,9.001
7.915,0.15,9.001
7.916,0.15,9.001
7.917,0.15,9.001
7.918,0.15,9.001
7.919,0.15,9.001
7.92,0.15,9.001
7.921,0.15,9.001
7.922,0.15,9.001
7.923,0.15,9.001
7.924,0.15,9.001
7.925,0.15,9.001
7.926,0.15,9.001
7.927,0.15,9.001
7.928,0.15,9.001
7.929,0.15,9.001
7.93,0.15,9.001
7.931,0.15,9.001
7.932,0.15,9.001
7.933,0.15,9.001
7.934,0.15,9.001
7.935,0.15,9.001
7.936,0.15,9.001
7.937,0.15,9.001
7.938,0.15,9.001
7.939,0.15,9.001
7.94,0.15,9.001
7.941,0.15,9.001
7.942,0.15,9.001
7.943,0.15,9.001
7.944,0.15,9.001
7.945,0.15,9.001
7.946,0.15,9.001
7.947,0.15,9.001
7.948,0.15,9.001
7.949,0.15,9.001
7.95,0.15,9.001
7.951,0.15,9.001
7.952,0.15,9.001
7.953,0.15,9.001
7.954,0.15,9.001
7.955,0.15,9.001
7.956,0.15,9.001
7.957,0.15,9.001
7.958,0.15,9.001
7.959,0.15,9.001
7.96,0.15,9.001
7.961,0.15,9.001
7.962,0.15,9.001
7.963,0.15,9.001
7.964,0.15,9.001
7.965,0.15,9.001
7.966,0.15,9.001
7.967,0.15,9.001
7.968,0.15,9.001
7.969,0.15,9.001
7.97,0.15,9.001
7.971,0.15,9.001
7.972,0.15,9.001
7.973,0.15,9.001
7.974,0.15,9.001
7.975,0.15,9.001
7.976,0.15,9.001
7.977,0.15,9.001
7.978,0.15,9.001
7.979,0.15,9.001
7.98,0.15,9.001
7.981,0.15,9.001
7.982,0.15,9.001
7.983,0.15,9.001
7.984,0.15,9.001
7.985,0.15,9.001
7.986,0.15,9.001
7.987,0.15,9.001
7.988,0.15,9.001
7.989,0.15,9.001
7.99,0.15,9.001
7.991,0.15,9.001
7.992,0.15,9.001
7.993,0.15,9.001
7.994,0.15,9.001
7.995,0.15,9.001
7.996,0.15,9.001
7.997,0.15,9.001
7.998,0.15,9.001
7.999,0.15,9.001
8,0.15,9.001
8.001,0.15,9.001
8.002,0.15,9.001
8.003,0.15,9.001
8.004,0.15,9.001
8.005,0.15,9.001
8.006,0.15,9.001
8.007,0.15,9.001
8.008,0.15,9.001
8.009,0.15,9.001
8.01,0.15,9.001
8.011,0.15,9.001
8.012,0.15,9.001
8.013,0.15,9.001
8.014,0.15,9.001
8.015,0.15,9.001
8.016,0.15,9.001
8.017,0.15,9.001
8.018,0.15,9.001
8.019,0.15,9.001
8.02,0.15,9.001
8.021,0.15,9.001
8.022,0.15,9.001
8.023,0.15,9.001
8.024,0.15,9.001
8.025,0.15,9.001
8.026,0.15,9.001
8.027,0.15,9.001
8.028,0.15,9.001
8.029,0.15,9.001
8.03,0.15,9.001
8.031,0.15,9.001
8.032,0.15,9.001
8.033,0.15,9.001
8.034,0.15,9.001
8.035,0.15,9.001
8.036,0.15,9.001
8.037,0.15,9.001
8.038,0.15,9.001
8.039,0.15,9.001
8.04,0.15,9.001
8.041,0.15,9.001
8.042,0.15,9.001
8.043,0.15,9.001
8.044,0.15,9.001
8.045,0.15,9.001
8.046,0.15,9.001
8.047,0.15,9.001
8.048,0.15,9.001
8.049,0.15,9.001
8.05,0.15,9.001
8.051,0.15,9.001
8.052,0.15,9.001
8.053,0.15,9.001
8.054,0.15,9.001
8.055,0.15,9.001
8.056,0.15,9.001
8.057,0.15,9.001
8.058,0.15,9.001
8.059,0.15,9.001
8.06,0.15,9.001
8.061,0.15,9.001
8.062,0.15,9.001
8.063,0.15,9.001
8.064,0.15,9.001
8.065,0.15,9.001
8.066,0.15,9.001
8.067,0.15,9.001
8.068,0.15,9.001
8.069,0.15,9.001
8.07,0.15,9.001
8.071,0.15,9.001
8.072,0.15,9.001
8.073,0.15,9.001
8.074,0.15,9.001
8.075,0.15,9.001
8.076,0.15,9.001
8.077,0.15,9.001
8.078,0.15,9.001
8.079,0.15,9.001
8.08,0.15,9.001
8.081,0.15,9.001
8.082,0.15,9.001
8.083,0.15,9.001
8.084,0.15,9.001
8.085,0.15,9.001
8.086,0.15,9.001
8.087,0.15,9.001
8.088,0.15,9.001
8.089,0.15,9.001
8.09,0.15,9.001
8.091,0.15,9.001
8.092,0.15,9.001
8.093,0.15,9.001
8.094,0.15,9.001
8.095,0.15,9.001
8.096,0.15,9.001
8.097,0.15,9.001
8.098,0.15,9.001
8.099,0.15,9.001
8.1,0.15,9.001
8.101,0.15,9.001
8.102,0.15,9.001
8.103,0.15,9.001
8.104,0.15,9.001
8.105,0.15,9.001
8.106,0.15,9.001
8.107,0.15,9.001
8.108,0.15,9.001
8.109,0.15,9.001
8.11,0.15,9.001
8.111,0.15,9.001
8.112,0.15,9.001
8.113,0.15,9.001
8.114,0.15,9.001
8.115,0.15,9.001
8.116,0.15,9.001
8.117,0.15,9.001
8.118,0.15,9.001
8.119,0.15,9.001
8.12,0.15,9.001
8.121,0.15,9.001
8.122,0.15,9.001
8.123,0.15,9.001
8.124,0.15,9.001
8.125,0.15,9.001
8.126,0.15,9.001
8.127,0.15,9.001
8.128,0.15,9.001
8.129,0.15,9.001
8.13,0.15,9.001
8.131,0.15,9.001
8.132,0.15,9.001
8.133,0.15,9.001
8.134,0.15,9.001
8.135,0.15,9.001
8.136,0.15,9.001
8.137,0.15,9.001
8.138,0.15,9.001
8.139,0.15,9.001
8.14,0.15,9.001
8.141,0.15,9.001
8.142,0.15,9.001
8.143,0.15,9.001
8.144,0.15,9.001
8.145,0.15,9.001
8.146,0.15,9.001
8.147,0.15,9.001
8.148,0.15,9.001
8.149,0.15,9.001
8.15,0.15,9.001
8.151,0.15,9.001
8.152,0.15,9.001
8.153,0.15,9.001
8.154,0.15,9.001
8.155,0.15,9.001
8.156,0.15,9.001
8.157,0.15,9.001
8.158,0.15,9.001
8.159,0.15,9.001
8.16,0.15,9.001
8.161,0.15,9.001
8.162,0.15,9.001
8.163,0.15,9.001
8.164,0.15,9.001
8.165,0.15,9.001
8.166,0.15,9.001
8.167,0.15,9.001
8.168,0.15,9.001
8.169,0.15,9.001
8.17,0.15,9.001
8.171,0.15,9.001
8.172,0.15,9.001
8.173,0.15,9.001
8.174,0.15,9.001
8.175,0.15,9.001
8.176,0.15,9.001
8.177,0.15,9.001
8.178,0.15,9.001
8.179,0.15,9.001
8.18,0.15,9.001
8.181,0.15,9.001
8.182,0.15,9.001
8.183,0.15,9.001
8.184,0.15,9.001
8.185,0.15,9.001
8.186,0.15,9.001
8.187,0.15,9.001
8.188,0.15,9.001
8.189,0.15,9.001
8.19,0.15,9.001
8.191,0.15,9.001
8.192,0.15,9.001
8.193,0.15,9.001
8.194,0.15,9.001
8.195,0.15,9.001
8.196,0.15,9.001
8.197,0.15,9.001
8.198,0.15,9.001
8.199,0.15,9.001
8.2,0.15,9.001
8.201,0.15,9.001
8.202,0.15,9.001
8.203,0.15,9.001
8.204,0.15,9.001
8.205,0.15,9.001
8.206,0.15,9.001
8.207,0.15,9.001
8.208,0.15,9.001
8.209,0.15,9.001
8.21,0.15,9.001
8.211,0.15,9.001
8.212,0.15,9.001
8.213,0.15,9.001
8.214,0.15,9.001
8.215,0.15,9.001
8.216,0.15,9.001
8.217,0.15,9.001
8.218,0.15,9.001
8.219,0.15,9.001
8.22,0.15,9.001
8.221,0.15,9.001
8.222,0.15,9.001
8.223,0.15,9.001
8.224,0.15,9.001
8.225,0.15,9.001
8.226,0.15,9.001
8.227,0.15,9.001
8.228,0.15,9.001
8.229,0.15,9.001
8.23,0.15,9.001
8.231,0.15,9.001
8.232,0.15,9.001
8.233,0.15,9.001
8.234,0.15,9.001
8.235,0.15,9.001
8.236,0.15,9.001
8.237,0.15,9.001
8.238,0.15,9.001
8.239,0.15,9.001
8.24,0.15,9.001
8.241,0.15,9.001
8.242,0.15,9.001
8.243,0.15,9.001
8.244,0.15,9.001
8.245,0.15,9.001
8.246,0.15,9.001
8.247,0.15,9.001
8.248,0.15,9.001
8.249,0.15,9.001
8.25,0.15,9.001
8.251,0.15,9.001
8.252,0.15,9.001
8.253,0.15,9.001
8.254,0.15,9.001
8.255,0.15,9.001
8.256,0.15,9.001
8.257,0.15,9.001
8.258,0.15,9.001
8.259,0.15,9.001
8.26,0.15,9.001
8.261,0.15,9.001
8.262,0.15,9.001
8.263,0.15,9.001
8.264,0.15,9.001
8.265,0.15,9.001
8.266,0.15,9.001
8.267,0.15,9.001
8.268,0.15,9.001
8.269,0.15,9.001
8.27,0.15,9.001
8.271,0.15,9.001
8.272,0.15,9.001
8.273,0.15,9.001
8.274,0.15,9.001
8.275,0.15,9.001
8.276,0.15,9.001
8.277,0.15,9.001
8.278,0.15,9.001
8.279,0.15,9.001
8.28,0.15,9.001
8.281,0.15,9.001
8.282,0.15,9.001
8.283,0.15,9.001
8.284,0.15,9.001
8.285,0.15,9.001
8.286,0.15,9.001
8.287,0.15,9.001
8.288,0.15,9.001
8.289,0.15,9.001
8.29,0.15,9.001
8.291,0.15,9.001
8.292,0.15,9.001
8.293,0.15,9.001
8.294,0.15,9.001
8.295,0.15,9.001
8.296,0.15,9.001
8.297,0.15,9.001
8.298,0.15,9.001
8.299,0.15,9.001
8.3,0.15,9.001
8.301,0.15,9.001
8.302,0.15,9.001
8.303,0.15,9.001
8.304,0.15,9.001
8.305,0.15,9.001
8.306,0.15,9.001
8.307,0.15,9.001
8.308,0.15,9.001
8.309,0.15,9.001
8.31,0.15,9.001
8.311,0.15,9.001
8.312,0.15,9.001
8.313,0.15,9.001
8.314,0.15,9.001
8.315,0.15,9.001
8.316,0.15,9.001
8.317,0.15,9.001
8.318,0.15,9.001
8.319,0.15,9.001
8.32,0.15,9.001
8.321,0.15,9.001
8.322,0.15,9.001
8.323,0.15,9.001
8.324,0.15,9.001
8.325,0.15,9.001
8.326,0.15,9.001
8.327,0.15,9.001
8.328,0.15,9.001
8.329,0.15,9.001
8.33,0.15,9.001
8.331,0.15,9.001
8.332,0.15,9.001
8.333,0.15,9.001
8.334,0.15,9.001
8.335,0.15,9.001
8.336,0.15,9.001
8.337,0.15,9.001
8.338,0.15,9.001
8.339,0.15,9.001
8.34,0.15,9.001
8.341,0.15,9.001
8.342,0.15,9.001
8.343,0.15,9.001
8.344,0.15,9.001
8.345,0.15,9.001
8.346,0.15,9.001
8.347,0.15,9.001
8.348,0.15,9.001
8.349,0.15,9.001
8.35,0.15,9.001
8.351,0.15,9.001
8.352,0.15,9.001
8.353,0.15,9.001
8.354,0.15,9.001
8.355,0.15,9.001
8.356,0.15,9.001
8.357,0.15,9.001
8.358,0.15,9.001
8.359,0.15,9.001
8.36,0.15,9.001
8.361,0.15,9.001
8.362,0.15,9.001
8.363,0.15,9.001
8.364,0.15,9.001
8.365,0.15,9.001
8.366,0.15,9.001
8.367,0.15,9.001
8.368,0.15,9.001
8.369,0.15,9.001
8.37,0.15,9.001
8.371,0.15,9.001
8.372,0.15,9.001
8.373,0.15,9.001
8.374,0.15,9.001
8.375,0.15,9.001
8.376,0.15,9.001
8.377,0.15,9.001
8.378,0.15,9.001
8.379,0.15,9.001
8.38,0.15,9.001
8.381,0.15,9.001
8.382,0.15,9.001
8.383,0.15,9.001
8.384,0.15,9.001
8.385,0.15,9.001
8.386,0.15,9.001
8.387,0.15,9.001
8.388,0.15,9.001
8.389,0.15,9.001
8.39,0.15,9.001
8.391,0.15,9.001
8.392,0.15,9.001
8.393,0.15,9.001
8.394,0.15,9.001
8.395,0.15,9.001
8.396,0.15,9.001
8.397,0.15,9.001
8.398,0.15,9.001
8.399,0.15,9.001
8.4,0.15,9.001
8.401,0.15,9.001
8.402,0.15,9.001
8.403,0.15,9.001
8.404,0.15,9.001
8.405,0.15,9.001
8.406,0.15,9.001
8.407,0.15,9.001
8.408,0.15,9.001
8.409,0.15,9.001
8.41,0.15,9.001
8.411,0.15,9.001
8.412,0.15,9.001
8.413,0.15,9.001
8.414,0.15,9.001
8.415,0.15,9.001
8.416,0.15,9.001
8.417,0.15,9.001
8.418,0.15,9.001
8.419,0.15,9.001
8.42,0.15,9.001
8.421,0.15,9.001
8.422,0.15,9.001
8.423,0.15,9.001
8.424,0.15,9.001
8.425,0.15,9.001
8.426,0.15,9.001
8.427,0.15,9.001
8.428,0.15,9.001
8.429,0.15,9.001
8.43,0.15,9.001
8.431,0.15,9.001
8.432,0.15,9.001
8.433,0.15,9.001
8.434,0.15,9.001
8.435,0.15,9.001
8.436,0.15,9.001
8.437,0.15,9.001
8.438,0.15,9.001
8.439,0.15,9.001
8.44,0.15,9.001
8.441,0.15,9.001
8.442,0.15,9.001
8.443,0.15,9.001
8.444,0.15,9.001
8.445,0.15,9.001
8.446,0.15,9.001
8.447,0.15,9.001
8.448,0.15,9.001
8.449,0.15,9.001
8.45,0.15,9.001
8.451,0.15,9.001
8.452,0.15,9.001
8.453,0.15,9.001
8.454,0.15,9.001
8.455,0.15,9.001
8.456,0.15,9.001
8.457,0.15,9.001
8.458,0.15,9.001
8.459,0.15,9.001
8.46,0.15,9.001
8.461,0.15,9.001
8.462,0.15,9.001
8.463,0.15,9.001
8.464,0.15,9.001
8.465,0.15,9.001
8.466,0.15,9.001
8.467,0.15,9.001
8.468,0.15,9.001
8.469,0.15,9.001
8.47,0.15,9.001
8.471,0.15,9.001
8.472,0.15,9.001
8.473,0.15,9.001
8.474,0.15,9.001
8.475,0.15,9.001
8.476,0.15,9.001
8.477,0.15,9.001
8.478,0.15,9.001
8.479,0.15,9.001
8.48,0.15,9.001
8.481,0.15,9.001
8.482,0.15,9.001
8.483,0.15,9.001
8.484,0.15,9.001
8.485,0.15,9.001
8.486,0.15,9.001
8.487,0.15,9.001
8.488,0.15,9.001
8.489,0.15,9.001
8.49,0.15,9.001
8.491,0.15,9.001
8.492,0.15,9.001
8.493,0.15,9.001
8.494,0.15,9.001
8.495,0.15,9.001
8.496,0.15,9.001
8.497,0.15,9.001
8.498,0.15,9.001
8.499,0.15,9.001
8.5,0.15,9.001
8.501,0.15,9.001
8.502,0.15,9.001
8.503,0.15,9.001
8.504,0.15,9.001
8.505,0.15,9.001
8.506,0.15,9.001
8.507,0.15,9.001
8.508,0.15,9.001
8.509,0.15,9.001
8.51,0.15,9.001
8.511,0.15,9.001
8.512,0.15,9.001
8.513,0.15,9.001
8.514,0.15,9.001
8.515,0.15,9.001
8.516,0.15,9.001
8.517,0.15,9.001
8.518,0.15,9.001
8.519,0.15,9.001
8.52,0.15,9.001
8.521,0.15,9.001
8.522,0.15,9.001
8.523,0.15,9.001
8.524,0.15,9.001
8.525,0.15,9.001
8.526,0.15,9.001
8.527,0.15,9.001
8.528,0.15,9.001
8.529,0.15,9.001
8.53,0.15,9.001
8.531,0.15,9.001
8.532,0.15,9.001
8.533,0.15,9.001
8.534,0.15,9.001
8.535,0.15,9.001
8.536,0.15,9.001
8.537,0.15,9.001
8.538,0.15,9.001
8.539,0.15,9.001
8.54,0.15,9.001
8.541,0.15,9.001
8.542,0.15,9.001
8.543,0.15,9.001
8.544,0.15,9.001
8.545,0.15,9.001
8.546,0.15,9.001
8.547,0.15,9.001
8.548,0.15,9.001
8.549,0.15,9.001
8.55,0.15,9.001
8.551,0.15,9.001
8.552,0.15,9.001
8.553,0.15,9.001
8.554,0.15,9.001
8.555,0.15,9.001
8.556,0.15,9.001
8.557,0.15,9.001
8.558,0.15,9.001
8.559,0.15,9.001
8.56,0.15,9.001
8.561,0.15,9.001
8.562,0.15,9.001
8.563,0.15,9.001
8.564,0.15,9.001
8.565,0.15,9.001
8.566,0.15,9.001
8.567,0.15,9.001
8.568,0.15,9.001
8.569,0.15,9.001
8.57,0.15,9.001
8.571,0.15,9.001
8.572,0.15,9.001
8.573,0.15,9.001
8.574,0.15,9.001
8.575,0.15,9.001
8.576,0.15,9.001
8.577,0.15,9.001
8.578,0.15,9.001
8.579,0.15,9.001
8.58,0.15,9.001
8.581,0.15,9.001
8.582,0.15,9.001
8.583,0.15,9.001
8.584,0.15,9.001
8.585,0.15,9.001
8.586,0.15,9.001
8.587,0.15,9.001
8.588,0.15,9.001
8.589,0.15,9.001
8.59,0.15,9.001
8.591,0.15,9.001
8.592,0.15,9.001
8.593,0.15,9.001
8.594,0.15,9.001
8.595,0.15,9.001
8.596,0.15,9.001
8.597,0.15,9.001
8.598,0.15,9.001
8.599,0.15,9.001
8.6,0.15,9.001
8.601,0.15,9.001
8.602,0.15,9.001
8.603,0.15,9.001
8.604,0.15,9.001
8.605,0.15,9.001
8.606,0.15,9.001
8.607,0.15,9.001
8.608,0.15,9.001
8.609,0.15,9.001
8.61,0.15,9.001
8.611,0.15,9.001
8.612,0.15,9.001
8.613,0.15,9.001
8.614,0.15,9.001
8.615,0.15,9.001
8.616,0.15,9.001
8.617,0.15,9.001
8.618,0.15,9.001
8.619,0.15,9.001
8.62,0.15,9.001
8.621,0.15,9.001
8.622,0.15,9.001
8.623,0.15,9.001
8.624,0.15,9.001
8.625,0.15,9.001
8.626,0.15,9.001
8.627,0.15,9.001
8.628,0.15,9.001
8.629,0.15,9.001
8.63,0.15,9.001
8.631,0.15,9.001
8.632,0.15,9.001
8.633,0.15,9.001
8.634,0.15,9.001
8.635,0.15,9.001
8.636,0.15,9.001
8.637,0.15,9.001
8.638,0.15,9.001
8.639,0.15,9.001
8.64,0.15,9.001
8.641,0.15,9.001
8.642,0.15,9.001
8.643,0.15,9.001
8.644,0.15,9.001
8.645,0.15,9.001
8.646,0.15,9.001
8.647,0.15,9.001
8.648,0.15,9.001
8.649,0.15,9.001
8.65,0.15,9.001
8.651,0.15,9.001
8.652,0.15,9.001
8.653,0.15,9.001
8.654,0.15,9.001
8.655,0.15,9.001
8.656,0.15,9.001
8.657,0.15,9.001
8.658,0.15,9.001
8.659,0.15,9.001
8.66,0.15,9.001
8.661,0.15,9.001
8.662,0.15,9.001
8.663,0.15,9.001
8.664,0.15,9.001
8.665,0.15,9.001
8.666,0.15,9.001
8.667,0.15,9.001
8.668,0.15,9.001
8.669,0.15,9.001
8.67,0.15,9.001
8.671,0.15,9.001
8.672,0.15,9.001
8.673,0.15,9.001
8.674,0.15,9.001
8.675,0.15,9.001
8.676,0.15,9.001
8.677,0.15,9.001
8.678,0.15,9.001
8.679,0.15,9.001
8.68,0.15,9.001
8.681,0.15,9.001
8.682,0.15,9.001
8.683,0.15,9.001
8.684,0.15,9.001
8.685,0.15,9.001
8.686,0.15,9.001
8.687,0.15,9.001
8.688,0.15,9.001
8.689,0.15,9.001
8.69,0.15,9.001
8.691,0.15,9.001
8.692,0.15,9.001
8.693,0.15,9.001
8.694,0.15,9.001
8.695,0.15,9.001
8.696,0.15,9.001
8.697,0.15,9.001
8.698,0.15,9.001
8.699,0.15,9.001
8.7,0.15,9.001
8.701,0.15,9.001
8.702,0.15,9.001
8.703,0.15,9.001
8.704,0.15,9.001
8.705,0.15,9.001
8.706,0.15,9.001
8.707,0.15,9.001
8.708,0.15,9.001
8.709,0.15,9.001
8.71,0.15,9.001
8.711,0.15,9.001
8.712,0.15,9.001
8.713,0.15,9.001
8.714,0.15,9.001
8.715,0.15,9.001
8.716,0.15,9.001
8.717,0.15,9.001
8.718,0.15,9.001
8.719,0.15,9.001
8.72,0.15,9.001
8.721,0.15,9.001
8.722,0.15,9.001
8.723,0.15,9.001
8.724,0.15,9.001
8.725,0.15,9.001
8.726,0.15,9.001
8.727,0.15,9.001
8.728,0.15,9.001
8.729,0.15,9.001
8.73,0.15,9.001
8.731,0.15,9.001
8.732,0.15,9.001
8.733,0.15,9.001
8.734,0.15,9.001
8.735,0.15,9.001
8.736,0.15,9.001
8.737,0.15,9.001
8.738,0.15,9.001
8.739,0.15,9.001
8.74,0.15,9.001
8.741,0.15,9.001
8.742,0.15,9.001
8.743,0.15,9.001
8.744,0.15,9.001
8.745,0.15,9.001
8.746,0.15,9.001
8.747,0.15,9.001
8.748,0.15,9.001
8.749,0.15,9.001
8.75,0.15,9.001
8.751,0.15,9.001
8.752,0.15,9.001
8.753,0.15,9.001
8.754,0.15,9.001
8.755,0.15,9.001
8.756,0.15,9.001
8.757,0.15,9.001
8.758,0.15,9.001
8.759,0.15,9.001
8.76,0.15,9.001
8.761,0.15,9.001
8.762,0.15,9.001
8.763,0.15,9.001
8.764,0.15,9.001
8.765,0.15,9.001
8.766,0.15,9.001
8.767,0.15,9.001
8.768,0.15,9.001
8.769,0.15,9.001
8.77,0.15,9.001
8.771,0.15,9.001
8.772,0.15,9.001
8.773,0.15,9.001
8.774,0.15,9.001
8.775,0.15,9.001
8.776,0.15,9.001
8.777,0.15,9.001
8.778,0.15,9.001
8.779,0.15,9.001
8.78,0.15,9.001
8.781,0.15,9.001
8.782,0.15,9.001
8.783,0.15,9.001
8.784,0.15,9.001
8.785,0.15,9.001
8.786,0.15,9.001
8.787,0.15,9.001
8.788,0.15,9.001
8.789,0.15,9.001
8.79,0.15,9.001
8.791,0.15,9.001
8.792,0.15,9.001
8.793,0.15,9.001
8.794,0.15,9.001
8.795,0.15,9.001
8.796,0.15,9.001
8.797,0.15,9.001
8.798,0.15,9.001
8.799,0.15,9.001
8.8,0.15,9.001
8.801,0.15,9.001
8.802,0.15,9.001
8.803,0.15,9.001
8.804,0.15,9.001
8.805,0.15,9.001
8.806,0.15,9.001
8.807,0.15,9.001
8.808,0.15,9.001
8.809,0.15,9.001
8.81,0.15,9.001
8.811,0.15,9.001
8.812,0.15,9.001
8.813,0.15,9.001
8.814,0.15,9.001
8.815,0.15,9.001
8.816,0.15,9.001
8.817,0.15,9.001
8.818,0.15,9.001
8.819,0.15,9.001
8.82,0.15,9.001
8.821,0.15,9.001
8.822,0.15,9.001
8.823,0.15,9.001
8.824,0.15,9.001
8.825,0.15,9.001
8.826,0.15,9.001
8.827,0.15,9.001
8.828,0.15,9.001
8.829,0.15,9.001
8.83,0.15,9.001
8.831,0.15,9.001
8.832,0.15,9.001
8.833,0.15,9.001
8.834,0.15,9.001
8.835,0.15,9.001
8.836,0.15,9.001
8.837,0.15,9.001
8.838,0.15,9.001
8.839,0.15,9.001
8.84,0.15,9.001
8.841,0.15,9.001
8.842,0.15,9.001
8.843,0.15,9.001
8.844,0.15,9.001
8.845,0.15,9.001
8.846,0.15,9.001
8.847,0.15,9.001
8.848,0.15,9.001
8.849,0.15,9.001
8.85,0.15,9.001
8.851,0.15,9.001
8.852,0.15,9.001
8.853,0.15,9.001
8.854,0.15,9.001
8.855,0.15,9.001
8.856,0.15,9.001
8.857,0.15,9.001
8.858,0.15,9.001
8.859,0.15,9.001
8.86,0.15,9.001
8.861,0.15,9.001
8.862,0.15,9.001
8.863,0.15,9.001
8.864,0.15,9.001
8.865,0.15,9.001
8.866,0.15,9.001
8.867,0.15,9.001
8.868,0.15,9.001
8.869,0.15,9.001
8.87,0.15,9.001
8.871,0.15,9.001
8.872,0.15,9.001
8.873,0.15,9.001
8.874,0.15,9.001
8.875,0.15,9.001
8.876,0.15,9.001
8.877,0.15,9.001
8.878,0.15,9.001
8.879,0.15,9.001
8.88,0.15,9.001
8.881,0.15,9.001
8.882,0.15,9.001
8.883,0.15,9.001
8.884,0.15,9.001
8.885,0.15,9.001
8.886,0.15,9.001
8.887,0.15,9.001
8.888,0.15,9.001
8.889,0.15,9.001
8.89,0.15,9.001
8.891,0.15,9.001
8.892,0.15,9.001
8.893,0.15,9.001
8.894,0.15,9.001
8.895,0.15,9.001
8.896,0.15,9.001
8.897,0.15,9.001
8.898,0.15,9.001
8.899,0.15,9.001
8.9,0.15,9.001
8.901,0.15,9.001
8.902,0.15,9.001
8.903,0.15,9.001
8.904,0.15,9.001
8.905,0.15,9.001
8.906,0.15,9.001
8.907,0.15,9.001
8.908,0.15,9.001
8.909,0.15,9.001
8.91,0.15,9.001
8.911,0.15,9.001
8.912,0.15,9.001
8.913,0.15,9.001
8.914,0.15,9.001
8.915,0.15,9.001
8.916,0.15,9.001
8.917,0.15,9.001
8.918,0.15,9.001
8.919,0.15,9.001
8.92,0.15,9.001
8.921,0.15,9.001
8.922,0.15,9.001
8.923,0.15,9.001
8.924,0.15,9.001
8.925,0.15,9.001
8.926,0.15,9.001
8.927,0.15,9.001
8.928,0.15,9.001
8.929,0.15,9.001
8.93,0.15,9.001
8.931,0.15,9.001
8.932,0.15,9.001
8.933,0.15,9.001
8.934,0.15,9.001
8.935,0.15,9.001
8.936,0.15,9.001
8.937,0.15,9.001
8.938,0.15,9.001
8.939,0.15,9.001
8.94,0.15,9.001
8.941,0.15,9.001
8.942,0.15,9.001
8.943,0.15,9.001
8.944,0.15,9.001
8.945,0.15,9.001
8.946,0.15,9.001
8.947,0.15,9.001
8.948,0.15,9.001
8.949,0.15,9.001
8.95,0.15,9.001
8.951,0.15,9.001
8.952,0.15,9.001
8.953,0.15,9.001
8.954,0.15,9.001
8.955,0.15,9.001
8.956,0.15,9.001
8.957,0.15,9.001
8.958,0.15,9.001
8.959,0.15,9.001
8.96,0.15,9.001
8.961,0.15,9.001
8.962,0.15,9.001
8.963,0.15,9.001
8.964,0.15,9.001
8.965,0.15,9.001
8.966,0.15,9.001
8.967,0.15,9.001
8.968,0.15,9.001
8.969,0.15,9.001
8.97,0.15,9.001
8.971,0.15,9.001
8.972,0.15,9.001
8.973,0.15,9.001
8.974,0.15,9.001
8.975,0.15,9.001
8.976,0.15,9.001
8.977,0.15,9.001
8.978,0.15,9.001
8.979,0.15,9.001
8.98,0.15,9.001
8.981,0.15,9.001
8.982,0.15,9.001
8.983,0.15,9.001
8.984,0.15,9.001
8.985,0.15,9.001
8.986,0.15,9.001
8.987,0.15,9.001
8.988,0.15,9.001
8.989,0.15,9.001
8.99,0.15,9.001
8.991,0.15,9.001
8.992,0.15,9.001
8.993,0.15,9.001
8.994,0.15,9.001
8.995,0.15,9.001
8.996,0.15,9.001
8.997,0.15,9.001
8.998,0.15,9.001
8.999,0.15,9.001
9,0.15,9.001
9.001,0.15,9.001
9.002,0.15,9.001
9.003,0.15,9.001
9.004,0.15,9.001
9.005,0.15,9.001
9.006,0.15,9.001
9.007,0.15,9.001
9.008,0.15,9.001
9.009,0.15,9.001
9.01,0.15,9.001
9.011,0.15,9.001
9.012,0.15,9.001
9.013,0.15,9.001
9.014,0.15,9.001
9.015,0.15,9.001
9.016,0.15,9.001
9.017,0.15,9.001
9.018,0.15,9.001
9.019,0.15,9.001
9.02,0.15,9.001
9.021,0.15,9.001
9.022,0.15,9.001
9.023,0.15,9.001
9.024,0.15,9.001
9.025,0.15,9.001
9.026,0.15,9.001
9.027,0.15,9.001
9.028,0.15,9.001
9.029,0.15,9.001
9.03,0.15,9.001
9.031,0.15,9.001
9.032,0.15,9.001
9.033,0.15,9.001
9.034,0.15,9.001
9.035,0.15,9.001
9.036,0.15,9.001
9.037,0.15,9.001
9.038,0.15,9.001
9.039,0.15,9.001
9.04,0.15,9.001
9.041,0.15,9.001
9.042,0.15,9.001
9.043,0.15,9.001
9.044,0.15,9.001
9.045,0.15,9.001
9.046,0.15,9.001
9.047,0.15,9.001
9.048,0.15,9.001
9.049,0.15,9.001
9.05,0.15,9.001
9.051,0.15,9.001
9.052,0.15,9.001
9.053,0.15,9.001
9.054,0.15,9.001
9.055,0.15,9.001
9.056,0.15,9.001
9.057,0.15,9.001
9.058,0.15,9.001
9.059,0.15,9.001
9.06,0.15,9.001
9.061,0.15,9.001
9.062,0.15,9.001
9.063,0.15,9.001
9.064,0.15,9.001
9.065,0.15,9.001
9.066,0.15,9.001
9.067,0.15,9.001
9.068,0.15,9.001
9.069,0.15,9.001
9.07,0.15,9.001
9.071,0.15,9.001
9.072,0.15,9.001
9.073,0.15,9.001
9.074,0.15,9.001
9.075,0.15,9.001
9.076,0.15,9.001
9.077,0.15,9.001
9.078,0.15,9.001
9.079,0.15,9.001
9.08,0.15,9.001
9.081,0.15,9.001
9.082,0.15,9.001
9.083,0.15,9.001
9.084,0.15,9.001
9.085,0.15,9.001
9.086,0.15,9.001
9.087,0.15,9.001
9.088,0.15,9.001
9.089,0.15,9.001
9.09,0.15,9.001
9.091,0.15,9.001
9.092,0.15,9.001
9.093,0.15,9.001
9.094,0.15,9.001
9.095,0.15,9.001
9.096,0.15,9.001
9.097,0.15,9.001
9.098,0.15,9.001
9.099,0.15,9.001
9.1,0.15,9.001
9.101,0.15,9.001
9.102,0.15,9.001
9.103,0.15,9.001
9.104,0.15,9.001
9.105,0.15,9.001
9.106,0.15,9.001
9.107,0.15,9.001
9.108,0.15,9.001
9.109,0.15,9.001
9.11,0.15,9.001
9.111,0.15,9.001
9.112,0.15,9.001
9.113,0.15,9.001
9.114,0.15,9.001
9.115,0.15,9.001
9.116,0.15,9.001
9.117,0.15,9.001
9.118,0.15,9.001
9.119,0.15,9.001
9.12,0.15,9.001
9.121,0.15,9.001
9.122,0.15,9.001
9.123,0.15,9.001
9.124,0.15,9.001
9.125,0.15,9.001
9.126,0.15,9.001
9.127,0.15,9.001
9.128,0.15,9.001
9.129,0.15,9.001
9.13,0.15,9.001
9.131,0.15,9.001
9.132,0.15,9.001
9.133,0.15,9.001
9.134,0.15,9.001
9.135,0.15,9.001
9.136,0.15,9.001
9.137,0.15,9.001
9.138,0.15,9.001
9.139,0.15,9.001
9.14,0.15,9.001
9.141,0.15,9.001
9.142,0.15,9.001
9.143,0.15,9.001
9.144,0.15,9.001
9.145,0.15,9.001
9.146,0.15,9.001
9.147,0.15,9.001
9.148,0.15,9.001
9.149,0.15,9.001
9.15,0.15,9.001
9.151,0.15,9.001
9.152,0.15,9.001
9.153,0.15,9.001
9.154,0.15,9.001
9.155,0.15,9.001
9.156,0.15,9.001
9.157,0.15,9.001
9.158,0.15,9.001
9.159,0.15,9.001
9.16,0.15,9.001
9.161,0.15,9.001
9.162,0.15,9.001
9.163,0.15,9.001
9.164,0.15,9.001
9.165,0.15,9.001
9.166,0.15,9.001
9.167,0.15,9.001
9.168,0.15,9.001
9.169,0.15,9.001
9.17,0.15,9.001
9.171,0.15,9.001
9.172,0.15,9.001
9.173,0.15,9.001
9.174,0.15,9.001
9.175,0.15,9.001
9.176,0.15,9.001
9.177,0.15,9.001
9.178,0.15,9.001
9.179,0.15,9.001
9.18,0.15,9.001
9.181,0.15,9.001
9.182,0.15,9.001
9.183,0.15,9.001
9.184,0.15,9.001
9.185,0.15,9.001
9.186,0.15,9.001
9.187,0.15,9.001
9.188,0.15,9.001
9.189,0.15,9.001
9.19,0.15,9.001
9.191,0.15,9.001
9.192,0.15,9.001
9.193,0.15,9.001
9.194,0.15,9.001
9.195,0.15,9.001
9.196,0.15,9.001
9.197,0.15,9.001
9.198,0.15,9.001
9.199,0.15,9.001
9.2,0.15,9.001
9.201,0.15,9.001
9.202,0.15,9.001
9.203,0.15,9.001
9.204,0.15,9.001
9.205,0.15,9.001
9.206,0.15,9.001
9.207,0.15,9.001
9.208,0.15,9.001
9.209,0.15,9.001
9.21,0.15,9.001
9.211,0.15,9.001
9.212,0.15,9.001
9.213,0.15,9.001
9.214,0.15,9.001
9.215,0.15,9.001
9.216,0.15,9.001
9.217,0.15,9.001
9.218,0.15,9.001
9.219,0.15,9.001
9.22,0.15,9.001
9.221,0.15,9.001
9.222,0.15,9.001
9.223,0.15,9.001
9.224,0.15,9.001
9.225,0.15,9.001
9.226,0.15,9.001
9.227,0.15,9.001
9.228,0.15,9.001
9.229,0.15,9.001
9.23,0.15,9.001
9.231,0.15,9.001
9.232,0.15,9.001
9.233,0.15,9.001
9.234,0.15,9.001
9.235,0.15,9.001
9.236,0.15,9.001
9.237,0.15,9.001
9.238,0.15,9.001
9.239,0.15,9.001
9.24,0.15,9.001
9.241,0.15,9.001
9.242,0.15,9.001
9.243,0.15,9.001
9.244,0.15,9.001
9.245,0.15,9.001
9.246,0.15,9.001
9.247,0.15,9.001
9.248,0.15,9.001
9.249,0.15,9.001
9.25,0.15,9.001
9.251,0.15,9.001
9.252,0.15,9.001
9.253,0.15,9.001
9.254,0.15,9.001
9.255,0.15,9.001
9.256,0.15,9.001
9.257,0.15,9.001
9.258,0.15,9.001
9.259,0.15,9.001
9.26,0.15,9.001
9.261,0.15,9.001
9.262,0.15,9.001
9.263,0.15,9.001
9.264,0.15,9.001
9.265,0.15,9.001
9.266,0.15,9.001
9.267,0.15,9.001
9.268,0.15,9.001
9.269,0.15,9.001
9.27,0.15,9.001
9.271,0.15,9.001
9.272,0.15,9.001
9.273,0.15,9.001
9.274,0.15,9.001
9.275,0.15,9.001
9.276,0.15,9.001
9.277,0.15,9.001
9.278,0.15,9.001
9.279,0.15,9.001
9.28,0.15,9.001
9.281,0.15,9.001
9.282,0.15,9.001
9.283,0.15,9.001
9.284,0.15,9.001
9.285,0.15,9.001
9.286,0.15,9.001
9.287,0.15,9.001
9.288,0.15,9.001
9.289,0.15,9.001
9.29,0.15,9.001
9.291,0.15,9.001
9.292,0.15,9.001
9.293,0.15,9.001
9.294,0.15,9.001
9.295,0.15,9.001
9.296,0.15,9.001
9.297,0.15,9.001
9.298,0.15,9.001
9.299,0.15,9.001
9.3,0.15,9.001
9.301,0.15,9.001
9.302,0.15,9.001
9.303,0.15,9.001
9.304,0.15,9.001
9.305,0.15,9.001
9.306,0.15,9.001
9.307,0.15,9.001
9.308,0.15,9.001
9.309,0.15,9.001
9.31,0.15,9.001
9.311,0.15,9.001
9.312,0.15,9.001
9.313,0.15,9.001
9.314,0.15,9.001
9.315,0.15,9.001
9.316,0.15,9.001
9.317,0.15,9.001
9.318,0.15,9.001
9.319,0.15,9.001
9.32,0.15,9.001
9.321,0.15,9.001
9.322,0.15,9.001
9.323,0.15,9.001
9.324,0.15,9.001
9.325,0.15,9.001
9.326,0.15,9.001
9.327,0.15,9.001
9.328,0.15,9.001
9.329,0.15,9.001
9.33,0.15,9.001
9.331,0.15,9.001
9.332,0.15,9.001
9.333,0.15,9.001
9.334,0.15,9.001
9.335,0.15,9.001
9.336,0.15,9.001
9.337,0.15,9.001
9.338,0.15,9.001
9.339,0.15,9.001
9.34,0.15,9.001
9.341,0.15,9.001
9.342,0.15,9.001
9.343,0.15,9.001
9.344,0.15,9.001
9.345,0.15,9.001
9.346,0.15,9.001
9.347,0.15,9.001
9.348,0.15,9.001
9.349,0.15,9.001
9.35,0.15,9.001
9.351,0.15,9.001
9.352,0.15,9.001
9.353,0.15,9.001
9.354,0.15,9.001
9.355,0.15,9.001
9.356,0.15,9.001
9.357,0.15,9.001
9.358,0.15,9.001
9.359,0.15,9.001
9.36,0.15,9.001
9.361,0.15,9.001
9.362,0.15,9.001
9.363,0.15,9.001
9.364,0.15,9.001
9.365,0.15,9.001
9.366,0.15,9.001
9.367,0.15,9.001
9.368,0.15,9.001
9.369,0.15,9.001
9.37,0.15,9.001
9.371,0.15,9.001
9.372,0.15,9.001
9.373,0.15,9.001
9.374,0.15,9.001
9.375,0.15,9.001
9.376,0.15,9.001
9.377,0.15,9.001
9.378,0.15,9.001
9.379,0.15,9.001
9.38,0.15,9.001
9.381,0.15,9.001
9.382,0.15,9.001
9.383,0.15,9.001
9.384,0.15,9.001
9.385,0.15,9.001
9.386,0.15,9.001
9.387,0.15,9.001
9.388,0.15,9.001
9.389,0.15,9.001
9.39,0.15,9.001
9.391,0.15,9.001
9.392,0.15,9.001
9.393,0.15,9.001
9.394,0.15,9.001
9.395,0.15,9.001
9.396,0.15,9.001
9.397,0.15,9.001
9.398,0.15,9.001
9.399,0.15,9.001
9.4,0.15,9.001
9.401,0.15,9.001
9.402,0.15,9.001
9.403,0.15,9.001
9.404,0.15,9.001
9.405,0.15,9.001
9.406,0.15,9.001
9.407,0.15,9.001
9.408,0.15,9.001
9.409,0.15,9.001
9.41,0.15,9.001
9.411,0.15,9.001
9.412,0.15,9.001
9.413,0.15,9.001
9.414,0.15,9.001
9.415,0.15,9.001
9.416,0.15,9.001
9.417,0.15,9.001
9.418,0.15,9.001
9.419,0.15,9.001
9.42,0.15,9.001
9.421,0.15,9.001
9.422,0.15,9.001
9.423,0.15,9.001
9.424,0.15,9.001
9.425,0.15,9.001
9.426,0.15,9.001
9.427,0.15,9.001
9.428,0.15,9.001
9.429,0.15,9.001
9.43,0.15,9.001
9.431,0.15,9.001
9.432,0.15,9.001
9.433,0.15,9.001
9.434,0.15,9.001
9.435,0.15,9.001
9.436,0.15,9.001
9.437,0.15,9.001
9.438,0.15,9.001
9.439,0.15,9.001
9.44,0.15,9.001
9.441,0.15,9.001
9.442,0.15,9.001
9.443,0.15,9.001
9.444,0.15,9.001
9.445,0.15,9.001
9.446,0.15,9.001
9.447,0.15,9.001
9.448,0.15,9.001
9.449,0.15,9.001
9.45,0.15,9.001
9.451,0.15,9.001
9.452,0.15,9.001
9.453,0.15,9.001
9.454,0.15,9.001
9.455,0.15,9.001
9.456,0.15,9.001
9.457,0.15,9.001
9.458,0.15,9.001
9.459,0.15,9.001
9.46,0.15,9.001
9.461,0.15,9.001
9.462,0.15,9.001
9.463,0.15,9.001
9.464,0.15,9.001
9.465,0.15,9.001
9.466,0.15,9.001
9.467,0.15,9.001
9.468,0.15,9.001
9.469,0.15,9.001
9.47,0.15,9.001
9.471,0.15,9.001
9.472,0.15,9.001
9.473,0.15,9.001
9.474,0.15,9.001
9.475,0.15,9.001
9.476,0.15,9.001
9.477,0.15,9.001
9.478,0.15,9.001
9.479,0.15,9.001
9.48,0.15,9.001
9.481,0.15,9.001
9.482,0.15,9.001
9.483,0.15,9.001
9.484,0.15,9.001
9.485,0.15,9.001
9.486,0.15,9.001
9.487,0.15,9.001
9.488,0.15,9.001
9.489,0.15,9.001
9.49,0.15,9.001
9.491,0.15,9.001
9.492,0.15,9.001
9.493,0.15,9.001
9.494,0.15,9.001
9.495,0.15,9.001
9.496,0.15,9.001
9.497,0.15,9.001
9.498,0.15,9.001
9.499,0.15,9.001
9.5,0.15,9.001
9.501,0.15,9.001
9.502,0.15,9.001
9.503,0.15,9.001
9.504,0.15,9.001
9.505,0.15,9.001
9.506,0.15,9.001
9.507,0.15,9.001
9.508,0.15,9.001
9.509,0.15,9.001
9.51,0.15,9.001
9.511,0.15,9.001
9.512,0.15,9.001
9.513,0.15,9.001
9.514,0.15,9.001
9.515,0.15,9.001
9.516,0.15,9.001
9.517,0.15,9.001
9.518,0.15,9.001
9.519,0.15,9.001
9.52,0.15,9.001
9.521,0.15,9.001
9.522,0.15,9.001
9.523,0.15,9.001
9.524,0.15,9.001
9.525,0.15,9.001
9.526,0.15,9.001
9.527,0.15,9.001
9.528,0.15,9.001
9.529,0.15,9.001
9.53,0.15,9.001
9.531,0.15,9.001
9.532,0.15,9.001
9.533,0.15,9.001
9.534,0.15,9.001
9.535,0.15,9.001
9.536,0.15,9.001
9.537,0.15,9.001
9.538,0.15,9.001
9.539,0.15,9.001
9.54,0.15,9.001
9.541,0.15,9.001
9.542,0.15,9.001
9.543,0.15,9.001
9.544,0.15,9.001
9.545,0.15,9.001
9.546,0.15,9.001
9.547,0.15,9.001
9.548,0.15,9.001
9.549,0.15,9.001
9.55,0.15,9.001
9.551,0.15,9.001
9.552,0.15,9.001
9.553,0.15,9.001
9.554,0.15,9.001
9.555,0.15,9.001
9.556,0.15,9.001
9.557,0.15,9.001
9.558,0.15,9.001
9.559,0.15,9.001
9.56,0.15,9.001
9.561,0.15,9.001
9.562,0.15,9.001
9.563,0.15,9.001
9.564,0.15,9.001
9.565,0.15,9.001
9.566,0.15,9.001
9.567,0.15,9.001
9.568,0.15,9.001
9.569,0.15,9.001
9.57,0.15,9.001
9.571,0.15,9.001
9.572,0.15,9.001
9.573,0.15,9.001
9.574,0.15,9.001
9.575,0.15,9.001
9.576,0.15,9.001
9.577,0.15,9.001
9.578,0.15,9.001
9.579,0.15,9.001
9.58,0.15,9.001
9.581,0.15,9.001
9.582,0.15,9.001
9.583,0.15,9.001
9.584,0.15,9.001
9.585,0.15,9.001
9.586,0.15,9.001
9.587,0.15,9.001
9.588,0.15,9.001
9.589,0.15,9.001
9.59,0.15,9.001
9.591,0.15,9.001
9.592,0.15,9.001
9.593,0.15,9.001
9.594,0.15,9.001
9.595,0.15,9.001
9.596,0.15,9.001
9.597,0.15,9.001
9.598,0.15,9.001
9.599,0.15,9.001
9.6,0.15,9.001
9.601,0.15,9.001
9.602,0.15,9.001
9.603,0.15,9.001
9.604,0.15,9.001
9.605,0.15,9.001
9.606,0.15,9.001
9.607,0.15,9.001
9.608,0.15,9.001
9.609,0.15,9.001
9.61,0.15,9.001
9.611,0.15,9.001
9.612,0.15,9.001
9.613,0.15,9.001
9.614,0.15,9.001
9.615,0.15,9.001
9.616,0.15,9.001
9.617,0.15,9.001
9.618,0.15,9.001
9.619,0.15,9.001
9.62,0.15,9.001
9.621,0.15,9.001
9.622,0.15,9.001
9.623,0.15,9.001
9.624,0.15,9.001
9.625,0.15,9.001
9.626,0.15,9.001
9.627,0.15,9.001
9.628,0.15,9.001
9.629,0.15,9.001
9.63,0.15,9.001
9.631,0.15,9.001
9.632,0.15,9.001
9.633,0.15,9.001
9.634,0.15,9.001
9.635,0.15,9.001
9.636,0.15,9.001
9.637,0.15,9.001
9.638,0.15,9.001
9.639,0.15,9.001
9.64,0.15,9.001
9.641,0.15,9.001
9.642,0.15,9.001
9.643,0.15,9.001
9.644,0.15,9.001
9.645,0.15,9.001
9.646,0.15,9.001
9.647,0.15,9.001
9.648,0.15,9.001
9.649,0.15,9.001
9.65,0.15,9.001
9.651,0.15,9.001
9.652,0.15,9.001
9.653,0.15,9.001
9.654,0.15,9.001
9.655,0.15,9.001
9.656,0.15,9.001
9.657,0.15,9.001
9.658,0.15,9.001
9.659,0.15,9.001
9.66,0.15,9.001
9.661,0.15,9.001
9.662,0.15,9.001
9.663,0.15,9.001
9.664,0.15,9.001
9.665,0.15,9.001
9.666,0.15,9.001
9.667,0.15,9.001
9.668,0.15,9.001
9.669,0.15,9.001
9.67,0.15,9.001
9.671,0.15,9.001
9.672,0.15,9.001
9.673,0.15,9.001
9.674,0.15,9.001
9.675,0.15,9.001
9.676,0.15,9.001
9.677,0.15,9.001
9.678,0.15,9.001
9.679,0.15,9.001
9.68,0.15,9.001
9.681,0.15,9.001
9.682,0.15,9.001
9.683,0.15,9.001
9.684,0.15,9.001
9.685,0.15,9.001
9.686,0.15,9.001
9.687,0.15,9.001
9.688,0.15,9.001
9.689,0.15,9.001
9.69,0.15,9.001
9.691,0.15,9.001
9.692,0.15,9.001
9.693,0.15,9.001
9.694,0.15,9.001
9.695,0.15,9.001
9.696,0.15,9.001
9.697,0.15,9.001
9.698,0.15,9.001
9.699,0.15,9.001
9.7,0.15,9.001
9.701,0.15,9.001
9.702,0.15,9.001
9.703,0.15,9.001
9.704,0.15,9.001
9.705,0.15,9.001
9.706,0.15,9.001
9.707,0.15,9.001
9.708,0.15,9.001
9.709,0.15,9.001
9.71,0.15,9.001
9.711,0.15,9.001
9.712,0.15,9.001
9.713,0.15,9.001
9.714,0.15,9.001
9.715,0.15,9.001
9.716,0.15,9.001
9.717,0.15,9.001
9.718,0.15,9.001
9.719,0.15,9.001
9.72,0.15,9.001
9.721,0.15,9.001
9.722,0.15,9.001
9.723,0.15,9.001
9.724,0.15,9.001
9.725,0.15,9.001
9.726,0.15,9.001
9.727,0.15,9.001
9.728,0.15,9.001
9.729,0.15,9.001
9.73,0.15,9.001
9.731,0.15,9.001
9.732,0.15,9.001
9.733,0.15,9.001
9.734,0.15,9.001
9.735,0.15,9.001
9.736,0.15,9.001
9.737,0.15,9.001
9.738,0.15,9.001
9.739,0.15,9.001
9.74,0.15,9.001
9.741,0.15,9.001
9.742,0.15,9.001
9.743,0.15,9.001
9.744,0.15,9.001
9.745,0.15,9.001
9.746,0.15,9.001
9.747,0.15,9.001
9.748,0.15,9.001
9.749,0.15,9.001
9.75,0.15,9.001
9.751,0.15,9.001
9.752,0.15,9.001
9.753,0.15,9.001
9.754,0.15,9.001
9.755,0.15,9.001
9.756,0.15,9.001
9.757,0.15,9.001
9.758,0.15,9.001
9.759,0.15,9.001
9.76,0.15,9.001
9.761,0.15,9.001
9.762,0.15,9.001
9.763,0.15,9.001
9.764,0.15,9.001
9.765,0.15,9.001
9.766,0.15,9.001
9.767,0.15,9.001
9.768,0.15,9.001
9.769,0.15,9.001
9.77,0.15,9.001
9.771,0.15,9.001
9.772,0.15,9.001
9.773,0.15,9.001
9.774,0.15,9.001
9.775,0.15,9.001
9.776,0.15,9.001
9.777,0.15,9.001
9.778,0.15,9.001
9.779,0.15,9.001
9.78,0.15,9.001
9.781,0.15,9.001
9.782,0.15,9.001
9.783,0.15,9.001
9.784,0.15,9.001
9.785,0.15,9.001
9.786,0.15,9.001
9.787,0.15,9.001
9.788,0.15,9.001
9.789,0.15,9.001
9.79,0.15,9.001
9.791,0.15,9.001
9.792,0.15,9.001
9.793,0.15,9.001
9.794,0.15,9.001
9.795,0.15,9.001
9.796,0.15,9.001
9.797,0.15,9.001
9.798,0.15,9.001
9.799,0.15,9.001
9.8,0.15,9.001
9.801,0.15,9.001
9.802,0.15,9.001
9.803,0.15,9.001
9.804,0.15,9.001
9.805,0.15,9.001
9.806,0.15,9.001
9.807,0.15,9.001
9.808,0.15,9.001
9.809,0.15,9.001
9.81,0.15,9.001
9.811,0.15,9.001
9.812,0.15,9.001
9.813,0.15,9.001
9.814,0.15,9.001
9.815,0.15,9.001
9.816,0.15,9.001
9.817,0.15,9.001
9.818,0.15,9.001
9.819,0.15,9.001
9.82,0.15,9.001
9.821,0.15,9.001
9.822,0.15,9.001
9.823,0.15,9.001
9.824,0.15,9.001
9.825,0.15,9.001
9.826,0.15,9.001
9.827,0.15,9.001
9.828,0.15,9.001
9.829,0.15,9.001
9.83,0.15,9.001
9.831,0.15,9.001
9.832,0.15,9.001
9.833,0.15,9.001
9.834,0.15,9.001
9.835,0.15,9.001
9.836,0.15,9.001
9.837,0.15,9.001
9.838,0.15,9.001
9.839,0.15,9.001
9.84,0.15,9.001
9.841,0.15,9.001
9.842,0.15,9.001
9.843,0.15,9.001
9.844,0.15,9.001
9.845,0.15,9.001
9.846,0.15,9.001
9.847,0.15,9.001
9.848,0.15,9.001
9.849,0.15,9.001
9.85,0.15,9.001
9.851,0.15,9.001
9.852,0.15,9.001
9.853,0.15,9.001
9.854,0.15,9.001
9.855,0.15,9.001
9.856,0.15,9.001
9.857,0.15,9.001
9.858,0.15,9.001
9.859,0.15,9.001
9.86,0.15,9.001
9.861,0.15,9.001
9.862,0.15,9.001
9.863,0.15,9.001
9.864,0.15,9.001
9.865,0.15,9.001
9.866,0.15,9.001
9.867,0.15,9.001
9.868,0.15,9.001
9.869,0.15,9.001
9.87,0.15,9.001
9.871,0.15,9.001
9.872,0.15,9.001
9.873,0.15,9.001
9.874,0.15,9.001
9.875,0.15,9.001
9.876,0.15,9.001
9.877,0.15,9.001
9.878,0.15,9.001
9.879,0.15,9.001
9.88,0.15,9.001
9.881,0.15,9.001
9.882,0.15,9.001
9.883,0.15,9.001
9.884,0.15,9.001
9.885,0.15,9.001
9.886,0.15,9.001
9.887,0.15,9.001
9.888,0.15,9.001
9.889,0.15,9.001
9.89,0.15,9.001
9.891,0.15,9.001
9.892,0.15,9.001
9.893,0.15,9.001
9.894,0.15,9.001
9.895,0.15,9.001
9.896,0.15,9.001
9.897,0.15,9.001
9.898,0.15,9.001
9.899,0.15,9.001
9.9,0.15,9.001
9.901,0.15,9.001
9.902,0.15,9.001
9.903,0.15,9.001
9.904,0.15,9.001
9.905,0.15,9.001
9.906,0.15,9.001
9.907,0.15,9.001
9.908,0.15,9.001
9.909,0.15,9.001
9.91,0.15,9.001
9.911,0.15,9.001
9.912,0.15,9.001
9.913,0.15,9.001
9.914,0.15,9.001
9.915,0.15,9.001
9.916,0.15,9.001
9.917,0.15,9.001
9.918,0.15,9.001
9.919,0.15,9.001
9.92,0.15,9.001
9.921,0.15,9.001
9.922,0.15,9.001
9.923,0.15,9.001
9.924,0.15,9.001
9.925,0.15,9.001
9.926,0.15,9.001
9.927,0.15,9.001
9.928,0.15,9.001
9.929,0.15,9.001
9.93,0.15,9.001
9.931,0.15,9.001
9.932,0.15,9.001
9.933,0.15,9.001
9.934,0.15,9.001
9.935,0.15,9.001
9.936,0.15,9.001
9.937,0.15,9.001
9.938,0.15,9.001
9.939,0.15,9.001
9.94,0.15,9.001
9.941,0.15,9.001
9.942,0.15,9.001
9.943,0.15,9.001
9.944,0.15,9.001
9.945,0.15,9.001
9.946,0.15,9.001
9.947,0.15,9.001
9.948,0.15,9.001
9.949,0.15,9.001
9.95,0.15,9.001
9.951,0.15,9.001
9.952,0.15,9.001
9.953,0.15,9.001
9.954,0.15,9.001
9.955,0.15,9.001
9.956,0.15,9.001
9.957,0.15,9.001
9.958,0.15,9.001
9.959,0.15,9.001
9.96,0.15,9.001
9.961,0.15,9.001
9.962,0.15,9.001
9.963,0.15,9.001
9.964,0.15,9.001
9.965,0.15,9.001
9.966,0.15,9.001
9.967,0.15,9.001
9.968,0.15,9.001
9.969,0.15,9.001
9.97,0.15,9.001
9.971,0.15,9.001
9.972,0.15,9.001
9.973,0.15,9.001
9.974,0.15,9.001
9.975,0.15,9.001
9.976,0.15,9.001
9.977,0.15,9.001
9.978,0.15,9.001
9.979,0.15,9.001
9.98,0.15,9.001
9.981,0.15,9.001
9.982,0.15,9.001
9.983,0.15,9.001
9.984,0.15,9.001
9.985,0.15,9.001
9.986,0.15,9.001
9.987,0.15,9.001
9.988,0.15,9.001
9.989,0.15,9.001
9.99,0.15,9.001
9.991,0.15,9.001
9.992,0.15,9.001
9.993,0.15,9.001
9.994,0.15,9.001
9.995,0.15,9.001
9.996,0.15,9.001
9.997,0.15,9.001
9.998,0.15,9.001
9.999,0.15,9.001
10,0.15,9.001
10.001,0.15,9.001
10.002,0.15,9.001
10.003,0.15,9.001
10.004,0.15,9.001
10.005,0.15,9.001
10.006,0.15,9.001
10.007,0.15,9.001
10.008,0.15,9.001
10.009,0.15,9.001
10.01,0.15,9.001
10.011,0.15,9.001
10.012,0.15,9.001
10.013,0.15,9.001
10.014,0.15,9.001
10.015,0.15,9.001
10.016,0.15,9.001
10.017,0.15,9.001
10.018,0.15,9.001
10.019,0.15,9.001
10.02,0.15,9.001
10.021,0.15,9.001
10.022,0.15,9.001
10.023,0.15,9.001
10.024,0.15,9.001
10.025,0.15,9.001
10.026,0.15,9.001
10.027,0.15,9.001
10.028,0.15,9.001
10.029,0.15,9.001
10.03,0.15,9.001
10.031,0.15,9.001
10.032,0.15,9.001
10.033,0.15,9.001
10.034,0.15,9.001
10.035,0.15,9.001
10.036,0.15,9.001
10.037,0.15,9.001
10.038,0.15,9.001
10.039,0.15,9.001
10.04,0.15,9.001
10.041,0.15,9.001
10.042,0.15,9.001
10.043,0.15,9.001
10.044,0.15,9.001
10.045,0.15,9.001
10.046,0.15,9.001
10.047,0.15,9.001
10.048,0.15,9.001
10.049,0.15,9.001
10.05,0.15,9.001
10.051,0.15,9.001
10.052,0.15,9.001
10.053,0.15,9.001
10.054,0.15,9.001
10.055,0.15,9.001
10.056,0.15,9.001
10.057,0.15,9.001
10.058,0.15,9.001
10.059,0.15,9.001
10.06,0.15,9.001
10.061,0.15,9.001
10.062,0.15,9.001
10.063,0.15,9.001
10.064,0.15,9.001
10.065,0.15,9.001
10.066,0.15,9.001
10.067,0.15,9.001
10.068,0.15,9.001
10.069,0.15,9.001
10.07,0.15,9.001
10.071,0.15,9.001
10.072,0.15,9.001
10.073,0.15,9.001
10.074,0.15,9.001
10.075,0.15,9.001
10.076,0.15,9.001
10.077,0.15,9.001
10.078,0.15,9.001
10.079,0.15,9.001
10.08,0.15,9.001
10.081,0.15,9.001
10.082,0.15,9.001
10.083,0.15,9.001
10.084,0.15,9.001
10.085,0.15,9.001
10.086,0.15,9.001
10.087,0.15,9.001
10.088,0.15,9.001
10.089,0.15,9.001
10.09,0.15,9.001
10.091,0.15,9.001
10.092,0.15,9.001
10.093,0.15,9.001
10.094,0.15,9.001
10.095,0.15,9.001
10.096,0.15,9.001
10.097,0.15,9.001
10.098,0.15,9.001
10.099,0.15,9.001
10.1,0.15,9.001
10.101,0.15,9.001
10.102,0.15,9.001
10.103,0.15,9.001
10.104,0.15,9.001
10.105,0.15,9.001
10.106,0.15,9.001
10.107,0.15,9.001
10.108,0.15,9.001
10.109,0.15,9.001
10.11,0.15,9.001
10.111,0.15,9.001
10.112,0.15,9.001
10.113,0.15,9.001
10.114,0.15,9.001
10.115,0.15,9.001
10.116,0.15,9.001
10.117,0.15,9.001
10.118,0.15,9.001
10.119,0.15,9.001
10.12,0.15,9.001
10.121,0.15,9.001
10.122,0.15,9.001
10.123,0.15,9.001
10.124,0.15,9.001
10.125,0.15,9.001
10.126,0.15,9.001
10.127,0.15,9.001
10.128,0.15,9.001
10.129,0.15,9.001
10.13,0.15,9.001
10.131,0.15,9.001
10.132,0.15,9.001
10.133,0.15,9.001
10.134,0.15,9.001
10.135,0.15,9.001
10.136,0.15,9.001
10.137,0.15,9.001
10.138,0.15,9.001
10.139,0.15,9.001
10.14,0.15,9.001
10.141,0.15,9.001
10.142,0.15,9.001
10.143,0.15,9.001
10.144,0.15,9.001
10.145,0.15,9.001
10.146,0.15,9.001
10.147,0.15,9.001
10.148,0.15,9.001
10.149,0.15,9.001
10.15,0.15,9.001
10.151,0.15,9.001
10.152,0.15,9.001
10.153,0.15,9.001
10.154,0.15,9.001
10.155,0.15,9.001
10.156,0.15,9.001
10.157,0.15,9.001
10.158,0.15,9.001
10.159,0.15,9.001
10.16,0.15,9.001
10.161,0.15,9.001
10.162,0.15,9.001
10.163,0.15,9.001
10.164,0.15,9.001
10.165,0.15,9.001
10.166,0.15,9.001
10.167,0.15,9.001
10.168,0.15,9.001
10.169,0.15,9.001
10.17,0.15,9.001
10.171,0.15,9.001
10.172,0.15,9.001
10.173,0.15,9.001
10.174,0.15,9.001
10.175,0.15,9.001
10.176,0.15,9.001
10.177,0.15,9.001
10.178,0.15,9.001
10.179,0.15,9.001
10.18,0.15,9.001
10.181,0.15,9.001
10.182,0.15,9.001
10.183,0.15,9.001
10.184,0.15,9.001
10.185,0.15,9.001
10.186,0.15,9.001
10.187,0.15,9.001
10.188,0.15,9.001
10.189,0.15,9.001
10.19,0.15,9.001
10.191,0.15,9.001
10.192,0.15,9.001
10.193,0.15,9.001
10.194,0.15,9.001
10.195,0.15,9.001
10.196,0.15,9.001
10.197,0.15,9.001
10.198,0.15,9.001
10.199,0.15,9.001
10.2,0.15,9.001
10.201,0.15,9.001
10.202,0.15,9.001
10.203,0.15,9.001
10.204,0.15,9.001
10.205,0.15,9.001
10.206,0.15,9.001
10.207,0.15,9.001
10.208,0.15,9.001
10.209,0.15,9.001
10.21,0.15,9.001
10.211,0.15,9.001
10.212,0.15,9.001
10.213,0.15,9.001
10.214,0.15,9.001
10.215,0.15,9.001
10.216,0.15,9.001
10.217,0.15,9.001
10.218,0.15,9.001
10.219,0.15,9.001
10.22,0.15,9.001
10.221,0.15,9.001
10.222,0.15,9.001
10.223,0.15,9.001
10.224,0.15,9.001
10.225,0.15,9.001
10.226,0.15,9.001
10.227,0.15,9.001
10.228,0.15,9.001
10.229,0.15,9.001
10.23,0.15,9.001
10.231,0.15,9.001
10.232,0.15,9.001
10.233,0.15,9.001
10.234,0.15,9.001
10.235,0.15,9.001
10.236,0.15,9.001
10.237,0.15,9.001
10.238,0.15,9.001
10.239,0.15,9.001
10.24,0.15,9.001
10.241,0.15,9.001
10.242,0.15,9.001
10.243,0.15,9.001
10.244,0.15,9.001
10.245,0.15,9.001
10.246,0.15,9.001
10.247,0.15,9.001
10.248,0.15,9.001
10.249,0.15,9.001
10.25,0.15,9.001
10.251,0.15,9.001
10.252,0.15,9.001
10.253,0.15,9.001
10.254,0.15,9.001
10.255,0.15,9.001
10.256,0.15,9.001
10.257,0.15,9.001
10.258,0.15,9.001
10.259,0.15,9.001
10.26,0.15,9.001
10.261,0.15,9.001
10.262,0.15,9.001
10.263,0.15,9.001
10.264,0.15,9.001
10.265,0.15,9.001
10.266,0.15,9.001
10.267,0.15,9.001
10.268,0.15,9.001
10.269,0.15,9.001
10.27,0.15,9.001
10.271,0.15,9.001
10.272,0.15,9.001
10.273,0.15,9.001
10.274,0.15,9.001
10.275,0.15,9.001
10.276,0.15,9.001
10.277,0.15,9.001
10.278,0.15,9.001
10.279,0.15,9.001
10.28,0.15,9.001
10.281,0.15,9.001
10.282,0.15,9.001
10.283,0.15,9.001
10.284,0.15,9.001
10.285,0.15,9.001
10.286,0.15,9.001
10.287,0.15,9.001
10.288,0.15,9.001
10.289,0.15,9.001
10.29,0.15,9.001
10.291,0.15,9.001
10.292,0.15,9.001
10.293,0.15,9.001
10.294,0.15,9.001
10.295,0.15,9.001
10.296,0.15,9.001
10.297,0.15,9.001
10.298,0.15,9.001
10.299,0.15,9.001
10.3,0.15,9.001
10.301,0.15,9.001
10.302,0.15,9.001
10.303,0.15,9.001
10.304,0.15,9.001
10.305,0.15,9.001
10.306,0.15,9.001
10.307,0.15,9.001
10.308,0.15,9.001
10.309,0.15,9.001
10.31,0.15,9.001
10.311,0.15,9.001
10.312,0.15,9.001
10.313,0.15,9.001
10.314,0.15,9.001
10.315,0.15,9.001
10.316,0.15,9.001
10.317,0.15,9.001
10.318,0.15,9.001
10.319,0.15,9.001
10.32,0.15,9.001
10.321,0.15,9.001
10.322,0.15,9.001
10.323,0.15,9.001
10.324,0.15,9.001
10.325,0.15,9.001
10.326,0.15,9.001
10.327,0.15,9.001
10.328,0.15,9.001
10.329,0.15,9.001
10.33,0.15,9.001
10.331,0.15,9.001
10.332,0.15,9.001
10.333,0.15,9.001
10.334,0.15,9.001
10.335,0.15,9.001
10.336,0.15,9.001
10.337,0.15,9.001
10.338,0.15,9.001
10.339,0.15,9.001
10.34,0.15,9.001
10.341,0.15,9.001
10.342,0.15,9.001
10.343,0.15,9.001
10.344,0.15,9.001
10.345,0.15,9.001
10.346,0.15,9.001
10.347,0.15,9.001
10.348,0.15,9.001
10.349,0.15,9.001
10.35,0.15,9.001
10.351,0.15,9.001
10.352,0.15,9.001
10.353,0.15,9.001
10.354,0.15,9.001
10.355,0.15,9.001
10.356,0.15,9.001
10.357,0.15,9.001
10.358,0.15,9.001
10.359,0.15,9.001
10.36,0.15,9.001
10.361,0.15,9.001
10.362,0.15,9.001
10.363,0.15,9.001
10.364,0.15,9.001
10.365,0.15,9.001
10.366,0.15,9.001
10.367,0.15,9.001
10.368,0.15,9.001
10.369,0.15,9.001
10.37,0.15,9.001
10.371,0.15,9.001
10.372,0.15,9.001
10.373,0.15,9.001
10.374,0.15,9.001
10.375,0.15,9.001
10.376,0.15,9.001
10.377,0.15,9.001
10.378,0.15,9.001
10.379,0.15,9.001
10.38,0.15,9.001
10.381,0.15,9.001
10.382,0.15,9.001
10.383,0.15,9.001
10.384,0.15,9.001
10.385,0.15,9.001
10.386,0.15,9.001
10.387,0.15,9.001
10.388,0.15,9.001
10.389,0.15,9.001
10.39,0.15,9.001
10.391,0.15,9.001
10.392,0.15,9.001
10.393,0.15,9.001
10.394,0.15,9.001
10.395,0.15,9.001
10.396,0.15,9.001
10.397,0.15,9.001
10.398,0.15,9.001
10.399,0.15,9.001
10.4,0.15,9.001
10.401,0.15,9.001
10.402,0.15,9.001
10.403,0.15,9.001
10.404,0.15,9.001
10.405,0.15,9.001
10.406,0.15,9.001
10.407,0.15,9.001
10.408,0.15,9.001
10.409,0.15,9.001
10.41,0.15,9.001
10.411,0.15,9.001
10.412,0.15,9.001
10.413,0.15,9.001
10.414,0.15,9.001
10.415,0.15,9.001
10.416,0.15,9.001
10.417,0.15,9.001
10.418,0.15,9.001
10.419,0.15,9.001
10.42,0.15,9.001
10.421,0.15,9.001
10.422,0.15,9.001
10.423,0.15,9.001
10.424,0.15,9.001
10.425,0.15,9.001
10.426,0.15,9.001
10.427,0.15,9.001
10.428,0.15,9.001
10.429,0.15,9.001
10.43,0.15,9.001
10.431,0.15,9.001
10.432,0.15,9.001
10.433,0.15,9.001
10.434,0.15,9.001
10.435,0.15,9.001
10.436,0.15,9.001
10.437,0.15,9.001
10.438,0.15,9.001
10.439,0.15,9.001
10.44,0.15,9.001
10.441,0.15,9.001
10.442,0.15,9.001
10.443,0.15,9.001
10.444,0.15,9.001
10.445,0.15,9.001
10.446,0.15,9.001
10.447,0.15,9.001
10.448,0.15,9.001
10.449,0.15,9.001
10.45,0.15,9.001
10.451,0.15,9.001
10.452,0.15,9.001
10.453,0.15,9.001
10.454,0.15,9.001
10.455,0.15,9.001
10.456,0.15,9.001
10.457,0.15,9.001
10.458,0.15,9.001
10.459,0.15,9.001
10.46,0.15,9.001
10.461,0.15,9.001
10.462,0.15,9.001
10.463,0.15,9.001
10.464,0.15,9.001
10.465,0.15,9.001
10.466,0.15,9.001
10.467,0.15,9.001
10.468,0.15,9.001
10.469,0.15,9.001
10.47,0.15,9.001
10.471,0.15,9.001
10.472,0.15,9.001
10.473,0.15,9.001
10.474,0.15,9.001
10.475,0.15,9.001
10.476,0.15,9.001
10.477,0.15,9.001
10.478,0.15,9.001
10.479,0.15,9.001
10.48,0.15,9.001
10.481,0.15,9.001
10.482,0.15,9.001
10.483,0.15,9.001
10.484,0.15,9.001
10.485,0.15,9.001
10.486,0.15,9.001
10.487,0.15,9.001
10.488,0.15,9.001
10.489,0.15,9.001
10.49,0.15,9.001
10.491,0.15,9.001
10.492,0.15,9.001
10.493,0.15,9.001
10.494,0.15,9.001
10.495,0.15,9.001
10.496,0.15,9.001
10.497,0.15,9.001
10.498,0.15,9.001
10.499,0.15,9.001
10.5,0.15,9.001
10.501,0.15,9.001
10.502,0.15,9.001
10.503,0.15,9.001
10.504,0.15,9.001
10.505,0.15,9.001
10.506,0.15,9.001
10.507,0.15,9.001
10.508,0.15,9.001
10.509,0.15,9.001
10.51,0.15,9.001
10.511,0.15,9.001
10.512,0.15,9.001
10.513,0.15,9.001
10.514,0.15,9.001
10.515,0.15,9.001
10.516,0.15,9.001
10.517,0.15,9.001
10.518,0.15,9.001
10.519,0.15,9.001
10.52,0.15,9.001
10.521,0.15,9.001
10.522,0.15,9.001
10.523,0.15,9.001
10.524,0.15,9.001
10.525,0.15,9.001
10.526,0.15,9.001
10.527,0.15,9.001
10.528,0.15,9.001
10.529,0.15,9.001
10.53,0.15,9.001
10.531,0.15,9.001
10.532,0.15,9.001
10.533,0.15,9.001
10.534,0.15,9.001
10.535,0.15,9.001
10.536,0.15,9.001
10.537,0.15,9.001
10.538,0.15,9.001
10.539,0.15,9.001
10.54,0.15,9.001
10.541,0.15,9.001
10.542,0.15,9.001
10.543,0.15,9.001
10.544,0.15,9.001
10.545,0.15,9.001
10.546,0.15,9.001
10.547,0.15,9.001
10.548,0.15,9.001
10.549,0.15,9.001
10.55,0.15,9.001
10.551,0.15,9.001
10.552,0.15,9.001
10.553,0.15,9.001
10.554,0.15,9.001
10.555,0.15,9.001
10.556,0.15,9.001
10.557,0.15,9.001
10.558,0.15,9.001
10.559,0.15,9.001
10.56,0.15,9.001
10.561,0.15,9.001
10.562,0.15,9.001
10.563,0.15,9.001
10.564,0.15,9.001
10.565,0.15,9.001
10.566,0.15,9.001
10.567,0.15,9.001
10.568,0.15,9.001
10.569,0.15,9.001
10.57,0.15,9.001
10.571,0.15,9.001
10.572,0.15,9.001
10.573,0.15,9.001
10.574,0.15,9.001
10.575,0.15,9.001
10.576,0.15,9.001
10.577,0.15,9.001
10.578,0.15,9.001
10.579,0.15,9.001
10.58,0.15,9.001
10.581,0.15,9.001
10.582,0.15,9.001
10.583,0.15,9.001
10.584,0.15,9.001
10.585,0.15,9.001
10.586,0.15,9.001
10.587,0.15,9.001
10.588,0.15,9.001
10.589,0.15,9.001
10.59,0.15,9.001
10.591,0.15,9.001
10.592,0.15,9.001
10.593,0.15,9.001
10.594,0.15,9.001
10.595,0.15,9.001
10.596,0.15,9.001
10.597,0.15,9.001
10.598,0.15,9.001
10.599,0.15,9.001
10.6,0.15,9.001
10.601,0.15,9.001
10.602,0.15,9.001
10.603,0.15,9.001
10.604,0.15,9.001
10.605,0.15,9.001
10.606,0.15,9.001
10.607,0.15,9.001
10.608,0.15,9.001
10.609,0.15,9.001
10.61,0.15,9.001
10.611,0.15,9.001
10.612,0.15,9.001
10.613,0.15,9.001
10.614,0.15,9.001
10.615,0.15,9.001
10.616,0.15,9.001
10.617,0.15,9.001
10.618,0.15,9.001
10.619,0.15,9.001
10.62,0.15,9.001
10.621,0.15,9.001
10.622,0.15,9.001
10.623,0.15,9.001
10.624,0.15,9.001
10.625,0.15,9.001
10.626,0.15,9.001
10.627,0.15,9.001
10.628,0.15,9.001
10.629,0.15,9.001
10.63,0.15,9.001
10.631,0.15,9.001
10.632,0.15,9.001
10.633,0.15,9.001
10.634,0.15,9.001
10.635,0.15,9.001
10.636,0.15,9.001
10.637,0.15,9.001
10.638,0.15,9.001
10.639,0.15,9.001
10.64,0.15,9.001
10.641,0.15,9.001
10.642,0.15,9.001
10.643,0.15,9.001
10.644,0.15,9.001
10.645,0.15,9.001
10.646,0.15,9.001
10.647,0.15,9.001
10.648,0.15,9.001
10.649,0.15,9.001
10.65,0.15,9.001
10.651,0.15,9.001
10.652,0.15,9.001
10.653,0.15,9.001
10.654,0.15,9.001
10.655,0.15,9.001
10.656,0.15,9.001
10.657,0.15,9.001
10.658,0.15,9.001
10.659,0.15,9.001
10.66,0.15,9.001
10.661,0.15,9.001
10.662,0.15,9.001
10.663,0.15,9.001
10.664,0.15,9.001
10.665,0.15,9.001
10.666,0.15,9.001
10.667,0.15,9.001
10.668,0.15,9.001
10.669,0.15,9.001
10.67,0.15,9.001
10.671,0.15,9.001
10.672,0.15,9.001
10.673,0.15,9.001
10.674,0.15,9.001
10.675,0.15,9.001
10.676,0.15,9.001
10.677,0.15,9.001
10.678,0.15,9.001
10.679,0.15,9.001
10.68,0.15,9.001
10.681,0.15,9.001
10.682,0.15,9.001
10.683,0.15,9.001
10.684,0.15,9.001
10.685,0.15,9.001
10.686,0.15,9.001
10.687,0.15,9.001
10.688,0.15,9.001
10.689,0.15,9.001
10.69,0.15,9.001
10.691,0.15,9.001
10.692,0.15,9.001
10.693,0.15,9.001
10.694,0.15,9.001
10.695,0.15,9.001
10.696,0.15,9.001
10.697,0.15,9.001
10.698,0.15,9.001
10.699,0.15,9.001
10.7,0.15,9.001
10.701,0.15,9.001
10.702,0.15,9.001
10.703,0.15,9.001
10.704,0.15,9.001
10.705,0.15,9.001
10.706,0.15,9.001
10.707,0.15,9.001
10.708,0.15,9.001
10.709,0.15,9.001
10.71,0.15,9.001
10.711,0.15,9.001
10.712,0.15,9.001
10.713,0.15,9.001
10.714,0.15,9.001
10.715,0.15,9.001
10.716,0.15,9.001
10.717,0.15,9.001
10.718,0.15,9.001
10.719,0.15,9.001
10.72,0.15,9.001
10.721,0.15,9.001
10.722,0.15,9.001
10.723,0.15,9.001
10.724,0.15,9.001
10.725,0.15,9.001
10.726,0.15,9.001
10.727,0.15,9.001
10.728,0.15,9.001
10.729,0.15,9.001
10.73,0.15,9.001
10.731,0.15,9.001
10.732,0.15,9.001
10.733,0.15,9.001
10.734,0.15,9.001
10.735,0.15,9.001
10.736,0.15,9.001
10.737,0.15,9.001
10.738,0.15,9.001
10.739,0.15,9.001
10.74,0.15,9.001
10.741,0.15,9.001
10.742,0.15,9.001
10.743,0.15,9.001
10.744,0.15,9.001
10.745,0.15,9.001
10.746,0.15,9.001
10.747,0.15,9.001
10.748,0.15,9.001
10.749,0.15,9.001
10.75,0.15,9.001
10.751,0.15,9.001
10.752,0.15,9.001
10.753,0.15,9.001
10.754,0.15,9.001
10.755,0.15,9.001
10.756,0.15,9.001
10.757,0.15,9.001
10.758,0.15,9.001
10.759,0.15,9.001
10.76,0.15,9.001
10.761,0.15,9.001
10.762,0.15,9.001
10.763,0.15,9.001
10.764,0.15,9.001
10.765,0.15,9.001
10.766,0.15,9.001
10.767,0.15,9.001
10.768,0.15,9.001
10.769,0.15,9.001
10.77,0.15,9.001
10.771,0.15,9.001
10.772,0.15,9.001
10.773,0.15,9.001
10.774,0.15,9.001
10.775,0.15,9.001
10.776,0.15,9.001
10.777,0.15,9.001
10.778,0.15,9.001
10.779,0.15,9.001
10.78,0.15,9.001
10.781,0.15,9.001
10.782,0.15,9.001
10.783,0.15,9.001
10.784,0.15,9.001
10.785,0.15,9.001
10.786,0.15,9.001
10.787,0.15,9.001
10.788,0.15,9.001
10.789,0.15,9.001
10.79,0.15,9.001
10.791,0.15,9.001
10.792,0.15,9.001
10.793,0.15,9.001
10.794,0.15,9.001
10.795,0.15,9.001
10.796,0.15,9.001
10.797,0.15,9.001
10.798,0.15,9.001
10.799,0.15,9.001
10.8,0.15,9.001
10.801,0.15,9.001
10.802,0.15,9.001
10.803,0.15,9.001
10.804,0.15,9.001
10.805,0.15,9.001
10.806,0.15,9.001
10.807,0.15,9.001
10.808,0.15,9.001
10.809,0.15,9.001
10.81,0.15,9.001
10.811,0.15,9.001
10.812,0.15,9.001
10.813,0.15,9.001
10.814,0.15,9.001
10.815,0.15,9.001
10.816,0.15,9.001
10.817,0.15,9.001
10.818,0.15,9.001
10.819,0.15,9.001
10.82,0.15,9.001
10.821,0.15,9.001
10.822,0.15,9.001
10.823,0.15,9.001
10.824,0.15,9.001
10.825,0.15,9.001
10.826,0.15,9.001
10.827,0.15,9.001
10.828,0.15,9.001
10.829,0.15,9.001
10.83,0.15,9.001
10.831,0.15,9.001
10.832,0.15,9.001
10.833,0.15,9.001
10.834,0.15,9.001
10.835,0.15,9.001
10.836,0.15,9.001
10.837,0.15,9.001
10.838,0.15,9.001
10.839,0.15,9.001
10.84,0.15,9.001
10.841,0.15,9.001
10.842,0.15,9.001
10.843,0.15,9.001
10.844,0.15,9.001
10.845,0.15,9.001
10.846,0.15,9.001
10.847,0.15,9.001
10.848,0.15,9.001
10.849,0.15,9.001
10.85,0.15,9.001
10.851,0.15,9.001
10.852,0.15,9.001
10.853,0.15,9.001
10.854,0.15,9.001
10.855,0.15,9.001
10.856,0.15,9.001
10.857,0.15,9.001
10.858,0.15,9.001
10.859,0.15,9.001
10.86,0.15,9.001
10.861,0.15,9.001
10.862,0.15,9.001
10.863,0.15,9.001
10.864,0.15,9.001
10.865,0.15,9.001
10.866,0.15,9.001
10.867,0.15,9.001
10.868,0.15,9.001
10.869,0.15,9.001
10.87,0.15,9.001
10.871,0.15,9.001
10.872,0.15,9.001
10.873,0.15,9.001
10.874,0.15,9.001
10.875,0.15,9.001
10.876,0.15,9.001
10.877,0.15,9.001
10.878,0.15,9.001
10.879,0.15,9.001
10.88,0.15,9.001
10.881,0.15,9.001
10.882,0.15,9.001
10.883,0.15,9.001
10.884,0.15,9.001
10.885,0.15,9.001
10.886,0.15,9.001
10.887,0.15,9.001
10.888,0.15,9.001
10.889,0.15,9.001
10.89,0.15,9.001
10.891,0.15,9.001
10.892,0.15,9.001
10.893,0.15,9.001
10.894,0.15,9.001
10.895,0.15,9.001
10.896,0.15,9.001
10.897,0.15,9.001
10.898,0.15,9.001
10.899,0.15,9.001
10.9,0.15,9.001
10.901,0.15,9.001
10.902,0.15,9.001
10.903,0.15,9.001
10.904,0.15,9.001
10.905,0.15,9.001
10.906,0.15,9.001
10.907,0.15,9.001
10.908,0.15,9.001
10.909,0.15,9.001
10.91,0.15,9.001
10.911,0.15,9.001
10.912,0.15,9.001
10.913,0.15,9.001
10.914,0.15,9.001
10.915,0.15,9.001
10.916,0.15,9.001
10.917,0.15,9.001
10.918,0.15,9.001
10.919,0.15,9.001
10.92,0.15,9.001
10.921,0.15,9.001
10.922,0.15,9.001
10.923,0.15,9.001
10.924,0.15,9.001
10.925,0.15,9.001
10.926,0.15,9.001
10.927,0.15,9.001
10.928,0.15,9.001
10.929,0.15,9.001
10.93,0.15,9.001
10.931,0.15,9.001
10.932,0.15,9.001
10.933,0.15,9.001
10.934,0.15,9.001
10.935,0.15,9.001
10.936,0.15,9.001
10.937,0.15,9.001
10.938,0.15,9.001
10.939,0.15,9.001
10.94,0.15,9.001
10.941,0.15,9.001
10.942,0.15,9.001
10.943,0.15,9.001
10.944,0.15,9.001
10.945,0.15,9.001
10.946,0.15,9.001
10.947,0.15,9.001
10.948,0.15,9.001
10.949,0.15,9.001
10.95,0.15,9.001
10.951,0.15,9.001
10.952,0.15,9.001
10.953,0.15,9.001
10.954,0.15,9.001
10.955,0.15,9.001
10.956,0.15,9.001
10.957,0.15,9.001
10.958,0.15,9.001
10.959,0.15,9.001
10.96,0.15,9.001
10.961,0.15,9.001
10.962,0.15,9.001
10.963,0.15,9.001
10.964,0.15,9.001
10.965,0.15,9.001
10.966,0.15,9.001
10.967,0.15,9.001
10.968,0.15,9.001
10.969,0.15,9.001
10.97,0.15,9.001
10.971,0.15,9.001
10.972,0.15,9.001
10.973,0.15,9.001
10.974,0.15,9.001
10.975,0.15,9.001
10.976,0.15,9.001
10.977,0.15,9.001
10.978,0.15,9.001
10.979,0.15,9.001
10.98,0.15,9.001
10.981,0.15,9.001
10.982,0.15,9.001
10.983,0.15,9.001
10.984,0.15,9.001
10.985,0.15,9.001
10.986,0.15,9.001
10.987,0.15,9.001
10.988,0.15,9.001
10.989,0.15,9.001
10.99,0.15,9.001
10.991,0.15,9.001
10.992,0.15,9.001
10.993,0.15,9.001
10.994,0.15,9.001
10.995,0.15,9.001
10.996,0.15,9.001
10.997,0.15,9.001
10.998,0.15,9.001
10.999,0.15,9.001
11,0.15,9.001
11.001,0.15,9.001
11.002,0.15,9.001
11.003,0.15,9.001
11.004,0.15,9.001
11.005,0.15,9.001
11.006,0.15,9.001
11.007,0.15,9.001
11.008,0.15,9.001
11.009,0.15,9.001
11.01,0.15,9.001
11.011,0.15,9.001
11.012,0.15,9.001
11.013,0.15,9.001
11.014,0.15,9.001
11.015,0.15,9.001
11.016,0.15,9.001
11.017,0.15,9.001
11.018,0.15,9.001
11.019,0.15,9.001
11.02,0.15,9.001
11.021,0.15,9.001
11.022,0.15,9.001
11.023,0.15,9.001
11.024,0.15,9.001
11.025,0.15,9.001
11.026,0.15,9.001
11.027,0.15,9.001
11.028,0.15,9.001
11.029,0.15,9.001
11.03,0.15,9.001
11.031,0.15,9.001
11.032,0.15,9.001
11.033,0.15,9.001
11.034,0.15,9.001
11.035,0.15,9.001
11.036,0.15,9.001
11.037,0.15,9.001
11.038,0.15,9.001
11.039,0.15,9.001
11.04,0.15,9.001
11.041,0.15,9.001
11.042,0.15,9.001
11.043,0.15,9.001
11.044,0.15,9.001
11.045,0.15,9.001
11.046,0.15,9.001
11.047,0.15,9.001
11.048,0.15,9.001
11.049,0.15,9.001
11.05,0.15,9.001
11.051,0.15,9.001
11.052,0.15,9.001
11.053,0.15,9.001
11.054,0.15,9.001
11.055,0.15,9.001
11.056,0.15,9.001
11.057,0.15,9.001
11.058,0.15,9.001
11.059,0.15,9.001
11.06,0.15,9.001
11.061,0.15,9.001
11.062,0.15,9.001
11.063,0.15,9.001
11.064,0.15,9.001
11.065,0.15,9.001
11.066,0.15,9.001
11.067,0.15,9.001
11.068,0.15,9.001
11.069,0.15,9.001
11.07,0.15,9.001
11.071,0.15,9.001
11.072,0.15,9.001
11.073,0.15,9.001
11.074,0.15,9.001
11.075,0.15,9.001
11.076,0.15,9.001
11.077,0.15,9.001
11.078,0.15,9.001
11.079,0.15,9.001
11.08,0.15,9.001
11.081,0.15,9.001
11.082,0.15,9.001
11.083,0.15,9.001
11.084,0.15,9.001
11.085,0.15,9.001
11.086,0.15,9.001
11.087,0.15,9.001
11.088,0.15,9.001
11.089,0.15,9.001
11.09,0.15,9.001
11.091,0.15,9.001
11.092,0.15,9.001
11.093,0.15,9.001
11.094,0.15,9.001
11.095,0.15,9.001
11.096,0.15,9.001
11.097,0.15,9.001
11.098,0.15,9.001
11.099,0.15,9.001
11.1,0.15,9.001
11.101,0.15,9.001
11.102,0.15,9.001
11.103,0.15,9.001
11.104,0.15,9.001
11.105,0.15,9.001
11.106,0.15,9.001
11.107,0.15,9.001
11.108,0.15,9.001
11.109,0.15,9.001
11.11,0.15,9.001
11.111,0.15,9.001
11.112,0.15,9.001
11.113,0.15,9.001
11.114,0.15,9.001
11.115,0.15,9.001
11.116,0.15,9.001
11.117,0.15,9.001
11.118,0.15,9.001
11.119,0.15,9.001
11.12,0.15,9.001
11.121,0.15,9.001
11.122,0.15,9.001
11.123,0.15,9.001
11.124,0.15,9.001
11.125,0.15,9.001
11.126,0.15,9.001
11.127,0.15,9.001
11.128,0.15,9.001
11.129,0.15,9.001
11.13,0.15,9.001
11.131,0.15,9.001
11.132,0.15,9.001
11.133,0.15,9.001
11.134,0.15,9.001
11.135,0.15,9.001
11.136,0.15,9.001
11.137,0.15,9.001
11.138,0.15,9.001
11.139,0.15,9.001
11.14,0.15,9.001
11.141,0.15,9.001
11.142,0.15,9.001
11.143,0.15,9.001
11.144,0.15,9.001
11.145,0.15,9.001
11.146,0.15,9.001
11.147,0.15,9.001
11.148,0.15,9.001
11.149,0.15,9.001
11.15,0.15,9.001
11.151,0.15,9.001
11.152,0.15,9.001
11.153,0.15,9.001
11.154,0.15,9.001
11.155,0.15,9.001
11.156,0.15,9.001
11.157,0.15,9.001
11.158,0.15,9.001
11.159,0.15,9.001
11.16,0.15,9.001
11.161,0.15,9.001
11.162,0.15,9.001
11.163,0.15,9.001
11.164,0.15,9.001
11.165,0.15,9.001
11.166,0.15,9.001
11.167,0.15,9.001
11.168,0.15,9.001
11.169,0.15,9.001
11.17,0.15,9.001
11.171,0.15,9.001
11.172,0.15,9.001
11.173,0.15,9.001
11.174,0.15,9.001
11.175,0.15,9.001
11.176,0.15,9.001
11.177,0.15,9.001
11.178,0.15,9.001
11.179,0.15,9.001
11.18,0.15,9.001
11.181,0.15,9.001
11.182,0.15,9.001
11.183,0.15,9.001
11.184,0.15,9.001
11.185,0.15,9.001
11.186,0.15,9.001
11.187,0.15,9.001
11.188,0.15,9.001
11.189,0.15,9.001
11.19,0.15,9.001
11.191,0.15,9.001
11.192,0.15,9.001
11.193,0.15,9.001
11.194,0.15,9.001
11.195,0.15,9.001
11.196,0.15,9.001
11.197,0.15,9.001
11.198,0.15,9.001
11.199,0.15,9.001
11.2,0.15,9.001
11.201,0.15,9.001
11.202,0.15,9.001
11.203,0.15,9.001
11.204,0.15,9.001
11.205,0.15,9.001
11.206,0.15,9.001
11.207,0.15,9.001
11.208,0.15,9.001
11.209,0.15,9.001
11.21,0.15,9.001
11.211,0.15,9.001
11.212,0.15,9.001
11.213,0.15,9.001
11.214,0.15,9.001
11.215,0.15,9.001
11.216,0.15,9.001
11.217,0.15,9.001
11.218,0.15,9.001
11.219,0.15,9.001
11.22,0.15,9.001
11.221,0.15,9.001
11.222,0.15,9.001
11.223,0.15,9.001
11.224,0.15,9.001
11.225,0.15,9.001
11.226,0.15,9.001
11.227,0.15,9.001
11.228,0.15,9.001
11.229,0.15,9.001
11.23,0.15,9.001
11.231,0.15,9.001
11.232,0.15,9.001
11.233,0.15,9.001
11.234,0.15,9.001
11.235,0.15,9.001
11.236,0.15,9.001
11.237,0.15,9.001
11.238,0.15,9.001
11.239,0.15,9.001
11.24,0.15,9.001
11.241,0.15,9.001
11.242,0.15,9.001
11.243,0.15,9.001
11.244,0.15,9.001
11.245,0.15,9.001
11.246,0.15,9.001
11.247,0.15,9.001
11.248,0.15,9.001
11.249,0.15,9.001
11.25,0.15,9.001
11.251,0.15,9.001
11.252,0.15,9.001
11.253,0.15,9.001
11.254,0.15,9.001
11.255,0.15,9.001
11.256,0.15,9.001
11.257,0.15,9.001
11.258,0.15,9.001
11.259,0.15,9.001
11.26,0.15,9.001
11.261,0.15,9.001
11.262,0.15,9.001
11.263,0.15,9.001
11.264,0.15,9.001
11.265,0.15,9.001
11.266,0.15,9.001
11.267,0.15,9.001
11.268,0.15,9.001
11.269,0.15,9.001
11.27,0.15,9.001
11.271,0.15,9.001
11.272,0.15,9.001
11.273,0.15,9.001
11.274,0.15,9.001
11.275,0.15,9.001
11.276,0.15,9.001
11.277,0.15,9.001
11.278,0.15,9.001
11.279,0.15,9.001
11.28,0.15,9.001
11.281,0.15,9.001
11.282,0.15,9.001
11.283,0.15,9.001
11.284,0.15,9.001
11.285,0.15,9.001
11.286,0.15,9.001
11.287,0.15,9.001
11.288,0.15,9.001
11.289,0.15,9.001
11.29,0.15,9.001
11.291,0.15,9.001
11.292,0.15,9.001
11.293,0.15,9.001
11.294,0.15,9.001
11.295,0.15,9.001
11.296,0.15,9.001
11.297,0.15,9.001
11.298,0.15,9.001
11.299,0.15,9.001
11.3,0.15,9.001
11.301,0.15,9.001
11.302,0.15,9.001
11.303,0.15,9.001
11.304,0.15,9.001
11.305,0.15,9.001
11.306,0.15,9.001
11.307,0.15,9.001
11.308,0.15,9.001
11.309,0.15,9.001
11.31,0.15,9.001
11.311,0.15,9.001
11.312,0.15,9.001
11.313,0.15,9.001
11.314,0.15,9.001
11.315,0.15,9.001
11.316,0.15,9.001
11.317,0.15,9.001
11.318,0.15,9.001
11.319,0.15,9.001
11.32,0.15,9.001
11.321,0.15,9.001
11.322,0.15,9.001
11.323,0.15,9.001
11.324,0.15,9.001
11.325,0.15,9.001
11.326,0.15,9.001
11.327,0.15,9.001
11.328,0.15,9.001
11.329,0.15,9.001
11.33,0.15,9.001
11.331,0.15,9.001
11.332,0.15,9.001
11.333,0.15,9.001
11.334,0.15,9.001
11.335,0.15,9.001
11.336,0.15,9.001
11.337,0.15,9.001
11.338,0.15,9.001
11.339,0.15,9.001
11.34,0.15,9.001
11.341,0.15,9.001
11.342,0.15,9.001
11.343,0.15,9.001
11.344,0.15,9.001
11.345,0.15,9.001
11.346,0.15,9.001
11.347,0.15,9.001
11.348,0.15,9.001
11.349,0.15,9.001
11.35,0.15,9.001
11.351,0.15,9.001
11.352,0.15,9.001
11.353,0.15,9.001
11.354,0.15,9.001
11.355,0.15,9.001
11.356,0.15,9.001
11.357,0.15,9.001
11.358,0.15,9.001
11.359,0.15,9.001
11.36,0.15,9.001
11.361,0.15,9.001
11.362,0.15,9.001
11.363,0.15,9.001
11.364,0.15,9.001
11.365,0.15,9.001
11.366,0.15,9.001
11.367,0.15,9.001
11.368,0.15,9.001
11.369,0.15,9.001
11.37,0.15,9.001
11.371,0.15,9.001
11.372,0.15,9.001
11.373,0.15,9.001
11.374,0.15,9.001
11.375,0.15,9.001
11.376,0.15,9.001
11.377,0.15,9.001
11.378,0.15,9.001
11.379,0.15,9.001
11.38,0.15,9.001
11.381,0.15,9.001
11.382,0.15,9.001
11.383,0.15,9.001
11.384,0.15,9.001
11.385,0.15,9.001
11.386,0.15,9.001
11.387,0.15,9.001
11.388,0.15,9.001
11.389,0.15,9.001
11.39,0.15,9.001
11.391,0.15,9.001
11.392,0.15,9.001
11.393,0.15,9.001
11.394,0.15,9.001
11.395,0.15,9.001
11.396,0.15,9.001
11.397,0.15,9.001
11.398,0.15,9.001
11.399,0.15,9.001
11.4,0.15,9.001
11.401,0.15,9.001
11.402,0.15,9.001
11.403,0.15,9.001
11.404,0.15,9.001
11.405,0.15,9.001
11.406,0.15,9.001
11.407,0.15,9.001
11.408,0.15,9.001
11.409,0.15,9.001
11.41,0.15,9.001
11.411,0.15,9.001
11.412,0.15,9.001
11.413,0.15,9.001
11.414,0.15,9.001
11.415,0.15,9.001
11.416,0.15,9.001
11.417,0.15,9.001
11.418,0.15,9.001
11.419,0.15,9.001
11.42,0.15,9.001
11.421,0.15,9.001
11.422,0.15,9.001
11.423,0.15,9.001
11.424,0.15,9.001
11.425,0.15,9.001
11.426,0.15,9.001
11.427,0.15,9.001
11.428,0.15,9.001
11.429,0.15,9.001
11.43,0.15,9.001
11.431,0.15,9.001
11.432,0.15,9.001
11.433,0.15,9.001
11.434,0.15,9.001
11.435,0.15,9.001
11.436,0.15,9.001
11.437,0.15,9.001
11.438,0.15,9.001
11.439,0.15,9.001
11.44,0.15,9.001
11.441,0.15,9.001
11.442,0.15,9.001
11.443,0.15,9.001
11.444,0.15,9.001
11.445,0.15,9.001
11.446,0.15,9.001
11.447,0.15,9.001
11.448,0.15,9.001
11.449,0.15,9.001
11.45,0.15,9.001
11.451,0.15,9.001
11.452,0.15,9.001
11.453,0.15,9.001
11.454,0.15,9.001
11.455,0.15,9.001
11.456,0.15,9.001
11.457,0.15,9.001
11.458,0.15,9.001
11.459,0.15,9.001
11.46,0.15,9.001
11.461,0.15,9.001
11.462,0.15,9.001
11.463,0.15,9.001
11.464,0.15,9.001
11.465,0.15,9.001
11.466,0.15,9.001
11.467,0.15,9.001
11.468,0.15,9.001
11.469,0.15,9.001
11.47,0.15,9.001
11.471,0.15,9.001
11.472,0.15,9.001
11.473,0.15,9.001
11.474,0.15,9.001
11.475,0.15,9.001
11.476,0.15,9.001
11.477,0.15,9.001
11.478,0.15,9.001
11.479,0.15,9.001
11.48,0.15,9.001
11.481,0.15,9.001
11.482,0.15,9.001
11.483,0.15,9.001
11.484,0.15,9.001
11.485,0.15,9.001
11.486,0.15,9.001
11.487,0.15,9.001
11.488,0.15,9.001
11.489,0.15,9.001
11.49,0.15,9.001
11.491,0.15,9.001
11.492,0.15,9.001
11.493,0.15,9.001
11.494,0.15,9.001
11.495,0.15,9.001
11.496,0.15,9.001
11.497,0.15,9.001
11.498,0.15,9.001
11.499,0.15,9.001
11.5,0.15,9.001
11.501,0.15,9.001
11.502,0.15,9.001
11.503,0.15,9.001
11.504,0.15,9.001
11.505,0.15,9.001
11.506,0.15,9.001
11.507,0.15,9.001
11.508,0.15,9.001
11.509,0.15,9.001
11.51,0.15,9.001
11.511,0.15,9.001
11.512,0.15,9.001
11.513,0.15,9.001
11.514,0.15,9.001
11.515,0.15,9.001
11.516,0.15,9.001
11.517,0.15,9.001
11.518,0.15,9.001
11.519,0.15,9.001
11.52,0.15,9.001
11.521,0.15,9.001
11.522,0.15,9.001
11.523,0.15,9.001
11.524,0.15,9.001
11.525,0.15,9.001
11.526,0.15,9.001
11.527,0.15,9.001
11.528,0.15,9.001
11.529,0.15,9.001
11.53,0.15,9.001
11.531,0.15,9.001
11.532,0.15,9.001
11.533,0.15,9.001
11.534,0.15,9.001
11.535,0.15,9.001
11.536,0.15,9.001
11.537,0.15,9.001
11.538,0.15,9.001
11.539,0.15,9.001
11.54,0.15,9.001
11.541,0.15,9.001
11.542,0.15,9.001
11.543,0.15,9.001
11.544,0.15,9.001
11.545,0.15,9.001
11.546,0.15,9.001
11.547,0.15,9.001
11.548,0.15,9.001
11.549,0.15,9.001
11.55,0.15,9.001
11.551,0.15,9.001
11.552,0.15,9.001
11.553,0.15,9.001
11.554,0.15,9.001
11.555,0.15,9.001
11.556,0.15,9.001
11.557,0.15,9.001
11.558,0.15,9.001
11.559,0.15,9.001
11.56,0.15,9.001
11.561,0.15,9.001
11.562,0.15,9.001
11.563,0.15,9.001
11.564,0.15,9.001
11.565,0.15,9.001
11.566,0.15,9.001
11.567,0.15,9.001
11.568,0.15,9.001
11.569,0.15,9.001
11.57,0.15,9.001
11.571,0.15,9.001
11.572,0.15,9.001
11.573,0.15,9.001
11.574,0.15,9.001
11.575,0.15,9.001
11.576,0.15,9.001
11.577,0.15,9.001
11.578,0.15,9.001
11.579,0.15,9.001
11.58,0.15,9.001
11.581,0.15,9.001
11.582,0.15,9.001
11.583,0.15,9.001
11.584,0.15,9.001
11.585,0.15,9.001
11.586,0.15,9.001
11.587,0.15,9.001
11.588,0.15,9.001
11.589,0.15,9.001
11.59,0.15,9.001
11.591,0.15,9.001
11.592,0.15,9.001
11.593,0.15,9.001
11.594,0.15,9.001
11.595,0.15,9.001
11.596,0.15,9.001
11.597,0.15,9.001
11.598,0.15,9.001
11.599,0.15,9.001
11.6,0.15,9.001
11.601,0.15,9.001
11.602,0.15,9.001
11.603,0.15,9.001
11.604,0.15,9.001
11.605,0.15,9.001
11.606,0.15,9.001
11.607,0.15,9.001
11.608,0.15,9.001
11.609,0.15,9.001
11.61,0.15,9.001
11.611,0.15,9.001
11.612,0.15,9.001
11.613,0.15,9.001
11.614,0.15,9.001
11.615,0.15,9.001
11.616,0.15,9.001
11.617,0.15,9.001
11.618,0.15,9.001
11.619,0.15,9.001
11.62,0.15,9.001
11.621,0.15,9.001
11.622,0.15,9.001
11.623,0.15,9.001
11.624,0.15,9.001
11.625,0.15,9.001
11.626,0.15,9.001
11.627,0.15,9.001
11.628,0.15,9.001
11.629,0.15,9.001
11.63,0.15,9.001
11.631,0.15,9.001
11.632,0.15,9.001
11.633,0.15,9.001
11.634,0.15,9.001
11.635,0.15,9.001
11.636,0.15,9.001
11.637,0.15,9.001
11.638,0.15,9.001
11.639,0.15,9.001
11.64,0.15,9.001
11.641,0.15,9.001
11.642,0.15,9.001
11.643,0.15,9.001
11.644,0.15,9.001
11.645,0.15,9.001
11.646,0.15,9.001
11.647,0.15,9.001
11.648,0.15,9.001
11.649,0.15,9.001
11.65,0.15,9.001
11.651,0.15,9.001
11.652,0.15,9.001
11.653,0.15,9.001
11.654,0.15,9.001
11.655,0.15,9.001
11.656,0.15,9.001
11.657,0.15,9.001
11.658,0.15,9.001
11.659,0.15,9.001
11.66,0.15,9.001
11.661,0.15,9.001
11.662,0.15,9.001
11.663,0.15,9.001
11.664,0.15,9.001
11.665,0.15,9.001
11.666,0.15,9.001
11.667,0.15,9.001
11.668,0.15,9.001
11.669,0.15,9.001
11.67,0.15,9.001
11.671,0.15,9.001
11.672,0.15,9.001
11.673,0.15,9.001
11.674,0.15,9.001
11.675,0.15,9.001
11.676,0.15,9.001
11.677,0.15,9.001
11.678,0.15,9.001
11.679,0.15,9.001
11.68,0.15,9.001
11.681,0.15,9.001
11.682,0.15,9.001
11.683,0.15,9.001
11.684,0.15,9.001
11.685,0.15,9.001
11.686,0.15,9.001
11.687,0.15,9.001
11.688,0.15,9.001
11.689,0.15,9.001
11.69,0.15,9.001
11.691,0.15,9.001
11.692,0.15,9.001
11.693,0.15,9.001
11.694,0.15,9.001
11.695,0.15,9.001
11.696,0.15,9.001
11.697,0.15,9.001
11.698,0.15,9.001
11.699,0.15,9.001
11.7,0.15,9.001
11.701,0.15,9.001
11.702,0.15,9.001
11.703,0.15,9.001
11.704,0.15,9.001
11.705,0.15,9.001
11.706,0.15,9.001
11.707,0.15,9.001
11.708,0.15,9.001
11.709,0.15,9.001
11.71,0.15,9.001
11.711,0.15,9.001
11.712,0.15,9.001
11.713,0.15,9.001
11.714,0.15,9.001
11.715,0.15,9.001
11.716,0.15,9.001
11.717,0.15,9.001
11.718,0.15,9.001
11.719,0.15,9.001
11.72,0.15,9.001
11.721,0.15,9.001
11.722,0.15,9.001
11.723,0.15,9.001
11.724,0.15,9.001
11.725,0.15,9.001
11.726,0.15,9.001
11.727,0.15,9.001
11.728,0.15,9.001
11.729,0.15,9.001
11.73,0.15,9.001
11.731,0.15,9.001
11.732,0.15,9.001
11.733,0.15,9.001
11.734,0.15,9.001
11.735,0.15,9.001
11.736,0.15,9.001
11.737,0.15,9.001
11.738,0.15,9.001
11.739,0.15,9.001
11.74,0.15,9.001
11.741,0.15,9.001
11.742,0.15,9.001
11.743,0.15,9.001
11.744,0.15,9.001
11.745,0.15,9.001
11.746,0.15,9.001
11.747,0.15,9.001
11.748,0.15,9.001
11.749,0.15,9.001
11.75,0.15,9.001
11.751,0.15,9.001
11.752,0.15,9.001
11.753,0.15,9.001
11.754,0.15,9.001
11.755,0.15,9.001
11.756,0.15,9.001
11.757,0.15,9.001
11.758,0.15,9.001
11.759,0.15,9.001
11.76,0.15,9.001
11.761,0.15,9.001
11.762,0.15,9.001
11.763,0.15,9.001
11.764,0.15,9.001
11.765,0.15,9.001
11.766,0.15,9.001
11.767,0.15,9.001
11.768,0.15,9.001
11.769,0.15,9.001
11.77,0.15,9.001
11.771,0.15,9.001
11.772,0.15,9.001
11.773,0.15,9.001
11.774,0.15,9.001
11.775,0.15,9.001
11.776,0.15,9.001
11.777,0.15,9.001
11.778,0.15,9.001
11.779,0.15,9.001
11.78,0.15,9.001
11.781,0.15,9.001
11.782,0.15,9.001
11.783,0.15,9.001
11.784,0.15,9.001
11.785,0.15,9.001
11.786,0.15,9.001
11.787,0.15,9.001
11.788,0.15,9.001
11.789,0.15,9.001
11.79,0.15,9.001
11.791,0.15,9.001
11.792,0.15,9.001
11.793,0.15,9.001
11.794,0.15,9.001
11.795,0.15,9.001
11.796,0.15,9.001
11.797,0.15,9.001
11.798,0.15,9.001
11.799,0.15,9.001
11.8,0.15,9.001
11.801,0.15,9.001
11.802,0.15,9.001
11.803,0.15,9.001
11.804,0.15,9.001
11.805,0.15,9.001
11.806,0.15,9.001
11.807,0.15,9.001
11.808,0.15,9.001
11.809,0.15,9.001
11.81,0.15,9.001
11.811,0.15,9.001
11.812,0.15,9.001
11.813,0.15,9.001
11.814,0.15,9.001
11.815,0.15,9.001
11.816,0.15,9.001
11.817,0.15,9.001
11.818,0.15,9.001
11.819,0.15,9.001
11.82,0.15,9.001
11.821,0.15,9.001
11.822,0.15,9.001
11.823,0.15,9.001
11.824,0.15,9.001
11.825,0.15,9.001
11.826,0.15,9.001
11.827,0.15,9.001
11.828,0.15,9.001
11.829,0.15,9.001
11.83,0.15,9.001
11.831,0.15,9.001
11.832,0.15,9.001
11.833,0.15,9.001
11.834,0.15,9.001
11.835,0.15,9.001
11.836,0.15,9.001
11.837,0.15,9.001
11.838,0.15,9.001
11.839,0.15,9.001
11.84,0.15,9.001
11.841,0.15,9.001
11.842,0.15,9.001
11.843,0.15,9.001
11.844,0.15,9.001
11.845,0.15,9.001
11.846,0.15,9.001
11.847,0.15,9.001
11.848,0.15,9.001
11.849,0.15,9.001
11.85,0.15,9.001
11.851,0.15,9.001
11.852,0.15,9.001
11.853,0.15,9.001
11.854,0.15,9.001
11.855,0.15,9.001
11.856,0.15,9.001
11.857,0.15,9.001
11.858,0.15,9.001
11.859,0.15,9.001
11.86,0.15,9.001
11.861,0.15,9.001
11.862,0.15,9.001
11.863,0.15,9.001
11.864,0.15,9.001
11.865,0.15,9.001
11.866,0.15,9.001
11.867,0.15,9.001
11.868,0.15,9.001
11.869,0.15,9.001
11.87,0.15,9.001
11.871,0.15,9.001
11.872,0.15,9.001
11.873,0.15,9.001
11.874,0.15,9.001
11.875,0.15,9.001
11.876,0.15,9.001
11.877,0.15,9.001
11.878,0.15,9.001
11.879,0.15,9.001
11.88,0.15,9.001
11.881,0.15,9.001
11.882,0.15,9.001
11.883,0.15,9.001
11.884,0.15,9.001
11.885,0.15,9.001
11.886,0.15,9.001
11.887,0.15,9.001
11.888,0.15,9.001
11.889,0.15,9.001
11.89,0.15,9.001
11.891,0.15,9.001
11.892,0.15,9.001
11.893,0.15,9.001
11.894,0.15,9.001
11.895,0.15,9.001
11.896,0.15,9.001
11.897,0.15,9.001
11.898,0.15,9.001
11.899,0.15,9.001
11.9,0.15,9.001
11.901,0.15,9.001
11.902,0.15,9.001
11.903,0.15,9.001
11.904,0.15,9.001
11.905,0.15,9.001
11.906,0.15,9.001
11.907,0.15,9.001
11.908,0.15,9.001
11.909,0.15,9.001
11.91,0.15,9.001
11.911,0.15,9.001
11.912,0.15,9.001
11.913,0.15,9.001
11.914,0.15,9.001
11.915,0.15,9.001
11.916,0.15,9.001
11.917,0.15,9.001
11.918,0.15,9.001
11.919,0.15,9.001
11.92,0.15,9.001
11.921,0.15,9.001
11.922,0.15,9.001
11.923,0.15,9.001
11.924,0.15,9.001
11.925,0.15,9.001
11.926,0.15,9.001
11.927,0.15,9.001
11.928,0.15,9.001
11.929,0.15,9.001
11.93,0.15,9.001
11.931,0.15,9.001
11.932,0.15,9.001
11.933,0.15,9.001
11.934,0.15,9.001
11.935,0.15,9.001
11.936,0.15,9.001
11.937,0.15,9.001
11.938,0.15,9.001
11.939,0.15,9.001
11.94,0.15,9.001
11.941,0.15,9.001
11.942,0.15,9.001
11.943,0.15,9.001
11.944,0.15,9.001
11.945,0.15,9.001
11.946,0.15,9.001
11.947,0.15,9.001
11.948,0.15,9.001
11.949,0.15,9.001
11.95,0.15,9.001
11.951,0.15,9.001
11.952,0.15,9.001
11.953,0.15,9.001
11.954,0.15,9.001
11.955,0.15,9.001
11.956,0.15,9.001
11.957,0.15,9.001
11.958,0.15,9.001
11.959,0.15,9.001
11.96,0.15,9.001
11.961,0.15,9.001
11.962,0.15,9.001
11.963,0.15,9.001
11.964,0.15,9.001
11.965,0.15,9.001
11.966,0.15,9.001
11.967,0.15,9.001
11.968,0.15,9.001
11.969,0.15,9.001
11.97,0.15,9.001
11.971,0.15,9.001
11.972,0.15,9.001
11.973,0.15,9.001
11.974,0.15,9.001
11.975,0.15,9.001
11.976,0.15,9.001
11.977,0.15,9.001
11.978,0.15,9.001
11.979,0.15,9.001
11.98,0.15,9.001
11.981,0.15,9.001
11.982,0.15,9.001
11.983,0.15,9.001
11.984,0.15,9.001
11.985,0.15,9.001
11.986,0.15,9.001
11.987,0.15,9.001
11.988,0.15,9.001
11.989,0.15,9.001
11.99,0.15,9.001
11.991,0.15,9.001
11.992,0.15,9.001
11.993,0.15,9.001
11.994,0.15,9.001
11.995,0.15,9.001
11.996,0.15,9.001
11.997,0.15,9.001
11.998,0.15,9.001
11.999,0.15,9.001
12,0.15,9.001
12.001,0.15,9.001
12.002,0.15,9.001
12.003,0.15,9.001
12.004,0.15,9.001
12.005,0.15,9.001
12.006,0.15,9.001
12.007,0.15,9.001
12.008,0.15,9.001
12.009,0.15,9.001
12.01,0.15,9.001
12.011,0.15,9.001
12.012,0.15,9.001
12.013,0.15,9.001
12.014,0.15,9.001
12.015,0.15,9.001
12.016,0.15,9.001
12.017,0.15,9.001
12.018,0.15,9.001
12.019,0.15,9.001
12.02,0.15,9.001
12.021,0.15,9.001
12.022,0.15,9.001
12.023,0.15,9.001
12.024,0.15,9.001
12.025,0.15,9.001
12.026,0.15,9.001
12.027,0.15,9.001
12.028,0.15,9.001
12.029,0.15,9.001
12.03,0.15,9.001
12.031,0.15,9.001
12.032,0.15,9.001
12.033,0.15,9.001
12.034,0.15,9.001
12.035,0.15,9.001
12.036,0.15,9.001
12.037,0.15,9.001
12.038,0.15,9.001
12.039,0.15,9.001
12.04,0.15,9.001
12.041,0.15,9.001
12.042,0.15,9.001
12.043,0.15,9.001
12.044,0.15,9.001
12.045,0.15,9.001
12.046,0.15,9.001
12.047,0.15,9.001
12.048,0.15,9.001
12.049,0.15,9.001
12.05,0.15,9.001
12.051,0.15,9.001
12.052,0.15,9.001
12.053,0.15,9.001
12.054,0.15,9.001
12.055,0.15,9.001
12.056,0.15,9.001
12.057,0.15,9.001
12.058,0.15,9.001
12.059,0.15,9.001
12.06,0.15,9.001
12.061,0.15,9.001
12.062,0.15,9.001
12.063,0.15,9.001
12.064,0.15,9.001
12.065,0.15,9.001
12.066,0.15,9.001
12.067,0.15,9.001
12.068,0.15,9.001
12.069,0.15,9.001
12.07,0.15,9.001
12.071,0.15,9.001
12.072,0.15,9.001
12.073,0.15,9.001
12.074,0.15,9.001
12.075,0.15,9.001
12.076,0.15,9.001
12.077,0.15,9.001
12.078,0.15,9.001
12.079,0.15,9.001
12.08,0.15,9.001
12.081,0.15,9.001
12.082,0.15,9.001
12.083,0.15,9.001
12.084,0.15,9.001
12.085,0.15,9.001
12.086,0.15,9.001
12.087,0.15,9.001
12.088,0.15,9.001
12.089,0.15,9.001
12.09,0.15,9.001
12.091,0.15,9.001
12.092,0.15,9.001
12.093,0.15,9.001
12.094,0.15,9.001
12.095,0.15,9.001
12.096,0.15,9.001
12.097,0.15,9.001
12.098,0.15,9.001
12.099,0.15,9.001
12.1,0.15,9.001
12.101,0.15,9.001
12.102,0.15,9.001
12.103,0.15,9.001
12.104,0.15,9.001
12.105,0.15,9.001
12.106,0.15,9.001
12.107,0.15,9.001
12.108,0.15,9.001
12.109,0.15,9.001
12.11,0.15,9.001
12.111,0.15,9.001
12.112,0.15,9.001
12.113,0.15,9.001
12.114,0.15,9.001
12.115,0.15,9.001
12.116,0.15,9.001
12.117,0.15,9.001
12.118,0.15,9.001
12.119,0.15,9.001
12.12,0.15,9.001
12.121,0.15,9.001
12.122,0.15,9.001
12.123,0.15,9.001
12.124,0.15,9.001
12.125,0.15,9.001
12.126,0.15,9.001
12.127,0.15,9.001
12.128,0.15,9.001
12.129,0.15,9.001
12.13,0.15,9.001
12.131,0.15,9.001
12.132,0.15,9.001
12.133,0.15,9.001
12.134,0.15,9.001
12.135,0.15,9.001
12.136,0.15,9.001
12.137,0.15,9.001
12.138,0.15,9.001
12.139,0.15,9.001
12.14,0.15,9.001
12.141,0.15,9.001
12.142,0.15,9.001
12.143,0.15,9.001
12.144,0.15,9.001
12.145,0.15,9.001
12.146,0.15,9.001
12.147,0.15,9.001
12.148,0.15,9.001
12.149,0.15,9.001
12.15,0.15,9.001
12.151,0.15,9.001
12.152,0.15,9.001
12.153,0.15,9.001
12.154,0.15,9.001
12.155,0.15,9.001
12.156,0.15,9.001
12.157,0.15,9.001
12.158,0.15,9.001
12.159,0.15,9.001
12.16,0.15,9.001
12.161,0.15,9.001
12.162,0.15,9.001
12.163,0.15,9.001
12.164,0.15,9.001
12.165,0.15,9.001
12.166,0.15,9.001
12.167,0.15,9.001
12.168,0.15,9.001
12.169,0.15,9.001
12.17,0.15,9.001
12.171,0.15,9.001
12.172,0.15,9.001
12.173,0.15,9.001
12.174,0.15,9.001
12.175,0.15,9.001
12.176,0.15,9.001
12.177,0.15,9.001
12.178,0.15,9.001
12.179,0.15,9.001
12.18,0.15,9.001
12.181,0.15,9.001
12.182,0.15,9.001
12.183,0.15,9.001
12.184,0.15,9.001
12.185,0.15,9.001
12.186,0.15,9.001
12.187,0.15,9.001
12.188,0.15,9.001
12.189,0.15,9.001
12.19,0.15,9.001
12.191,0.15,9.001
12.192,0.15,9.001
12.193,0.15,9.001
12.194,0.15,9.001
12.195,0.15,9.001
12.196,0.15,9.001
12.197,0.15,9.001
12.198,0.15,9.001
12.199,0.15,9.001
12.2,0.15,9.001
12.201,0.15,9.001
12.202,0.15,9.001
12.203,0.15,9.001
12.204,0.15,9.001
12.205,0.15,9.001
12.206,0.15,9.001
12.207,0.15,9.001
12.208,0.15,9.001
12.209,0.15,9.001
12.21,0.15,9.001
12.211,0.15,9.001
12.212,0.15,9.001
12.213,0.15,9.001
12.214,0.15,9.001
12.215,0.15,9.001
12.216,0.15,9.001
12.217,0.15,9.001
12.218,0.15,9.001
12.219,0.15,9.001
12.22,0.15,9.001
12.221,0.15,9.001
12.222,0.15,9.001
12.223,0.15,9.001
12.224,0.15,9.001
12.225,0.15,9.001
12.226,0.15,9.001
12.227,0.15,9.001
12.228,0.15,9.001
12.229,0.15,9.001
12.23,0.15,9.001
12.231,0.15,9.001
12.232,0.15,9.001
12.233,0.15,9.001
12.234,0.15,9.001
12.235,0.15,9.001
12.236,0.15,9.001
12.237,0.15,9.001
12.238,0.15,9.001
12.239,0.15,9.001
12.24,0.15,9.001
12.241,0.15,9.001
12.242,0.15,9.001
12.243,0.15,9.001
12.244,0.15,9.001
12.245,0.15,9.001
12.246,0.15,9.001
12.247,0.15,9.001
12.248,0.15,9.001
12.249,0.15,9.001
12.25,0.15,9.001
12.251,0.15,9.001
12.252,0.15,9.001
12.253,0.15,9.001
12.254,0.15,9.001
12.255,0.15,9.001
12.256,0.15,9.001
12.257,0.15,9.001
12.258,0.15,9.001
12.259,0.15,9.001
12.26,0.15,9.001
12.261,0.15,9.001
12.262,0.15,9.001
12.263,0.15,9.001
12.264,0.15,9.001
12.265,0.15,9.001
12.266,0.15,9.001
12.267,0.15,9.001
12.268,0.15,9.001
12.269,0.15,9.001
12.27,0.15,9.001
12.271,0.15,9.001
12.272,0.15,9.001
12.273,0.15,9.001
12.274,0.15,9.001
12.275,0.15,9.001
12.276,0.15,9.001
12.277,0.15,9.001
12.278,0.15,9.001
12.279,0.15,9.001
12.28,0.15,9.001
12.281,0.15,9.001
12.282,0.15,9.001
12.283,0.15,9.001
12.284,0.15,9.001
12.285,0.15,9.001
12.286,0.15,9.001
12.287,0.15,9.001
12.288,0.15,9.001
12.289,0.15,9.001
12.29,0.15,9.001
12.291,0.15,9.001
12.292,0.15,9.001
12.293,0.15,9.001
12.294,0.15,9.001
12.295,0.15,9.001
12.296,0.15,9.001
12.297,0.15,9.001
12.298,0.15,9.001
12.299,0.15,9.001
12.3,0.15,9.001
12.301,0.15,9.001
12.302,0.15,9.001
12.303,0.15,9.001
12.304,0.15,9.001
12.305,0.15,9.001
12.306,0.15,9.001
12.307,0.15,9.001
12.308,0.15,9.001
12.309,0.15,9.001
12.31,0.15,9.001
12.311,0.15,9.001
12.312,0.15,9.001
12.313,0.15,9.001
12.314,0.15,9.001
12.315,0.15,9.001
12.316,0.15,9.001
12.317,0.15,9.001
12.318,0.15,9.001
12.319,0.15,9.001
12.32,0.15,9.001
12.321,0.15,9.001
12.322,0.15,9.001
12.323,0.15,9.001
12.324,0.15,9.001
12.325,0.15,9.001
12.326,0.15,9.001
12.327,0.15,9.001
12.328,0.15,9.001
12.329,0.15,9.001
12.33,0.15,9.001
12.331,0.15,9.001
12.332,0.15,9.001
12.333,0.15,9.001
12.334,0.15,9.001
12.335,0.15,9.001
12.336,0.15,9.001
12.337,0.15,9.001
12.338,0.15,9.001
12.339,0.15,9.001
12.34,0.15,9.001
12.341,0.15,9.001
12.342,0.15,9.001
12.343,0.15,9.001
12.344,0.15,9.001
12.345,0.15,9.001
12.346,0.15,9.001
12.347,0.15,9.001
12.348,0.15,9.001
12.349,0.15,9.001
12.35,0.15,9.001
12.351,0.15,9.001
12.352,0.15,9.001
12.353,0.15,9.001
12.354,0.15,9.001
12.355,0.15,9.001
12.356,0.15,9.001
12.357,0.15,9.001
12.358,0.15,9.001
12.359,0.15,9.001
12.36,0.15,9.001
12.361,0.15,9.001
12.362,0.15,9.001
12.363,0.15,9.001
12.364,0.15,9.001
12.365,0.15,9.001
12.366,0.15,9.001
12.367,0.15,9.001
12.368,0.15,9.001
12.369,0.15,9.001
12.37,0.15,9.001
12.371,0.15,9.001
12.372,0.15,9.001
12.373,0.15,9.001
12.374,0.15,9.001
12.375,0.15,9.001
12.376,0.15,9.001
12.377,0.15,9.001
12.378,0.15,9.001
12.379,0.15,9.001
12.38,0.15,9.001
12.381,0.15,9.001
12.382,0.15,9.001
12.383,0.15,9.001
12.384,0.15,9.001
12.385,0.15,9.001
12.386,0.15,9.001
12.387,0.15,9.001
12.388,0.15,9.001
12.389,0.15,9.001
12.39,0.15,9.001
12.391,0.15,9.001
12.392,0.15,9.001
12.393,0.15,9.001
12.394,0.15,9.001
12.395,0.15,9.001
12.396,0.15,9.001
12.397,0.15,9.001
12.398,0.15,9.001
12.399,0.15,9.001
12.4,0.15,9.001
12.401,0.15,9.001
12.402,0.15,9.001
12.403,0.15,9.001
12.404,0.15,9.001
12.405,0.15,9.001
12.406,0.15,9.001
12.407,0.15,9.001
12.408,0.15,9.001
12.409,0.15,9.001
12.41,0.15,9.001
12.411,0.15,9.001
12.412,0.15,9.001
12.413,0.15,9.001
12.414,0.15,9.001
12.415,0.15,9.001
12.416,0.15,9.001
12.417,0.15,9.001
12.418,0.15,9.001
12.419,0.15,9.001
12.42,0.15,9.001
12.421,0.15,9.001
12.422,0.15,9.001
12.423,0.15,9.001
12.424,0.15,9.001
12.425,0.15,9.001
12.426,0.15,9.001
12.427,0.15,9.001
12.428,0.15,9.001
12.429,0.15,9.001
12.43,0.15,9.001
12.431,0.15,9.001
12.432,0.15,9.001
12.433,0.15,9.001
12.434,0.15,9.001
12.435,0.15,9.001
12.436,0.15,9.001
12.437,0.15,9.001
12.438,0.15,9.001
12.439,0.15,9.001
12.44,0.15,9.001
12.441,0.15,9.001
12.442,0.15,9.001
12.443,0.15,9.001
12.444,0.15,9.001
12.445,0.15,9.001
12.446,0.15,9.001
12.447,0.15,9.001
12.448,0.15,9.001
12.449,0.15,9.001
12.45,0.15,9.001
12.451,0.15,9.001
12.452,0.15,9.001
12.453,0.15,9.001
12.454,0.15,9.001
12.455,0.15,9.001
12.456,0.15,9.001
12.457,0.15,9.001
12.458,0.15,9.001
12.459,0.15,9.001
12.46,0.15,9.001
12.461,0.15,9.001
12.462,0.15,9.001
12.463,0.15,9.001
12.464,0.15,9.001
12.465,0.15,9.001
12.466,0.15,9.001
12.467,0.15,9.001
12.468,0.15,9.001
12.469,0.15,9.001
12.47,0.15,9.001
12.471,0.15,9.001
12.472,0.15,9.001
12.473,0.15,9.001
12.474,0.15,9.001
12.475,0.15,9.001
12.476,0.15,9.001
12.477,0.15,9.001
12.478,0.15,9.001
12.479,0.15,9.001
12.48,0.15,9.001
12.481,0.15,9.001
12.482,0.15,9.001
12.483,0.15,9.001
12.484,0.15,9.001
12.485,0.15,9.001
12.486,0.15,9.001
12.487,0.15,9.001
12.488,0.15,9.001
12.489,0.15,9.001
12.49,0.15,9.001
12.491,0.15,9.001
12.492,0.15,9.001
12.493,0.15,9.001
12.494,0.15,9.001
12.495,0.15,9.001
12.496,0.15,9.001
12.497,0.15,9.001
12.498,0.15,9.001
12.499,0.15,9.001
12.5,0.15,9.001
12.501,0.15,9.001
12.502,0.15,9.001
12.503,0.15,9.001
12.504,0.15,9.001
12.505,0.15,9.001
12.506,0.15,9.001
12.507,0.15,9.001
12.508,0.15,9.001
12.509,0.15,9.001
12.51,0.15,9.001
12.511,0.15,9.001
12.512,0.15,9.001
12.513,0.15,9.001
12.514,0.15,9.001
12.515,0.15,9.001
12.516,0.15,9.001
12.517,0.15,9.001
12.518,0.15,9.001
12.519,0.15,9.001
12.52,0.15,9.001
12.521,0.15,9.001
12.522,0.15,9.001
12.523,0.15,9.001
12.524,0.15,9.001
12.525,0.15,9.001
12.526,0.15,9.001
12.527,0.15,9.001
12.528,0.15,9.001
12.529,0.15,9.001
12.53,0.15,9.001
12.531,0.15,9.001
12.532,0.15,9.001
12.533,0.15,9.001
12.534,0.15,9.001
12.535,0.15,9.001
12.536,0.15,9.001
12.537,0.15,9.001
12.538,0.15,9.001
12.539,0.15,9.001
12.54,0.15,9.001
12.541,0.15,9.001
12.542,0.15,9.001
12.543,0.15,9.001
12.544,0.15,9.001
12.545,0.15,9.001
12.546,0.15,9.001
12.547,0.15,9.001
12.548,0.15,9.001
12.549,0.15,9.001
12.55,0.15,9.001
12.551,0.15,9.001
12.552,0.15,9.001
12.553,0.15,9.001
12.554,0.15,9.001
12.555,0.15,9.001
12.556,0.15,9.001
12.557,0.15,9.001
12.558,0.15,9.001
12.559,0.15,9.001
12.56,0.15,9.001
12.561,0.15,9.001
12.562,0.15,9.001
12.563,0.15,9.001
12.564,0.15,9.001
12.565,0.15,9.001
12.566,0.15,9.001
12.567,0.15,9.001
12.568,0.15,9.001
12.569,0.15,9.001
12.57,0.15,9.001
12.571,0.15,9.001
12.572,0.15,9.001
12.573,0.15,9.001
12.574,0.15,9.001
12.575,0.15,9.001
12.576,0.15,9.001
12.577,0.15,9.001
12.578,0.15,9.001
12.579,0.15,9.001
12.58,0.15,9.001
12.581,0.15,9.001
12.582,0.15,9.001
12.583,0.15,9.001
12.584,0.15,9.001
12.585,0.15,9.001
12.586,0.15,9.001
12.587,0.15,9.001
12.588,0.15,9.001
12.589,0.15,9.001
12.59,0.15,9.001
12.591,0.15,9.001
12.592,0.15,9.001
12.593,0.15,9.001
12.594,0.15,9.001
12.595,0.15,9.001
12.596,0.15,9.001
12.597,0.15,9.001
12.598,0.15,9.001
12.599,0.15,9.001
12.6,0.15,9.001
12.601,0.15,9.001
12.602,0.15,9.001
12.603,0.15,9.001
12.604,0.15,9.001
12.605,0.15,9.001
12.606,0.15,9.001
12.607,0.15,9.001
12.608,0.15,9.001
12.609,0.15,9.001
12.61,0.15,9.001
12.611,0.15,9.001
12.612,0.15,9.001
12.613,0.15,9.001
12.614,0.15,9.001
12.615,0.15,9.001
12.616,0.15,9.001
12.617,0.15,9.001
12.618,0.15,9.001
12.619,0.15,9.001
12.62,0.15,9.001
12.621,0.15,9.001
12.622,0.15,9.001
12.623,0.15,9.001
12.624,0.15,9.001
12.625,0.15,9.001
12.626,0.15,9.001
12.627,0.15,9.001
12.628,0.15,9.001
12.629,0.15,9.001
12.63,0.15,9.001
12.631,0.15,9.001
12.632,0.15,9.001
12.633,0.15,9.001
12.634,0.15,9.001
12.635,0.15,9.001
12.636,0.15,9.001
12.637,0.15,9.001
12.638,0.15,9.001
12.639,0.15,9.001
12.64,0.15,9.001
12.641,0.15,9.001
12.642,0.15,9.001
12.643,0.15,9.001
12.644,0.15,9.001
12.645,0.15,9.001
12.646,0.15,9.001
12.647,0.15,9.001
12.648,0.15,9.001
12.649,0.15,9.001
12.65,0.15,9.001
12.651,0.15,9.001
12.652,0.15,9.001
12.653,0.15,9.001
12.654,0.15,9.001
12.655,0.15,9.001
12.656,0.15,9.001
12.657,0.15,9.001
12.658,0.15,9.001
12.659,0.15,9.001
12.66,0.15,9.001
12.661,0.15,9.001
12.662,0.15,9.001
12.663,0.15,9.001
12.664,0.15,9.001
12.665,0.15,9.001
12.666,0.15,9.001
12.667,0.15,9.001
12.668,0.15,9.001
12.669,0.15,9.001
12.67,0.15,9.001
12.671,0.15,9.001
12.672,0.15,9.001
12.673,0.15,9.001
12.674,0.15,9.001
12.675,0.15,9.001
12.676,0.15,9.001
12.677,0.15,9.001
12.678,0.15,9.001
12.679,0.15,9.001
12.68,0.15,9.001
12.681,0.15,9.001
12.682,0.15,9.001
12.683,0.15,9.001
12.684,0.15,9.001
12.685,0.15,9.001
12.686,0.15,9.001
12.687,0.15,9.001
12.688,0.15,9.001
12.689,0.15,9.001
12.69,0.15,9.001
12.691,0.15,9.001
12.692,0.15,9.001
12.693,0.15,9.001
12.694,0.15,9.001
12.695,0.15,9.001
12.696,0.15,9.001
12.697,0.15,9.001
12.698,0.15,9.001
12.699,0.15,9.001
12.7,0.15,9.001
12.701,0.15,9.001
12.702,0.15,9.001
12.703,0.15,9.001
12.704,0.15,9.001
12.705,0.15,9.001
12.706,0.15,9.001
12.707,0.15,9.001
12.708,0.15,9.001
12.709,0.15,9.001
12.71,0.15,9.001
12.711,0.15,9.001
12.712,0.15,9.001
12.713,0.15,9.001
12.714,0.15,9.001
12.715,0.15,9.001
12.716,0.15,9.001
12.717,0.15,9.001
12.718,0.15,9.001
12.719,0.15,9.001
12.72,0.15,9.001
12.721,0.15,9.001
12.722,0.15,9.001
12.723,0.15,9.001
12.724,0.15,9.001
12.725,0.15,9.001
12.726,0.15,9.001
12.727,0.15,9.001
12.728,0.15,9.001
12.729,0.15,9.001
12.73,0.15,9.001
12.731,0.15,9.001
12.732,0.15,9.001
12.733,0.15,9.001
12.734,0.15,9.001
12.735,0.15,9.001
12.736,0.15,9.001
12.737,0.15,9.001
12.738,0.15,9.001
12.739,0.15,9.001
12.74,0.15,9.001
12.741,0.15,9.001
12.742,0.15,9.001
12.743,0.15,9.001
12.744,0.15,9.001
12.745,0.15,9.001
12.746,0.15,9.001
12.747,0.15,9.001
12.748,0.15,9.001
12.749,0.15,9.001
12.75,0.15,9.001
12.751,0.15,9.001
12.752,0.15,9.001
12.753,0.15,9.001
12.754,0.15,9.001
12.755,0.15,9.001
12.756,0.15,9.001
12.757,0.15,9.001
12.758,0.15,9.001
12.759,0.15,9.001
12.76,0.15,9.001
12.761,0.15,9.001
12.762,0.15,9.001
12.763,0.15,9.001
12.764,0.15,9.001
12.765,0.15,9.001
12.766,0.15,9.001
12.767,0.15,9.001
12.768,0.15,9.001
12.769,0.15,9.001
12.77,0.15,9.001
12.771,0.15,9.001
12.772,0.15,9.001
12.773,0.15,9.001
12.774,0.15,9.001
12.775,0.15,9.001
12.776,0.15,9.001
12.777,0.15,9.001
12.778,0.15,9.001
12.779,0.15,9.001
12.78,0.15,9.001
12.781,0.15,9.001
12.782,0.15,9.001
12.783,0.15,9.001
12.784,0.15,9.001
12.785,0.15,9.001
12.786,0.15,9.001
12.787,0.15,9.001
12.788,0.15,9.001
12.789,0.15,9.001
12.79,0.15,9.001
12.791,0.15,9.001
12.792,0.15,9.001
12.793,0.15,9.001
12.794,0.15,9.001
12.795,0.15,9.001
12.796,0.15,9.001
12.797,0.15,9.001
12.798,0.15,9.001
12.799,0.15,9.001
12.8,0.15,9.001
12.801,0.15,9.001
12.802,0.15,9.001
12.803,0.15,9.001
12.804,0.15,9.001
12.805,0.15,9.001
12.806,0.15,9.001
12.807,0.15,9.001
12.808,0.15,9.001
12.809,0.15,9.001
12.81,0.15,9.001
12.811,0.15,9.001
12.812,0.15,9.001
12.813,0.15,9.001
12.814,0.15,9.001
12.815,0.15,9.001
12.816,0.15,9.001
12.817,0.15,9.001
12.818,0.15,9.001
12.819,0.15,9.001
12.82,0.15,9.001
12.821,0.15,9.001
12.822,0.15,9.001
12.823,0.15,9.001
12.824,0.15,9.001
12.825,0.15,9.001
12.826,0.15,9.001
12.827,0.15,9.001
12.828,0.15,9.001
12.829,0.15,9.001
12.83,0.15,9.001
12.831,0.15,9.001
12.832,0.15,9.001
12.833,0.15,9.001
12.834,0.15,9.001
12.835,0.15,9.001
12.836,0.15,9.001
12.837,0.15,9.001
12.838,0.15,9.001
12.839,0.15,9.001
12.84,0.15,9.001
12.841,0.15,9.001
12.842,0.15,9.001
12.843,0.15,9.001
12.844,0.15,9.001
12.845,0.15,9.001
12.846,0.15,9.001
12.847,0.15,9.001
12.848,0.15,9.001
12.849,0.15,9.001
12.85,0.15,9.001
12.851,0.15,9.001
12.852,0.15,9.001
12.853,0.15,9.001
12.854,0.15,9.001
12.855,0.15,9.001
12.856,0.15,9.001
12.857,0.15,9.001
12.858,0.15,9.001
12.859,0.15,9.001
12.86,0.15,9.001
12.861,0.15,9.001
12.862,0.15,9.001
12.863,0.15,9.001
12.864,0.15,9.001
12.865,0.15,9.001
12.866,0.15,9.001
12.867,0.15,9.001
12.868,0.15,9.001
12.869,0.15,9.001
12.87,0.15,9.001
12.871,0.15,9.001
12.872,0.15,9.001
12.873,0.15,9.001
12.874,0.15,9.001
12.875,0.15,9.001
12.876,0.15,9.001
12.877,0.15,9.001
12.878,0.15,9.001
12.879,0.15,9.001
12.88,0.15,9.001
12.881,0.15,9.001
12.882,0.15,9.001
12.883,0.15,9.001
12.884,0.15,9.001
12.885,0.15,9.001
12.886,0.15,9.001
12.887,0.15,9.001
12.888,0.15,9.001
12.889,0.15,9.001
12.89,0.15,9.001
12.891,0.15,9.001
12.892,0.15,9.001
12.893,0.15,9.001
12.894,0.15,9.001
12.895,0.15,9.001
12.896,0.15,9.001
12.897,0.15,9.001
12.898,0.15,9.001
12.899,0.15,9.001
12.9,0.15,9.001
12.901,0.15,9.001
12.902,0.15,9.001
12.903,0.15,9.001
12.904,0.15,9.001
12.905,0.15,9.001
12.906,0.15,9.001
12.907,0.15,9.001
12.908,0.15,9.001
12.909,0.15,9.001
12.91,0.15,9.001
12.911,0.15,9.001
12.912,0.15,9.001
12.913,0.15,9.001
12.914,0.15,9.001
12.915,0.15,9.001
12.916,0.15,9.001
12.917,0.15,9.001
12.918,0.15,9.001
12.919,0.15,9.001
12.92,0.15,9.001
12.921,0.15,9.001
12.922,0.15,9.001
12.923,0.15,9.001
12.924,0.15,9.001
12.925,0.15,9.001
12.926,0.15,9.001
12.927,0.15,9.001
12.928,0.15,9.001
12.929,0.15,9.001
12.93,0.15,9.001
12.931,0.15,9.001
12.932,0.15,9.001
12.933,0.15,9.001
12.934,0.15,9.001
12.935,0.15,9.001
12.936,0.15,9.001
12.937,0.15,9.001
12.938,0.15,9.001
12.939,0.15,9.001
12.94,0.15,9.001
12.941,0.15,9.001
12.942,0.15,9.001
12.943,0.15,9.001
12.944,0.15,9.001
12.945,0.15,9.001
12.946,0.15,9.001
12.947,0.15,9.001
12.948,0.15,9.001
12.949,0.15,9.001
12.95,0.15,9.001
12.951,0.15,9.001
12.952,0.15,9.001
12.953,0.15,9.001
12.954,0.15,9.001
12.955,0.15,9.001
12.956,0.15,9.001
12.957,0.15,9.001
12.958,0.15,9.001
12.959,0.15,9.001
12.96,0.15,9.001
12.961,0.15,9.001
12.962,0.15,9.001
12.963,0.15,9.001
12.964,0.15,9.001
12.965,0.15,9.001
12.966,0.15,9.001
12.967,0.15,9.001
12.968,0.15,9.001
12.969,0.15,9.001
12.97,0.15,9.001
12.971,0.15,9.001
12.972,0.15,9.001
12.973,0.15,9.001
12.974,0.15,9.001
12.975,0.15,9.001
12.976,0.15,9.001
12.977,0.15,9.001
12.978,0.15,9.001
12.979,0.15,9.001
12.98,0.15,9.001
12.981,0.15,9.001
12.982,0.15,9.001
12.983,0.15,9.001
12.984,0.15,9.001
12.985,0.15,9.001
12.986,0.15,9.001
12.987,0.15,9.001
12.988,0.15,9.001
12.989,0.15,9.001
12.99,0.15,9.001
12.991,0.15,9.001
12.992,0.15,9.001
12.993,0.15,9.001
12.994,0.15,9.001
12.995,0.15,9.001
12.996,0.15,9.001
12.997,0.15,9.001
12.998,0.15,9.001
12.999,0.15,9.001
13,0.15,9.001
13.001,0.15,9.001
13.002,0.15,9.001
13.003,0.15,9.001
13.004,0.15,9.001
13.005,0.15,9.001
13.006,0.15,9.001
13.007,0.15,9.001
13.008,0.15,9.001
13.009,0.15,9.001
13.01,0.15,9.001
13.011,0.15,9.001
13.012,0.15,9.001
13.013,0.15,9.001
13.014,0.15,9.001
13.015,0.15,9.001
13.016,0.15,9.001
13.017,0.15,9.001
13.018,0.15,9.001
13.019,0.15,9.001
13.02,0.15,9.001
13.021,0.15,9.001
13.022,0.15,9.001
13.023,0.15,9.001
13.024,0.15,9.001
13.025,0.15,9.001
13.026,0.15,9.001
13.027,0.15,9.001
13.028,0.15,9.001
13.029,0.15,9.001
13.03,0.15,9.001
13.031,0.15,9.001
13.032,0.15,9.001
13.033,0.15,9.001
13.034,0.15,9.001
13.035,0.15,9.001
13.036,0.15,9.001
13.037,0.15,9.001
13.038,0.15,9.001
13.039,0.15,9.001
13.04,0.15,9.001
13.041,0.15,9.001
13.042,0.15,9.001
13.043,0.15,9.001
13.044,0.15,9.001
13.045,0.15,9.001
13.046,0.15,9.001
13.047,0.15,9.001
13.048,0.15,9.001
13.049,0.15,9.001
13.05,0.15,9.001
13.051,0.15,9.001
13.052,0.15,9.001
13.053,0.15,9.001
13.054,0.15,9.001
13.055,0.15,9.001
13.056,0.15,9.001
13.057,0.15,9.001
13.058,0.15,9.001
13.059,0.15,9.001
13.06,0.15,9.001
13.061,0.15,9.001
13.062,0.15,9.001
13.063,0.15,9.001
13.064,0.15,9.001
13.065,0.15,9.001
13.066,0.15,9.001
13.067,0.15,9.001
13.068,0.15,9.001
13.069,0.15,9.001
13.07,0.15,9.001
13.071,0.15,9.001
13.072,0.15,9.001
13.073,0.15,9.001
13.074,0.15,9.001
13.075,0.15,9.001
13.076,0.15,9.001
13.077,0.15,9.001
13.078,0.15,9.001
13.079,0.15,9.001
13.08,0.15,9.001
13.081,0.15,9.001
13.082,0.15,9.001
13.083,0.15,9.001
13.084,0.15,9.001
13.085,0.15,9.001
13.086,0.15,9.001
13.087,0.15,9.001
13.088,0.15,9.001
13.089,0.15,9.001
13.09,0.15,9.001
13.091,0.15,9.001
13.092,0.15,9.001
13.093,0.15,9.001
13.094,0.15,9.001
13.095,0.15,9.001
13.096,0.15,9.001
13.097,0.15,9.001
13.098,0.15,9.001
13.099,0.15,9.001
13.1,0.15,9.001
13.101,0.15,9.001
13.102,0.15,9.001
13.103,0.15,9.001
13.104,0.15,9.001
13.105,0.15,9.001
13.106,0.15,9.001
13.107,0.15,9.001
13.108,0.15,9.001
13.109,0.15,9.001
13.11,0.15,9.001
13.111,0.15,9.001
13.112,0.15,9.001
13.113,0.15,9.001
13.114,0.15,9.001
13.115,0.15,9.001
13.116,0.15,9.001
13.117,0.15,9.001
13.118,0.15,9.001
13.119,0.15,9.001
13.12,0.15,9.001
13.121,0.15,9.001
13.122,0.15,9.001
13.123,0.15,9.001
13.124,0.15,9.001
13.125,0.15,9.001
13.126,0.15,9.001
13.127,0.15,9.001
13.128,0.15,9.001
13.129,0.15,9.001
13.13,0.15,9.001
13.131,0.15,9.001
13.132,0.15,9.001
13.133,0.15,9.001
13.134,0.15,9.001
13.135,0.15,9.001
13.136,0.15,9.001
13.137,0.15,9.001
13.138,0.15,9.001
13.139,0.15,9.001
13.14,0.15,9.001
13.141,0.15,9.001
13.142,0.15,9.001
13.143,0.15,9.001
13.144,0.15,9.001
13.145,0.15,9.001
13.146,0.15,9.001
13.147,0.15,9.001
13.148,0.15,9.001
13.149,0.15,9.001
13.15,0.15,9.001
13.151,0.15,9.001
13.152,0.15,9.001
13.153,0.15,9.001
13.154,0.15,9.001
13.155,0.15,9.001
13.156,0.15,9.001
13.157,0.15,9.001
13.158,0.15,9.001
13.159,0.15,9.001
13.16,0.15,9.001
13.161,0.15,9.001
13.162,0.15,9.001
13.163,0.15,9.001
13.164,0.15,9.001
13.165,0.15,9.001
13.166,0.15,9.001
13.167,0.15,9.001
13.168,0.15,9.001
13.169,0.15,9.001
13.17,0.15,9.001
13.171,0.15,9.001
13.172,0.15,9.001
13.173,0.15,9.001
13.174,0.15,9.001
13.175,0.15,9.001
13.176,0.15,9.001
13.177,0.15,9.001
13.178,0.15,9.001
13.179,0.15,9.001
13.18,0.15,9.001
13.181,0.15,9.001
13.182,0.15,9.001
13.183,0.15,9.001
13.184,0.15,9.001
13.185,0.15,9.001
13.186,0.15,9.001
13.187,0.15,9.001
13.188,0.15,9.001
13.189,0.15,9.001
13.19,0.15,9.001
13.191,0.15,9.001
13.192,0.15,9.001
13.193,0.15,9.001
13.194,0.15,9.001
13.195,0.15,9.001
13.196,0.15,9.001
13.197,0.15,9.001
13.198,0.15,9.001
13.199,0.15,9.001
13.2,0.15,9.001
13.201,0.15,9.001
13.202,0.15,9.001
13.203,0.15,9.001
13.204,0.15,9.001
13.205,0.15,9.001
13.206,0.15,9.001
13.207,0.15,9.001
13.208,0.15,9.001
13.209,0.15,9.001
13.21,0.15,9.001
13.211,0.15,9.001
13.212,0.15,9.001
13.213,0.15,9.001
13.214,0.15,9.001
13.215,0.15,9.001
13.216,0.15,9.001
13.217,0.15,9.001
13.218,0.15,9.001
13.219,0.15,9.001
13.22,0.15,9.001
13.221,0.15,9.001
13.222,0.15,9.001
13.223,0.15,9.001
13.224,0.15,9.001
13.225,0.15,9.001
13.226,0.15,9.001
13.227,0.15,9.001
13.228,0.15,9.001
13.229,0.15,9.001
13.23,0.15,9.001
13.231,0.15,9.001
13.232,0.15,9.001
13.233,0.15,9.001
13.234,0.15,9.001
13.235,0.15,9.001
13.236,0.15,9.001
13.237,0.15,9.001
13.238,0.15,9.001
13.239,0.15,9.001
13.24,0.15,9.001
13.241,0.15,9.001
13.242,0.15,9.001
13.243,0.15,9.001
13.244,0.15,9.001
13.245,0.15,9.001
13.246,0.15,9.001
13.247,0.15,9.001
13.248,0.15,9.001
13.249,0.15,9.001
13.25,0.15,9.001
13.251,0.15,9.001
13.252,0.15,9.001
13.253,0.15,9.001
13.254,0.15,9.001
13.255,0.15,9.001
13.256,0.15,9.001
13.257,0.15,9.001
13.258,0.15,9.001
13.259,0.15,9.001
13.26,0.15,9.001
13.261,0.15,9.001
13.262,0.15,9.001
13.263,0.15,9.001
13.264,0.15,9.001
13.265,0.15,9.001
13.266,0.15,9.001
13.267,0.15,9.001
13.268,0.15,9.001
13.269,0.15,9.001
13.27,0.15,9.001
13.271,0.15,9.001
13.272,0.15,9.001
13.273,0.15,9.001
13.274,0.15,9.001
13.275,0.15,9.001
13.276,0.15,9.001
13.277,0.15,9.001
13.278,0.15,9.001
13.279,0.15,9.001
13.28,0.15,9.001
13.281,0.15,9.001
13.282,0.15,9.001
13.283,0.15,9.001
13.284,0.15,9.001
13.285,0.15,9.001
13.286,0.15,9.001
13.287,0.15,9.001
13.288,0.15,9.001
13.289,0.15,9.001
13.29,0.15,9.001
13.291,0.15,9.001
13.292,0.15,9.001
13.293,0.15,9.001
13.294,0.15,9.001
13.295,0.15,9.001
13.296,0.15,9.001
13.297,0.15,9.001
13.298,0.15,9.001
13.299,0.15,9.001
13.3,0.15,9.001
13.301,0.15,9.001
13.302,0.15,9.001
13.303,0.15,9.001
13.304,0.15,9.001
13.305,0.15,9.001
13.306,0.15,9.001
13.307,0.15,9.001
13.308,0.15,9.001
13.309,0.15,9.001
13.31,0.15,9.001
13.311,0.15,9.001
13.312,0.15,9.001
13.313,0.15,9.001
13.314,0.15,9.001
13.315,0.15,9.001
13.316,0.15,9.001
13.317,0.15,9.001
13.318,0.15,9.001
13.319,0.15,9.001
13.32,0.15,9.001
13.321,0.15,9.001
13.322,0.15,9.001
13.323,0.15,9.001
13.324,0.15,9.001
13.325,0.15,9.001
13.326,0.15,9.001
13.327,0.15,9.001
13.328,0.15,9.001
13.329,0.15,9.001
13.33,0.15,9.001
13.331,0.15,9.001
13.332,0.15,9.001
13.333,0.15,9.001
13.334,0.15,9.001
13.335,0.15,9.001
13.336,0.15,9.001
13.337,0.15,9.001
13.338,0.15,9.001
13.339,0.15,9.001
13.34,0.15,9.001
13.341,0.15,9.001
13.342,0.15,9.001
13.343,0.15,9.001
13.344,0.15,9.001
13.345,0.15,9.001
13.346,0.15,9.001
13.347,0.15,9.001
13.348,0.15,9.001
13.349,0.15,9.001
13.35,0.15,9.001
13.351,0.15,9.001
13.352,0.15,9.001
13.353,0.15,9.001
13.354,0.15,9.001
13.355,0.15,9.001
13.356,0.15,9.001
13.357,0.15,9.001
13.358,0.15,9.001
13.359,0.15,9.001
13.36,0.15,9.001
13.361,0.15,9.001
13.362,0.15,9.001
13.363,0.15,9.001
13.364,0.15,9.001
13.365,0.15,9.001
13.366,0.15,9.001
13.367,0.15,9.001
13.368,0.15,9.001
13.369,0.15,9.001
13.37,0.15,9.001
13.371,0.15,9.001
13.372,0.15,9.001
13.373,0.15,9.001
13.374,0.15,9.001
13.375,0.15,9.001
13.376,0.15,9.001
13.377,0.15,9.001
13.378,0.15,9.001
13.379,0.15,9.001
13.38,0.15,9.001
13.381,0.15,9.001
13.382,0.15,9.001
13.383,0.15,9.001
13.384,0.15,9.001
13.385,0.15,9.001
13.386,0.15,9.001
13.387,0.15,9.001
13.388,0.15,9.001
13.389,0.15,9.001
13.39,0.15,9.001
13.391,0.15,9.001
13.392,0.15,9.001
13.393,0.15,9.001
13.394,0.15,9.001
13.395,0.15,9.001
13.396,0.15,9.001
13.397,0.15,9.001
13.398,0.15,9.001
13.399,0.15,9.001
13.4,0.15,9.001
13.401,0.15,9.001
13.402,0.15,9.001
13.403,0.15,9.001
13.404,0.15,9.001
13.405,0.15,9.001
13.406,0.15,9.001
13.407,0.15,9.001
13.408,0.15,9.001
13.409,0.15,9.001
13.41,0.15,9.001
13.411,0.15,9.001
13.412,0.15,9.001
13.413,0.15,9.001
13.414,0.15,9.001
13.415,0.15,9.001
13.416,0.15,9.001
13.417,0.15,9.001
13.418,0.15,9.001
13.419,0.15,9.001
13.42,0.15,9.001
13.421,0.15,9.001
13.422,0.15,9.001
13.423,0.15,9.001
13.424,0.15,9.001
13.425,0.15,9.001
13.426,0.15,9.001
13.427,0.15,9.001
13.428,0.15,9.001
13.429,0.15,9.001
13.43,0.15,9.001
13.431,0.15,9.001
13.432,0.15,9.001
13.433,0.15,9.001
13.434,0.15,9.001
13.435,0.15,9.001
13.436,0.15,9.001
13.437,0.15,9.001
13.438,0.15,9.001
13.439,0.15,9.001
13.44,0.15,9.001
13.441,0.15,9.001
13.442,0.15,9.001
13.443,0.15,9.001
13.444,0.15,9.001
13.445,0.15,9.001
13.446,0.15,9.001
13.447,0.15,9.001
13.448,0.15,9.001
13.449,0.15,9.001
13.45,0.15,9.001
13.451,0.15,9.001
13.452,0.15,9.001
13.453,0.15,9.001
13.454,0.15,9.001
13.455,0.15,9.001
13.456,0.15,9.001
13.457,0.15,9.001
13.458,0.15,9.001
13.459,0.15,9.001
13.46,0.15,9.001
13.461,0.15,9.001
13.462,0.15,9.001
13.463,0.15,9.001
13.464,0.15,9.001
13.465,0.15,9.001
13.466,0.15,9.001
13.467,0.15,9.001
13.468,0.15,9.001
13.469,0.15,9.001
13.47,0.15,9.001
13.471,0.15,9.001
13.472,0.15,9.001
13.473,0.15,9.001
13.474,0.15,9.001
13.475,0.15,9.001
13.476,0.15,9.001
13.477,0.15,9.001
13.478,0.15,9.001
13.479,0.15,9.001
13.48,0.15,9.001
13.481,0.15,9.001
13.482,0.15,9.001
13.483,0.15,9.001
13.484,0.15,9.001
13.485,0.15,9.001
13.486,0.15,9.001
13.487,0.15,9.001
13.488,0.15,9.001
13.489,0.15,9.001
13.49,0.15,9.001
13.491,0.15,9.001
13.492,0.15,9.001
13.493,0.15,9.001
13.494,0.15,9.001
13.495,0.15,9.001
13.496,0.15,9.001
13.497,0.15,9.001
13.498,0.15,9.001
13.499,0.15,9.001
13.5,0.15,9.001
13.501,0.15,9.001
13.502,0.15,9.001
13.503,0.15,9.001
13.504,0.15,9.001
13.505,0.15,9.001
13.506,0.15,9.001
13.507,0.15,9.001
13.508,0.15,9.001
13.509,0.15,9.001
13.51,0.15,9.001
13.511,0.15,9.001
13.512,0.15,9.001
13.513,0.15,9.001
13.514,0.15,9.001
13.515,0.15,9.001
13.516,0.15,9.001
13.517,0.15,9.001
13.518,0.15,9.001
13.519,0.15,9.001
13.52,0.15,9.001
13.521,0.15,9.001
13.522,0.15,9.001
13.523,0.15,9.001
13.524,0.15,9.001
13.525,0.15,9.001
13.526,0.15,9.001
13.527,0.15,9.001
13.528,0.15,9.001
13.529,0.15,9.001
13.53,0.15,9.001
13.531,0.15,9.001
13.532,0.15,9.001
13.533,0.15,9.001
13.534,0.15,9.001
13.535,0.15,9.001
13.536,0.15,9.001
13.537,0.15,9.001
13.538,0.15,9.001
13.539,0.15,9.001
13.54,0.15,9.001
13.541,0.15,9.001
13.542,0.15,9.001
13.543,0.15,9.001
13.544,0.15,9.001
13.545,0.15,9.001
13.546,0.15,9.001
13.547,0.15,9.001
13.548,0.15,9.001
13.549,0.15,9.001
13.55,0.15,9.001
13.551,0.15,9.001
13.552,0.15,9.001
13.553,0.15,9.001
13.554,0.15,9.001
13.555,0.15,9.001
13.556,0.15,9.001
13.557,0.15,9.001
13.558,0.15,9.001
13.559,0.15,9.001
13.56,0.15,9.001
13.561,0.15,9.001
13.562,0.15,9.001
13.563,0.15,9.001
13.564,0.15,9.001
13.565,0.15,9.001
13.566,0.15,9.001
13.567,0.15,9.001
13.568,0.15,9.001
13.569,0.15,9.001
13.57,0.15,9.001
13.571,0.15,9.001
13.572,0.15,9.001
13.573,0.15,9.001
13.574,0.15,9.001
13.575,0.15,9.001
13.576,0.15,9.001
13.577,0.15,9.001
13.578,0.15,9.001
13.579,0.15,9.001
13.58,0.15,9.001
13.581,0.15,9.001
13.582,0.15,9.001
13.583,0.15,9.001
13.584,0.15,9.001
13.585,0.15,9.001
13.586,0.15,9.001
13.587,0.15,9.001
13.588,0.15,9.001
13.589,0.15,9.001
13.59,0.15,9.001
13.591,0.15,9.001
13.592,0.15,9.001
13.593,0.15,9.001
13.594,0.15,9.001
13.595,0.15,9.001
13.596,0.15,9.001
13.597,0.15,9.001
13.598,0.15,9.001
13.599,0.15,9.001
13.6,0.15,9.001
13.601,0.15,9.001
13.602,0.15,9.001
13.603,0.15,9.001
13.604,0.15,9.001
13.605,0.15,9.001
13.606,0.15,9.001
13.607,0.15,9.001
13.608,0.15,9.001
13.609,0.15,9.001
13.61,0.15,9.001
13.611,0.15,9.001
13.612,0.15,9.001
13.613,0.15,9.001
13.614,0.15,9.001
13.615,0.15,9.001
13.616,0.15,9.001
13.617,0.15,9.001
13.618,0.15,9.001
13.619,0.15,9.001
13.62,0.15,9.001
13.621,0.15,9.001
13.622,0.15,9.001
13.623,0.15,9.001
13.624,0.15,9.001
13.625,0.15,9.001
13.626,0.15,9.001
13.627,0.15,9.001
13.628,0.15,9.001
13.629,0.15,9.001
13.63,0.15,9.001
13.631,0.15,9.001
13.632,0.15,9.001
13.633,0.15,9.001
13.634,0.15,9.001
13.635,0.15,9.001
13.636,0.15,9.001
13.637,0.15,9.001
13.638,0.15,9.001
13.639,0.15,9.001
13.64,0.15,9.001
13.641,0.15,9.001
13.642,0.15,9.001
13.643,0.15,9.001
13.644,0.15,9.001
13.645,0.15,9.001
13.646,0.15,9.001
13.647,0.15,9.001
13.648,0.15,9.001
13.649,0.15,9.001
13.65,0.15,9.001
13.651,0.15,9.001
13.652,0.15,9.001
13.653,0.15,9.001
13.654,0.15,9.001
13.655,0.15,9.001
13.656,0.15,9.001
13.657,0.15,9.001
13.658,0.15,9.001
13.659,0.15,9.001
13.66,0.15,9.001
13.661,0.15,9.001
13.662,0.15,9.001
13.663,0.15,9.001
13.664,0.15,9.001
13.665,0.15,9.001
13.666,0.15,9.001
13.667,0.15,9.001
13.668,0.15,9.001
13.669,0.15,9.001
13.67,0.15,9.001
13.671,0.15,9.001
13.672,0.15,9.001
13.673,0.15,9.001
13.674,0.15,9.001
13.675,0.15,9.001
13.676,0.15,9.001
13.677,0.15,9.001
13.678,0.15,9.001
13.679,0.15,9.001
13.68,0.15,9.001
13.681,0.15,9.001
13.682,0.15,9.001
13.683,0.15,9.001
13.684,0.15,9.001
13.685,0.15,9.001
13.686,0.15,9.001
13.687,0.15,9.001
13.688,0.15,9.001
13.689,0.15,9.001
13.69,0.15,9.001
13.691,0.15,9.001
13.692,0.15,9.001
13.693,0.15,9.001
13.694,0.15,9.001
13.695,0.15,9.001
13.696,0.15,9.001
13.697,0.15,9.001
13.698,0.15,9.001
13.699,0.15,9.001
13.7,0.15,9.001
13.701,0.15,9.001
13.702,0.15,9.001
13.703,0.15,9.001
13.704,0.15,9.001
13.705,0.15,9.001
13.706,0.15,9.001
13.707,0.15,9.001
13.708,0.15,9.001
13.709,0.15,9.001
13.71,0.15,9.001
13.711,0.15,9.001
13.712,0.15,9.001
13.713,0.15,9.001
13.714,0.15,9.001
13.715,0.15,9.001
13.716,0.15,9.001
13.717,0.15,9.001
13.718,0.15,9.001
13.719,0.15,9.001
13.72,0.15,9.001
13.721,0.15,9.001
13.722,0.15,9.001
13.723,0.15,9.001
13.724,0.15,9.001
13.725,0.15,9.001
13.726,0.15,9.001
13.727,0.15,9.001
13.728,0.15,9.001
13.729,0.15,9.001
13.73,0.15,9.001
13.731,0.15,9.001
13.732,0.15,9.001
13.733,0.15,9.001
13.734,0.15,9.001
13.735,0.15,9.001
13.736,0.15,9.001
13.737,0.15,9.001
13.738,0.15,9.001
13.739,0.15,9.001
13.74,0.15,9.001
13.741,0.15,9.001
13.742,0.15,9.001
13.743,0.15,9.001
13.744,0.15,9.001
13.745,0.15,9.001
13.746,0.15,9.001
13.747,0.15,9.001
13.748,0.15,9.001
13.749,0.15,9.001
13.75,0.15,9.001
13.751,0.15,9.001
13.752,0.15,9.001
13.753,0.15,9.001
13.754,0.15,9.001
13.755,0.15,9.001
13.756,0.15,9.001
13.757,0.15,9.001
13.758,0.15,9.001
13.759,0.15,9.001
13.76,0.15,9.001
13.761,0.15,9.001
13.762,0.15,9.001
13.763,0.15,9.001
13.764,0.15,9.001
13.765,0.15,9.001
13.766,0.15,9.001
13.767,0.15,9.001
13.768,0.15,9.001
13.769,0.15,9.001
13.77,0.15,9.001
13.771,0.15,9.001
13.772,0.15,9.001
13.773,0.15,9.001
13.774,0.15,9.001
13.775,0.15,9.001
13.776,0.15,9.001
13.777,0.15,9.001
13.778,0.15,9.001
13.779,0.15,9.001
13.78,0.15,9.001
13.781,0.15,9.001
13.782,0.15,9.001
13.783,0.15,9.001
13.784,0.15,9.001
13.785,0.15,9.001
13.786,0.15,9.001
13.787,0.15,9.001
13.788,0.15,9.001
13.789,0.15,9.001
13.79,0.15,9.001
13.791,0.15,9.001
13.792,0.15,9.001
13.793,0.15,9.001
13.794,0.15,9.001
13.795,0.15,9.001
13.796,0.15,9.001
13.797,0.15,9.001
13.798,0.15,9.001
13.799,0.15,9.001
13.8,0.15,9.001
13.801,0.15,9.001
13.802,0.15,9.001
13.803,0.15,9.001
13.804,0.15,9.001
13.805,0.15,9.001
13.806,0.15,9.001
13.807,0.15,9.001
13.808,0.15,9.001
13.809,0.15,9.001
13.81,0.15,9.001
13.811,0.15,9.001
13.812,0.15,9.001
13.813,0.15,9.001
13.814,0.15,9.001
13.815,0.15,9.001
13.816,0.15,9.001
13.817,0.15,9.001
13.818,0.15,9.001
13.819,0.15,9.001
13.82,0.15,9.001
13.821,0.15,9.001
13.822,0.15,9.001
13.823,0.15,9.001
13.824,0.15,9.001
13.825,0.15,9.001
13.826,0.15,9.001
13.827,0.15,9.001
13.828,0.15,9.001
13.829,0.15,9.001
13.83,0.15,9.001
13.831,0.15,9.001
13.832,0.15,9.001
13.833,0.15,9.001
13.834,0.15,9.001
13.835,0.15,9.001
13.836,0.15,9.001
13.837,0.15,9.001
13.838,0.15,9.001
13.839,0.15,9.001
13.84,0.15,9.001
13.841,0.15,9.001
13.842,0.15,9.001
13.843,0.15,9.001
13.844,0.15,9.001
13.845,0.15,9.001
13.846,0.15,9.001
13.847,0.15,9.001
13.848,0.15,9.001
13.849,0.15,9.001
13.85,0.15,9.001
13.851,0.15,9.001
13.852,0.15,9.001
13.853,0.15,9.001
13.854,0.15,9.001
13.855,0.15,9.001
13.856,0.15,9.001
13.857,0.15,9.001
13.858,0.15,9.001
13.859,0.15,9.001
13.86,0.15,9.001
13.861,0.15,9.001
13.862,0.15,9.001
13.863,0.15,9.001
13.864,0.15,9.001
13.865,0.15,9.001
13.866,0.15,9.001
13.867,0.15,9.001
13.868,0.15,9.001
13.869,0.15,9.001
13.87,0.15,9.001
13.871,0.15,9.001
13.872,0.15,9.001
13.873,0.15,9.001
13.874,0.15,9.001
13.875,0.15,9.001
13.876,0.15,9.001
13.877,0.15,9.001
13.878,0.15,9.001
13.879,0.15,9.001
13.88,0.15,9.001
13.881,0.15,9.001
13.882,0.15,9.001
13.883,0.15,9.001
13.884,0.15,9.001
13.885,0.15,9.001
13.886,0.15,9.001
13.887,0.15,9.001
13.888,0.15,9.001
13.889,0.15,9.001
13.89,0.15,9.001
13.891,0.15,9.001
13.892,0.15,9.001
13.893,0.15,9.001
13.894,0.15,9.001
13.895,0.15,9.001
13.896,0.15,9.001
13.897,0.15,9.001
13.898,0.15,9.001
13.899,0.15,9.001
13.9,0.15,9.001
13.901,0.15,9.001
13.902,0.15,9.001
13.903,0.15,9.001
13.904,0.15,9.001
13.905,0.15,9.001
13.906,0.15,9.001
13.907,0.15,9.001
13.908,0.15,9.001
13.909,0.15,9.001
13.91,0.15,9.001
13.911,0.15,9.001
13.912,0.15,9.001
13.913,0.15,9.001
13.914,0.15,9.001
13.915,0.15,9.001
13.916,0.15,9.001
13.917,0.15,9.001
13.918,0.15,9.001
13.919,0.15,9.001
13.92,0.15,9.001
13.921,0.15,9.001
13.922,0.15,9.001
13.923,0.15,9.001
13.924,0.15,9.001
13.925,0.15,9.001
13.926,0.15,9.001
13.927,0.15,9.001
13.928,0.15,9.001
13.929,0.15,9.001
13.93,0.15,9.001
13.931,0.15,9.001
13.932,0.15,9.001
13.933,0.15,9.001
13.934,0.15,9.001
13.935,0.15,9.001
13.936,0.15,9.001
13.937,0.15,9.001
13.938,0.15,9.001
13.939,0.15,9.001
13.94,0.15,9.001
13.941,0.15,9.001
13.942,0.15,9.001
13.943,0.15,9.001
13.944,0.15,9.001
13.945,0.15,9.001
13.946,0.15,9.001
13.947,0.15,9.001
13.948,0.15,9.001
13.949,0.15,9.001
13.95,0.15,9.001
13.951,0.15,9.001
13.952,0.15,9.001
13.953,0.15,9.001
13.954,0.15,9.001
13.955,0.15,9.001
13.956,0.15,9.001
13.957,0.15,9.001
13.958,0.15,9.001
13.959,0.15,9.001
13.96,0.15,9.001
13.961,0.15,9.001
13.962,0.15,9.001
13.963,0.15,9.001
13.964,0.15,9.001
13.965,0.15,9.001
13.966,0.15,9.001
13.967,0.15,9.001
13.968,0.15,9.001
13.969,0.15,9.001
13.97,0.15,9.001
13.971,0.15,9.001
13.972,0.15,9.001
13.973,0.15,9.001
13.974,0.15,9.001
13.975,0.15,9.001
13.976,0.15,9.001
13.977,0.15,9.001
13.978,0.15,9.001
13.979,0.15,9.001
13.98,0.15,9.001
13.981,0.15,9.001
13.982,0.15,9.001
13.983,0.15,9.001
13.984,0.15,9.001
13.985,0.15,9.001
13.986,0.15,9.001
13.987,0.15,9.001
13.988,0.15,9.001
13.989,0.15,9.001
13.99,0.15,9.001
13.991,0.15,9.001
13.992,0.15,9.001
13.993,0.15,9.001
13.994,0.15,9.001
13.995,0.15,9.001
13.996,0.15,9.001
13.997,0.15,9.001
13.998,0.15,9.001
13.999,0.15,9.001
14,0.15,9.001
14.001,0.15,9.001
14.002,0.15,9.001
14.003,0.15,9.001
14.004,0.15,9.001
14.005,0.15,9.001
14.006,0.15,9.001
14.007,0.15,9.001
14.008,0.15,9.001
14.009,0.15,9.001
14.01,0.15,9.001
14.011,0.15,9.001
14.012,0.15,9.001
14.013,0.15,9.001
14.014,0.15,9.001
14.015,0.15,9.001
14.016,0.15,9.001
14.017,0.15,9.001
14.018,0.15,9.001
14.019,0.15,9.001
14.02,0.15,9.001
14.021,0.15,9.001
14.022,0.15,9.001
14.023,0.15,9.001
14.024,0.15,9.001
14.025,0.15,9.001
14.026,0.15,9.001
14.027,0.15,9.001
14.028,0.15,9.001
14.029,0.15,9.001
14.03,0.15,9.001
14.031,0.15,9.001
14.032,0.15,9.001
14.033,0.15,9.001
14.034,0.15,9.001
14.035,0.15,9.001
14.036,0.15,9.001
14.037,0.15,9.001
14.038,0.15,9.001
14.039,0.15,9.001
14.04,0.15,9.001
14.041,0.15,9.001
14.042,0.15,9.001
14.043,0.15,9.001
14.044,0.15,9.001
14.045,0.15,9.001
14.046,0.15,9.001
14.047,0.15,9.001
14.048,0.15,9.001
14.049,0.15,9.001
14.05,0.15,9.001
14.051,0.15,9.001
14.052,0.15,9.001
14.053,0.15,9.001
14.054,0.15,9.001
14.055,0.15,9.001
14.056,0.15,9.001
14.057,0.15,9.001
14.058,0.15,9.001
14.059,0.15,9.001
14.06,0.15,9.001
14.061,0.15,9.001
14.062,0.15,9.001
14.063,0.15,9.001
14.064,0.15,9.001
14.065,0.15,9.001
14.066,0.15,9.001
14.067,0.15,9.001
14.068,0.15,9.001
14.069,0.15,9.001
14.07,0.15,9.001
14.071,0.15,9.001
14.072,0.15,9.001
14.073,0.15,9.001
14.074,0.15,9.001
14.075,0.15,9.001
14.076,0.15,9.001
14.077,0.15,9.001
14.078,0.15,9.001
14.079,0.15,9.001
14.08,0.15,9.001
14.081,0.15,9.001
14.082,0.15,9.001
14.083,0.15,9.001
14.084,0.15,9.001
14.085,0.15,9.001
14.086,0.15,9.001
14.087,0.15,9.001
14.088,0.15,9.001
14.089,0.15,9.001
14.09,0.15,9.001
14.091,0.15,9.001
14.092,0.15,9.001
14.093,0.15,9.001
14.094,0.15,9.001
14.095,0.15,9.001
14.096,0.15,9.001
14.097,0.15,9.001
14.098,0.15,9.001
14.099,0.15,9.001
14.1,0.15,9.001
14.101,0.15,9.001
14.102,0.15,9.001
14.103,0.15,9.001
14.104,0.15,9.001
14.105,0.15,9.001
14.106,0.15,9.001
14.107,0.15,9.001
14.108,0.15,9.001
14.109,0.15,9.001
14.11,0.15,9.001
14.111,0.15,9.001
14.112,0.15,9.001
14.113,0.15,9.001
14.114,0.15,9.001
14.115,0.15,9.001
14.116,0.15,9.001
14.117,0.15,9.001
14.118,0.15,9.001
14.119,0.15,9.001
14.12,0.15,9.001
14.121,0.15,9.001
14.122,0.15,9.001
14.123,0.15,9.001
14.124,0.15,9.001
14.125,0.15,9.001
14.126,0.15,9.001
14.127,0.15,9.001
14.128,0.15,9.001
14.129,0.15,9.001
14.13,0.15,9.001
14.131,0.15,9.001
14.132,0.15,9.001
14.133,0.15,9.001
14.134,0.15,9.001
14.135,0.15,9.001
14.136,0.15,9.001
14.137,0.15,9.001
14.138,0.15,9.001
14.139,0.15,9.001
14.14,0.15,9.001
14.141,0.15,9.001
14.142,0.15,9.001
14.143,0.15,9.001
14.144,0.15,9.001
14.145,0.15,9.001
14.146,0.15,9.001
14.147,0.15,9.001
14.148,0.15,9.001
14.149,0.15,9.001
14.15,0.15,9.001
14.151,0.15,9.001
14.152,0.15,9.001
14.153,0.15,9.001
14.154,0.15,9.001
14.155,0.15,9.001
14.156,0.15,9.001
14.157,0.15,9.001
14.158,0.15,9.001
14.159,0.15,9.001
14.16,0.15,9.001
14.161,0.15,9.001
14.162,0.15,9.001
14.163,0.15,9.001
14.164,0.15,9.001
14.165,0.15,9.001
14.166,0.15,9.001
14.167,0.15,9.001
14.168,0.15,9.001
14.169,0.15,9.001
14.17,0.15,9.001
14.171,0.15,9.001
14.172,0.15,9.001
14.173,0.15,9.001
14.174,0.15,9.001
14.175,0.15,9.001
14.176,0.15,9.001
14.177,0.15,9.001
14.178,0.15,9.001
14.179,0.15,9.001
14.18,0.15,9.001
14.181,0.15,9.001
14.182,0.15,9.001
14.183,0.15,9.001
14.184,0.15,9.001
14.185,0.15,9.001
14.186,0.15,9.001
14.187,0.15,9.001
14.188,0.15,9.001
14.189,0.15,9.001
14.19,0.15,9.001
14.191,0.15,9.001
14.192,0.15,9.001
14.193,0.15,9.001
14.194,0.15,9.001
14.195,0.15,9.001
14.196,0.15,9.001
14.197,0.15,9.001
14.198,0.15,9.001
14.199,0.15,9.001
14.2,0.15,9.001
14.201,0.15,9.001
14.202,0.15,9.001
14.203,0.15,9.001
14.204,0.15,9.001
14.205,0.15,9.001
14.206,0.15,9.001
14.207,0.15,9.001
14.208,0.15,9.001
14.209,0.15,9.001
14.21,0.15,9.001
14.211,0.15,9.001
14.212,0.15,9.001
14.213,0.15,9.001
14.214,0.15,9.001
14.215,0.15,9.001
14.216,0.15,9.001
14.217,0.15,9.001
14.218,0.15,9.001
14.219,0.15,9.001
14.22,0.15,9.001
14.221,0.15,9.001
14.222,0.15,9.001
14.223,0.15,9.001
14.224,0.15,9.001
14.225,0.15,9.001
14.226,0.15,9.001
14.227,0.15,9.001
14.228,0.15,9.001
14.229,0.15,9.001
14.23,0.15,9.001
14.231,0.15,9.001
14.232,0.15,9.001
14.233,0.15,9.001
14.234,0.15,9.001
14.235,0.15,9.001
14.236,0.15,9.001
14.237,0.15,9.001
14.238,0.15,9.001
14.239,0.15,9.001
14.24,0.15,9.001
14.241,0.15,9.001
14.242,0.15,9.001
14.243,0.15,9.001
14.244,0.15,9.001
14.245,0.15,9.001
14.246,0.15,9.001
14.247,0.15,9.001
14.248,0.15,9.001
14.249,0.15,9.001
14.25,0.15,9.001
14.251,0.15,9.001
14.252,0.15,9.001
14.253,0.15,9.001
14.254,0.15,9.001
14.255,0.15,9.001
14.256,0.15,9.001
14.257,0.15,9.001
14.258,0.15,9.001
14.259,0.15,9.001
14.26,0.15,9.001
14.261,0.15,9.001
14.262,0.15,9.001
14.263,0.15,9.001
14.264,0.15,9.001
14.265,0.15,9.001
14.266,0.15,9.001
14.267,0.15,9.001
14.268,0.15,9.001
14.269,0.15,9.001
14.27,0.15,9.001
14.271,0.15,9.001
14.272,0.15,9.001
14.273,0.15,9.001
14.274,0.15,9.001
14.275,0.15,9.001
14.276,0.15,9.001
14.277,0.15,9.001
14.278,0.15,9.001
14.279,0.15,9.001
14.28,0.15,9.001
14.281,0.15,9.001
14.282,0.15,9.001
14.283,0.15,9.001
14.284,0.15,9.001
14.285,0.15,9.001
14.286,0.15,9.001
14.287,0.15,9.001
14.288,0.15,9.001
14.289,0.15,9.001
14.29,0.15,9.001
14.291,0.15,9.001
14.292,0.15,9.001
14.293,0.15,9.001
14.294,0.15,9.001
14.295,0.15,9.001
14.296,0.15,9.001
14.297,0.15,9.001
14.298,0.15,9.001
14.299,0.15,9.001
14.3,0.15,9.001
14.301,0.15,9.001
14.302,0.15,9.001
14.303,0.15,9.001
14.304,0.15,9.001
14.305,0.15,9.001
14.306,0.15,9.001
14.307,0.15,9.001
14.308,0.15,9.001
14.309,0.15,9.001
14.31,0.15,9.001
14.311,0.15,9.001
14.312,0.15,9.001
14.313,0.15,9.001
14.314,0.15,9.001
14.315,0.15,9.001
14.316,0.15,9.001
14.317,0.15,9.001
14.318,0.15,9.001
14.319,0.15,9.001
14.32,0.15,9.001
14.321,0.15,9.001
14.322,0.15,9.001
14.323,0.15,9.001
14.324,0.15,9.001
14.325,0.15,9.001
14.326,0.15,9.001
14.327,0.15,9.001
14.328,0.15,9.001
14.329,0.15,9.001
14.33,0.15,9.001
14.331,0.15,9.001
14.332,0.15,9.001
14.333,0.15,9.001
14.334,0.15,9.001
14.335,0.15,9.001
14.336,0.15,9.001
14.337,0.15,9.001
14.338,0.15,9.001
14.339,0.15,9.001
14.34,0.15,9.001
14.341,0.15,9.001
14.342,0.15,9.001
14.343,0.15,9.001
14.344,0.15,9.001
14.345,0.15,9.001
14.346,0.15,9.001
14.347,0.15,9.001
14.348,0.15,9.001
14.349,0.15,9.001
14.35,0.15,9.001
14.351,0.15,9.001
14.352,0.15,9.001
14.353,0.15,9.001
14.354,0.15,9.001
14.355,0.15,9.001
14.356,0.15,9.001
14.357,0.15,9.001
14.358,0.15,9.001
14.359,0.15,9.001
14.36,0.15,9.001
14.361,0.15,9.001
14.362,0.15,9.001
14.363,0.15,9.001
14.364,0.15,9.001
14.365,0.15,9.001
14.366,0.15,9.001
14.367,0.15,9.001
14.368,0.15,9.001
14.369,0.15,9.001
14.37,0.15,9.001
14.371,0.15,9.001
14.372,0.15,9.001
14.373,0.15,9.001
14.374,0.15,9.001
14.375,0.15,9.001
14.376,0.15,9.001
14.377,0.15,9.001
14.378,0.15,9.001
14.379,0.15,9.001
14.38,0.15,9.001
14.381,0.15,9.001
14.382,0.15,9.001
14.383,0.15,9.001
14.384,0.15,9.001
14.385,0.15,9.001
14.386,0.15,9.001
14.387,0.15,9.001
14.388,0.15,9.001
14.389,0.15,9.001
14.39,0.15,9.001
14.391,0.15,9.001
14.392,0.15,9.001
14.393,0.15,9.001
14.394,0.15,9.001
14.395,0.15,9.001
14.396,0.15,9.001
14.397,0.15,9.001
14.398,0.15,9.001
14.399,0.15,9.001
14.4,0.15,9.001
14.401,0.15,9.001
14.402,0.15,9.001
14.403,0.15,9.001
14.404,0.15,9.001
14.405,0.15,9.001
14.406,0.15,9.001
14.407,0.15,9.001
14.408,0.15,9.001
14.409,0.15,9.001
14.41,0.15,9.001
14.411,0.15,9.001
14.412,0.15,9.001
14.413,0.15,9.001
14.414,0.15,9.001
14.415,0.15,9.001
14.416,0.15,9.001
14.417,0.15,9.001
14.418,0.15,9.001
14.419,0.15,9.001
14.42,0.15,9.001
14.421,0.15,9.001
14.422,0.15,9.001
14.423,0.15,9.001
14.424,0.15,9.001
14.425,0.15,9.001
14.426,0.15,9.001
14.427,0.15,9.001
14.428,0.15,9.001
14.429,0.15,9.001
14.43,0.15,9.001
14.431,0.15,9.001
14.432,0.15,9.001
14.433,0.15,9.001
14.434,0.15,9.001
14.435,0.15,9.001
14.436,0.15,9.001
14.437,0.15,9.001
14.438,0.15,9.001
14.439,0.15,9.001
14.44,0.15,9.001
14.441,0.15,9.001
14.442,0.15,9.001
14.443,0.15,9.001
14.444,0.15,9.001
14.445,0.15,9.001
14.446,0.15,9.001
14.447,0.15,9.001
14.448,0.15,9.001
14.449,0.15,9.001
14.45,0.15,9.001
14.451,0.15,9.001
14.452,0.15,9.001
14.453,0.15,9.001
14.454,0.15,9.001
14.455,0.15,9.001
14.456,0.15,9.001
14.457,0.15,9.001
14.458,0.15,9.001
14.459,0.15,9.001
14.46,0.15,9.001
14.461,0.15,9.001
14.462,0.15,9.001
14.463,0.15,9.001
14.464,0.15,9.001
14.465,0.15,9.001
14.466,0.15,9.001
14.467,0.15,9.001
14.468,0.15,9.001
14.469,0.15,9.001
14.47,0.15,9.001
14.471,0.15,9.001
14.472,0.15,9.001
14.473,0.15,9.001
14.474,0.15,9.001
14.475,0.15,9.001
14.476,0.15,9.001
14.477,0.15,9.001
14.478,0.15,9.001
14.479,0.15,9.001
14.48,0.15,9.001
14.481,0.15,9.001
14.482,0.15,9.001
14.483,0.15,9.001
14.484,0.15,9.001
14.485,0.15,9.001
14.486,0.15,9.001
14.487,0.15,9.001
14.488,0.15,9.001
14.489,0.15,9.001
14.49,0.15,9.001
14.491,0.15,9.001
14.492,0.15,9.001
14.493,0.15,9.001
14.494,0.15,9.001
14.495,0.15,9.001
14.496,0.15,9.001
14.497,0.15,9.001
14.498,0.15,9.001
14.499,0.15,9.001
14.5,0.15,9.001
14.501,0.15,9.001
14.502,0.15,9.001
14.503,0.15,9.001
14.504,0.15,9.001
14.505,0.15,9.001
14.506,0.15,9.001
14.507,0.15,9.001
14.508,0.15,9.001
14.509,0.15,9.001
14.51,0.15,9.001
14.511,0.15,9.001
14.512,0.15,9.001
14.513,0.15,9.001
14.514,0.15,9.001
14.515,0.15,9.001
14.516,0.15,9.001
14.517,0.15,9.001
14.518,0.15,9.001
14.519,0.15,9.001
14.52,0.15,9.001
14.521,0.15,9.001
14.522,0.15,9.001
14.523,0.15,9.001
14.524,0.15,9.001
14.525,0.15,9.001
14.526,0.15,9.001
14.527,0.15,9.001
14.528,0.15,9.001
14.529,0.15,9.001
14.53,0.15,9.001
14.531,0.15,9.001
14.532,0.15,9.001
14.533,0.15,9.001
14.534,0.15,9.001
14.535,0.15,9.001
14.536,0.15,9.001
14.537,0.15,9.001
14.538,0.15,9.001
14.539,0.15,9.001
14.54,0.15,9.001
14.541,0.15,9.001
14.542,0.15,9.001
14.543,0.15,9.001
14.544,0.15,9.001
14.545,0.15,9.001
14.546,0.15,9.001
14.547,0.15,9.001
14.548,0.15,9.001
14.549,0.15,9.001
14.55,0.15,9.001
14.551,0.15,9.001
14.552,0.15,9.001
14.553,0.15,9.001
14.554,0.15,9.001
14.555,0.15,9.001
14.556,0.15,9.001
14.557,0.15,9.001
14.558,0.15,9.001
14.559,0.15,9.001
14.56,0.15,9.001
14.561,0.15,9.001
14.562,0.15,9.001
14.563,0.15,9.001
14.564,0.15,9.001
14.565,0.15,9.001
14.566,0.15,9.001
14.567,0.15,9.001
14.568,0.15,9.001
14.569,0.15,9.001
14.57,0.15,9.001
14.571,0.15,9.001
14.572,0.15,9.001
14.573,0.15,9.001
14.574,0.15,9.001
14.575,0.15,9.001
14.576,0.15,9.001
14.577,0.15,9.001
14.578,0.15,9.001
14.579,0.15,9.001
14.58,0.15,9.001
14.581,0.15,9.001
14.582,0.15,9.001
14.583,0.15,9.001
14.584,0.15,9.001
14.585,0.15,9.001
14.586,0.15,9.001
14.587,0.15,9.001
14.588,0.15,9.001
14.589,0.15,9.001
14.59,0.15,9.001
14.591,0.15,9.001
14.592,0.15,9.001
14.593,0.15,9.001
14.594,0.15,9.001
14.595,0.15,9.001
14.596,0.15,9.001
14.597,0.15,9.001
14.598,0.15,9.001
14.599,0.15,9.001
14.6,0.15,9.001
14.601,0.15,9.001
14.602,0.15,9.001
14.603,0.15,9.001
14.604,0.15,9.001
14.605,0.15,9.001
14.606,0.15,9.001
14.607,0.15,9.001
14.608,0.15,9.001
14.609,0.15,9.001
14.61,0.15,9.001
14.611,0.15,9.001
14.612,0.15,9.001
14.613,0.15,9.001
14.614,0.15,9.001
14.615,0.15,9.001
14.616,0.15,9.001
14.617,0.15,9.001
14.618,0.15,9.001
14.619,0.15,9.001
14.62,0.15,9.001
14.621,0.15,9.001
14.622,0.15,9.001
14.623,0.15,9.001
14.624,0.15,9.001
14.625,0.15,9.001
14.626,0.15,9.001
14.627,0.15,9.001
14.628,0.15,9.001
14.629,0.15,9.001
14.63,0.15,9.001
14.631,0.15,9.001
14.632,0.15,9.001
14.633,0.15,9.001
14.634,0.15,9.001
14.635,0.15,9.001
14.636,0.15,9.001
14.637,0.15,9.001
14.638,0.15,9.001
14.639,0.15,9.001
14.64,0.15,9.001
14.641,0.15,9.001
14.642,0.15,9.001
14.643,0.15,9.001
14.644,0.15,9.001
14.645,0.15,9.001
14.646,0.15,9.001
14.647,0.15,9.001
14.648,0.15,9.001
14.649,0.15,9.001
14.65,0.15,9.001
14.651,0.15,9.001
14.652,0.15,9.001
14.653,0.15,9.001
14.654,0.15,9.001
14.655,0.15,9.001
14.656,0.15,9.001
14.657,0.15,9.001
14.658,0.15,9.001
14.659,0.15,9.001
14.66,0.15,9.001
14.661,0.15,9.001
14.662,0.15,9.001
14.663,0.15,9.001
14.664,0.15,9.001
14.665,0.15,9.001
14.666,0.15,9.001
14.667,0.15,9.001
14.668,0.15,9.001
14.669,0.15,9.001
14.67,0.15,9.001
14.671,0.15,9.001
14.672,0.15,9.001
14.673,0.15,9.001
14.674,0.15,9.001
14.675,0.15,9.001
14.676,0.15,9.001
14.677,0.15,9.001
14.678,0.15,9.001
14.679,0.15,9.001
14.68,0.15,9.001
14.681,0.15,9.001
14.682,0.15,9.001
14.683,0.15,9.001
14.684,0.15,9.001
14.685,0.15,9.001
14.686,0.15,9.001
14.687,0.15,9.001
14.688,0.15,9.001
14.689,0.15,9.001
14.69,0.15,9.001
14.691,0.15,9.001
14.692,0.15,9.001
14.693,0.15,9.001
14.694,0.15,9.001
14.695,0.15,9.001
14.696,0.15,9.001
14.697,0.15,9.001
14.698,0.15,9.001
14.699,0.15,9.001
14.7,0.15,9.001
14.701,0.15,9.001
14.702,0.15,9.001
14.703,0.15,9.001
14.704,0.15,9.001
14.705,0.15,9.001
14.706,0.15,9.001
14.707,0.15,9.001
14.708,0.15,9.001
14.709,0.15,9.001
14.71,0.15,9.001
14.711,0.15,9.001
14.712,0.15,9.001
14.713,0.15,9.001
14.714,0.15,9.001
14.715,0.15,9.001
14.716,0.15,9.001
14.717,0.15,9.001
14.718,0.15,9.001
14.719,0.15,9.001
14.72,0.15,9.001
14.721,0.15,9.001
14.722,0.15,9.001
14.723,0.15,9.001
14.724,0.15,9.001
14.725,0.15,9.001
14.726,0.15,9.001
14.727,0.15,9.001
14.728,0.15,9.001
14.729,0.15,9.001
14.73,0.15,9.001
14.731,0.15,9.001
14.732,0.15,9.001
14.733,0.15,9.001
14.734,0.15,9.001
14.735,0.15,9.001
14.736,0.15,9.001
14.737,0.15,9.001
14.738,0.15,9.001
14.739,0.15,9.001
14.74,0.15,9.001
14.741,0.15,9.001
14.742,0.15,9.001
14.743,0.15,9.001
14.744,0.15,9.001
14.745,0.15,9.001
14.746,0.15,9.001
14.747,0.15,9.001
14.748,0.15,9.001
14.749,0.15,9.001
14.75,0.15,9.001
14.751,0.15,9.001
14.752,0.15,9.001
14.753,0.15,9.001
14.754,0.15,9.001
14.755,0.15,9.001
14.756,0.15,9.001
14.757,0.15,9.001
14.758,0.15,9.001
14.759,0.15,9.001
14.76,0.15,9.001
14.761,0.15,9.001
14.762,0.15,9.001
14.763,0.15,9.001
14.764,0.15,9.001
14.765,0.15,9.001
14.766,0.15,9.001
14.767,0.15,9.001
14.768,0.15,9.001
14.769,0.15,9.001
14.77,0.15,9.001
14.771,0.15,9.001
14.772,0.15,9.001
14.773,0.15,9.001
14.774,0.15,9.001
14.775,0.15,9.001
14.776,0.15,9.001
14.777,0.15,9.001
14.778,0.15,9.001
14.779,0.15,9.001
14.78,0.15,9.001
14.781,0.15,9.001
14.782,0.15,9.001
14.783,0.15,9.001
14.784,0.15,9.001
14.785,0.15,9.001
14.786,0.15,9.001
14.787,0.15,9.001
14.788,0.15,9.001
14.789,0.15,9.001
14.79,0.15,9.001
14.791,0.15,9.001
14.792,0.15,9.001
14.793,0.15,9.001
14.794,0.15,9.001
14.795,0.15,9.001
14.796,0.15,9.001
14.797,0.15,9.001
14.798,0.15,9.001
14.799,0.15,9.001
14.8,0.15,9.001
14.801,0.15,9.001
14.802,0.15,9.001
14.803,0.15,9.001
14.804,0.15,9.001
14.805,0.15,9.001
14.806,0.15,9.001
14.807,0.15,9.001
14.808,0.15,9.001
14.809,0.15,9.001
14.81,0.15,9.001
14.811,0.15,9.001
14.812,0.15,9.001
14.813,0.15,9.001
14.814,0.15,9.001
14.815,0.15,9.001
14.816,0.15,9.001
14.817,0.15,9.001
14.818,0.15,9.001
14.819,0.15,9.001
14.82,0.15,9.001
14.821,0.15,9.001
14.822,0.15,9.001
14.823,0.15,9.001
14.824,0.15,9.001
14.825,0.15,9.001
14.826,0.15,9.001
14.827,0.15,9.001
14.828,0.15,9.001
14.829,0.15,9.001
14.83,0.15,9.001
14.831,0.15,9.001
14.832,0.15,9.001
14.833,0.15,9.001
14.834,0.15,9.001
14.835,0.15,9.001
14.836,0.15,9.001
14.837,0.15,9.001
14.838,0.15,9.001
14.839,0.15,9.001
14.84,0.15,9.001
14.841,0.15,9.001
14.842,0.15,9.001
14.843,0.15,9.001
14.844,0.15,9.001
14.845,0.15,9.001
14.846,0.15,9.001
14.847,0.15,9.001
14.848,0.15,9.001
14.849,0.15,9.001
14.85,0.15,9.001
14.851,0.15,9.001
14.852,0.15,9.001
14.853,0.15,9.001
14.854,0.15,9.001
14.855,0.15,9.001
14.856,0.15,9.001
14.857,0.15,9.001
14.858,0.15,9.001
14.859,0.15,9.001
14.86,0.15,9.001
14.861,0.15,9.001
14.862,0.15,9.001
14.863,0.15,9.001
14.864,0.15,9.001
14.865,0.15,9.001
14.866,0.15,9.001
14.867,0.15,9.001
14.868,0.15,9.001
14.869,0.15,9.001
14.87,0.15,9.001
14.871,0.15,9.001
14.872,0.15,9.001
14.873,0.15,9.001
14.874,0.15,9.001
14.875,0.15,9.001
14.876,0.15,9.001
14.877,0.15,9.001
14.878,0.15,9.001
14.879,0.15,9.001
14.88,0.15,9.001
14.881,0.15,9.001
14.882,0.15,9.001
14.883,0.15,9.001
14.884,0.15,9.001
14.885,0.15,9.001
14.886,0.15,9.001
14.887,0.15,9.001
14.888,0.15,9.001
14.889,0.15,9.001
14.89,0.15,9.001
14.891,0.15,9.001
14.892,0.15,9.001
14.893,0.15,9.001
14.894,0.15,9.001
14.895,0.15,9.001
14.896,0.15,9.001
14.897,0.15,9.001
14.898,0.15,9.001
14.899,0.15,9.001
14.9,0.15,9.001
14.901,0.15,9.001
14.902,0.15,9.001
14.903,0.15,9.001
14.904,0.15,9.001
14.905,0.15,9.001
14.906,0.15,9.001
14.907,0.15,9.001
14.908,0.15,9.001
14.909,0.15,9.001
14.91,0.15,9.001
14.911,0.15,9.001
14.912,0.15,9.001
14.913,0.15,9.001
14.914,0.15,9.001
14.915,0.15,9.001
14.916,0.15,9.001
14.917,0.15,9.001
14.918,0.15,9.001
14.919,0.15,9.001
14.92,0.15,9.001
14.921,0.15,9.001
14.922,0.15,9.001
14.923,0.15,9.001
14.924,0.15,9.001
14.925,0.15,9.001
14.926,0.15,9.001
14.927,0.15,9.001
14.928,0.15,9.001
14.929,0.15,9.001
14.93,0.15,9.001
14.931,0.15,9.001
14.932,0.15,9.001
14.933,0.15,9.001
14.934,0.15,9.001
14.935,0.15,9.001
14.936,0.15,9.001
14.937,0.15,9.001
14.938,0.15,9.001
14.939,0.15,9.001
14.94,0.15,9.001
14.941,0.15,9.001
14.942,0.15,9.001
14.943,0.15,9.001
14.944,0.15,9.001
14.945,0.15,9.001
14.946,0.15,9.001
14.947,0.15,9.001
14.948,0.15,9.001
14.949,0.15,9.001
14.95,0.15,9.001
14.951,0.15,9.001
14.952,0.15,9.001
14.953,0.15,9.001
14.954,0.15,9.001
14.955,0.15,9.001
14.956,0.15,9.001
14.957,0.15,9.001
14.958,0.15,9.001
14.959,0.15,9.001
14.96,0.15,9.001
14.961,0.15,9.001
14.962,0.15,9.001
14.963,0.15,9.001
14.964,0.15,9.001
14.965,0.15,9.001
14.966,0.15,9.001
14.967,0.15,9.001
14.968,0.15,9.001
14.969,0.15,9.001
14.97,0.15,9.001
14.971,0.15,9.001
14.972,0.15,9.001
14.973,0.15,9.001
14.974,0.15,9.001
14.975,0.15,9.001
14.976,0.15,9.001
14.977,0.15,9.001
14.978,0.15,9.001
14.979,0.15,9.001
14.98,0.15,9.001
14.981,0.15,9.001
14.982,0.15,9.001
14.983,0.15,9.001
14.984,0.15,9.001
14.985,0.15,9.001
14.986,0.15,9.001
14.987,0.15,9.001
14.988,0.15,9.001
14.989,0.15,9.001
14.99,0.15,9.001
14.991,0.15,9.001
14.992,0.15,9.001
14.993,0.15,9.001
14.994,0.15,9.001
14.995,0.15,9.001
14.996,0.15,9.001
14.997,0.15,9.001
14.998,0.15,9.001
14.999,0.15,9.001
15,0.15,9.001
